layer,neuron,primary_concept,primary_AP,secondary_concept,secondary_AP,polarity_score,polarity_flag
5,0,marriage,0.2421052631578947,female,0.2285714285714285,0.05590062088711872,two-strong
5,1,marriage,0.2421052631578947,female,0.2285714285714285,0.05590062088711872,two-strong
5,2,marriage,0.2421052631578947,female,0.2285714285714285,0.05590062088711872,two-strong
5,3,marriage,0.2421052631578947,female,0.2285714285714285,0.05590062088711872,two-strong
5,4,marriage,0.2640525923218392,emotion,0.1764485802851657,0.3317672852010121,leaning
5,5,marriage,0.2421052631578947,female,0.2285714285714285,0.05590062088711872,two-strong
5,6,marriage,0.2421052631578947,female,0.2285714285714285,0.05590062088711872,two-strong
5,7,marriage,0.2421052631578947,female,0.2285714285714285,0.05590062088711872,two-strong
5,8,marriage,0.2421052631578947,female,0.2285714285714285,0.05590062088711872,two-strong
5,9,marriage,0.2421052631578947,female,0.2285714285714285,0.05590062088711872,two-strong
5,10,marriage,0.2421052631578947,female,0.2285714285714285,0.05590062088711872,two-strong
5,11,marriage,0.2421052631578947,female,0.2285714285714285,0.05590062088711872,two-strong
5,12,marriage,0.2421052631578947,female,0.2285714285714285,0.05590062088711872,two-strong
5,13,marriage,0.2421052631578947,female,0.2285714285714285,0.05590062088711872,two-strong
5,14,marriage,0.2421052631578947,female,0.2285714285714285,0.05590062088711872,two-strong
5,15,marriage,0.2421052631578947,female,0.2285714285714285,0.05590062088711872,two-strong
5,16,marriage,0.2421052631578947,female,0.2285714285714285,0.05590062088711872,two-strong
5,17,marriage,0.2421052631578947,female,0.2285714285714285,0.05590062088711872,two-strong
5,18,marriage,0.2421052631578947,female,0.2285714285714285,0.05590062088711872,two-strong
5,19,marriage,0.2421052631578947,female,0.2285714285714285,0.05590062088711872,two-strong
5,20,marriage,0.2421052631578947,female,0.2285714285714285,0.05590062088711872,two-strong
5,21,marriage,0.2421052631578947,female,0.2285714285714285,0.05590062088711872,two-strong
5,22,marriage,0.2421052631578947,female,0.2285714285714285,0.05590062088711872,two-strong
5,23,marriage,0.2421052631578947,female,0.2285714285714285,0.05590062088711872,two-strong
5,24,marriage,0.2421052631578947,female,0.2285714285714285,0.05590062088711872,two-strong
5,25,marriage,0.2421052631578947,female,0.2285714285714285,0.05590062088711872,two-strong
5,26,marriage,0.2421052631578947,female,0.2285714285714285,0.05590062088711872,two-strong
5,27,marriage,0.2421052631578947,female,0.2285714285714285,0.05590062088711872,two-strong
5,28,marriage,0.2421052631578947,female,0.2285714285714285,0.05590062088711872,two-strong
5,29,marriage,0.2421052631578947,female,0.2285714285714285,0.05590062088711872,two-strong
5,30,love,0.1596459178494844,,,0.999999993736138,dominant
5,31,marriage,0.2421052631578947,female,0.2285714285714285,0.05590062088711872,two-strong
5,32,marriage,0.2421052631578947,female,0.2285714285714285,0.05590062088711872,two-strong
5,33,marriage,0.2421052631578947,female,0.2285714285714285,0.05590062088711872,two-strong
5,34,marriage,0.2421052631578947,female,0.2285714285714285,0.05590062088711872,two-strong
5,35,marriage,0.2421052631578947,female,0.2285714285714285,0.05590062088711872,two-strong
5,36,emotion,0.1829535424068852,,,0.9999999945341316,dominant
5,37,marriage,0.2421052631578947,female,0.2285714285714285,0.05590062088711872,two-strong
5,38,marriage,0.2421052631578947,female,0.2285714285714285,0.05590062088711872,two-strong
5,39,marriage,0.2421052631578947,female,0.2285714285714285,0.05590062088711872,two-strong
5,40,marriage,0.2421052631578947,female,0.2285714285714285,0.05590062088711872,two-strong
5,41,marriage,0.2421052631578947,female,0.2285714285714285,0.05590062088711872,two-strong
5,42,marriage,0.2421052631578947,female,0.2285714285714285,0.05590062088711872,two-strong
5,43,marriage,0.2421052631578947,female,0.2285714285714285,0.05590062088711872,two-strong
5,44,society,0.2331491897683139,class,0.1545821624768993,0.3369817713392306,leaning
5,45,marriage,0.2421052631578947,female,0.2285714285714285,0.05590062088711872,two-strong
5,46,marriage,0.2421052631578947,female,0.2285714285714285,0.05590062088711872,two-strong
5,47,marriage,0.2421052631578947,female,0.2285714285714285,0.05590062088711872,two-strong
5,48,marriage,0.2421052631578947,female,0.2285714285714285,0.05590062088711872,two-strong
5,49,marriage,0.2421052631578947,female,0.2285714285714285,0.05590062088711872,two-strong
5,50,marriage,0.2421052631578947,female,0.2285714285714285,0.05590062088711872,two-strong
5,51,marriage,0.2421052631578947,female,0.2285714285714285,0.05590062088711872,two-strong
5,52,marriage,0.2506357621990466,female,0.2414083940456944,0.03681584796828909,two-strong
5,53,marriage,0.2421052631578947,female,0.2285714285714285,0.05590062088711872,two-strong
5,54,marriage,0.2421052631578947,female,0.2285714285714285,0.05590062088711872,two-strong
5,55,marriage,0.2421052631578947,female,0.2285714285714285,0.05590062088711872,two-strong
5,56,marriage,0.2421052631578947,female,0.2285714285714285,0.05590062088711872,two-strong
5,57,marriage,0.2421052631578947,female,0.2285714285714285,0.05590062088711872,two-strong
5,58,marriage,0.2421052631578947,female,0.2285714285714285,0.05590062088711872,two-strong
5,59,marriage,0.2421052631578947,female,0.2285714285714285,0.05590062088711872,two-strong
5,60,female,0.3615033234089021,male,0.2721086668199605,0.24728584926601097,leaning
5,61,marriage,0.2421052631578947,female,0.2285714285714285,0.05590062088711872,two-strong
5,62,marriage,0.2421052631578947,female,0.2285714285714285,0.05590062088711872,two-strong
5,63,marriage,0.2421052631578947,female,0.2285714285714285,0.05590062088711872,two-strong
5,64,marriage,0.2421052631578947,female,0.2285714285714285,0.05590062088711872,two-strong
5,65,marriage,0.2421052631578947,female,0.2285714285714285,0.05590062088711872,two-strong
5,66,marriage,0.2421052631578947,female,0.2285714285714285,0.05590062088711872,two-strong
5,67,marriage,0.2421052631578947,female,0.2285714285714285,0.05590062088711872,two-strong
5,68,marriage,0.2421052631578947,female,0.2285714285714285,0.05590062088711872,two-strong
5,69,marriage,0.2421052631578947,female,0.2285714285714285,0.05590062088711872,two-strong
5,70,marriage,0.2421052631578947,female,0.2285714285714285,0.05590062088711872,two-strong
5,71,marriage,0.2421052631578947,female,0.2285714285714285,0.05590062088711872,two-strong
5,72,marriage,0.2421052631578947,female,0.2285714285714285,0.05590062088711872,two-strong
5,73,marriage,0.2421052631578947,female,0.2285714285714285,0.05590062088711872,two-strong
5,74,marriage,0.2421052631578947,female,0.2285714285714285,0.05590062088711872,two-strong
5,75,marriage,0.2421052631578947,female,0.2285714285714285,0.05590062088711872,two-strong
5,76,emotion,0.3528846892974209,,,0.999999997166213,dominant
5,77,marriage,0.2421052631578947,female,0.2285714285714285,0.05590062088711872,two-strong
5,78,marriage,0.2421052631578947,female,0.2285714285714285,0.05590062088711872,two-strong
5,79,marriage,0.2421052631578947,female,0.2285714285714285,0.05590062088711872,two-strong
5,80,marriage,0.2421146032783822,female,0.2285714285714285,0.05593704166387999,two-strong
5,81,marriage,0.2421052631578947,female,0.2285714285714285,0.05590062088711872,two-strong
5,82,marriage,0.2421052631578947,female,0.2285714285714285,0.05590062088711872,two-strong
5,83,male,0.2095238095238095,family,0.1996461742591773,0.04714325899256086,two-strong
5,84,marriage,0.2421052631578947,female,0.2285714285714285,0.05590062088711872,two-strong
5,85,marriage,0.2421052631578947,female,0.2285714285714285,0.05590062088711872,two-strong
5,86,marriage,0.2421052631578947,female,0.2285714285714285,0.05590062088711872,two-strong
5,87,marriage,0.2421052631578947,female,0.2285714285714285,0.05590062088711872,two-strong
5,88,marriage,0.2421052631578947,female,0.2285714285714285,0.05590062088711872,two-strong
5,89,marriage,0.2421052631578947,female,0.2285714285714285,0.05590062088711872,two-strong
5,90,marriage,0.2421052631578947,female,0.2285714285714285,0.05590062088711872,two-strong
5,91,marriage,0.2421052631578947,female,0.2285714285714285,0.05590062088711872,two-strong
5,92,marriage,0.2421052631578947,female,0.2285714285714285,0.05590062088711872,two-strong
5,93,marriage,0.2421052631578947,female,0.2285714285714285,0.05590062088711872,two-strong
5,94,marriage,0.2421052631578947,female,0.2285714285714285,0.05590062088711872,two-strong
5,95,marriage,0.2421052631578947,female,0.2285714285714285,0.05590062088711872,two-strong
5,96,marriage,0.2421052631578947,female,0.2285714285714285,0.05590062088711872,two-strong
5,97,marriage,0.2421052631578947,female,0.2285714285714285,0.05590062088711872,two-strong
5,98,marriage,0.2421052631578947,female,0.2285714285714285,0.05590062088711872,two-strong
5,99,marriage,0.2421052631578947,female,0.2285714285714285,0.05590062088711872,two-strong
5,100,marriage,0.2421052631578947,female,0.2285714285714285,0.05590062088711872,two-strong
5,101,marriage,0.2421052631578947,female,0.2285714285714285,0.05590062088711872,two-strong
5,102,marriage,0.2421052631578947,female,0.2285714285714285,0.05590062088711872,two-strong
5,103,marriage,0.2421052631578947,female,0.2285714285714285,0.05590062088711872,two-strong
5,104,marriage,0.2421052631578947,female,0.2285714285714285,0.05590062088711872,two-strong
5,105,marriage,0.2421052631578947,female,0.2285714285714285,0.05590062088711872,two-strong
5,106,marriage,0.2421052631578947,female,0.2285714285714285,0.05590062088711872,two-strong
5,107,marriage,0.2421052631578947,female,0.2285714285714285,0.05590062088711872,two-strong
5,108,marriage,0.2421052631578947,female,0.2285714285714285,0.05590062088711872,two-strong
5,109,marriage,0.2421052631578947,female,0.2285714285714285,0.05590062088711872,two-strong
5,110,marriage,0.2421052631578947,female,0.2285714285714285,0.05590062088711872,two-strong
5,111,marriage,0.2421052631578947,female,0.2285714285714285,0.05590062088711872,two-strong
5,112,marriage,0.2421052631578947,female,0.2285714285714285,0.05590062088711872,two-strong
5,113,marriage,0.2421052631578947,female,0.2285714285714285,0.05590062088711872,two-strong
5,114,marriage,0.2421052631578947,female,0.2285714285714285,0.05590062088711872,two-strong
5,115,marriage,0.2421052631578947,female,0.2285714285714285,0.05590062088711872,two-strong
5,116,marriage,0.2421052631578947,female,0.2285714285714285,0.05590062088711872,two-strong
5,117,marriage,0.2477933965348153,female,0.2283834586466165,0.0783311342485293,two-strong
5,118,marriage,0.2421052631578947,female,0.2285714285714285,0.05590062088711872,two-strong
5,119,marriage,0.2421052631578947,female,0.2285714285714285,0.05590062088711872,two-strong
5,120,marriage,0.2421052631578947,female,0.2285714285714285,0.05590062088711872,two-strong
5,121,marriage,0.2421052631578947,female,0.2285714285714285,0.05590062088711872,two-strong
5,122,marriage,0.2421052631578947,female,0.2285714285714285,0.05590062088711872,two-strong
5,123,marriage,0.2406856605832195,female,0.2312432730558698,0.03923120083364371,two-strong
5,124,marriage,0.2421052631578947,female,0.2285714285714285,0.05590062088711872,two-strong
5,125,female,0.320670450554171,family,0.2932150975392944,0.08561859342452859,two-strong
5,126,marriage,0.2421052631578947,female,0.2285714285714285,0.05590062088711872,two-strong
5,127,marriage,0.2421052631578947,female,0.2285714285714285,0.05590062088711872,two-strong
5,128,marriage,0.2421052631578947,female,0.2285714285714285,0.05590062088711872,two-strong
5,129,marriage,0.2421052631578947,female,0.2285714285714285,0.05590062088711872,two-strong
5,130,marriage,0.2421052631578947,female,0.2285714285714285,0.05590062088711872,two-strong
5,131,marriage,0.2421052631578947,female,0.2285714285714285,0.05590062088711872,two-strong
5,132,marriage,0.2421052631578947,female,0.2285714285714285,0.05590062088711872,two-strong
5,133,marriage,0.2421052631578947,female,0.2285714285714285,0.05590062088711872,two-strong
5,134,marriage,0.2421052631578947,female,0.2285714285714285,0.05590062088711872,two-strong
5,135,marriage,0.2421052631578947,female,0.2285714285714285,0.05590062088711872,two-strong
5,136,marriage,0.2421052631578947,female,0.2285714285714285,0.05590062088711872,two-strong
5,137,marriage,0.2421052631578947,female,0.2285714285714285,0.05590062088711872,two-strong
5,138,marriage,0.2421052631578947,female,0.2285714285714285,0.05590062088711872,two-strong
5,139,marriage,0.2421052631578947,female,0.2285714285714285,0.05590062088711872,two-strong
5,140,marriage,0.2421052631578947,female,0.2285714285714285,0.05590062088711872,two-strong
5,141,marriage,0.2421052631578947,female,0.2285714285714285,0.05590062088711872,two-strong
5,142,marriage,0.2421052631578947,female,0.2285714285714285,0.05590062088711872,two-strong
5,143,marriage,0.2421052631578947,female,0.2285714285714285,0.05590062088711872,two-strong
5,144,marriage,0.2421052631578947,female,0.2285714285714285,0.05590062088711872,two-strong
5,145,marriage,0.2421052631578947,female,0.2285714285714285,0.05590062088711872,two-strong
5,146,marriage,0.2421052631578947,female,0.2285714285714285,0.05590062088711872,two-strong
5,147,marriage,0.364093791523431,wealth,0.2012591724614119,0.44723261534743136,leaning
5,148,marriage,0.2421052631578947,female,0.2285714285714285,0.05590062088711872,two-strong
5,149,marriage,0.2920042796721734,society,0.2612701503219784,0.10525232465581383,two-strong
5,150,marriage,0.2421052631578947,female,0.2285714285714285,0.05590062088711872,two-strong
5,151,marriage,0.2421052631578947,female,0.2285714285714285,0.05590062088711872,two-strong
5,152,male,0.2060150375939849,,,0.9999999951459855,dominant
5,153,marriage,0.2421052631578947,female,0.2285714285714285,0.05590062088711872,two-strong
5,154,marriage,0.2421052631578947,female,0.2285714285714285,0.05590062088711872,two-strong
5,155,marriage,0.2421052631578947,female,0.2285714285714285,0.05590062088711872,two-strong
5,156,marriage,0.2421052631578947,female,0.2285714285714285,0.05590062088711872,two-strong
5,157,marriage,0.2421052631578947,female,0.2285714285714285,0.05590062088711872,two-strong
5,158,marriage,0.2421052631578947,female,0.2285714285714285,0.05590062088711872,two-strong
5,159,family,0.2140593079336998,duty,0.1326551673300899,0.38028778570346156,leaning
5,160,marriage,0.2421052631578947,female,0.2285714285714285,0.05590062088711872,two-strong
5,161,marriage,0.2421052631578947,female,0.2285714285714285,0.05590062088711872,two-strong
5,162,marriage,0.2421052631578947,female,0.2285714285714285,0.05590062088711872,two-strong
5,163,emotion,0.1887155906294662,,,0.9999999947010207,dominant
5,164,marriage,0.2421052631578947,female,0.2285714285714285,0.05590062088711872,two-strong
5,165,marriage,0.2421052631578947,female,0.2285714285714285,0.05590062088711872,two-strong
5,166,marriage,0.2421052631578947,female,0.2285714285714285,0.05590062088711872,two-strong
5,167,marriage,0.2421052631578947,female,0.2285714285714285,0.05590062088711872,two-strong
5,168,marriage,0.2421052631578947,female,0.2285714285714285,0.05590062088711872,two-strong
5,169,marriage,0.2421052631578947,female,0.2285714285714285,0.05590062088711872,two-strong
5,170,marriage,0.2468126838836221,family,0.1905425328025947,0.22798727345622483,leaning
5,171,marriage,0.2421052631578947,female,0.2285714285714285,0.05590062088711872,two-strong
5,172,marriage,0.2421052631578947,female,0.2285714285714285,0.05590062088711872,two-strong
5,173,marriage,0.2421052631578947,female,0.2285714285714285,0.05590062088711872,two-strong
5,174,marriage,0.2421052631578947,female,0.2285714285714285,0.05590062088711872,two-strong
5,175,marriage,0.2421052631578947,female,0.2285714285714285,0.05590062088711872,two-strong
5,176,marriage,0.2421052631578947,female,0.2285714285714285,0.05590062088711872,two-strong
5,177,marriage,0.2421052631578947,female,0.2285714285714285,0.05590062088711872,two-strong
5,178,marriage,0.2421052631578947,female,0.2285714285714285,0.05590062088711872,two-strong
5,179,marriage,0.2421052631578947,female,0.2285714285714285,0.05590062088711872,two-strong
5,180,marriage,0.2421052631578947,female,0.2285714285714285,0.05590062088711872,two-strong
5,181,marriage,0.2421052631578947,female,0.2285714285714285,0.05590062088711872,two-strong
5,182,marriage,0.2421052631578947,female,0.2285714285714285,0.05590062088711872,two-strong
5,183,marriage,0.2421052631578947,female,0.2285714285714285,0.05590062088711872,two-strong
5,184,marriage,0.2421052631578947,female,0.2285714285714285,0.05590062088711872,two-strong
5,185,marriage,0.2421052631578947,female,0.2285714285714285,0.05590062088711872,two-strong
5,186,marriage,0.2421052631578947,female,0.2285714285714285,0.05590062088711872,two-strong
5,187,marriage,0.2421052631578947,female,0.2285714285714285,0.05590062088711872,two-strong
5,188,marriage,0.2421052631578947,female,0.2285714285714285,0.05590062088711872,two-strong
5,189,marriage,0.2421052631578947,female,0.2285714285714285,0.05590062088711872,two-strong
5,190,marriage,0.2421052631578947,female,0.2285714285714285,0.05590062088711872,two-strong
5,191,marriage,0.2421052631578947,female,0.2336466165413533,0.034937888054449355,two-strong
5,192,marriage,0.2421052631578947,female,0.2285714285714285,0.05590062088711872,two-strong
5,193,marriage,0.2421052631578947,female,0.2285714285714285,0.05590062088711872,two-strong
5,194,marriage,0.2421052631578947,female,0.2285714285714285,0.05590062088711872,two-strong
5,195,marriage,0.2426718971341397,female,0.2287124060150376,0.05752413537139697,two-strong
5,196,marriage,0.2421052631578947,female,0.2285714285714285,0.05590062088711872,two-strong
5,197,marriage,0.2421052631578947,female,0.2285714285714285,0.05590062088711872,two-strong
5,198,marriage,0.2421052631578947,female,0.2285714285714285,0.05590062088711872,two-strong
5,199,marriage,0.2421052631578947,female,0.2285714285714285,0.05590062088711872,two-strong
5,200,marriage,0.2421052631578947,female,0.2285714285714285,0.05590062088711872,two-strong
5,201,marriage,0.2421052631578947,female,0.2285714285714285,0.05590062088711872,two-strong
5,202,marriage,0.2421052631578947,female,0.2285714285714285,0.05590062088711872,two-strong
5,203,marriage,0.2421052631578947,female,0.2285714285714285,0.05590062088711872,two-strong
5,204,marriage,0.2421052631578947,female,0.2285714285714285,0.05590062088711872,two-strong
5,205,marriage,0.2421052631578947,female,0.2285714285714285,0.05590062088711872,two-strong
5,206,marriage,0.2421052631578947,female,0.2285714285714285,0.05590062088711872,two-strong
5,207,marriage,0.2421052631578947,female,0.2285714285714285,0.05590062088711872,two-strong
5,208,female,0.2387218045112781,male,0.2010025062656641,0.15800524868195173,two-strong
5,209,marriage,0.2421052631578947,female,0.2285714285714285,0.05590062088711872,two-strong
5,210,marriage,0.2444951117620535,society,0.2048884829662522,0.16199353986411616,two-strong
5,211,marriage,0.2467382223675129,female,0.2267490877930119,0.08101353046028656,two-strong
5,212,marriage,0.2421052631578947,female,0.2285714285714285,0.05590062088711872,two-strong
5,213,marriage,0.2421052631578947,female,0.2285714285714285,0.05590062088711872,two-strong
5,214,marriage,0.2421052631578947,female,0.2285714285714285,0.05590062088711872,two-strong
5,215,marriage,0.2421052631578947,female,0.2285714285714285,0.05590062088711872,two-strong
5,216,marriage,0.2421052631578947,female,0.2285714285714285,0.05590062088711872,two-strong
5,217,marriage,0.2421052631578947,female,0.2285714285714285,0.05590062088711872,two-strong
5,218,marriage,0.2421052631578947,female,0.2285714285714285,0.05590062088711872,two-strong
5,219,marriage,0.2421052631578947,female,0.2285714285714285,0.05590062088711872,two-strong
5,220,marriage,0.2421052631578947,female,0.2285714285714285,0.05590062088711872,two-strong
5,221,society,0.3270697145225391,wealth,0.193297412198546,0.40900241133690207,leaning
5,222,marriage,0.2421052631578947,female,0.2285714285714285,0.05590062088711872,two-strong
5,223,marriage,0.2421052631578947,female,0.2285714285714285,0.05590062088711872,two-strong
5,224,marriage,0.2421052631578947,female,0.2285714285714285,0.05590062088711872,two-strong
5,225,marriage,0.2421052631578947,female,0.2285714285714285,0.05590062088711872,two-strong
5,226,marriage,0.2633649340743162,female,0.2285714285714285,0.132111381847662,two-strong
5,227,marriage,0.2421052631578947,female,0.2285714285714285,0.05590062088711872,two-strong
5,228,marriage,0.2421052631578947,female,0.2285714285714285,0.05590062088711872,two-strong
5,229,love,0.1408175611442399,,,0.9999999928986131,dominant
5,230,marriage,0.2421052631578947,female,0.2285714285714285,0.05590062088711872,two-strong
5,231,marriage,0.2421052631578947,female,0.2285714285714285,0.05590062088711872,two-strong
5,232,marriage,0.2421052631578947,female,0.2285714285714285,0.05590062088711872,two-strong
5,233,marriage,0.2421052631578947,female,0.2285714285714285,0.05590062088711872,two-strong
5,234,marriage,0.2421052631578947,female,0.2285714285714285,0.05590062088711872,two-strong
5,235,marriage,0.2421052631578947,female,0.2285714285714285,0.05590062088711872,two-strong
5,236,marriage,0.2421052631578947,female,0.2285714285714285,0.05590062088711872,two-strong
5,237,marriage,0.2421052631578947,female,0.2285714285714285,0.05590062088711872,two-strong
5,238,marriage,0.2421052631578947,female,0.2285714285714285,0.05590062088711872,two-strong
5,239,marriage,0.2421052631578947,female,0.2285714285714285,0.05590062088711872,two-strong
5,240,marriage,0.2421052631578947,female,0.2285714285714285,0.05590062088711872,two-strong
5,241,marriage,0.2437070938215103,family,0.1947442134748636,0.2009087194712441,leaning
5,242,marriage,0.2421052631578947,female,0.2285714285714285,0.05590062088711872,two-strong
5,243,marriage,0.2426718971341397,female,0.2285714285714285,0.05810507385126642,two-strong
5,244,marriage,0.2421052631578947,female,0.2285714285714285,0.05590062088711872,two-strong
5,245,marriage,0.2421052631578947,female,0.2285714285714285,0.05590062088711872,two-strong
5,246,marriage,0.2421052631578947,female,0.2285714285714285,0.05590062088711872,two-strong
5,247,marriage,0.2421052631578947,female,0.2285714285714285,0.05590062088711872,two-strong
5,248,marriage,0.2421052631578947,female,0.2285714285714285,0.05590062088711872,two-strong
5,249,marriage,0.2421052631578947,female,0.2285714285714285,0.05590062088711872,two-strong
5,250,marriage,0.2421052631578947,female,0.2285714285714285,0.05590062088711872,two-strong
5,251,male,0.275005898353757,family,0.2474188084813933,0.10031453847786995,two-strong
5,252,marriage,0.2421052631578947,female,0.2285714285714285,0.05590062088711872,two-strong
5,253,marriage,0.2421052631578947,female,0.2285714285714285,0.05590062088711872,two-strong
5,254,marriage,0.2421052631578947,female,0.2285714285714285,0.05590062088711872,two-strong
5,255,marriage,0.2421052631578947,female,0.2285714285714285,0.05590062088711872,two-strong
5,256,marriage,0.2421052631578947,female,0.2285714285714285,0.05590062088711872,two-strong
5,257,marriage,0.2421052631578947,female,0.2285714285714285,0.05590062088711872,two-strong
5,258,marriage,0.2421052631578947,female,0.2285714285714285,0.05590062088711872,two-strong
5,259,marriage,0.2421052631578947,female,0.2285714285714285,0.05590062088711872,two-strong
5,260,marriage,0.2421052631578947,female,0.2285714285714285,0.05590062088711872,two-strong
5,261,marriage,0.2421052631578947,female,0.2285714285714285,0.05590062088711872,two-strong
5,262,marriage,0.2421052631578947,female,0.2285714285714285,0.05590062088711872,two-strong
5,263,wealth,0.1901969977022169,,,0.9999999947422935,dominant
5,264,marriage,0.2421052631578947,female,0.2285714285714285,0.05590062088711872,two-strong
5,265,marriage,0.2421052631578947,female,0.2285714285714285,0.05590062088711872,two-strong
5,266,marriage,0.2421052631578947,female,0.2285714285714285,0.05590062088711872,two-strong
5,267,marriage,0.2421052631578947,female,0.2285714285714285,0.05590062088711872,two-strong
5,268,marriage,0.2421052631578947,female,0.2285714285714285,0.05590062088711872,two-strong
5,269,marriage,0.2421052631578947,female,0.2285714285714285,0.05590062088711872,two-strong
5,270,marriage,0.2421052631578947,female,0.2285714285714285,0.05590062088711872,two-strong
5,271,marriage,0.2421052631578947,female,0.2285714285714285,0.05590062088711872,two-strong
5,272,marriage,0.2421052631578947,female,0.2285714285714285,0.05590062088711872,two-strong
5,273,marriage,0.2421052631578947,female,0.2285714285714285,0.05590062088711872,two-strong
5,274,marriage,0.2421052631578947,female,0.2285714285714285,0.05590062088711872,two-strong
5,275,marriage,0.2421052631578947,female,0.2285714285714285,0.05590062088711872,two-strong
5,276,marriage,0.2421052631578947,female,0.2285714285714285,0.05590062088711872,two-strong
5,277,marriage,0.2421052631578947,female,0.2285714285714285,0.05590062088711872,two-strong
5,278,marriage,0.2421052631578947,female,0.2285714285714285,0.05590062088711872,two-strong
5,279,marriage,0.2421052631578947,female,0.2285714285714285,0.05590062088711872,two-strong
5,280,marriage,0.2421052631578947,female,0.2285714285714285,0.05590062088711872,two-strong
5,281,female,0.2851724846790637,marriage,0.2569986001793782,0.09879594250685425,two-strong
5,282,female,0.2403888009497427,male,0.206971975393028,0.13901157327495245,two-strong
5,283,marriage,0.2421052631578947,female,0.2285714285714285,0.05590062088711872,two-strong
5,284,marriage,0.2421052631578947,female,0.2285714285714285,0.05590062088711872,two-strong
5,285,marriage,0.2421052631578947,female,0.2285714285714285,0.05590062088711872,two-strong
5,286,marriage,0.2421052631578947,female,0.2285714285714285,0.05590062088711872,two-strong
5,287,female,0.2590225563909774,emotion,0.1821040203815323,0.29695690129930125,leaning
5,288,marriage,0.2421052631578947,female,0.2285714285714285,0.05590062088711872,two-strong
5,289,marriage,0.2421052631578947,female,0.2285714285714285,0.05590062088711872,two-strong
5,290,marriage,0.2421052631578947,female,0.2285714285714285,0.05590062088711872,two-strong
5,291,marriage,0.2421052631578947,female,0.2285714285714285,0.05590062088711872,two-strong
5,292,marriage,0.2421052631578947,female,0.2285714285714285,0.05590062088711872,two-strong
5,293,marriage,0.2421052631578947,female,0.2285714285714285,0.05590062088711872,two-strong
5,294,marriage,0.2421052631578947,female,0.2285714285714285,0.05590062088711872,two-strong
5,295,marriage,0.2421052631578947,female,0.2285714285714285,0.05590062088711872,two-strong
5,296,marriage,0.2421052631578947,female,0.2285714285714285,0.05590062088711872,two-strong
5,297,marriage,0.2421052631578947,female,0.2285714285714285,0.05590062088711872,two-strong
5,298,marriage,0.2421052631578947,female,0.2285714285714285,0.05590062088711872,two-strong
5,299,marriage,0.2421052631578947,female,0.2285714285714285,0.05590062088711872,two-strong
5,300,marriage,0.2421052631578947,female,0.2285714285714285,0.05590062088711872,two-strong
5,301,marriage,0.2421052631578947,female,0.2285714285714285,0.05590062088711872,two-strong
5,302,marriage,0.2421052631578947,female,0.2285714285714285,0.05590062088711872,two-strong
5,303,marriage,0.2421052631578947,female,0.2285714285714285,0.05590062088711872,two-strong
5,304,marriage,0.2421052631578947,female,0.2285714285714285,0.05590062088711872,two-strong
5,305,marriage,0.2421052631578947,female,0.2285714285714285,0.05590062088711872,two-strong
5,306,marriage,0.2421052631578947,female,0.2285714285714285,0.05590062088711872,two-strong
5,307,marriage,0.2421052631578947,female,0.2285714285714285,0.05590062088711872,two-strong
5,308,marriage,0.2421052631578947,female,0.2285714285714285,0.05590062088711872,two-strong
5,309,marriage,0.2421052631578947,female,0.2285714285714285,0.05590062088711872,two-strong
5,310,marriage,0.2421052631578947,female,0.2285714285714285,0.05590062088711872,two-strong
5,311,marriage,0.2421052631578947,female,0.2285714285714285,0.05590062088711872,two-strong
5,312,marriage,0.2421052631578947,female,0.2285714285714285,0.05590062088711872,two-strong
5,313,marriage,0.2421052631578947,female,0.2285714285714285,0.05590062088711872,two-strong
5,314,marriage,0.2421052631578947,female,0.2285714285714285,0.05590062088711872,two-strong
5,315,marriage,0.2393882681839104,female,0.2357456140350877,0.015216510655433266,two-strong
5,316,marriage,0.2421052631578947,female,0.2285714285714285,0.05590062088711872,two-strong
5,317,marriage,0.2421052631578947,female,0.2285714285714285,0.05590062088711872,two-strong
5,318,marriage,0.2394265735984002,female,0.2261928860613071,0.055272425624809954,two-strong
5,319,marriage,0.2421052631578947,female,0.2285714285714285,0.05590062088711872,two-strong
5,320,marriage,0.2410444667447464,society,0.1978242669126607,0.179303844790388,two-strong
5,321,marriage,0.2421052631578947,female,0.2285714285714285,0.05590062088711872,two-strong
5,322,wealth,0.2043850873439966,emotion,0.1884202209870506,0.07811169829609016,two-strong
5,323,marriage,0.2421052631578947,female,0.2285714285714285,0.05590062088711872,two-strong
5,324,marriage,0.2421052631578947,female,0.2285714285714285,0.05590062088711872,two-strong
5,325,marriage,0.2421052631578947,female,0.2285714285714285,0.05590062088711872,two-strong
5,326,marriage,0.2581936276922243,female,0.2248572947851385,0.1291136929905574,two-strong
5,327,marriage,0.2421052631578947,female,0.2285714285714285,0.05590062088711872,two-strong
5,328,marriage,0.2421052631578947,female,0.2285714285714285,0.05590062088711872,two-strong
5,329,marriage,0.2421052631578947,female,0.2285714285714285,0.05590062088711872,two-strong
5,330,marriage,0.2421052631578947,female,0.2285714285714285,0.05590062088711872,two-strong
5,331,marriage,0.2421052631578947,female,0.2285714285714285,0.05590062088711872,two-strong
5,332,marriage,0.2421052631578947,female,0.2285714285714285,0.05590062088711872,two-strong
5,333,marriage,0.2421052631578947,female,0.2285714285714285,0.05590062088711872,two-strong
5,334,marriage,0.2421052631578947,female,0.2285714285714285,0.05590062088711872,two-strong
5,335,marriage,0.2421052631578947,female,0.2285714285714285,0.05590062088711872,two-strong
5,336,marriage,0.2421052631578947,female,0.2285714285714285,0.05590062088711872,two-strong
5,337,marriage,0.2421052631578947,female,0.2285714285714285,0.05590062088711872,two-strong
5,338,marriage,0.2421052631578947,female,0.2285714285714285,0.05590062088711872,two-strong
5,339,marriage,0.2421052631578947,female,0.2285714285714285,0.05590062088711872,two-strong
5,340,marriage,0.2421052631578947,female,0.2285714285714285,0.05590062088711872,two-strong
5,341,marriage,0.2421052631578947,female,0.2285714285714285,0.05590062088711872,two-strong
5,342,marriage,0.2421052631578947,female,0.2285714285714285,0.05590062088711872,two-strong
5,343,marriage,0.2421052631578947,female,0.2285714285714285,0.05590062088711872,two-strong
5,344,marriage,0.2421052631578947,female,0.2285714285714285,0.05590062088711872,two-strong
5,345,marriage,0.2421052631578947,female,0.2285714285714285,0.05590062088711872,two-strong
5,346,marriage,0.2421052631578947,female,0.2285714285714285,0.05590062088711872,two-strong
5,347,female,0.2927009396393499,family,0.2411871532986437,0.1759946046916831,two-strong
5,348,marriage,0.2437070938215103,female,0.2285714285714285,0.06210596889338432,two-strong
5,349,marriage,0.2421052631578947,female,0.2285714285714285,0.05590062088711872,two-strong
5,350,marriage,0.2421052631578947,female,0.2336466165413533,0.034937888054449355,two-strong
5,351,marriage,0.2421052631578947,female,0.2285714285714285,0.05590062088711872,two-strong
5,352,marriage,0.2421052631578947,female,0.2285714285714285,0.05590062088711872,two-strong
5,353,marriage,0.2421052631578947,female,0.2285714285714285,0.05590062088711872,two-strong
5,354,emotion,0.2148480495075445,,,0.9999999953455477,dominant
5,355,marriage,0.2421052631578947,female,0.2285714285714285,0.05590062088711872,two-strong
5,356,marriage,0.2421052631578947,female,0.2285714285714285,0.05590062088711872,two-strong
5,357,marriage,0.2421052631578947,female,0.2285714285714285,0.05590062088711872,two-strong
5,358,marriage,0.2421052631578947,female,0.2285714285714285,0.05590062088711872,two-strong
5,359,marriage,0.2421052631578947,female,0.2285714285714285,0.05590062088711872,two-strong
5,360,marriage,0.2421052631578947,female,0.2285714285714285,0.05590062088711872,two-strong
5,361,marriage,0.2421052631578947,female,0.2285714285714285,0.05590062088711872,two-strong
5,362,marriage,0.2421052631578947,female,0.2285714285714285,0.05590062088711872,two-strong
5,363,female,0.2698755233976318,emotion,0.2297400222140986,0.14871856672855593,two-strong
5,364,marriage,0.2421052631578947,female,0.2285714285714285,0.05590062088711872,two-strong
5,365,marriage,0.2421052631578947,female,0.2285714285714285,0.05590062088711872,two-strong
5,366,marriage,0.2421052631578947,female,0.2285714285714285,0.05590062088711872,two-strong
5,367,marriage,0.2421052631578947,female,0.2285714285714285,0.05590062088711872,two-strong
5,368,marriage,0.2421052631578947,female,0.2285714285714285,0.05590062088711872,two-strong
5,369,marriage,0.2421052631578947,female,0.2285714285714285,0.05590062088711872,two-strong
5,370,marriage,0.2421052631578947,female,0.2285714285714285,0.05590062088711872,two-strong
5,371,marriage,0.2421052631578947,female,0.2285714285714285,0.05590062088711872,two-strong
5,372,marriage,0.2421052631578947,female,0.2285714285714285,0.05590062088711872,two-strong
5,373,marriage,0.2421052631578947,female,0.2285714285714285,0.05590062088711872,two-strong
5,374,marriage,0.2421052631578947,female,0.2285714285714285,0.05590062088711872,two-strong
5,375,marriage,0.2421052631578947,female,0.2285714285714285,0.05590062088711872,two-strong
5,376,marriage,0.2526576101934659,female,0.2206836550891106,0.1265505319761457,two-strong
5,377,marriage,0.2421052631578947,female,0.2285714285714285,0.05590062088711872,two-strong
5,378,marriage,0.2421052631578947,female,0.2285714285714285,0.05590062088711872,two-strong
5,379,marriage,0.2421052631578947,female,0.2285714285714285,0.05590062088711872,two-strong
5,380,marriage,0.2421052631578947,female,0.2285714285714285,0.05590062088711872,two-strong
5,381,marriage,0.2421052631578947,female,0.2285714285714285,0.05590062088711872,two-strong
5,382,marriage,0.2421052631578947,female,0.2285714285714285,0.05590062088711872,two-strong
5,383,emotion,0.3617183739549298,love,0.2811334468550486,0.22278361476638306,leaning
5,384,marriage,0.2421052631578947,female,0.2285714285714285,0.05590062088711872,two-strong
5,385,marriage,0.2421052631578947,female,0.2285714285714285,0.05590062088711872,two-strong
5,386,marriage,0.2421052631578947,female,0.2285714285714285,0.05590062088711872,two-strong
5,387,marriage,0.2421052631578947,female,0.2285714285714285,0.05590062088711872,two-strong
5,388,marriage,0.2421052631578947,female,0.2285714285714285,0.05590062088711872,two-strong
5,389,marriage,0.2421052631578947,female,0.2285714285714285,0.05590062088711872,two-strong
5,390,marriage,0.2317768990346985,female,0.2276928162846014,0.017620749735999138,two-strong
5,391,marriage,0.2421052631578947,female,0.2285714285714285,0.05590062088711872,two-strong
5,392,marriage,0.2421052631578947,female,0.2285714285714285,0.05590062088711872,two-strong
5,393,marriage,0.2421052631578947,female,0.2285714285714285,0.05590062088711872,two-strong
5,394,marriage,0.2421052631578947,female,0.2285714285714285,0.05590062088711872,two-strong
5,395,marriage,0.2421052631578947,female,0.2285714285714285,0.05590062088711872,two-strong
5,396,marriage,0.2421052631578947,female,0.2285714285714285,0.05590062088711872,two-strong
5,397,marriage,0.2421052631578947,female,0.2285714285714285,0.05590062088711872,two-strong
5,398,marriage,0.2421052631578947,female,0.2285714285714285,0.05590062088711872,two-strong
5,399,marriage,0.2421052631578947,female,0.2285714285714285,0.05590062088711872,two-strong
5,400,marriage,0.2421052631578947,female,0.2285714285714285,0.05590062088711872,two-strong
5,401,marriage,0.2421052631578947,female,0.2285714285714285,0.05590062088711872,two-strong
5,402,marriage,0.2421052631578947,female,0.2285714285714285,0.05590062088711872,two-strong
5,403,marriage,0.2421052631578947,female,0.2285714285714285,0.05590062088711872,two-strong
5,404,female,0.340581530067267,male,0.2679355025250622,0.21329996172886054,leaning
5,405,marriage,0.2421052631578947,female,0.2285714285714285,0.05590062088711872,two-strong
5,406,marriage,0.2421052631578947,female,0.2285714285714285,0.05590062088711872,two-strong
5,407,marriage,0.2421052631578947,female,0.2285714285714285,0.05590062088711872,two-strong
5,408,marriage,0.2421052631578947,female,0.2292606516290727,0.05305383000860774,two-strong
5,409,marriage,0.2421052631578947,female,0.2285714285714285,0.05590062088711872,two-strong
5,410,marriage,0.2421052631578947,female,0.2285714285714285,0.05590062088711872,two-strong
5,411,marriage,0.2421052631578947,female,0.2285714285714285,0.05590062088711872,two-strong
5,412,marriage,0.2421052631578947,female,0.2285714285714285,0.05590062088711872,two-strong
5,413,marriage,0.2421052631578947,female,0.2285714285714285,0.05590062088711872,two-strong
5,414,marriage,0.2421052631578947,female,0.2285714285714285,0.05590062088711872,two-strong
5,415,marriage,0.2421052631578947,female,0.2285714285714285,0.05590062088711872,two-strong
5,416,marriage,0.2421052631578947,female,0.2285714285714285,0.05590062088711872,two-strong
5,417,marriage,0.241636700446769,female,0.2298402255639097,0.048819052785563595,two-strong
5,418,marriage,0.2421052631578947,female,0.2285714285714285,0.05590062088711872,two-strong
5,419,marriage,0.2421052631578947,female,0.2285714285714285,0.05590062088711872,two-strong
5,420,marriage,0.2421052631578947,female,0.2285714285714285,0.05590062088711872,two-strong
5,421,marriage,0.2421052631578947,female,0.2285714285714285,0.05590062088711872,two-strong
5,422,marriage,0.2421052631578947,female,0.2285714285714285,0.05590062088711872,two-strong
5,423,marriage,0.2421052631578947,female,0.2285714285714285,0.05590062088711872,two-strong
5,424,marriage,0.2421052631578947,female,0.2285714285714285,0.05590062088711872,two-strong
5,425,female,0.2123439476373554,scandal,0.1013680072572936,0.5226235129007062,dominant
5,426,marriage,0.2421052631578947,female,0.2285714285714285,0.05590062088711872,two-strong
5,427,marriage,0.2404972057472874,female,0.2285714285714285,0.04958800701743865,two-strong
5,428,marriage,0.2421052631578947,female,0.2285714285714285,0.05590062088711872,two-strong
5,429,marriage,0.2421052631578947,female,0.2285714285714285,0.05590062088711872,two-strong
5,430,marriage,0.2421052631578947,female,0.2285714285714285,0.05590062088711872,two-strong
5,431,emotion,0.1887155906294662,,,0.9999999947010207,dominant
5,432,marriage,0.2421052631578947,female,0.2285714285714285,0.05590062088711872,two-strong
5,433,marriage,0.2421052631578947,female,0.2285714285714285,0.05590062088711872,two-strong
5,434,marriage,0.2421052631578947,female,0.2285714285714285,0.05590062088711872,two-strong
5,435,marriage,0.2421052631578947,female,0.2285714285714285,0.05590062088711872,two-strong
5,436,marriage,0.2421052631578947,female,0.2285714285714285,0.05590062088711872,two-strong
5,437,marriage,0.2421052631578947,female,0.2285714285714285,0.05590062088711872,two-strong
5,438,marriage,0.2421052631578947,female,0.2285714285714285,0.05590062088711872,two-strong
5,439,marriage,0.2421052631578947,female,0.2285714285714285,0.05590062088711872,two-strong
5,440,marriage,0.2421052631578947,female,0.2285714285714285,0.05590062088711872,two-strong
5,441,marriage,0.2421052631578947,female,0.2285714285714285,0.05590062088711872,two-strong
5,442,marriage,0.2421052631578947,female,0.2285714285714285,0.05590062088711872,two-strong
5,443,marriage,0.2421052631578947,female,0.2285714285714285,0.05590062088711872,two-strong
5,444,marriage,0.2421052631578947,female,0.2285714285714285,0.05590062088711872,two-strong
5,445,marriage,0.2421052631578947,female,0.2285714285714285,0.05590062088711872,two-strong
5,446,marriage,0.2421052631578947,female,0.2285714285714285,0.05590062088711872,two-strong
5,447,marriage,0.2421052631578947,female,0.2285714285714285,0.05590062088711872,two-strong
5,448,marriage,0.2421052631578947,female,0.2285714285714285,0.05590062088711872,two-strong
5,449,marriage,0.2421052631578947,female,0.2285714285714285,0.05590062088711872,two-strong
5,450,marriage,0.2421052631578947,female,0.2285714285714285,0.05590062088711872,two-strong
5,451,marriage,0.2421052631578947,female,0.2285714285714285,0.05590062088711872,two-strong
5,452,marriage,0.2421052631578947,female,0.2285714285714285,0.05590062088711872,two-strong
5,453,marriage,0.2421052631578947,female,0.2285714285714285,0.05590062088711872,two-strong
5,454,marriage,0.2421052631578947,female,0.2285714285714285,0.05590062088711872,two-strong
5,455,marriage,0.2421052631578947,female,0.2285714285714285,0.05590062088711872,two-strong
5,456,marriage,0.2421052631578947,female,0.2285714285714285,0.05590062088711872,two-strong
5,457,marriage,0.2421052631578947,female,0.2285714285714285,0.05590062088711872,two-strong
5,458,marriage,0.2421052631578947,female,0.2285714285714285,0.05590062088711872,two-strong
5,459,marriage,0.2421052631578947,female,0.2285714285714285,0.05590062088711872,two-strong
5,460,marriage,0.2421052631578947,female,0.2285714285714285,0.05590062088711872,two-strong
5,461,marriage,0.2421052631578947,female,0.2285714285714285,0.05590062088711872,two-strong
5,462,marriage,0.2421052631578947,female,0.2285714285714285,0.05590062088711872,two-strong
5,463,marriage,0.2421052631578947,female,0.2285714285714285,0.05590062088711872,two-strong
5,464,marriage,0.2421052631578947,female,0.2285714285714285,0.05590062088711872,two-strong
5,465,marriage,0.2421052631578947,female,0.2285714285714285,0.05590062088711872,two-strong
5,466,marriage,0.2421052631578947,female,0.2285714285714285,0.05590062088711872,two-strong
5,467,marriage,0.2421052631578947,female,0.2285714285714285,0.05590062088711872,two-strong
5,468,marriage,0.2421052631578947,female,0.2285714285714285,0.05590062088711872,two-strong
5,469,marriage,0.2421052631578947,female,0.2285714285714285,0.05590062088711872,two-strong
5,470,marriage,0.2421052631578947,female,0.2285714285714285,0.05590062088711872,two-strong
5,471,marriage,0.2421052631578947,female,0.2285714285714285,0.05590062088711872,two-strong
5,472,marriage,0.2421052631578947,female,0.2285714285714285,0.05590062088711872,two-strong
5,473,marriage,0.2421052631578947,female,0.2285714285714285,0.05590062088711872,two-strong
5,474,marriage,0.2421052631578947,female,0.2285714285714285,0.05590062088711872,two-strong
5,475,marriage,0.2421052631578947,female,0.2285714285714285,0.05590062088711872,two-strong
5,476,marriage,0.2421052631578947,female,0.2285714285714285,0.05590062088711872,two-strong
5,477,marriage,0.2421052631578947,female,0.2285714285714285,0.05590062088711872,two-strong
5,478,marriage,0.2421052631578947,female,0.2285714285714285,0.05590062088711872,two-strong
5,479,marriage,0.2421052631578947,female,0.2285714285714285,0.05590062088711872,two-strong
5,480,marriage,0.2421052631578947,female,0.2285714285714285,0.05590062088711872,two-strong
5,481,marriage,0.2421052631578947,female,0.2285714285714285,0.05590062088711872,two-strong
5,482,marriage,0.2421052631578947,female,0.2285714285714285,0.05590062088711872,two-strong
5,483,marriage,0.2421052631578947,female,0.2285714285714285,0.05590062088711872,two-strong
5,484,male,0.2402689862878318,,,0.999999995837998,dominant
5,485,marriage,0.2421052631578947,female,0.2285714285714285,0.05590062088711872,two-strong
5,486,marriage,0.2421052631578947,female,0.2285714285714285,0.05590062088711872,two-strong
5,487,marriage,0.2421052631578947,female,0.2285714285714285,0.05590062088711872,two-strong
5,488,marriage,0.2421052631578947,female,0.2285714285714285,0.05590062088711872,two-strong
5,489,marriage,0.2421052631578947,female,0.2285714285714285,0.05590062088711872,two-strong
5,490,marriage,0.2421052631578947,female,0.2285714285714285,0.05590062088711872,two-strong
5,491,marriage,0.2421052631578947,female,0.2285714285714285,0.05590062088711872,two-strong
5,492,marriage,0.2421052631578947,female,0.2285714285714285,0.05590062088711872,two-strong
5,493,marriage,0.2421052631578947,female,0.2285714285714285,0.05590062088711872,two-strong
5,494,marriage,0.2421052631578947,female,0.2285714285714285,0.05590062088711872,two-strong
5,495,marriage,0.2421052631578947,female,0.2285714285714285,0.05590062088711872,two-strong
5,496,marriage,0.2421052631578947,female,0.2285714285714285,0.05590062088711872,two-strong
5,497,marriage,0.2421052631578947,female,0.2285714285714285,0.05590062088711872,two-strong
5,498,marriage,0.2421052631578947,female,0.2285714285714285,0.05590062088711872,two-strong
5,499,marriage,0.2421052631578947,female,0.2285714285714285,0.05590062088711872,two-strong
5,500,marriage,0.2421052631578947,female,0.2285714285714285,0.05590062088711872,two-strong
5,501,female,0.3332598015296164,family,0.2882125475346167,0.13517157980970823,two-strong
5,502,marriage,0.2421052631578947,female,0.2285714285714285,0.05590062088711872,two-strong
5,503,marriage,0.2421052631578947,female,0.2336466165413533,0.034937888054449355,two-strong
5,504,marriage,0.2421052631578947,female,0.2285714285714285,0.05590062088711872,two-strong
5,505,marriage,0.2421052631578947,female,0.2285714285714285,0.05590062088711872,two-strong
5,506,marriage,0.2421052631578947,female,0.2285714285714285,0.05590062088711872,two-strong
5,507,marriage,0.2421052631578947,female,0.2285714285714285,0.05590062088711872,two-strong
5,508,marriage,0.2421052631578947,female,0.2285714285714285,0.05590062088711872,two-strong
5,509,marriage,0.2421052631578947,female,0.2285714285714285,0.05590062088711872,two-strong
5,510,family,0.2883470445478919,female,0.2571491611998137,0.10819560605796642,two-strong
5,511,marriage,0.2421052631578947,female,0.2285714285714285,0.05590062088711872,two-strong
5,512,marriage,0.2421052631578947,female,0.2285714285714285,0.05590062088711872,two-strong
5,513,marriage,0.2421052631578947,female,0.2285714285714285,0.05590062088711872,two-strong
5,514,marriage,0.2421052631578947,female,0.2285714285714285,0.05590062088711872,two-strong
5,515,marriage,0.2421052631578947,female,0.2285714285714285,0.05590062088711872,two-strong
5,516,marriage,0.2421052631578947,female,0.2285714285714285,0.05590062088711872,two-strong
5,517,marriage,0.2421052631578947,female,0.2285714285714285,0.05590062088711872,two-strong
5,518,marriage,0.2421052631578947,female,0.2285714285714285,0.05590062088711872,two-strong
5,519,marriage,0.2421052631578947,female,0.2285714285714285,0.05590062088711872,two-strong
5,520,marriage,0.2421052631578947,female,0.2285714285714285,0.05590062088711872,two-strong
5,521,marriage,0.2421052631578947,female,0.2285714285714285,0.05590062088711872,two-strong
5,522,marriage,0.2421052631578947,female,0.2285714285714285,0.05590062088711872,two-strong
5,523,marriage,0.2421052631578947,female,0.2285714285714285,0.05590062088711872,two-strong
5,524,marriage,0.2421052631578947,female,0.2285714285714285,0.05590062088711872,two-strong
5,525,marriage,0.2421052631578947,female,0.2285714285714285,0.05590062088711872,two-strong
5,526,marriage,0.2421052631578947,female,0.2285714285714285,0.05590062088711872,two-strong
5,527,marriage,0.2421052631578947,female,0.2285714285714285,0.05590062088711872,two-strong
5,528,marriage,0.2421052631578947,female,0.2285714285714285,0.05590062088711872,two-strong
5,529,marriage,0.2421052631578947,female,0.2285714285714285,0.05590062088711872,two-strong
5,530,marriage,0.2421052631578947,female,0.2285714285714285,0.05590062088711872,two-strong
5,531,marriage,0.2421052631578947,female,0.2285714285714285,0.05590062088711872,two-strong
5,532,marriage,0.2421052631578947,female,0.2285714285714285,0.05590062088711872,two-strong
5,533,marriage,0.2421052631578947,female,0.2285714285714285,0.05590062088711872,two-strong
5,534,marriage,0.2421052631578947,female,0.2285714285714285,0.05590062088711872,two-strong
5,535,family,0.2169836355594869,,,0.9999999953913575,dominant
5,536,marriage,0.2421052631578947,female,0.2285714285714285,0.05590062088711872,two-strong
5,537,marriage,0.2421052631578947,female,0.2285714285714285,0.05590062088711872,two-strong
5,538,marriage,0.2421052631578947,female,0.2285714285714285,0.05590062088711872,two-strong
5,539,marriage,0.2421052631578947,female,0.2285714285714285,0.05590062088711872,two-strong
5,540,marriage,0.2421052631578947,female,0.2285714285714285,0.05590062088711872,two-strong
5,541,marriage,0.2421052631578947,female,0.2285714285714285,0.05590062088711872,two-strong
5,542,marriage,0.2421052631578947,female,0.2285714285714285,0.05590062088711872,two-strong
5,543,marriage,0.2421052631578947,female,0.2285714285714285,0.05590062088711872,two-strong
5,544,marriage,0.2421052631578947,female,0.2285714285714285,0.05590062088711872,two-strong
5,545,marriage,0.2421052631578947,female,0.2285714285714285,0.05590062088711872,two-strong
5,546,marriage,0.2421052631578947,female,0.2285714285714285,0.05590062088711872,two-strong
5,547,marriage,0.2421052631578947,female,0.2285714285714285,0.05590062088711872,two-strong
5,548,wealth,0.3531137937898864,marriage,0.3035100248917981,0.14047530747872378,two-strong
5,549,marriage,0.2421052631578947,female,0.2285714285714285,0.05590062088711872,two-strong
5,550,marriage,0.2421052631578947,female,0.2285714285714285,0.05590062088711872,two-strong
5,551,marriage,0.2421052631578947,female,0.2285714285714285,0.05590062088711872,two-strong
5,552,marriage,0.2421052631578947,female,0.2285714285714285,0.05590062088711872,two-strong
5,553,marriage,0.2421052631578947,female,0.2285714285714285,0.05590062088711872,two-strong
5,554,marriage,0.2421052631578947,female,0.2285714285714285,0.05590062088711872,two-strong
5,555,marriage,0.2421052631578947,female,0.2285714285714285,0.05590062088711872,two-strong
5,556,marriage,0.2421052631578947,female,0.2285714285714285,0.05590062088711872,two-strong
5,557,marriage,0.2421052631578947,female,0.2285714285714285,0.05590062088711872,two-strong
5,558,marriage,0.2421052631578947,female,0.2285714285714285,0.05590062088711872,two-strong
5,559,marriage,0.247379317859867,female,0.2285714285714285,0.07602854343330373,two-strong
5,560,marriage,0.2421052631578947,female,0.2285714285714285,0.05590062088711872,two-strong
5,561,marriage,0.2421052631578947,female,0.2285714285714285,0.05590062088711872,two-strong
5,562,marriage,0.2421052631578947,female,0.2285714285714285,0.05590062088711872,two-strong
5,563,marriage,0.2421052631578947,female,0.2285714285714285,0.05590062088711872,two-strong
5,564,marriage,0.2421052631578947,female,0.2285714285714285,0.05590062088711872,two-strong
5,565,marriage,0.2421052631578947,female,0.2285714285714285,0.05590062088711872,two-strong
5,566,marriage,0.2421052631578947,female,0.2285714285714285,0.05590062088711872,two-strong
5,567,marriage,0.2421052631578947,female,0.2285714285714285,0.05590062088711872,two-strong
5,568,marriage,0.2421052631578947,female,0.2285714285714285,0.05590062088711872,two-strong
5,569,marriage,0.2421052631578947,female,0.2303571428571428,0.048524844520068375,two-strong
5,570,marriage,0.2551318773123284,female,0.2400195199537304,0.059233512717284574,two-strong
5,571,marriage,0.2403976783283452,female,0.2243529848202149,0.06674229781651,two-strong
5,572,marriage,0.2421052631578947,female,0.2285714285714285,0.05590062088711872,two-strong
5,573,marriage,0.2421052631578947,female,0.2285714285714285,0.05590062088711872,two-strong
5,574,marriage,0.2421052631578947,female,0.2285714285714285,0.05590062088711872,two-strong
5,575,marriage,0.2421052631578947,female,0.2285714285714285,0.05590062088711872,two-strong
5,576,marriage,0.2421052631578947,female,0.2285714285714285,0.05590062088711872,two-strong
5,577,female,0.288465778113309,male,0.2414075740702362,0.16313270914741115,two-strong
5,578,marriage,0.2421052631578947,female,0.2285714285714285,0.05590062088711872,two-strong
5,579,marriage,0.2421052631578947,female,0.2285714285714285,0.05590062088711872,two-strong
5,580,marriage,0.2421052631578947,female,0.2285714285714285,0.05590062088711872,two-strong
5,581,marriage,0.2421052631578947,female,0.2285714285714285,0.05590062088711872,two-strong
5,582,marriage,0.2421052631578947,female,0.2285714285714285,0.05590062088711872,two-strong
5,583,marriage,0.2421052631578947,female,0.2285714285714285,0.05590062088711872,two-strong
5,584,marriage,0.2421052631578947,female,0.2285714285714285,0.05590062088711872,two-strong
5,585,marriage,0.2426718971341397,female,0.2285714285714285,0.05810507385126642,two-strong
5,586,marriage,0.2421052631578947,female,0.2285714285714285,0.05590062088711872,two-strong
5,587,marriage,0.2421052631578947,female,0.2285714285714285,0.05590062088711872,two-strong
5,588,marriage,0.2421052631578947,female,0.2285714285714285,0.05590062088711872,two-strong
5,589,marriage,0.2421052631578947,female,0.2285714285714285,0.05590062088711872,two-strong
5,590,marriage,0.2411191021030838,female,0.2281484962406015,0.05379335645976205,two-strong
5,591,marriage,0.2421052631578947,female,0.2285714285714285,0.05590062088711872,two-strong
5,592,marriage,0.2421052631578947,female,0.2285714285714285,0.05590062088711872,two-strong
5,593,marriage,0.2421052631578947,female,0.2285714285714285,0.05590062088711872,two-strong
5,594,marriage,0.2421052631578947,female,0.2285714285714285,0.05590062088711872,two-strong
5,595,marriage,0.2421052631578947,female,0.2285714285714285,0.05590062088711872,two-strong
5,596,marriage,0.2421052631578947,female,0.2285714285714285,0.05590062088711872,two-strong
5,597,marriage,0.2421052631578947,female,0.2285714285714285,0.05590062088711872,two-strong
5,598,marriage,0.2421052631578947,female,0.2285714285714285,0.05590062088711872,two-strong
5,599,marriage,0.2421052631578947,female,0.2285714285714285,0.05590062088711872,two-strong
5,600,marriage,0.2421052631578947,female,0.2285714285714285,0.05590062088711872,two-strong
5,601,marriage,0.2421052631578947,female,0.2285714285714285,0.05590062088711872,two-strong
5,602,marriage,0.2421052631578947,female,0.2285714285714285,0.05590062088711872,two-strong
5,603,marriage,0.2421052631578947,female,0.2285714285714285,0.05590062088711872,two-strong
5,604,marriage,0.2421052631578947,female,0.2285714285714285,0.05590062088711872,two-strong
5,605,marriage,0.2421052631578947,female,0.2285714285714285,0.05590062088711872,two-strong
5,606,marriage,0.2421052631578947,female,0.2285714285714285,0.05590062088711872,two-strong
5,607,marriage,0.2421052631578947,female,0.2285714285714285,0.05590062088711872,two-strong
5,608,marriage,0.2421052631578947,female,0.2285714285714285,0.05590062088711872,two-strong
5,609,marriage,0.2421052631578947,female,0.2285714285714285,0.05590062088711872,two-strong
5,610,marriage,0.2421052631578947,female,0.2285714285714285,0.05590062088711872,two-strong
5,611,marriage,0.2421052631578947,female,0.2285714285714285,0.05590062088711872,two-strong
5,612,marriage,0.2421052631578947,female,0.2285714285714285,0.05590062088711872,two-strong
5,613,marriage,0.2421052631578947,female,0.2285714285714285,0.05590062088711872,two-strong
5,614,marriage,0.2421052631578947,female,0.2285714285714285,0.05590062088711872,two-strong
5,615,marriage,0.2421052631578947,female,0.2285714285714285,0.05590062088711872,two-strong
5,616,marriage,0.2421052631578947,female,0.2285714285714285,0.05590062088711872,two-strong
5,617,marriage,0.2421052631578947,female,0.2285714285714285,0.05590062088711872,two-strong
5,618,marriage,0.2421052631578947,female,0.2285714285714285,0.05590062088711872,two-strong
5,619,marriage,0.2421052631578947,female,0.2285714285714285,0.05590062088711872,two-strong
5,620,marriage,0.2421052631578947,female,0.2285714285714285,0.05590062088711872,two-strong
5,621,marriage,0.2421052631578947,female,0.2285714285714285,0.05590062088711872,two-strong
5,622,marriage,0.2421052631578947,female,0.2285714285714285,0.05590062088711872,two-strong
5,623,marriage,0.2421052631578947,female,0.2285714285714285,0.05590062088711872,two-strong
5,624,marriage,0.2421052631578947,female,0.2285714285714285,0.05590062088711872,two-strong
5,625,marriage,0.2421052631578947,female,0.2285714285714285,0.05590062088711872,two-strong
5,626,marriage,0.2421052631578947,female,0.2285714285714285,0.05590062088711872,two-strong
5,627,marriage,0.2421052631578947,female,0.2285714285714285,0.05590062088711872,two-strong
5,628,marriage,0.2421052631578947,female,0.2285714285714285,0.05590062088711872,two-strong
5,629,marriage,0.2421052631578947,female,0.2285714285714285,0.05590062088711872,two-strong
5,630,marriage,0.2421052631578947,female,0.2285714285714285,0.05590062088711872,two-strong
5,631,marriage,0.2421052631578947,female,0.2285714285714285,0.05590062088711872,two-strong
5,632,female,0.2364770461960527,,,0.9999999957712598,dominant
5,633,marriage,0.2421052631578947,female,0.2285714285714285,0.05590062088711872,two-strong
5,634,marriage,0.2421052631578947,female,0.2285714285714285,0.05590062088711872,two-strong
5,635,marriage,0.2421052631578947,female,0.2285714285714285,0.05590062088711872,two-strong
5,636,marriage,0.2421052631578947,female,0.2285714285714285,0.05590062088711872,two-strong
5,637,marriage,0.2421052631578947,female,0.2285714285714285,0.05590062088711872,two-strong
5,638,marriage,0.2421052631578947,female,0.2285714285714285,0.05590062088711872,two-strong
5,639,marriage,0.2421052631578947,female,0.2285714285714285,0.05590062088711872,two-strong
5,640,marriage,0.2421052631578947,female,0.2285714285714285,0.05590062088711872,two-strong
5,641,marriage,0.2421052631578947,female,0.2285714285714285,0.05590062088711872,two-strong
5,642,marriage,0.2421052631578947,female,0.2285714285714285,0.05590062088711872,two-strong
5,643,marriage,0.2421052631578947,female,0.2285714285714285,0.05590062088711872,two-strong
5,644,marriage,0.2421052631578947,female,0.2285714285714285,0.05590062088711872,two-strong
5,645,marriage,0.2421052631578947,female,0.2285714285714285,0.05590062088711872,two-strong
5,646,marriage,0.2421052631578947,female,0.2285714285714285,0.05590062088711872,two-strong
5,647,marriage,0.2421052631578947,female,0.2285714285714285,0.05590062088711872,two-strong
5,648,marriage,0.2421052631578947,female,0.2285714285714285,0.05590062088711872,two-strong
5,649,marriage,0.2421052631578947,female,0.2285714285714285,0.05590062088711872,two-strong
5,650,marriage,0.2421052631578947,female,0.2285714285714285,0.05590062088711872,two-strong
5,651,marriage,0.2421052631578947,female,0.2285714285714285,0.05590062088711872,two-strong
5,652,marriage,0.2421052631578947,female,0.2285714285714285,0.05590062088711872,two-strong
5,653,marriage,0.2421052631578947,female,0.2285714285714285,0.05590062088711872,two-strong
5,654,marriage,0.2421052631578947,female,0.2285714285714285,0.05590062088711872,two-strong
5,655,marriage,0.2421052631578947,female,0.2285714285714285,0.05590062088711872,two-strong
5,656,marriage,0.2421052631578947,female,0.2285714285714285,0.05590062088711872,two-strong
5,657,marriage,0.2421052631578947,female,0.2285714285714285,0.05590062088711872,two-strong
5,658,marriage,0.2421052631578947,female,0.2285714285714285,0.05590062088711872,two-strong
5,659,marriage,0.2421052631578947,female,0.2285714285714285,0.05590062088711872,two-strong
5,660,marriage,0.2421052631578947,female,0.2285714285714285,0.05590062088711872,two-strong
5,661,marriage,0.2421052631578947,female,0.2285714285714285,0.05590062088711872,two-strong
5,662,marriage,0.2421052631578947,female,0.2285714285714285,0.05590062088711872,two-strong
5,663,marriage,0.2421052631578947,female,0.2285714285714285,0.05590062088711872,two-strong
5,664,marriage,0.2421052631578947,female,0.2285714285714285,0.05590062088711872,two-strong
5,665,marriage,0.2453089244851258,female,0.2285714285714285,0.06823027690736093,two-strong
5,666,marriage,0.2421052631578947,female,0.2285714285714285,0.05590062088711872,two-strong
5,667,marriage,0.2408230721731865,female,0.2273966165413533,0.055752363986226704,two-strong
5,668,marriage,0.2421052631578947,female,0.2285714285714285,0.05590062088711872,two-strong
5,669,marriage,0.2421052631578947,female,0.2285714285714285,0.05590062088711872,two-strong
5,670,marriage,0.2421052631578947,female,0.2285714285714285,0.05590062088711872,two-strong
5,671,marriage,0.2421052631578947,female,0.2285714285714285,0.05590062088711872,two-strong
5,672,marriage,0.2421052631578947,female,0.2285714285714285,0.05590062088711872,two-strong
5,673,marriage,0.2421052631578947,female,0.2285714285714285,0.05590062088711872,two-strong
5,674,marriage,0.2421052631578947,female,0.2285714285714285,0.05590062088711872,two-strong
5,675,marriage,0.2421052631578947,female,0.2285714285714285,0.05590062088711872,two-strong
5,676,marriage,0.2421052631578947,female,0.2285714285714285,0.05590062088711872,two-strong
5,677,marriage,0.2421052631578947,female,0.2285714285714285,0.05590062088711872,two-strong
5,678,marriage,0.2421052631578947,female,0.2285714285714285,0.05590062088711872,two-strong
5,679,marriage,0.2421052631578947,female,0.2285714285714285,0.05590062088711872,two-strong
5,680,marriage,0.2421052631578947,female,0.2285714285714285,0.05590062088711872,two-strong
5,681,marriage,0.2421052631578947,female,0.2285714285714285,0.05590062088711872,two-strong
5,682,marriage,0.2421052631578947,female,0.2285714285714285,0.05590062088711872,two-strong
5,683,marriage,0.2421052631578947,female,0.2285714285714285,0.05590062088711872,two-strong
5,684,marriage,0.2421052631578947,female,0.2285714285714285,0.05590062088711872,two-strong
5,685,marriage,0.2421052631578947,female,0.2285714285714285,0.05590062088711872,two-strong
5,686,female,0.360718489714163,male,0.3065110787007088,0.15027621929259144,two-strong
5,687,marriage,0.2421052631578947,female,0.2285714285714285,0.05590062088711872,two-strong
5,688,marriage,0.2421052631578947,female,0.2285714285714285,0.05590062088711872,two-strong
5,689,marriage,0.2421052631578947,female,0.2285714285714285,0.05590062088711872,two-strong
5,690,marriage,0.2421052631578947,female,0.2285714285714285,0.05590062088711872,two-strong
5,691,marriage,0.2421052631578947,female,0.2285714285714285,0.05590062088711872,two-strong
5,692,marriage,0.2421052631578947,female,0.2285714285714285,0.05590062088711872,two-strong
5,693,marriage,0.2561961801944138,female,0.2535849501616296,0.010192306616790334,two-strong
5,694,marriage,0.2421052631578947,female,0.2285714285714285,0.05590062088711872,two-strong
5,695,marriage,0.2421052631578947,female,0.2285714285714285,0.05590062088711872,two-strong
5,696,marriage,0.2421052631578947,female,0.2285714285714285,0.05590062088711872,two-strong
5,697,marriage,0.2421052631578947,female,0.2285714285714285,0.05590062088711872,two-strong
5,698,marriage,0.2421052631578947,female,0.2285714285714285,0.05590062088711872,two-strong
5,699,marriage,0.2421052631578947,female,0.2285714285714285,0.05590062088711872,two-strong
5,700,marriage,0.2421052631578947,female,0.2285714285714285,0.05590062088711872,two-strong
5,701,marriage,0.2421052631578947,female,0.2285714285714285,0.05590062088711872,two-strong
5,702,marriage,0.2421052631578947,female,0.2285714285714285,0.05590062088711872,two-strong
5,703,marriage,0.2421052631578947,female,0.2285714285714285,0.05590062088711872,two-strong
5,704,marriage,0.2421052631578947,female,0.2285714285714285,0.05590062088711872,two-strong
5,705,marriage,0.2421052631578947,female,0.2285714285714285,0.05590062088711872,two-strong
5,706,marriage,0.2421052631578947,female,0.2285714285714285,0.05590062088711872,two-strong
5,707,marriage,0.2421052631578947,female,0.2285714285714285,0.05590062088711872,two-strong
5,708,marriage,0.2421052631578947,female,0.2285714285714285,0.05590062088711872,two-strong
5,709,marriage,0.2421052631578947,female,0.2285714285714285,0.05590062088711872,two-strong
5,710,marriage,0.2421052631578947,female,0.2285714285714285,0.05590062088711872,two-strong
5,711,marriage,0.2421052631578947,female,0.2285714285714285,0.05590062088711872,two-strong
5,712,marriage,0.2421052631578947,female,0.2285714285714285,0.05590062088711872,two-strong
5,713,marriage,0.2421052631578947,female,0.2285714285714285,0.05590062088711872,two-strong
5,714,marriage,0.2421052631578947,female,0.2285714285714285,0.05590062088711872,two-strong
5,715,marriage,0.2421052631578947,female,0.2285714285714285,0.05590062088711872,two-strong
5,716,marriage,0.2421052631578947,female,0.2285714285714285,0.05590062088711872,two-strong
5,717,marriage,0.2421052631578947,female,0.2285714285714285,0.05590062088711872,two-strong
5,718,marriage,0.2421052631578947,female,0.2285714285714285,0.05590062088711872,two-strong
5,719,marriage,0.2421052631578947,female,0.2285714285714285,0.05590062088711872,two-strong
5,720,marriage,0.2421052631578947,female,0.2285714285714285,0.05590062088711872,two-strong
5,721,marriage,0.2421052631578947,female,0.2285714285714285,0.05590062088711872,two-strong
5,722,marriage,0.2421052631578947,female,0.2285714285714285,0.05590062088711872,two-strong
5,723,marriage,0.2421052631578947,female,0.2285714285714285,0.05590062088711872,two-strong
5,724,marriage,0.2421052631578947,female,0.2285714285714285,0.05590062088711872,two-strong
5,725,marriage,0.2421052631578947,female,0.2285714285714285,0.05590062088711872,two-strong
5,726,marriage,0.2421052631578947,female,0.2285714285714285,0.05590062088711872,two-strong
5,727,marriage,0.2421052631578947,female,0.2285714285714285,0.05590062088711872,two-strong
5,728,marriage,0.2421052631578947,female,0.2285714285714285,0.05590062088711872,two-strong
5,729,marriage,0.2421052631578947,female,0.2285714285714285,0.05590062088711872,two-strong
5,730,marriage,0.2421052631578947,female,0.2285714285714285,0.05590062088711872,two-strong
5,731,marriage,0.2421052631578947,female,0.2285714285714285,0.05590062088711872,two-strong
5,732,marriage,0.2421052631578947,female,0.2285714285714285,0.05590062088711872,two-strong
5,733,marriage,0.2421052631578947,female,0.2285714285714285,0.05590062088711872,two-strong
5,734,marriage,0.2421052631578947,female,0.2285714285714285,0.05590062088711872,two-strong
5,735,marriage,0.2421052631578947,female,0.2285714285714285,0.05590062088711872,two-strong
5,736,marriage,0.2421052631578947,female,0.2285714285714285,0.05590062088711872,two-strong
5,737,society,0.456560235215411,marriage,0.2404727104154956,0.4732946666383853,leaning
5,738,marriage,0.2421052631578947,female,0.2285714285714285,0.05590062088711872,two-strong
5,739,marriage,0.2421052631578947,female,0.2285714285714285,0.05590062088711872,two-strong
5,740,marriage,0.2421052631578947,female,0.2285714285714285,0.05590062088711872,two-strong
5,741,marriage,0.2421052631578947,female,0.2285714285714285,0.05590062088711872,two-strong
5,742,marriage,0.2421052631578947,female,0.2285714285714285,0.05590062088711872,two-strong
5,743,marriage,0.2421052631578947,female,0.2285714285714285,0.05590062088711872,two-strong
5,744,marriage,0.2421052631578947,female,0.2285714285714285,0.05590062088711872,two-strong
5,745,marriage,0.2421052631578947,female,0.2285714285714285,0.05590062088711872,two-strong
5,746,marriage,0.2421052631578947,female,0.2285714285714285,0.05590062088711872,two-strong
5,747,marriage,0.2421052631578947,female,0.2285714285714285,0.05590062088711872,two-strong
5,748,marriage,0.2421052631578947,female,0.2285714285714285,0.05590062088711872,two-strong
5,749,marriage,0.2421052631578947,female,0.2285714285714285,0.05590062088711872,two-strong
5,750,marriage,0.2421052631578947,female,0.2285714285714285,0.05590062088711872,two-strong
5,751,marriage,0.2421052631578947,female,0.2285714285714285,0.05590062088711872,two-strong
5,752,marriage,0.2421052631578947,female,0.2285714285714285,0.05590062088711872,two-strong
5,753,marriage,0.2421052631578947,female,0.2285714285714285,0.05590062088711872,two-strong
5,754,marriage,0.2421052631578947,female,0.2285714285714285,0.05590062088711872,two-strong
5,755,marriage,0.2421052631578947,female,0.2285714285714285,0.05590062088711872,two-strong
5,756,marriage,0.2421052631578947,female,0.2285714285714285,0.05590062088711872,two-strong
5,757,marriage,0.2421052631578947,female,0.2285714285714285,0.05590062088711872,two-strong
5,758,marriage,0.2421052631578947,female,0.2285714285714285,0.05590062088711872,two-strong
5,759,marriage,0.2421052631578947,female,0.2285714285714285,0.05590062088711872,two-strong
5,760,marriage,0.2421052631578947,female,0.2285714285714285,0.05590062088711872,two-strong
5,761,marriage,0.2421052631578947,female,0.2285714285714285,0.05590062088711872,two-strong
5,762,marriage,0.2421052631578947,female,0.2285714285714285,0.05590062088711872,two-strong
5,763,marriage,0.2421052631578947,female,0.2285714285714285,0.05590062088711872,two-strong
5,764,marriage,0.2421052631578947,female,0.2285714285714285,0.05590062088711872,two-strong
5,765,marriage,0.2421052631578947,female,0.2285714285714285,0.05590062088711872,two-strong
5,766,marriage,0.2421052631578947,female,0.2285714285714285,0.05590062088711872,two-strong
5,767,marriage,0.2421052631578947,female,0.2285714285714285,0.05590062088711872,two-strong
5,768,marriage,0.2421052631578947,female,0.2285714285714285,0.05590062088711872,two-strong
5,769,marriage,0.2421052631578947,female,0.2285714285714285,0.05590062088711872,two-strong
5,770,marriage,0.2421052631578947,female,0.2285714285714285,0.05590062088711872,two-strong
5,771,marriage,0.2619579390356699,family,0.2067862795614634,0.21061266349358967,leaning
5,772,marriage,0.2421052631578947,female,0.2285714285714285,0.05590062088711872,two-strong
5,773,marriage,0.2421052631578947,female,0.2285714285714285,0.05590062088711872,two-strong
5,774,marriage,0.2421052631578947,female,0.2285714285714285,0.05590062088711872,two-strong
5,775,marriage,0.2421052631578947,female,0.2285714285714285,0.05590062088711872,two-strong
5,776,marriage,0.261797350519155,female,0.2354323308270676,0.10070774031554067,two-strong
5,777,marriage,0.2421052631578947,female,0.2285714285714285,0.05590062088711872,two-strong
5,778,marriage,0.2446090522749562,female,0.2285244360902255,0.06575642221488247,two-strong
5,779,marriage,0.2421052631578947,female,0.2285714285714285,0.05590062088711872,two-strong
5,780,marriage,0.2421052631578947,female,0.2285714285714285,0.05590062088711872,two-strong
5,781,female,0.2539473684210526,duty,0.1424590888987174,0.4390212026078686,leaning
5,782,marriage,0.2421052631578947,female,0.2285714285714285,0.05590062088711872,two-strong
5,783,marriage,0.2421052631578947,female,0.2285714285714285,0.05590062088711872,two-strong
5,784,marriage,0.2421052631578947,female,0.2285714285714285,0.05590062088711872,two-strong
5,785,marriage,0.2421052631578947,female,0.2285714285714285,0.05590062088711872,two-strong
5,786,marriage,0.2421052631578947,female,0.2285714285714285,0.05590062088711872,two-strong
5,787,marriage,0.2421052631578947,female,0.2285714285714285,0.05590062088711872,two-strong
5,788,marriage,0.2421052631578947,female,0.2285714285714285,0.05590062088711872,two-strong
5,789,marriage,0.2421052631578947,female,0.2285714285714285,0.05590062088711872,two-strong
5,790,marriage,0.2421052631578947,female,0.2285714285714285,0.05590062088711872,two-strong
5,791,marriage,0.2421052631578947,female,0.2285714285714285,0.05590062088711872,two-strong
5,792,marriage,0.2421052631578947,female,0.2285714285714285,0.05590062088711872,two-strong
5,793,marriage,0.2421052631578947,female,0.2285714285714285,0.05590062088711872,two-strong
5,794,marriage,0.2421052631578947,female,0.2285714285714285,0.05590062088711872,two-strong
5,795,marriage,0.2421052631578947,female,0.2285714285714285,0.05590062088711872,two-strong
5,796,marriage,0.2421052631578947,female,0.2285714285714285,0.05590062088711872,two-strong
5,797,marriage,0.2421052631578947,female,0.2285714285714285,0.05590062088711872,two-strong
5,798,marriage,0.2421052631578947,female,0.2285714285714285,0.05590062088711872,two-strong
5,799,society,0.4101587270807966,marriage,0.2367312685149061,0.42283010623079376,leaning
5,800,marriage,0.2421052631578947,female,0.2285714285714285,0.05590062088711872,two-strong
5,801,marriage,0.2421052631578947,female,0.2285714285714285,0.05590062088711872,two-strong
5,802,marriage,0.2399537274864179,female,0.2263331405436668,0.056763389461239745,two-strong
5,803,marriage,0.2421052631578947,female,0.2285714285714285,0.05590062088711872,two-strong
5,804,marriage,0.2421052631578947,female,0.2285714285714285,0.05590062088711872,two-strong
5,805,marriage,0.2421052631578947,female,0.2285714285714285,0.05590062088711872,two-strong
5,806,marriage,0.2421052631578947,female,0.2285714285714285,0.05590062088711872,two-strong
5,807,marriage,0.2421052631578947,female,0.2285714285714285,0.05590062088711872,two-strong
5,808,marriage,0.2421052631578947,female,0.2285714285714285,0.05590062088711872,two-strong
5,809,marriage,0.2421052631578947,female,0.2285714285714285,0.05590062088711872,two-strong
5,810,marriage,0.2421052631578947,female,0.2285714285714285,0.05590062088711872,two-strong
5,811,marriage,0.2421052631578947,female,0.2285714285714285,0.05590062088711872,two-strong
5,812,marriage,0.2421052631578947,female,0.2285714285714285,0.05590062088711872,two-strong
5,813,marriage,0.2421052631578947,female,0.2285714285714285,0.05590062088711872,two-strong
5,814,marriage,0.2421052631578947,female,0.2285714285714285,0.05590062088711872,two-strong
5,815,marriage,0.2468126838836221,female,0.2285714285714285,0.07390728446876531,two-strong
5,816,marriage,0.2421052631578947,female,0.2285714285714285,0.05590062088711872,two-strong
5,817,marriage,0.2421052631578947,female,0.2285714285714285,0.05590062088711872,two-strong
5,818,marriage,0.2421052631578947,female,0.2285714285714285,0.05590062088711872,two-strong
5,819,marriage,0.2421052631578947,female,0.2285714285714285,0.05590062088711872,two-strong
5,820,marriage,0.2421052631578947,female,0.2285714285714285,0.05590062088711872,two-strong
5,821,marriage,0.2421052631578947,female,0.2285714285714285,0.05590062088711872,two-strong
5,822,marriage,0.2421052631578947,female,0.2285714285714285,0.05590062088711872,two-strong
5,823,marriage,0.2421052631578947,female,0.2285714285714285,0.05590062088711872,two-strong
5,824,marriage,0.2421052631578947,female,0.2285714285714285,0.05590062088711872,two-strong
5,825,marriage,0.2421052631578947,female,0.2285714285714285,0.05590062088711872,two-strong
5,826,marriage,0.2421052631578947,female,0.2285714285714285,0.05590062088711872,two-strong
5,827,marriage,0.2421052631578947,female,0.2285714285714285,0.05590062088711872,two-strong
5,828,marriage,0.2421052631578947,female,0.2285714285714285,0.05590062088711872,two-strong
5,829,marriage,0.2421052631578947,female,0.2285714285714285,0.05590062088711872,two-strong
5,830,marriage,0.2421052631578947,female,0.2285714285714285,0.05590062088711872,two-strong
5,831,marriage,0.2421052631578947,female,0.2285714285714285,0.05590062088711872,two-strong
5,832,marriage,0.2421052631578947,female,0.2285714285714285,0.05590062088711872,two-strong
5,833,marriage,0.2421052631578947,female,0.2285714285714285,0.05590062088711872,two-strong
5,834,marriage,0.2421052631578947,female,0.2285714285714285,0.05590062088711872,two-strong
5,835,marriage,0.2421052631578947,female,0.2285714285714285,0.05590062088711872,two-strong
5,836,marriage,0.2421052631578947,female,0.2285714285714285,0.05590062088711872,two-strong
5,837,marriage,0.2421052631578947,female,0.2285714285714285,0.05590062088711872,two-strong
5,838,marriage,0.2421052631578947,female,0.2285714285714285,0.05590062088711872,two-strong
5,839,marriage,0.2421052631578947,female,0.2285714285714285,0.05590062088711872,two-strong
5,840,female,0.2511121553884711,marriage,0.2458079473648287,0.021122864380316082,two-strong
5,841,marriage,0.2421052631578947,female,0.2285714285714285,0.05590062088711872,two-strong
5,842,emotion,0.2065309812062128,,,0.9999999951581114,dominant
5,843,marriage,0.2487046620199947,society,0.2158586770478108,0.13206823134451331,two-strong
5,844,female,0.2365088334551223,family,0.2241499409848121,0.05225552144292224,two-strong
5,845,marriage,0.2421052631578947,female,0.2285714285714285,0.05590062088711872,two-strong
5,846,marriage,0.2421052631578947,female,0.2285714285714285,0.05590062088711872,two-strong
5,847,marriage,0.2421052631578947,female,0.2285714285714285,0.05590062088711872,two-strong
5,848,marriage,0.2421052631578947,female,0.2285714285714285,0.05590062088711872,two-strong
5,849,marriage,0.2421052631578947,female,0.2285714285714285,0.05590062088711872,two-strong
5,850,marriage,0.2421052631578947,female,0.2285714285714285,0.05590062088711872,two-strong
5,851,marriage,0.2421052631578947,female,0.2285714285714285,0.05590062088711872,two-strong
5,852,marriage,0.2421052631578947,female,0.2285714285714285,0.05590062088711872,two-strong
5,853,marriage,0.2421052631578947,female,0.2285714285714285,0.05590062088711872,two-strong
5,854,marriage,0.2421052631578947,female,0.2285714285714285,0.05590062088711872,two-strong
5,855,marriage,0.2421052631578947,female,0.2285714285714285,0.05590062088711872,two-strong
5,856,marriage,0.2421052631578947,female,0.2285714285714285,0.05590062088711872,two-strong
5,857,marriage,0.2421052631578947,female,0.2285714285714285,0.05590062088711872,two-strong
5,858,marriage,0.2421052631578947,female,0.2285714285714285,0.05590062088711872,two-strong
5,859,marriage,0.2421052631578947,female,0.2285714285714285,0.05590062088711872,two-strong
5,860,marriage,0.2421052631578947,female,0.2285714285714285,0.05590062088711872,two-strong
5,861,marriage,0.2421052631578947,female,0.2285714285714285,0.05590062088711872,two-strong
5,862,marriage,0.2421052631578947,female,0.2285714285714285,0.05590062088711872,two-strong
5,863,marriage,0.2421052631578947,female,0.2285714285714285,0.05590062088711872,two-strong
5,864,marriage,0.2421052631578947,female,0.2285714285714285,0.05590062088711872,two-strong
5,865,marriage,0.2421052631578947,female,0.2285714285714285,0.05590062088711872,two-strong
5,866,marriage,0.2421052631578947,female,0.2285714285714285,0.05590062088711872,two-strong
5,867,marriage,0.2333385935723474,female,0.2267717341541547,0.028143048646659414,two-strong
5,868,marriage,0.2421052631578947,female,0.2285714285714285,0.05590062088711872,two-strong
5,869,marriage,0.2421052631578947,female,0.2285714285714285,0.05590062088711872,two-strong
5,870,marriage,0.2421052631578947,female,0.2285714285714285,0.05590062088711872,two-strong
5,871,marriage,0.2421052631578947,female,0.2285714285714285,0.05590062088711872,two-strong
5,872,marriage,0.2421052631578947,female,0.2285714285714285,0.05590062088711872,two-strong
5,873,marriage,0.2421052631578947,female,0.2285714285714285,0.05590062088711872,two-strong
5,874,marriage,0.2421052631578947,female,0.2285714285714285,0.05590062088711872,two-strong
5,875,marriage,0.2538611020304384,female,0.2274331662489557,0.10410391929288164,two-strong
5,876,marriage,0.2421052631578947,female,0.2285714285714285,0.05590062088711872,two-strong
5,877,marriage,0.2421052631578947,female,0.2285714285714285,0.05590062088711872,two-strong
5,878,marriage,0.2421052631578947,female,0.2285714285714285,0.05590062088711872,two-strong
5,879,marriage,0.2421052631578947,female,0.2285714285714285,0.05590062088711872,two-strong
5,880,marriage,0.2421052631578947,female,0.2285714285714285,0.05590062088711872,two-strong
5,881,marriage,0.2421052631578947,female,0.2285714285714285,0.05590062088711872,two-strong
5,882,marriage,0.2421052631578947,female,0.2285714285714285,0.05590062088711872,two-strong
5,883,marriage,0.2421052631578947,female,0.2285714285714285,0.05590062088711872,two-strong
5,884,marriage,0.2421052631578947,female,0.2285714285714285,0.05590062088711872,two-strong
5,885,marriage,0.2421052631578947,female,0.2285714285714285,0.05590062088711872,two-strong
5,886,marriage,0.2421052631578947,female,0.2285714285714285,0.05590062088711872,two-strong
5,887,marriage,0.2421052631578947,female,0.2285714285714285,0.05590062088711872,two-strong
5,888,marriage,0.2421052631578947,female,0.2285714285714285,0.05590062088711872,two-strong
5,889,marriage,0.2402083640473733,female,0.2275375939849624,0.052749079158471476,two-strong
5,890,marriage,0.2421052631578947,female,0.2285714285714285,0.05590062088711872,two-strong
5,891,marriage,0.2421052631578947,female,0.2285714285714285,0.05590062088711872,two-strong
5,892,marriage,0.2421052631578947,female,0.2285714285714285,0.05590062088711872,two-strong
5,893,marriage,0.2421052631578947,female,0.2285714285714285,0.05590062088711872,two-strong
5,894,marriage,0.2421052631578947,female,0.2285714285714285,0.05590062088711872,two-strong
5,895,marriage,0.2421052631578947,female,0.2285714285714285,0.05590062088711872,two-strong
5,896,emotion,0.2594998144607972,marriage,0.2574420827377224,0.007929607654713868,two-strong
5,897,marriage,0.2421052631578947,female,0.2285714285714285,0.05590062088711872,two-strong
5,898,society,0.3111067830509094,marriage,0.2349692965527006,0.2447310389919034,leaning
5,899,marriage,0.2421052631578947,female,0.2285714285714285,0.05590062088711872,two-strong
5,900,marriage,0.2421052631578947,female,0.2285714285714285,0.05590062088711872,two-strong
5,901,marriage,0.2421052631578947,female,0.2285714285714285,0.05590062088711872,two-strong
5,902,marriage,0.2421052631578947,female,0.2285714285714285,0.05590062088711872,two-strong
5,903,marriage,0.2421052631578947,female,0.2285714285714285,0.05590062088711872,two-strong
5,904,marriage,0.2421052631578947,female,0.2285714285714285,0.05590062088711872,two-strong
5,905,marriage,0.2421052631578947,female,0.2285714285714285,0.05590062088711872,two-strong
5,906,marriage,0.2421052631578947,female,0.2285714285714285,0.05590062088711872,two-strong
5,907,marriage,0.2421052631578947,female,0.2285714285714285,0.05590062088711872,two-strong
5,908,marriage,0.2421052631578947,female,0.2285714285714285,0.05590062088711872,two-strong
5,909,marriage,0.2421052631578947,female,0.2285714285714285,0.05590062088711872,two-strong
5,910,marriage,0.2421052631578947,female,0.2285714285714285,0.05590062088711872,two-strong
5,911,marriage,0.2421052631578947,female,0.2285714285714285,0.05590062088711872,two-strong
5,912,marriage,0.2421052631578947,female,0.2285714285714285,0.05590062088711872,two-strong
5,913,marriage,0.2421052631578947,female,0.2285714285714285,0.05590062088711872,two-strong
5,914,female,0.3092588660522312,,,0.9999999967664629,dominant
5,915,marriage,0.2421052631578947,female,0.2285714285714285,0.05590062088711872,two-strong
5,916,marriage,0.2421052631578947,female,0.2285714285714285,0.05590062088711872,two-strong
5,917,marriage,0.2421052631578947,female,0.2285714285714285,0.05590062088711872,two-strong
5,918,marriage,0.2421052631578947,female,0.2285714285714285,0.05590062088711872,two-strong
5,919,marriage,0.2421052631578947,female,0.2285714285714285,0.05590062088711872,two-strong
5,920,marriage,0.2421052631578947,female,0.2285714285714285,0.05590062088711872,two-strong
5,921,marriage,0.2421052631578947,female,0.2285714285714285,0.05590062088711872,two-strong
5,922,marriage,0.2421052631578947,female,0.2285714285714285,0.05590062088711872,two-strong
5,923,marriage,0.2421052631578947,female,0.2285714285714285,0.05590062088711872,two-strong
5,924,marriage,0.2421052631578947,female,0.2285714285714285,0.05590062088711872,two-strong
5,925,marriage,0.2421052631578947,female,0.2285714285714285,0.05590062088711872,two-strong
5,926,marriage,0.2421052631578947,female,0.2285714285714285,0.05590062088711872,two-strong
5,927,marriage,0.2421052631578947,female,0.2285714285714285,0.05590062088711872,two-strong
5,928,marriage,0.2421542987904544,female,0.2285714285714285,0.05609179862087796,two-strong
5,929,marriage,0.2421052631578947,female,0.2285714285714285,0.05590062088711872,two-strong
5,930,marriage,0.2421052631578947,female,0.2285714285714285,0.05590062088711872,two-strong
5,931,marriage,0.2421052631578947,female,0.2285714285714285,0.05590062088711872,two-strong
5,932,marriage,0.2421052631578947,female,0.2285714285714285,0.05590062088711872,two-strong
5,933,marriage,0.2421052631578947,female,0.2285714285714285,0.05590062088711872,two-strong
5,934,marriage,0.2421052631578947,female,0.2285714285714285,0.05590062088711872,two-strong
5,935,marriage,0.2421052631578947,female,0.2285714285714285,0.05590062088711872,two-strong
5,936,marriage,0.2421052631578947,female,0.2285714285714285,0.05590062088711872,two-strong
5,937,marriage,0.2421052631578947,female,0.2285714285714285,0.05590062088711872,two-strong
5,938,marriage,0.2421052631578947,female,0.2285714285714285,0.05590062088711872,two-strong
5,939,marriage,0.2421052631578947,female,0.2285714285714285,0.05590062088711872,two-strong
5,940,marriage,0.2421052631578947,female,0.2285714285714285,0.05590062088711872,two-strong
5,941,marriage,0.2421052631578947,female,0.2285714285714285,0.05590062088711872,two-strong
5,942,marriage,0.2421052631578947,female,0.2285714285714285,0.05590062088711872,two-strong
5,943,marriage,0.2421052631578947,female,0.2285714285714285,0.05590062088711872,two-strong
5,944,marriage,0.2421052631578947,female,0.2285714285714285,0.05590062088711872,two-strong
5,945,marriage,0.2421052631578947,female,0.2285714285714285,0.05590062088711872,two-strong
5,946,male,0.2060150375939849,family,0.1858469703670942,0.09789609226847756,two-strong
5,947,love,0.3195433892251531,marriage,0.2876123876642542,0.09992696622014316,two-strong
5,948,society,0.2099469358615674,wealth,0.1947274231432882,0.0724921875298161,two-strong
5,949,marriage,0.2421052631578947,female,0.2285714285714285,0.05590062088711872,two-strong
5,950,marriage,0.2421052631578947,female,0.2285714285714285,0.05590062088711872,two-strong
5,951,marriage,0.2421052631578947,female,0.2285714285714285,0.05590062088711872,two-strong
5,952,marriage,0.2421052631578947,female,0.2285714285714285,0.05590062088711872,two-strong
5,953,marriage,0.2421052631578947,female,0.2285714285714285,0.05590062088711872,two-strong
5,954,marriage,0.2421052631578947,female,0.2285714285714285,0.05590062088711872,two-strong
5,955,marriage,0.2421052631578947,female,0.2285714285714285,0.05590062088711872,two-strong
5,956,marriage,0.2421052631578947,female,0.2285714285714285,0.05590062088711872,two-strong
5,957,marriage,0.2421052631578947,female,0.2285714285714285,0.05590062088711872,two-strong
5,958,marriage,0.2421052631578947,female,0.2285714285714285,0.05590062088711872,two-strong
5,959,marriage,0.2421052631578947,female,0.2285714285714285,0.05590062088711872,two-strong
5,960,marriage,0.2421052631578947,female,0.2285714285714285,0.05590062088711872,two-strong
5,961,marriage,0.2421052631578947,female,0.2285714285714285,0.05590062088711872,two-strong
5,962,marriage,0.2421052631578947,female,0.2285714285714285,0.05590062088711872,two-strong
5,963,marriage,0.2421052631578947,female,0.2285714285714285,0.05590062088711872,two-strong
5,964,class,0.1545120868369627,,,0.9999999935280145,dominant
5,965,marriage,0.2584567062496344,female,0.2401358880471157,0.07088544304955206,two-strong
5,966,love,0.2704362674907627,society,0.2579557938800156,0.04614940769741247,two-strong
5,967,marriage,0.2421052631578947,female,0.2285714285714285,0.05590062088711872,two-strong
5,968,marriage,0.2421052631578947,female,0.2285714285714285,0.05590062088711872,two-strong
5,969,marriage,0.2421052631578947,female,0.2285714285714285,0.05590062088711872,two-strong
5,970,marriage,0.2421052631578947,female,0.2285714285714285,0.05590062088711872,two-strong
5,971,marriage,0.2421052631578947,female,0.2285714285714285,0.05590062088711872,two-strong
5,972,marriage,0.2421052631578947,female,0.2285714285714285,0.05590062088711872,two-strong
5,973,marriage,0.2421052631578947,female,0.2285714285714285,0.05590062088711872,two-strong
5,974,marriage,0.2421052631578947,female,0.2285714285714285,0.05590062088711872,two-strong
5,975,female,0.2859085037103335,family,0.2832680696355693,0.009235241454042647,two-strong
5,976,marriage,0.2421052631578947,female,0.2285714285714285,0.05590062088711872,two-strong
5,977,marriage,0.2421052631578947,female,0.2285714285714285,0.05590062088711872,two-strong
5,978,marriage,0.2421052631578947,female,0.2285714285714285,0.05590062088711872,two-strong
5,979,marriage,0.2421052631578947,female,0.2285714285714285,0.05590062088711872,two-strong
5,980,marriage,0.2421052631578947,female,0.2285714285714285,0.05590062088711872,two-strong
5,981,marriage,0.2421052631578947,female,0.2285714285714285,0.05590062088711872,two-strong
5,982,marriage,0.2421052631578947,female,0.2285714285714285,0.05590062088711872,two-strong
5,983,marriage,0.2421052631578947,female,0.2285714285714285,0.05590062088711872,two-strong
5,984,marriage,0.2421052631578947,female,0.2285714285714285,0.05590062088711872,two-strong
5,985,marriage,0.2421052631578947,female,0.2285714285714285,0.05590062088711872,two-strong
5,986,marriage,0.2421052631578947,female,0.2285714285714285,0.05590062088711872,two-strong
5,987,wealth,0.1973082706766917,family,0.1937109931691975,0.018231762292199808,two-strong
5,988,marriage,0.2434455704478587,female,0.228814935064935,0.06009817839737246,two-strong
5,989,marriage,0.2421052631578947,female,0.2285714285714285,0.05590062088711872,two-strong
5,990,marriage,0.2421052631578947,female,0.2285714285714285,0.05590062088711872,two-strong
5,991,marriage,0.2421052631578947,female,0.2285714285714285,0.05590062088711872,two-strong
5,992,marriage,0.2421052631578947,female,0.2285714285714285,0.05590062088711872,two-strong
5,993,marriage,0.2421052631578947,female,0.2336466165413533,0.034937888054449355,two-strong
5,994,marriage,0.2421052631578947,female,0.2285714285714285,0.05590062088711872,two-strong
5,995,marriage,0.2421052631578947,female,0.2285714285714285,0.05590062088711872,two-strong
5,996,marriage,0.2421052631578947,female,0.2285714285714285,0.05590062088711872,two-strong
5,997,marriage,0.2421052631578947,female,0.2285714285714285,0.05590062088711872,two-strong
5,998,marriage,0.2421052631578947,female,0.2285714285714285,0.05590062088711872,two-strong
5,999,marriage,0.2421052631578947,female,0.2285714285714285,0.05590062088711872,two-strong
5,1000,marriage,0.2421052631578947,female,0.2285714285714285,0.05590062088711872,two-strong
5,1001,marriage,0.2421052631578947,female,0.2285714285714285,0.05590062088711872,two-strong
5,1002,marriage,0.2421052631578947,female,0.2285714285714285,0.05590062088711872,two-strong
5,1003,society,0.2083510302473742,class,0.1589597063646771,0.23705821654443845,leaning
5,1004,marriage,0.2421052631578947,female,0.2285714285714285,0.05590062088711872,two-strong
5,1005,marriage,0.2421052631578947,female,0.2285714285714285,0.05590062088711872,two-strong
5,1006,marriage,0.2421052631578947,female,0.2285714285714285,0.05590062088711872,two-strong
5,1007,marriage,0.2421052631578947,female,0.2285714285714285,0.05590062088711872,two-strong
5,1008,marriage,0.2421052631578947,female,0.2285714285714285,0.05590062088711872,two-strong
5,1009,marriage,0.2421052631578947,female,0.2285714285714285,0.05590062088711872,two-strong
5,1010,marriage,0.2421052631578947,female,0.2285714285714285,0.05590062088711872,two-strong
5,1011,emotion,0.1887155906294662,duty,0.1380804953560371,0.268314318049823,leaning
5,1012,marriage,0.2421052631578947,female,0.2285714285714285,0.05590062088711872,two-strong
5,1013,marriage,0.2421052631578947,female,0.2285714285714285,0.05590062088711872,two-strong
5,1014,marriage,0.2421052631578947,female,0.2285714285714285,0.05590062088711872,two-strong
5,1015,marriage,0.2421052631578947,female,0.2285714285714285,0.05590062088711872,two-strong
5,1016,marriage,0.2421052631578947,female,0.2285714285714285,0.05590062088711872,two-strong
5,1017,marriage,0.2421052631578947,female,0.2285714285714285,0.05590062088711872,two-strong
5,1018,marriage,0.2421052631578947,female,0.2285714285714285,0.05590062088711872,two-strong
5,1019,marriage,0.2421052631578947,female,0.2285714285714285,0.05590062088711872,two-strong
5,1020,marriage,0.2421052631578947,female,0.2285714285714285,0.05590062088711872,two-strong
5,1021,marriage,0.2421052631578947,female,0.2285714285714285,0.05590062088711872,two-strong
5,1022,marriage,0.2421052631578947,female,0.2285714285714285,0.05590062088711872,two-strong
5,1023,marriage,0.2421052631578947,female,0.2285714285714285,0.05590062088711872,two-strong
5,1024,marriage,0.2421052631578947,female,0.2285714285714285,0.05590062088711872,two-strong
5,1025,marriage,0.2421052631578947,female,0.2285714285714285,0.05590062088711872,two-strong
5,1026,marriage,0.2421052631578947,female,0.2285714285714285,0.05590062088711872,two-strong
5,1027,marriage,0.2421052631578947,female,0.2285714285714285,0.05590062088711872,two-strong
5,1028,marriage,0.2421052631578947,female,0.2285714285714285,0.05590062088711872,two-strong
5,1029,marriage,0.2468126838836221,female,0.2336466165413533,0.05334437064479448,two-strong
5,1030,marriage,0.2421052631578947,female,0.2285714285714285,0.05590062088711872,two-strong
5,1031,marriage,0.2421052631578947,female,0.2285714285714285,0.05590062088711872,two-strong
5,1032,marriage,0.2421052631578947,female,0.2285714285714285,0.05590062088711872,two-strong
5,1033,marriage,0.2421052631578947,female,0.2285714285714285,0.05590062088711872,two-strong
5,1034,marriage,0.2421052631578947,female,0.2285714285714285,0.05590062088711872,two-strong
5,1035,marriage,0.2421052631578947,female,0.2285714285714285,0.05590062088711872,two-strong
5,1036,marriage,0.2421052631578947,female,0.2285714285714285,0.05590062088711872,two-strong
5,1037,marriage,0.2421052631578947,female,0.2285714285714285,0.05590062088711872,two-strong
5,1038,marriage,0.2421052631578947,female,0.2285714285714285,0.05590062088711872,two-strong
5,1039,marriage,0.2421052631578947,female,0.2285714285714285,0.05590062088711872,two-strong
5,1040,marriage,0.2421052631578947,female,0.2285714285714285,0.05590062088711872,two-strong
5,1041,marriage,0.2421052631578947,female,0.2285714285714285,0.05590062088711872,two-strong
5,1042,marriage,0.2421052631578947,female,0.2285714285714285,0.05590062088711872,two-strong
5,1043,marriage,0.2421052631578947,female,0.2285714285714285,0.05590062088711872,two-strong
5,1044,marriage,0.2421052631578947,female,0.2285714285714285,0.05590062088711872,two-strong
5,1045,marriage,0.2421052631578947,female,0.2285714285714285,0.05590062088711872,two-strong
5,1046,marriage,0.2421052631578947,female,0.2285714285714285,0.05590062088711872,two-strong
5,1047,marriage,0.2421052631578947,female,0.2285714285714285,0.05590062088711872,two-strong
5,1048,marriage,0.2421052631578947,female,0.2285714285714285,0.05590062088711872,two-strong
5,1049,marriage,0.2421052631578947,female,0.2285714285714285,0.05590062088711872,two-strong
5,1050,marriage,0.2421052631578947,female,0.2285714285714285,0.05590062088711872,two-strong
5,1051,marriage,0.2421052631578947,female,0.2285714285714285,0.05590062088711872,two-strong
5,1052,marriage,0.2421052631578947,female,0.2285714285714285,0.05590062088711872,two-strong
5,1053,marriage,0.2421052631578947,female,0.2285714285714285,0.05590062088711872,two-strong
5,1054,marriage,0.2421052631578947,female,0.2285714285714285,0.05590062088711872,two-strong
5,1055,marriage,0.2421052631578947,female,0.2285714285714285,0.05590062088711872,two-strong
5,1056,marriage,0.2421052631578947,female,0.2285714285714285,0.05590062088711872,two-strong
5,1057,marriage,0.2421052631578947,female,0.2285714285714285,0.05590062088711872,two-strong
5,1058,marriage,0.2421052631578947,female,0.2285714285714285,0.05590062088711872,two-strong
5,1059,marriage,0.2421052631578947,female,0.2285714285714285,0.05590062088711872,two-strong
5,1060,marriage,0.2421052631578947,female,0.2285714285714285,0.05590062088711872,two-strong
5,1061,marriage,0.2421052631578947,female,0.2285714285714285,0.05590062088711872,two-strong
5,1062,marriage,0.2421052631578947,female,0.2285714285714285,0.05590062088711872,two-strong
5,1063,marriage,0.2421052631578947,female,0.2285714285714285,0.05590062088711872,two-strong
5,1064,marriage,0.2421052631578947,female,0.2285714285714285,0.05590062088711872,two-strong
5,1065,marriage,0.2421052631578947,female,0.2285714285714285,0.05590062088711872,two-strong
5,1066,marriage,0.2421052631578947,female,0.2285714285714285,0.05590062088711872,two-strong
5,1067,marriage,0.2421052631578947,female,0.2285714285714285,0.05590062088711872,two-strong
5,1068,marriage,0.2421052631578947,female,0.2285714285714285,0.05590062088711872,two-strong
5,1069,marriage,0.2421052631578947,female,0.2285714285714285,0.05590062088711872,two-strong
5,1070,marriage,0.2421052631578947,female,0.2285714285714285,0.05590062088711872,two-strong
5,1071,marriage,0.2421052631578947,female,0.2285714285714285,0.05590062088711872,two-strong
5,1072,marriage,0.2421052631578947,female,0.2285714285714285,0.05590062088711872,two-strong
5,1073,marriage,0.2421052631578947,female,0.2285714285714285,0.05590062088711872,two-strong
5,1074,marriage,0.2421052631578947,female,0.2285714285714285,0.05590062088711872,two-strong
5,1075,marriage,0.2421052631578947,female,0.2285714285714285,0.05590062088711872,two-strong
5,1076,marriage,0.2421052631578947,female,0.2285714285714285,0.05590062088711872,two-strong
5,1077,marriage,0.2421052631578947,female,0.2285714285714285,0.05590062088711872,two-strong
5,1078,marriage,0.2421052631578947,female,0.2285714285714285,0.05590062088711872,two-strong
5,1079,marriage,0.2421052631578947,female,0.2285714285714285,0.05590062088711872,two-strong
5,1080,marriage,0.2421052631578947,female,0.2285714285714285,0.05590062088711872,two-strong
5,1081,marriage,0.2421052631578947,female,0.2285714285714285,0.05590062088711872,two-strong
5,1082,marriage,0.2421052631578947,female,0.2285714285714285,0.05590062088711872,two-strong
5,1083,marriage,0.2421052631578947,female,0.2285714285714285,0.05590062088711872,two-strong
5,1084,marriage,0.2421052631578947,female,0.2285714285714285,0.05590062088711872,two-strong
5,1085,marriage,0.2421052631578947,female,0.2285714285714285,0.05590062088711872,two-strong
5,1086,marriage,0.2421052631578947,female,0.2285714285714285,0.05590062088711872,two-strong
5,1087,marriage,0.2421052631578947,female,0.2285714285714285,0.05590062088711872,two-strong
5,1088,marriage,0.2421052631578947,female,0.2285714285714285,0.05590062088711872,two-strong
5,1089,marriage,0.2421052631578947,female,0.2285714285714285,0.05590062088711872,two-strong
5,1090,marriage,0.2421052631578947,female,0.2285714285714285,0.05590062088711872,two-strong
5,1091,marriage,0.2421052631578947,female,0.2285714285714285,0.05590062088711872,two-strong
5,1092,marriage,0.2421052631578947,female,0.2285714285714285,0.05590062088711872,two-strong
5,1093,marriage,0.2421052631578947,female,0.2285714285714285,0.05590062088711872,two-strong
5,1094,marriage,0.2421052631578947,female,0.2285714285714285,0.05590062088711872,two-strong
5,1095,marriage,0.2421052631578947,female,0.2285714285714285,0.05590062088711872,two-strong
5,1096,marriage,0.2421052631578947,female,0.2285714285714285,0.05590062088711872,two-strong
5,1097,marriage,0.2421052631578947,female,0.2285714285714285,0.05590062088711872,two-strong
5,1098,marriage,0.2421052631578947,female,0.2285714285714285,0.05590062088711872,two-strong
5,1099,emotion,0.1938827963262408,,,0.9999999948422449,dominant
5,1100,marriage,0.2421052631578947,female,0.2285714285714285,0.05590062088711872,two-strong
5,1101,marriage,0.2421052631578947,female,0.2285714285714285,0.05590062088711872,two-strong
5,1102,marriage,0.2421052631578947,female,0.2285714285714285,0.05590062088711872,two-strong
5,1103,marriage,0.2421052631578947,female,0.2285714285714285,0.05590062088711872,two-strong
5,1104,marriage,0.2421052631578947,female,0.2285714285714285,0.05590062088711872,two-strong
5,1105,marriage,0.2421052631578947,female,0.2285714285714285,0.05590062088711872,two-strong
5,1106,marriage,0.2421052631578947,female,0.2285714285714285,0.05590062088711872,two-strong
5,1107,marriage,0.2421052631578947,female,0.2285714285714285,0.05590062088711872,two-strong
5,1108,marriage,0.2421052631578947,female,0.2285714285714285,0.05590062088711872,two-strong
5,1109,marriage,0.2421052631578947,female,0.2285714285714285,0.05590062088711872,two-strong
5,1110,marriage,0.2421052631578947,female,0.2285714285714285,0.05590062088711872,two-strong
5,1111,marriage,0.2421052631578947,female,0.2285714285714285,0.05590062088711872,two-strong
5,1112,marriage,0.2421052631578947,female,0.2285714285714285,0.05590062088711872,two-strong
5,1113,marriage,0.2421052631578947,female,0.2285714285714285,0.05590062088711872,two-strong
5,1114,marriage,0.2421052631578947,female,0.2285714285714285,0.05590062088711872,two-strong
5,1115,marriage,0.2421052631578947,female,0.2285714285714285,0.05590062088711872,two-strong
5,1116,marriage,0.2421052631578947,female,0.2285714285714285,0.05590062088711872,two-strong
5,1117,society,0.2691418606578734,female,0.221060096237218,0.17864840543376986,two-strong
5,1118,marriage,0.2421052631578947,female,0.2285714285714285,0.05590062088711872,two-strong
5,1119,marriage,0.2421052631578947,female,0.2285714285714285,0.05590062088711872,two-strong
5,1120,marriage,0.2421052631578947,female,0.2285714285714285,0.05590062088711872,two-strong
5,1121,marriage,0.2421052631578947,female,0.2285714285714285,0.05590062088711872,two-strong
5,1122,marriage,0.2421052631578947,female,0.2285714285714285,0.05590062088711872,two-strong
5,1123,marriage,0.2421052631578947,female,0.2285714285714285,0.05590062088711872,two-strong
5,1124,marriage,0.2473453553313522,wealth,0.195134036438878,0.21108671562254908,leaning
5,1125,marriage,0.2421052631578947,female,0.2285714285714285,0.05590062088711872,two-strong
5,1126,marriage,0.2413779012749264,male,0.2360902255639098,0.02190621287691034,two-strong
5,1127,marriage,0.2421052631578947,female,0.2285714285714285,0.05590062088711872,two-strong
5,1128,marriage,0.2421052631578947,female,0.2285714285714285,0.05590062088711872,two-strong
5,1129,marriage,0.2421052631578947,female,0.2285714285714285,0.05590062088711872,two-strong
5,1130,marriage,0.2421052631578947,female,0.2285714285714285,0.05590062088711872,two-strong
5,1131,marriage,0.2421052631578947,female,0.2285714285714285,0.05590062088711872,two-strong
5,1132,marriage,0.2421052631578947,female,0.2285714285714285,0.05590062088711872,two-strong
5,1133,marriage,0.2421052631578947,female,0.2285714285714285,0.05590062088711872,two-strong
5,1134,marriage,0.2421052631578947,female,0.2285714285714285,0.05590062088711872,two-strong
5,1135,marriage,0.2421052631578947,female,0.2285714285714285,0.05590062088711872,two-strong
5,1136,marriage,0.2421052631578947,female,0.2285714285714285,0.05590062088711872,two-strong
5,1137,marriage,0.2421052631578947,female,0.2285714285714285,0.05590062088711872,two-strong
5,1138,marriage,0.2421052631578947,female,0.2285714285714285,0.05590062088711872,two-strong
5,1139,marriage,0.2421052631578947,female,0.2285714285714285,0.05590062088711872,two-strong
5,1140,marriage,0.2421052631578947,female,0.2285714285714285,0.05590062088711872,two-strong
5,1141,marriage,0.2421052631578947,female,0.2285714285714285,0.05590062088711872,two-strong
5,1142,marriage,0.2421052631578947,female,0.2285714285714285,0.05590062088711872,two-strong
5,1143,marriage,0.2426718971341397,female,0.2285714285714285,0.05810507385126642,two-strong
5,1144,marriage,0.2421052631578947,female,0.2285714285714285,0.05590062088711872,two-strong
5,1145,marriage,0.2421052631578947,female,0.2285714285714285,0.05590062088711872,two-strong
5,1146,marriage,0.2421052631578947,female,0.2285714285714285,0.05590062088711872,two-strong
5,1147,marriage,0.2421052631578947,female,0.2285714285714285,0.05590062088711872,two-strong
5,1148,marriage,0.2421052631578947,female,0.2285714285714285,0.05590062088711872,two-strong
5,1149,marriage,0.2421052631578947,female,0.2285714285714285,0.05590062088711872,two-strong
5,1150,marriage,0.2421052631578947,female,0.2285714285714285,0.05590062088711872,two-strong
5,1151,marriage,0.2421052631578947,female,0.2285714285714285,0.05590062088711872,two-strong
5,1152,marriage,0.2421052631578947,female,0.2285714285714285,0.05590062088711872,two-strong
5,1153,marriage,0.2421052631578947,female,0.2285714285714285,0.05590062088711872,two-strong
5,1154,marriage,0.2421052631578947,female,0.2285714285714285,0.05590062088711872,two-strong
5,1155,marriage,0.2421052631578947,female,0.2285714285714285,0.05590062088711872,two-strong
5,1156,marriage,0.2421052631578947,female,0.2285714285714285,0.05590062088711872,two-strong
5,1157,marriage,0.2421052631578947,female,0.2285714285714285,0.05590062088711872,two-strong
5,1158,marriage,0.2421052631578947,female,0.2285714285714285,0.05590062088711872,two-strong
5,1159,society,0.2766802502439304,emotion,0.1908241678576606,0.3103079529538819,leaning
5,1160,marriage,0.2421052631578947,female,0.2285714285714285,0.05590062088711872,two-strong
5,1161,marriage,0.2584071593337636,female,0.2296477292360471,0.11129502007827607,two-strong
5,1162,marriage,0.2421052631578947,female,0.2285714285714285,0.05590062088711872,two-strong
5,1163,marriage,0.2421052631578947,female,0.2285714285714285,0.05590062088711872,two-strong
5,1164,marriage,0.2421052631578947,female,0.2285714285714285,0.05590062088711872,two-strong
5,1165,marriage,0.2421052631578947,female,0.2285714285714285,0.05590062088711872,two-strong
5,1166,marriage,0.2421052631578947,female,0.2285714285714285,0.05590062088711872,two-strong
5,1167,marriage,0.2421052631578947,female,0.2285714285714285,0.05590062088711872,two-strong
5,1168,marriage,0.2421052631578947,female,0.2285714285714285,0.05590062088711872,two-strong
5,1169,marriage,0.2421052631578947,female,0.2285714285714285,0.05590062088711872,two-strong
5,1170,marriage,0.2421052631578947,female,0.2285714285714285,0.05590062088711872,two-strong
5,1171,marriage,0.2421052631578947,female,0.2285714285714285,0.05590062088711872,two-strong
5,1172,marriage,0.2401302168464639,female,0.2267387218045112,0.055767637917669484,two-strong
5,1173,marriage,0.2421052631578947,female,0.2285714285714285,0.05590062088711872,two-strong
5,1174,marriage,0.2421052631578947,female,0.2285714285714285,0.05590062088711872,two-strong
5,1175,marriage,0.2421052631578947,female,0.2285714285714285,0.05590062088711872,two-strong
5,1176,marriage,0.2421052631578947,female,0.2285714285714285,0.05590062088711872,two-strong
5,1177,marriage,0.2421052631578947,female,0.2285714285714285,0.05590062088711872,two-strong
5,1178,marriage,0.2421052631578947,female,0.2285714285714285,0.05590062088711872,two-strong
5,1179,marriage,0.2468126838836221,female,0.2285714285714285,0.07390728446876531,two-strong
5,1180,marriage,0.2421052631578947,female,0.2285714285714285,0.05590062088711872,two-strong
5,1181,marriage,0.2421052631578947,female,0.2285714285714285,0.05590062088711872,two-strong
5,1182,marriage,0.2421052631578947,female,0.2285714285714285,0.05590062088711872,two-strong
5,1183,marriage,0.2421052631578947,female,0.2285714285714285,0.05590062088711872,two-strong
5,1184,marriage,0.2421052631578947,female,0.2285714285714285,0.05590062088711872,two-strong
5,1185,marriage,0.2421052631578947,female,0.2285714285714285,0.05590062088711872,two-strong
5,1186,marriage,0.2421052631578947,female,0.2285714285714285,0.05590062088711872,two-strong
5,1187,marriage,0.2421052631578947,female,0.2285714285714285,0.05590062088711872,two-strong
5,1188,marriage,0.2421052631578947,female,0.2285714285714285,0.05590062088711872,two-strong
5,1189,marriage,0.2421052631578947,female,0.2285714285714285,0.05590062088711872,two-strong
5,1190,marriage,0.2421052631578947,female,0.2285714285714285,0.05590062088711872,two-strong
5,1191,marriage,0.2421052631578947,female,0.2285714285714285,0.05590062088711872,two-strong
5,1192,marriage,0.2468126838836221,female,0.2336466165413533,0.05334437064479448,two-strong
5,1193,female,0.3300116704526366,marriage,0.3268758681318161,0.009502095204746411,two-strong
5,1194,marriage,0.2421052631578947,female,0.2285714285714285,0.05590062088711872,two-strong
5,1195,marriage,0.2421052631578947,female,0.2285714285714285,0.05590062088711872,two-strong
5,1196,marriage,0.2421052631578947,female,0.2285714285714285,0.05590062088711872,two-strong
5,1197,marriage,0.2421052631578947,female,0.2285714285714285,0.05590062088711872,two-strong
5,1198,marriage,0.2421052631578947,female,0.2285714285714285,0.05590062088711872,two-strong
5,1199,marriage,0.2356875176485885,emotion,0.235502051422702,0.000786915772841711,two-strong
5,1200,marriage,0.2421052631578947,female,0.2285714285714285,0.05590062088711872,two-strong
5,1201,marriage,0.2421052631578947,female,0.2285714285714285,0.05590062088711872,two-strong
5,1202,marriage,0.2421052631578947,female,0.2285714285714285,0.05590062088711872,two-strong
5,1203,marriage,0.2421052631578947,female,0.2285714285714285,0.05590062088711872,two-strong
5,1204,marriage,0.2421052631578947,female,0.2285714285714285,0.05590062088711872,two-strong
5,1205,marriage,0.2421052631578947,female,0.2285714285714285,0.05590062088711872,two-strong
5,1206,marriage,0.2421052631578947,female,0.2285714285714285,0.05590062088711872,two-strong
5,1207,marriage,0.2421052631578947,female,0.2285714285714285,0.05590062088711872,two-strong
5,1208,marriage,0.2421052631578947,female,0.2285714285714285,0.05590062088711872,two-strong
5,1209,marriage,0.2421052631578947,female,0.2285714285714285,0.05590062088711872,two-strong
5,1210,marriage,0.2421052631578947,female,0.2285714285714285,0.05590062088711872,two-strong
5,1211,marriage,0.2421052631578947,female,0.2285714285714285,0.05590062088711872,two-strong
5,1212,marriage,0.2421052631578947,female,0.2285714285714285,0.05590062088711872,two-strong
5,1213,marriage,0.2421052631578947,female,0.2285714285714285,0.05590062088711872,two-strong
5,1214,marriage,0.2421052631578947,female,0.2285714285714285,0.05590062088711872,two-strong
5,1215,marriage,0.2421052631578947,female,0.2285714285714285,0.05590062088711872,two-strong
5,1216,marriage,0.2421052631578947,female,0.2285714285714285,0.05590062088711872,two-strong
5,1217,marriage,0.2421052631578947,female,0.2285714285714285,0.05590062088711872,two-strong
5,1218,marriage,0.2421052631578947,female,0.2285714285714285,0.05590062088711872,two-strong
5,1219,marriage,0.2421052631578947,female,0.2285714285714285,0.05590062088711872,two-strong
5,1220,marriage,0.2421052631578947,female,0.2285714285714285,0.05590062088711872,two-strong
5,1221,marriage,0.2421052631578947,female,0.2285714285714285,0.05590062088711872,two-strong
5,1222,marriage,0.2421052631578947,female,0.2285714285714285,0.05590062088711872,two-strong
5,1223,marriage,0.2421052631578947,female,0.2285714285714285,0.05590062088711872,two-strong
5,1224,marriage,0.2421052631578947,female,0.2285714285714285,0.05590062088711872,two-strong
5,1225,marriage,0.2421052631578947,female,0.2285714285714285,0.05590062088711872,two-strong
5,1226,marriage,0.2421052631578947,female,0.2285714285714285,0.05590062088711872,two-strong
5,1227,marriage,0.2421052631578947,female,0.2285714285714285,0.05590062088711872,two-strong
5,1228,marriage,0.2421052631578947,female,0.2285714285714285,0.05590062088711872,two-strong
5,1229,marriage,0.2421052631578947,female,0.2285714285714285,0.05590062088711872,two-strong
5,1230,marriage,0.2421052631578947,female,0.2292606516290727,0.05305383000860774,two-strong
5,1231,marriage,0.2421052631578947,female,0.2285714285714285,0.05590062088711872,two-strong
5,1232,emotion,0.2286714057533206,marriage,0.2284537221856259,0.0009519492217473405,two-strong
5,1233,marriage,0.2349732100064568,female,0.2218456619942358,0.055868275179080995,two-strong
5,1234,marriage,0.2421052631578947,female,0.2285714285714285,0.05590062088711872,two-strong
5,1235,marriage,0.2421052631578947,female,0.2285714285714285,0.05590062088711872,two-strong
5,1236,marriage,0.2421052631578947,female,0.2285714285714285,0.05590062088711872,two-strong
5,1237,marriage,0.2421052631578947,female,0.2285714285714285,0.05590062088711872,two-strong
5,1238,marriage,0.2421052631578947,female,0.2303571428571428,0.048524844520068375,two-strong
5,1239,marriage,0.2421052631578947,female,0.2285714285714285,0.05590062088711872,two-strong
5,1240,marriage,0.2421052631578947,female,0.2285714285714285,0.05590062088711872,two-strong
5,1241,marriage,0.2421052631578947,female,0.2285714285714285,0.05590062088711872,two-strong
5,1242,marriage,0.2421052631578947,female,0.2285714285714285,0.05590062088711872,two-strong
5,1243,marriage,0.2421052631578947,female,0.2285714285714285,0.05590062088711872,two-strong
5,1244,marriage,0.2421052631578947,female,0.2285714285714285,0.05590062088711872,two-strong
5,1245,marriage,0.2421052631578947,female,0.2285714285714285,0.05590062088711872,two-strong
5,1246,marriage,0.2421052631578947,female,0.2285714285714285,0.05590062088711872,two-strong
5,1247,marriage,0.2421052631578947,female,0.2285714285714285,0.05590062088711872,two-strong
5,1248,marriage,0.2421052631578947,female,0.2285714285714285,0.05590062088711872,two-strong
5,1249,marriage,0.2421052631578947,female,0.2285714285714285,0.05590062088711872,two-strong
5,1250,marriage,0.2421052631578947,female,0.2285714285714285,0.05590062088711872,two-strong
5,1251,marriage,0.2421052631578947,female,0.2285714285714285,0.05590062088711872,two-strong
5,1252,marriage,0.2421052631578947,female,0.2285714285714285,0.05590062088711872,two-strong
5,1253,marriage,0.2421052631578947,female,0.2285714285714285,0.05590062088711872,two-strong
5,1254,marriage,0.2421052631578947,female,0.2285714285714285,0.05590062088711872,two-strong
5,1255,marriage,0.2421052631578947,female,0.2285714285714285,0.05590062088711872,two-strong
5,1256,marriage,0.2421052631578947,female,0.2285714285714285,0.05590062088711872,two-strong
5,1257,marriage,0.2421052631578947,female,0.2285714285714285,0.05590062088711872,two-strong
5,1258,marriage,0.2421052631578947,female,0.2285714285714285,0.05590062088711872,two-strong
5,1259,marriage,0.2421052631578947,female,0.2285714285714285,0.05590062088711872,two-strong
5,1260,marriage,0.2421052631578947,female,0.2285714285714285,0.05590062088711872,two-strong
5,1261,marriage,0.2421052631578947,female,0.2285714285714285,0.05590062088711872,two-strong
5,1262,marriage,0.2421052631578947,female,0.2285714285714285,0.05590062088711872,two-strong
5,1263,marriage,0.2421052631578947,female,0.2285714285714285,0.05590062088711872,two-strong
5,1264,marriage,0.2421052631578947,female,0.2285714285714285,0.05590062088711872,two-strong
5,1265,marriage,0.2421052631578947,female,0.2285714285714285,0.05590062088711872,two-strong
5,1266,marriage,0.2421052631578947,female,0.2285714285714285,0.05590062088711872,two-strong
5,1267,marriage,0.2421052631578947,female,0.2285714285714285,0.05590062088711872,two-strong
5,1268,marriage,0.2421052631578947,female,0.2285714285714285,0.05590062088711872,two-strong
5,1269,marriage,0.2421052631578947,female,0.2285714285714285,0.05590062088711872,two-strong
5,1270,marriage,0.2421052631578947,female,0.2285714285714285,0.05590062088711872,two-strong
5,1271,marriage,0.2468126838836221,female,0.2285714285714285,0.07390728446876531,two-strong
5,1272,marriage,0.2421052631578947,female,0.2285714285714285,0.05590062088711872,two-strong
5,1273,marriage,0.2421052631578947,female,0.2285714285714285,0.05590062088711872,two-strong
5,1274,marriage,0.2421052631578947,female,0.2285714285714285,0.05590062088711872,two-strong
5,1275,marriage,0.2421052631578947,female,0.2285714285714285,0.05590062088711872,two-strong
5,1276,marriage,0.2421052631578947,female,0.2285714285714285,0.05590062088711872,two-strong
5,1277,marriage,0.2421052631578947,female,0.2285714285714285,0.05590062088711872,two-strong
5,1278,marriage,0.2421052631578947,female,0.2285714285714285,0.05590062088711872,two-strong
5,1279,marriage,0.2421052631578947,female,0.2285714285714285,0.05590062088711872,two-strong
5,1280,marriage,0.2421052631578947,female,0.2285714285714285,0.05590062088711872,two-strong
5,1281,marriage,0.2421052631578947,female,0.2285714285714285,0.05590062088711872,two-strong
5,1282,marriage,0.2421052631578947,female,0.2285714285714285,0.05590062088711872,two-strong
5,1283,marriage,0.2421052631578947,female,0.2285714285714285,0.05590062088711872,two-strong
5,1284,marriage,0.2421052631578947,female,0.2285714285714285,0.05590062088711872,two-strong
5,1285,marriage,0.2421052631578947,female,0.2285714285714285,0.05590062088711872,two-strong
5,1286,marriage,0.2421052631578947,female,0.2285714285714285,0.05590062088711872,two-strong
5,1287,marriage,0.2421052631578947,female,0.2285714285714285,0.05590062088711872,two-strong
5,1288,marriage,0.2421052631578947,female,0.2285714285714285,0.05590062088711872,two-strong
5,1289,marriage,0.2421052631578947,female,0.2285714285714285,0.05590062088711872,two-strong
5,1290,marriage,0.2421052631578947,female,0.2285714285714285,0.05590062088711872,two-strong
5,1291,marriage,0.2421052631578947,female,0.2285714285714285,0.05590062088711872,two-strong
5,1292,marriage,0.2421052631578947,female,0.2285714285714285,0.05590062088711872,two-strong
5,1293,marriage,0.2421052631578947,female,0.2285714285714285,0.05590062088711872,two-strong
5,1294,marriage,0.2421052631578947,female,0.2285714285714285,0.05590062088711872,two-strong
5,1295,marriage,0.2421052631578947,female,0.2285714285714285,0.05590062088711872,two-strong
5,1296,marriage,0.2421052631578947,female,0.2285714285714285,0.05590062088711872,two-strong
5,1297,marriage,0.2421052631578947,female,0.2285714285714285,0.05590062088711872,two-strong
5,1298,marriage,0.2421052631578947,female,0.2285714285714285,0.05590062088711872,two-strong
5,1299,family,0.2660263610538517,society,0.1845516640188436,0.3062655009299987,leaning
5,1300,marriage,0.2421052631578947,female,0.2285714285714285,0.05590062088711872,two-strong
5,1301,marriage,0.2421052631578947,female,0.2285714285714285,0.05590062088711872,two-strong
5,1302,marriage,0.2421052631578947,female,0.2285714285714285,0.05590062088711872,two-strong
5,1303,marriage,0.2421052631578947,female,0.2285714285714285,0.05590062088711872,two-strong
5,1304,love,0.1408175611442399,,,0.9999999928986131,dominant
5,1305,marriage,0.2421052631578947,female,0.2285714285714285,0.05590062088711872,two-strong
5,1306,marriage,0.2421052631578947,female,0.2285714285714285,0.05590062088711872,two-strong
5,1307,marriage,0.2421052631578947,female,0.2285714285714285,0.05590062088711872,two-strong
5,1308,marriage,0.2421052631578947,female,0.2285714285714285,0.05590062088711872,two-strong
5,1309,marriage,0.2421052631578947,female,0.2285714285714285,0.05590062088711872,two-strong
5,1310,marriage,0.2421052631578947,female,0.2285714285714285,0.05590062088711872,two-strong
5,1311,marriage,0.2421052631578947,female,0.2285714285714285,0.05590062088711872,two-strong
5,1312,marriage,0.2421052631578947,female,0.2285714285714285,0.05590062088711872,two-strong
5,1313,marriage,0.2421052631578947,female,0.2285714285714285,0.05590062088711872,two-strong
5,1314,marriage,0.2421052631578947,female,0.2285714285714285,0.05590062088711872,two-strong
5,1315,marriage,0.2421052631578947,female,0.2285714285714285,0.05590062088711872,two-strong
5,1316,marriage,0.2421052631578947,female,0.2285714285714285,0.05590062088711872,two-strong
5,1317,marriage,0.2421052631578947,female,0.2285714285714285,0.05590062088711872,two-strong
5,1318,marriage,0.2421052631578947,female,0.2285714285714285,0.05590062088711872,two-strong
5,1319,marriage,0.2421052631578947,female,0.2285714285714285,0.05590062088711872,two-strong
5,1320,marriage,0.2394297707059532,male,0.1714499930042311,0.2839236625310278,leaning
5,1321,marriage,0.2421052631578947,female,0.2285714285714285,0.05590062088711872,two-strong
5,1322,marriage,0.2421052631578947,female,0.2285714285714285,0.05590062088711872,two-strong
5,1323,male,0.2255441960499295,family,0.2254765249702486,0.0003000346742059576,two-strong
5,1324,marriage,0.2421052631578947,female,0.2285714285714285,0.05590062088711872,two-strong
5,1325,marriage,0.2421052631578947,female,0.2285714285714285,0.05590062088711872,two-strong
5,1326,marriage,0.2421052631578947,female,0.2285714285714285,0.05590062088711872,two-strong
5,1327,marriage,0.2421052631578947,female,0.2285714285714285,0.05590062088711872,two-strong
5,1328,marriage,0.2421052631578947,female,0.2285714285714285,0.05590062088711872,two-strong
5,1329,marriage,0.2421052631578947,female,0.2285714285714285,0.05590062088711872,two-strong
5,1330,marriage,0.2421052631578947,female,0.2285714285714285,0.05590062088711872,two-strong
5,1331,marriage,0.2421052631578947,female,0.2285714285714285,0.05590062088711872,two-strong
5,1332,marriage,0.2421052631578947,female,0.2285714285714285,0.05590062088711872,two-strong
5,1333,marriage,0.2421052631578947,female,0.2285714285714285,0.05590062088711872,two-strong
5,1334,marriage,0.2421052631578947,female,0.2285714285714285,0.05590062088711872,two-strong
5,1335,marriage,0.2421052631578947,female,0.2285714285714285,0.05590062088711872,two-strong
5,1336,marriage,0.2421052631578947,female,0.2285714285714285,0.05590062088711872,two-strong
5,1337,marriage,0.2421052631578947,female,0.2285714285714285,0.05590062088711872,two-strong
5,1338,marriage,0.2421052631578947,female,0.2285714285714285,0.05590062088711872,two-strong
5,1339,marriage,0.2421052631578947,female,0.2285714285714285,0.05590062088711872,two-strong
5,1340,marriage,0.2421052631578947,female,0.2285714285714285,0.05590062088711872,two-strong
5,1341,marriage,0.2421052631578947,female,0.2285714285714285,0.05590062088711872,two-strong
5,1342,marriage,0.2421052631578947,female,0.2285714285714285,0.05590062088711872,two-strong
5,1343,marriage,0.2421052631578947,female,0.2285714285714285,0.05590062088711872,two-strong
5,1344,marriage,0.2421052631578947,female,0.2285714285714285,0.05590062088711872,two-strong
5,1345,emotion,0.2126506052707201,love,0.1467658599675262,0.3098262754036906,leaning
5,1346,marriage,0.2421052631578947,female,0.2285714285714285,0.05590062088711872,two-strong
5,1347,marriage,0.2421052631578947,female,0.2285714285714285,0.05590062088711872,two-strong
5,1348,marriage,0.2421052631578947,female,0.2285714285714285,0.05590062088711872,two-strong
5,1349,marriage,0.2421052631578947,female,0.2285714285714285,0.05590062088711872,two-strong
5,1350,marriage,0.2421052631578947,female,0.2285714285714285,0.05590062088711872,two-strong
5,1351,marriage,0.2421052631578947,female,0.2285714285714285,0.05590062088711872,two-strong
5,1352,marriage,0.2421052631578947,female,0.2285714285714285,0.05590062088711872,two-strong
5,1353,marriage,0.2421052631578947,female,0.2285714285714285,0.05590062088711872,two-strong
5,1354,marriage,0.2421052631578947,female,0.2285714285714285,0.05590062088711872,two-strong
5,1355,marriage,0.2421052631578947,female,0.2285714285714285,0.05590062088711872,two-strong
5,1356,marriage,0.2421052631578947,female,0.2285714285714285,0.05590062088711872,two-strong
5,1357,marriage,0.2421052631578947,female,0.2285714285714285,0.05590062088711872,two-strong
5,1358,marriage,0.2421052631578947,female,0.2285714285714285,0.05590062088711872,two-strong
5,1359,marriage,0.3175435268956051,female,0.3159571676707509,0.004995722115223699,two-strong
5,1360,marriage,0.2421052631578947,female,0.2285714285714285,0.05590062088711872,two-strong
5,1361,marriage,0.2421052631578947,female,0.2285714285714285,0.05590062088711872,two-strong
5,1362,marriage,0.2421052631578947,female,0.2285714285714285,0.05590062088711872,two-strong
5,1363,marriage,0.2421052631578947,female,0.2285714285714285,0.05590062088711872,two-strong
5,1364,marriage,0.2421052631578947,female,0.2285714285714285,0.05590062088711872,two-strong
5,1365,marriage,0.2421052631578947,female,0.2285714285714285,0.05590062088711872,two-strong
5,1366,marriage,0.2421052631578947,female,0.2285714285714285,0.05590062088711872,two-strong
5,1367,marriage,0.2421052631578947,female,0.2285714285714285,0.05590062088711872,two-strong
5,1368,marriage,0.2421052631578947,female,0.2285714285714285,0.05590062088711872,two-strong
5,1369,marriage,0.2421052631578947,female,0.2285714285714285,0.05590062088711872,two-strong
5,1370,marriage,0.2421052631578947,female,0.2285714285714285,0.05590062088711872,two-strong
5,1371,marriage,0.2421052631578947,female,0.2285714285714285,0.05590062088711872,two-strong
5,1372,marriage,0.2421052631578947,female,0.2285714285714285,0.05590062088711872,two-strong
5,1373,marriage,0.2421052631578947,female,0.2285714285714285,0.05590062088711872,two-strong
5,1374,marriage,0.2421052631578947,female,0.2285714285714285,0.05590062088711872,two-strong
5,1375,marriage,0.2421052631578947,female,0.2285714285714285,0.05590062088711872,two-strong
5,1376,marriage,0.2421052631578947,female,0.2285714285714285,0.05590062088711872,two-strong
5,1377,marriage,0.2421052631578947,female,0.2285714285714285,0.05590062088711872,two-strong
5,1378,society,0.2485767944185176,marriage,0.241793430494845,0.027288805909062235,two-strong
5,1379,marriage,0.2421052631578947,female,0.2285714285714285,0.05590062088711872,two-strong
5,1380,marriage,0.2421052631578947,female,0.2285714285714285,0.05590062088711872,two-strong
5,1381,marriage,0.2421052631578947,female,0.2285714285714285,0.05590062088711872,two-strong
5,1382,marriage,0.2421052631578947,female,0.2285714285714285,0.05590062088711872,two-strong
5,1383,marriage,0.2421052631578947,female,0.2285714285714285,0.05590062088711872,two-strong
5,1384,marriage,0.2421052631578947,female,0.2285714285714285,0.05590062088711872,two-strong
5,1385,marriage,0.2421052631578947,female,0.2285714285714285,0.05590062088711872,two-strong
5,1386,marriage,0.2421052631578947,female,0.2285714285714285,0.05590062088711872,two-strong
5,1387,marriage,0.2421052631578947,female,0.2285714285714285,0.05590062088711872,two-strong
5,1388,marriage,0.2421052631578947,female,0.2285714285714285,0.05590062088711872,two-strong
5,1389,marriage,0.2421052631578947,female,0.2285714285714285,0.05590062088711872,two-strong
5,1390,marriage,0.2410451594825573,female,0.2275375939849624,0.05603748886952806,two-strong
5,1391,marriage,0.2421052631578947,female,0.2285714285714285,0.05590062088711872,two-strong
5,1392,marriage,0.2421052631578947,female,0.2285714285714285,0.05590062088711872,two-strong
5,1393,marriage,0.2421052631578947,female,0.2285714285714285,0.05590062088711872,two-strong
5,1394,marriage,0.2421052631578947,female,0.2285714285714285,0.05590062088711872,two-strong
5,1395,marriage,0.2421052631578947,female,0.2285714285714285,0.05590062088711872,two-strong
5,1396,marriage,0.2421052631578947,female,0.2336466165413533,0.034937888054449355,two-strong
5,1397,marriage,0.2421052631578947,female,0.2285714285714285,0.05590062088711872,two-strong
5,1398,marriage,0.2421052631578947,female,0.2285714285714285,0.05590062088711872,two-strong
5,1399,marriage,0.2421052631578947,female,0.2285714285714285,0.05590062088711872,two-strong
5,1400,marriage,0.2421052631578947,female,0.2285714285714285,0.05590062088711872,two-strong
5,1401,marriage,0.2421052631578947,female,0.2285714285714285,0.05590062088711872,two-strong
5,1402,marriage,0.2421052631578947,female,0.2285714285714285,0.05590062088711872,two-strong
5,1403,marriage,0.2468126838836221,female,0.2285714285714285,0.07390728446876531,two-strong
5,1404,marriage,0.2421052631578947,female,0.2285714285714285,0.05590062088711872,two-strong
5,1405,marriage,0.2421052631578947,female,0.2285714285714285,0.05590062088711872,two-strong
5,1406,marriage,0.2421052631578947,female,0.2285714285714285,0.05590062088711872,two-strong
5,1407,marriage,0.2421052631578947,female,0.2285714285714285,0.05590062088711872,two-strong
5,1408,marriage,0.2421052631578947,female,0.2285714285714285,0.05590062088711872,two-strong
5,1409,marriage,0.2421052631578947,female,0.2285714285714285,0.05590062088711872,two-strong
5,1410,marriage,0.2421052631578947,female,0.2285714285714285,0.05590062088711872,two-strong
5,1411,marriage,0.2421052631578947,female,0.2285714285714285,0.05590062088711872,two-strong
5,1412,marriage,0.2421052631578947,female,0.2285714285714285,0.05590062088711872,two-strong
5,1413,marriage,0.2421052631578947,female,0.2285714285714285,0.05590062088711872,two-strong
5,1414,marriage,0.2421052631578947,female,0.2275824504442925,0.059985530525808,two-strong
5,1415,marriage,0.2421052631578947,female,0.2285714285714285,0.05590062088711872,two-strong
5,1416,marriage,0.2421052631578947,female,0.2285714285714285,0.05590062088711872,two-strong
5,1417,marriage,0.2421052631578947,female,0.2285714285714285,0.05590062088711872,two-strong
5,1418,marriage,0.2421052631578947,female,0.2285714285714285,0.05590062088711872,two-strong
5,1419,marriage,0.2421052631578947,female,0.2285714285714285,0.05590062088711872,two-strong
5,1420,marriage,0.2421052631578947,female,0.2285714285714285,0.05590062088711872,two-strong
5,1421,marriage,0.2421052631578947,female,0.2285714285714285,0.05590062088711872,two-strong
5,1422,marriage,0.2421052631578947,female,0.2285714285714285,0.05590062088711872,two-strong
5,1423,marriage,0.2421052631578947,female,0.2285714285714285,0.05590062088711872,two-strong
5,1424,marriage,0.2421052631578947,female,0.2285714285714285,0.05590062088711872,two-strong
5,1425,marriage,0.2421052631578947,female,0.2285714285714285,0.05590062088711872,two-strong
5,1426,marriage,0.2421052631578947,female,0.2285714285714285,0.05590062088711872,two-strong
5,1427,marriage,0.2421052631578947,female,0.2285714285714285,0.05590062088711872,two-strong
5,1428,marriage,0.2421052631578947,female,0.2285714285714285,0.05590062088711872,two-strong
5,1429,marriage,0.2421052631578947,female,0.2285714285714285,0.05590062088711872,two-strong
5,1430,marriage,0.2421052631578947,female,0.2285714285714285,0.05590062088711872,two-strong
5,1431,marriage,0.2421052631578947,female,0.2285714285714285,0.05590062088711872,two-strong
5,1432,marriage,0.2421052631578947,female,0.2285714285714285,0.05590062088711872,two-strong
5,1433,marriage,0.2421052631578947,female,0.2285714285714285,0.05590062088711872,two-strong
5,1434,marriage,0.2421052631578947,female,0.2285714285714285,0.05590062088711872,two-strong
5,1435,marriage,0.3162135157088827,female,0.2254588370468611,0.2870044253850588,leaning
5,1436,marriage,0.2421052631578947,female,0.2285714285714285,0.05590062088711872,two-strong
5,1437,marriage,0.2421052631578947,female,0.2285714285714285,0.05590062088711872,two-strong
5,1438,female,0.3166443613928065,male,0.2392204931299815,0.24451364830168185,leaning
5,1439,marriage,0.2421052631578947,female,0.2285714285714285,0.05590062088711872,two-strong
5,1440,marriage,0.2421052631578947,female,0.2285714285714285,0.05590062088711872,two-strong
5,1441,marriage,0.2421052631578947,female,0.2285714285714285,0.05590062088711872,two-strong
5,1442,marriage,0.2421052631578947,female,0.2285714285714285,0.05590062088711872,two-strong
5,1443,marriage,0.3448581147596036,emotion,0.1853450233203385,0.46254701324894937,leaning
5,1444,marriage,0.2421052631578947,female,0.2285714285714285,0.05590062088711872,two-strong
5,1445,marriage,0.2421052631578947,female,0.2285714285714285,0.05590062088711872,two-strong
5,1446,marriage,0.2421052631578947,female,0.2285714285714285,0.05590062088711872,two-strong
5,1447,marriage,0.2421052631578947,female,0.2285714285714285,0.05590062088711872,two-strong
5,1448,marriage,0.2421052631578947,female,0.2285714285714285,0.05590062088711872,two-strong
5,1449,marriage,0.2421052631578947,female,0.2285714285714285,0.05590062088711872,two-strong
5,1450,marriage,0.2421052631578947,female,0.2285714285714285,0.05590062088711872,two-strong
5,1451,marriage,0.2421052631578947,female,0.2285714285714285,0.05590062088711872,two-strong
5,1452,marriage,0.2421052631578947,female,0.2285714285714285,0.05590062088711872,two-strong
5,1453,marriage,0.2421052631578947,female,0.2285714285714285,0.05590062088711872,two-strong
5,1454,marriage,0.2421052631578947,female,0.2285714285714285,0.05590062088711872,two-strong
5,1455,marriage,0.2421052631578947,female,0.2285714285714285,0.05590062088711872,two-strong
5,1456,marriage,0.2421052631578947,female,0.2285714285714285,0.05590062088711872,two-strong
5,1457,marriage,0.2414678849141764,female,0.2388551930002663,0.01082003888019586,two-strong
5,1458,female,0.3087235401737983,marriage,0.2253302486252024,0.27012287832513887,leaning
5,1459,marriage,0.2421052631578947,female,0.2285714285714285,0.05590062088711872,two-strong
5,1460,marriage,0.2421052631578947,female,0.2285714285714285,0.05590062088711872,two-strong
5,1461,marriage,0.2421052631578947,female,0.2285714285714285,0.05590062088711872,two-strong
5,1462,marriage,0.2421052631578947,female,0.2285714285714285,0.05590062088711872,two-strong
5,1463,marriage,0.2421052631578947,female,0.2285714285714285,0.05590062088711872,two-strong
5,1464,marriage,0.2421052631578947,female,0.2285714285714285,0.05590062088711872,two-strong
5,1465,marriage,0.2525837326231721,female,0.2250508660874322,0.10900490756390503,two-strong
5,1466,marriage,0.2421052631578947,female,0.2285714285714285,0.05590062088711872,two-strong
5,1467,marriage,0.2421052631578947,female,0.2285714285714285,0.05590062088711872,two-strong
5,1468,marriage,0.2421052631578947,female,0.2285714285714285,0.05590062088711872,two-strong
5,1469,marriage,0.2387762437631366,family,0.2062815343687701,0.13608853521672942,two-strong
5,1470,marriage,0.2421052631578947,female,0.2285714285714285,0.05590062088711872,two-strong
5,1471,marriage,0.2477933965348153,family,0.1857437711926876,0.2504087112870296,leaning
5,1472,marriage,0.2421052631578947,female,0.2285714285714285,0.05590062088711872,two-strong
5,1473,marriage,0.2421052631578947,female,0.2285714285714285,0.05590062088711872,two-strong
5,1474,marriage,0.2421052631578947,female,0.2285714285714285,0.05590062088711872,two-strong
5,1475,marriage,0.2421052631578947,female,0.2285714285714285,0.05590062088711872,two-strong
5,1476,marriage,0.2421052631578947,female,0.2285714285714285,0.05590062088711872,two-strong
5,1477,marriage,0.2421052631578947,female,0.2285714285714285,0.05590062088711872,two-strong
5,1478,marriage,0.2421052631578947,female,0.2336466165413533,0.034937888054449355,two-strong
5,1479,marriage,0.2421052631578947,female,0.2285714285714285,0.05590062088711872,two-strong
5,1480,marriage,0.2421052631578947,female,0.2285714285714285,0.05590062088711872,two-strong
5,1481,marriage,0.2421052631578947,female,0.2285714285714285,0.05590062088711872,two-strong
5,1482,marriage,0.2421052631578947,female,0.2285714285714285,0.05590062088711872,two-strong
5,1483,marriage,0.2421052631578947,female,0.2285714285714285,0.05590062088711872,two-strong
5,1484,marriage,0.2421052631578947,female,0.2285714285714285,0.05590062088711872,two-strong
5,1485,marriage,0.2421052631578947,female,0.2285714285714285,0.05590062088711872,two-strong
5,1486,marriage,0.2421052631578947,female,0.2285714285714285,0.05590062088711872,two-strong
5,1487,marriage,0.2421052631578947,female,0.2285714285714285,0.05590062088711872,two-strong
5,1488,marriage,0.2421052631578947,female,0.2285714285714285,0.05590062088711872,two-strong
5,1489,marriage,0.2421052631578947,female,0.2285714285714285,0.05590062088711872,two-strong
5,1490,marriage,0.2421052631578947,female,0.2285714285714285,0.05590062088711872,two-strong
5,1491,marriage,0.2421052631578947,female,0.2285714285714285,0.05590062088711872,two-strong
5,1492,marriage,0.2421052631578947,female,0.2285714285714285,0.05590062088711872,two-strong
5,1493,marriage,0.2421052631578947,female,0.2285714285714285,0.05590062088711872,two-strong
5,1494,marriage,0.2421052631578947,female,0.2285714285714285,0.05590062088711872,two-strong
5,1495,marriage,0.2421052631578947,female,0.2285714285714285,0.05590062088711872,two-strong
5,1496,marriage,0.2421052631578947,female,0.2285714285714285,0.05590062088711872,two-strong
5,1497,wealth,0.199033537506036,class,0.153300554155974,0.2297752614626559,leaning
5,1498,marriage,0.2421052631578947,female,0.2285714285714285,0.05590062088711872,two-strong
5,1499,marriage,0.2421052631578947,female,0.2285714285714285,0.05590062088711872,two-strong
5,1500,marriage,0.2421052631578947,female,0.2285714285714285,0.05590062088711872,two-strong
5,1501,marriage,0.2421052631578947,female,0.2285714285714285,0.05590062088711872,two-strong
5,1502,marriage,0.2421052631578947,female,0.2285714285714285,0.05590062088711872,two-strong
5,1503,marriage,0.2421052631578947,female,0.2285714285714285,0.05590062088711872,two-strong
5,1504,marriage,0.2421052631578947,female,0.2285714285714285,0.05590062088711872,two-strong
5,1505,marriage,0.2421052631578947,female,0.2285714285714285,0.05590062088711872,two-strong
5,1506,marriage,0.2421052631578947,female,0.2285714285714285,0.05590062088711872,two-strong
5,1507,marriage,0.2421052631578947,female,0.2285714285714285,0.05590062088711872,two-strong
5,1508,marriage,0.2421052631578947,female,0.2285714285714285,0.05590062088711872,two-strong
5,1509,marriage,0.2421052631578947,female,0.2285714285714285,0.05590062088711872,two-strong
5,1510,marriage,0.2421052631578947,female,0.2285714285714285,0.05590062088711872,two-strong
5,1511,marriage,0.2421052631578947,female,0.2303571428571428,0.048524844520068375,two-strong
5,1512,marriage,0.2421052631578947,female,0.2285714285714285,0.05590062088711872,two-strong
5,1513,marriage,0.2421052631578947,female,0.2285714285714285,0.05590062088711872,two-strong
5,1514,marriage,0.2421052631578947,female,0.2285714285714285,0.05590062088711872,two-strong
5,1515,marriage,0.2421052631578947,female,0.2285714285714285,0.05590062088711872,two-strong
5,1516,marriage,0.2421052631578947,female,0.2285714285714285,0.05590062088711872,two-strong
5,1517,marriage,0.2421052631578947,female,0.2285714285714285,0.05590062088711872,two-strong
5,1518,marriage,0.2421052631578947,female,0.2285714285714285,0.05590062088711872,two-strong
5,1519,marriage,0.2421052631578947,female,0.2285714285714285,0.05590062088711872,two-strong
5,1520,marriage,0.2421052631578947,female,0.2285714285714285,0.05590062088711872,two-strong
5,1521,marriage,0.2421052631578947,female,0.2285714285714285,0.05590062088711872,two-strong
5,1522,marriage,0.2421052631578947,female,0.2303571428571428,0.048524844520068375,two-strong
5,1523,marriage,0.2421052631578947,female,0.2285714285714285,0.05590062088711872,two-strong
5,1524,marriage,0.2421052631578947,female,0.2285714285714285,0.05590062088711872,two-strong
5,1525,marriage,0.2421052631578947,female,0.2285714285714285,0.05590062088711872,two-strong
5,1526,marriage,0.2421052631578947,female,0.2285714285714285,0.05590062088711872,two-strong
5,1527,marriage,0.2421052631578947,female,0.2285714285714285,0.05590062088711872,two-strong
5,1528,marriage,0.2421052631578947,female,0.2285714285714285,0.05590062088711872,two-strong
5,1529,marriage,0.2421052631578947,female,0.2285714285714285,0.05590062088711872,two-strong
5,1530,marriage,0.2421052631578947,female,0.2285714285714285,0.05590062088711872,two-strong
5,1531,marriage,0.2421052631578947,female,0.2285714285714285,0.05590062088711872,two-strong
5,1532,marriage,0.2421052631578947,female,0.2285714285714285,0.05590062088711872,two-strong
5,1533,marriage,0.2421052631578947,female,0.2285714285714285,0.05590062088711872,two-strong
5,1534,marriage,0.2421052631578947,female,0.2285714285714285,0.05590062088711872,two-strong
5,1535,marriage,0.2421052631578947,female,0.2285714285714285,0.05590062088711872,two-strong
5,1536,marriage,0.2421052631578947,female,0.2285714285714285,0.05590062088711872,two-strong
5,1537,marriage,0.2421052631578947,female,0.2285714285714285,0.05590062088711872,two-strong
5,1538,marriage,0.2421052631578947,female,0.2285714285714285,0.05590062088711872,two-strong
5,1539,marriage,0.2421052631578947,female,0.2285714285714285,0.05590062088711872,two-strong
5,1540,marriage,0.2421052631578947,female,0.2285714285714285,0.05590062088711872,two-strong
5,1541,marriage,0.2421052631578947,female,0.2285714285714285,0.05590062088711872,two-strong
5,1542,marriage,0.2421052631578947,female,0.2285714285714285,0.05590062088711872,two-strong
5,1543,marriage,0.2421052631578947,female,0.2285714285714285,0.05590062088711872,two-strong
5,1544,female,0.270345133667502,marriage,0.2418927754168028,0.105244572962975,two-strong
5,1545,marriage,0.2421052631578947,female,0.2285714285714285,0.05590062088711872,two-strong
5,1546,marriage,0.2421052631578947,female,0.2285714285714285,0.05590062088711872,two-strong
5,1547,marriage,0.2421052631578947,female,0.2285714285714285,0.05590062088711872,two-strong
5,1548,marriage,0.2421052631578947,female,0.2285714285714285,0.05590062088711872,two-strong
5,1549,marriage,0.2421052631578947,female,0.2285714285714285,0.05590062088711872,two-strong
5,1550,marriage,0.2421052631578947,female,0.2285714285714285,0.05590062088711872,two-strong
5,1551,marriage,0.2421052631578947,female,0.2285714285714285,0.05590062088711872,two-strong
5,1552,marriage,0.2421052631578947,female,0.2285714285714285,0.05590062088711872,two-strong
5,1553,marriage,0.2421052631578947,female,0.2285714285714285,0.05590062088711872,two-strong
5,1554,marriage,0.2421052631578947,female,0.2285714285714285,0.05590062088711872,two-strong
5,1555,marriage,0.2575806056344225,society,0.2054971499077201,0.20220255091107486,leaning
5,1556,marriage,0.2421052631578947,female,0.2285714285714285,0.05590062088711872,two-strong
5,1557,marriage,0.2421052631578947,female,0.2285714285714285,0.05590062088711872,two-strong
5,1558,marriage,0.2421052631578947,female,0.2285714285714285,0.05590062088711872,two-strong
5,1559,marriage,0.2421052631578947,female,0.2285714285714285,0.05590062088711872,two-strong
5,1560,marriage,0.2421052631578947,female,0.2285714285714285,0.05590062088711872,two-strong
5,1561,marriage,0.2421052631578947,female,0.2285714285714285,0.05590062088711872,two-strong
5,1562,marriage,0.2421052631578947,female,0.2285714285714285,0.05590062088711872,two-strong
5,1563,marriage,0.2421052631578947,female,0.2285714285714285,0.05590062088711872,two-strong
5,1564,marriage,0.2421052631578947,female,0.2285714285714285,0.05590062088711872,two-strong
5,1565,marriage,0.2421052631578947,female,0.2285714285714285,0.05590062088711872,two-strong
5,1566,marriage,0.2421052631578947,female,0.2285714285714285,0.05590062088711872,two-strong
5,1567,marriage,0.2421052631578947,female,0.2285714285714285,0.05590062088711872,two-strong
5,1568,family,0.2006095289366129,emotion,0.1970983327465725,0.01750263903788537,two-strong
5,1569,marriage,0.2421052631578947,female,0.2285714285714285,0.05590062088711872,two-strong
5,1570,marriage,0.2421052631578947,female,0.2285714285714285,0.05590062088711872,two-strong
5,1571,marriage,0.2421052631578947,female,0.2285714285714285,0.05590062088711872,two-strong
5,1572,female,0.275449813963191,family,0.2568241697234485,0.06761901162370171,two-strong
5,1573,marriage,0.2421052631578947,female,0.2285714285714285,0.05590062088711872,two-strong
5,1574,marriage,0.2421052631578947,female,0.2285714285714285,0.05590062088711872,two-strong
5,1575,marriage,0.2421052631578947,female,0.2285714285714285,0.05590062088711872,two-strong
5,1576,emotion,0.2228115171838507,wealth,0.1830111195790087,0.17862809754745756,two-strong
5,1577,marriage,0.2400966183574879,female,0.2268009768009767,0.05537621309325849,two-strong
5,1578,male,0.2451476490979347,marriage,0.2421648488063887,0.01216736236449507,two-strong
5,1579,marriage,0.2421052631578947,female,0.2285714285714285,0.05590062088711872,two-strong
5,1580,marriage,0.2421052631578947,female,0.2285714285714285,0.05590062088711872,two-strong
5,1581,marriage,0.2421052631578947,female,0.2285714285714285,0.05590062088711872,two-strong
5,1582,marriage,0.2421052631578947,female,0.2285714285714285,0.05590062088711872,two-strong
5,1583,marriage,0.2421052631578947,female,0.2285714285714285,0.05590062088711872,two-strong
5,1584,marriage,0.2421052631578947,female,0.2285714285714285,0.05590062088711872,two-strong
5,1585,marriage,0.2421052631578947,female,0.2285714285714285,0.05590062088711872,two-strong
5,1586,marriage,0.2421052631578947,female,0.2285714285714285,0.05590062088711872,two-strong
5,1587,marriage,0.2421052631578947,female,0.2285714285714285,0.05590062088711872,two-strong
5,1588,marriage,0.2421052631578947,female,0.2285714285714285,0.05590062088711872,two-strong
5,1589,marriage,0.2421052631578947,female,0.2285714285714285,0.05590062088711872,two-strong
5,1590,marriage,0.2421052631578947,female,0.2285714285714285,0.05590062088711872,two-strong
5,1591,marriage,0.2421052631578947,female,0.2285714285714285,0.05590062088711872,two-strong
5,1592,marriage,0.2421052631578947,female,0.2285714285714285,0.05590062088711872,two-strong
5,1593,marriage,0.2421052631578947,female,0.2285714285714285,0.05590062088711872,two-strong
5,1594,marriage,0.2421052631578947,female,0.2285714285714285,0.05590062088711872,two-strong
5,1595,marriage,0.2421052631578947,female,0.2285714285714285,0.05590062088711872,two-strong
5,1596,marriage,0.2421052631578947,female,0.2285714285714285,0.05590062088711872,two-strong
5,1597,marriage,0.2421052631578947,female,0.2285714285714285,0.05590062088711872,two-strong
5,1598,marriage,0.2421052631578947,female,0.2285714285714285,0.05590062088711872,two-strong
5,1599,marriage,0.2421052631578947,female,0.2285714285714285,0.05590062088711872,two-strong
5,1600,marriage,0.2421052631578947,female,0.2285714285714285,0.05590062088711872,two-strong
5,1601,marriage,0.2421052631578947,female,0.2285714285714285,0.05590062088711872,two-strong
5,1602,marriage,0.2421052631578947,female,0.2285714285714285,0.05590062088711872,two-strong
5,1603,marriage,0.2421052631578947,female,0.2285714285714285,0.05590062088711872,two-strong
5,1604,marriage,0.2421052631578947,female,0.2285714285714285,0.05590062088711872,two-strong
5,1605,love,0.1407177697092221,duty,0.1365205468516087,0.029827240983560634,two-strong
5,1606,marriage,0.2421052631578947,female,0.2285714285714285,0.05590062088711872,two-strong
5,1607,marriage,0.2421052631578947,female,0.2285714285714285,0.05590062088711872,two-strong
5,1608,marriage,0.2421052631578947,female,0.2285714285714285,0.05590062088711872,two-strong
5,1609,marriage,0.2421052631578947,female,0.2285714285714285,0.05590062088711872,two-strong
5,1610,marriage,0.2421052631578947,female,0.2285714285714285,0.05590062088711872,two-strong
5,1611,marriage,0.2421052631578947,female,0.2285714285714285,0.05590062088711872,two-strong
5,1612,marriage,0.2421052631578947,female,0.2285714285714285,0.05590062088711872,two-strong
5,1613,marriage,0.2421052631578947,female,0.2285714285714285,0.05590062088711872,two-strong
5,1614,marriage,0.2421052631578947,female,0.2285714285714285,0.05590062088711872,two-strong
5,1615,marriage,0.2421052631578947,female,0.2285714285714285,0.05590062088711872,two-strong
5,1616,marriage,0.2320142857611316,female,0.2099849923076324,0.09494800411226084,two-strong
5,1617,marriage,0.2421052631578947,female,0.2285714285714285,0.05590062088711872,two-strong
5,1618,marriage,0.2421052631578947,female,0.2285714285714285,0.05590062088711872,two-strong
5,1619,marriage,0.2421052631578947,female,0.2285714285714285,0.05590062088711872,two-strong
5,1620,marriage,0.2400742494967828,female,0.2270221909153798,0.0543667575943464,two-strong
5,1621,marriage,0.2421052631578947,female,0.2285714285714285,0.05590062088711872,two-strong
5,1622,marriage,0.2421052631578947,female,0.2285714285714285,0.05590062088711872,two-strong
5,1623,marriage,0.2421052631578947,female,0.2285714285714285,0.05590062088711872,two-strong
5,1624,marriage,0.2421052631578947,female,0.2285714285714285,0.05590062088711872,two-strong
5,1625,marriage,0.2421052631578947,female,0.2285714285714285,0.05590062088711872,two-strong
5,1626,marriage,0.2421052631578947,female,0.2285714285714285,0.05590062088711872,two-strong
5,1627,marriage,0.2421052631578947,female,0.2285714285714285,0.05590062088711872,two-strong
5,1628,marriage,0.2421052631578947,female,0.2285714285714285,0.05590062088711872,two-strong
5,1629,marriage,0.2421052631578947,female,0.2285714285714285,0.05590062088711872,two-strong
5,1630,marriage,0.2421052631578947,female,0.2285714285714285,0.05590062088711872,two-strong
5,1631,female,0.2874059609788776,duty,0.1323888349907025,0.539366424136907,dominant
5,1632,marriage,0.2421052631578947,female,0.2285714285714285,0.05590062088711872,two-strong
5,1633,marriage,0.2421052631578947,female,0.2285714285714285,0.05590062088711872,two-strong
5,1634,marriage,0.2421052631578947,female,0.2285714285714285,0.05590062088711872,two-strong
5,1635,marriage,0.2421052631578947,female,0.2285714285714285,0.05590062088711872,two-strong
5,1636,marriage,0.2421052631578947,female,0.2285714285714285,0.05590062088711872,two-strong
5,1637,marriage,0.2421052631578947,female,0.2285714285714285,0.05590062088711872,two-strong
5,1638,marriage,0.2421052631578947,female,0.2285714285714285,0.05590062088711872,two-strong
5,1639,marriage,0.2421052631578947,female,0.2285714285714285,0.05590062088711872,two-strong
5,1640,marriage,0.2421052631578947,female,0.2285714285714285,0.05590062088711872,two-strong
5,1641,society,0.301217018518125,emotion,0.1917677792030243,0.36335675683330654,leaning
5,1642,marriage,0.2421052631578947,female,0.2285714285714285,0.05590062088711872,two-strong
5,1643,duty,0.1521064929325626,,,0.9999999934256587,dominant
5,1644,marriage,0.2421052631578947,female,0.2285714285714285,0.05590062088711872,two-strong
5,1645,marriage,0.2421052631578947,female,0.2285714285714285,0.05590062088711872,two-strong
5,1646,marriage,0.2418437397842432,female,0.2283834586466165,0.055656934076433545,two-strong
5,1647,marriage,0.2421052631578947,female,0.2285714285714285,0.05590062088711872,two-strong
5,1648,marriage,0.2421052631578947,female,0.2285714285714285,0.05590062088711872,two-strong
5,1649,marriage,0.2421052631578947,female,0.2285714285714285,0.05590062088711872,two-strong
5,1650,emotion,0.2181074157137923,,,0.9999999954151032,dominant
5,1651,marriage,0.2421052631578947,female,0.2285714285714285,0.05590062088711872,two-strong
5,1652,wealth,0.2924258184722591,,,0.9999999965803292,dominant
5,1653,marriage,0.2421052631578947,female,0.2285714285714285,0.05590062088711872,two-strong
5,1654,society,0.2915747748663211,marriage,0.2330626883776675,0.20067609180116378,leaning
5,1655,marriage,0.2421052631578947,female,0.2285714285714285,0.05590062088711872,two-strong
5,1656,marriage,0.2421052631578947,female,0.2285714285714285,0.05590062088711872,two-strong
5,1657,marriage,0.2421052631578947,female,0.2285714285714285,0.05590062088711872,two-strong
5,1658,marriage,0.2421052631578947,female,0.2285714285714285,0.05590062088711872,two-strong
5,1659,marriage,0.2421052631578947,female,0.2285714285714285,0.05590062088711872,two-strong
5,1660,marriage,0.2421052631578947,female,0.2285714285714285,0.05590062088711872,two-strong
5,1661,marriage,0.2421052631578947,female,0.2285714285714285,0.05590062088711872,two-strong
5,1662,marriage,0.2421052631578947,female,0.2285714285714285,0.05590062088711872,two-strong
5,1663,marriage,0.2421052631578947,female,0.2285714285714285,0.05590062088711872,two-strong
5,1664,marriage,0.2421052631578947,female,0.2285714285714285,0.05590062088711872,two-strong
5,1665,marriage,0.2421052631578947,female,0.2285714285714285,0.05590062088711872,two-strong
5,1666,marriage,0.2421052631578947,female,0.2285714285714285,0.05590062088711872,two-strong
5,1667,marriage,0.2493288661020488,,,0.999999995989233,dominant
5,1668,marriage,0.2421052631578947,female,0.2285714285714285,0.05590062088711872,two-strong
5,1669,marriage,0.2421052631578947,female,0.2285714285714285,0.05590062088711872,two-strong
5,1670,marriage,0.2421052631578947,female,0.2285714285714285,0.05590062088711872,two-strong
5,1671,marriage,0.2421052631578947,female,0.2285714285714285,0.05590062088711872,two-strong
5,1672,marriage,0.2421052631578947,female,0.2285714285714285,0.05590062088711872,two-strong
5,1673,marriage,0.2421052631578947,female,0.2285714285714285,0.05590062088711872,two-strong
5,1674,marriage,0.2421052631578947,female,0.2285714285714285,0.05590062088711872,two-strong
5,1675,marriage,0.2421052631578947,female,0.2285714285714285,0.05590062088711872,two-strong
5,1676,marriage,0.2421052631578947,female,0.2285714285714285,0.05590062088711872,two-strong
5,1677,marriage,0.2421052631578947,female,0.2285714285714285,0.05590062088711872,two-strong
5,1678,marriage,0.2421052631578947,female,0.2285714285714285,0.05590062088711872,two-strong
5,1679,marriage,0.2421052631578947,female,0.2285714285714285,0.05590062088711872,two-strong
5,1680,marriage,0.2421052631578947,female,0.2285714285714285,0.05590062088711872,two-strong
5,1681,marriage,0.2421052631578947,female,0.2285714285714285,0.05590062088711872,two-strong
5,1682,marriage,0.2421052631578947,female,0.2285714285714285,0.05590062088711872,two-strong
5,1683,marriage,0.2421052631578947,female,0.2285714285714285,0.05590062088711872,two-strong
5,1684,marriage,0.2421052631578947,female,0.2285714285714285,0.05590062088711872,two-strong
5,1685,marriage,0.2421052631578947,female,0.2285714285714285,0.05590062088711872,two-strong
5,1686,marriage,0.2421052631578947,female,0.2285714285714285,0.05590062088711872,two-strong
5,1687,marriage,0.250574126324912,family,0.2479355538589349,0.010530107374396788,two-strong
5,1688,marriage,0.2421052631578947,female,0.2285714285714285,0.05590062088711872,two-strong
5,1689,marriage,0.2421052631578947,female,0.2285714285714285,0.05590062088711872,two-strong
5,1690,marriage,0.2421052631578947,female,0.2285714285714285,0.05590062088711872,two-strong
5,1691,marriage,0.2421052631578947,female,0.2285714285714285,0.05590062088711872,two-strong
5,1692,marriage,0.2421052631578947,female,0.2285714285714285,0.05590062088711872,two-strong
5,1693,marriage,0.2421052631578947,female,0.2285714285714285,0.05590062088711872,two-strong
5,1694,marriage,0.2421052631578947,female,0.2285714285714285,0.05590062088711872,two-strong
5,1695,marriage,0.2421052631578947,female,0.2285714285714285,0.05590062088711872,two-strong
5,1696,marriage,0.2421052631578947,female,0.2285714285714285,0.05590062088711872,two-strong
5,1697,marriage,0.2421052631578947,female,0.2285714285714285,0.05590062088711872,two-strong
5,1698,marriage,0.2421052631578947,female,0.2285714285714285,0.05590062088711872,two-strong
5,1699,marriage,0.2421052631578947,female,0.2285714285714285,0.05590062088711872,two-strong
5,1700,marriage,0.2421052631578947,female,0.2285714285714285,0.05590062088711872,two-strong
5,1701,marriage,0.2421052631578947,female,0.2285714285714285,0.05590062088711872,two-strong
5,1702,marriage,0.2421052631578947,female,0.2285714285714285,0.05590062088711872,two-strong
5,1703,marriage,0.2421052631578947,female,0.2285714285714285,0.05590062088711872,two-strong
5,1704,marriage,0.2421052631578947,female,0.2285714285714285,0.05590062088711872,two-strong
5,1705,marriage,0.2421052631578947,female,0.2285714285714285,0.05590062088711872,two-strong
5,1706,marriage,0.2421052631578947,female,0.2285714285714285,0.05590062088711872,two-strong
5,1707,marriage,0.2421052631578947,female,0.2285714285714285,0.05590062088711872,two-strong
5,1708,marriage,0.2421052631578947,female,0.2285714285714285,0.05590062088711872,two-strong
5,1709,marriage,0.2421052631578947,female,0.2285714285714285,0.05590062088711872,two-strong
5,1710,marriage,0.2421052631578947,female,0.2285714285714285,0.05590062088711872,two-strong
5,1711,marriage,0.2421052631578947,female,0.2285714285714285,0.05590062088711872,two-strong
5,1712,marriage,0.2421052631578947,female,0.2285714285714285,0.05590062088711872,two-strong
5,1713,marriage,0.2421052631578947,female,0.2285714285714285,0.05590062088711872,two-strong
5,1714,marriage,0.2421052631578947,female,0.2285714285714285,0.05590062088711872,two-strong
5,1715,marriage,0.2421052631578947,female,0.2285714285714285,0.05590062088711872,two-strong
5,1716,marriage,0.2421052631578947,female,0.2285714285714285,0.05590062088711872,two-strong
5,1717,marriage,0.2421052631578947,female,0.2285714285714285,0.05590062088711872,two-strong
5,1718,marriage,0.2421052631578947,female,0.2285714285714285,0.05590062088711872,two-strong
5,1719,marriage,0.2421052631578947,female,0.2285714285714285,0.05590062088711872,two-strong
5,1720,marriage,0.2421052631578947,female,0.2285714285714285,0.05590062088711872,two-strong
5,1721,marriage,0.2431350114416476,female,0.2285714285714285,0.05989915941750406,two-strong
5,1722,marriage,0.2421052631578947,female,0.2285714285714285,0.05590062088711872,two-strong
5,1723,marriage,0.2421052631578947,female,0.2285714285714285,0.05590062088711872,two-strong
5,1724,marriage,0.2421052631578947,female,0.2285714285714285,0.05590062088711872,two-strong
5,1725,marriage,0.2421052631578947,female,0.2285714285714285,0.05590062088711872,two-strong
5,1726,marriage,0.2421052631578947,female,0.2285714285714285,0.05590062088711872,two-strong
5,1727,marriage,0.2421052631578947,female,0.2285714285714285,0.05590062088711872,two-strong
5,1728,marriage,0.2421052631578947,female,0.2285714285714285,0.05590062088711872,two-strong
5,1729,marriage,0.2421052631578947,female,0.2285714285714285,0.05590062088711872,two-strong
5,1730,marriage,0.2421052631578947,female,0.2285714285714285,0.05590062088711872,two-strong
5,1731,marriage,0.2421052631578947,female,0.2285714285714285,0.05590062088711872,two-strong
5,1732,marriage,0.2421052631578947,female,0.2285714285714285,0.05590062088711872,two-strong
5,1733,female,0.2336466165413533,,,0.9999999957200322,dominant
5,1734,marriage,0.2421052631578947,female,0.2285714285714285,0.05590062088711872,two-strong
5,1735,marriage,0.2421052631578947,female,0.2285714285714285,0.05590062088711872,two-strong
5,1736,marriage,0.2421052631578947,female,0.2285714285714285,0.05590062088711872,two-strong
5,1737,marriage,0.2421052631578947,female,0.2285714285714285,0.05590062088711872,two-strong
5,1738,marriage,0.2421052631578947,female,0.2285714285714285,0.05590062088711872,two-strong
5,1739,marriage,0.2421052631578947,female,0.2285714285714285,0.05590062088711872,two-strong
5,1740,marriage,0.2421052631578947,female,0.2285714285714285,0.05590062088711872,two-strong
5,1741,marriage,0.2421052631578947,female,0.2285714285714285,0.05590062088711872,two-strong
5,1742,marriage,0.2421052631578947,female,0.2285714285714285,0.05590062088711872,two-strong
5,1743,marriage,0.2421052631578947,female,0.2285714285714285,0.05590062088711872,two-strong
5,1744,marriage,0.2421052631578947,female,0.2285714285714285,0.05590062088711872,two-strong
5,1745,marriage,0.2421052631578947,female,0.2285714285714285,0.05590062088711872,two-strong
5,1746,marriage,0.2421052631578947,female,0.2285714285714285,0.05590062088711872,two-strong
5,1747,marriage,0.2421052631578947,female,0.2285714285714285,0.05590062088711872,two-strong
5,1748,marriage,0.2421052631578947,female,0.2285714285714285,0.05590062088711872,two-strong
5,1749,emotion,0.1887155906294662,,,0.9999999947010207,dominant
5,1750,marriage,0.2421052631578947,female,0.2285714285714285,0.05590062088711872,two-strong
5,1751,marriage,0.2506374632232755,,,0.9999999960101734,dominant
5,1752,marriage,0.2421052631578947,female,0.2285714285714285,0.05590062088711872,two-strong
5,1753,marriage,0.2421052631578947,female,0.2285714285714285,0.05590062088711872,two-strong
5,1754,marriage,0.2421052631578947,female,0.2285714285714285,0.05590062088711872,two-strong
5,1755,marriage,0.2421052631578947,female,0.2285714285714285,0.05590062088711872,two-strong
5,1756,marriage,0.2421052631578947,female,0.2285714285714285,0.05590062088711872,two-strong
5,1757,marriage,0.2421052631578947,female,0.2285714285714285,0.05590062088711872,two-strong
5,1758,marriage,0.2421052631578947,female,0.2285714285714285,0.05590062088711872,two-strong
5,1759,marriage,0.2421052631578947,female,0.2285714285714285,0.05590062088711872,two-strong
5,1760,family,0.258253487730322,male,0.2437602464808638,0.05612021475765059,two-strong
5,1761,marriage,0.2421052631578947,female,0.2285714285714285,0.05590062088711872,two-strong
5,1762,marriage,0.2421052631578947,female,0.2285714285714285,0.05590062088711872,two-strong
5,1763,marriage,0.2421052631578947,female,0.2285714285714285,0.05590062088711872,two-strong
5,1764,marriage,0.2421052631578947,female,0.2285714285714285,0.05590062088711872,two-strong
5,1765,marriage,0.2421052631578947,female,0.2285714285714285,0.05590062088711872,two-strong
5,1766,marriage,0.2421052631578947,female,0.2285714285714285,0.05590062088711872,two-strong
5,1767,marriage,0.2421052631578947,female,0.2285714285714285,0.05590062088711872,two-strong
5,1768,marriage,0.2421052631578947,female,0.2285714285714285,0.05590062088711872,two-strong
5,1769,marriage,0.2421052631578947,female,0.2285714285714285,0.05590062088711872,two-strong
5,1770,marriage,0.2421052631578947,female,0.2285714285714285,0.05590062088711872,two-strong
5,1771,marriage,0.2421052631578947,female,0.2285714285714285,0.05590062088711872,two-strong
5,1772,marriage,0.2421052631578947,female,0.2285714285714285,0.05590062088711872,two-strong
5,1773,marriage,0.2421052631578947,female,0.2285714285714285,0.05590062088711872,two-strong
5,1774,marriage,0.2421052631578947,female,0.2285714285714285,0.05590062088711872,two-strong
5,1775,marriage,0.2421052631578947,female,0.2285714285714285,0.05590062088711872,two-strong
5,1776,marriage,0.2421052631578947,female,0.2285714285714285,0.05590062088711872,two-strong
5,1777,marriage,0.2421052631578947,female,0.2285714285714285,0.05590062088711872,two-strong
5,1778,marriage,0.2421052631578947,female,0.2285714285714285,0.05590062088711872,two-strong
5,1779,marriage,0.2421052631578947,female,0.2285714285714285,0.05590062088711872,two-strong
5,1780,marriage,0.2421052631578947,female,0.2285714285714285,0.05590062088711872,two-strong
5,1781,marriage,0.2421052631578947,female,0.2285714285714285,0.05590062088711872,two-strong
5,1782,marriage,0.2421052631578947,female,0.2285714285714285,0.05590062088711872,two-strong
5,1783,marriage,0.2421052631578947,female,0.2285714285714285,0.05590062088711872,two-strong
5,1784,marriage,0.2421052631578947,female,0.2285714285714285,0.05590062088711872,two-strong
5,1785,marriage,0.2421052631578947,female,0.2285714285714285,0.05590062088711872,two-strong
5,1786,marriage,0.2421052631578947,female,0.2285714285714285,0.05590062088711872,two-strong
5,1787,marriage,0.2421052631578947,female,0.2285714285714285,0.05590062088711872,two-strong
5,1788,marriage,0.2421052631578947,female,0.2285714285714285,0.05590062088711872,two-strong
5,1789,marriage,0.2421052631578947,female,0.2285714285714285,0.05590062088711872,two-strong
5,1790,marriage,0.2421052631578947,female,0.2285714285714285,0.05590062088711872,two-strong
5,1791,marriage,0.2421052631578947,female,0.2285714285714285,0.05590062088711872,two-strong
5,1792,marriage,0.2421052631578947,female,0.2285714285714285,0.05590062088711872,two-strong
5,1793,marriage,0.2421052631578947,female,0.2285714285714285,0.05590062088711872,two-strong
5,1794,marriage,0.2421052631578947,female,0.2285714285714285,0.05590062088711872,two-strong
5,1795,marriage,0.2421052631578947,female,0.2285714285714285,0.05590062088711872,two-strong
5,1796,marriage,0.2421052631578947,female,0.2285714285714285,0.05590062088711872,two-strong
5,1797,class,0.1574694311536417,,,0.9999999936495612,dominant
5,1798,marriage,0.2421052631578947,female,0.2285714285714285,0.05590062088711872,two-strong
5,1799,marriage,0.2421052631578947,female,0.2285714285714285,0.05590062088711872,two-strong
5,1800,marriage,0.2421052631578947,female,0.2285714285714285,0.05590062088711872,two-strong
5,1801,marriage,0.2421052631578947,female,0.2285714285714285,0.05590062088711872,two-strong
5,1802,marriage,0.2421052631578947,female,0.2285714285714285,0.05590062088711872,two-strong
5,1803,marriage,0.2421052631578947,female,0.2285714285714285,0.05590062088711872,two-strong
5,1804,marriage,0.2421052631578947,female,0.2285714285714285,0.05590062088711872,two-strong
5,1805,marriage,0.2421052631578947,female,0.2285714285714285,0.05590062088711872,two-strong
5,1806,marriage,0.2421052631578947,female,0.2285714285714285,0.05590062088711872,two-strong
5,1807,marriage,0.2421052631578947,female,0.2285714285714285,0.05590062088711872,two-strong
5,1808,marriage,0.2421052631578947,female,0.2285714285714285,0.05590062088711872,two-strong
5,1809,marriage,0.2421052631578947,female,0.2285714285714285,0.05590062088711872,two-strong
5,1810,marriage,0.2421052631578947,female,0.2285714285714285,0.05590062088711872,two-strong
5,1811,marriage,0.2421052631578947,female,0.2285714285714285,0.05590062088711872,two-strong
5,1812,marriage,0.2421052631578947,female,0.2285714285714285,0.05590062088711872,two-strong
5,1813,marriage,0.2421052631578947,female,0.2285714285714285,0.05590062088711872,two-strong
5,1814,marriage,0.2421052631578947,female,0.2285714285714285,0.05590062088711872,two-strong
5,1815,marriage,0.2421052631578947,female,0.2285714285714285,0.05590062088711872,two-strong
5,1816,marriage,0.2421052631578947,female,0.2285714285714285,0.05590062088711872,two-strong
5,1817,marriage,0.2421052631578947,female,0.2285714285714285,0.05590062088711872,two-strong
5,1818,marriage,0.2421052631578947,female,0.2285714285714285,0.05590062088711872,two-strong
5,1819,marriage,0.2421052631578947,female,0.2285714285714285,0.05590062088711872,two-strong
5,1820,marriage,0.2421052631578947,female,0.2285714285714285,0.05590062088711872,two-strong
5,1821,marriage,0.2421052631578947,female,0.2285714285714285,0.05590062088711872,two-strong
5,1822,marriage,0.2421052631578947,female,0.2285714285714285,0.05590062088711872,two-strong
5,1823,marriage,0.2421052631578947,female,0.2285714285714285,0.05590062088711872,two-strong
5,1824,marriage,0.2421052631578947,female,0.2285714285714285,0.05590062088711872,two-strong
5,1825,marriage,0.2421052631578947,female,0.2285714285714285,0.05590062088711872,two-strong
5,1826,marriage,0.2421052631578947,female,0.2317754613807245,0.04266657238164549,two-strong
5,1827,marriage,0.2421052631578947,female,0.2285714285714285,0.05590062088711872,two-strong
5,1828,marriage,0.2421052631578947,female,0.2285714285714285,0.05590062088711872,two-strong
5,1829,marriage,0.2421052631578947,female,0.2285714285714285,0.05590062088711872,two-strong
5,1830,marriage,0.2421052631578947,female,0.2285714285714285,0.05590062088711872,two-strong
5,1831,marriage,0.2242391654027812,female,0.2221874893591838,0.00914949906615391,two-strong
5,1832,marriage,0.2421052631578947,female,0.2285714285714285,0.05590062088711872,two-strong
5,1833,marriage,0.2421052631578947,female,0.2285714285714285,0.05590062088711872,two-strong
5,1834,marriage,0.2421052631578947,female,0.2285714285714285,0.05590062088711872,two-strong
5,1835,marriage,0.2421052631578947,female,0.2285714285714285,0.05590062088711872,two-strong
5,1836,marriage,0.2421052631578947,female,0.2285714285714285,0.05590062088711872,two-strong
5,1837,female,0.2590225563909774,marriage,0.2421052631578947,0.06531204619197366,two-strong
5,1838,female,0.3520719807688532,family,0.2288547320194925,0.3499774339619472,leaning
5,1839,marriage,0.2421052631578947,female,0.2285714285714285,0.05590062088711872,two-strong
5,1840,marriage,0.2421052631578947,female,0.2285714285714285,0.05590062088711872,two-strong
5,1841,society,0.3850920762902673,marriage,0.2800893086534744,0.27266924932772874,leaning
5,1842,marriage,0.2546747303040209,female,0.2336466165413533,0.08256851260820623,two-strong
5,1843,marriage,0.2421052631578947,female,0.2285714285714285,0.05590062088711872,two-strong
5,1844,marriage,0.2421052631578947,female,0.2285714285714285,0.05590062088711872,two-strong
5,1845,marriage,0.2421052631578947,female,0.2285714285714285,0.05590062088711872,two-strong
5,1846,marriage,0.2421052631578947,female,0.2285714285714285,0.05590062088711872,two-strong
5,1847,marriage,0.2421052631578947,female,0.2285714285714285,0.05590062088711872,two-strong
5,1848,marriage,0.2421052631578947,female,0.2285714285714285,0.05590062088711872,two-strong
5,1849,marriage,0.2421052631578947,female,0.2285714285714285,0.05590062088711872,two-strong
5,1850,marriage,0.2421052631578947,female,0.2285714285714285,0.05590062088711872,two-strong
5,1851,marriage,0.2421052631578947,female,0.2285714285714285,0.05590062088711872,two-strong
5,1852,marriage,0.2421052631578947,female,0.2285714285714285,0.05590062088711872,two-strong
5,1853,marriage,0.2904381257408404,duty,0.1397697012641832,0.5187625542396487,dominant
5,1854,marriage,0.2421052631578947,female,0.2285714285714285,0.05590062088711872,two-strong
5,1855,marriage,0.2421052631578947,female,0.2285714285714285,0.05590062088711872,two-strong
5,1856,marriage,0.2421052631578947,female,0.2285714285714285,0.05590062088711872,two-strong
5,1857,marriage,0.2421052631578947,female,0.2285714285714285,0.05590062088711872,two-strong
5,1858,marriage,0.2421052631578947,female,0.2285714285714285,0.05590062088711872,two-strong
5,1859,marriage,0.2421052631578947,female,0.2285714285714285,0.05590062088711872,two-strong
5,1860,marriage,0.2421052631578947,female,0.2285714285714285,0.05590062088711872,two-strong
5,1861,love,0.1395921787945895,,,0.9999999928362749,dominant
5,1862,marriage,0.2421052631578947,female,0.2285714285714285,0.05590062088711872,two-strong
5,1863,marriage,0.2421052631578947,female,0.2285714285714285,0.05590062088711872,two-strong
5,1864,marriage,0.2421052631578947,female,0.2285714285714285,0.05590062088711872,two-strong
5,1865,marriage,0.2421052631578947,female,0.2285714285714285,0.05590062088711872,two-strong
5,1866,marriage,0.2421052631578947,female,0.2285714285714285,0.05590062088711872,two-strong
5,1867,marriage,0.2421052631578947,female,0.2285714285714285,0.05590062088711872,two-strong
5,1868,marriage,0.2421052631578947,female,0.2285714285714285,0.05590062088711872,two-strong
5,1869,marriage,0.2421052631578947,female,0.2285714285714285,0.05590062088711872,two-strong
5,1870,marriage,0.2421052631578947,female,0.2285714285714285,0.05590062088711872,two-strong
5,1871,marriage,0.2421052631578947,female,0.2285714285714285,0.05590062088711872,two-strong
5,1872,marriage,0.2421052631578947,female,0.2285714285714285,0.05590062088711872,two-strong
5,1873,marriage,0.2421052631578947,female,0.2285714285714285,0.05590062088711872,two-strong
5,1874,marriage,0.2421052631578947,female,0.2285714285714285,0.05590062088711872,two-strong
5,1875,marriage,0.2421052631578947,female,0.2285714285714285,0.05590062088711872,two-strong
5,1876,marriage,0.2421052631578947,female,0.2285714285714285,0.05590062088711872,two-strong
5,1877,emotion,0.2878089095067581,wealth,0.2195148998385361,0.2372894207756586,leaning
5,1878,marriage,0.2421052631578947,female,0.2285714285714285,0.05590062088711872,two-strong
5,1879,marriage,0.2421052631578947,female,0.2285714285714285,0.05590062088711872,two-strong
5,1880,marriage,0.2421052631578947,female,0.2285714285714285,0.05590062088711872,two-strong
5,1881,marriage,0.2421052631578947,female,0.2285714285714285,0.05590062088711872,two-strong
5,1882,marriage,0.2421052631578947,female,0.2285714285714285,0.05590062088711872,two-strong
5,1883,marriage,0.2421052631578947,female,0.2285714285714285,0.05590062088711872,two-strong
5,1884,marriage,0.2421052631578947,female,0.2285714285714285,0.05590062088711872,two-strong
5,1885,marriage,0.2421052631578947,female,0.2285714285714285,0.05590062088711872,two-strong
5,1886,marriage,0.2421052631578947,female,0.2285714285714285,0.05590062088711872,two-strong
5,1887,marriage,0.2421052631578947,female,0.2285714285714285,0.05590062088711872,two-strong
5,1888,marriage,0.2421052631578947,female,0.2285714285714285,0.05590062088711872,two-strong
5,1889,marriage,0.2421052631578947,female,0.2285714285714285,0.05590062088711872,two-strong
5,1890,marriage,0.2421052631578947,female,0.2285714285714285,0.05590062088711872,two-strong
5,1891,marriage,0.2421052631578947,female,0.2285714285714285,0.05590062088711872,two-strong
5,1892,marriage,0.2421052631578947,female,0.2285714285714285,0.05590062088711872,two-strong
5,1893,marriage,0.2421052631578947,female,0.2285714285714285,0.05590062088711872,two-strong
5,1894,marriage,0.2421052631578947,female,0.2285714285714285,0.05590062088711872,two-strong
5,1895,marriage,0.2421052631578947,female,0.2285714285714285,0.05590062088711872,two-strong
5,1896,marriage,0.2468126838836221,female,0.2285714285714285,0.07390728446876531,two-strong
5,1897,marriage,0.2421052631578947,female,0.2285714285714285,0.05590062088711872,two-strong
5,1898,marriage,0.2421052631578947,female,0.2285714285714285,0.05590062088711872,two-strong
5,1899,marriage,0.2421052631578947,female,0.2285714285714285,0.05590062088711872,two-strong
5,1900,marriage,0.2920392245293416,female,0.2183327427873344,0.2523855540583942,leaning
5,1901,marriage,0.2421052631578947,female,0.2285714285714285,0.05590062088711872,two-strong
5,1902,marriage,0.2421052631578947,female,0.2285714285714285,0.05590062088711872,two-strong
5,1903,marriage,0.2421052631578947,female,0.2285714285714285,0.05590062088711872,two-strong
5,1904,marriage,0.2421052631578947,female,0.2285714285714285,0.05590062088711872,two-strong
5,1905,marriage,0.2421052631578947,female,0.2285714285714285,0.05590062088711872,two-strong
5,1906,marriage,0.2421052631578947,female,0.2285714285714285,0.05590062088711872,two-strong
5,1907,marriage,0.2421052631578947,female,0.2285714285714285,0.05590062088711872,two-strong
5,1908,marriage,0.2421052631578947,female,0.2285714285714285,0.05590062088711872,two-strong
5,1909,marriage,0.2421052631578947,female,0.2285714285714285,0.05590062088711872,two-strong
5,1910,marriage,0.2421052631578947,female,0.2285714285714285,0.05590062088711872,two-strong
5,1911,marriage,0.2421052631578947,female,0.2285714285714285,0.05590062088711872,two-strong
5,1912,marriage,0.2421052631578947,female,0.2285714285714285,0.05590062088711872,two-strong
5,1913,marriage,0.2421052631578947,female,0.2285714285714285,0.05590062088711872,two-strong
5,1914,marriage,0.2421052631578947,female,0.2285714285714285,0.05590062088711872,two-strong
5,1915,marriage,0.2421052631578947,female,0.2285714285714285,0.05590062088711872,two-strong
5,1916,marriage,0.2421052631578947,female,0.2285714285714285,0.05590062088711872,two-strong
5,1917,marriage,0.2421052631578947,female,0.2285714285714285,0.05590062088711872,two-strong
5,1918,marriage,0.2421052631578947,female,0.2285714285714285,0.05590062088711872,two-strong
5,1919,marriage,0.2421052631578947,female,0.2285714285714285,0.05590062088711872,two-strong
5,1920,marriage,0.2421052631578947,female,0.2285714285714285,0.05590062088711872,two-strong
5,1921,marriage,0.2421052631578947,female,0.2285714285714285,0.05590062088711872,two-strong
5,1922,marriage,0.2421052631578947,female,0.2285714285714285,0.05590062088711872,two-strong
5,1923,marriage,0.2421052631578947,female,0.2285714285714285,0.05590062088711872,two-strong
5,1924,male,0.2180451127819549,love,0.1469766369947858,0.32593473228773,leaning
5,1925,marriage,0.2421052631578947,female,0.2285714285714285,0.05590062088711872,two-strong
5,1926,marriage,0.2421052631578947,female,0.2285714285714285,0.05590062088711872,two-strong
5,1927,marriage,0.2421052631578947,female,0.2285714285714285,0.05590062088711872,two-strong
5,1928,marriage,0.2421052631578947,female,0.2285714285714285,0.05590062088711872,two-strong
5,1929,marriage,0.2421052631578947,female,0.2285714285714285,0.05590062088711872,two-strong
5,1930,marriage,0.2421052631578947,female,0.2285714285714285,0.05590062088711872,two-strong
5,1931,marriage,0.2722294046906826,female,0.2245431647475062,0.17516932023632775,two-strong
5,1932,marriage,0.2421052631578947,female,0.2285714285714285,0.05590062088711872,two-strong
5,1933,marriage,0.2421052631578947,female,0.2285714285714285,0.05590062088711872,two-strong
5,1934,marriage,0.2421052631578947,female,0.2285714285714285,0.05590062088711872,two-strong
5,1935,marriage,0.2421052631578947,female,0.2285714285714285,0.05590062088711872,two-strong
5,1936,marriage,0.2421052631578947,female,0.2285714285714285,0.05590062088711872,two-strong
5,1937,marriage,0.2421052631578947,female,0.2285714285714285,0.05590062088711872,two-strong
5,1938,marriage,0.2421052631578947,female,0.2285714285714285,0.05590062088711872,two-strong
5,1939,marriage,0.2421052631578947,female,0.2285714285714285,0.05590062088711872,two-strong
5,1940,marriage,0.2421052631578947,female,0.2285714285714285,0.05590062088711872,two-strong
5,1941,marriage,0.2421052631578947,female,0.2285714285714285,0.05590062088711872,two-strong
5,1942,marriage,0.2421052631578947,female,0.2285714285714285,0.05590062088711872,two-strong
5,1943,marriage,0.2421052631578947,female,0.2285714285714285,0.05590062088711872,two-strong
5,1944,marriage,0.2421052631578947,female,0.2285714285714285,0.05590062088711872,two-strong
5,1945,marriage,0.2421052631578947,female,0.2285714285714285,0.05590062088711872,two-strong
5,1946,marriage,0.2421052631578947,female,0.2285714285714285,0.05590062088711872,two-strong
5,1947,marriage,0.241636700446769,female,0.2285714285714285,0.05406989831062017,two-strong
5,1948,marriage,0.2421052631578947,female,0.2285714285714285,0.05590062088711872,two-strong
5,1949,marriage,0.2421052631578947,female,0.2285714285714285,0.05590062088711872,two-strong
5,1950,marriage,0.2421052631578947,female,0.2285714285714285,0.05590062088711872,two-strong
5,1951,marriage,0.2421052631578947,female,0.2285714285714285,0.05590062088711872,two-strong
5,1952,marriage,0.2421052631578947,female,0.2285714285714285,0.05590062088711872,two-strong
5,1953,marriage,0.2421052631578947,female,0.2285714285714285,0.05590062088711872,two-strong
5,1954,marriage,0.2421052631578947,female,0.2285714285714285,0.05590062088711872,two-strong
5,1955,marriage,0.2421052631578947,female,0.2285714285714285,0.05590062088711872,two-strong
5,1956,marriage,0.2421052631578947,female,0.2285714285714285,0.05590062088711872,two-strong
5,1957,female,0.2347744360902255,family,0.2134453781512605,0.09084914952119805,two-strong
5,1958,marriage,0.2421052631578947,female,0.2285714285714285,0.05590062088711872,two-strong
5,1959,marriage,0.2421052631578947,female,0.2285714285714285,0.05590062088711872,two-strong
5,1960,marriage,0.2421052631578947,female,0.2285714285714285,0.05590062088711872,two-strong
5,1961,marriage,0.2421052631578947,female,0.2285714285714285,0.05590062088711872,two-strong
5,1962,marriage,0.2421052631578947,female,0.2285714285714285,0.05590062088711872,two-strong
5,1963,marriage,0.2421052631578947,female,0.2285714285714285,0.05590062088711872,two-strong
5,1964,marriage,0.2421052631578947,female,0.2285714285714285,0.05590062088711872,two-strong
5,1965,marriage,0.2421052631578947,female,0.2285714285714285,0.05590062088711872,two-strong
5,1966,marriage,0.2421052631578947,female,0.2285714285714285,0.05590062088711872,two-strong
5,1967,marriage,0.2421052631578947,female,0.2285714285714285,0.05590062088711872,two-strong
5,1968,marriage,0.2421052631578947,female,0.2285714285714285,0.05590062088711872,two-strong
5,1969,marriage,0.2421052631578947,female,0.2285714285714285,0.05590062088711872,two-strong
5,1970,marriage,0.2421052631578947,female,0.2285714285714285,0.05590062088711872,two-strong
5,1971,marriage,0.2421052631578947,female,0.2285714285714285,0.05590062088711872,two-strong
5,1972,marriage,0.2421052631578947,female,0.2285714285714285,0.05590062088711872,two-strong
5,1973,marriage,0.2421052631578947,female,0.2285714285714285,0.05590062088711872,two-strong
5,1974,marriage,0.2421052631578947,female,0.2285714285714285,0.05590062088711872,two-strong
5,1975,marriage,0.2421052631578947,female,0.2285714285714285,0.05590062088711872,two-strong
5,1976,female,0.240191452806768,marriage,0.2396155682439299,0.002397606383203802,two-strong
5,1977,marriage,0.2421052631578947,female,0.2285714285714285,0.05590062088711872,two-strong
5,1978,marriage,0.2421052631578947,female,0.2285714285714285,0.05590062088711872,two-strong
5,1979,marriage,0.241788312755132,female,0.2404111883988045,0.005695578644558346,two-strong
5,1980,female,0.2437969924812029,marriage,0.2421052631578947,0.0069390901797097984,two-strong
5,1981,marriage,0.2421052631578947,female,0.2285714285714285,0.05590062088711872,two-strong
5,1982,marriage,0.2421052631578947,female,0.2285714285714285,0.05590062088711872,two-strong
5,1983,male,0.2079752953813104,,,0.9999999951917367,dominant
5,1984,marriage,0.2421052631578947,female,0.2285714285714285,0.05590062088711872,two-strong
5,1985,marriage,0.2421052631578947,female,0.2285714285714285,0.05590062088711872,two-strong
5,1986,marriage,0.2421052631578947,female,0.2285714285714285,0.05590062088711872,two-strong
5,1987,marriage,0.2421052631578947,female,0.2285714285714285,0.05590062088711872,two-strong
5,1988,marriage,0.2421052631578947,female,0.2285714285714285,0.05590062088711872,two-strong
5,1989,marriage,0.2421052631578947,female,0.2285714285714285,0.05590062088711872,two-strong
5,1990,marriage,0.2421052631578947,female,0.2285714285714285,0.05590062088711872,two-strong
5,1991,marriage,0.2421052631578947,female,0.2285714285714285,0.05590062088711872,two-strong
5,1992,marriage,0.2421052631578947,female,0.2285714285714285,0.05590062088711872,two-strong
5,1993,marriage,0.2421052631578947,female,0.2285714285714285,0.05590062088711872,two-strong
5,1994,marriage,0.2421052631578947,female,0.2285714285714285,0.05590062088711872,two-strong
5,1995,marriage,0.2421052631578947,female,0.2285714285714285,0.05590062088711872,two-strong
5,1996,marriage,0.2421052631578947,female,0.2285714285714285,0.05590062088711872,two-strong
5,1997,marriage,0.2421052631578947,female,0.2285714285714285,0.05590062088711872,two-strong
5,1998,marriage,0.2421052631578947,female,0.2285714285714285,0.05590062088711872,two-strong
5,1999,marriage,0.2421052631578947,female,0.2285714285714285,0.05590062088711872,two-strong
5,2000,marriage,0.2421052631578947,female,0.2285714285714285,0.05590062088711872,two-strong
5,2001,marriage,0.2421052631578947,female,0.2285714285714285,0.05590062088711872,two-strong
5,2002,marriage,0.2421052631578947,female,0.2285714285714285,0.05590062088711872,two-strong
5,2003,marriage,0.2421052631578947,female,0.2336466165413533,0.034937888054449355,two-strong
5,2004,marriage,0.2421052631578947,female,0.2285714285714285,0.05590062088711872,two-strong
5,2005,marriage,0.2421052631578947,female,0.2285714285714285,0.05590062088711872,two-strong
5,2006,marriage,0.2421052631578947,female,0.2285714285714285,0.05590062088711872,two-strong
5,2007,marriage,0.2421052631578947,female,0.2285714285714285,0.05590062088711872,two-strong
5,2008,marriage,0.2421052631578947,female,0.2285714285714285,0.05590062088711872,two-strong
5,2009,marriage,0.2421052631578947,female,0.2285714285714285,0.05590062088711872,two-strong
5,2010,marriage,0.2421052631578947,female,0.2285714285714285,0.05590062088711872,two-strong
5,2011,marriage,0.2421052631578947,female,0.2285714285714285,0.05590062088711872,two-strong
5,2012,marriage,0.2421052631578947,female,0.2285714285714285,0.05590062088711872,two-strong
5,2013,marriage,0.2421052631578947,female,0.2285714285714285,0.05590062088711872,two-strong
5,2014,marriage,0.2421052631578947,female,0.2285714285714285,0.05590062088711872,two-strong
5,2015,marriage,0.2421052631578947,female,0.2285714285714285,0.05590062088711872,two-strong
5,2016,marriage,0.2421052631578947,female,0.2285714285714285,0.05590062088711872,two-strong
5,2017,marriage,0.2421052631578947,female,0.2285714285714285,0.05590062088711872,two-strong
5,2018,marriage,0.2421052631578947,female,0.2285714285714285,0.05590062088711872,two-strong
5,2019,female,0.2365288220551378,family,0.2134453781512605,0.0975925200392862,two-strong
5,2020,marriage,0.2421052631578947,female,0.2285714285714285,0.05590062088711872,two-strong
5,2021,marriage,0.2421052631578947,female,0.2285714285714285,0.05590062088711872,two-strong
5,2022,marriage,0.2421052631578947,female,0.2285714285714285,0.05590062088711872,two-strong
5,2023,marriage,0.2404819502171578,female,0.2285714285714285,0.0495277154291465,two-strong
5,2024,wealth,0.2862590705564141,marriage,0.2696612600626481,0.057981779943330015,two-strong
5,2025,female,0.2495718097691781,marriage,0.2391206739541078,0.0418762671267239,two-strong
5,2026,marriage,0.2421052631578947,female,0.2285714285714285,0.05590062088711872,two-strong
5,2027,marriage,0.2421052631578947,female,0.2285714285714285,0.05590062088711872,two-strong
5,2028,marriage,0.2421052631578947,female,0.2285714285714285,0.05590062088711872,two-strong
5,2029,marriage,0.2466187765958933,female,0.2354323308270677,0.045359262088126906,two-strong
5,2030,society,0.2103252277824743,emotion,0.1964820545539455,0.06581793971490654,two-strong
5,2031,marriage,0.2421052631578947,female,0.2285714285714285,0.05590062088711872,two-strong
5,2032,marriage,0.2421052631578947,female,0.2285714285714285,0.05590062088711872,two-strong
5,2033,marriage,0.2421052631578947,female,0.2285714285714285,0.05590062088711872,two-strong
5,2034,marriage,0.2421052631578947,female,0.2285714285714285,0.05590062088711872,two-strong
5,2035,marriage,0.2421052631578947,female,0.2285714285714285,0.05590062088711872,two-strong
5,2036,marriage,0.2421052631578947,female,0.2285714285714285,0.05590062088711872,two-strong
5,2037,marriage,0.2421052631578947,female,0.2285714285714285,0.05590062088711872,two-strong
5,2038,marriage,0.2421052631578947,female,0.2285714285714285,0.05590062088711872,two-strong
5,2039,marriage,0.2421052631578947,female,0.2285714285714285,0.05590062088711872,two-strong
5,2040,marriage,0.2421052631578947,female,0.2285714285714285,0.05590062088711872,two-strong
5,2041,marriage,0.2421052631578947,female,0.2285714285714285,0.05590062088711872,two-strong
5,2042,marriage,0.2421052631578947,female,0.2285714285714285,0.05590062088711872,two-strong
5,2043,marriage,0.2421052631578947,female,0.2285714285714285,0.05590062088711872,two-strong
5,2044,marriage,0.2421052631578947,female,0.2285714285714285,0.05590062088711872,two-strong
5,2045,marriage,0.2421052631578947,female,0.2285714285714285,0.05590062088711872,two-strong
5,2046,marriage,0.2421052631578947,female,0.2285714285714285,0.05590062088711872,two-strong
5,2047,marriage,0.2421052631578947,female,0.2285714285714285,0.05590062088711872,two-strong
5,2048,marriage,0.2421052631578947,female,0.2285714285714285,0.05590062088711872,two-strong
5,2049,marriage,0.2421052631578947,female,0.2285714285714285,0.05590062088711872,two-strong
5,2050,class,0.1670663425592849,,,0.9999999940143539,dominant
5,2051,marriage,0.2421052631578947,female,0.2285714285714285,0.05590062088711872,two-strong
5,2052,marriage,0.2421052631578947,female,0.2285714285714285,0.05590062088711872,two-strong
5,2053,marriage,0.2421052631578947,female,0.2285714285714285,0.05590062088711872,two-strong
5,2054,marriage,0.2421052631578947,female,0.2285714285714285,0.05590062088711872,two-strong
5,2055,marriage,0.2421052631578947,female,0.2285714285714285,0.05590062088711872,two-strong
5,2056,marriage,0.2421052631578947,female,0.2285714285714285,0.05590062088711872,two-strong
5,2057,marriage,0.2421052631578947,female,0.2285714285714285,0.05590062088711872,two-strong
5,2058,marriage,0.2421052631578947,female,0.2285714285714285,0.05590062088711872,two-strong
5,2059,marriage,0.2421052631578947,female,0.2285714285714285,0.05590062088711872,two-strong
5,2060,marriage,0.2421052631578947,female,0.2285714285714285,0.05590062088711872,two-strong
5,2061,wealth,0.1944661654135338,,,0.9999999948577173,dominant
5,2062,marriage,0.2421052631578947,female,0.2285714285714285,0.05590062088711872,two-strong
5,2063,marriage,0.2421052631578947,female,0.2285714285714285,0.05590062088711872,two-strong
5,2064,marriage,0.2407614533227478,female,0.2399592731829573,0.003331846212870737,two-strong
5,2065,marriage,0.2421052631578947,female,0.2285714285714285,0.05590062088711872,two-strong
5,2066,marriage,0.2421052631578947,female,0.2285714285714285,0.05590062088711872,two-strong
5,2067,marriage,0.2421052631578947,female,0.2285714285714285,0.05590062088711872,two-strong
5,2068,male,0.2432874174105365,female,0.2306703294942882,0.051860831927434625,two-strong
5,2069,marriage,0.2421052631578947,female,0.2285714285714285,0.05590062088711872,two-strong
5,2070,marriage,0.2421052631578947,female,0.2285714285714285,0.05590062088711872,two-strong
5,2071,marriage,0.2421052631578947,female,0.2285714285714285,0.05590062088711872,two-strong
5,2072,marriage,0.2421052631578947,female,0.2285714285714285,0.05590062088711872,two-strong
5,2073,marriage,0.2421052631578947,female,0.2285714285714285,0.05590062088711872,two-strong
5,2074,marriage,0.2421052631578947,female,0.2285714285714285,0.05590062088711872,two-strong
5,2075,marriage,0.2421052631578947,female,0.2285714285714285,0.05590062088711872,two-strong
5,2076,marriage,0.2421052631578947,female,0.2285714285714285,0.05590062088711872,two-strong
5,2077,marriage,0.2421052631578947,female,0.2285714285714285,0.05590062088711872,two-strong
5,2078,marriage,0.2421052631578947,female,0.2285714285714285,0.05590062088711872,two-strong
5,2079,marriage,0.2421052631578947,female,0.2285714285714285,0.05590062088711872,two-strong
5,2080,marriage,0.2421052631578947,female,0.2285714285714285,0.05590062088711872,two-strong
5,2081,marriage,0.2421052631578947,female,0.2285714285714285,0.05590062088711872,two-strong
5,2082,marriage,0.2421052631578947,female,0.2285714285714285,0.05590062088711872,two-strong
5,2083,marriage,0.2421052631578947,female,0.2336466165413533,0.034937888054449355,two-strong
5,2084,marriage,0.2421052631578947,female,0.2285714285714285,0.05590062088711872,two-strong
5,2085,love,0.1408175611442399,,,0.9999999928986131,dominant
5,2086,family,0.1974608709447536,,,0.9999999949357056,dominant
5,2087,marriage,0.2421052631578947,female,0.2285714285714285,0.05590062088711872,two-strong
5,2088,marriage,0.2421052631578947,female,0.2285714285714285,0.05590062088711872,two-strong
5,2089,marriage,0.2421052631578947,female,0.2285714285714285,0.05590062088711872,two-strong
5,2090,marriage,0.2421052631578947,female,0.2285714285714285,0.05590062088711872,two-strong
5,2091,marriage,0.2421052631578947,female,0.2285714285714285,0.05590062088711872,two-strong
5,2092,marriage,0.2468914231576962,,,0.9999999959496365,dominant
5,2093,female,0.5612504284758084,love,0.1611981059441259,0.7127875570720182,dominant
5,2094,emotion,0.2307622518516998,marriage,0.2281226964979139,0.011438419070567078,two-strong
5,2095,marriage,0.2421052631578947,female,0.2285714285714285,0.05590062088711872,two-strong
5,2096,marriage,0.2421052631578947,female,0.2285714285714285,0.05590062088711872,two-strong
5,2097,marriage,0.2421052631578947,female,0.2285714285714285,0.05590062088711872,two-strong
5,2098,marriage,0.2421052631578947,female,0.2285714285714285,0.05590062088711872,two-strong
5,2099,marriage,0.2421052631578947,female,0.2285714285714285,0.05590062088711872,two-strong
5,2100,marriage,0.2421052631578947,female,0.2285714285714285,0.05590062088711872,two-strong
5,2101,marriage,0.2421052631578947,female,0.2285714285714285,0.05590062088711872,two-strong
5,2102,marriage,0.2421052631578947,female,0.2285714285714285,0.05590062088711872,two-strong
5,2103,marriage,0.2421052631578947,female,0.2285714285714285,0.05590062088711872,two-strong
5,2104,marriage,0.2421052631578947,female,0.2285714285714285,0.05590062088711872,two-strong
5,2105,marriage,0.2421052631578947,female,0.2285714285714285,0.05590062088711872,two-strong
5,2106,marriage,0.2421052631578947,female,0.2285714285714285,0.05590062088711872,two-strong
5,2107,marriage,0.2421052631578947,female,0.2285714285714285,0.05590062088711872,two-strong
5,2108,marriage,0.2421052631578947,female,0.2285714285714285,0.05590062088711872,two-strong
5,2109,marriage,0.2515201046093495,,,0.9999999960241746,dominant
5,2110,marriage,0.2421052631578947,female,0.2285714285714285,0.05590062088711872,two-strong
5,2111,marriage,0.2421052631578947,female,0.2285714285714285,0.05590062088711872,two-strong
5,2112,marriage,0.2421052631578947,female,0.2285714285714285,0.05590062088711872,two-strong
5,2113,marriage,0.2421052631578947,female,0.2285714285714285,0.05590062088711872,two-strong
5,2114,marriage,0.2421052631578947,female,0.2285714285714285,0.05590062088711872,two-strong
5,2115,marriage,0.2421052631578947,female,0.2285714285714285,0.05590062088711872,two-strong
5,2116,marriage,0.2421052631578947,female,0.2285714285714285,0.05590062088711872,two-strong
5,2117,marriage,0.2421052631578947,female,0.2285714285714285,0.05590062088711872,two-strong
5,2118,marriage,0.2421052631578947,female,0.2285714285714285,0.05590062088711872,two-strong
5,2119,marriage,0.2421052631578947,female,0.2285714285714285,0.05590062088711872,two-strong
5,2120,marriage,0.2421052631578947,female,0.2285714285714285,0.05590062088711872,two-strong
5,2121,marriage,0.2421052631578947,female,0.2292606516290727,0.05305383000860774,two-strong
5,2122,marriage,0.2421052631578947,female,0.2285714285714285,0.05590062088711872,two-strong
5,2123,marriage,0.2421052631578947,female,0.2285714285714285,0.05590062088711872,two-strong
5,2124,marriage,0.2421052631578947,female,0.2285714285714285,0.05590062088711872,two-strong
5,2125,marriage,0.2421052631578947,female,0.2285714285714285,0.05590062088711872,two-strong
5,2126,marriage,0.2421052631578947,female,0.2285714285714285,0.05590062088711872,two-strong
5,2127,marriage,0.2421052631578947,female,0.2285714285714285,0.05590062088711872,two-strong
5,2128,marriage,0.2421052631578947,female,0.2285714285714285,0.05590062088711872,two-strong
5,2129,marriage,0.2421052631578947,female,0.2285714285714285,0.05590062088711872,two-strong
5,2130,marriage,0.2421052631578947,female,0.2285714285714285,0.05590062088711872,two-strong
5,2131,marriage,0.2421052631578947,female,0.2285714285714285,0.05590062088711872,two-strong
5,2132,marriage,0.2421052631578947,female,0.2285714285714285,0.05590062088711872,two-strong
5,2133,marriage,0.2421052631578947,female,0.2285714285714285,0.05590062088711872,two-strong
5,2134,marriage,0.2421052631578947,female,0.2285714285714285,0.05590062088711872,two-strong
5,2135,marriage,0.2421052631578947,female,0.2285714285714285,0.05590062088711872,two-strong
5,2136,marriage,0.2421052631578947,female,0.2285714285714285,0.05590062088711872,two-strong
5,2137,marriage,0.2421052631578947,female,0.2285714285714285,0.05590062088711872,two-strong
5,2138,marriage,0.2421052631578947,female,0.2285714285714285,0.05590062088711872,two-strong
5,2139,marriage,0.2421052631578947,female,0.2285714285714285,0.05590062088711872,two-strong
5,2140,marriage,0.2421052631578947,female,0.2285714285714285,0.05590062088711872,two-strong
5,2141,marriage,0.2421052631578947,female,0.2285714285714285,0.05590062088711872,two-strong
5,2142,marriage,0.2421052631578947,female,0.2285714285714285,0.05590062088711872,two-strong
5,2143,marriage,0.2470835473777611,female,0.2285714285714285,0.07492250669004386,two-strong
5,2144,marriage,0.2421052631578947,female,0.2285714285714285,0.05590062088711872,two-strong
5,2145,marriage,0.2421052631578947,female,0.2285714285714285,0.05590062088711872,two-strong
5,2146,marriage,0.2421052631578947,female,0.2285714285714285,0.05590062088711872,two-strong
5,2147,marriage,0.2421052631578947,female,0.2285714285714285,0.05590062088711872,two-strong
5,2148,marriage,0.2421052631578947,female,0.2285714285714285,0.05590062088711872,two-strong
5,2149,marriage,0.2421052631578947,female,0.2285714285714285,0.05590062088711872,two-strong
5,2150,marriage,0.2421052631578947,female,0.2285714285714285,0.05590062088711872,two-strong
5,2151,marriage,0.2421052631578947,female,0.2285714285714285,0.05590062088711872,two-strong
5,2152,marriage,0.2421052631578947,female,0.2285714285714285,0.05590062088711872,two-strong
5,2153,society,0.2734347954144058,marriage,0.2270609636990493,0.16959740429332318,two-strong
5,2154,marriage,0.2421052631578947,female,0.2285714285714285,0.05590062088711872,two-strong
5,2155,marriage,0.2421052631578947,female,0.2285714285714285,0.05590062088711872,two-strong
5,2156,marriage,0.2421052631578947,female,0.2285714285714285,0.05590062088711872,two-strong
5,2157,male,0.3597249412652713,family,0.29092073268854,0.1912689404950773,two-strong
5,2158,marriage,0.2421052631578947,female,0.2285714285714285,0.05590062088711872,two-strong
5,2159,marriage,0.2421052631578947,female,0.2285714285714285,0.05590062088711872,two-strong
5,2160,society,0.1986615420334339,class,0.1591248383955576,0.1990153858375218,two-strong
5,2161,marriage,0.2421052631578947,female,0.2285714285714285,0.05590062088711872,two-strong
5,2162,marriage,0.2421052631578947,female,0.2285714285714285,0.05590062088711872,two-strong
5,2163,marriage,0.2421052631578947,female,0.2285714285714285,0.05590062088711872,two-strong
5,2164,marriage,0.2421052631578947,female,0.2292606516290727,0.05305383000860774,two-strong
5,2165,marriage,0.2421052631578947,female,0.2285714285714285,0.05590062088711872,two-strong
5,2166,marriage,0.2421052631578947,female,0.2285714285714285,0.05590062088711872,two-strong
5,2167,marriage,0.2421052631578947,female,0.2285714285714285,0.05590062088711872,two-strong
5,2168,marriage,0.2421052631578947,female,0.2285714285714285,0.05590062088711872,two-strong
5,2169,marriage,0.2421052631578947,female,0.2285714285714285,0.05590062088711872,two-strong
5,2170,marriage,0.2421052631578947,female,0.2285714285714285,0.05590062088711872,two-strong
5,2171,marriage,0.2421052631578947,female,0.2285714285714285,0.05590062088711872,two-strong
5,2172,marriage,0.2421052631578947,female,0.2285714285714285,0.05590062088711872,two-strong
5,2173,marriage,0.2421052631578947,female,0.2285714285714285,0.05590062088711872,two-strong
5,2174,marriage,0.2409465693218553,female,0.2250098731677679,0.06614203361682724,two-strong
5,2175,marriage,0.2421052631578947,female,0.2285714285714285,0.05590062088711872,two-strong
5,2176,marriage,0.2421052631578947,female,0.2285714285714285,0.05590062088711872,two-strong
5,2177,marriage,0.2421052631578947,female,0.2285714285714285,0.05590062088711872,two-strong
5,2178,marriage,0.2421052631578947,female,0.2285714285714285,0.05590062088711872,two-strong
5,2179,marriage,0.2421052631578947,female,0.2285714285714285,0.05590062088711872,two-strong
5,2180,marriage,0.2421052631578947,female,0.2285714285714285,0.05590062088711872,two-strong
5,2181,marriage,0.2468126838836221,female,0.2285714285714285,0.07390728446876531,two-strong
5,2182,marriage,0.2421052631578947,female,0.2285714285714285,0.05590062088711872,two-strong
5,2183,marriage,0.2421052631578947,female,0.2285714285714285,0.05590062088711872,two-strong
5,2184,marriage,0.2421052631578947,female,0.2285714285714285,0.05590062088711872,two-strong
5,2185,marriage,0.2421052631578947,female,0.2285714285714285,0.05590062088711872,two-strong
5,2186,marriage,0.2421052631578947,female,0.2285714285714285,0.05590062088711872,two-strong
5,2187,marriage,0.2421052631578947,female,0.2285714285714285,0.05590062088711872,two-strong
5,2188,marriage,0.2421052631578947,female,0.2285714285714285,0.05590062088711872,two-strong
5,2189,marriage,0.2421052631578947,female,0.2285714285714285,0.05590062088711872,two-strong
5,2190,marriage,0.2421052631578947,female,0.2285714285714285,0.05590062088711872,two-strong
5,2191,marriage,0.2421052631578947,female,0.2285714285714285,0.05590062088711872,two-strong
5,2192,marriage,0.2421052631578947,female,0.2285714285714285,0.05590062088711872,two-strong
5,2193,marriage,0.2421052631578947,female,0.2285714285714285,0.05590062088711872,two-strong
5,2194,marriage,0.2468126838836221,female,0.2285714285714285,0.07390728446876531,two-strong
5,2195,marriage,0.2421052631578947,female,0.2285714285714285,0.05590062088711872,two-strong
5,2196,marriage,0.2421052631578947,female,0.2285714285714285,0.05590062088711872,two-strong
5,2197,marriage,0.2421052631578947,female,0.2285714285714285,0.05590062088711872,two-strong
5,2198,marriage,0.2421052631578947,female,0.2285714285714285,0.05590062088711872,two-strong
5,2199,marriage,0.2421052631578947,female,0.2285714285714285,0.05590062088711872,two-strong
5,2200,marriage,0.2421052631578947,female,0.2285714285714285,0.05590062088711872,two-strong
5,2201,marriage,0.2421052631578947,female,0.2285714285714285,0.05590062088711872,two-strong
5,2202,marriage,0.2421052631578947,female,0.2285714285714285,0.05590062088711872,two-strong
5,2203,marriage,0.2421052631578947,female,0.2285714285714285,0.05590062088711872,two-strong
5,2204,marriage,0.2421052631578947,female,0.2285714285714285,0.05590062088711872,two-strong
5,2205,marriage,0.2421052631578947,female,0.2285714285714285,0.05590062088711872,two-strong
5,2206,marriage,0.2421052631578947,female,0.2285714285714285,0.05590062088711872,two-strong
5,2207,marriage,0.2421052631578947,female,0.2285714285714285,0.05590062088711872,two-strong
5,2208,marriage,0.2421052631578947,female,0.2285714285714285,0.05590062088711872,two-strong
5,2209,marriage,0.240105607220078,female,0.2264811668594563,0.05674353240484792,two-strong
5,2210,marriage,0.2421052631578947,female,0.2285714285714285,0.05590062088711872,two-strong
5,2211,marriage,0.2421052631578947,female,0.2285714285714285,0.05590062088711872,two-strong
5,2212,marriage,0.2421052631578947,female,0.2285714285714285,0.05590062088711872,two-strong
5,2213,marriage,0.2421052631578947,female,0.2285714285714285,0.05590062088711872,two-strong
5,2214,marriage,0.2421052631578947,female,0.2285714285714285,0.05590062088711872,two-strong
5,2215,marriage,0.2421052631578947,female,0.2285714285714285,0.05590062088711872,two-strong
5,2216,marriage,0.2421052631578947,female,0.2285714285714285,0.05590062088711872,two-strong
5,2217,marriage,0.2421052631578947,female,0.2285714285714285,0.05590062088711872,two-strong
5,2218,marriage,0.2421052631578947,female,0.2285714285714285,0.05590062088711872,two-strong
5,2219,marriage,0.2421052631578947,female,0.2285714285714285,0.05590062088711872,two-strong
5,2220,marriage,0.2421052631578947,female,0.2285714285714285,0.05590062088711872,two-strong
5,2221,marriage,0.2421052631578947,female,0.2285714285714285,0.05590062088711872,two-strong
5,2222,marriage,0.2468126838836221,female,0.2336466165413533,0.05334437064479448,two-strong
5,2223,marriage,0.2421052631578947,female,0.2285714285714285,0.05590062088711872,two-strong
5,2224,marriage,0.2421052631578947,female,0.2285714285714285,0.05590062088711872,two-strong
5,2225,marriage,0.2421052631578947,female,0.2285714285714285,0.05590062088711872,two-strong
5,2226,marriage,0.2421052631578947,female,0.2285714285714285,0.05590062088711872,two-strong
5,2227,marriage,0.2421052631578947,female,0.2285714285714285,0.05590062088711872,two-strong
5,2228,marriage,0.2421052631578947,female,0.2285714285714285,0.05590062088711872,two-strong
5,2229,female,0.2843984962406015,marriage,0.2433326399001456,0.1443954758513162,two-strong
5,2230,marriage,0.2421052631578947,female,0.2285714285714285,0.05590062088711872,two-strong
5,2231,marriage,0.2421052631578947,female,0.2285714285714285,0.05590062088711872,two-strong
5,2232,marriage,0.2421052631578947,female,0.2285714285714285,0.05590062088711872,two-strong
5,2233,marriage,0.2421052631578947,female,0.2285714285714285,0.05590062088711872,two-strong
5,2234,marriage,0.2421052631578947,female,0.2285714285714285,0.05590062088711872,two-strong
5,2235,marriage,0.2421052631578947,female,0.2285714285714285,0.05590062088711872,two-strong
5,2236,marriage,0.2421052631578947,female,0.2285714285714285,0.05590062088711872,two-strong
5,2237,marriage,0.2421052631578947,female,0.2285714285714285,0.05590062088711872,two-strong
5,2238,marriage,0.2421052631578947,female,0.2285714285714285,0.05590062088711872,two-strong
5,2239,marriage,0.2421052631578947,female,0.2285714285714285,0.05590062088711872,two-strong
5,2240,marriage,0.2421052631578947,female,0.2285714285714285,0.05590062088711872,two-strong
5,2241,marriage,0.2421052631578947,female,0.2285714285714285,0.05590062088711872,two-strong
5,2242,female,0.230384475511855,male,0.1953596580933216,0.15202767976743922,two-strong
5,2243,marriage,0.2421052631578947,female,0.2336466165413533,0.034937888054449355,two-strong
5,2244,marriage,0.2421052631578947,female,0.2285714285714285,0.05590062088711872,two-strong
5,2245,marriage,0.2421052631578947,female,0.2285714285714285,0.05590062088711872,two-strong
5,2246,male,0.626468657414909,family,0.2024639477746709,0.6768171143837504,dominant
5,2247,marriage,0.2421052631578947,female,0.2285714285714285,0.05590062088711872,two-strong
5,2248,female,0.2450021228126878,male,0.206734097147631,0.15619466912994587,two-strong
5,2249,marriage,0.2421052631578947,female,0.2285714285714285,0.05590062088711872,two-strong
5,2250,marriage,0.2421052631578947,female,0.2285714285714285,0.05590062088711872,two-strong
5,2251,marriage,0.2421052631578947,female,0.2285714285714285,0.05590062088711872,two-strong
5,2252,marriage,0.2421052631578947,female,0.2285714285714285,0.05590062088711872,two-strong
5,2253,marriage,0.2421052631578947,female,0.2285714285714285,0.05590062088711872,two-strong
5,2254,marriage,0.2421052631578947,female,0.2285714285714285,0.05590062088711872,two-strong
5,2255,marriage,0.2421052631578947,female,0.2285714285714285,0.05590062088711872,two-strong
5,2256,marriage,0.2421052631578947,female,0.2285714285714285,0.05590062088711872,two-strong
5,2257,female,0.2437969924812029,family,0.1996461742591773,0.18109664763125838,two-strong
5,2258,marriage,0.2421052631578947,female,0.2285714285714285,0.05590062088711872,two-strong
5,2259,marriage,0.2421052631578947,female,0.2285714285714285,0.05590062088711872,two-strong
5,2260,marriage,0.2421052631578947,female,0.2285714285714285,0.05590062088711872,two-strong
5,2261,marriage,0.2421052631578947,female,0.2285714285714285,0.05590062088711872,two-strong
5,2262,marriage,0.2421052631578947,female,0.2285714285714285,0.05590062088711872,two-strong
5,2263,marriage,0.2421052631578947,female,0.2285714285714285,0.05590062088711872,two-strong
5,2264,marriage,0.2421052631578947,female,0.2285714285714285,0.05590062088711872,two-strong
5,2265,marriage,0.2421052631578947,female,0.2285714285714285,0.05590062088711872,two-strong
5,2266,marriage,0.288426024821217,female,0.2133554630085953,0.26027665706961806,leaning
5,2267,marriage,0.2421052631578947,female,0.2285714285714285,0.05590062088711872,two-strong
5,2268,marriage,0.2421052631578947,female,0.2285714285714285,0.05590062088711872,two-strong
5,2269,marriage,0.2421052631578947,female,0.2285714285714285,0.05590062088711872,two-strong
5,2270,marriage,0.2421052631578947,female,0.2285714285714285,0.05590062088711872,two-strong
5,2271,marriage,0.2421052631578947,female,0.2285714285714285,0.05590062088711872,two-strong
5,2272,marriage,0.2421052631578947,female,0.2336466165413533,0.034937888054449355,two-strong
5,2273,marriage,0.2421052631578947,female,0.2285714285714285,0.05590062088711872,two-strong
5,2274,marriage,0.2421052631578947,female,0.2285714285714285,0.05590062088711872,two-strong
5,2275,marriage,0.2421052631578947,female,0.2285714285714285,0.05590062088711872,two-strong
5,2276,marriage,0.2421052631578947,female,0.2285714285714285,0.05590062088711872,two-strong
5,2277,marriage,0.2421052631578947,female,0.2285714285714285,0.05590062088711872,two-strong
5,2278,marriage,0.2421052631578947,female,0.2285714285714285,0.05590062088711872,two-strong
5,2279,marriage,0.2421052631578947,female,0.2285714285714285,0.05590062088711872,two-strong
5,2280,marriage,0.2421052631578947,female,0.2285714285714285,0.05590062088711872,two-strong
5,2281,marriage,0.2421052631578947,female,0.2285714285714285,0.05590062088711872,two-strong
5,2282,marriage,0.2421052631578947,female,0.2285714285714285,0.05590062088711872,two-strong
5,2283,marriage,0.2421052631578947,female,0.2285714285714285,0.05590062088711872,two-strong
5,2284,marriage,0.2421052631578947,female,0.2285714285714285,0.05590062088711872,two-strong
5,2285,marriage,0.2421052631578947,female,0.2285714285714285,0.05590062088711872,two-strong
5,2286,marriage,0.2421052631578947,female,0.2285714285714285,0.05590062088711872,two-strong
5,2287,marriage,0.2421052631578947,female,0.2285714285714285,0.05590062088711872,two-strong
5,2288,marriage,0.2421052631578947,female,0.2285714285714285,0.05590062088711872,two-strong
5,2289,marriage,0.2421052631578947,female,0.2285714285714285,0.05590062088711872,two-strong
5,2290,marriage,0.2421052631578947,female,0.2285714285714285,0.05590062088711872,two-strong
5,2291,marriage,0.2421052631578947,female,0.2285714285714285,0.05590062088711872,two-strong
5,2292,marriage,0.2421052631578947,female,0.2285714285714285,0.05590062088711872,two-strong
5,2293,marriage,0.2421052631578947,female,0.2285714285714285,0.05590062088711872,two-strong
5,2294,marriage,0.2421052631578947,female,0.2285714285714285,0.05590062088711872,two-strong
5,2295,marriage,0.2421052631578947,female,0.2285714285714285,0.05590062088711872,two-strong
5,2296,male,0.2676211324286953,marriage,0.236996193812434,0.11443393211852217,two-strong
5,2297,marriage,0.2421052631578947,female,0.2285714285714285,0.05590062088711872,two-strong
5,2298,marriage,0.2421052631578947,female,0.2285714285714285,0.05590062088711872,two-strong
5,2299,marriage,0.2421052631578947,female,0.2285714285714285,0.05590062088711872,two-strong
5,2300,female,0.2475563909774436,marriage,0.2421052631578947,0.02201974174856122,two-strong
5,2301,marriage,0.2421052631578947,female,0.2285714285714285,0.05590062088711872,two-strong
5,2302,marriage,0.2421052631578947,female,0.2285714285714285,0.05590062088711872,two-strong
5,2303,marriage,0.2421052631578947,female,0.2285714285714285,0.05590062088711872,two-strong
5,2304,marriage,0.2421052631578947,female,0.2285714285714285,0.05590062088711872,two-strong
5,2305,marriage,0.2404414840184752,female,0.2264795100732601,0.05806807400204793,two-strong
5,2306,marriage,0.2421052631578947,female,0.2285714285714285,0.05590062088711872,two-strong
5,2307,marriage,0.2411191021030838,female,0.2275737420474262,0.0561770506000375,two-strong
5,2308,marriage,0.2421052631578947,female,0.2285714285714285,0.05590062088711872,two-strong
5,2309,marriage,0.2421052631578947,female,0.2285714285714285,0.05590062088711872,two-strong
5,2310,marriage,0.2421052631578947,female,0.2285714285714285,0.05590062088711872,two-strong
5,2311,marriage,0.2421052631578947,female,0.2285714285714285,0.05590062088711872,two-strong
5,2312,society,0.3136719479822866,marriage,0.2640219612937308,0.15828634613214837,two-strong
5,2313,marriage,0.2421052631578947,female,0.2285714285714285,0.05590062088711872,two-strong
5,2314,female,0.4048128333571269,family,0.230805316343859,0.42984683845215743,leaning
5,2315,marriage,0.2421052631578947,female,0.2285714285714285,0.05590062088711872,two-strong
5,2316,marriage,0.2421052631578947,female,0.2285714285714285,0.05590062088711872,two-strong
5,2317,marriage,0.2421052631578947,female,0.2285714285714285,0.05590062088711872,two-strong
5,2318,marriage,0.2421052631578947,female,0.2285714285714285,0.05590062088711872,two-strong
5,2319,marriage,0.2421052631578947,female,0.2285714285714285,0.05590062088711872,two-strong
5,2320,marriage,0.2421052631578947,female,0.2285714285714285,0.05590062088711872,two-strong
5,2321,marriage,0.2421052631578947,female,0.2285714285714285,0.05590062088711872,two-strong
5,2322,marriage,0.2421052631578947,female,0.2285714285714285,0.05590062088711872,two-strong
5,2323,marriage,0.2421052631578947,female,0.2285714285714285,0.05590062088711872,two-strong
5,2324,marriage,0.2421052631578947,female,0.2285714285714285,0.05590062088711872,two-strong
5,2325,marriage,0.2421052631578947,female,0.2285714285714285,0.05590062088711872,two-strong
5,2326,marriage,0.2421052631578947,female,0.2285714285714285,0.05590062088711872,two-strong
5,2327,marriage,0.2421052631578947,female,0.2285714285714285,0.05590062088711872,two-strong
5,2328,marriage,0.2421052631578947,female,0.2285714285714285,0.05590062088711872,two-strong
5,2329,marriage,0.2421052631578947,female,0.2285714285714285,0.05590062088711872,two-strong
5,2330,marriage,0.2421052631578947,female,0.2285714285714285,0.05590062088711872,two-strong
5,2331,marriage,0.2421052631578947,female,0.2285714285714285,0.05590062088711872,two-strong
5,2332,marriage,0.2421052631578947,female,0.2285714285714285,0.05590062088711872,two-strong
5,2333,marriage,0.2421052631578947,female,0.2285714285714285,0.05590062088711872,two-strong
5,2334,marriage,0.2421052631578947,female,0.2285714285714285,0.05590062088711872,two-strong
5,2335,marriage,0.2421052631578947,female,0.2285714285714285,0.05590062088711872,two-strong
5,2336,marriage,0.2421052631578947,female,0.2285714285714285,0.05590062088711872,two-strong
5,2337,marriage,0.2421052631578947,female,0.2285714285714285,0.05590062088711872,two-strong
5,2338,marriage,0.2468126838836221,female,0.2285714285714285,0.07390728446876531,two-strong
5,2339,marriage,0.2421052631578947,female,0.2285714285714285,0.05590062088711872,two-strong
5,2340,marriage,0.2421052631578947,female,0.2285714285714285,0.05590062088711872,two-strong
5,2341,marriage,0.2421052631578947,female,0.2285714285714285,0.05590062088711872,two-strong
5,2342,marriage,0.2421052631578947,female,0.2285714285714285,0.05590062088711872,two-strong
5,2343,marriage,0.2421052631578947,female,0.2285714285714285,0.05590062088711872,two-strong
5,2344,marriage,0.2421052631578947,female,0.2285714285714285,0.05590062088711872,two-strong
5,2345,marriage,0.2421052631578947,female,0.2285714285714285,0.05590062088711872,two-strong
5,2346,marriage,0.2421052631578947,female,0.2285714285714285,0.05590062088711872,two-strong
5,2347,marriage,0.2421052631578947,female,0.2285714285714285,0.05590062088711872,two-strong
5,2348,marriage,0.2421052631578947,female,0.2285714285714285,0.05590062088711872,two-strong
5,2349,marriage,0.2421052631578947,female,0.2285714285714285,0.05590062088711872,two-strong
5,2350,marriage,0.2421052631578947,female,0.2285714285714285,0.05590062088711872,two-strong
5,2351,marriage,0.2421052631578947,female,0.2285714285714285,0.05590062088711872,two-strong
5,2352,marriage,0.2421052631578947,female,0.2285714285714285,0.05590062088711872,two-strong
5,2353,marriage,0.2421052631578947,female,0.2285714285714285,0.05590062088711872,two-strong
5,2354,marriage,0.2421052631578947,female,0.2285714285714285,0.05590062088711872,two-strong
5,2355,marriage,0.2421052631578947,female,0.2285714285714285,0.05590062088711872,two-strong
5,2356,marriage,0.2421052631578947,female,0.2285714285714285,0.05590062088711872,two-strong
5,2357,marriage,0.2421052631578947,female,0.2285714285714285,0.05590062088711872,two-strong
5,2358,marriage,0.2421052631578947,female,0.2285714285714285,0.05590062088711872,two-strong
5,2359,marriage,0.2421052631578947,female,0.2285714285714285,0.05590062088711872,two-strong
5,2360,marriage,0.2421052631578947,female,0.2285714285714285,0.05590062088711872,two-strong
5,2361,marriage,0.2421052631578947,female,0.2285714285714285,0.05590062088711872,two-strong
5,2362,marriage,0.2421052631578947,female,0.2285714285714285,0.05590062088711872,two-strong
5,2363,marriage,0.2421052631578947,female,0.2285714285714285,0.05590062088711872,two-strong
5,2364,marriage,0.2421052631578947,female,0.2285714285714285,0.05590062088711872,two-strong
5,2365,marriage,0.2421052631578947,female,0.2285714285714285,0.05590062088711872,two-strong
5,2366,marriage,0.2468126838836221,society,0.2031223095907708,0.17701835022560664,two-strong
5,2367,marriage,0.246856271112564,female,0.2277986633249791,0.07720122978643545,two-strong
5,2368,marriage,0.2421052631578947,female,0.2285714285714285,0.05590062088711872,two-strong
5,2369,marriage,0.2421052631578947,female,0.2285714285714285,0.05590062088711872,two-strong
5,2370,marriage,0.2421052631578947,female,0.2285714285714285,0.05590062088711872,two-strong
5,2371,marriage,0.2421052631578947,female,0.2285714285714285,0.05590062088711872,two-strong
5,2372,male,0.2558655838731026,family,0.246339109806602,0.03723233850001858,two-strong
5,2373,marriage,0.2421052631578947,female,0.2285714285714285,0.05590062088711872,two-strong
5,2374,marriage,0.2421052631578947,female,0.2285714285714285,0.05590062088711872,two-strong
5,2375,marriage,0.2421052631578947,female,0.2285714285714285,0.05590062088711872,two-strong
5,2376,female,0.2605775255446308,marriage,0.2537430532853874,0.02622817228281908,two-strong
5,2377,marriage,0.2421052631578947,female,0.2285714285714285,0.05590062088711872,two-strong
5,2378,marriage,0.2421052631578947,female,0.2285714285714285,0.05590062088711872,two-strong
5,2379,marriage,0.2421052631578947,female,0.2285714285714285,0.05590062088711872,two-strong
5,2380,marriage,0.2421052631578947,female,0.2285714285714285,0.05590062088711872,two-strong
5,2381,marriage,0.2421052631578947,female,0.2285714285714285,0.05590062088711872,two-strong
5,2382,marriage,0.2421052631578947,female,0.2285714285714285,0.05590062088711872,two-strong
5,2383,marriage,0.2421052631578947,female,0.2285714285714285,0.05590062088711872,two-strong
5,2384,marriage,0.2421052631578947,female,0.2285714285714285,0.05590062088711872,two-strong
5,2385,marriage,0.2421052631578947,female,0.2285714285714285,0.05590062088711872,two-strong
5,2386,marriage,0.2421052631578947,female,0.2285714285714285,0.05590062088711872,two-strong
5,2387,marriage,0.2421052631578947,female,0.2285714285714285,0.05590062088711872,two-strong
5,2389,marriage,0.2421052631578947,female,0.2285714285714285,0.05590062088711872,two-strong
5,2390,marriage,0.2421052631578947,female,0.2285714285714285,0.05590062088711872,two-strong
5,2391,marriage,0.2468126838836221,female,0.2285714285714285,0.07390728446876531,two-strong
5,2392,marriage,0.2421052631578947,female,0.2285714285714285,0.05590062088711872,two-strong
5,2393,marriage,0.2421052631578947,female,0.2285714285714285,0.05590062088711872,two-strong
5,2394,marriage,0.2421052631578947,female,0.2285714285714285,0.05590062088711872,two-strong
5,2395,marriage,0.2391253574337483,female,0.221758999705387,0.07262449219986337,two-strong
5,2396,family,0.2069094304388422,,,0.9999999951669676,dominant
5,2397,marriage,0.2421052631578947,female,0.2285714285714285,0.05590062088711872,two-strong
5,2398,marriage,0.2421052631578947,female,0.2285714285714285,0.05590062088711872,two-strong
5,2399,marriage,0.2421052631578947,female,0.2285714285714285,0.05590062088711872,two-strong
5,2400,marriage,0.2421052631578947,female,0.2285714285714285,0.05590062088711872,two-strong
5,2401,marriage,0.2421052631578947,female,0.2285714285714285,0.05590062088711872,two-strong
5,2402,marriage,0.2421052631578947,female,0.2285714285714285,0.05590062088711872,two-strong
5,2403,marriage,0.2421052631578947,female,0.2285714285714285,0.05590062088711872,two-strong
5,2404,marriage,0.2421052631578947,female,0.2285714285714285,0.05590062088711872,two-strong
5,2405,marriage,0.2421052631578947,female,0.2285714285714285,0.05590062088711872,two-strong
5,2406,marriage,0.2421052631578947,female,0.2285714285714285,0.05590062088711872,two-strong
5,2407,marriage,0.2421052631578947,female,0.2285714285714285,0.05590062088711872,two-strong
5,2408,marriage,0.2421052631578947,female,0.2285714285714285,0.05590062088711872,two-strong
5,2409,marriage,0.2421052631578947,female,0.2285714285714285,0.05590062088711872,two-strong
5,2410,marriage,0.2421052631578947,female,0.2285714285714285,0.05590062088711872,two-strong
5,2411,marriage,0.2421052631578947,female,0.2285714285714285,0.05590062088711872,two-strong
5,2412,marriage,0.2421052631578947,female,0.2285714285714285,0.05590062088711872,two-strong
5,2413,marriage,0.2421052631578947,female,0.2285714285714285,0.05590062088711872,two-strong
5,2414,marriage,0.2421052631578947,female,0.2285714285714285,0.05590062088711872,two-strong
5,2415,marriage,0.2421052631578947,female,0.2285714285714285,0.05590062088711872,two-strong
5,2416,marriage,0.2421052631578947,female,0.2285714285714285,0.05590062088711872,two-strong
5,2417,wealth,0.2009624060150376,,,0.999999995023945,dominant
5,2418,marriage,0.2421052631578947,female,0.2285714285714285,0.05590062088711872,two-strong
5,2419,marriage,0.2421052631578947,female,0.2285714285714285,0.05590062088711872,two-strong
5,2420,marriage,0.2421052631578947,female,0.2285714285714285,0.05590062088711872,two-strong
5,2421,marriage,0.2421052631578947,female,0.2285714285714285,0.05590062088711872,two-strong
5,2422,marriage,0.2421052631578947,female,0.2285714285714285,0.05590062088711872,two-strong
5,2423,marriage,0.2421052631578947,female,0.2285714285714285,0.05590062088711872,two-strong
5,2424,marriage,0.2421052631578947,female,0.2285714285714285,0.05590062088711872,two-strong
5,2425,emotion,0.2009204999798929,love,0.142133172265661,0.29258999170082217,leaning
5,2426,marriage,0.2421052631578947,female,0.2285714285714285,0.05590062088711872,two-strong
5,2427,marriage,0.2421052631578947,female,0.2285714285714285,0.05590062088711872,two-strong
5,2428,family,0.3248176423459584,male,0.3242269420017323,0.0018185599099275083,two-strong
5,2429,marriage,0.2421052631578947,female,0.2285714285714285,0.05590062088711872,two-strong
5,2430,marriage,0.2421052631578947,female,0.2285714285714285,0.05590062088711872,two-strong
5,2431,marriage,0.2421052631578947,female,0.2285714285714285,0.05590062088711872,two-strong
5,2432,marriage,0.2421052631578947,female,0.2285714285714285,0.05590062088711872,two-strong
5,2433,marriage,0.2421052631578947,female,0.2285714285714285,0.05590062088711872,two-strong
5,2434,emotion,0.1765089082996482,love,0.1347563689674229,0.23654635620315684,leaning
5,2435,marriage,0.2421052631578947,female,0.2285714285714285,0.05590062088711872,two-strong
5,2436,marriage,0.2421052631578947,female,0.2285714285714285,0.05590062088711872,two-strong
5,2437,marriage,0.2421052631578947,female,0.2285714285714285,0.05590062088711872,two-strong
5,2438,marriage,0.2421052631578947,female,0.2285714285714285,0.05590062088711872,two-strong
5,2439,marriage,0.2421052631578947,female,0.2285714285714285,0.05590062088711872,two-strong
5,2440,marriage,0.2421052631578947,female,0.2285714285714285,0.05590062088711872,two-strong
5,2441,male,0.2907296489909395,society,0.1814391126554769,0.37591809551887323,leaning
5,2442,marriage,0.2418437397842432,female,0.2321428571428571,0.04011219231859543,two-strong
5,2443,marriage,0.2421052631578947,female,0.2285714285714285,0.05590062088711872,two-strong
5,2444,marriage,0.2437070938215103,female,0.2287124060150376,0.06152749807080802,two-strong
5,2445,marriage,0.2421052631578947,female,0.2285714285714285,0.05590062088711872,two-strong
5,2446,marriage,0.2421052631578947,female,0.2285714285714285,0.05590062088711872,two-strong
5,2447,marriage,0.2421052631578947,female,0.2285714285714285,0.05590062088711872,two-strong
5,2448,marriage,0.2421052631578947,female,0.2285714285714285,0.05590062088711872,two-strong
5,2449,marriage,0.2421052631578947,female,0.2285714285714285,0.05590062088711872,two-strong
5,2450,marriage,0.2421052631578947,female,0.2285714285714285,0.05590062088711872,two-strong
5,2451,marriage,0.2421052631578947,female,0.2285714285714285,0.05590062088711872,two-strong
5,2452,marriage,0.2421052631578947,female,0.2285714285714285,0.05590062088711872,two-strong
5,2453,marriage,0.2421052631578947,female,0.2285714285714285,0.05590062088711872,two-strong
5,2454,marriage,0.2421052631578947,female,0.2285714285714285,0.05590062088711872,two-strong
5,2455,marriage,0.2421052631578947,female,0.2285714285714285,0.05590062088711872,two-strong
5,2456,marriage,0.2421052631578947,female,0.2285714285714285,0.05590062088711872,two-strong
5,2457,marriage,0.2421052631578947,female,0.2285714285714285,0.05590062088711872,two-strong
5,2458,love,0.2248441364885634,society,0.2163970500889717,0.03756863084776391,two-strong
5,2459,marriage,0.2421052631578947,female,0.2285714285714285,0.05590062088711872,two-strong
5,2460,marriage,0.2421052631578947,female,0.2285714285714285,0.05590062088711872,two-strong
5,2461,marriage,0.2421052631578947,female,0.2285714285714285,0.05590062088711872,two-strong
5,2462,marriage,0.2421052631578947,female,0.2285714285714285,0.05590062088711872,two-strong
5,2463,marriage,0.2421052631578947,female,0.2285714285714285,0.05590062088711872,two-strong
5,2464,female,0.2255475876207405,marriage,0.2223192288630503,0.01431342617064599,two-strong
5,2465,marriage,0.2426718971341397,female,0.2303571428571428,0.05074651977292313,two-strong
5,2466,marriage,0.2421052631578947,female,0.2285714285714285,0.05590062088711872,two-strong
5,2467,marriage,0.2421052631578947,female,0.2285714285714285,0.05590062088711872,two-strong
5,2468,marriage,0.2421052631578947,female,0.2285714285714285,0.05590062088711872,two-strong
5,2469,marriage,0.2421052631578947,female,0.2285714285714285,0.05590062088711872,two-strong
5,2470,marriage,0.2421052631578947,female,0.2285714285714285,0.05590062088711872,two-strong
5,2471,marriage,0.2421052631578947,female,0.2285714285714285,0.05590062088711872,two-strong
5,2472,marriage,0.2421052631578947,female,0.2285714285714285,0.05590062088711872,two-strong
5,2473,male,0.2503246753246753,duty,0.1391911150425082,0.4439576709490078,leaning
5,2474,marriage,0.2421052631578947,female,0.2285714285714285,0.05590062088711872,two-strong
5,2475,marriage,0.2421052631578947,female,0.2285714285714285,0.05590062088711872,two-strong
5,2476,marriage,0.2421052631578947,female,0.2285714285714285,0.05590062088711872,two-strong
5,2477,marriage,0.2421052631578947,female,0.2285714285714285,0.05590062088711872,two-strong
5,2478,female,0.2909720777851938,society,0.2713798690891685,0.06733363825774147,two-strong
5,2479,marriage,0.2421052631578947,female,0.2285714285714285,0.05590062088711872,two-strong
5,2480,marriage,0.2421052631578947,female,0.2285714285714285,0.05590062088711872,two-strong
5,2481,marriage,0.2421052631578947,female,0.2285714285714285,0.05590062088711872,two-strong
5,2482,marriage,0.2421052631578947,female,0.2285714285714285,0.05590062088711872,two-strong
5,2483,marriage,0.2421052631578947,female,0.2285714285714285,0.05590062088711872,two-strong
5,2484,marriage,0.2421052631578947,female,0.2285714285714285,0.05590062088711872,two-strong
5,2485,marriage,0.2421052631578947,female,0.2285714285714285,0.05590062088711872,two-strong
5,2486,marriage,0.2421052631578947,female,0.2285714285714285,0.05590062088711872,two-strong
5,2487,marriage,0.2421052631578947,female,0.2365288220551378,0.023033126198859076,two-strong
5,2488,marriage,0.2421052631578947,female,0.2285714285714285,0.05590062088711872,two-strong
5,2489,marriage,0.2421052631578947,female,0.2285714285714285,0.05590062088711872,two-strong
5,2490,marriage,0.2421052631578947,female,0.2285714285714285,0.05590062088711872,two-strong
5,2491,marriage,0.2421052631578947,female,0.2285714285714285,0.05590062088711872,two-strong
5,2492,marriage,0.2421052631578947,female,0.2285714285714285,0.05590062088711872,two-strong
5,2493,marriage,0.2432099388297516,female,0.2259541326434365,0.07095025062871302,two-strong
5,2494,marriage,0.2421052631578947,female,0.2285714285714285,0.05590062088711872,two-strong
5,2495,marriage,0.2421052631578947,female,0.2285714285714285,0.05590062088711872,two-strong
5,2496,marriage,0.2421052631578947,female,0.2285714285714285,0.05590062088711872,two-strong
5,2497,marriage,0.2421052631578947,female,0.2285714285714285,0.05590062088711872,two-strong
5,2498,marriage,0.2421052631578947,female,0.2285714285714285,0.05590062088711872,two-strong
5,2499,marriage,0.2421052631578947,female,0.2285714285714285,0.05590062088711872,two-strong
5,2500,marriage,0.2421052631578947,female,0.2285714285714285,0.05590062088711872,two-strong
5,2501,marriage,0.2421052631578947,female,0.2285714285714285,0.05590062088711872,two-strong
5,2502,marriage,0.2421052631578947,female,0.2285714285714285,0.05590062088711872,two-strong
5,2503,marriage,0.2468126838836221,female,0.2285714285714285,0.07390728446876531,two-strong
5,2504,marriage,0.2421052631578947,female,0.2285714285714285,0.05590062088711872,two-strong
5,2505,marriage,0.2421052631578947,female,0.2285714285714285,0.05590062088711872,two-strong
5,2506,marriage,0.2421052631578947,female,0.2285714285714285,0.05590062088711872,two-strong
5,2507,marriage,0.2421052631578947,female,0.2285714285714285,0.05590062088711872,two-strong
5,2508,marriage,0.2421052631578947,female,0.2285714285714285,0.05590062088711872,two-strong
5,2509,marriage,0.2421052631578947,female,0.2285714285714285,0.05590062088711872,two-strong
5,2510,marriage,0.2421052631578947,female,0.2285714285714285,0.05590062088711872,two-strong
5,2511,marriage,0.2421052631578947,female,0.2285714285714285,0.05590062088711872,two-strong
5,2512,marriage,0.2421052631578947,female,0.2285714285714285,0.05590062088711872,two-strong
5,2513,emotion,0.198201493442014,wealth,0.1887977326986526,0.04744545831924873,two-strong
5,2514,marriage,0.2421052631578947,female,0.2285714285714285,0.05590062088711872,two-strong
5,2515,marriage,0.2421052631578947,female,0.2285714285714285,0.05590062088711872,two-strong
5,2516,marriage,0.2421052631578947,female,0.2285714285714285,0.05590062088711872,two-strong
5,2517,marriage,0.2421052631578947,female,0.2285714285714285,0.05590062088711872,two-strong
5,2518,marriage,0.2421052631578947,female,0.2285714285714285,0.05590062088711872,two-strong
5,2519,marriage,0.2421052631578947,female,0.2285714285714285,0.05590062088711872,two-strong
5,2520,marriage,0.2421052631578947,female,0.2285714285714285,0.05590062088711872,two-strong
5,2521,marriage,0.2421052631578947,female,0.2285714285714285,0.05590062088711872,two-strong
5,2522,marriage,0.2421052631578947,female,0.2285714285714285,0.05590062088711872,two-strong
5,2523,emotion,0.1905176163549369,,,0.9999999947511415,dominant
5,2524,marriage,0.2421052631578947,female,0.2285714285714285,0.05590062088711872,two-strong
5,2525,marriage,0.2421052631578947,female,0.2285714285714285,0.05590062088711872,two-strong
5,2526,marriage,0.2421052631578947,female,0.2285714285714285,0.05590062088711872,two-strong
5,2527,marriage,0.2421052631578947,female,0.2285714285714285,0.05590062088711872,two-strong
5,2528,marriage,0.2421052631578947,female,0.2285714285714285,0.05590062088711872,two-strong
5,2529,marriage,0.2421052631578947,female,0.2285714285714285,0.05590062088711872,two-strong
5,2530,marriage,0.2421052631578947,female,0.2285714285714285,0.05590062088711872,two-strong
5,2531,marriage,0.2421052631578947,female,0.2285714285714285,0.05590062088711872,two-strong
5,2532,marriage,0.2421052631578947,female,0.2285714285714285,0.05590062088711872,two-strong
5,2533,marriage,0.2421052631578947,female,0.2285714285714285,0.05590062088711872,two-strong
5,2534,marriage,0.2421052631578947,female,0.2285714285714285,0.05590062088711872,two-strong
5,2535,marriage,0.2421052631578947,female,0.2285714285714285,0.05590062088711872,two-strong
5,2536,marriage,0.2421052631578947,female,0.2285714285714285,0.05590062088711872,two-strong
5,2537,marriage,0.2421052631578947,female,0.2285714285714285,0.05590062088711872,two-strong
5,2538,marriage,0.2421052631578947,female,0.2285714285714285,0.05590062088711872,two-strong
5,2539,marriage,0.2421052631578947,female,0.2285714285714285,0.05590062088711872,two-strong
5,2540,marriage,0.2421052631578947,female,0.2285714285714285,0.05590062088711872,two-strong
5,2541,marriage,0.2421052631578947,female,0.2285714285714285,0.05590062088711872,two-strong
5,2542,marriage,0.2421052631578947,female,0.2285714285714285,0.05590062088711872,two-strong
5,2543,marriage,0.2421052631578947,female,0.2285714285714285,0.05590062088711872,two-strong
5,2544,marriage,0.2421052631578947,female,0.2285714285714285,0.05590062088711872,two-strong
5,2545,marriage,0.2421052631578947,female,0.2285714285714285,0.05590062088711872,two-strong
5,2546,marriage,0.2421052631578947,female,0.2285714285714285,0.05590062088711872,two-strong
5,2547,marriage,0.2421052631578947,female,0.2285714285714285,0.05590062088711872,two-strong
5,2548,marriage,0.2421052631578947,female,0.2285714285714285,0.05590062088711872,two-strong
5,2549,marriage,0.2426718971341397,female,0.2285714285714285,0.05810507385126642,two-strong
5,2550,marriage,0.2421052631578947,female,0.2285714285714285,0.05590062088711872,two-strong
5,2551,marriage,0.2421052631578947,female,0.2285714285714285,0.05590062088711872,two-strong
5,2552,family,0.3006037426168574,marriage,0.2682393001090817,0.10766480190288871,two-strong
5,2553,marriage,0.2421052631578947,female,0.2285714285714285,0.05590062088711872,two-strong
5,2554,marriage,0.2421052631578947,female,0.2285714285714285,0.05590062088711872,two-strong
5,2555,marriage,0.2421052631578947,female,0.2285714285714285,0.05590062088711872,two-strong
5,2556,marriage,0.2421052631578947,female,0.2285714285714285,0.05590062088711872,two-strong
5,2557,marriage,0.2421052631578947,female,0.2285714285714285,0.05590062088711872,two-strong
5,2558,marriage,0.2421052631578947,female,0.2285714285714285,0.05590062088711872,two-strong
5,2559,marriage,0.2421052631578947,female,0.2285714285714285,0.05590062088711872,two-strong
5,2560,marriage,0.2421052631578947,female,0.2285714285714285,0.05590062088711872,two-strong
5,2561,marriage,0.2421052631578947,female,0.2285714285714285,0.05590062088711872,two-strong
5,2562,emotion,0.2735654360812454,,,0.9999999963445674,dominant
5,2563,marriage,0.2421052631578947,female,0.2285714285714285,0.05590062088711872,two-strong
5,2564,society,0.312822691454778,marriage,0.2345587682269851,0.2501862080836952,leaning
5,2565,marriage,0.2421052631578947,female,0.2285714285714285,0.05590062088711872,two-strong
5,2566,marriage,0.2421052631578947,female,0.2285714285714285,0.05590062088711872,two-strong
5,2567,marriage,0.2421052631578947,female,0.2285714285714285,0.05590062088711872,two-strong
5,2568,marriage,0.2421052631578947,female,0.2285714285714285,0.05590062088711872,two-strong
5,2569,marriage,0.2421052631578947,female,0.2285714285714285,0.05590062088711872,two-strong
5,2570,marriage,0.2421052631578947,female,0.2285714285714285,0.05590062088711872,two-strong
5,2571,marriage,0.2421052631578947,female,0.2285714285714285,0.05590062088711872,two-strong
5,2572,marriage,0.2421052631578947,female,0.2285714285714285,0.05590062088711872,two-strong
5,2573,marriage,0.2421052631578947,female,0.2285714285714285,0.05590062088711872,two-strong
5,2574,marriage,0.2421052631578947,female,0.2285714285714285,0.05590062088711872,two-strong
5,2575,marriage,0.2421052631578947,female,0.2285714285714285,0.05590062088711872,two-strong
5,2576,marriage,0.2421052631578947,female,0.2285714285714285,0.05590062088711872,two-strong
5,2577,marriage,0.2421052631578947,female,0.2285714285714285,0.05590062088711872,two-strong
5,2578,marriage,0.2421052631578947,female,0.2285714285714285,0.05590062088711872,two-strong
5,2579,marriage,0.2421052631578947,female,0.2285714285714285,0.05590062088711872,two-strong
5,2580,marriage,0.2421052631578947,female,0.2285714285714285,0.05590062088711872,two-strong
5,2581,marriage,0.2421052631578947,female,0.2285714285714285,0.05590062088711872,two-strong
5,2582,marriage,0.2421052631578947,female,0.2285714285714285,0.05590062088711872,two-strong
5,2583,marriage,0.2421052631578947,female,0.2285714285714285,0.05590062088711872,two-strong
5,2584,marriage,0.2421052631578947,female,0.2285714285714285,0.05590062088711872,two-strong
5,2585,marriage,0.2421052631578947,female,0.2285714285714285,0.05590062088711872,two-strong
5,2586,marriage,0.2421052631578947,female,0.2285714285714285,0.05590062088711872,two-strong
5,2587,marriage,0.2421052631578947,female,0.2285714285714285,0.05590062088711872,two-strong
5,2588,marriage,0.2421052631578947,female,0.2285714285714285,0.05590062088711872,two-strong
5,2589,marriage,0.2421052631578947,female,0.2285714285714285,0.05590062088711872,two-strong
5,2590,marriage,0.2421052631578947,female,0.2285714285714285,0.05590062088711872,two-strong
5,2591,marriage,0.2421052631578947,female,0.2285714285714285,0.05590062088711872,two-strong
5,2592,marriage,0.2421052631578947,female,0.2285714285714285,0.05590062088711872,two-strong
5,2593,marriage,0.2421052631578947,female,0.2285714285714285,0.05590062088711872,two-strong
5,2594,marriage,0.2421052631578947,female,0.2285714285714285,0.05590062088711872,two-strong
5,2595,marriage,0.2421052631578947,female,0.2285714285714285,0.05590062088711872,two-strong
5,2596,female,0.2336466165413533,family,0.1996461742591773,0.14552079820354444,two-strong
5,2597,marriage,0.2421052631578947,female,0.2285714285714285,0.05590062088711872,two-strong
5,2598,marriage,0.2421052631578947,female,0.2285714285714285,0.05590062088711872,two-strong
5,2599,marriage,0.2421052631578947,female,0.2285714285714285,0.05590062088711872,two-strong
5,2600,marriage,0.2421052631578947,female,0.2285714285714285,0.05590062088711872,two-strong
5,2601,marriage,0.2421052631578947,female,0.2285714285714285,0.05590062088711872,two-strong
5,2602,emotion,0.2433635319836412,female,0.2233946538214236,0.08205369932544453,two-strong
5,2603,marriage,0.2421052631578947,female,0.2285714285714285,0.05590062088711872,two-strong
5,2604,marriage,0.2421052631578947,female,0.2285714285714285,0.05590062088711872,two-strong
5,2605,marriage,0.2421052631578947,female,0.2285714285714285,0.05590062088711872,two-strong
5,2606,male,0.3490346563778603,family,0.2341876385532238,0.3290418742007749,leaning
5,2607,marriage,0.2421052631578947,female,0.2285714285714285,0.05590062088711872,two-strong
5,2608,marriage,0.2421052631578947,female,0.2285714285714285,0.05590062088711872,two-strong
5,2609,marriage,0.2421052631578947,female,0.2285714285714285,0.05590062088711872,two-strong
5,2610,marriage,0.2421052631578947,female,0.2285714285714285,0.05590062088711872,two-strong
5,2611,marriage,0.2421052631578947,female,0.2285714285714285,0.05590062088711872,two-strong
5,2612,marriage,0.2421052631578947,female,0.2285714285714285,0.05590062088711872,two-strong
5,2613,marriage,0.2421052631578947,female,0.2285714285714285,0.05590062088711872,two-strong
5,2614,marriage,0.2421052631578947,female,0.2285714285714285,0.05590062088711872,two-strong
5,2615,marriage,0.2421052631578947,female,0.2285714285714285,0.05590062088711872,two-strong
5,2616,marriage,0.2421052631578947,female,0.2285714285714285,0.05590062088711872,two-strong
5,2617,marriage,0.2421052631578947,female,0.2285714285714285,0.05590062088711872,two-strong
5,2618,marriage,0.2421052631578947,female,0.2285714285714285,0.05590062088711872,two-strong
5,2619,male,0.2421052631578947,love,0.1312390170829372,0.4579257971138267,leaning
5,2620,marriage,0.2421052631578947,female,0.2285714285714285,0.05590062088711872,two-strong
5,2621,marriage,0.2421052631578947,female,0.2285714285714285,0.05590062088711872,two-strong
5,2622,marriage,0.2421052631578947,female,0.2285714285714285,0.05590062088711872,two-strong
5,2623,marriage,0.2421052631578947,female,0.2285714285714285,0.05590062088711872,two-strong
5,2624,marriage,0.2421052631578947,female,0.2285714285714285,0.05590062088711872,two-strong
5,2625,female,0.3306359870663776,emotion,0.1832162217927768,0.44586726972989155,leaning
5,2626,marriage,0.2421052631578947,female,0.2285714285714285,0.05590062088711872,two-strong
5,2627,marriage,0.2421052631578947,female,0.2285714285714285,0.05590062088711872,two-strong
5,2628,marriage,0.2421052631578947,female,0.2285714285714285,0.05590062088711872,two-strong
5,2629,marriage,0.2421052631578947,female,0.2285714285714285,0.05590062088711872,two-strong
5,2630,marriage,0.2421052631578947,female,0.2285714285714285,0.05590062088711872,two-strong
5,2631,marriage,0.2421052631578947,female,0.2285714285714285,0.05590062088711872,two-strong
5,2632,marriage,0.2421052631578947,female,0.2285714285714285,0.05590062088711872,two-strong
5,2633,marriage,0.2426718971341397,female,0.2285714285714285,0.05810507385126642,two-strong
5,2634,marriage,0.2421052631578947,female,0.2285714285714285,0.05590062088711872,two-strong
5,2635,marriage,0.2421052631578947,female,0.2285714285714285,0.05590062088711872,two-strong
5,2636,male,0.29367124540125,female,0.2695110278593046,0.0822696053427537,two-strong
5,2637,marriage,0.2421052631578947,female,0.2285714285714285,0.05590062088711872,two-strong
5,2638,marriage,0.2421052631578947,female,0.2285714285714285,0.05590062088711872,two-strong
5,2639,marriage,0.2421052631578947,female,0.2285714285714285,0.05590062088711872,two-strong
5,2640,marriage,0.2421052631578947,female,0.2285714285714285,0.05590062088711872,two-strong
5,2641,marriage,0.2421052631578947,female,0.2285714285714285,0.05590062088711872,two-strong
5,2642,marriage,0.2421052631578947,female,0.2285714285714285,0.05590062088711872,two-strong
5,2643,marriage,0.2421052631578947,female,0.2285714285714285,0.05590062088711872,two-strong
5,2644,marriage,0.2421052631578947,female,0.2285714285714285,0.05590062088711872,two-strong
5,2645,marriage,0.2421052631578947,female,0.2285714285714285,0.05590062088711872,two-strong
5,2646,marriage,0.2421052631578947,female,0.2285714285714285,0.05590062088711872,two-strong
5,2647,marriage,0.2421052631578947,female,0.2285714285714285,0.05590062088711872,two-strong
5,2648,marriage,0.2421052631578947,female,0.2285714285714285,0.05590062088711872,two-strong
5,2649,marriage,0.2421052631578947,female,0.2285714285714285,0.05590062088711872,two-strong
5,2650,marriage,0.2421052631578947,female,0.2285714285714285,0.05590062088711872,two-strong
5,2651,marriage,0.2421052631578947,female,0.2285714285714285,0.05590062088711872,two-strong
5,2652,marriage,0.2421052631578947,female,0.2285714285714285,0.05590062088711872,two-strong
5,2653,marriage,0.2421052631578947,female,0.2285714285714285,0.05590062088711872,two-strong
5,2654,marriage,0.2421052631578947,female,0.2285714285714285,0.05590062088711872,two-strong
5,2655,marriage,0.2421052631578947,female,0.2285714285714285,0.05590062088711872,two-strong
5,2656,marriage,0.2421052631578947,female,0.2285714285714285,0.05590062088711872,two-strong
5,2657,marriage,0.2421052631578947,female,0.2285714285714285,0.05590062088711872,two-strong
5,2658,marriage,0.2421052631578947,female,0.2285714285714285,0.05590062088711872,two-strong
5,2659,marriage,0.2421052631578947,female,0.2285714285714285,0.05590062088711872,two-strong
5,2660,marriage,0.2421052631578947,female,0.2285714285714285,0.05590062088711872,two-strong
5,2661,marriage,0.2421052631578947,female,0.2285714285714285,0.05590062088711872,two-strong
5,2662,marriage,0.2421052631578947,female,0.2285714285714285,0.05590062088711872,two-strong
5,2663,marriage,0.2421052631578947,female,0.2285714285714285,0.05590062088711872,two-strong
5,2664,marriage,0.2421052631578947,female,0.2285714285714285,0.05590062088711872,two-strong
5,2665,marriage,0.2421052631578947,female,0.2285714285714285,0.05590062088711872,two-strong
5,2666,marriage,0.2421052631578947,female,0.2285714285714285,0.05590062088711872,two-strong
5,2667,marriage,0.2421052631578947,female,0.2285714285714285,0.05590062088711872,two-strong
5,2668,marriage,0.2421052631578947,female,0.2285714285714285,0.05590062088711872,two-strong
5,2669,marriage,0.359623507797324,wealth,0.2439171605018391,0.32174300195901395,leaning
5,2670,marriage,0.2421052631578947,female,0.2285714285714285,0.05590062088711872,two-strong
5,2671,marriage,0.2421052631578947,female,0.2285714285714285,0.05590062088711872,two-strong
5,2672,marriage,0.2421052631578947,female,0.2285714285714285,0.05590062088711872,two-strong
5,2673,marriage,0.2421052631578947,female,0.2285714285714285,0.05590062088711872,two-strong
5,2674,marriage,0.2421052631578947,female,0.2285714285714285,0.05590062088711872,two-strong
5,2675,marriage,0.2505962832681522,female,0.2357965249565703,0.059058171412251725,two-strong
5,2676,marriage,0.2421052631578947,female,0.2285714285714285,0.05590062088711872,two-strong
5,2677,marriage,0.2421052631578947,female,0.2299498746867168,0.050207039130097116,two-strong
5,2678,marriage,0.2421052631578947,female,0.2285714285714285,0.05590062088711872,two-strong
5,2679,marriage,0.2421052631578947,female,0.2285714285714285,0.05590062088711872,two-strong
5,2680,marriage,0.2421052631578947,female,0.2285714285714285,0.05590062088711872,two-strong
5,2681,marriage,0.2421052631578947,female,0.2285714285714285,0.05590062088711872,two-strong
5,2682,marriage,0.2421052631578947,female,0.2285714285714285,0.05590062088711872,two-strong
5,2683,marriage,0.2421052631578947,female,0.2285714285714285,0.05590062088711872,two-strong
5,2684,emotion,0.2013754767991264,love,0.1763806066891366,0.12412072404824968,two-strong
5,2685,marriage,0.2421052631578947,female,0.2285714285714285,0.05590062088711872,two-strong
5,2686,marriage,0.2421052631578947,female,0.2285714285714285,0.05590062088711872,two-strong
5,2687,marriage,0.2421052631578947,female,0.2285714285714285,0.05590062088711872,two-strong
5,2688,marriage,0.2421052631578947,female,0.2285714285714285,0.05590062088711872,two-strong
5,2689,marriage,0.2421052631578947,female,0.2285714285714285,0.05590062088711872,two-strong
5,2690,marriage,0.2421052631578947,female,0.2285714285714285,0.05590062088711872,two-strong
5,2691,marriage,0.2421052631578947,female,0.2285714285714285,0.05590062088711872,two-strong
5,2692,marriage,0.2421052631578947,female,0.2285714285714285,0.05590062088711872,two-strong
5,2693,marriage,0.2421052631578947,female,0.2285714285714285,0.05590062088711872,two-strong
5,2694,marriage,0.2421052631578947,female,0.2285714285714285,0.05590062088711872,two-strong
5,2695,marriage,0.2421052631578947,female,0.2285714285714285,0.05590062088711872,two-strong
5,2696,marriage,0.2421052631578947,female,0.2285714285714285,0.05590062088711872,two-strong
5,2697,marriage,0.2421052631578947,female,0.2285714285714285,0.05590062088711872,two-strong
5,2698,marriage,0.2421052631578947,female,0.2285714285714285,0.05590062088711872,two-strong
5,2699,marriage,0.2421052631578947,female,0.2285714285714285,0.05590062088711872,two-strong
5,2700,female,0.289793522760709,male,0.1972705982794592,0.319271884618266,leaning
5,2701,marriage,0.2421052631578947,female,0.2285714285714285,0.05590062088711872,two-strong
5,2702,marriage,0.2421052631578947,female,0.2285714285714285,0.05590062088711872,two-strong
5,2703,marriage,0.2421052631578947,female,0.2285714285714285,0.05590062088711872,two-strong
5,2704,marriage,0.2421052631578947,female,0.2285714285714285,0.05590062088711872,two-strong
5,2705,female,0.2336466165413533,duty,0.1483414418398938,0.3651034010212506,leaning
5,2706,marriage,0.2421052631578947,female,0.2285714285714285,0.05590062088711872,two-strong
5,2707,marriage,0.2421052631578947,female,0.2285714285714285,0.05590062088711872,two-strong
5,2708,marriage,0.2421052631578947,female,0.2285714285714285,0.05590062088711872,two-strong
5,2709,marriage,0.2421052631578947,female,0.2285714285714285,0.05590062088711872,two-strong
5,2710,marriage,0.2421052631578947,female,0.2285714285714285,0.05590062088711872,two-strong
5,2711,marriage,0.2421052631578947,female,0.2285714285714285,0.05590062088711872,two-strong
5,2712,marriage,0.2394053886616815,female,0.2273667122351333,0.05028573685647097,two-strong
5,2713,marriage,0.2421052631578947,female,0.2285714285714285,0.05590062088711872,two-strong
5,2714,marriage,0.2421052631578947,female,0.2285714285714285,0.05590062088711872,two-strong
5,2715,marriage,0.2421052631578947,female,0.2285714285714285,0.05590062088711872,two-strong
5,2716,marriage,0.2421052631578947,female,0.2285714285714285,0.05590062088711872,two-strong
5,2717,marriage,0.2421052631578947,female,0.2285714285714285,0.05590062088711872,two-strong
5,2718,marriage,0.2421052631578947,female,0.2285714285714285,0.05590062088711872,two-strong
5,2719,marriage,0.2421052631578947,female,0.2285714285714285,0.05590062088711872,two-strong
5,2720,marriage,0.2421052631578947,female,0.2285714285714285,0.05590062088711872,two-strong
5,2721,marriage,0.2421052631578947,female,0.2285714285714285,0.05590062088711872,two-strong
5,2722,marriage,0.2421052631578947,female,0.2285714285714285,0.05590062088711872,two-strong
5,2723,marriage,0.2421052631578947,female,0.2285714285714285,0.05590062088711872,two-strong
5,2724,class,0.3069386043825982,wealth,0.2657591687061978,0.13416179963765165,two-strong
5,2725,marriage,0.2421052631578947,female,0.2285714285714285,0.05590062088711872,two-strong
5,2726,marriage,0.2421052631578947,female,0.2285714285714285,0.05590062088711872,two-strong
5,2727,marriage,0.2421052631578947,female,0.2285714285714285,0.05590062088711872,two-strong
5,2728,marriage,0.2421052631578947,female,0.2285714285714285,0.05590062088711872,two-strong
5,2729,marriage,0.2421052631578947,female,0.2285714285714285,0.05590062088711872,two-strong
5,2730,marriage,0.2421052631578947,female,0.2285714285714285,0.05590062088711872,two-strong
5,2731,marriage,0.2421052631578947,female,0.2285714285714285,0.05590062088711872,two-strong
5,2732,marriage,0.2421052631578947,female,0.2285714285714285,0.05590062088711872,two-strong
5,2733,marriage,0.2421052631578947,female,0.2285714285714285,0.05590062088711872,two-strong
5,2734,marriage,0.2421052631578947,female,0.2285714285714285,0.05590062088711872,two-strong
5,2735,marriage,0.2421052631578947,female,0.2285714285714285,0.05590062088711872,two-strong
5,2736,marriage,0.2421052631578947,female,0.2285714285714285,0.05590062088711872,two-strong
5,2737,marriage,0.2421052631578947,female,0.2285714285714285,0.05590062088711872,two-strong
5,2738,marriage,0.2421052631578947,female,0.2285714285714285,0.05590062088711872,two-strong
5,2739,marriage,0.2421052631578947,female,0.2285714285714285,0.05590062088711872,two-strong
5,2740,marriage,0.2421052631578947,female,0.2285714285714285,0.05590062088711872,two-strong
5,2741,marriage,0.2421052631578947,female,0.2285714285714285,0.05590062088711872,two-strong
5,2742,marriage,0.2421052631578947,female,0.2285714285714285,0.05590062088711872,two-strong
5,2743,marriage,0.2421052631578947,female,0.2285714285714285,0.05590062088711872,two-strong
5,2744,marriage,0.2421052631578947,female,0.2285714285714285,0.05590062088711872,two-strong
5,2745,marriage,0.2421052631578947,female,0.2285714285714285,0.05590062088711872,two-strong
5,2746,marriage,0.2421052631578947,female,0.2285714285714285,0.05590062088711872,two-strong
5,2747,marriage,0.2421052631578947,female,0.2285714285714285,0.05590062088711872,two-strong
5,2748,marriage,0.2421052631578947,female,0.2285714285714285,0.05590062088711872,two-strong
5,2749,marriage,0.2421052631578947,female,0.2285714285714285,0.05590062088711872,two-strong
5,2750,marriage,0.2421052631578947,female,0.2285714285714285,0.05590062088711872,two-strong
5,2751,marriage,0.2421052631578947,female,0.2285714285714285,0.05590062088711872,two-strong
5,2752,marriage,0.2421052631578947,female,0.2285714285714285,0.05590062088711872,two-strong
5,2753,marriage,0.2421052631578947,female,0.2285714285714285,0.05590062088711872,two-strong
5,2754,marriage,0.2421052631578947,female,0.2285714285714285,0.05590062088711872,two-strong
5,2755,marriage,0.2421052631578947,female,0.2285714285714285,0.05590062088711872,two-strong
5,2756,emotion,0.2008905430642308,love,0.1620353381242673,0.1934148026775233,two-strong
5,2757,marriage,0.2421052631578947,female,0.2285714285714285,0.05590062088711872,two-strong
5,2758,marriage,0.2421052631578947,female,0.2285714285714285,0.05590062088711872,two-strong
5,2759,emotion,0.1938286012631594,scandal,0.1861701668688188,0.0395113739918674,two-strong
5,2760,wealth,0.2076601970067443,family,0.1841458184461291,0.11323488461593158,two-strong
5,2761,marriage,0.2421052631578947,female,0.2285714285714285,0.05590062088711872,two-strong
5,2762,marriage,0.2421052631578947,female,0.2285714285714285,0.05590062088711872,two-strong
5,2763,marriage,0.2421052631578947,female,0.2285714285714285,0.05590062088711872,two-strong
5,2764,female,0.2332393483709273,male,0.2060150375939849,0.11672263213891405,two-strong
5,2765,marriage,0.2421052631578947,female,0.2285714285714285,0.05590062088711872,two-strong
5,2766,wealth,0.1944661654135338,,,0.9999999948577173,dominant
5,2767,marriage,0.2421052631578947,female,0.2285714285714285,0.05590062088711872,two-strong
5,2768,marriage,0.2421052631578947,female,0.2285714285714285,0.05590062088711872,two-strong
5,2769,marriage,0.2421052631578947,female,0.2285714285714285,0.05590062088711872,two-strong
5,2770,marriage,0.2421052631578947,female,0.2285714285714285,0.05590062088711872,two-strong
5,2771,marriage,0.2421052631578947,female,0.2285714285714285,0.05590062088711872,two-strong
5,2772,marriage,0.2421052631578947,female,0.2285714285714285,0.05590062088711872,two-strong
5,2773,marriage,0.2421052631578947,female,0.2285714285714285,0.05590062088711872,two-strong
5,2774,marriage,0.2421052631578947,female,0.2285714285714285,0.05590062088711872,two-strong
5,2775,marriage,0.2421052631578947,female,0.2285714285714285,0.05590062088711872,two-strong
5,2776,marriage,0.2421052631578947,female,0.2285714285714285,0.05590062088711872,two-strong
5,2777,love,0.1439115028951689,,,0.9999999930512852,dominant
5,2778,family,0.302280823982948,female,0.2695571461502621,0.1082558836953414,two-strong
5,2779,marriage,0.2421052631578947,female,0.2285714285714285,0.05590062088711872,two-strong
5,2780,marriage,0.2421052631578947,female,0.2285714285714285,0.05590062088711872,two-strong
5,2781,marriage,0.2421052631578947,female,0.2285714285714285,0.05590062088711872,two-strong
5,2782,marriage,0.2421052631578947,female,0.2285714285714285,0.05590062088711872,two-strong
5,2783,male,0.2217304570405523,emotion,0.1779783147461699,0.19732130028965425,two-strong
5,2784,marriage,0.2421052631578947,female,0.2285714285714285,0.05590062088711872,two-strong
5,2785,marriage,0.2421052631578947,female,0.2285714285714285,0.05590062088711872,two-strong
5,2786,marriage,0.2421052631578947,female,0.2285714285714285,0.05590062088711872,two-strong
5,2787,marriage,0.2421052631578947,female,0.2285714285714285,0.05590062088711872,two-strong
5,2788,marriage,0.2421052631578947,female,0.2285714285714285,0.05590062088711872,two-strong
5,2789,marriage,0.2421052631578947,female,0.2285714285714285,0.05590062088711872,two-strong
5,2790,marriage,0.2475336988043105,female,0.2258945976051239,0.08741880889872186,two-strong
5,2791,marriage,0.2421052631578947,female,0.2285714285714285,0.05590062088711872,two-strong
5,2792,marriage,0.2421052631578947,female,0.2285714285714285,0.05590062088711872,two-strong
5,2793,marriage,0.2421052631578947,female,0.2285714285714285,0.05590062088711872,two-strong
5,2794,marriage,0.2421052631578947,female,0.2285714285714285,0.05590062088711872,two-strong
5,2795,marriage,0.2421052631578947,female,0.2285714285714285,0.05590062088711872,two-strong
5,2796,marriage,0.2421052631578947,female,0.2285714285714285,0.05590062088711872,two-strong
5,2797,marriage,0.2421052631578947,female,0.2285714285714285,0.05590062088711872,two-strong
5,2798,female,0.2793233082706767,marriage,0.2413779012749264,0.1358476207904995,two-strong
5,2799,marriage,0.2421052631578947,female,0.2285714285714285,0.05590062088711872,two-strong
5,2800,marriage,0.2421052631578947,female,0.2285714285714285,0.05590062088711872,two-strong
5,2801,marriage,0.2421052631578947,female,0.2285714285714285,0.05590062088711872,two-strong
5,2802,marriage,0.2421052631578947,female,0.2285714285714285,0.05590062088711872,two-strong
5,2803,emotion,0.2153473752311472,love,0.1763665999481815,0.1810134674737107,two-strong
5,2804,marriage,0.2421052631578947,female,0.2285714285714285,0.05590062088711872,two-strong
5,2805,marriage,0.2421052631578947,female,0.2285714285714285,0.05590062088711872,two-strong
5,2806,marriage,0.2421052631578947,female,0.2285714285714285,0.05590062088711872,two-strong
5,2807,marriage,0.2421052631578947,female,0.2285714285714285,0.05590062088711872,two-strong
5,2808,emotion,0.1944648756423489,,,0.9999999948576832,dominant
5,2809,marriage,0.2421052631578947,female,0.2285714285714285,0.05590062088711872,two-strong
5,2810,marriage,0.2421052631578947,female,0.2285714285714285,0.05590062088711872,two-strong
5,2811,marriage,0.2421052631578947,female,0.2285714285714285,0.05590062088711872,two-strong
5,2812,marriage,0.2421052631578947,female,0.2285714285714285,0.05590062088711872,two-strong
5,2813,marriage,0.2421052631578947,female,0.2285714285714285,0.05590062088711872,two-strong
5,2814,marriage,0.2421052631578947,female,0.2285714285714285,0.05590062088711872,two-strong
5,2815,marriage,0.2421052631578947,female,0.2285714285714285,0.05590062088711872,two-strong
5,2816,marriage,0.2421052631578947,female,0.2285714285714285,0.05590062088711872,two-strong
5,2817,marriage,0.2421052631578947,female,0.2285714285714285,0.05590062088711872,two-strong
5,2818,marriage,0.2421052631578947,female,0.2285714285714285,0.05590062088711872,two-strong
5,2819,marriage,0.2421052631578947,female,0.2285714285714285,0.05590062088711872,two-strong
5,2820,marriage,0.2421052631578947,female,0.2285714285714285,0.05590062088711872,two-strong
5,2821,marriage,0.2421052631578947,female,0.2285714285714285,0.05590062088711872,two-strong
5,2822,marriage,0.2421052631578947,female,0.2285714285714285,0.05590062088711872,two-strong
5,2823,marriage,0.2421052631578947,female,0.2285714285714285,0.05590062088711872,two-strong
5,2824,marriage,0.2421052631578947,female,0.2285714285714285,0.05590062088711872,two-strong
5,2825,marriage,0.2421052631578947,female,0.2285714285714285,0.05590062088711872,two-strong
5,2826,marriage,0.2421052631578947,female,0.2285714285714285,0.05590062088711872,two-strong
5,2827,marriage,0.2421052631578947,female,0.2285714285714285,0.05590062088711872,two-strong
5,2828,marriage,0.2421052631578947,female,0.2285714285714285,0.05590062088711872,two-strong
5,2829,marriage,0.2421052631578947,female,0.2285714285714285,0.05590062088711872,two-strong
5,2830,marriage,0.2421052631578947,female,0.2285714285714285,0.05590062088711872,two-strong
5,2831,marriage,0.2421052631578947,female,0.2285714285714285,0.05590062088711872,two-strong
5,2832,marriage,0.2421052631578947,female,0.2285714285714285,0.05590062088711872,two-strong
5,2833,marriage,0.2421052631578947,female,0.2285714285714285,0.05590062088711872,two-strong
5,2834,marriage,0.2421052631578947,female,0.2285714285714285,0.05590062088711872,two-strong
5,2835,marriage,0.2421052631578947,female,0.2285714285714285,0.05590062088711872,two-strong
5,2836,marriage,0.2421052631578947,female,0.2285714285714285,0.05590062088711872,two-strong
5,2837,marriage,0.2421052631578947,female,0.2285714285714285,0.05590062088711872,two-strong
5,2838,marriage,0.2421052631578947,female,0.2285714285714285,0.05590062088711872,two-strong
5,2839,marriage,0.2421052631578947,female,0.2285714285714285,0.05590062088711872,two-strong
5,2840,marriage,0.2421052631578947,female,0.2285714285714285,0.05590062088711872,two-strong
5,2841,marriage,0.2421052631578947,female,0.2285714285714285,0.05590062088711872,two-strong
5,2842,marriage,0.2421052631578947,female,0.2285714285714285,0.05590062088711872,two-strong
5,2843,marriage,0.2421052631578947,female,0.2285714285714285,0.05590062088711872,two-strong
5,2844,marriage,0.2421052631578947,female,0.2285714285714285,0.05590062088711872,two-strong
5,2845,marriage,0.2421052631578947,female,0.2285714285714285,0.05590062088711872,two-strong
5,2846,marriage,0.2421052631578947,female,0.2285714285714285,0.05590062088711872,two-strong
5,2847,marriage,0.2421052631578947,female,0.2285714285714285,0.05590062088711872,two-strong
5,2848,marriage,0.2421052631578947,female,0.2285714285714285,0.05590062088711872,two-strong
5,2849,marriage,0.2421052631578947,female,0.2285714285714285,0.05590062088711872,two-strong
5,2850,marriage,0.2403842751995743,female,0.2252935808999882,0.06277737686577041,two-strong
5,2851,marriage,0.2421052631578947,female,0.2285714285714285,0.05590062088711872,two-strong
5,2852,marriage,0.2421052631578947,female,0.2285714285714285,0.05590062088711872,two-strong
5,2853,marriage,0.2421052631578947,female,0.2285714285714285,0.05590062088711872,two-strong
5,2854,marriage,0.2421052631578947,female,0.2285714285714285,0.05590062088711872,two-strong
5,2855,marriage,0.2421052631578947,female,0.2285714285714285,0.05590062088711872,two-strong
5,2856,marriage,0.2421052631578947,female,0.2285714285714285,0.05590062088711872,two-strong
5,2857,marriage,0.2421052631578947,female,0.2285714285714285,0.05590062088711872,two-strong
5,2858,marriage,0.2421052631578947,female,0.2285714285714285,0.05590062088711872,two-strong
5,2859,marriage,0.2421052631578947,female,0.2285714285714285,0.05590062088711872,two-strong
5,2860,marriage,0.2421052631578947,female,0.2285714285714285,0.05590062088711872,two-strong
5,2861,love,0.2985327898987964,wealth,0.2738745043380683,0.08259824820747184,two-strong
5,2862,marriage,0.2421052631578947,female,0.2285714285714285,0.05590062088711872,two-strong
5,2863,marriage,0.2421052631578947,female,0.2285714285714285,0.05590062088711872,two-strong
5,2864,marriage,0.2421052631578947,female,0.2285714285714285,0.05590062088711872,two-strong
5,2865,marriage,0.2421052631578947,female,0.2285714285714285,0.05590062088711872,two-strong
5,2866,marriage,0.2421052631578947,female,0.2285714285714285,0.05590062088711872,two-strong
5,2867,marriage,0.2421052631578947,female,0.2285714285714285,0.05590062088711872,two-strong
5,2868,duty,0.1386181958163382,,,0.9999999927859399,dominant
5,2869,marriage,0.2421052631578947,female,0.2285714285714285,0.05590062088711872,two-strong
5,2870,marriage,0.2421052631578947,female,0.2285714285714285,0.05590062088711872,two-strong
5,2871,marriage,0.2421052631578947,female,0.2285714285714285,0.05590062088711872,two-strong
5,2872,marriage,0.2421052631578947,female,0.2285714285714285,0.05590062088711872,two-strong
5,2873,marriage,0.2421052631578947,female,0.2285714285714285,0.05590062088711872,two-strong
5,2874,marriage,0.2421052631578947,female,0.2285714285714285,0.05590062088711872,two-strong
5,2875,marriage,0.2421052631578947,female,0.2285714285714285,0.05590062088711872,two-strong
5,2876,marriage,0.2421052631578947,female,0.2285714285714285,0.05590062088711872,two-strong
5,2877,marriage,0.2421052631578947,female,0.2285714285714285,0.05590062088711872,two-strong
5,2878,marriage,0.2421052631578947,female,0.2285714285714285,0.05590062088711872,two-strong
5,2879,marriage,0.2421052631578947,female,0.2285714285714285,0.05590062088711872,two-strong
5,2880,marriage,0.2421052631578947,female,0.2285714285714285,0.05590062088711872,two-strong
5,2881,marriage,0.2421052631578947,female,0.2285714285714285,0.05590062088711872,two-strong
5,2882,marriage,0.2421052631578947,female,0.2285714285714285,0.05590062088711872,two-strong
5,2883,marriage,0.2421052631578947,female,0.2285714285714285,0.05590062088711872,two-strong
5,2884,marriage,0.2421052631578947,female,0.2285714285714285,0.05590062088711872,two-strong
5,2885,marriage,0.2421052631578947,female,0.2285714285714285,0.05590062088711872,two-strong
5,2886,marriage,0.2421052631578947,female,0.2285714285714285,0.05590062088711872,two-strong
5,2887,marriage,0.2421052631578947,female,0.2285714285714285,0.05590062088711872,two-strong
5,2888,marriage,0.2421052631578947,female,0.2285714285714285,0.05590062088711872,two-strong
5,2889,marriage,0.2421052631578947,female,0.2285714285714285,0.05590062088711872,two-strong
5,2890,marriage,0.2421052631578947,female,0.2285714285714285,0.05590062088711872,two-strong
5,2891,marriage,0.2421052631578947,female,0.2285714285714285,0.05590062088711872,two-strong
5,2892,marriage,0.2421052631578947,female,0.2285714285714285,0.05590062088711872,two-strong
5,2893,marriage,0.2421052631578947,female,0.2285714285714285,0.05590062088711872,two-strong
5,2894,marriage,0.2421052631578947,female,0.2285714285714285,0.05590062088711872,two-strong
5,2895,marriage,0.2421052631578947,female,0.2285714285714285,0.05590062088711872,two-strong
5,2896,marriage,0.2421052631578947,female,0.2285714285714285,0.05590062088711872,two-strong
5,2897,marriage,0.2421052631578947,female,0.2285714285714285,0.05590062088711872,two-strong
5,2898,marriage,0.2421052631578947,female,0.2285714285714285,0.05590062088711872,two-strong
5,2899,wealth,0.2061513443465952,family,0.1878433406532834,0.08880855791909188,two-strong
5,2900,marriage,0.2421052631578947,female,0.2285714285714285,0.05590062088711872,two-strong
5,2901,marriage,0.2421052631578947,female,0.2285714285714285,0.05590062088711872,two-strong
5,2902,marriage,0.2421052631578947,female,0.2285714285714285,0.05590062088711872,two-strong
5,2903,marriage,0.2421052631578947,female,0.2285714285714285,0.05590062088711872,two-strong
5,2904,marriage,0.2421052631578947,female,0.2285714285714285,0.05590062088711872,two-strong
5,2905,marriage,0.2421052631578947,female,0.2285714285714285,0.05590062088711872,two-strong
5,2906,marriage,0.2421052631578947,female,0.2285714285714285,0.05590062088711872,two-strong
5,2907,marriage,0.2421052631578947,female,0.2285714285714285,0.05590062088711872,two-strong
5,2908,marriage,0.2421052631578947,female,0.2285714285714285,0.05590062088711872,two-strong
5,2909,marriage,0.2421052631578947,female,0.2285714285714285,0.05590062088711872,two-strong
5,2910,marriage,0.2421052631578947,female,0.2285714285714285,0.05590062088711872,two-strong
5,2911,marriage,0.2421052631578947,female,0.2285714285714285,0.05590062088711872,two-strong
5,2912,marriage,0.2419075639409081,female,0.2287124060150376,0.05454628063861396,two-strong
5,2913,marriage,0.2421052631578947,female,0.2285714285714285,0.05590062088711872,two-strong
5,2914,marriage,0.2421052631578947,female,0.2285714285714285,0.05590062088711872,two-strong
5,2915,marriage,0.2421052631578947,female,0.2285714285714285,0.05590062088711872,two-strong
5,2916,marriage,0.2424103737604881,female,0.2285714285714285,0.057088914625593346,two-strong
5,2917,marriage,0.2421052631578947,female,0.2285714285714285,0.05590062088711872,two-strong
5,2918,wealth,0.2096602111338953,,,0.9999999952303779,dominant
5,2919,marriage,0.2421052631578947,female,0.2285714285714285,0.05590062088711872,two-strong
5,2920,marriage,0.2421052631578947,female,0.2285714285714285,0.05590062088711872,two-strong
5,2921,marriage,0.2421052631578947,female,0.2285714285714285,0.05590062088711872,two-strong
5,2922,marriage,0.2421052631578947,female,0.2285714285714285,0.05590062088711872,two-strong
5,2923,marriage,0.2421052631578947,female,0.2285714285714285,0.05590062088711872,two-strong
5,2924,marriage,0.2421052631578947,female,0.2285714285714285,0.05590062088711872,two-strong
5,2925,marriage,0.2421052631578947,female,0.2285714285714285,0.05590062088711872,two-strong
5,2926,marriage,0.2421052631578947,female,0.2285714285714285,0.05590062088711872,two-strong
5,2927,marriage,0.2421052631578947,female,0.2285714285714285,0.05590062088711872,two-strong
5,2928,marriage,0.2421052631578947,female,0.2285714285714285,0.05590062088711872,two-strong
5,2929,marriage,0.2421052631578947,female,0.2285714285714285,0.05590062088711872,two-strong
5,2930,marriage,0.2421052631578947,female,0.2285714285714285,0.05590062088711872,two-strong
5,2931,marriage,0.2421052631578947,female,0.2285714285714285,0.05590062088711872,two-strong
5,2932,marriage,0.2421052631578947,female,0.2285714285714285,0.05590062088711872,two-strong
5,2933,marriage,0.2468126838836221,female,0.2285714285714285,0.07390728446876531,two-strong
5,2934,emotion,0.2023216055933526,,,0.9999999950573741,dominant
5,2935,marriage,0.2421052631578947,female,0.2285714285714285,0.05590062088711872,two-strong
5,2936,marriage,0.2421052631578947,female,0.2285714285714285,0.05590062088711872,two-strong
5,2937,marriage,0.2421052631578947,female,0.2285714285714285,0.05590062088711872,two-strong
5,2938,marriage,0.2421052631578947,female,0.2285714285714285,0.05590062088711872,two-strong
5,2939,marriage,0.2421052631578947,female,0.2285714285714285,0.05590062088711872,two-strong
5,2940,marriage,0.2421052631578947,female,0.2285714285714285,0.05590062088711872,two-strong
5,2941,marriage,0.2421052631578947,female,0.2285714285714285,0.05590062088711872,two-strong
5,2942,marriage,0.2421052631578947,female,0.2285714285714285,0.05590062088711872,two-strong
5,2943,marriage,0.2421052631578947,female,0.2285714285714285,0.05590062088711872,two-strong
5,2944,marriage,0.2421052631578947,female,0.2285714285714285,0.05590062088711872,two-strong
5,2945,marriage,0.2421052631578947,female,0.2285714285714285,0.05590062088711872,two-strong
5,2946,society,0.2324605534070453,class,0.1718263296602755,0.2608366133404185,leaning
5,2947,marriage,0.2468126838836221,female,0.2285714285714285,0.07390728446876531,two-strong
5,2948,marriage,0.2421052631578947,female,0.2285714285714285,0.05590062088711872,two-strong
5,2949,marriage,0.2421052631578947,female,0.2285714285714285,0.05590062088711872,two-strong
5,2950,marriage,0.2421052631578947,female,0.2285714285714285,0.05590062088711872,two-strong
5,2951,marriage,0.2421052631578947,female,0.2285714285714285,0.05590062088711872,two-strong
5,2952,marriage,0.2421052631578947,female,0.2285714285714285,0.05590062088711872,two-strong
5,2953,emotion,0.2377000925321109,duty,0.2338851565140976,0.016049366919992165,two-strong
5,2954,marriage,0.2421052631578947,female,0.2285714285714285,0.05590062088711872,two-strong
5,2955,marriage,0.2421052631578947,female,0.2285714285714285,0.05590062088711872,two-strong
5,2956,marriage,0.2421052631578947,female,0.2285714285714285,0.05590062088711872,two-strong
5,2957,marriage,0.2421052631578947,female,0.2285714285714285,0.05590062088711872,two-strong
5,2958,marriage,0.2421052631578947,female,0.2285714285714285,0.05590062088711872,two-strong
5,2959,marriage,0.2421052631578947,female,0.2285714285714285,0.05590062088711872,two-strong
5,2960,marriage,0.2421052631578947,female,0.2285714285714285,0.05590062088711872,two-strong
5,2961,marriage,0.2421052631578947,female,0.2285714285714285,0.05590062088711872,two-strong
5,2962,marriage,0.2421052631578947,female,0.2285714285714285,0.05590062088711872,two-strong
5,2963,marriage,0.2421052631578947,female,0.2285714285714285,0.05590062088711872,two-strong
5,2964,marriage,0.2421052631578947,female,0.2285714285714285,0.05590062088711872,two-strong
5,2965,marriage,0.2421052631578947,female,0.2285714285714285,0.05590062088711872,two-strong
5,2966,marriage,0.2421052631578947,female,0.2285714285714285,0.05590062088711872,two-strong
5,2967,marriage,0.2421052631578947,female,0.2285714285714285,0.05590062088711872,two-strong
5,2968,marriage,0.2421052631578947,female,0.2285714285714285,0.05590062088711872,two-strong
5,2969,marriage,0.2421052631578947,female,0.2285714285714285,0.05590062088711872,two-strong
5,2970,marriage,0.2421052631578947,female,0.2285714285714285,0.05590062088711872,two-strong
5,2971,marriage,0.2421052631578947,female,0.2285714285714285,0.05590062088711872,two-strong
5,2972,marriage,0.2421052631578947,female,0.2285714285714285,0.05590062088711872,two-strong
5,2973,marriage,0.2421052631578947,female,0.2285714285714285,0.05590062088711872,two-strong
5,2974,marriage,0.2421052631578947,female,0.2285714285714285,0.05590062088711872,two-strong
5,2975,marriage,0.2421052631578947,female,0.2285714285714285,0.05590062088711872,two-strong
5,2976,marriage,0.2421052631578947,female,0.2285714285714285,0.05590062088711872,two-strong
5,2977,marriage,0.2421052631578947,female,0.2285714285714285,0.05590062088711872,two-strong
5,2978,marriage,0.2582914783318341,female,0.2285714285714285,0.11506399606091307,two-strong
5,2979,marriage,0.2421052631578947,female,0.2285714285714285,0.05590062088711872,two-strong
5,2980,marriage,0.2421052631578947,female,0.2285714285714285,0.05590062088711872,two-strong
5,2981,marriage,0.2421052631578947,female,0.2285714285714285,0.05590062088711872,two-strong
5,2982,marriage,0.2421052631578947,female,0.2285714285714285,0.05590062088711872,two-strong
5,2983,marriage,0.2421052631578947,female,0.2285714285714285,0.05590062088711872,two-strong
5,2984,marriage,0.2421052631578947,female,0.2285714285714285,0.05590062088711872,two-strong
5,2985,marriage,0.2421052631578947,female,0.2285714285714285,0.05590062088711872,two-strong
5,2986,marriage,0.2421052631578947,female,0.2285714285714285,0.05590062088711872,two-strong
5,2987,marriage,0.2421052631578947,female,0.2285714285714285,0.05590062088711872,two-strong
5,2988,marriage,0.2421052631578947,female,0.2285714285714285,0.05590062088711872,two-strong
5,2989,marriage,0.2421052631578947,female,0.2285714285714285,0.05590062088711872,two-strong
5,2990,marriage,0.2437070938215103,female,0.2292606516290727,0.05927788931634547,two-strong
5,2991,marriage,0.2421052631578947,female,0.2285714285714285,0.05590062088711872,two-strong
5,2992,marriage,0.2421052631578947,female,0.2285714285714285,0.05590062088711872,two-strong
5,2993,marriage,0.2421052631578947,female,0.2285714285714285,0.05590062088711872,two-strong
5,2994,marriage,0.2421052631578947,female,0.2285714285714285,0.05590062088711872,two-strong
5,2995,marriage,0.2421052631578947,female,0.2285714285714285,0.05590062088711872,two-strong
5,2996,marriage,0.2421052631578947,female,0.2285714285714285,0.05590062088711872,two-strong
5,2997,marriage,0.2421052631578947,female,0.2285714285714285,0.05590062088711872,two-strong
5,2998,marriage,0.2421052631578947,female,0.2285714285714285,0.05590062088711872,two-strong
5,2999,marriage,0.2421052631578947,female,0.2285714285714285,0.05590062088711872,two-strong
5,3000,emotion,0.1890766735708084,,,0.9999999947111403,dominant
5,3001,marriage,0.2421052631578947,female,0.2285714285714285,0.05590062088711872,two-strong
5,3002,marriage,0.2421052631578947,female,0.2285714285714285,0.05590062088711872,two-strong
5,3003,marriage,0.2421052631578947,female,0.2285714285714285,0.05590062088711872,two-strong
5,3004,marriage,0.2421052631578947,female,0.2285714285714285,0.05590062088711872,two-strong
5,3005,marriage,0.2421052631578947,female,0.2285714285714285,0.05590062088711872,two-strong
5,3006,marriage,0.2421052631578947,female,0.2285714285714285,0.05590062088711872,two-strong
5,3007,marriage,0.2421052631578947,female,0.2285714285714285,0.05590062088711872,two-strong
5,3008,marriage,0.2421052631578947,female,0.2285714285714285,0.05590062088711872,two-strong
5,3009,marriage,0.2421052631578947,female,0.2285714285714285,0.05590062088711872,two-strong
5,3010,marriage,0.2421052631578947,female,0.2285714285714285,0.05590062088711872,two-strong
5,3011,marriage,0.2421052631578947,female,0.2285714285714285,0.05590062088711872,two-strong
5,3012,marriage,0.2421052631578947,female,0.2285714285714285,0.05590062088711872,two-strong
5,3013,marriage,0.2421052631578947,female,0.2285714285714285,0.05590062088711872,two-strong
5,3014,marriage,0.2421052631578947,female,0.2285714285714285,0.05590062088711872,two-strong
5,3015,marriage,0.2421052631578947,female,0.2285714285714285,0.05590062088711872,two-strong
5,3016,marriage,0.2421052631578947,female,0.2285714285714285,0.05590062088711872,two-strong
5,3017,marriage,0.2421052631578947,female,0.2285714285714285,0.05590062088711872,two-strong
5,3018,marriage,0.2421052631578947,female,0.2285714285714285,0.05590062088711872,two-strong
5,3019,marriage,0.2421052631578947,female,0.2285714285714285,0.05590062088711872,two-strong
5,3020,marriage,0.2421052631578947,female,0.2285714285714285,0.05590062088711872,two-strong
5,3021,marriage,0.3453165391774333,wealth,0.2589153915719708,0.2502085407234394,leaning
5,3022,marriage,0.2421052631578947,female,0.2285714285714285,0.05590062088711872,two-strong
5,3023,marriage,0.2421052631578947,female,0.2285714285714285,0.05590062088711872,two-strong
5,3024,marriage,0.2421052631578947,female,0.2285714285714285,0.05590062088711872,two-strong
5,3025,marriage,0.2421052631578947,female,0.2285714285714285,0.05590062088711872,two-strong
5,3026,marriage,0.2468126838836221,female,0.2285714285714285,0.07390728446876531,two-strong
5,3027,marriage,0.2421052631578947,female,0.2285714285714285,0.05590062088711872,two-strong
5,3028,marriage,0.2421052631578947,female,0.2285714285714285,0.05590062088711872,two-strong
5,3029,marriage,0.2421052631578947,female,0.2285714285714285,0.05590062088711872,two-strong
5,3030,marriage,0.2421052631578947,female,0.2285714285714285,0.05590062088711872,two-strong
5,3031,marriage,0.2421052631578947,female,0.2285714285714285,0.05590062088711872,two-strong
5,3032,marriage,0.2421052631578947,female,0.2285714285714285,0.05590062088711872,two-strong
5,3033,marriage,0.2421052631578947,female,0.2285714285714285,0.05590062088711872,two-strong
5,3034,marriage,0.2421052631578947,female,0.2285714285714285,0.05590062088711872,two-strong
5,3035,marriage,0.2421052631578947,female,0.2285714285714285,0.05590062088711872,two-strong
5,3036,marriage,0.2421052631578947,female,0.2285714285714285,0.05590062088711872,two-strong
5,3037,marriage,0.2421052631578947,female,0.2285714285714285,0.05590062088711872,two-strong
5,3038,marriage,0.2421052631578947,female,0.2285714285714285,0.05590062088711872,two-strong
5,3039,marriage,0.2421052631578947,female,0.2285714285714285,0.05590062088711872,two-strong
5,3040,marriage,0.2421052631578947,female,0.2285714285714285,0.05590062088711872,two-strong
5,3041,marriage,0.2421052631578947,female,0.2285714285714285,0.05590062088711872,two-strong
5,3042,male,0.2397478961096393,marriage,0.2331097423959072,0.027688058138405316,two-strong
5,3043,marriage,0.2421052631578947,female,0.2285714285714285,0.05590062088711872,two-strong
5,3044,marriage,0.2421052631578947,female,0.2285714285714285,0.05590062088711872,two-strong
5,3045,marriage,0.2421052631578947,female,0.2285714285714285,0.05590062088711872,two-strong
5,3046,marriage,0.2445021539577622,,,0.9999999959100565,dominant
5,3047,marriage,0.2421052631578947,female,0.2285714285714285,0.05590062088711872,two-strong
5,3048,marriage,0.2421052631578947,female,0.2285714285714285,0.05590062088711872,two-strong
5,3049,marriage,0.2421052631578947,female,0.2285714285714285,0.05590062088711872,two-strong
5,3050,marriage,0.2421052631578947,female,0.2285714285714285,0.05590062088711872,two-strong
5,3051,marriage,0.2421052631578947,female,0.2285714285714285,0.05590062088711872,two-strong
5,3052,marriage,0.2421052631578947,female,0.2285714285714285,0.05590062088711872,two-strong
5,3053,marriage,0.2421052631578947,female,0.2285714285714285,0.05590062088711872,two-strong
5,3054,society,0.2030064752443217,class,0.1643998254847734,0.19017447361179038,two-strong
5,3055,marriage,0.2421052631578947,female,0.2285714285714285,0.05590062088711872,two-strong
5,3056,marriage,0.2421052631578947,female,0.2285714285714285,0.05590062088711872,two-strong
5,3057,marriage,0.2421052631578947,female,0.2285714285714285,0.05590062088711872,two-strong
5,3058,marriage,0.2421052631578947,female,0.2285714285714285,0.05590062088711872,two-strong
5,3059,marriage,0.2421052631578947,female,0.2285714285714285,0.05590062088711872,two-strong
5,3060,marriage,0.2421052631578947,female,0.2285714285714285,0.05590062088711872,two-strong
5,3061,marriage,0.2500158263152706,female,0.2345864661654135,0.06171353356121975,two-strong
5,3062,marriage,0.2421052631578947,female,0.2285714285714285,0.05590062088711872,two-strong
5,3063,marriage,0.2421052631578947,female,0.2285714285714285,0.05590062088711872,two-strong
5,3064,marriage,0.2421052631578947,female,0.2285714285714285,0.05590062088711872,two-strong
5,3065,marriage,0.2421052631578947,female,0.2285714285714285,0.05590062088711872,two-strong
5,3066,marriage,0.2421052631578947,female,0.2285714285714285,0.05590062088711872,two-strong
5,3067,marriage,0.2421052631578947,female,0.2285714285714285,0.05590062088711872,two-strong
5,3068,marriage,0.2421052631578947,female,0.2285714285714285,0.05590062088711872,two-strong
5,3069,marriage,0.2421052631578947,female,0.2285714285714285,0.05590062088711872,two-strong
5,3070,marriage,0.2421052631578947,female,0.2285714285714285,0.05590062088711872,two-strong
5,3071,marriage,0.2238788954913099,scandal,0.1086702545651329,0.5146025048888382,dominant
5,3072,marriage,0.2421052631578947,female,0.2285714285714285,0.05590062088711872,two-strong
5,3073,marriage,0.2421052631578947,female,0.2285714285714285,0.05590062088711872,two-strong
5,3074,marriage,0.2421052631578947,female,0.2285714285714285,0.05590062088711872,two-strong
5,3075,marriage,0.2421052631578947,female,0.2285714285714285,0.05590062088711872,two-strong
5,3076,emotion,0.1894538249892463,love,0.1380123483219401,0.27152514022190344,leaning
5,3077,marriage,0.2421052631578947,female,0.2285714285714285,0.05590062088711872,two-strong
5,3078,marriage,0.2410202524945905,female,0.2285714285714285,0.05165053037105611,two-strong
5,3079,wealth,0.2219877002740711,,,0.999999995495246,dominant
5,3080,marriage,0.241636700446769,female,0.237844611528822,0.015693348300329982,two-strong
5,3081,marriage,0.2421052631578947,female,0.2285714285714285,0.05590062088711872,two-strong
5,3082,marriage,0.2421052631578947,female,0.2285714285714285,0.05590062088711872,two-strong
5,3083,marriage,0.2421052631578947,female,0.2285714285714285,0.05590062088711872,two-strong
5,3084,marriage,0.2421052631578947,female,0.2285714285714285,0.05590062088711872,two-strong
5,3085,marriage,0.2421052631578947,female,0.2285714285714285,0.05590062088711872,two-strong
5,3086,marriage,0.2421052631578947,female,0.2285714285714285,0.05590062088711872,two-strong
5,3087,marriage,0.2421052631578947,female,0.2285714285714285,0.05590062088711872,two-strong
5,3088,marriage,0.2421052631578947,female,0.2285714285714285,0.05590062088711872,two-strong
5,3089,marriage,0.2421052631578947,female,0.2285714285714285,0.05590062088711872,two-strong
5,3090,marriage,0.2421052631578947,female,0.2285714285714285,0.05590062088711872,two-strong
5,3091,marriage,0.2421052631578947,female,0.2285714285714285,0.05590062088711872,two-strong
5,3092,marriage,0.2421052631578947,female,0.2285714285714285,0.05590062088711872,two-strong
5,3093,male,0.3140077265485433,love,0.1266810557095376,0.596567072732458,dominant
5,3094,marriage,0.2421052631578947,female,0.2285714285714285,0.05590062088711872,two-strong
5,3095,marriage,0.2421052631578947,female,0.2285714285714285,0.05590062088711872,two-strong
5,3096,marriage,0.2421052631578947,female,0.2285714285714285,0.05590062088711872,two-strong
5,3097,marriage,0.2421052631578947,female,0.2285714285714285,0.05590062088711872,two-strong
5,3098,marriage,0.2421052631578947,female,0.2285714285714285,0.05590062088711872,two-strong
5,3099,marriage,0.2421052631578947,female,0.2285714285714285,0.05590062088711872,two-strong
5,3100,marriage,0.2421052631578947,female,0.2285714285714285,0.05590062088711872,two-strong
5,3101,marriage,0.2421052631578947,female,0.2285714285714285,0.05590062088711872,two-strong
5,3102,marriage,0.2421052631578947,female,0.2285714285714285,0.05590062088711872,two-strong
5,3103,marriage,0.2421052631578947,female,0.2285714285714285,0.05590062088711872,two-strong
5,3104,marriage,0.2421052631578947,female,0.2285714285714285,0.05590062088711872,two-strong
5,3105,marriage,0.2421052631578947,female,0.2285714285714285,0.05590062088711872,two-strong
5,3106,marriage,0.2421052631578947,female,0.2285714285714285,0.05590062088711872,two-strong
5,3107,society,0.2416262577307927,marriage,0.2333107636266297,0.034414695438494035,two-strong
5,3108,marriage,0.2421052631578947,female,0.2285714285714285,0.05590062088711872,two-strong
5,3109,marriage,0.241636700446769,female,0.2303884711779448,0.04655016891671192,two-strong
5,3110,marriage,0.2421052631578947,female,0.2285714285714285,0.05590062088711872,two-strong
5,3111,marriage,0.2421052631578947,female,0.2285714285714285,0.05590062088711872,two-strong
5,3112,marriage,0.2421052631578947,female,0.2285714285714285,0.05590062088711872,two-strong
5,3113,marriage,0.2421052631578947,female,0.2285714285714285,0.05590062088711872,two-strong
5,3114,marriage,0.2421052631578947,female,0.2285714285714285,0.05590062088711872,two-strong
5,3115,marriage,0.2421052631578947,female,0.2285714285714285,0.05590062088711872,two-strong
5,3116,marriage,0.2421052631578947,female,0.2285714285714285,0.05590062088711872,two-strong
5,3117,marriage,0.2421052631578947,female,0.2285714285714285,0.05590062088711872,two-strong
5,3118,marriage,0.2421052631578947,female,0.2285714285714285,0.05590062088711872,two-strong
5,3119,marriage,0.2421052631578947,female,0.2285714285714285,0.05590062088711872,two-strong
5,3120,marriage,0.2421052631578947,female,0.2285714285714285,0.05590062088711872,two-strong
5,3121,marriage,0.264346504898973,emotion,0.1858344207626504,0.2970044331371948,leaning
5,3122,marriage,0.2421052631578947,female,0.2285714285714285,0.05590062088711872,two-strong
5,3123,marriage,0.2421052631578947,female,0.2285714285714285,0.05590062088711872,two-strong
5,3124,marriage,0.2421052631578947,female,0.2285714285714285,0.05590062088711872,two-strong
5,3125,marriage,0.2421052631578947,female,0.2285714285714285,0.05590062088711872,two-strong
5,3126,marriage,0.2421052631578947,female,0.2285714285714285,0.05590062088711872,two-strong
5,3127,marriage,0.2421052631578947,female,0.2285714285714285,0.05590062088711872,two-strong
5,3128,marriage,0.2421052631578947,female,0.2285714285714285,0.05590062088711872,two-strong
5,3129,marriage,0.2421052631578947,female,0.2285714285714285,0.05590062088711872,two-strong
5,3130,marriage,0.2421052631578947,female,0.2285714285714285,0.05590062088711872,two-strong
5,3131,marriage,0.2421052631578947,female,0.2285714285714285,0.05590062088711872,two-strong
5,3132,marriage,0.2421052631578947,female,0.2285714285714285,0.05590062088711872,two-strong
5,3133,marriage,0.2421052631578947,female,0.2285714285714285,0.05590062088711872,two-strong
5,3134,marriage,0.2421052631578947,female,0.2285714285714285,0.05590062088711872,two-strong
5,3135,marriage,0.2421052631578947,female,0.2285714285714285,0.05590062088711872,two-strong
5,3136,marriage,0.2421052631578947,female,0.2285714285714285,0.05590062088711872,two-strong
5,3137,marriage,0.2421052631578947,female,0.2285714285714285,0.05590062088711872,two-strong
5,3138,marriage,0.2421052631578947,female,0.2285714285714285,0.05590062088711872,two-strong
5,3139,marriage,0.2421052631578947,female,0.2285714285714285,0.05590062088711872,two-strong
5,3140,male,0.2321968240132929,society,0.2045304898102763,0.11915035531356959,two-strong
5,3141,marriage,0.2421052631578947,female,0.2285714285714285,0.05590062088711872,two-strong
5,3142,marriage,0.2421052631578947,female,0.2285714285714285,0.05590062088711872,two-strong
5,3143,marriage,0.2421052631578947,female,0.2285714285714285,0.05590062088711872,two-strong
5,3144,marriage,0.2421052631578947,female,0.2285714285714285,0.05590062088711872,two-strong
5,3145,marriage,0.2421052631578947,female,0.2285714285714285,0.05590062088711872,two-strong
5,3146,marriage,0.2421052631578947,female,0.2285714285714285,0.05590062088711872,two-strong
5,3147,marriage,0.2421052631578947,female,0.2285714285714285,0.05590062088711872,two-strong
5,3148,marriage,0.2421052631578947,female,0.2285714285714285,0.05590062088711872,two-strong
5,3149,marriage,0.2421052631578947,female,0.2285714285714285,0.05590062088711872,two-strong
5,3150,marriage,0.2421052631578947,female,0.2285714285714285,0.05590062088711872,two-strong
5,3151,marriage,0.2421052631578947,female,0.2285714285714285,0.05590062088711872,two-strong
5,3152,marriage,0.2421052631578947,female,0.2285714285714285,0.05590062088711872,two-strong
5,3153,marriage,0.2421052631578947,female,0.2285714285714285,0.05590062088711872,two-strong
5,3154,marriage,0.2421052631578947,female,0.2285714285714285,0.05590062088711872,two-strong
5,3155,marriage,0.2421052631578947,female,0.2285714285714285,0.05590062088711872,two-strong
5,3156,marriage,0.2421052631578947,female,0.2285714285714285,0.05590062088711872,two-strong
5,3157,marriage,0.2421052631578947,female,0.2285714285714285,0.05590062088711872,two-strong
5,3158,marriage,0.2421052631578947,female,0.2285714285714285,0.05590062088711872,two-strong
5,3159,marriage,0.2421052631578947,female,0.2285714285714285,0.05590062088711872,two-strong
5,3160,marriage,0.2421052631578947,female,0.2285714285714285,0.05590062088711872,two-strong
5,3161,marriage,0.2421052631578947,female,0.2285714285714285,0.05590062088711872,two-strong
5,3162,marriage,0.2468126838836221,female,0.2285714285714285,0.07390728446876531,two-strong
5,3163,marriage,0.2421052631578947,female,0.2285714285714285,0.05590062088711872,two-strong
5,3164,marriage,0.2421052631578947,female,0.2285714285714285,0.05590062088711872,two-strong
5,3165,marriage,0.2421052631578947,female,0.2285714285714285,0.05590062088711872,two-strong
5,3166,marriage,0.2421052631578947,female,0.2285714285714285,0.05590062088711872,two-strong
5,3167,wealth,0.219448315408663,,,0.9999999954431184,dominant
5,3168,marriage,0.2421052631578947,female,0.2285714285714285,0.05590062088711872,two-strong
5,3169,marriage,0.2421052631578947,female,0.2285714285714285,0.05590062088711872,two-strong
5,3170,marriage,0.2421052631578947,female,0.2285714285714285,0.05590062088711872,two-strong
5,3171,marriage,0.2421052631578947,female,0.2285714285714285,0.05590062088711872,two-strong
5,3172,marriage,0.2780132584899796,female,0.2282946585578164,0.17883535491570757,two-strong
5,3173,female,0.3056300371025603,marriage,0.2459990556100396,0.19510837960407,two-strong
5,3174,marriage,0.2421052631578947,female,0.2285714285714285,0.05590062088711872,two-strong
5,3175,marriage,0.2421052631578947,female,0.2285714285714285,0.05590062088711872,two-strong
5,3176,marriage,0.2421052631578947,female,0.2285714285714285,0.05590062088711872,two-strong
5,3177,marriage,0.2421052631578947,female,0.2285714285714285,0.05590062088711872,two-strong
5,3178,marriage,0.2421052631578947,female,0.2285714285714285,0.05590062088711872,two-strong
5,3179,marriage,0.2421052631578947,female,0.2285714285714285,0.05590062088711872,two-strong
5,3180,marriage,0.2421052631578947,female,0.2285714285714285,0.05590062088711872,two-strong
5,3181,marriage,0.2421052631578947,female,0.2285714285714285,0.05590062088711872,two-strong
5,3182,marriage,0.2421052631578947,female,0.2285714285714285,0.05590062088711872,two-strong
5,3183,marriage,0.2352176755298565,class,0.2326442538392502,0.010940596508611743,two-strong
5,3184,marriage,0.2421052631578947,female,0.2285714285714285,0.05590062088711872,two-strong
5,3185,marriage,0.2421052631578947,female,0.2285714285714285,0.05590062088711872,two-strong
5,3186,marriage,0.2421052631578947,female,0.2285714285714285,0.05590062088711872,two-strong
5,3187,marriage,0.2421052631578947,female,0.2285714285714285,0.05590062088711872,two-strong
5,3188,marriage,0.2421052631578947,female,0.2285714285714285,0.05590062088711872,two-strong
5,3189,marriage,0.2421052631578947,female,0.2285714285714285,0.05590062088711872,two-strong
5,3190,emotion,0.2670636537948093,male,0.2510848865343021,0.05983130603370198,two-strong
5,3191,marriage,0.2421052631578947,female,0.2285714285714285,0.05590062088711872,two-strong
5,3192,marriage,0.2421052631578947,female,0.2285714285714285,0.05590062088711872,two-strong
5,3193,marriage,0.2466891867349533,female,0.2285714285714285,0.07344366540697678,two-strong
5,3194,marriage,0.2421052631578947,female,0.2285714285714285,0.05590062088711872,two-strong
5,3195,marriage,0.2421052631578947,female,0.2285714285714285,0.05590062088711872,two-strong
5,3196,marriage,0.2421052631578947,female,0.2285714285714285,0.05590062088711872,two-strong
5,3197,marriage,0.2421052631578947,female,0.2285714285714285,0.05590062088711872,two-strong
5,3198,female,0.2336466165413533,,,0.9999999957200322,dominant
5,3199,marriage,0.2442737277977552,female,0.2285714285714285,0.06428157175808004,two-strong
5,3200,female,0.2682874325966431,marriage,0.2408230721731865,0.10236916450118916,two-strong
5,3201,marriage,0.2421052631578947,female,0.2285714285714285,0.05590062088711872,two-strong
5,3202,marriage,0.2421052631578947,female,0.2285714285714285,0.05590062088711872,two-strong
5,3203,marriage,0.2421052631578947,female,0.2285714285714285,0.05590062088711872,two-strong
5,3204,marriage,0.2421052631578947,female,0.2285714285714285,0.05590062088711872,two-strong
5,3205,marriage,0.2421052631578947,female,0.2285714285714285,0.05590062088711872,two-strong
5,3206,marriage,0.2421052631578947,female,0.2285714285714285,0.05590062088711872,two-strong
5,3207,marriage,0.2421052631578947,female,0.2285714285714285,0.05590062088711872,two-strong
5,3208,marriage,0.2421052631578947,female,0.2285714285714285,0.05590062088711872,two-strong
5,3209,marriage,0.2463441211724964,female,0.2285714285714285,0.07214579525718501,two-strong
5,3210,marriage,0.2421052631578947,female,0.2285714285714285,0.05590062088711872,two-strong
5,3211,marriage,0.2421052631578947,female,0.2285714285714285,0.05590062088711872,two-strong
5,3212,marriage,0.2421052631578947,female,0.2285714285714285,0.05590062088711872,two-strong
5,3213,marriage,0.2421052631578947,female,0.2285714285714285,0.05590062088711872,two-strong
5,3214,marriage,0.2421052631578947,female,0.2285714285714285,0.05590062088711872,two-strong
5,3215,marriage,0.2421052631578947,female,0.2285714285714285,0.05590062088711872,two-strong
5,3216,marriage,0.2421052631578947,female,0.2285714285714285,0.05590062088711872,two-strong
5,3217,marriage,0.2421052631578947,female,0.2285714285714285,0.05590062088711872,two-strong
5,3218,marriage,0.2437070938215103,female,0.2285714285714285,0.06210596889338432,two-strong
5,3219,marriage,0.2437070938215103,female,0.2310463659147869,0.05195059223038233,two-strong
5,3220,marriage,0.2421052631578947,female,0.2285714285714285,0.05590062088711872,two-strong
5,3221,marriage,0.2421052631578947,female,0.2285714285714285,0.05590062088711872,two-strong
5,3222,marriage,0.2421052631578947,female,0.2285714285714285,0.05590062088711872,two-strong
5,3223,marriage,0.2421052631578947,female,0.2285714285714285,0.05590062088711872,two-strong
5,3224,marriage,0.2421052631578947,female,0.2285714285714285,0.05590062088711872,two-strong
5,3225,marriage,0.2421052631578947,female,0.2285714285714285,0.05590062088711872,two-strong
5,3226,marriage,0.2421052631578947,female,0.2285714285714285,0.05590062088711872,two-strong
5,3227,marriage,0.2421052631578947,female,0.2285714285714285,0.05590062088711872,two-strong
5,3228,marriage,0.2421052631578947,female,0.2285714285714285,0.05590062088711872,two-strong
5,3229,marriage,0.2421052631578947,female,0.2285714285714285,0.05590062088711872,two-strong
5,3230,marriage,0.232344360483314,society,0.2017562069494999,0.13165007895408223,two-strong
5,3231,marriage,0.2421052631578947,female,0.2285714285714285,0.05590062088711872,two-strong
5,3232,marriage,0.2421052631578947,female,0.2285714285714285,0.05590062088711872,two-strong
5,3233,marriage,0.2421052631578947,female,0.2285714285714285,0.05590062088711872,two-strong
5,3234,marriage,0.2421052631578947,female,0.2285714285714285,0.05590062088711872,two-strong
5,3235,marriage,0.2421052631578947,female,0.2285714285714285,0.05590062088711872,two-strong
5,3236,marriage,0.2421052631578947,female,0.2285714285714285,0.05590062088711872,two-strong
5,3237,marriage,0.2421052631578947,female,0.2285714285714285,0.05590062088711872,two-strong
5,3238,marriage,0.2421052631578947,female,0.2285714285714285,0.05590062088711872,two-strong
5,3239,marriage,0.2421052631578947,female,0.2285714285714285,0.05590062088711872,two-strong
5,3240,marriage,0.2421052631578947,female,0.2285714285714285,0.05590062088711872,two-strong
5,3241,marriage,0.2421052631578947,female,0.2285714285714285,0.05590062088711872,two-strong
5,3242,female,0.2561246238097046,marriage,0.2329538409713633,0.09046682979255395,two-strong
5,3243,marriage,0.2421052631578947,female,0.2285714285714285,0.05590062088711872,two-strong
5,3244,marriage,0.2421052631578947,female,0.2285714285714285,0.05590062088711872,two-strong
5,3245,marriage,0.2421052631578947,female,0.2285714285714285,0.05590062088711872,two-strong
5,3246,duty,0.1408705770948531,,,0.9999999929012856,dominant
5,3247,marriage,0.2421052631578947,female,0.2285714285714285,0.05590062088711872,two-strong
5,3248,marriage,0.2421052631578947,female,0.2285714285714285,0.05590062088711872,two-strong
5,3249,marriage,0.2421052631578947,female,0.2285714285714285,0.05590062088711872,two-strong
5,3250,marriage,0.2421052631578947,female,0.2285714285714285,0.05590062088711872,two-strong
5,3251,marriage,0.2421052631578947,female,0.2285714285714285,0.05590062088711872,two-strong
5,3252,marriage,0.2421052631578947,female,0.2285714285714285,0.05590062088711872,two-strong
5,3253,marriage,0.2421052631578947,female,0.2285714285714285,0.05590062088711872,two-strong
5,3254,marriage,0.2421052631578947,female,0.2285714285714285,0.05590062088711872,two-strong
5,3255,wealth,0.1977463659147869,,,0.9999999949430171,dominant
5,3256,marriage,0.2421052631578947,female,0.2285714285714285,0.05590062088711872,two-strong
5,3257,marriage,0.2421052631578947,female,0.2285714285714285,0.05590062088711872,two-strong
5,3258,marriage,0.2421052631578947,female,0.2285714285714285,0.05590062088711872,two-strong
5,3259,marriage,0.2421052631578947,female,0.2285714285714285,0.05590062088711872,two-strong
5,3260,marriage,0.2421052631578947,female,0.2285714285714285,0.05590062088711872,two-strong
5,3261,marriage,0.2421052631578947,female,0.2285714285714285,0.05590062088711872,two-strong
5,3262,marriage,0.2421052631578947,female,0.2285714285714285,0.05590062088711872,two-strong
5,3263,marriage,0.2421052631578947,female,0.2285714285714285,0.05590062088711872,two-strong
5,3264,marriage,0.2421052631578947,female,0.2285714285714285,0.05590062088711872,two-strong
5,3265,marriage,0.2468126838836221,female,0.2285714285714285,0.07390728446876531,two-strong
5,3266,marriage,0.2421052631578947,female,0.2285714285714285,0.05590062088711872,two-strong
5,3267,marriage,0.2421052631578947,female,0.2285714285714285,0.05590062088711872,two-strong
5,3268,marriage,0.2421052631578947,female,0.2285714285714285,0.05590062088711872,two-strong
5,3269,marriage,0.2421052631578947,female,0.2285714285714285,0.05590062088711872,two-strong
5,3270,marriage,0.2421052631578947,female,0.2285714285714285,0.05590062088711872,two-strong
5,3271,marriage,0.2421052631578947,female,0.2285714285714285,0.05590062088711872,two-strong
5,3272,marriage,0.2421052631578947,female,0.2285714285714285,0.05590062088711872,two-strong
5,3273,marriage,0.2421052631578947,female,0.2285714285714285,0.05590062088711872,two-strong
5,3274,marriage,0.2421052631578947,female,0.2285714285714285,0.05590062088711872,two-strong
5,3275,marriage,0.2421052631578947,female,0.2285714285714285,0.05590062088711872,two-strong
5,3276,marriage,0.2421052631578947,female,0.2285714285714285,0.05590062088711872,two-strong
5,3277,marriage,0.2421052631578947,female,0.2285714285714285,0.05590062088711872,two-strong
5,3278,marriage,0.2421052631578947,female,0.2285714285714285,0.05590062088711872,two-strong
5,3279,marriage,0.2421052631578947,female,0.2285714285714285,0.05590062088711872,two-strong
5,3280,marriage,0.2421052631578947,female,0.2285714285714285,0.05590062088711872,two-strong
5,3281,marriage,0.2421052631578947,female,0.2285714285714285,0.05590062088711872,two-strong
5,3282,marriage,0.2421052631578947,female,0.2285714285714285,0.05590062088711872,two-strong
5,3283,marriage,0.2421052631578947,female,0.2285714285714285,0.05590062088711872,two-strong
5,3284,marriage,0.2421052631578947,female,0.2285714285714285,0.05590062088711872,two-strong
5,3285,marriage,0.2421052631578947,female,0.2285714285714285,0.05590062088711872,two-strong
5,3286,marriage,0.2421052631578947,female,0.2285714285714285,0.05590062088711872,two-strong
5,3287,marriage,0.2421052631578947,female,0.2285714285714285,0.05590062088711872,two-strong
5,3288,marriage,0.2421052631578947,female,0.2285714285714285,0.05590062088711872,two-strong
5,3289,marriage,0.2421052631578947,female,0.2285714285714285,0.05590062088711872,two-strong
5,3290,marriage,0.2421052631578947,female,0.2285714285714285,0.05590062088711872,two-strong
5,3291,marriage,0.2421052631578947,female,0.2285714285714285,0.05590062088711872,two-strong
5,3292,marriage,0.2421052631578947,female,0.2285714285714285,0.05590062088711872,two-strong
5,3293,marriage,0.2421052631578947,female,0.2285714285714285,0.05590062088711872,two-strong
5,3294,marriage,0.2421052631578947,female,0.2285714285714285,0.05590062088711872,two-strong
5,3295,marriage,0.2421052631578947,female,0.2285714285714285,0.05590062088711872,two-strong
5,3296,female,0.2325425120675489,marriage,0.2297929943658232,0.011823720598250374,two-strong
5,3297,marriage,0.2421052631578947,female,0.2285714285714285,0.05590062088711872,two-strong
5,3298,marriage,0.2421052631578947,female,0.2285714285714285,0.05590062088711872,two-strong
5,3299,marriage,0.2421052631578947,female,0.2285714285714285,0.05590062088711872,two-strong
5,3300,marriage,0.2421052631578947,female,0.2285714285714285,0.05590062088711872,two-strong
5,3301,marriage,0.2421052631578947,female,0.2285714285714285,0.05590062088711872,two-strong
5,3302,marriage,0.2421052631578947,female,0.2285714285714285,0.05590062088711872,two-strong
5,3303,marriage,0.2421052631578947,female,0.2285714285714285,0.05590062088711872,two-strong
5,3304,marriage,0.2421052631578947,female,0.2285714285714285,0.05590062088711872,two-strong
5,3305,marriage,0.2421052631578947,female,0.2285714285714285,0.05590062088711872,two-strong
5,3306,marriage,0.2421052631578947,female,0.2285714285714285,0.05590062088711872,two-strong
5,3307,marriage,0.2421052631578947,female,0.2285714285714285,0.05590062088711872,two-strong
5,3308,society,0.2097840019897071,wealth,0.1964980177717019,0.0633317318225502,two-strong
5,3309,marriage,0.2421052631578947,female,0.2285714285714285,0.05590062088711872,two-strong
5,3310,marriage,0.2421052631578947,female,0.2285714285714285,0.05590062088711872,two-strong
5,3311,marriage,0.2421052631578947,female,0.2285714285714285,0.05590062088711872,two-strong
5,3312,marriage,0.2421052631578947,female,0.2285714285714285,0.05590062088711872,two-strong
5,3313,marriage,0.2468126838836221,female,0.2285714285714285,0.07390728446876531,two-strong
5,3314,marriage,0.2421052631578947,female,0.2285714285714285,0.05590062088711872,two-strong
5,3315,marriage,0.2421052631578947,female,0.2285714285714285,0.05590062088711872,two-strong
5,3316,marriage,0.2421052631578947,female,0.2285714285714285,0.05590062088711872,two-strong
5,3317,marriage,0.2421052631578947,female,0.2285714285714285,0.05590062088711872,two-strong
5,3318,marriage,0.2421052631578947,female,0.2285714285714285,0.05590062088711872,two-strong
5,3319,marriage,0.2421052631578947,female,0.2285714285714285,0.05590062088711872,two-strong
5,3320,marriage,0.2421052631578947,female,0.2285714285714285,0.05590062088711872,two-strong
5,3321,marriage,0.2421052631578947,female,0.2285714285714285,0.05590062088711872,two-strong
5,3322,marriage,0.2421052631578947,female,0.2285714285714285,0.05590062088711872,two-strong
5,3323,marriage,0.2421052631578947,female,0.2285714285714285,0.05590062088711872,two-strong
5,3324,marriage,0.2421052631578947,female,0.2285714285714285,0.05590062088711872,two-strong
5,3325,marriage,0.2421052631578947,female,0.2285714285714285,0.05590062088711872,two-strong
5,3326,marriage,0.2421052631578947,female,0.2285714285714285,0.05590062088711872,two-strong
5,3327,female,0.2742481203007518,love,0.1469766369947858,0.4640742211918193,leaning
5,3328,marriage,0.2421052631578947,female,0.2285714285714285,0.05590062088711872,two-strong
5,3329,marriage,0.2515201046093495,female,0.2336466165413533,0.07106186610686518,two-strong
5,3330,marriage,0.2421052631578947,female,0.2285714285714285,0.05590062088711872,two-strong
5,3331,marriage,0.2421052631578947,female,0.2285714285714285,0.05590062088711872,two-strong
5,3332,marriage,0.2421052631578947,female,0.2285714285714285,0.05590062088711872,two-strong
5,3333,marriage,0.2421052631578947,female,0.2285714285714285,0.05590062088711872,two-strong
5,3334,marriage,0.2421052631578947,female,0.2285714285714285,0.05590062088711872,two-strong
5,3335,marriage,0.2421052631578947,female,0.2285714285714285,0.05590062088711872,two-strong
5,3336,marriage,0.2421052631578947,female,0.2285714285714285,0.05590062088711872,two-strong
5,3337,marriage,0.2421052631578947,female,0.2285714285714285,0.05590062088711872,two-strong
5,3338,marriage,0.2421052631578947,female,0.2285714285714285,0.05590062088711872,two-strong
5,3339,marriage,0.2421052631578947,female,0.2285714285714285,0.05590062088711872,two-strong
5,3340,marriage,0.2421052631578947,female,0.2285714285714285,0.05590062088711872,two-strong
5,3341,marriage,0.2421052631578947,female,0.2285714285714285,0.05590062088711872,two-strong
5,3342,female,0.2462928153717627,,,0.9999999959397923,dominant
5,3343,marriage,0.2421052631578947,female,0.2285714285714285,0.05590062088711872,two-strong
5,3344,marriage,0.2421052631578947,female,0.2285714285714285,0.05590062088711872,two-strong
5,3345,marriage,0.2421052631578947,female,0.2285714285714285,0.05590062088711872,two-strong
5,3346,marriage,0.2421052631578947,female,0.2285714285714285,0.05590062088711872,two-strong
5,3347,marriage,0.2421052631578947,female,0.2285714285714285,0.05590062088711872,two-strong
5,3348,marriage,0.2421052631578947,female,0.2285714285714285,0.05590062088711872,two-strong
5,3349,marriage,0.2301568762182623,wealth,0.2174972737998871,0.05500423264072125,two-strong
5,3350,marriage,0.2421052631578947,female,0.2285714285714285,0.05590062088711872,two-strong
5,3351,marriage,0.2421052631578947,female,0.2285714285714285,0.05590062088711872,two-strong
5,3352,marriage,0.2421052631578947,female,0.2285714285714285,0.05590062088711872,two-strong
5,3353,marriage,0.2421052631578947,female,0.2285714285714285,0.05590062088711872,two-strong
5,3354,marriage,0.2421052631578947,female,0.2285714285714285,0.05590062088711872,two-strong
5,3355,marriage,0.2421052631578947,female,0.2285714285714285,0.05590062088711872,two-strong
5,3356,marriage,0.2421052631578947,female,0.2285714285714285,0.05590062088711872,two-strong
5,3357,marriage,0.2421052631578947,female,0.2285714285714285,0.05590062088711872,two-strong
5,3358,marriage,0.2421052631578947,female,0.2285714285714285,0.05590062088711872,two-strong
5,3359,marriage,0.2421052631578947,female,0.2285714285714285,0.05590062088711872,two-strong
5,3360,marriage,0.2468126838836221,female,0.2285714285714285,0.07390728446876531,two-strong
5,3361,marriage,0.2421052631578947,female,0.2285714285714285,0.05590062088711872,two-strong
5,3362,marriage,0.2421052631578947,female,0.2285714285714285,0.05590062088711872,two-strong
5,3363,marriage,0.2421052631578947,female,0.2285714285714285,0.05590062088711872,two-strong
5,3364,marriage,0.2421052631578947,female,0.2285714285714285,0.05590062088711872,two-strong
5,3365,marriage,0.2421052631578947,female,0.2285714285714285,0.05590062088711872,two-strong
5,3366,female,0.2737306659591252,family,0.224035243475303,0.18154861139925904,two-strong
5,3367,marriage,0.2421052631578947,female,0.2285714285714285,0.05590062088711872,two-strong
5,3368,marriage,0.2421052631578947,female,0.2285714285714285,0.05590062088711872,two-strong
5,3369,marriage,0.2421052631578947,female,0.2285714285714285,0.05590062088711872,two-strong
5,3370,marriage,0.2421052631578947,female,0.2285714285714285,0.05590062088711872,two-strong
5,3371,marriage,0.2421052631578947,female,0.2285714285714285,0.05590062088711872,two-strong
5,3372,marriage,0.2421052631578947,female,0.2285714285714285,0.05590062088711872,two-strong
5,3373,marriage,0.2421052631578947,female,0.2285714285714285,0.05590062088711872,two-strong
5,3374,marriage,0.2421052631578947,female,0.2285714285714285,0.05590062088711872,two-strong
5,3375,marriage,0.2421052631578947,female,0.2285714285714285,0.05590062088711872,two-strong
5,3376,marriage,0.2421052631578947,female,0.2285714285714285,0.05590062088711872,two-strong
5,3377,marriage,0.2426718971341397,female,0.2365288220551378,0.025314324098648745,two-strong
5,3378,marriage,0.2421052631578947,female,0.2285714285714285,0.05590062088711872,two-strong
5,3379,marriage,0.2421052631578947,female,0.2285714285714285,0.05590062088711872,two-strong
5,3380,marriage,0.2421052631578947,female,0.2285714285714285,0.05590062088711872,two-strong
5,3381,marriage,0.2421052631578947,female,0.2285714285714285,0.05590062088711872,two-strong
5,3382,marriage,0.2421052631578947,female,0.2285714285714285,0.05590062088711872,two-strong
5,3383,marriage,0.2421052631578947,female,0.2285714285714285,0.05590062088711872,two-strong
5,3384,marriage,0.2421052631578947,female,0.2285714285714285,0.05590062088711872,two-strong
5,3385,marriage,0.2421052631578947,female,0.2285714285714285,0.05590062088711872,two-strong
5,3386,marriage,0.2421052631578947,female,0.2285714285714285,0.05590062088711872,two-strong
5,3387,marriage,0.2421542987904544,female,0.2292606516290727,0.053245584210311656,two-strong
5,3388,marriage,0.2421052631578947,female,0.2285714285714285,0.05590062088711872,two-strong
5,3389,marriage,0.2421052631578947,female,0.2285714285714285,0.05590062088711872,two-strong
5,3390,marriage,0.2421052631578947,female,0.2285714285714285,0.05590062088711872,two-strong
5,3391,marriage,0.2421052631578947,female,0.2285714285714285,0.05590062088711872,two-strong
5,3392,marriage,0.2421052631578947,female,0.2285714285714285,0.05590062088711872,two-strong
5,3393,marriage,0.2421052631578947,female,0.2285714285714285,0.05590062088711872,two-strong
5,3394,marriage,0.2421052631578947,female,0.2285714285714285,0.05590062088711872,two-strong
5,3395,marriage,0.2421052631578947,female,0.2285714285714285,0.05590062088711872,two-strong
5,3396,marriage,0.2421052631578947,female,0.2285714285714285,0.05590062088711872,two-strong
5,3397,marriage,0.2421052631578947,female,0.2285714285714285,0.05590062088711872,two-strong
5,3398,marriage,0.2421052631578947,female,0.2285714285714285,0.05590062088711872,two-strong
5,3399,marriage,0.2421052631578947,female,0.2285714285714285,0.05590062088711872,two-strong
5,3400,marriage,0.2421052631578947,female,0.2285714285714285,0.05590062088711872,two-strong
5,3401,marriage,0.2421052631578947,female,0.2285714285714285,0.05590062088711872,two-strong
5,3402,marriage,0.2421052631578947,female,0.2285714285714285,0.05590062088711872,two-strong
5,3403,marriage,0.2421052631578947,female,0.2285714285714285,0.05590062088711872,two-strong
5,3404,marriage,0.2421052631578947,female,0.2285714285714285,0.05590062088711872,two-strong
5,3405,marriage,0.2421052631578947,female,0.2285714285714285,0.05590062088711872,two-strong
5,3406,marriage,0.2421052631578947,female,0.2285714285714285,0.05590062088711872,two-strong
5,3407,marriage,0.2421052631578947,female,0.2285714285714285,0.05590062088711872,two-strong
5,3408,marriage,0.2421052631578947,female,0.2285714285714285,0.05590062088711872,two-strong
5,3409,marriage,0.2421052631578947,female,0.2285714285714285,0.05590062088711872,two-strong
5,3410,marriage,0.2421052631578947,female,0.2285714285714285,0.05590062088711872,two-strong
5,3411,marriage,0.2421052631578947,female,0.2285714285714285,0.05590062088711872,two-strong
5,3412,marriage,0.2421052631578947,female,0.2285714285714285,0.05590062088711872,two-strong
5,3413,marriage,0.2421052631578947,female,0.2285714285714285,0.05590062088711872,two-strong
5,3414,marriage,0.2421052631578947,female,0.2285714285714285,0.05590062088711872,two-strong
5,3415,marriage,0.2421052631578947,female,0.2285714285714285,0.05590062088711872,two-strong
5,3416,marriage,0.2421052631578947,female,0.2285714285714285,0.05590062088711872,two-strong
5,3417,marriage,0.2421052631578947,female,0.2285714285714285,0.05590062088711872,two-strong
5,3418,marriage,0.2421052631578947,female,0.2285714285714285,0.05590062088711872,two-strong
5,3419,marriage,0.2421052631578947,female,0.2285714285714285,0.05590062088711872,two-strong
5,3420,marriage,0.2421052631578947,female,0.2285714285714285,0.05590062088711872,two-strong
5,3421,marriage,0.2421052631578947,female,0.2285714285714285,0.05590062088711872,two-strong
5,3422,marriage,0.2421052631578947,female,0.2285714285714285,0.05590062088711872,two-strong
5,3423,marriage,0.2421052631578947,female,0.2285714285714285,0.05590062088711872,two-strong
5,3424,wealth,0.254469181906172,marriage,0.2467858841060868,0.030193431331597485,two-strong
5,3425,marriage,0.2421052631578947,female,0.2285714285714285,0.05590062088711872,two-strong
5,3426,marriage,0.2421052631578947,female,0.2285714285714285,0.05590062088711872,two-strong
5,3427,marriage,0.2421052631578947,female,0.2285714285714285,0.05590062088711872,two-strong
5,3428,marriage,0.2421052631578947,female,0.2285714285714285,0.05590062088711872,two-strong
5,3429,marriage,0.2421052631578947,female,0.2285714285714285,0.05590062088711872,two-strong
5,3430,marriage,0.2421052631578947,female,0.2285714285714285,0.05590062088711872,two-strong
5,3431,marriage,0.2421052631578947,female,0.2285714285714285,0.05590062088711872,two-strong
5,3432,marriage,0.2421052631578947,female,0.2285714285714285,0.05590062088711872,two-strong
5,3433,marriage,0.2421052631578947,female,0.2285714285714285,0.05590062088711872,two-strong
5,3434,female,0.3794683123497167,marriage,0.2515554209420669,0.3370845124814564,leaning
5,3435,marriage,0.2421052631578947,female,0.2285714285714285,0.05590062088711872,two-strong
5,3436,marriage,0.2421052631578947,female,0.2285714285714285,0.05590062088711872,two-strong
5,3437,marriage,0.2421052631578947,female,0.2285714285714285,0.05590062088711872,two-strong
5,3438,marriage,0.2421052631578947,female,0.2285714285714285,0.05590062088711872,two-strong
5,3439,marriage,0.2421052631578947,female,0.2285714285714285,0.05590062088711872,two-strong
5,3440,marriage,0.2421052631578947,female,0.2285714285714285,0.05590062088711872,two-strong
5,3441,marriage,0.2421052631578947,female,0.2285714285714285,0.05590062088711872,two-strong
5,3442,marriage,0.2421052631578947,female,0.2285714285714285,0.05590062088711872,two-strong
5,3443,marriage,0.2421052631578947,female,0.2285714285714285,0.05590062088711872,two-strong
5,3444,marriage,0.2421052631578947,female,0.2285714285714285,0.05590062088711872,two-strong
5,3445,marriage,0.2421052631578947,female,0.2285714285714285,0.05590062088711872,two-strong
5,3446,marriage,0.2421052631578947,female,0.2285714285714285,0.05590062088711872,two-strong
5,3447,marriage,0.2421052631578947,female,0.2285714285714285,0.05590062088711872,two-strong
5,3448,marriage,0.2421052631578947,female,0.2285714285714285,0.05590062088711872,two-strong
5,3449,marriage,0.2421052631578947,female,0.2285714285714285,0.05590062088711872,two-strong
5,3450,marriage,0.2598259674933672,female,0.2253917569046963,0.1325279793561126,two-strong
5,3451,marriage,0.2421052631578947,female,0.2285714285714285,0.05590062088711872,two-strong
5,3452,marriage,0.2421052631578947,female,0.2285714285714285,0.05590062088711872,two-strong
5,3453,marriage,0.2479210448481452,female,0.2287124060150376,0.07747885528392433,two-strong
5,3454,marriage,0.2421052631578947,female,0.2285714285714285,0.05590062088711872,two-strong
5,3455,marriage,0.2421052631578947,female,0.2285714285714285,0.05590062088711872,two-strong
5,3456,marriage,0.2421052631578947,female,0.2285714285714285,0.05590062088711872,two-strong
5,3457,marriage,0.2421052631578947,female,0.2285714285714285,0.05590062088711872,two-strong
5,3458,marriage,0.2421052631578947,female,0.2285714285714285,0.05590062088711872,two-strong
5,3459,marriage,0.2421052631578947,female,0.2285714285714285,0.05590062088711872,two-strong
5,3460,male,0.2618500497856166,emotion,0.2432877338071972,0.0708891058937271,two-strong
5,3461,marriage,0.2421052631578947,female,0.2285714285714285,0.05590062088711872,two-strong
5,3462,marriage,0.2421052631578947,female,0.2285714285714285,0.05590062088711872,two-strong
5,3463,marriage,0.2421052631578947,female,0.2285714285714285,0.05590062088711872,two-strong
5,3464,marriage,0.2421052631578947,female,0.2285714285714285,0.05590062088711872,two-strong
5,3465,marriage,0.2421052631578947,female,0.2285714285714285,0.05590062088711872,two-strong
5,3466,marriage,0.2421052631578947,female,0.2285714285714285,0.05590062088711872,two-strong
5,3467,marriage,0.2421052631578947,female,0.2285714285714285,0.05590062088711872,two-strong
5,3468,marriage,0.2421052631578947,female,0.2285714285714285,0.05590062088711872,two-strong
5,3469,marriage,0.2421052631578947,female,0.2285714285714285,0.05590062088711872,two-strong
5,3470,female,0.2439523912015013,family,0.2361353680773373,0.03204323209795486,two-strong
5,3471,marriage,0.2421052631578947,female,0.2285714285714285,0.05590062088711872,two-strong
5,3472,marriage,0.2421052631578947,female,0.2285714285714285,0.05590062088711872,two-strong
5,3473,marriage,0.2421052631578947,female,0.2285714285714285,0.05590062088711872,two-strong
5,3474,marriage,0.2421052631578947,female,0.2285714285714285,0.05590062088711872,two-strong
5,3475,marriage,0.2421052631578947,female,0.2285714285714285,0.05590062088711872,two-strong
5,3476,marriage,0.2421052631578947,female,0.2285714285714285,0.05590062088711872,two-strong
5,3477,marriage,0.2421052631578947,female,0.2285714285714285,0.05590062088711872,two-strong
5,3478,marriage,0.2535319932008585,female,0.2275737420474262,0.10238649064885716,two-strong
5,3479,marriage,0.2421052631578947,female,0.2285714285714285,0.05590062088711872,two-strong
5,3480,marriage,0.2682452380565481,society,0.2077163725040855,0.22564749244143212,leaning
5,3481,marriage,0.2421052631578947,female,0.2285714285714285,0.05590062088711872,two-strong
5,3482,marriage,0.2421052631578947,female,0.2285714285714285,0.05590062088711872,two-strong
5,3483,marriage,0.2421052631578947,female,0.2285714285714285,0.05590062088711872,two-strong
5,3484,marriage,0.2421052631578947,female,0.2285714285714285,0.05590062088711872,two-strong
5,3485,marriage,0.2421052631578947,female,0.2285714285714285,0.05590062088711872,two-strong
5,3486,marriage,0.2372565611363703,female,0.2328819439097957,0.018438340281016867,two-strong
5,3487,marriage,0.2421052631578947,female,0.2285714285714285,0.05590062088711872,two-strong
5,3488,marriage,0.2421052631578947,female,0.2285714285714285,0.05590062088711872,two-strong
5,3489,marriage,0.2421052631578947,female,0.2285714285714285,0.05590062088711872,two-strong
5,3490,marriage,0.2421052631578947,female,0.2285714285714285,0.05590062088711872,two-strong
5,3491,marriage,0.2421052631578947,female,0.2285714285714285,0.05590062088711872,two-strong
5,3492,marriage,0.2421052631578947,female,0.2285714285714285,0.05590062088711872,two-strong
5,3493,marriage,0.2414888152057161,female,0.2285714285714285,0.053490620548173606,two-strong
5,3494,marriage,0.2421052631578947,female,0.2285714285714285,0.05590062088711872,two-strong
5,3495,marriage,0.2421052631578947,female,0.2285714285714285,0.05590062088711872,two-strong
5,3496,marriage,0.2433860571160342,female,0.2285714285714285,0.06086884622430929,two-strong
5,3497,female,0.2747821631876891,marriage,0.2495274241837251,0.09190821783728964,two-strong
5,3498,marriage,0.2421052631578947,female,0.2285714285714285,0.05590062088711872,two-strong
5,3499,marriage,0.2421052631578947,female,0.2285714285714285,0.05590062088711872,two-strong
5,3500,marriage,0.2421052631578947,female,0.2285714285714285,0.05590062088711872,two-strong
5,3501,female,0.2233054678043038,marriage,0.2130896574623121,0.04574814220490248,two-strong
5,3502,marriage,0.2421052631578947,female,0.2285714285714285,0.05590062088711872,two-strong
5,3503,marriage,0.2421052631578947,female,0.2285714285714285,0.05590062088711872,two-strong
5,3504,marriage,0.2421052631578947,female,0.2285714285714285,0.05590062088711872,two-strong
5,3505,marriage,0.2421052631578947,female,0.2285714285714285,0.05590062088711872,two-strong
5,3506,marriage,0.2421052631578947,female,0.2285714285714285,0.05590062088711872,two-strong
5,3507,marriage,0.2421052631578947,female,0.2285714285714285,0.05590062088711872,two-strong
5,3508,marriage,0.2421052631578947,female,0.2285714285714285,0.05590062088711872,two-strong
5,3509,marriage,0.2421052631578947,female,0.2285714285714285,0.05590062088711872,two-strong
5,3510,marriage,0.2421052631578947,female,0.2285714285714285,0.05590062088711872,two-strong
5,3511,marriage,0.2421052631578947,female,0.2285714285714285,0.05590062088711872,two-strong
5,3512,marriage,0.2421052631578947,female,0.2285714285714285,0.05590062088711872,two-strong
5,3513,marriage,0.2421052631578947,female,0.2285714285714285,0.05590062088711872,two-strong
5,3514,marriage,0.2421052631578947,female,0.2285714285714285,0.05590062088711872,two-strong
5,3515,marriage,0.2421052631578947,female,0.2285714285714285,0.05590062088711872,two-strong
5,3516,marriage,0.2421052631578947,female,0.2285714285714285,0.05590062088711872,two-strong
5,3517,marriage,0.2421052631578947,female,0.2285714285714285,0.05590062088711872,two-strong
5,3518,marriage,0.2421052631578947,female,0.2285714285714285,0.05590062088711872,two-strong
5,3519,marriage,0.2421052631578947,female,0.2285714285714285,0.05590062088711872,two-strong
5,3520,marriage,0.2421052631578947,female,0.2285714285714285,0.05590062088711872,two-strong
5,3521,marriage,0.2421052631578947,female,0.2285714285714285,0.05590062088711872,two-strong
5,3522,marriage,0.2421052631578947,female,0.2285714285714285,0.05590062088711872,two-strong
5,3523,marriage,0.2421052631578947,female,0.2285714285714285,0.05590062088711872,two-strong
5,3524,marriage,0.2421052631578947,female,0.2285714285714285,0.05590062088711872,two-strong
5,3525,marriage,0.2421052631578947,female,0.2285714285714285,0.05590062088711872,two-strong
5,3526,marriage,0.2421052631578947,female,0.2285714285714285,0.05590062088711872,two-strong
5,3527,marriage,0.2421052631578947,female,0.2285714285714285,0.05590062088711872,two-strong
5,3528,marriage,0.2421052631578947,female,0.2285714285714285,0.05590062088711872,two-strong
5,3529,marriage,0.2421052631578947,female,0.2285714285714285,0.05590062088711872,two-strong
5,3530,marriage,0.2421052631578947,female,0.2285714285714285,0.05590062088711872,two-strong
5,3531,marriage,0.2421052631578947,female,0.2285714285714285,0.05590062088711872,two-strong
5,3532,marriage,0.2421052631578947,female,0.2285714285714285,0.05590062088711872,two-strong
5,3533,marriage,0.2421052631578947,female,0.2285714285714285,0.05590062088711872,two-strong
5,3534,marriage,0.2421052631578947,female,0.2285714285714285,0.05590062088711872,two-strong
5,3535,marriage,0.2421052631578947,female,0.2285714285714285,0.05590062088711872,two-strong
5,3536,marriage,0.2421052631578947,female,0.2285714285714285,0.05590062088711872,two-strong
5,3537,marriage,0.2421052631578947,female,0.2285714285714285,0.05590062088711872,two-strong
5,3538,society,0.281188028279244,,,0.9999999964436608,dominant
5,3539,marriage,0.2463280846731441,wealth,0.1832696325309812,0.2559937571464586,leaning
5,3540,marriage,0.2421052631578947,female,0.2285714285714285,0.05590062088711872,two-strong
5,3541,marriage,0.2415765280434041,female,0.2267263553620894,0.06147191840249746,two-strong
5,3542,marriage,0.2421052631578947,female,0.2303571428571428,0.048524844520068375,two-strong
5,3543,marriage,0.2421052631578947,female,0.2285714285714285,0.05590062088711872,two-strong
5,3544,marriage,0.2421052631578947,female,0.2285714285714285,0.05590062088711872,two-strong
5,3545,marriage,0.2421052631578947,female,0.2285714285714285,0.05590062088711872,two-strong
5,3546,marriage,0.2421052631578947,female,0.2285714285714285,0.05590062088711872,two-strong
5,3547,marriage,0.2421052631578947,female,0.2285714285714285,0.05590062088711872,two-strong
5,3548,marriage,0.2421052631578947,female,0.2285714285714285,0.05590062088711872,two-strong
5,3549,marriage,0.2421052631578947,female,0.2285714285714285,0.05590062088711872,two-strong
5,3550,marriage,0.2421052631578947,female,0.2285714285714285,0.05590062088711872,two-strong
5,3551,marriage,0.2421052631578947,female,0.2285714285714285,0.05590062088711872,two-strong
5,3552,marriage,0.2421052631578947,female,0.2285714285714285,0.05590062088711872,two-strong
5,3553,marriage,0.2421052631578947,female,0.2285714285714285,0.05590062088711872,two-strong
5,3554,marriage,0.2421052631578947,female,0.2285714285714285,0.05590062088711872,two-strong
5,3555,marriage,0.2421052631578947,female,0.2285714285714285,0.05590062088711872,two-strong
5,3556,marriage,0.2421052631578947,female,0.2285714285714285,0.05590062088711872,two-strong
5,3557,marriage,0.2421052631578947,female,0.2285714285714285,0.05590062088711872,two-strong
5,3558,marriage,0.2421052631578947,female,0.2285714285714285,0.05590062088711872,two-strong
5,3559,marriage,0.2421052631578947,female,0.2285714285714285,0.05590062088711872,two-strong
5,3560,marriage,0.2421052631578947,female,0.2285714285714285,0.05590062088711872,two-strong
5,3561,marriage,0.2421052631578947,female,0.2285714285714285,0.05590062088711872,two-strong
5,3562,marriage,0.2421052631578947,female,0.2285714285714285,0.05590062088711872,two-strong
5,3563,marriage,0.2421052631578947,female,0.2285714285714285,0.05590062088711872,two-strong
5,3564,marriage,0.2421052631578947,female,0.2285714285714285,0.05590062088711872,two-strong
5,3565,marriage,0.2421052631578947,female,0.2285714285714285,0.05590062088711872,two-strong
5,3566,marriage,0.2421052631578947,female,0.2285714285714285,0.05590062088711872,two-strong
5,3567,family,0.2615228251402627,marriage,0.2537791142045207,0.029610076680606105,two-strong
5,3568,marriage,0.2421052631578947,female,0.2285714285714285,0.05590062088711872,two-strong
5,3569,marriage,0.2421052631578947,female,0.2285714285714285,0.05590062088711872,two-strong
5,3570,marriage,0.2421052631578947,female,0.2285714285714285,0.05590062088711872,two-strong
5,3571,marriage,0.2421052631578947,female,0.2285714285714285,0.05590062088711872,two-strong
5,3572,marriage,0.2421052631578947,female,0.2285714285714285,0.05590062088711872,two-strong
5,3573,marriage,0.2421052631578947,female,0.2285714285714285,0.05590062088711872,two-strong
5,3574,marriage,0.2421052631578947,female,0.2285714285714285,0.05590062088711872,two-strong
5,3575,marriage,0.2421052631578947,female,0.2285714285714285,0.05590062088711872,two-strong
5,3576,marriage,0.2421052631578947,female,0.2285714285714285,0.05590062088711872,two-strong
5,3577,marriage,0.2421052631578947,female,0.2285714285714285,0.05590062088711872,two-strong
5,3578,wealth,0.1995458133816647,,,0.9999999949886195,dominant
5,3579,marriage,0.2421052631578947,female,0.2285714285714285,0.05590062088711872,two-strong
5,3580,marriage,0.2421052631578947,female,0.2285714285714285,0.05590062088711872,two-strong
5,3581,marriage,0.2421052631578947,female,0.2285714285714285,0.05590062088711872,two-strong
5,3582,family,0.2668705320913705,female,0.2489055608134555,0.0673171783703981,two-strong
5,3583,marriage,0.2421052631578947,female,0.2285714285714285,0.05590062088711872,two-strong
