layer,neuron,primary_concept,primary_AP,secondary_concept,secondary_AP,polarity_score,polarity_flag
1,0,marriage,0.2421052631578947,female,0.2285714285714285,0.05590062088711872,two-strong
1,1,marriage,0.2421052631578947,female,0.2285714285714285,0.05590062088711872,two-strong
1,2,marriage,0.2421052631578947,female,0.2285714285714285,0.05590062088711872,two-strong
1,3,marriage,0.2421052631578947,female,0.2285714285714285,0.05590062088711872,two-strong
1,4,marriage,0.2421052631578947,female,0.2285714285714285,0.05590062088711872,two-strong
1,5,marriage,0.2421052631578947,female,0.2285714285714285,0.05590062088711872,two-strong
1,6,marriage,0.2421052631578947,female,0.2336466165413533,0.034937888054449355,two-strong
1,7,marriage,0.2421052631578947,female,0.2285714285714285,0.05590062088711872,two-strong
1,8,marriage,0.2421052631578947,female,0.2285714285714285,0.05590062088711872,two-strong
1,9,marriage,0.2421052631578947,female,0.2285714285714285,0.05590062088711872,two-strong
1,10,marriage,0.2421052631578947,female,0.2285714285714285,0.05590062088711872,two-strong
1,11,marriage,0.2421052631578947,female,0.2285714285714285,0.05590062088711872,two-strong
1,12,marriage,0.2421052631578947,female,0.2285714285714285,0.05590062088711872,two-strong
1,13,marriage,0.2421052631578947,female,0.2285714285714285,0.05590062088711872,two-strong
1,14,marriage,0.2421052631578947,female,0.2285714285714285,0.05590062088711872,two-strong
1,15,marriage,0.2421052631578947,female,0.2285714285714285,0.05590062088711872,two-strong
1,16,marriage,0.2421052631578947,female,0.2285714285714285,0.05590062088711872,two-strong
1,17,marriage,0.2421052631578947,female,0.2285714285714285,0.05590062088711872,two-strong
1,18,marriage,0.2421052631578947,female,0.2285714285714285,0.05590062088711872,two-strong
1,19,marriage,0.2421052631578947,female,0.2285714285714285,0.05590062088711872,two-strong
1,20,female,0.2172867204486256,male,0.2157347208681979,0.00714263425800114,two-strong
1,21,marriage,0.2421052631578947,female,0.2285714285714285,0.05590062088711872,two-strong
1,22,marriage,0.2421052631578947,female,0.2285714285714285,0.05590062088711872,two-strong
1,23,marriage,0.2421052631578947,female,0.2285714285714285,0.05590062088711872,two-strong
1,24,marriage,0.2421052631578947,female,0.2285714285714285,0.05590062088711872,two-strong
1,25,marriage,0.2421052631578947,female,0.2285714285714285,0.05590062088711872,two-strong
1,26,marriage,0.2421052631578947,female,0.2285714285714285,0.05590062088711872,two-strong
1,27,marriage,0.2421052631578947,female,0.2285714285714285,0.05590062088711872,two-strong
1,28,marriage,0.2421052631578947,female,0.2285714285714285,0.05590062088711872,two-strong
1,29,marriage,0.2421052631578947,female,0.2285714285714285,0.05590062088711872,two-strong
1,30,marriage,0.2421052631578947,female,0.2285714285714285,0.05590062088711872,two-strong
1,31,marriage,0.2421052631578947,female,0.2404291979949875,0.006922877818196196,two-strong
1,32,marriage,0.2421052631578947,female,0.2285714285714285,0.05590062088711872,two-strong
1,33,family,0.2997963899335063,female,0.2544369734210306,0.1513007423846415,two-strong
1,34,marriage,0.2421052631578947,female,0.2285714285714285,0.05590062088711872,two-strong
1,35,marriage,0.2421052631578947,female,0.2285714285714285,0.05590062088711872,two-strong
1,36,marriage,0.2421052631578947,female,0.2285714285714285,0.05590062088711872,two-strong
1,37,marriage,0.2421052631578947,female,0.2285714285714285,0.05590062088711872,two-strong
1,38,marriage,0.2421052631578947,female,0.2285714285714285,0.05590062088711872,two-strong
1,39,marriage,0.2421052631578947,female,0.2336466165413533,0.034937888054449355,two-strong
1,40,marriage,0.2421052631578947,female,0.2285714285714285,0.05590062088711872,two-strong
1,41,marriage,0.2421052631578947,female,0.2285714285714285,0.05590062088711872,two-strong
1,42,marriage,0.2421052631578947,female,0.2285714285714285,0.05590062088711872,two-strong
1,43,marriage,0.2421052631578947,female,0.2285714285714285,0.05590062088711872,two-strong
1,44,marriage,0.2421052631578947,female,0.2303571428571428,0.048524844520068375,two-strong
1,45,marriage,0.2421052631578947,female,0.2285714285714285,0.05590062088711872,two-strong
1,46,marriage,0.2421052631578947,female,0.2285714285714285,0.05590062088711872,two-strong
1,47,marriage,0.2421052631578947,female,0.2285714285714285,0.05590062088711872,two-strong
1,48,marriage,0.2421052631578947,female,0.2285714285714285,0.05590062088711872,two-strong
1,49,marriage,0.2421052631578947,female,0.2285714285714285,0.05590062088711872,two-strong
1,50,marriage,0.2421052631578947,female,0.2285714285714285,0.05590062088711872,two-strong
1,51,marriage,0.2421052631578947,female,0.2285714285714285,0.05590062088711872,two-strong
1,52,marriage,0.2421052631578947,female,0.2285714285714285,0.05590062088711872,two-strong
1,53,marriage,0.2421052631578947,female,0.2285714285714285,0.05590062088711872,two-strong
1,54,marriage,0.2421052631578947,female,0.2303571428571428,0.048524844520068375,two-strong
1,55,marriage,0.2421052631578947,female,0.2285714285714285,0.05590062088711872,two-strong
1,56,marriage,0.2421052631578947,female,0.2285714285714285,0.05590062088711872,two-strong
1,57,marriage,0.2421052631578947,female,0.2285714285714285,0.05590062088711872,two-strong
1,58,marriage,0.2421052631578947,female,0.2285714285714285,0.05590062088711872,two-strong
1,59,marriage,0.2421052631578947,female,0.2285714285714285,0.05590062088711872,two-strong
1,60,marriage,0.2421052631578947,female,0.2285714285714285,0.05590062088711872,two-strong
1,61,marriage,0.2421052631578947,female,0.2285714285714285,0.05590062088711872,two-strong
1,62,marriage,0.2421052631578947,female,0.2285714285714285,0.05590062088711872,two-strong
1,63,marriage,0.2421052631578947,female,0.2285714285714285,0.05590062088711872,two-strong
1,64,marriage,0.2421052631578947,female,0.2285714285714285,0.05590062088711872,two-strong
1,65,marriage,0.2421052631578947,female,0.2285714285714285,0.05590062088711872,two-strong
1,66,marriage,0.2421052631578947,female,0.2285714285714285,0.05590062088711872,two-strong
1,67,marriage,0.2421052631578947,female,0.2285714285714285,0.05590062088711872,two-strong
1,68,marriage,0.2421052631578947,female,0.2285714285714285,0.05590062088711872,two-strong
1,69,marriage,0.2421052631578947,female,0.2285714285714285,0.05590062088711872,two-strong
1,70,marriage,0.2421052631578947,female,0.2285714285714285,0.05590062088711872,two-strong
1,71,marriage,0.2421052631578947,female,0.2285714285714285,0.05590062088711872,two-strong
1,72,female,0.2336466165413533,,,0.9999999957200322,dominant
1,73,marriage,0.2421052631578947,female,0.2285714285714285,0.05590062088711872,two-strong
1,74,marriage,0.2421052631578947,female,0.2285714285714285,0.05590062088711872,two-strong
1,75,marriage,0.2421052631578947,female,0.2285714285714285,0.05590062088711872,two-strong
1,76,marriage,0.2421052631578947,female,0.2285714285714285,0.05590062088711872,two-strong
1,77,marriage,0.2421052631578947,female,0.2285714285714285,0.05590062088711872,two-strong
1,78,marriage,0.2421052631578947,female,0.2285714285714285,0.05590062088711872,two-strong
1,79,marriage,0.2421052631578947,female,0.2292606516290727,0.05305383000860774,two-strong
1,80,marriage,0.2421052631578947,female,0.2285714285714285,0.05590062088711872,two-strong
1,81,male,0.2060150375939849,love,0.1508080546193068,0.2679754999996879,leaning
1,82,female,0.2284952463276513,male,0.2281601227460715,0.001466654495002487,two-strong
1,83,marriage,0.2421052631578947,female,0.2285714285714285,0.05590062088711872,two-strong
1,84,marriage,0.2421052631578947,female,0.2285714285714285,0.05590062088711872,two-strong
1,85,marriage,0.2421052631578947,female,0.2285714285714285,0.05590062088711872,two-strong
1,86,marriage,0.2421052631578947,female,0.2285714285714285,0.05590062088711872,two-strong
1,87,marriage,0.2421052631578947,female,0.2285714285714285,0.05590062088711872,two-strong
1,88,marriage,0.2421052631578947,female,0.2285714285714285,0.05590062088711872,two-strong
1,89,marriage,0.2421052631578947,female,0.2285714285714285,0.05590062088711872,two-strong
1,90,family,0.1996461742591773,,,0.9999999949911387,dominant
1,91,marriage,0.2421052631578947,female,0.2285714285714285,0.05590062088711872,two-strong
1,92,marriage,0.2421052631578947,female,0.2285714285714285,0.05590062088711872,two-strong
1,93,marriage,0.2421052631578947,female,0.2285714285714285,0.05590062088711872,two-strong
1,94,marriage,0.2421052631578947,female,0.2285714285714285,0.05590062088711872,two-strong
1,95,marriage,0.2421052631578947,female,0.2285714285714285,0.05590062088711872,two-strong
1,96,marriage,0.2421052631578947,female,0.2285714285714285,0.05590062088711872,two-strong
1,97,marriage,0.2421052631578947,female,0.2285714285714285,0.05590062088711872,two-strong
1,98,marriage,0.2421052631578947,female,0.2285714285714285,0.05590062088711872,two-strong
1,99,marriage,0.2421052631578947,female,0.2285714285714285,0.05590062088711872,two-strong
1,100,wealth,0.3209744250320269,emotion,0.3202177690779548,0.002357371468581097,two-strong
1,101,marriage,0.2421052631578947,female,0.2285714285714285,0.05590062088711872,two-strong
1,102,marriage,0.2421052631578947,female,0.2285714285714285,0.05590062088711872,two-strong
1,103,marriage,0.2421052631578947,female,0.2285714285714285,0.05590062088711872,two-strong
1,104,marriage,0.2421052631578947,female,0.2285714285714285,0.05590062088711872,two-strong
1,105,marriage,0.2421052631578947,female,0.2285714285714285,0.05590062088711872,two-strong
1,106,marriage,0.2787436212074539,male,0.2765374794286844,0.00791459105431146,two-strong
1,107,marriage,0.2421052631578947,female,0.2285714285714285,0.05590062088711872,two-strong
1,108,marriage,0.2421052631578947,female,0.2285714285714285,0.05590062088711872,two-strong
1,109,marriage,0.2421052631578947,female,0.2285714285714285,0.05590062088711872,two-strong
1,110,marriage,0.2421052631578947,female,0.2285714285714285,0.05590062088711872,two-strong
1,111,marriage,0.2421052631578947,female,0.2336466165413533,0.034937888054449355,two-strong
1,112,marriage,0.2421052631578947,female,0.2285714285714285,0.05590062088711872,two-strong
1,113,marriage,0.2421052631578947,female,0.2285714285714285,0.05590062088711872,two-strong
1,114,marriage,0.2421052631578947,female,0.2285714285714285,0.05590062088711872,two-strong
1,115,marriage,0.2421052631578947,female,0.2285714285714285,0.05590062088711872,two-strong
1,116,marriage,0.2421052631578947,female,0.2285714285714285,0.05590062088711872,two-strong
1,117,marriage,0.2421052631578947,female,0.2285714285714285,0.05590062088711872,two-strong
1,118,marriage,0.2421052631578947,female,0.2285714285714285,0.05590062088711872,two-strong
1,119,marriage,0.2421052631578947,female,0.2285714285714285,0.05590062088711872,two-strong
1,120,marriage,0.2468126838836221,female,0.2285714285714285,0.07390728446876531,two-strong
1,121,marriage,0.2421052631578947,female,0.2285714285714285,0.05590062088711872,two-strong
1,122,marriage,0.2421052631578947,female,0.2285714285714285,0.05590062088711872,two-strong
1,123,marriage,0.2421052631578947,female,0.2285714285714285,0.05590062088711872,two-strong
1,124,marriage,0.2421052631578947,female,0.2285714285714285,0.05590062088711872,two-strong
1,125,marriage,0.2421052631578947,female,0.2285714285714285,0.05590062088711872,two-strong
1,126,marriage,0.2421052631578947,female,0.2285714285714285,0.05590062088711872,two-strong
1,127,marriage,0.2421052631578947,female,0.2285714285714285,0.05590062088711872,two-strong
1,128,marriage,0.2421052631578947,female,0.2285714285714285,0.05590062088711872,two-strong
1,129,marriage,0.2437070938215103,female,0.2285714285714285,0.06210596889338432,two-strong
1,130,marriage,0.2421052631578947,female,0.2285714285714285,0.05590062088711872,two-strong
1,131,marriage,0.2421052631578947,female,0.2285714285714285,0.05590062088711872,two-strong
1,132,marriage,0.2421052631578947,female,0.2285714285714285,0.05590062088711872,two-strong
1,133,female,0.2336466165413533,emotion,0.1954762940408873,0.16336775127382366,two-strong
1,134,marriage,0.2421052631578947,female,0.2285714285714285,0.05590062088711872,two-strong
1,135,marriage,0.2421052631578947,female,0.2285714285714285,0.05590062088711872,two-strong
1,136,marriage,0.2421052631578947,female,0.2285714285714285,0.05590062088711872,two-strong
1,137,marriage,0.2421052631578947,female,0.2285714285714285,0.05590062088711872,two-strong
1,138,marriage,0.2421052631578947,female,0.2285714285714285,0.05590062088711872,two-strong
1,139,marriage,0.2421052631578947,female,0.2285714285714285,0.05590062088711872,two-strong
1,140,marriage,0.2421052631578947,female,0.2285714285714285,0.05590062088711872,two-strong
1,141,marriage,0.2421052631578947,female,0.2285714285714285,0.05590062088711872,two-strong
1,142,marriage,0.2421052631578947,female,0.2285714285714285,0.05590062088711872,two-strong
1,143,marriage,0.2421052631578947,female,0.2285714285714285,0.05590062088711872,two-strong
1,144,marriage,0.2421052631578947,female,0.2285714285714285,0.05590062088711872,two-strong
1,145,marriage,0.2421052631578947,female,0.2285714285714285,0.05590062088711872,two-strong
1,146,marriage,0.2436056738340093,female,0.2347613035720873,0.03630609290177036,two-strong
1,147,marriage,0.2421052631578947,female,0.2285714285714285,0.05590062088711872,two-strong
1,148,marriage,0.2421052631578947,female,0.2285714285714285,0.05590062088711872,two-strong
1,149,marriage,0.2421052631578947,female,0.2285714285714285,0.05590062088711872,two-strong
1,150,marriage,0.2468126838836221,female,0.2285714285714285,0.07390728446876531,two-strong
1,151,marriage,0.2421052631578947,female,0.2336466165413533,0.034937888054449355,two-strong
1,152,marriage,0.2421052631578947,female,0.2285714285714285,0.05590062088711872,two-strong
1,153,marriage,0.2421052631578947,female,0.2285714285714285,0.05590062088711872,two-strong
1,154,marriage,0.2421052631578947,female,0.2285714285714285,0.05590062088711872,two-strong
1,155,marriage,0.2421052631578947,female,0.2285714285714285,0.05590062088711872,two-strong
1,156,marriage,0.2421052631578947,female,0.2285714285714285,0.05590062088711872,two-strong
1,157,marriage,0.2421052631578947,female,0.2285714285714285,0.05590062088711872,two-strong
1,158,marriage,0.2421052631578947,female,0.2285714285714285,0.05590062088711872,two-strong
1,159,marriage,0.2421052631578947,female,0.2303571428571428,0.048524844520068375,two-strong
1,160,marriage,0.2421052631578947,female,0.2285714285714285,0.05590062088711872,two-strong
1,161,marriage,0.2421052631578947,female,0.2285714285714285,0.05590062088711872,two-strong
1,162,marriage,0.2421052631578947,female,0.2285714285714285,0.05590062088711872,two-strong
1,163,marriage,0.2421052631578947,female,0.2285714285714285,0.05590062088711872,two-strong
1,164,marriage,0.2421052631578947,female,0.2285714285714285,0.05590062088711872,two-strong
1,165,marriage,0.2421052631578947,female,0.2285714285714285,0.05590062088711872,two-strong
1,166,marriage,0.2421052631578947,female,0.2285714285714285,0.05590062088711872,two-strong
1,167,marriage,0.2421052631578947,female,0.2285714285714285,0.05590062088711872,two-strong
1,168,marriage,0.2421052631578947,female,0.2285714285714285,0.05590062088711872,two-strong
1,169,marriage,0.2421052631578947,female,0.2285714285714285,0.05590062088711872,two-strong
1,170,marriage,0.2421052631578947,female,0.2285714285714285,0.05590062088711872,two-strong
1,171,marriage,0.2421052631578947,female,0.2285714285714285,0.05590062088711872,two-strong
1,172,marriage,0.2468126838836221,female,0.2285714285714285,0.07390728446876531,two-strong
1,173,female,0.2844450075191898,male,0.2744115023735033,0.035273971576863024,two-strong
1,174,female,0.2640050690186059,marriage,0.2430998248632799,0.07918501017367831,two-strong
1,175,marriage,0.2421052631578947,female,0.2285714285714285,0.05590062088711872,two-strong
1,176,marriage,0.2421052631578947,female,0.2285714285714285,0.05590062088711872,two-strong
1,177,marriage,0.2421052631578947,female,0.2285714285714285,0.05590062088711872,two-strong
1,178,marriage,0.2421052631578947,female,0.2285714285714285,0.05590062088711872,two-strong
1,179,marriage,0.2582582271459248,male,0.2252298779666914,0.12788885533812008,two-strong
1,180,marriage,0.2421052631578947,female,0.2285714285714285,0.05590062088711872,two-strong
1,181,marriage,0.2421052631578947,female,0.2285714285714285,0.05590062088711872,two-strong
1,182,marriage,0.2421052631578947,female,0.2285714285714285,0.05590062088711872,two-strong
1,183,marriage,0.2421052631578947,female,0.2285714285714285,0.05590062088711872,two-strong
1,184,marriage,0.2421052631578947,female,0.2285714285714285,0.05590062088711872,two-strong
1,185,marriage,0.2421052631578947,female,0.2285714285714285,0.05590062088711872,two-strong
1,186,marriage,0.2421052631578947,female,0.2285714285714285,0.05590062088711872,two-strong
1,187,marriage,0.2421052631578947,female,0.2285714285714285,0.05590062088711872,two-strong
1,188,female,0.2679647730126955,marriage,0.2571688839665748,0.04028846360831457,two-strong
1,189,female,0.4120399398706254,family,0.2541172167832969,0.38327042459438165,leaning
1,190,marriage,0.2421052631578947,female,0.2285714285714285,0.05590062088711872,two-strong
1,191,marriage,0.2421052631578947,female,0.2285714285714285,0.05590062088711872,two-strong
1,192,marriage,0.2421052631578947,female,0.2285714285714285,0.05590062088711872,two-strong
1,193,marriage,0.2421052631578947,female,0.2285714285714285,0.05590062088711872,two-strong
1,194,marriage,0.2421052631578947,female,0.2285714285714285,0.05590062088711872,two-strong
1,195,marriage,0.2421052631578947,female,0.2285714285714285,0.05590062088711872,two-strong
1,196,marriage,0.2421052631578947,female,0.2285714285714285,0.05590062088711872,two-strong
1,197,marriage,0.2421052631578947,female,0.2285714285714285,0.05590062088711872,two-strong
1,198,marriage,0.2421052631578947,female,0.2285714285714285,0.05590062088711872,two-strong
1,199,marriage,0.2421052631578947,female,0.2285714285714285,0.05590062088711872,two-strong
1,200,marriage,0.2421052631578947,female,0.2285714285714285,0.05590062088711872,two-strong
1,201,marriage,0.2421052631578947,female,0.2285714285714285,0.05590062088711872,two-strong
1,202,marriage,0.2421052631578947,female,0.2285714285714285,0.05590062088711872,two-strong
1,203,marriage,0.2421052631578947,female,0.2285714285714285,0.05590062088711872,two-strong
1,204,marriage,0.2421052631578947,female,0.2285714285714285,0.05590062088711872,two-strong
1,205,marriage,0.2421052631578947,female,0.2285714285714285,0.05590062088711872,two-strong
1,206,marriage,0.2421052631578947,female,0.2310463659147869,0.04567805364155775,two-strong
1,207,marriage,0.2421052631578947,female,0.2285714285714285,0.05590062088711872,two-strong
1,208,marriage,0.2421052631578947,female,0.2285714285714285,0.05590062088711872,two-strong
1,209,marriage,0.2421052631578947,female,0.2285714285714285,0.05590062088711872,two-strong
1,210,marriage,0.2421052631578947,female,0.2285714285714285,0.05590062088711872,two-strong
1,211,marriage,0.2421052631578947,female,0.2285714285714285,0.05590062088711872,two-strong
1,212,marriage,0.2421052631578947,female,0.2285714285714285,0.05590062088711872,two-strong
1,213,marriage,0.2421052631578947,female,0.2285714285714285,0.05590062088711872,two-strong
1,214,marriage,0.2421052631578947,female,0.2285714285714285,0.05590062088711872,two-strong
1,215,marriage,0.2421052631578947,female,0.2285714285714285,0.05590062088711872,two-strong
1,216,marriage,0.2421052631578947,female,0.2285714285714285,0.05590062088711872,two-strong
1,217,marriage,0.2421052631578947,female,0.2285714285714285,0.05590062088711872,two-strong
1,218,marriage,0.2421052631578947,female,0.2285714285714285,0.05590062088711872,two-strong
1,219,marriage,0.2421052631578947,female,0.2285714285714285,0.05590062088711872,two-strong
1,220,marriage,0.2421052631578947,female,0.2285714285714285,0.05590062088711872,two-strong
1,221,marriage,0.2421052631578947,female,0.2285714285714285,0.05590062088711872,two-strong
1,222,marriage,0.2421052631578947,female,0.2285714285714285,0.05590062088711872,two-strong
1,223,marriage,0.2421052631578947,female,0.2285714285714285,0.05590062088711872,two-strong
1,224,marriage,0.2421052631578947,female,0.2285714285714285,0.05590062088711872,two-strong
1,225,marriage,0.2421052631578947,female,0.2285714285714285,0.05590062088711872,two-strong
1,226,marriage,0.2421052631578947,female,0.2303571428571428,0.048524844520068375,two-strong
1,227,marriage,0.2421052631578947,female,0.2285714285714285,0.05590062088711872,two-strong
1,228,marriage,0.2421052631578947,female,0.2285714285714285,0.05590062088711872,two-strong
1,229,male,0.3033743579937194,female,0.2168772215602045,0.2851168329466684,leaning
1,230,marriage,0.2421052631578947,female,0.2285714285714285,0.05590062088711872,two-strong
1,231,marriage,0.2421052631578947,female,0.2285714285714285,0.05590062088711872,two-strong
1,232,marriage,0.2421052631578947,female,0.2285714285714285,0.05590062088711872,two-strong
1,233,marriage,0.2421052631578947,female,0.2285714285714285,0.05590062088711872,two-strong
1,234,marriage,0.2421052631578947,female,0.2285714285714285,0.05590062088711872,two-strong
1,235,marriage,0.2421052631578947,female,0.2285714285714285,0.05590062088711872,two-strong
1,236,female,0.2889676113360324,marriage,0.2505829791870982,0.1328336827737558,two-strong
1,237,marriage,0.2421052631578947,female,0.2285714285714285,0.05590062088711872,two-strong
1,238,marriage,0.2421052631578947,female,0.2285714285714285,0.05590062088711872,two-strong
1,239,marriage,0.2421052631578947,female,0.2285714285714285,0.05590062088711872,two-strong
1,240,marriage,0.2421052631578947,female,0.2285714285714285,0.05590062088711872,two-strong
1,241,marriage,0.2421052631578947,female,0.2285714285714285,0.05590062088711872,two-strong
1,242,marriage,0.2421052631578947,female,0.2285714285714285,0.05590062088711872,two-strong
1,243,marriage,0.2421052631578947,female,0.2285714285714285,0.05590062088711872,two-strong
1,244,marriage,0.2421052631578947,female,0.2285714285714285,0.05590062088711872,two-strong
1,245,female,0.2258474495778357,marriage,0.2210682976211778,0.021160973676835115,two-strong
1,246,marriage,0.2421052631578947,female,0.2285714285714285,0.05590062088711872,two-strong
1,247,male,0.2120300751879699,family,0.1927465723131357,0.09094701667578005,two-strong
1,248,marriage,0.2421052631578947,female,0.2285714285714285,0.05590062088711872,two-strong
1,249,marriage,0.2421052631578947,female,0.2285714285714285,0.05590062088711872,two-strong
1,250,marriage,0.2421052631578947,female,0.2285714285714285,0.05590062088711872,two-strong
1,251,marriage,0.2421052631578947,female,0.2285714285714285,0.05590062088711872,two-strong
1,252,marriage,0.2562275253350768,female,0.2285714285714285,0.10793569746086355,two-strong
1,253,marriage,0.2421052631578947,female,0.2285714285714285,0.05590062088711872,two-strong
1,254,marriage,0.2436131108246178,female,0.2287666281087333,0.06094287210030307,two-strong
1,255,marriage,0.2421052631578947,female,0.2285714285714285,0.05590062088711872,two-strong
1,256,marriage,0.2421052631578947,female,0.2285714285714285,0.05590062088711872,two-strong
1,257,marriage,0.2421052631578947,female,0.2285714285714285,0.05590062088711872,two-strong
1,258,marriage,0.2421052631578947,female,0.2285714285714285,0.05590062088711872,two-strong
1,259,marriage,0.2421052631578947,female,0.2387218045112781,0.01397515522177988,two-strong
1,260,marriage,0.2421052631578947,female,0.2336466165413533,0.034937888054449355,two-strong
1,261,marriage,0.2421052631578947,female,0.2303571428571428,0.048524844520068375,two-strong
1,262,marriage,0.2421052631578947,female,0.2285714285714285,0.05590062088711872,two-strong
1,263,marriage,0.2421052631578947,female,0.2285714285714285,0.05590062088711872,two-strong
1,264,marriage,0.2421052631578947,female,0.2285714285714285,0.05590062088711872,two-strong
1,265,marriage,0.2421052631578947,female,0.2285714285714285,0.05590062088711872,two-strong
1,266,marriage,0.2421052631578947,female,0.2285714285714285,0.05590062088711872,two-strong
1,267,marriage,0.2421052631578947,female,0.2303571428571428,0.048524844520068375,two-strong
1,268,marriage,0.2421052631578947,female,0.2285714285714285,0.05590062088711872,two-strong
1,269,marriage,0.2421052631578947,female,0.2285714285714285,0.05590062088711872,two-strong
1,270,marriage,0.2421052631578947,female,0.2285714285714285,0.05590062088711872,two-strong
1,271,marriage,0.2421052631578947,female,0.2285714285714285,0.05590062088711872,two-strong
1,272,marriage,0.2421052631578947,female,0.2285714285714285,0.05590062088711872,two-strong
1,273,marriage,0.2421052631578947,female,0.2285714285714285,0.05590062088711872,two-strong
1,274,marriage,0.2421052631578947,female,0.2285714285714285,0.05590062088711872,two-strong
1,275,marriage,0.2426718971341397,female,0.2281223893065998,0.059955470490849656,two-strong
1,276,marriage,0.2421052631578947,female,0.2285714285714285,0.05590062088711872,two-strong
1,277,marriage,0.2421052631578947,female,0.2285714285714285,0.05590062088711872,two-strong
1,278,marriage,0.2515201046093495,female,0.2285714285714285,0.09123992685325878,two-strong
1,279,marriage,0.2421052631578947,female,0.2292606516290727,0.05305383000860774,two-strong
1,280,marriage,0.2421052631578947,female,0.2285714285714285,0.05590062088711872,two-strong
1,281,marriage,0.2421052631578947,female,0.2285714285714285,0.05590062088711872,two-strong
1,282,marriage,0.2421052631578947,female,0.2285714285714285,0.05590062088711872,two-strong
1,283,marriage,0.2421052631578947,female,0.2285714285714285,0.05590062088711872,two-strong
1,284,marriage,0.2421052631578947,female,0.2285714285714285,0.05590062088711872,two-strong
1,285,marriage,0.2421052631578947,female,0.2285714285714285,0.05590062088711872,two-strong
1,286,marriage,0.2421052631578947,female,0.2285714285714285,0.05590062088711872,two-strong
1,287,marriage,0.2421052631578947,female,0.2285714285714285,0.05590062088711872,two-strong
1,288,marriage,0.2421052631578947,female,0.2285714285714285,0.05590062088711872,two-strong
1,289,marriage,0.2421052631578947,female,0.2285714285714285,0.05590062088711872,two-strong
1,290,marriage,0.2421052631578947,female,0.2285714285714285,0.05590062088711872,two-strong
1,291,marriage,0.2421052631578947,female,0.2285714285714285,0.05590062088711872,two-strong
1,292,marriage,0.2421052631578947,female,0.2285714285714285,0.05590062088711872,two-strong
1,293,marriage,0.2421052631578947,female,0.2285714285714285,0.05590062088711872,two-strong
1,294,marriage,0.2421052631578947,female,0.2285714285714285,0.05590062088711872,two-strong
1,295,marriage,0.2421052631578947,female,0.2285714285714285,0.05590062088711872,two-strong
1,296,marriage,0.2421052631578947,female,0.2285714285714285,0.05590062088711872,two-strong
1,297,marriage,0.2421052631578947,female,0.2285714285714285,0.05590062088711872,two-strong
1,298,marriage,0.2421052631578947,female,0.2285714285714285,0.05590062088711872,two-strong
1,299,female,0.2716222482788864,family,0.2519470436371218,0.07243590940727115,two-strong
1,300,marriage,0.2421052631578947,female,0.2285714285714285,0.05590062088711872,two-strong
1,301,marriage,0.2421052631578947,female,0.2285714285714285,0.05590062088711872,two-strong
1,302,marriage,0.2421052631578947,female,0.2285714285714285,0.05590062088711872,two-strong
1,303,marriage,0.2421052631578947,female,0.2303571428571428,0.048524844520068375,two-strong
1,304,marriage,0.2421052631578947,female,0.2285714285714285,0.05590062088711872,two-strong
1,305,marriage,0.2421052631578947,female,0.2285714285714285,0.05590062088711872,two-strong
1,306,marriage,0.2421052631578947,female,0.2285714285714285,0.05590062088711872,two-strong
1,307,marriage,0.2421052631578947,female,0.2285714285714285,0.05590062088711872,two-strong
1,308,marriage,0.2421052631578947,female,0.2285714285714285,0.05590062088711872,two-strong
1,309,marriage,0.2421052631578947,female,0.2336466165413533,0.034937888054449355,two-strong
1,310,female,0.2437969924812029,marriage,0.2421052631578947,0.0069390901797097984,two-strong
1,311,marriage,0.2421052631578947,female,0.2285714285714285,0.05590062088711872,two-strong
1,312,marriage,0.2421052631578947,female,0.2387218045112781,0.01397515522177988,two-strong
1,313,marriage,0.2421052631578947,female,0.2285714285714285,0.05590062088711872,two-strong
1,314,marriage,0.2421052631578947,female,0.2285714285714285,0.05590062088711872,two-strong
1,315,female,0.238950397966669,marriage,0.2100463024229451,0.1209627423461875,two-strong
1,316,marriage,0.2421052631578947,female,0.2285714285714285,0.05590062088711872,two-strong
1,317,marriage,0.2421052631578947,female,0.2285714285714285,0.05590062088711872,two-strong
1,318,marriage,0.2421052631578947,female,0.2285714285714285,0.05590062088711872,two-strong
1,319,marriage,0.2421052631578947,female,0.2285714285714285,0.05590062088711872,two-strong
1,320,marriage,0.2421052631578947,female,0.2285714285714285,0.05590062088711872,two-strong
1,321,marriage,0.2421052631578947,female,0.2285714285714285,0.05590062088711872,two-strong
1,322,marriage,0.2421052631578947,female,0.2285714285714285,0.05590062088711872,two-strong
1,323,marriage,0.2421052631578947,female,0.2285714285714285,0.05590062088711872,two-strong
1,324,marriage,0.2421052631578947,female,0.2285714285714285,0.05590062088711872,two-strong
1,325,marriage,0.2421052631578947,female,0.2285714285714285,0.05590062088711872,two-strong
1,326,marriage,0.2421052631578947,female,0.2285714285714285,0.05590062088711872,two-strong
1,327,marriage,0.2421052631578947,female,0.2285714285714285,0.05590062088711872,two-strong
1,328,marriage,0.2421052631578947,female,0.2285714285714285,0.05590062088711872,two-strong
1,329,marriage,0.2421052631578947,female,0.2285714285714285,0.05590062088711872,two-strong
1,330,marriage,0.2421052631578947,female,0.2285714285714285,0.05590062088711872,two-strong
1,331,marriage,0.2421052631578947,female,0.2285714285714285,0.05590062088711872,two-strong
1,332,marriage,0.2421052631578947,female,0.2285714285714285,0.05590062088711872,two-strong
1,333,marriage,0.2421052631578947,female,0.2285714285714285,0.05590062088711872,two-strong
1,334,marriage,0.2421052631578947,female,0.2285714285714285,0.05590062088711872,two-strong
1,335,marriage,0.2385563002188899,female,0.2279343141378745,0.04452611826534441,two-strong
1,336,marriage,0.2421052631578947,female,0.2285714285714285,0.05590062088711872,two-strong
1,337,marriage,0.2421052631578947,female,0.2285714285714285,0.05590062088711872,two-strong
1,338,marriage,0.2421052631578947,female,0.2285714285714285,0.05590062088711872,two-strong
1,339,marriage,0.2421052631578947,female,0.2285714285714285,0.05590062088711872,two-strong
1,340,marriage,0.2421052631578947,female,0.2285714285714285,0.05590062088711872,two-strong
1,341,marriage,0.2421052631578947,female,0.2285714285714285,0.05590062088711872,two-strong
1,342,marriage,0.2421052631578947,female,0.2303571428571428,0.048524844520068375,two-strong
1,343,marriage,0.2421052631578947,female,0.2285714285714285,0.05590062088711872,two-strong
1,344,marriage,0.2421052631578947,female,0.2285714285714285,0.05590062088711872,two-strong
1,345,marriage,0.2421052631578947,female,0.2285714285714285,0.05590062088711872,two-strong
1,346,marriage,0.2421052631578947,female,0.2285714285714285,0.05590062088711872,two-strong
1,347,marriage,0.2421052631578947,female,0.2285714285714285,0.05590062088711872,two-strong
1,348,marriage,0.2421052631578947,female,0.2285714285714285,0.05590062088711872,two-strong
1,349,marriage,0.2421052631578947,female,0.2285714285714285,0.05590062088711872,two-strong
1,350,marriage,0.2421052631578947,female,0.2285714285714285,0.05590062088711872,two-strong
1,351,marriage,0.2421052631578947,female,0.2285714285714285,0.05590062088711872,two-strong
1,352,marriage,0.2421052631578947,female,0.2285714285714285,0.05590062088711872,two-strong
1,353,marriage,0.2421052631578947,female,0.2285714285714285,0.05590062088711872,two-strong
1,354,marriage,0.2421052631578947,female,0.2285714285714285,0.05590062088711872,two-strong
1,355,marriage,0.2421052631578947,female,0.2285714285714285,0.05590062088711872,two-strong
1,356,marriage,0.2421052631578947,female,0.2285714285714285,0.05590062088711872,two-strong
1,357,marriage,0.2421052631578947,female,0.2285714285714285,0.05590062088711872,two-strong
1,358,marriage,0.2421052631578947,female,0.2285714285714285,0.05590062088711872,two-strong
1,359,marriage,0.2421052631578947,female,0.2285714285714285,0.05590062088711872,two-strong
1,360,marriage,0.2421052631578947,female,0.2285714285714285,0.05590062088711872,two-strong
1,361,marriage,0.2421052631578947,female,0.2285714285714285,0.05590062088711872,two-strong
1,362,marriage,0.2421052631578947,female,0.2285714285714285,0.05590062088711872,two-strong
1,363,marriage,0.2421052631578947,female,0.2285714285714285,0.05590062088711872,two-strong
1,364,marriage,0.2421052631578947,female,0.2285714285714285,0.05590062088711872,two-strong
1,365,marriage,0.2421052631578947,female,0.2336466165413533,0.034937888054449355,two-strong
1,366,marriage,0.2421052631578947,female,0.2285714285714285,0.05590062088711872,two-strong
1,367,marriage,0.2421052631578947,female,0.2285714285714285,0.05590062088711872,two-strong
1,368,marriage,0.2421052631578947,female,0.2285714285714285,0.05590062088711872,two-strong
1,369,marriage,0.2421052631578947,female,0.2285714285714285,0.05590062088711872,two-strong
1,370,marriage,0.2421052631578947,female,0.2285714285714285,0.05590062088711872,two-strong
1,371,marriage,0.2468126838836221,female,0.2285714285714285,0.07390728446876531,two-strong
1,372,marriage,0.2421052631578947,female,0.2285714285714285,0.05590062088711872,two-strong
1,373,marriage,0.2421052631578947,female,0.2285714285714285,0.05590062088711872,two-strong
1,374,marriage,0.2421052631578947,female,0.2285714285714285,0.05590062088711872,two-strong
1,375,marriage,0.2421052631578947,female,0.2285714285714285,0.05590062088711872,two-strong
1,376,marriage,0.2421052631578947,female,0.2285714285714285,0.05590062088711872,two-strong
1,377,marriage,0.2421052631578947,female,0.2285714285714285,0.05590062088711872,two-strong
1,378,marriage,0.2421052631578947,female,0.2285714285714285,0.05590062088711872,two-strong
1,379,marriage,0.2421052631578947,female,0.2285714285714285,0.05590062088711872,two-strong
1,380,marriage,0.2421052631578947,female,0.2285714285714285,0.05590062088711872,two-strong
1,381,marriage,0.2421052631578947,female,0.2285714285714285,0.05590062088711872,two-strong
1,382,marriage,0.2421052631578947,female,0.2285714285714285,0.05590062088711872,two-strong
1,383,marriage,0.2421052631578947,female,0.2285714285714285,0.05590062088711872,two-strong
1,384,marriage,0.2421052631578947,female,0.2285714285714285,0.05590062088711872,two-strong
1,385,marriage,0.2421052631578947,female,0.2285714285714285,0.05590062088711872,two-strong
1,386,marriage,0.2421052631578947,female,0.2285714285714285,0.05590062088711872,two-strong
1,387,marriage,0.2421052631578947,female,0.2285714285714285,0.05590062088711872,two-strong
1,388,marriage,0.2421052631578947,female,0.2285714285714285,0.05590062088711872,two-strong
1,389,marriage,0.2421052631578947,female,0.2285714285714285,0.05590062088711872,two-strong
1,390,marriage,0.2421052631578947,female,0.2285714285714285,0.05590062088711872,two-strong
1,391,marriage,0.2421052631578947,female,0.2285714285714285,0.05590062088711872,two-strong
1,392,marriage,0.2421052631578947,female,0.2285714285714285,0.05590062088711872,two-strong
1,393,male,0.2120300751879699,family,0.1927465723131357,0.09094701667578005,two-strong
1,394,marriage,0.2421052631578947,female,0.2285714285714285,0.05590062088711872,two-strong
1,395,marriage,0.2421052631578947,female,0.2285714285714285,0.05590062088711872,two-strong
1,396,marriage,0.2463441211724964,female,0.2437969924812029,0.010339717744553856,two-strong
1,397,marriage,0.2421052631578947,female,0.2285714285714285,0.05590062088711872,two-strong
1,398,marriage,0.2421052631578947,female,0.2285714285714285,0.05590062088711872,two-strong
1,399,marriage,0.2421052631578947,female,0.2285714285714285,0.05590062088711872,two-strong
1,400,marriage,0.2421052631578947,female,0.2285714285714285,0.05590062088711872,two-strong
1,401,marriage,0.2421052631578947,female,0.2285714285714285,0.05590062088711872,two-strong
1,402,marriage,0.2421052631578947,female,0.2285714285714285,0.05590062088711872,two-strong
1,403,marriage,0.2421052631578947,female,0.2285714285714285,0.05590062088711872,two-strong
1,404,marriage,0.2421052631578947,female,0.2285714285714285,0.05590062088711872,two-strong
1,405,marriage,0.2421052631578947,female,0.2285714285714285,0.05590062088711872,two-strong
1,406,marriage,0.2421052631578947,female,0.2285714285714285,0.05590062088711872,two-strong
1,407,marriage,0.2421052631578947,female,0.2285714285714285,0.05590062088711872,two-strong
1,408,marriage,0.2421052631578947,female,0.2285714285714285,0.05590062088711872,two-strong
1,409,marriage,0.2421052631578947,female,0.2285714285714285,0.05590062088711872,two-strong
1,410,marriage,0.2421052631578947,female,0.2285714285714285,0.05590062088711872,two-strong
1,411,marriage,0.2421052631578947,female,0.2285714285714285,0.05590062088711872,two-strong
1,412,marriage,0.2421052631578947,female,0.2285714285714285,0.05590062088711872,two-strong
1,413,marriage,0.2421052631578947,female,0.2285714285714285,0.05590062088711872,two-strong
1,414,marriage,0.2421052631578947,female,0.2285714285714285,0.05590062088711872,two-strong
1,415,marriage,0.2421052631578947,female,0.2285714285714285,0.05590062088711872,two-strong
1,416,marriage,0.2421052631578947,female,0.2285714285714285,0.05590062088711872,two-strong
1,417,marriage,0.2421052631578947,female,0.2285714285714285,0.05590062088711872,two-strong
1,418,marriage,0.2421052631578947,female,0.2285714285714285,0.05590062088711872,two-strong
1,419,marriage,0.2421052631578947,female,0.2285714285714285,0.05590062088711872,two-strong
1,420,marriage,0.2421052631578947,female,0.2285714285714285,0.05590062088711872,two-strong
1,421,marriage,0.2421052631578947,female,0.2285714285714285,0.05590062088711872,two-strong
1,422,marriage,0.2421052631578947,female,0.2285714285714285,0.05590062088711872,two-strong
1,423,marriage,0.2421052631578947,female,0.2285714285714285,0.05590062088711872,two-strong
1,424,marriage,0.2421052631578947,female,0.2285714285714285,0.05590062088711872,two-strong
1,425,marriage,0.2421052631578947,female,0.2285714285714285,0.05590062088711872,two-strong
1,426,marriage,0.2421052631578947,female,0.2285714285714285,0.05590062088711872,two-strong
1,427,marriage,0.2421052631578947,female,0.2285714285714285,0.05590062088711872,two-strong
1,428,marriage,0.2421052631578947,female,0.2285714285714285,0.05590062088711872,two-strong
1,429,marriage,0.2421052631578947,female,0.2285714285714285,0.05590062088711872,two-strong
1,430,marriage,0.2426718971341397,female,0.2303571428571428,0.05074651977292313,two-strong
1,431,marriage,0.2421052631578947,female,0.2285714285714285,0.05590062088711872,two-strong
1,432,marriage,0.2421052631578947,female,0.2285714285714285,0.05590062088711872,two-strong
1,433,marriage,0.2421052631578947,female,0.2285714285714285,0.05590062088711872,two-strong
1,434,marriage,0.2421052631578947,female,0.2285714285714285,0.05590062088711872,two-strong
1,435,marriage,0.2421052631578947,female,0.2285714285714285,0.05590062088711872,two-strong
1,436,marriage,0.2421052631578947,female,0.2285714285714285,0.05590062088711872,two-strong
1,437,marriage,0.2421052631578947,female,0.2285714285714285,0.05590062088711872,two-strong
1,438,marriage,0.2421052631578947,female,0.2285714285714285,0.05590062088711872,two-strong
1,439,marriage,0.2421052631578947,female,0.2285714285714285,0.05590062088711872,two-strong
1,440,marriage,0.2468126838836221,female,0.2285714285714285,0.07390728446876531,two-strong
1,441,marriage,0.2421052631578947,female,0.2285714285714285,0.05590062088711872,two-strong
1,442,marriage,0.2421052631578947,female,0.2285714285714285,0.05590062088711872,two-strong
1,443,marriage,0.2421052631578947,female,0.2303571428571428,0.048524844520068375,two-strong
1,444,marriage,0.2421052631578947,female,0.2285714285714285,0.05590062088711872,two-strong
1,445,marriage,0.2421052631578947,female,0.2285714285714285,0.05590062088711872,two-strong
1,446,marriage,0.2421052631578947,female,0.2285714285714285,0.05590062088711872,two-strong
1,447,marriage,0.2421052631578947,female,0.2285714285714285,0.05590062088711872,two-strong
1,448,marriage,0.2421052631578947,female,0.2285714285714285,0.05590062088711872,two-strong
1,449,marriage,0.2421052631578947,female,0.2285714285714285,0.05590062088711872,two-strong
1,450,marriage,0.2421052631578947,female,0.2387218045112781,0.01397515522177988,two-strong
1,451,marriage,0.2421052631578947,female,0.2285714285714285,0.05590062088711872,two-strong
1,452,male,0.2360902255639098,,,0.9999999957643312,dominant
1,453,marriage,0.2421052631578947,female,0.2285714285714285,0.05590062088711872,two-strong
1,454,marriage,0.2421052631578947,female,0.2285714285714285,0.05590062088711872,two-strong
1,455,marriage,0.2421052631578947,female,0.2285714285714285,0.05590062088711872,two-strong
1,456,marriage,0.2421052631578947,female,0.2285714285714285,0.05590062088711872,two-strong
1,457,marriage,0.2421052631578947,female,0.2285714285714285,0.05590062088711872,two-strong
1,458,marriage,0.2421052631578947,female,0.2285714285714285,0.05590062088711872,two-strong
1,459,marriage,0.2421052631578947,female,0.2285714285714285,0.05590062088711872,two-strong
1,460,marriage,0.2421052631578947,female,0.2285714285714285,0.05590062088711872,two-strong
1,461,marriage,0.2421052631578947,female,0.2285714285714285,0.05590062088711872,two-strong
1,462,marriage,0.2421052631578947,female,0.2285714285714285,0.05590062088711872,two-strong
1,463,marriage,0.2421052631578947,female,0.2285714285714285,0.05590062088711872,two-strong
1,464,marriage,0.2421052631578947,female,0.2285714285714285,0.05590062088711872,two-strong
1,465,marriage,0.2421052631578947,female,0.2285714285714285,0.05590062088711872,two-strong
1,466,marriage,0.2421052631578947,female,0.2285714285714285,0.05590062088711872,two-strong
1,467,marriage,0.2421052631578947,female,0.2285714285714285,0.05590062088711872,two-strong
1,468,marriage,0.2421052631578947,female,0.2285714285714285,0.05590062088711872,two-strong
1,469,marriage,0.2421052631578947,female,0.2336466165413533,0.034937888054449355,two-strong
1,470,marriage,0.2562275253350768,female,0.2285714285714285,0.10793569746086355,two-strong
1,471,marriage,0.2421052631578947,female,0.2285714285714285,0.05590062088711872,two-strong
1,472,marriage,0.2421052631578947,female,0.2285714285714285,0.05590062088711872,two-strong
1,473,marriage,0.2421052631578947,female,0.2336466165413533,0.034937888054449355,two-strong
1,474,marriage,0.2421052631578947,female,0.2285714285714285,0.05590062088711872,two-strong
1,475,marriage,0.2421052631578947,female,0.2285714285714285,0.05590062088711872,two-strong
1,476,marriage,0.2421052631578947,female,0.2285714285714285,0.05590062088711872,two-strong
1,477,marriage,0.2421052631578947,female,0.2285714285714285,0.05590062088711872,two-strong
1,478,marriage,0.2421052631578947,female,0.2285714285714285,0.05590062088711872,two-strong
1,479,marriage,0.2421052631578947,female,0.2285714285714285,0.05590062088711872,two-strong
1,480,marriage,0.2437070938215103,female,0.2336466165413533,0.041281019280646016,two-strong
1,481,marriage,0.2421052631578947,female,0.2285714285714285,0.05590062088711872,two-strong
1,482,marriage,0.2421052631578947,female,0.2285714285714285,0.05590062088711872,two-strong
1,483,marriage,0.2421052631578947,female,0.2285714285714285,0.05590062088711872,two-strong
1,484,marriage,0.2421052631578947,female,0.2303571428571428,0.048524844520068375,two-strong
1,485,marriage,0.2421052631578947,female,0.2285714285714285,0.05590062088711872,two-strong
1,486,marriage,0.2421052631578947,female,0.2285714285714285,0.05590062088711872,two-strong
1,487,marriage,0.2421052631578947,female,0.2285714285714285,0.05590062088711872,two-strong
1,488,marriage,0.2421052631578947,female,0.2285714285714285,0.05590062088711872,two-strong
1,489,male,0.2389246834492542,female,0.2337035922823802,0.02185245605287351,two-strong
1,490,marriage,0.2421052631578947,female,0.2285714285714285,0.05590062088711872,two-strong
1,491,marriage,0.2421052631578947,female,0.2285714285714285,0.05590062088711872,two-strong
1,492,marriage,0.2421052631578947,female,0.2285714285714285,0.05590062088711872,two-strong
1,493,marriage,0.2421052631578947,female,0.2285714285714285,0.05590062088711872,two-strong
1,494,marriage,0.2421052631578947,female,0.2285714285714285,0.05590062088711872,two-strong
1,495,marriage,0.2421052631578947,female,0.2336466165413533,0.034937888054449355,two-strong
1,496,marriage,0.2421052631578947,female,0.2285714285714285,0.05590062088711872,two-strong
1,497,marriage,0.2421052631578947,female,0.2285714285714285,0.05590062088711872,two-strong
1,498,marriage,0.2421052631578947,female,0.2285714285714285,0.05590062088711872,two-strong
1,499,marriage,0.2421052631578947,female,0.2285714285714285,0.05590062088711872,two-strong
1,500,marriage,0.2421052631578947,female,0.2285714285714285,0.05590062088711872,two-strong
1,501,marriage,0.2421052631578947,female,0.2285714285714285,0.05590062088711872,two-strong
1,502,marriage,0.2421052631578947,female,0.2336466165413533,0.034937888054449355,two-strong
1,503,marriage,0.2421052631578947,female,0.2285714285714285,0.05590062088711872,two-strong
1,504,marriage,0.2421052631578947,female,0.2285714285714285,0.05590062088711872,two-strong
1,505,marriage,0.2421052631578947,female,0.2285714285714285,0.05590062088711872,two-strong
1,506,marriage,0.2421052631578947,female,0.2285714285714285,0.05590062088711872,two-strong
1,507,marriage,0.2421052631578947,female,0.2303571428571428,0.048524844520068375,two-strong
1,508,female,0.2597479068348435,male,0.2424563498348177,0.06657053426979036,two-strong
1,509,marriage,0.2421052631578947,female,0.2285714285714285,0.05590062088711872,two-strong
1,510,marriage,0.2421052631578947,female,0.2285714285714285,0.05590062088711872,two-strong
1,511,marriage,0.2421052631578947,female,0.2285714285714285,0.05590062088711872,two-strong
1,512,marriage,0.2421052631578947,female,0.2285714285714285,0.05590062088711872,two-strong
1,513,marriage,0.2421052631578947,female,0.2285714285714285,0.05590062088711872,two-strong
1,514,marriage,0.2468126838836221,female,0.2285714285714285,0.07390728446876531,two-strong
1,515,marriage,0.2421052631578947,female,0.2285714285714285,0.05590062088711872,two-strong
1,516,marriage,0.2421052631578947,female,0.2285714285714285,0.05590062088711872,two-strong
1,517,marriage,0.2421052631578947,female,0.2285714285714285,0.05590062088711872,two-strong
1,518,marriage,0.2421052631578947,female,0.2285714285714285,0.05590062088711872,two-strong
1,519,marriage,0.2421052631578947,female,0.2285714285714285,0.05590062088711872,two-strong
1,520,marriage,0.2421052631578947,female,0.2285714285714285,0.05590062088711872,two-strong
1,521,marriage,0.2421052631578947,female,0.2285714285714285,0.05590062088711872,two-strong
1,522,marriage,0.2421052631578947,female,0.2285714285714285,0.05590062088711872,two-strong
1,523,marriage,0.2421052631578947,female,0.2285714285714285,0.05590062088711872,two-strong
1,524,marriage,0.2421052631578947,female,0.2285714285714285,0.05590062088711872,two-strong
1,525,marriage,0.2421052631578947,female,0.2285714285714285,0.05590062088711872,two-strong
1,526,marriage,0.2421052631578947,female,0.2285714285714285,0.05590062088711872,two-strong
1,527,marriage,0.2421052631578947,female,0.2285714285714285,0.05590062088711872,two-strong
1,528,marriage,0.2421052631578947,female,0.2285714285714285,0.05590062088711872,two-strong
1,529,marriage,0.2421052631578947,female,0.2285714285714285,0.05590062088711872,two-strong
1,530,marriage,0.2421052631578947,female,0.2285714285714285,0.05590062088711872,two-strong
1,531,marriage,0.2421052631578947,female,0.2285714285714285,0.05590062088711872,two-strong
1,532,marriage,0.2421052631578947,female,0.2285714285714285,0.05590062088711872,two-strong
1,533,marriage,0.2421052631578947,female,0.2285714285714285,0.05590062088711872,two-strong
1,534,marriage,0.2421052631578947,female,0.2285714285714285,0.05590062088711872,two-strong
1,535,marriage,0.2421052631578947,female,0.2285714285714285,0.05590062088711872,two-strong
1,536,marriage,0.2421052631578947,female,0.2285714285714285,0.05590062088711872,two-strong
1,537,marriage,0.2421052631578947,female,0.2285714285714285,0.05590062088711872,two-strong
1,538,marriage,0.2421052631578947,female,0.2285714285714285,0.05590062088711872,two-strong
1,539,marriage,0.2421052631578947,female,0.2285714285714285,0.05590062088711872,two-strong
1,540,marriage,0.2421052631578947,female,0.2285714285714285,0.05590062088711872,two-strong
1,541,marriage,0.2546747303040209,female,0.2285714285714285,0.1024966301090596,two-strong
1,542,marriage,0.2421052631578947,female,0.2285714285714285,0.05590062088711872,two-strong
1,543,marriage,0.2421052631578947,female,0.2285714285714285,0.05590062088711872,two-strong
1,544,marriage,0.2468126838836221,female,0.2285714285714285,0.07390728446876531,two-strong
1,545,marriage,0.2421052631578947,female,0.2285714285714285,0.05590062088711872,two-strong
1,546,marriage,0.2421052631578947,female,0.2336466165413533,0.034937888054449355,two-strong
1,547,marriage,0.2468126838836221,female,0.2285714285714285,0.07390728446876531,two-strong
1,548,marriage,0.2421052631578947,female,0.2285714285714285,0.05590062088711872,two-strong
1,549,love,0.3070275826200784,female,0.2073521946022003,0.3246463618761311,leaning
1,550,marriage,0.2421052631578947,female,0.2285714285714285,0.05590062088711872,two-strong
1,551,marriage,0.2421052631578947,female,0.2285714285714285,0.05590062088711872,two-strong
1,552,marriage,0.2421052631578947,female,0.2285714285714285,0.05590062088711872,two-strong
1,553,marriage,0.2421052631578947,female,0.2285714285714285,0.05590062088711872,two-strong
1,554,marriage,0.2421052631578947,female,0.2285714285714285,0.05590062088711872,two-strong
1,555,male,0.25972385213328,female,0.2559102996647773,0.0146831044684437,two-strong
1,556,marriage,0.2421052631578947,female,0.2285714285714285,0.05590062088711872,two-strong
1,557,marriage,0.2421052631578947,female,0.2285714285714285,0.05590062088711872,two-strong
1,558,marriage,0.2421052631578947,female,0.2285714285714285,0.05590062088711872,two-strong
1,559,marriage,0.2421052631578947,female,0.2285714285714285,0.05590062088711872,two-strong
1,560,marriage,0.2421052631578947,female,0.2285714285714285,0.05590062088711872,two-strong
1,561,marriage,0.2421052631578947,female,0.2285714285714285,0.05590062088711872,two-strong
1,562,marriage,0.2421052631578947,female,0.2285714285714285,0.05590062088711872,two-strong
1,563,marriage,0.2421052631578947,female,0.2285714285714285,0.05590062088711872,two-strong
1,564,marriage,0.2421052631578947,female,0.2285714285714285,0.05590062088711872,two-strong
1,565,marriage,0.2421052631578947,female,0.2285714285714285,0.05590062088711872,two-strong
1,566,marriage,0.2421052631578947,female,0.2285714285714285,0.05590062088711872,two-strong
1,567,marriage,0.2421052631578947,female,0.2285714285714285,0.05590062088711872,two-strong
1,568,marriage,0.2421052631578947,female,0.2285714285714285,0.05590062088711872,two-strong
1,569,marriage,0.2421052631578947,female,0.2285714285714285,0.05590062088711872,two-strong
1,570,marriage,0.2421052631578947,female,0.2285714285714285,0.05590062088711872,two-strong
1,571,marriage,0.2421052631578947,female,0.2285714285714285,0.05590062088711872,two-strong
1,572,marriage,0.2421052631578947,female,0.2285714285714285,0.05590062088711872,two-strong
1,573,marriage,0.2421052631578947,female,0.2285714285714285,0.05590062088711872,two-strong
1,574,marriage,0.2421052631578947,female,0.2285714285714285,0.05590062088711872,two-strong
1,575,marriage,0.2421052631578947,female,0.2285714285714285,0.05590062088711872,two-strong
1,576,marriage,0.2421052631578947,female,0.2285714285714285,0.05590062088711872,two-strong
1,577,marriage,0.2421052631578947,female,0.2285714285714285,0.05590062088711872,two-strong
1,578,marriage,0.2421052631578947,female,0.2303571428571428,0.048524844520068375,two-strong
1,579,marriage,0.2421052631578947,female,0.2285714285714285,0.05590062088711872,two-strong
1,580,marriage,0.2421052631578947,female,0.2285714285714285,0.05590062088711872,two-strong
1,581,marriage,0.2421052631578947,female,0.2285714285714285,0.05590062088711872,two-strong
1,582,marriage,0.2421052631578947,female,0.2285714285714285,0.05590062088711872,two-strong
1,583,marriage,0.2421052631578947,female,0.2285714285714285,0.05590062088711872,two-strong
1,584,marriage,0.2421052631578947,female,0.2285714285714285,0.05590062088711872,two-strong
1,585,marriage,0.2421052631578947,female,0.2285714285714285,0.05590062088711872,two-strong
1,586,marriage,0.2421052631578947,female,0.2285714285714285,0.05590062088711872,two-strong
1,587,marriage,0.2421052631578947,female,0.2285714285714285,0.05590062088711872,two-strong
1,588,marriage,0.2468126838836221,female,0.2285714285714285,0.07390728446876531,two-strong
1,589,marriage,0.2421052631578947,female,0.2285714285714285,0.05590062088711872,two-strong
1,590,marriage,0.2421052631578947,female,0.2285714285714285,0.05590062088711872,two-strong
1,591,marriage,0.2421052631578947,female,0.2285714285714285,0.05590062088711872,two-strong
1,592,marriage,0.2421052631578947,female,0.2285714285714285,0.05590062088711872,two-strong
1,593,marriage,0.2421052631578947,female,0.2285714285714285,0.05590062088711872,two-strong
1,594,marriage,0.2421052631578947,female,0.2285714285714285,0.05590062088711872,two-strong
1,595,marriage,0.2421052631578947,female,0.2285714285714285,0.05590062088711872,two-strong
1,596,marriage,0.2421052631578947,female,0.2285714285714285,0.05590062088711872,two-strong
1,597,marriage,0.2421052631578947,female,0.2285714285714285,0.05590062088711872,two-strong
1,598,marriage,0.2421052631578947,female,0.2285714285714285,0.05590062088711872,two-strong
1,599,marriage,0.2421052631578947,female,0.2285714285714285,0.05590062088711872,two-strong
1,600,marriage,0.2421052631578947,female,0.2285714285714285,0.05590062088711872,two-strong
1,601,marriage,0.2421052631578947,female,0.2285714285714285,0.05590062088711872,two-strong
1,602,marriage,0.2421052631578947,female,0.2285714285714285,0.05590062088711872,two-strong
1,603,marriage,0.2421052631578947,female,0.2285714285714285,0.05590062088711872,two-strong
1,604,marriage,0.2421052631578947,female,0.2285714285714285,0.05590062088711872,two-strong
1,605,marriage,0.2421052631578947,female,0.2285714285714285,0.05590062088711872,two-strong
1,606,marriage,0.2421052631578947,female,0.2285714285714285,0.05590062088711872,two-strong
1,607,marriage,0.2421052631578947,female,0.2285714285714285,0.05590062088711872,two-strong
1,608,marriage,0.2421052631578947,female,0.2285714285714285,0.05590062088711872,two-strong
1,609,marriage,0.2421052631578947,female,0.2285714285714285,0.05590062088711872,two-strong
1,610,marriage,0.2421052631578947,female,0.2285714285714285,0.05590062088711872,two-strong
1,611,marriage,0.2592356148289036,family,0.2310268595458203,0.10881512246257544,two-strong
1,612,marriage,0.2421052631578947,female,0.2285714285714285,0.05590062088711872,two-strong
1,613,male,0.303647628596976,female,0.2436571160679927,0.19756621386640574,two-strong
1,614,marriage,0.2421052631578947,female,0.2285714285714285,0.05590062088711872,two-strong
1,615,male,0.2240601503759398,love,0.1469766369947858,0.34403044409186023,leaning
1,616,marriage,0.2421052631578947,female,0.2285714285714285,0.05590062088711872,two-strong
1,617,marriage,0.2421052631578947,female,0.2285714285714285,0.05590062088711872,two-strong
1,618,marriage,0.2421052631578947,female,0.2285714285714285,0.05590062088711872,two-strong
1,619,marriage,0.2421052631578947,female,0.2285714285714285,0.05590062088711872,two-strong
1,620,marriage,0.2421052631578947,female,0.2285714285714285,0.05590062088711872,two-strong
1,621,marriage,0.2421052631578947,female,0.2285714285714285,0.05590062088711872,two-strong
1,622,marriage,0.2421052631578947,female,0.2285714285714285,0.05590062088711872,two-strong
1,623,marriage,0.2421052631578947,female,0.2285714285714285,0.05590062088711872,two-strong
1,624,marriage,0.2421052631578947,female,0.2285714285714285,0.05590062088711872,two-strong
1,625,marriage,0.2421052631578947,female,0.2285714285714285,0.05590062088711872,two-strong
1,626,marriage,0.2421052631578947,female,0.2285714285714285,0.05590062088711872,two-strong
1,627,marriage,0.2421052631578947,female,0.2285714285714285,0.05590062088711872,two-strong
1,628,marriage,0.2421052631578947,female,0.2285714285714285,0.05590062088711872,two-strong
1,629,marriage,0.2421052631578947,female,0.2285714285714285,0.05590062088711872,two-strong
1,630,marriage,0.2421052631578947,female,0.2285714285714285,0.05590062088711872,two-strong
1,631,marriage,0.2421052631578947,female,0.2285714285714285,0.05590062088711872,two-strong
1,632,marriage,0.2421052631578947,female,0.2285714285714285,0.05590062088711872,two-strong
1,633,marriage,0.2468126838836221,female,0.2285714285714285,0.07390728446876531,two-strong
1,634,marriage,0.2421052631578947,female,0.2285714285714285,0.05590062088711872,two-strong
1,635,marriage,0.2421052631578947,female,0.2285714285714285,0.05590062088711872,two-strong
1,636,marriage,0.2421052631578947,female,0.2285714285714285,0.05590062088711872,two-strong
1,637,marriage,0.2421052631578947,female,0.2285714285714285,0.05590062088711872,two-strong
1,638,marriage,0.2421052631578947,female,0.2285714285714285,0.05590062088711872,two-strong
1,639,marriage,0.2421052631578947,female,0.2285714285714285,0.05590062088711872,two-strong
1,640,marriage,0.2421052631578947,female,0.2285714285714285,0.05590062088711872,two-strong
1,641,female,0.3281804159600476,marriage,0.2937811974846217,0.10481801075782533,two-strong
1,642,marriage,0.2468126838836221,female,0.2336466165413533,0.05334437064479448,two-strong
1,643,marriage,0.2421052631578947,female,0.2285714285714285,0.05590062088711872,two-strong
1,644,marriage,0.2421052631578947,female,0.2285714285714285,0.05590062088711872,two-strong
1,645,marriage,0.2421052631578947,female,0.2285714285714285,0.05590062088711872,two-strong
1,646,marriage,0.2421052631578947,female,0.2285714285714285,0.05590062088711872,two-strong
1,647,marriage,0.2421052631578947,female,0.2285714285714285,0.05590062088711872,two-strong
1,648,female,0.2437969924812029,marriage,0.2421052631578947,0.0069390901797097984,two-strong
1,649,marriage,0.2421052631578947,female,0.2285714285714285,0.05590062088711872,two-strong
1,650,marriage,0.2421052631578947,female,0.2285714285714285,0.05590062088711872,two-strong
1,651,marriage,0.2421052631578947,female,0.2285714285714285,0.05590062088711872,two-strong
1,652,marriage,0.2421052631578947,female,0.2285714285714285,0.05590062088711872,two-strong
1,653,marriage,0.2421052631578947,female,0.2285714285714285,0.05590062088711872,two-strong
1,654,society,0.2803737944017271,marriage,0.2467192213043567,0.12003465961984511,two-strong
1,655,marriage,0.2421052631578947,female,0.2303571428571428,0.048524844520068375,two-strong
1,656,marriage,0.2421052631578947,female,0.2285714285714285,0.05590062088711872,two-strong
1,657,marriage,0.2421052631578947,female,0.2285714285714285,0.05590062088711872,two-strong
1,658,marriage,0.2421052631578947,female,0.2285714285714285,0.05590062088711872,two-strong
1,659,marriage,0.2421052631578947,female,0.2387218045112781,0.01397515522177988,two-strong
1,660,marriage,0.2421052631578947,female,0.2285714285714285,0.05590062088711872,two-strong
1,661,marriage,0.2421052631578947,female,0.2285714285714285,0.05590062088711872,two-strong
1,662,marriage,0.2421052631578947,female,0.2285714285714285,0.05590062088711872,two-strong
1,663,marriage,0.2421052631578947,female,0.2285714285714285,0.05590062088711872,two-strong
1,664,marriage,0.2426718971341397,female,0.2336466165413533,0.03719128857597501,two-strong
1,665,marriage,0.2421052631578947,female,0.2285714285714285,0.05590062088711872,two-strong
1,666,marriage,0.2421052631578947,female,0.2285714285714285,0.05590062088711872,two-strong
1,667,marriage,0.2421052631578947,female,0.2285714285714285,0.05590062088711872,two-strong
1,668,marriage,0.2421052631578947,female,0.2285714285714285,0.05590062088711872,two-strong
1,669,marriage,0.2421052631578947,female,0.2285714285714285,0.05590062088711872,two-strong
1,670,marriage,0.2421052631578947,female,0.2285714285714285,0.05590062088711872,two-strong
1,671,marriage,0.2421052631578947,female,0.2285714285714285,0.05590062088711872,two-strong
1,672,marriage,0.2421052631578947,female,0.2285714285714285,0.05590062088711872,two-strong
1,673,marriage,0.2421052631578947,female,0.2285714285714285,0.05590062088711872,two-strong
1,674,marriage,0.2421052631578947,female,0.2285714285714285,0.05590062088711872,two-strong
1,675,marriage,0.2421052631578947,female,0.2285714285714285,0.05590062088711872,two-strong
1,676,marriage,0.2421052631578947,female,0.2285714285714285,0.05590062088711872,two-strong
1,677,marriage,0.2421052631578947,female,0.2285714285714285,0.05590062088711872,two-strong
1,678,marriage,0.2421052631578947,female,0.2285714285714285,0.05590062088711872,two-strong
1,679,marriage,0.2421052631578947,female,0.2285714285714285,0.05590062088711872,two-strong
1,680,marriage,0.2421052631578947,female,0.2285714285714285,0.05590062088711872,two-strong
1,681,marriage,0.2421052631578947,female,0.2285714285714285,0.05590062088711872,two-strong
1,682,marriage,0.2421052631578947,female,0.2285714285714285,0.05590062088711872,two-strong
1,683,marriage,0.2421052631578947,female,0.2336466165413533,0.034937888054449355,two-strong
1,684,marriage,0.2421052631578947,female,0.2285714285714285,0.05590062088711872,two-strong
1,685,marriage,0.2421052631578947,female,0.2285714285714285,0.05590062088711872,two-strong
1,686,marriage,0.2421052631578947,female,0.2285714285714285,0.05590062088711872,two-strong
1,687,marriage,0.2421052631578947,female,0.2285714285714285,0.05590062088711872,two-strong
1,688,marriage,0.2421052631578947,female,0.2285714285714285,0.05590062088711872,two-strong
1,689,marriage,0.2421052631578947,female,0.2285714285714285,0.05590062088711872,two-strong
1,690,marriage,0.2432385311103846,female,0.2259475511695906,0.07108651655958503,two-strong
1,691,marriage,0.2421052631578947,female,0.2285714285714285,0.05590062088711872,two-strong
1,692,male,0.2453796732364352,marriage,0.2315857902904458,0.056214448034103796,two-strong
1,693,marriage,0.2421052631578947,female,0.2285714285714285,0.05590062088711872,two-strong
1,694,marriage,0.2421052631578947,female,0.2285714285714285,0.05590062088711872,two-strong
1,695,marriage,0.2421052631578947,female,0.2285714285714285,0.05590062088711872,two-strong
1,696,marriage,0.2421052631578947,female,0.2285714285714285,0.05590062088711872,two-strong
1,697,marriage,0.2421052631578947,female,0.2285714285714285,0.05590062088711872,two-strong
1,698,marriage,0.2421052631578947,female,0.2285714285714285,0.05590062088711872,two-strong
1,699,marriage,0.2421052631578947,female,0.2285714285714285,0.05590062088711872,two-strong
1,700,marriage,0.2421052631578947,female,0.2365288220551378,0.023033126198859076,two-strong
1,701,marriage,0.2421052631578947,female,0.2285714285714285,0.05590062088711872,two-strong
1,702,marriage,0.2468126838836221,female,0.2285714285714285,0.07390728446876531,two-strong
1,703,marriage,0.2421052631578947,female,0.2285714285714285,0.05590062088711872,two-strong
1,704,marriage,0.2421052631578947,female,0.2285714285714285,0.05590062088711872,two-strong
1,705,marriage,0.2421052631578947,female,0.2285714285714285,0.05590062088711872,two-strong
1,706,marriage,0.2421052631578947,female,0.2285714285714285,0.05590062088711872,two-strong
1,707,marriage,0.2421052631578947,female,0.2285714285714285,0.05590062088711872,two-strong
1,708,marriage,0.2421052631578947,female,0.2285714285714285,0.05590062088711872,two-strong
1,709,marriage,0.2421052631578947,female,0.2285714285714285,0.05590062088711872,two-strong
1,710,marriage,0.2421052631578947,female,0.2285714285714285,0.05590062088711872,two-strong
1,711,marriage,0.2421052631578947,female,0.2285714285714285,0.05590062088711872,two-strong
1,712,marriage,0.2421052631578947,female,0.2285714285714285,0.05590062088711872,two-strong
1,713,marriage,0.2421052631578947,female,0.2285714285714285,0.05590062088711872,two-strong
1,714,marriage,0.2421052631578947,female,0.2285714285714285,0.05590062088711872,two-strong
1,715,marriage,0.2421052631578947,female,0.2285714285714285,0.05590062088711872,two-strong
1,716,marriage,0.2421052631578947,female,0.2285714285714285,0.05590062088711872,two-strong
1,717,marriage,0.2421052631578947,female,0.2285714285714285,0.05590062088711872,two-strong
1,718,marriage,0.2421052631578947,female,0.2285714285714285,0.05590062088711872,two-strong
1,719,marriage,0.2421052631578947,female,0.2285714285714285,0.05590062088711872,two-strong
1,720,marriage,0.2421052631578947,female,0.2285714285714285,0.05590062088711872,two-strong
1,721,marriage,0.2421052631578947,female,0.2285714285714285,0.05590062088711872,two-strong
1,722,marriage,0.2421052631578947,female,0.2285714285714285,0.05590062088711872,two-strong
1,723,marriage,0.2421052631578947,female,0.2285714285714285,0.05590062088711872,two-strong
1,724,marriage,0.2421052631578947,female,0.2285714285714285,0.05590062088711872,two-strong
1,725,marriage,0.2421052631578947,female,0.2285714285714285,0.05590062088711872,two-strong
1,726,marriage,0.2421052631578947,female,0.2285714285714285,0.05590062088711872,two-strong
1,727,marriage,0.2421052631578947,female,0.2303571428571428,0.048524844520068375,two-strong
1,728,marriage,0.2421052631578947,female,0.2285714285714285,0.05590062088711872,two-strong
1,729,marriage,0.2421052631578947,female,0.2285714285714285,0.05590062088711872,two-strong
1,730,marriage,0.2421052631578947,female,0.2285714285714285,0.05590062088711872,two-strong
1,731,marriage,0.2421052631578947,female,0.2285714285714285,0.05590062088711872,two-strong
1,732,marriage,0.2421052631578947,female,0.2292606516290727,0.05305383000860774,two-strong
1,733,duty,0.2262444427810885,emotion,0.2179455134541845,0.03668125142968786,two-strong
1,734,marriage,0.2421052631578947,female,0.2285714285714285,0.05590062088711872,two-strong
1,735,marriage,0.2421052631578947,female,0.2285714285714285,0.05590062088711872,two-strong
1,736,marriage,0.2421052631578947,female,0.2285714285714285,0.05590062088711872,two-strong
1,737,marriage,0.2421052631578947,female,0.2336466165413533,0.034937888054449355,two-strong
1,738,marriage,0.2421052631578947,female,0.2285714285714285,0.05590062088711872,two-strong
1,739,marriage,0.2421052631578947,female,0.2303571428571428,0.048524844520068375,two-strong
1,740,marriage,0.2421052631578947,female,0.2285714285714285,0.05590062088711872,two-strong
1,741,marriage,0.2421052631578947,female,0.2285714285714285,0.05590062088711872,two-strong
1,742,marriage,0.2421052631578947,female,0.2285714285714285,0.05590062088711872,two-strong
1,743,marriage,0.2421052631578947,female,0.2285714285714285,0.05590062088711872,two-strong
1,744,marriage,0.2421052631578947,female,0.2285714285714285,0.05590062088711872,two-strong
1,745,marriage,0.2421052631578947,female,0.2285714285714285,0.05590062088711872,two-strong
1,746,marriage,0.2421052631578947,female,0.2285714285714285,0.05590062088711872,two-strong
1,747,marriage,0.2421052631578947,female,0.2285714285714285,0.05590062088711872,two-strong
1,748,marriage,0.2421052631578947,female,0.2285714285714285,0.05590062088711872,two-strong
1,749,marriage,0.2421052631578947,female,0.2285714285714285,0.05590062088711872,two-strong
1,750,marriage,0.2421052631578947,female,0.2285714285714285,0.05590062088711872,two-strong
1,751,marriage,0.2421052631578947,female,0.2285714285714285,0.05590062088711872,two-strong
1,752,marriage,0.2421052631578947,female,0.2285714285714285,0.05590062088711872,two-strong
1,753,marriage,0.2421052631578947,female,0.2285714285714285,0.05590062088711872,two-strong
1,754,marriage,0.2421052631578947,female,0.2285714285714285,0.05590062088711872,two-strong
1,755,marriage,0.2421052631578947,female,0.2285714285714285,0.05590062088711872,two-strong
1,756,marriage,0.2421052631578947,female,0.2285714285714285,0.05590062088711872,two-strong
1,757,marriage,0.2421052631578947,female,0.2285714285714285,0.05590062088711872,two-strong
1,758,marriage,0.2421052631578947,female,0.2285714285714285,0.05590062088711872,two-strong
1,759,marriage,0.2421052631578947,female,0.2285714285714285,0.05590062088711872,two-strong
1,760,marriage,0.2421052631578947,female,0.2285714285714285,0.05590062088711872,two-strong
1,761,marriage,0.2421052631578947,female,0.2285714285714285,0.05590062088711872,two-strong
1,762,marriage,0.2421052631578947,female,0.2285714285714285,0.05590062088711872,two-strong
1,763,marriage,0.2421052631578947,female,0.2285714285714285,0.05590062088711872,two-strong
1,764,marriage,0.2421052631578947,female,0.2285714285714285,0.05590062088711872,two-strong
1,765,marriage,0.2421052631578947,female,0.2285714285714285,0.05590062088711872,two-strong
1,766,marriage,0.2421052631578947,female,0.2285714285714285,0.05590062088711872,two-strong
1,767,marriage,0.2421052631578947,female,0.2285714285714285,0.05590062088711872,two-strong
1,768,marriage,0.2421052631578947,female,0.2285714285714285,0.05590062088711872,two-strong
1,769,marriage,0.2421052631578947,female,0.2285714285714285,0.05590062088711872,two-strong
1,770,marriage,0.2421052631578947,female,0.2285714285714285,0.05590062088711872,two-strong
1,771,marriage,0.2421052631578947,female,0.2285714285714285,0.05590062088711872,two-strong
1,772,marriage,0.2421052631578947,female,0.2285714285714285,0.05590062088711872,two-strong
1,773,marriage,0.2421052631578947,female,0.2285714285714285,0.05590062088711872,two-strong
1,774,marriage,0.2421052631578947,female,0.2285714285714285,0.05590062088711872,two-strong
1,775,marriage,0.2421052631578947,female,0.2285714285714285,0.05590062088711872,two-strong
1,776,marriage,0.2421052631578947,female,0.2285714285714285,0.05590062088711872,two-strong
1,777,marriage,0.2421052631578947,female,0.2285714285714285,0.05590062088711872,two-strong
1,778,marriage,0.2421052631578947,female,0.2336466165413533,0.034937888054449355,two-strong
1,779,marriage,0.2421052631578947,female,0.2285714285714285,0.05590062088711872,two-strong
1,780,marriage,0.2421052631578947,female,0.2285714285714285,0.05590062088711872,two-strong
1,781,marriage,0.2421052631578947,female,0.2285714285714285,0.05590062088711872,two-strong
1,782,marriage,0.2421052631578947,female,0.2285714285714285,0.05590062088711872,two-strong
1,783,marriage,0.2421052631578947,female,0.2285714285714285,0.05590062088711872,two-strong
1,784,marriage,0.2421052631578947,female,0.2285714285714285,0.05590062088711872,two-strong
1,785,female,0.2437969924812029,marriage,0.2421052631578947,0.0069390901797097984,two-strong
1,786,marriage,0.2421052631578947,female,0.2285714285714285,0.05590062088711872,two-strong
1,787,marriage,0.2468126838836221,female,0.2387218045112781,0.03278145682082354,two-strong
1,788,marriage,0.2421052631578947,female,0.2285714285714285,0.05590062088711872,two-strong
1,789,marriage,0.2421052631578947,female,0.2285714285714285,0.05590062088711872,two-strong
1,790,marriage,0.2421052631578947,female,0.2285714285714285,0.05590062088711872,two-strong
1,791,marriage,0.2421052631578947,female,0.2285714285714285,0.05590062088711872,two-strong
1,792,marriage,0.2421052631578947,female,0.2285714285714285,0.05590062088711872,two-strong
1,793,marriage,0.2515201046093495,female,0.2285714285714285,0.09123992685325878,two-strong
1,794,marriage,0.2421052631578947,female,0.2285714285714285,0.05590062088711872,two-strong
1,795,marriage,0.2421052631578947,female,0.2285714285714285,0.05590062088711872,two-strong
1,796,marriage,0.2421052631578947,female,0.2285714285714285,0.05590062088711872,two-strong
1,797,marriage,0.2421052631578947,female,0.2285714285714285,0.05590062088711872,two-strong
1,798,marriage,0.2421052631578947,female,0.2285714285714285,0.05590062088711872,two-strong
1,799,marriage,0.2421052631578947,female,0.2285714285714285,0.05590062088711872,two-strong
1,800,marriage,0.2421052631578947,female,0.2285714285714285,0.05590062088711872,two-strong
1,801,marriage,0.2421052631578947,female,0.2336466165413533,0.034937888054449355,two-strong
1,802,marriage,0.2421052631578947,female,0.2285714285714285,0.05590062088711872,two-strong
1,803,female,0.2387218045112781,family,0.1816452896948253,0.23909217130043994,leaning
1,804,marriage,0.2421052631578947,female,0.2285714285714285,0.05590062088711872,two-strong
1,805,marriage,0.2421052631578947,female,0.2285714285714285,0.05590062088711872,two-strong
1,806,marriage,0.2421052631578947,female,0.2285714285714285,0.05590062088711872,two-strong
1,807,marriage,0.2421052631578947,female,0.2285714285714285,0.05590062088711872,two-strong
1,808,marriage,0.2421052631578947,female,0.2285714285714285,0.05590062088711872,two-strong
1,809,marriage,0.2421052631578947,female,0.2285714285714285,0.05590062088711872,two-strong
1,810,marriage,0.2421052631578947,female,0.2285714285714285,0.05590062088711872,two-strong
1,811,marriage,0.2421052631578947,female,0.2285714285714285,0.05590062088711872,two-strong
1,812,marriage,0.2421052631578947,female,0.2285714285714285,0.05590062088711872,two-strong
1,813,marriage,0.2421052631578947,female,0.2285714285714285,0.05590062088711872,two-strong
1,814,marriage,0.2421052631578947,female,0.2285714285714285,0.05590062088711872,two-strong
1,815,marriage,0.2421052631578947,female,0.2285714285714285,0.05590062088711872,two-strong
1,816,marriage,0.2421052631578947,female,0.2285714285714285,0.05590062088711872,two-strong
1,817,marriage,0.2421052631578947,female,0.2285714285714285,0.05590062088711872,two-strong
1,818,marriage,0.2421052631578947,female,0.2303571428571428,0.048524844520068375,two-strong
1,819,marriage,0.2516206905222923,female,0.2387218045112781,0.051263216601848544,two-strong
1,820,marriage,0.2421052631578947,female,0.2285714285714285,0.05590062088711872,two-strong
1,821,female,0.260026268537572,marriage,0.2263133215460107,0.12965208112055773,two-strong
1,822,marriage,0.2421052631578947,female,0.2285714285714285,0.05590062088711872,two-strong
1,823,marriage,0.2421052631578947,female,0.2285714285714285,0.05590062088711872,two-strong
1,824,marriage,0.2421542987904544,female,0.2387218045112781,0.01417482275617879,two-strong
1,825,marriage,0.2421052631578947,female,0.2285714285714285,0.05590062088711872,two-strong
1,826,marriage,0.2421052631578947,female,0.2285714285714285,0.05590062088711872,two-strong
1,827,marriage,0.2421052631578947,female,0.2285714285714285,0.05590062088711872,two-strong
1,828,marriage,0.2421052631578947,female,0.2285714285714285,0.05590062088711872,two-strong
1,829,marriage,0.2421052631578947,female,0.2285714285714285,0.05590062088711872,two-strong
1,830,marriage,0.2421052631578947,female,0.2285714285714285,0.05590062088711872,two-strong
1,831,marriage,0.2421052631578947,female,0.2336466165413533,0.034937888054449355,two-strong
1,832,marriage,0.2421052631578947,female,0.2285714285714285,0.05590062088711872,two-strong
1,833,marriage,0.2421052631578947,female,0.2285714285714285,0.05590062088711872,two-strong
1,834,marriage,0.2421052631578947,female,0.2285714285714285,0.05590062088711872,two-strong
1,835,marriage,0.2421052631578947,female,0.2285714285714285,0.05590062088711872,two-strong
1,836,marriage,0.2421052631578947,female,0.2285714285714285,0.05590062088711872,two-strong
1,837,marriage,0.2421052631578947,female,0.2285714285714285,0.05590062088711872,two-strong
1,838,marriage,0.2421052631578947,female,0.2285714285714285,0.05590062088711872,two-strong
1,839,marriage,0.2421052631578947,female,0.2285714285714285,0.05590062088711872,two-strong
1,840,marriage,0.2421052631578947,female,0.2285714285714285,0.05590062088711872,two-strong
1,841,marriage,0.2421052631578947,female,0.2285714285714285,0.05590062088711872,two-strong
1,842,marriage,0.2421052631578947,female,0.2285714285714285,0.05590062088711872,two-strong
1,843,marriage,0.2421052631578947,female,0.2285714285714285,0.05590062088711872,two-strong
1,844,marriage,0.2421052631578947,female,0.2285714285714285,0.05590062088711872,two-strong
1,845,marriage,0.2421052631578947,female,0.2285714285714285,0.05590062088711872,two-strong
1,846,marriage,0.2421052631578947,female,0.2285714285714285,0.05590062088711872,two-strong
1,847,marriage,0.2421052631578947,female,0.2285714285714285,0.05590062088711872,two-strong
1,848,marriage,0.2421052631578947,female,0.2285714285714285,0.05590062088711872,two-strong
1,849,marriage,0.2421052631578947,female,0.2285714285714285,0.05590062088711872,two-strong
1,850,marriage,0.2421052631578947,female,0.2285714285714285,0.05590062088711872,two-strong
1,851,marriage,0.2838866229859412,emotion,0.2079503350336015,0.2674880798755078,leaning
1,852,marriage,0.2421052631578947,female,0.2285714285714285,0.05590062088711872,two-strong
1,853,marriage,0.2421052631578947,female,0.2285714285714285,0.05590062088711872,two-strong
1,854,marriage,0.2421052631578947,female,0.2285714285714285,0.05590062088711872,two-strong
1,855,marriage,0.2421052631578947,female,0.2285714285714285,0.05590062088711872,two-strong
1,856,marriage,0.2421052631578947,female,0.2285714285714285,0.05590062088711872,two-strong
1,857,marriage,0.2421052631578947,female,0.2285714285714285,0.05590062088711872,two-strong
1,858,marriage,0.2421052631578947,female,0.2285714285714285,0.05590062088711872,two-strong
1,859,marriage,0.2421052631578947,female,0.2285714285714285,0.05590062088711872,two-strong
1,860,marriage,0.2421052631578947,female,0.2285714285714285,0.05590062088711872,two-strong
1,861,marriage,0.2421052631578947,female,0.2285714285714285,0.05590062088711872,two-strong
1,862,marriage,0.2421052631578947,female,0.2285714285714285,0.05590062088711872,two-strong
1,863,marriage,0.2421052631578947,female,0.2285714285714285,0.05590062088711872,two-strong
1,864,marriage,0.2421052631578947,female,0.2285714285714285,0.05590062088711872,two-strong
1,865,marriage,0.2421052631578947,female,0.2285714285714285,0.05590062088711872,two-strong
1,866,male,0.2322291797013322,female,0.2208316596258004,0.04907875935793807,two-strong
1,867,marriage,0.2421052631578947,female,0.2285714285714285,0.05590062088711872,two-strong
1,868,marriage,0.2555788062666444,society,0.2394449570548262,0.06312670985660333,two-strong
1,869,marriage,0.2421052631578947,female,0.2285714285714285,0.05590062088711872,two-strong
1,870,marriage,0.2418927754168028,female,0.237875939849624,0.016605851678089943,two-strong
1,871,marriage,0.2421052631578947,female,0.2285714285714285,0.05590062088711872,two-strong
1,872,marriage,0.2437070938215103,female,0.2387218045112781,0.020456069667907598,two-strong
1,873,marriage,0.2421052631578947,female,0.2285714285714285,0.05590062088711872,two-strong
1,874,marriage,0.2421052631578947,female,0.2285714285714285,0.05590062088711872,two-strong
1,875,marriage,0.2421052631578947,female,0.2285714285714285,0.05590062088711872,two-strong
1,876,marriage,0.2468126838836221,female,0.2285714285714285,0.07390728446876531,two-strong
1,877,marriage,0.2421052631578947,female,0.2285714285714285,0.05590062088711872,two-strong
1,878,marriage,0.2421052631578947,female,0.2285714285714285,0.05590062088711872,two-strong
1,879,marriage,0.2421052631578947,female,0.2285714285714285,0.05590062088711872,two-strong
1,880,marriage,0.2421052631578947,female,0.2285714285714285,0.05590062088711872,two-strong
1,881,marriage,0.2421052631578947,female,0.2285714285714285,0.05590062088711872,two-strong
1,882,marriage,0.2421052631578947,female,0.2285714285714285,0.05590062088711872,two-strong
1,883,marriage,0.2421052631578947,female,0.2336466165413533,0.034937888054449355,two-strong
1,884,marriage,0.2421052631578947,female,0.2285714285714285,0.05590062088711872,two-strong
1,885,marriage,0.2421052631578947,female,0.2303571428571428,0.048524844520068375,two-strong
1,886,marriage,0.2421052631578947,female,0.2285714285714285,0.05590062088711872,two-strong
1,887,marriage,0.2421052631578947,female,0.2285714285714285,0.05590062088711872,two-strong
1,888,marriage,0.2421052631578947,female,0.2285714285714285,0.05590062088711872,two-strong
1,889,marriage,0.2421052631578947,female,0.2285714285714285,0.05590062088711872,two-strong
1,890,marriage,0.2421052631578947,female,0.2285714285714285,0.05590062088711872,two-strong
1,891,marriage,0.2421052631578947,female,0.2285714285714285,0.05590062088711872,two-strong
1,892,marriage,0.2421052631578947,female,0.2285714285714285,0.05590062088711872,two-strong
1,893,marriage,0.2421052631578947,female,0.2285714285714285,0.05590062088711872,two-strong
1,894,marriage,0.2421052631578947,female,0.2285714285714285,0.05590062088711872,two-strong
1,895,marriage,0.2421052631578947,female,0.2387218045112781,0.01397515522177988,two-strong
1,896,marriage,0.2421052631578947,female,0.2336466165413533,0.034937888054449355,two-strong
1,897,marriage,0.2421052631578947,female,0.2285714285714285,0.05590062088711872,two-strong
1,898,emotion,0.1887155906294662,,,0.9999999947010207,dominant
1,899,marriage,0.2421052631578947,female,0.2285714285714285,0.05590062088711872,two-strong
1,900,marriage,0.2421052631578947,female,0.2285714285714285,0.05590062088711872,two-strong
1,901,marriage,0.2421052631578947,female,0.2285714285714285,0.05590062088711872,two-strong
1,902,marriage,0.2421052631578947,female,0.2285714285714285,0.05590062088711872,two-strong
1,903,marriage,0.2421052631578947,female,0.2285714285714285,0.05590062088711872,two-strong
1,904,marriage,0.2421052631578947,female,0.2285714285714285,0.05590062088711872,two-strong
1,905,marriage,0.2421052631578947,female,0.2285714285714285,0.05590062088711872,two-strong
1,906,marriage,0.2421052631578947,female,0.2285714285714285,0.05590062088711872,two-strong
1,907,male,0.2810762363189522,female,0.2599359603204267,0.07521189340006879,two-strong
1,908,marriage,0.2421052631578947,female,0.2285714285714285,0.05590062088711872,two-strong
1,909,marriage,0.2421052631578947,female,0.2285714285714285,0.05590062088711872,two-strong
1,910,marriage,0.2421052631578947,female,0.2285714285714285,0.05590062088711872,two-strong
1,911,marriage,0.2421052631578947,female,0.2285714285714285,0.05590062088711872,two-strong
1,912,marriage,0.2421052631578947,female,0.2285714285714285,0.05590062088711872,two-strong
1,913,marriage,0.2421052631578947,female,0.2285714285714285,0.05590062088711872,two-strong
1,914,marriage,0.2421052631578947,female,0.2285714285714285,0.05590062088711872,two-strong
1,915,marriage,0.2421052631578947,female,0.2285714285714285,0.05590062088711872,two-strong
1,916,marriage,0.2421052631578947,female,0.2285714285714285,0.05590062088711872,two-strong
1,917,marriage,0.2421052631578947,female,0.2285714285714285,0.05590062088711872,two-strong
1,918,marriage,0.2421052631578947,female,0.2285714285714285,0.05590062088711872,two-strong
1,919,marriage,0.2421052631578947,female,0.2285714285714285,0.05590062088711872,two-strong
1,920,marriage,0.2421052631578947,female,0.2285714285714285,0.05590062088711872,two-strong
1,921,marriage,0.2421052631578947,female,0.2285714285714285,0.05590062088711872,two-strong
1,922,marriage,0.2421052631578947,female,0.2285714285714285,0.05590062088711872,two-strong
1,923,marriage,0.2421052631578947,female,0.2285714285714285,0.05590062088711872,two-strong
1,924,marriage,0.2421052631578947,female,0.2285714285714285,0.05590062088711872,two-strong
1,925,marriage,0.2421052631578947,female,0.2285714285714285,0.05590062088711872,two-strong
1,926,marriage,0.2421052631578947,female,0.2285714285714285,0.05590062088711872,two-strong
1,927,marriage,0.2421052631578947,female,0.2285714285714285,0.05590062088711872,two-strong
1,928,marriage,0.2421052631578947,female,0.2285714285714285,0.05590062088711872,two-strong
1,929,marriage,0.2421052631578947,female,0.2285714285714285,0.05590062088711872,two-strong
1,930,marriage,0.2421052631578947,female,0.2285714285714285,0.05590062088711872,two-strong
1,931,marriage,0.2463441211724964,female,0.2365288220551378,0.03984385351190021,two-strong
1,932,marriage,0.2421052631578947,female,0.2285714285714285,0.05590062088711872,two-strong
1,933,marriage,0.2421052631578947,female,0.2285714285714285,0.05590062088711872,two-strong
1,934,marriage,0.2421052631578947,female,0.2285714285714285,0.05590062088711872,two-strong
1,935,marriage,0.2481851290302963,female,0.2474234409222659,0.003069032008232807,two-strong
1,936,marriage,0.2421052631578947,female,0.2285714285714285,0.05590062088711872,two-strong
1,937,marriage,0.2421052631578947,female,0.2285714285714285,0.05590062088711872,two-strong
1,938,marriage,0.2421052631578947,female,0.2285714285714285,0.05590062088711872,two-strong
1,939,marriage,0.2421052631578947,female,0.2285714285714285,0.05590062088711872,two-strong
1,940,marriage,0.2421052631578947,female,0.2285714285714285,0.05590062088711872,two-strong
1,941,marriage,0.2421052631578947,female,0.2285714285714285,0.05590062088711872,two-strong
1,942,marriage,0.2421052631578947,female,0.2285714285714285,0.05590062088711872,two-strong
1,943,marriage,0.2421052631578947,female,0.2285714285714285,0.05590062088711872,two-strong
1,944,marriage,0.2421052631578947,female,0.2285714285714285,0.05590062088711872,two-strong
1,945,love,0.1907700285195747,emotion,0.1887155906294662,0.010769185785011914,two-strong
1,946,marriage,0.2421052631578947,female,0.2285714285714285,0.05590062088711872,two-strong
1,947,female,0.2914976755980076,marriage,0.2882389101231877,0.011179387475235114,two-strong
1,948,marriage,0.2421052631578947,female,0.2285714285714285,0.05590062088711872,two-strong
1,949,marriage,0.2421052631578947,female,0.2285714285714285,0.05590062088711872,two-strong
1,950,marriage,0.2421052631578947,female,0.2336466165413533,0.034937888054449355,two-strong
1,951,marriage,0.2421052631578947,female,0.2285714285714285,0.05590062088711872,two-strong
1,952,marriage,0.2421052631578947,female,0.2285714285714285,0.05590062088711872,two-strong
1,953,marriage,0.2421052631578947,female,0.2285714285714285,0.05590062088711872,two-strong
1,954,marriage,0.2421052631578947,female,0.2285714285714285,0.05590062088711872,two-strong
1,955,marriage,0.2421052631578947,female,0.2285714285714285,0.05590062088711872,two-strong
1,956,female,0.2892773343626124,marriage,0.2121099887703466,0.2667590445533372,leaning
1,957,marriage,0.2421052631578947,female,0.2285714285714285,0.05590062088711872,two-strong
1,958,marriage,0.2421052631578947,female,0.2285714285714285,0.05590062088711872,two-strong
1,959,marriage,0.2421052631578947,female,0.2285714285714285,0.05590062088711872,two-strong
1,960,marriage,0.2421052631578947,female,0.2285714285714285,0.05590062088711872,two-strong
1,961,marriage,0.2421052631578947,female,0.2285714285714285,0.05590062088711872,two-strong
1,962,marriage,0.2421052631578947,female,0.2285714285714285,0.05590062088711872,two-strong
1,963,marriage,0.2421052631578947,female,0.2336466165413533,0.034937888054449355,two-strong
1,964,marriage,0.2421052631578947,female,0.2285714285714285,0.05590062088711872,two-strong
1,965,marriage,0.2421052631578947,female,0.2285714285714285,0.05590062088711872,two-strong
1,966,marriage,0.241636700446769,female,0.2285714285714285,0.05406989831062017,two-strong
1,967,marriage,0.2421052631578947,female,0.2285714285714285,0.05590062088711872,two-strong
1,968,marriage,0.2421052631578947,female,0.2285714285714285,0.05590062088711872,two-strong
1,969,marriage,0.2421052631578947,female,0.2285714285714285,0.05590062088711872,two-strong
1,970,marriage,0.2421052631578947,female,0.2285714285714285,0.05590062088711872,two-strong
1,971,marriage,0.2421052631578947,female,0.2285714285714285,0.05590062088711872,two-strong
1,972,marriage,0.2421052631578947,female,0.2285714285714285,0.05590062088711872,two-strong
1,973,marriage,0.2421052631578947,female,0.2285714285714285,0.05590062088711872,two-strong
1,974,marriage,0.2421052631578947,female,0.2285714285714285,0.05590062088711872,two-strong
1,975,marriage,0.2421052631578947,female,0.2285714285714285,0.05590062088711872,two-strong
1,976,marriage,0.2421052631578947,female,0.2285714285714285,0.05590062088711872,two-strong
1,977,marriage,0.2421052631578947,female,0.2285714285714285,0.05590062088711872,two-strong
1,978,marriage,0.2421052631578947,female,0.2285714285714285,0.05590062088711872,two-strong
1,979,marriage,0.2421052631578947,female,0.2285714285714285,0.05590062088711872,two-strong
1,980,marriage,0.2421052631578947,female,0.2285714285714285,0.05590062088711872,two-strong
1,981,marriage,0.2468126838836221,female,0.2285714285714285,0.07390728446876531,two-strong
1,982,marriage,0.2421052631578947,female,0.2285714285714285,0.05590062088711872,two-strong
1,983,marriage,0.2421052631578947,female,0.2285714285714285,0.05590062088711872,two-strong
1,984,marriage,0.2421052631578947,female,0.2285714285714285,0.05590062088711872,two-strong
1,985,marriage,0.2468126838836221,female,0.2285714285714285,0.07390728446876531,two-strong
1,986,marriage,0.2421052631578947,female,0.2285714285714285,0.05590062088711872,two-strong
1,987,marriage,0.2421052631578947,female,0.2285714285714285,0.05590062088711872,two-strong
1,988,marriage,0.2421052631578947,female,0.2285714285714285,0.05590062088711872,two-strong
1,989,marriage,0.2468126838836221,female,0.2336466165413533,0.05334437064479448,two-strong
1,990,marriage,0.2421052631578947,female,0.2285714285714285,0.05590062088711872,two-strong
1,991,marriage,0.2421052631578947,female,0.2285714285714285,0.05590062088711872,two-strong
1,992,marriage,0.2421052631578947,female,0.2285714285714285,0.05590062088711872,two-strong
1,993,marriage,0.2421052631578947,female,0.2285714285714285,0.05590062088711872,two-strong
1,994,marriage,0.2421052631578947,female,0.2285714285714285,0.05590062088711872,two-strong
1,995,marriage,0.2421052631578947,female,0.2285714285714285,0.05590062088711872,two-strong
1,996,marriage,0.2421052631578947,female,0.2285714285714285,0.05590062088711872,two-strong
1,997,marriage,0.2421052631578947,female,0.2285714285714285,0.05590062088711872,two-strong
1,998,marriage,0.2421052631578947,female,0.2285714285714285,0.05590062088711872,two-strong
1,999,family,0.2712146541299601,female,0.2303691947428243,0.15060196274262372,two-strong
1,1000,marriage,0.2421052631578947,female,0.2285714285714285,0.05590062088711872,two-strong
1,1001,marriage,0.2421052631578947,female,0.2285714285714285,0.05590062088711872,two-strong
1,1002,marriage,0.2421052631578947,female,0.2285714285714285,0.05590062088711872,two-strong
1,1003,marriage,0.2421052631578947,female,0.2285714285714285,0.05590062088711872,two-strong
1,1004,marriage,0.2421052631578947,female,0.2285714285714285,0.05590062088711872,two-strong
1,1005,marriage,0.2421052631578947,female,0.2285714285714285,0.05590062088711872,two-strong
1,1006,marriage,0.2421052631578947,female,0.2285714285714285,0.05590062088711872,two-strong
1,1007,marriage,0.2421052631578947,female,0.2285714285714285,0.05590062088711872,two-strong
1,1008,marriage,0.2421052631578947,female,0.2285714285714285,0.05590062088711872,two-strong
1,1009,marriage,0.2421052631578947,female,0.2285714285714285,0.05590062088711872,two-strong
1,1010,marriage,0.2421052631578947,female,0.2285714285714285,0.05590062088711872,two-strong
1,1011,marriage,0.2421052631578947,female,0.2285714285714285,0.05590062088711872,two-strong
1,1012,marriage,0.2421052631578947,female,0.2285714285714285,0.05590062088711872,two-strong
1,1013,marriage,0.2421052631578947,female,0.2285714285714285,0.05590062088711872,two-strong
1,1014,marriage,0.2421052631578947,female,0.2285714285714285,0.05590062088711872,two-strong
1,1015,marriage,0.2421052631578947,female,0.2285714285714285,0.05590062088711872,two-strong
1,1016,marriage,0.2421052631578947,female,0.2285714285714285,0.05590062088711872,two-strong
1,1017,marriage,0.2421052631578947,female,0.2285714285714285,0.05590062088711872,two-strong
1,1018,marriage,0.2421052631578947,female,0.2285714285714285,0.05590062088711872,two-strong
1,1019,marriage,0.2421052631578947,female,0.2285714285714285,0.05590062088711872,two-strong
1,1020,marriage,0.2421052631578947,female,0.2285714285714285,0.05590062088711872,two-strong
1,1021,female,0.2332393483709273,male,0.2060150375939849,0.11672263213891405,two-strong
1,1022,marriage,0.2421052631578947,female,0.2285714285714285,0.05590062088711872,two-strong
1,1023,marriage,0.2421052631578947,female,0.2285714285714285,0.05590062088711872,two-strong
1,1024,marriage,0.2609349460608042,female,0.2336466165413533,0.10457905246816959,two-strong
1,1025,marriage,0.2421052631578947,female,0.2285714285714285,0.05590062088711872,two-strong
1,1026,marriage,0.2421052631578947,female,0.2285714285714285,0.05590062088711872,two-strong
1,1027,marriage,0.2421052631578947,female,0.2285714285714285,0.05590062088711872,two-strong
1,1028,marriage,0.2421052631578947,female,0.2285714285714285,0.05590062088711872,two-strong
1,1029,marriage,0.2421052631578947,female,0.2285714285714285,0.05590062088711872,two-strong
1,1030,marriage,0.2421052631578947,female,0.2285714285714285,0.05590062088711872,two-strong
1,1031,marriage,0.2421052631578947,female,0.2285714285714285,0.05590062088711872,two-strong
1,1032,female,0.2836911626385311,marriage,0.2438051650866296,0.14059654534295885,two-strong
1,1033,marriage,0.2421052631578947,female,0.2285714285714285,0.05590062088711872,two-strong
1,1034,marriage,0.2837605530100592,male,0.2462997783542349,0.13201544092874987,two-strong
1,1035,marriage,0.2421052631578947,female,0.2285714285714285,0.05590062088711872,two-strong
1,1036,marriage,0.2421052631578947,female,0.2285714285714285,0.05590062088711872,two-strong
1,1037,marriage,0.2421052631578947,female,0.2285714285714285,0.05590062088711872,two-strong
1,1038,marriage,0.2421052631578947,female,0.2285714285714285,0.05590062088711872,two-strong
1,1039,marriage,0.2421052631578947,female,0.2285714285714285,0.05590062088711872,two-strong
1,1040,marriage,0.2421052631578947,female,0.2285714285714285,0.05590062088711872,two-strong
1,1041,marriage,0.2421052631578947,female,0.2387218045112781,0.01397515522177988,two-strong
1,1042,marriage,0.2437070938215103,female,0.2303571428571428,0.05477867180742083,two-strong
1,1043,marriage,0.2421052631578947,female,0.2285714285714285,0.05590062088711872,two-strong
1,1044,marriage,0.2421052631578947,female,0.2285714285714285,0.05590062088711872,two-strong
1,1045,marriage,0.2421052631578947,female,0.2285714285714285,0.05590062088711872,two-strong
1,1046,marriage,0.2421052631578947,female,0.2285714285714285,0.05590062088711872,two-strong
1,1047,marriage,0.2421052631578947,female,0.2285714285714285,0.05590062088711872,two-strong
1,1048,marriage,0.2421052631578947,female,0.2285714285714285,0.05590062088711872,two-strong
1,1049,marriage,0.2421052631578947,female,0.2285714285714285,0.05590062088711872,two-strong
1,1050,marriage,0.2421052631578947,female,0.2285714285714285,0.05590062088711872,two-strong
1,1051,marriage,0.2421052631578947,female,0.2285714285714285,0.05590062088711872,two-strong
1,1052,marriage,0.2421052631578947,female,0.2285714285714285,0.05590062088711872,two-strong
1,1053,marriage,0.2421052631578947,female,0.2285714285714285,0.05590062088711872,two-strong
1,1054,marriage,0.2421052631578947,female,0.2285714285714285,0.05590062088711872,two-strong
1,1055,marriage,0.2421052631578947,female,0.2285714285714285,0.05590062088711872,two-strong
1,1056,marriage,0.2421052631578947,female,0.2285714285714285,0.05590062088711872,two-strong
1,1057,marriage,0.2421052631578947,female,0.2285714285714285,0.05590062088711872,two-strong
1,1058,marriage,0.2421052631578947,female,0.2336466165413533,0.034937888054449355,two-strong
1,1059,marriage,0.2421052631578947,female,0.2285714285714285,0.05590062088711872,two-strong
1,1060,marriage,0.2421052631578947,female,0.2285714285714285,0.05590062088711872,two-strong
1,1061,marriage,0.2421052631578947,female,0.2285714285714285,0.05590062088711872,two-strong
1,1062,marriage,0.2421052631578947,female,0.2336466165413533,0.034937888054449355,two-strong
1,1063,marriage,0.2421052631578947,female,0.2285714285714285,0.05590062088711872,two-strong
1,1064,marriage,0.2421052631578947,female,0.2285714285714285,0.05590062088711872,two-strong
1,1065,marriage,0.2421052631578947,female,0.2285714285714285,0.05590062088711872,two-strong
1,1066,marriage,0.2609349460608042,female,0.2287124060150376,0.12348878679810553,two-strong
1,1067,marriage,0.2421052631578947,female,0.2285714285714285,0.05590062088711872,two-strong
1,1068,marriage,0.2421052631578947,female,0.2285714285714285,0.05590062088711872,two-strong
1,1069,marriage,0.2421052631578947,female,0.2285714285714285,0.05590062088711872,two-strong
1,1070,marriage,0.2421052631578947,female,0.2285714285714285,0.05590062088711872,two-strong
1,1071,marriage,0.2421052631578947,female,0.2285714285714285,0.05590062088711872,two-strong
1,1072,marriage,0.2421052631578947,female,0.2285714285714285,0.05590062088711872,two-strong
1,1073,marriage,0.2421052631578947,female,0.2285714285714285,0.05590062088711872,two-strong
1,1074,marriage,0.2421052631578947,female,0.2285714285714285,0.05590062088711872,two-strong
1,1075,marriage,0.2421052631578947,female,0.2285714285714285,0.05590062088711872,two-strong
1,1076,marriage,0.2421052631578947,female,0.2285714285714285,0.05590062088711872,two-strong
1,1077,marriage,0.2421052631578947,female,0.2285714285714285,0.05590062088711872,two-strong
1,1078,marriage,0.2421052631578947,female,0.2292606516290727,0.05305383000860774,two-strong
1,1079,marriage,0.2468126838836221,female,0.2285714285714285,0.07390728446876531,two-strong
1,1080,marriage,0.2421052631578947,female,0.2285714285714285,0.05590062088711872,two-strong
1,1081,marriage,0.2421052631578947,female,0.2285714285714285,0.05590062088711872,two-strong
1,1082,marriage,0.2421052631578947,female,0.2285714285714285,0.05590062088711872,two-strong
1,1083,marriage,0.2421052631578947,female,0.2285714285714285,0.05590062088711872,two-strong
1,1084,marriage,0.2421052631578947,female,0.2285714285714285,0.05590062088711872,two-strong
1,1085,marriage,0.2426718971341397,female,0.2285714285714285,0.05810507385126642,two-strong
1,1086,marriage,0.2421052631578947,female,0.2285714285714285,0.05590062088711872,two-strong
1,1087,marriage,0.2421052631578947,female,0.2336466165413533,0.034937888054449355,two-strong
1,1088,marriage,0.2421052631578947,female,0.2285714285714285,0.05590062088711872,two-strong
1,1089,female,0.2437969924812029,marriage,0.2421052631578947,0.0069390901797097984,two-strong
1,1090,marriage,0.2421052631578947,female,0.2285714285714285,0.05590062088711872,two-strong
1,1091,marriage,0.2421052631578947,female,0.2285714285714285,0.05590062088711872,two-strong
1,1092,marriage,0.2421052631578947,female,0.2285714285714285,0.05590062088711872,two-strong
1,1093,marriage,0.2421052631578947,female,0.2285714285714285,0.05590062088711872,two-strong
1,1094,marriage,0.2421052631578947,female,0.2285714285714285,0.05590062088711872,two-strong
1,1095,marriage,0.2421052631578947,female,0.2285714285714285,0.05590062088711872,two-strong
1,1096,marriage,0.2421052631578947,female,0.2285714285714285,0.05590062088711872,two-strong
1,1097,marriage,0.2421052631578947,female,0.2285714285714285,0.05590062088711872,two-strong
1,1098,marriage,0.2421052631578947,female,0.2285714285714285,0.05590062088711872,two-strong
1,1099,marriage,0.2421052631578947,female,0.2285714285714285,0.05590062088711872,two-strong
1,1100,marriage,0.2421052631578947,female,0.2285714285714285,0.05590062088711872,two-strong
1,1101,marriage,0.2421052631578947,female,0.2285714285714285,0.05590062088711872,two-strong
1,1102,marriage,0.2421052631578947,female,0.2285714285714285,0.05590062088711872,two-strong
1,1103,marriage,0.2468126838836221,female,0.2303571428571428,0.06667218516033112,two-strong
1,1104,marriage,0.2421052631578947,female,0.2285714285714285,0.05590062088711872,two-strong
1,1105,marriage,0.2421052631578947,female,0.2285714285714285,0.05590062088711872,two-strong
1,1106,marriage,0.2421052631578947,female,0.2285714285714285,0.05590062088711872,two-strong
1,1107,marriage,0.2421052631578947,female,0.2285714285714285,0.05590062088711872,two-strong
1,1108,marriage,0.2421052631578947,female,0.2285714285714285,0.05590062088711872,two-strong
1,1109,marriage,0.2421052631578947,female,0.2285714285714285,0.05590062088711872,two-strong
1,1110,marriage,0.2421052631578947,female,0.2285714285714285,0.05590062088711872,two-strong
1,1111,marriage,0.2421052631578947,female,0.2285714285714285,0.05590062088711872,two-strong
1,1112,marriage,0.2421052631578947,female,0.2285714285714285,0.05590062088711872,two-strong
1,1113,marriage,0.2421052631578947,female,0.2285714285714285,0.05590062088711872,two-strong
1,1114,marriage,0.2421052631578947,female,0.2285714285714285,0.05590062088711872,two-strong
1,1115,marriage,0.2463441211724964,female,0.2285714285714285,0.07214579525718501,two-strong
1,1116,marriage,0.2421052631578947,female,0.2285714285714285,0.05590062088711872,two-strong
1,1117,female,0.2336466165413533,male,0.2022556390977443,0.13435237271540248,two-strong
1,1118,male,0.3259859571635568,marriage,0.2547250455149099,0.2186011693574029,leaning
1,1119,marriage,0.2421052631578947,female,0.2285714285714285,0.05590062088711872,two-strong
1,1120,marriage,0.2421052631578947,female,0.2285714285714285,0.05590062088711872,two-strong
1,1121,marriage,0.2421052631578947,female,0.2285714285714285,0.05590062088711872,two-strong
1,1122,marriage,0.2421052631578947,female,0.2285714285714285,0.05590062088711872,two-strong
1,1123,marriage,0.2421052631578947,female,0.2285714285714285,0.05590062088711872,two-strong
1,1124,marriage,0.2421052631578947,female,0.2285714285714285,0.05590062088711872,two-strong
1,1125,marriage,0.2421052631578947,female,0.2285714285714285,0.05590062088711872,two-strong
1,1126,marriage,0.2421052631578947,female,0.2285714285714285,0.05590062088711872,two-strong
1,1127,marriage,0.2421052631578947,female,0.2285714285714285,0.05590062088711872,two-strong
1,1128,marriage,0.2421052631578947,female,0.2285714285714285,0.05590062088711872,two-strong
1,1129,marriage,0.2232905186519311,female,0.2182627334835689,0.022516787439966608,two-strong
1,1130,male,0.2279897424688364,family,0.2277556860285397,0.0010266095164438442,two-strong
1,1131,marriage,0.2421052631578947,female,0.2285714285714285,0.05590062088711872,two-strong
1,1132,marriage,0.2635004146228548,society,0.2093097233838297,0.20565694786830097,leaning
1,1133,marriage,0.2421052631578947,female,0.2285714285714285,0.05590062088711872,two-strong
1,1134,marriage,0.2906784005843481,female,0.2419401559292837,0.16767067793621976,two-strong
1,1135,marriage,0.2421052631578947,female,0.2285714285714285,0.05590062088711872,two-strong
1,1136,marriage,0.2421052631578947,female,0.2285714285714285,0.05590062088711872,two-strong
1,1137,marriage,0.2421052631578947,female,0.2285714285714285,0.05590062088711872,two-strong
1,1138,marriage,0.2421052631578947,female,0.2285714285714285,0.05590062088711872,two-strong
1,1139,marriage,0.2421052631578947,female,0.2285714285714285,0.05590062088711872,two-strong
1,1140,marriage,0.2421052631578947,female,0.2285714285714285,0.05590062088711872,two-strong
1,1141,marriage,0.2421052631578947,female,0.2285714285714285,0.05590062088711872,two-strong
1,1142,marriage,0.2421052631578947,female,0.2285714285714285,0.05590062088711872,two-strong
1,1143,marriage,0.2421052631578947,female,0.2285714285714285,0.05590062088711872,two-strong
1,1144,marriage,0.2421052631578947,female,0.2285714285714285,0.05590062088711872,two-strong
1,1145,marriage,0.2421052631578947,female,0.2285714285714285,0.05590062088711872,two-strong
1,1146,marriage,0.2421052631578947,female,0.2285714285714285,0.05590062088711872,two-strong
1,1147,marriage,0.2421052631578947,female,0.2387218045112781,0.01397515522177988,two-strong
1,1148,female,0.2437969924812029,marriage,0.2421052631578947,0.0069390901797097984,two-strong
1,1149,marriage,0.2421052631578947,female,0.2285714285714285,0.05590062088711872,two-strong
1,1150,female,0.2742481203007518,marriage,0.244633322436526,0.10798541745250094,two-strong
1,1151,female,0.2336466165413533,male,0.2022556390977443,0.13435237271540248,two-strong
1,1152,marriage,0.2421052631578947,female,0.2285714285714285,0.05590062088711872,two-strong
1,1153,marriage,0.2421052631578947,female,0.2285714285714285,0.05590062088711872,two-strong
1,1154,marriage,0.2421052631578947,female,0.2285714285714285,0.05590062088711872,two-strong
1,1155,female,0.2437969924812029,marriage,0.2421052631578947,0.0069390901797097984,two-strong
1,1156,marriage,0.2421052631578947,female,0.2285714285714285,0.05590062088711872,two-strong
1,1157,marriage,0.2421052631578947,female,0.2285714285714285,0.05590062088711872,two-strong
1,1158,marriage,0.2421052631578947,female,0.2285714285714285,0.05590062088711872,two-strong
1,1159,marriage,0.2421052631578947,female,0.2285714285714285,0.05590062088711872,two-strong
1,1160,marriage,0.2421052631578947,female,0.2285714285714285,0.05590062088711872,two-strong
1,1161,marriage,0.2437070938215103,female,0.2285714285714285,0.06210596889338432,two-strong
1,1162,marriage,0.2421052631578947,female,0.2285714285714285,0.05590062088711872,two-strong
1,1163,marriage,0.2421052631578947,female,0.2303571428571428,0.048524844520068375,two-strong
1,1164,marriage,0.2421052631578947,female,0.2285714285714285,0.05590062088711872,two-strong
1,1165,marriage,0.2421052631578947,female,0.2285714285714285,0.05590062088711872,two-strong
1,1166,marriage,0.2421052631578947,female,0.2285714285714285,0.05590062088711872,two-strong
1,1167,marriage,0.2421052631578947,female,0.2285714285714285,0.05590062088711872,two-strong
1,1168,marriage,0.2421052631578947,female,0.2336466165413533,0.034937888054449355,two-strong
1,1169,marriage,0.2421052631578947,female,0.2285714285714285,0.05590062088711872,two-strong
1,1170,marriage,0.2421052631578947,female,0.2285714285714285,0.05590062088711872,two-strong
1,1171,marriage,0.2421052631578947,female,0.2285714285714285,0.05590062088711872,two-strong
1,1172,marriage,0.2421052631578947,female,0.2285714285714285,0.05590062088711872,two-strong
1,1173,marriage,0.2421052631578947,female,0.2285714285714285,0.05590062088711872,two-strong
1,1174,marriage,0.2421052631578947,female,0.2285714285714285,0.05590062088711872,two-strong
1,1175,marriage,0.2437070938215103,female,0.2285714285714285,0.06210596889338432,two-strong
1,1176,marriage,0.2421052631578947,female,0.2285714285714285,0.05590062088711872,two-strong
1,1177,marriage,0.2421052631578947,female,0.2285714285714285,0.05590062088711872,two-strong
1,1178,marriage,0.2421052631578947,female,0.2285714285714285,0.05590062088711872,two-strong
1,1179,marriage,0.2421052631578947,female,0.2285714285714285,0.05590062088711872,two-strong
1,1180,marriage,0.2421052631578947,female,0.2285714285714285,0.05590062088711872,two-strong
1,1181,marriage,0.2421052631578947,female,0.2285714285714285,0.05590062088711872,two-strong
1,1182,marriage,0.2421052631578947,female,0.2285714285714285,0.05590062088711872,two-strong
1,1183,marriage,0.2421052631578947,female,0.2285714285714285,0.05590062088711872,two-strong
1,1184,marriage,0.2421052631578947,female,0.2285714285714285,0.05590062088711872,two-strong
1,1185,marriage,0.2421052631578947,female,0.2285714285714285,0.05590062088711872,two-strong
1,1186,marriage,0.2421052631578947,female,0.2285714285714285,0.05590062088711872,two-strong
1,1187,marriage,0.2421052631578947,female,0.2285714285714285,0.05590062088711872,two-strong
1,1188,marriage,0.2421052631578947,female,0.2285714285714285,0.05590062088711872,two-strong
1,1189,marriage,0.2421052631578947,female,0.2285714285714285,0.05590062088711872,two-strong
1,1190,marriage,0.2421052631578947,female,0.2285714285714285,0.05590062088711872,two-strong
1,1191,marriage,0.2511382373755698,female,0.2270098322729901,0.09607618998464253,two-strong
1,1192,marriage,0.2421052631578947,female,0.2285714285714285,0.05590062088711872,two-strong
1,1193,marriage,0.2468126838836221,female,0.2285714285714285,0.07390728446876531,two-strong
1,1194,marriage,0.2421052631578947,female,0.2285714285714285,0.05590062088711872,two-strong
1,1195,marriage,0.2421052631578947,female,0.2285714285714285,0.05590062088711872,two-strong
1,1196,marriage,0.2421052631578947,female,0.2285714285714285,0.05590062088711872,two-strong
1,1197,marriage,0.2421052631578947,female,0.2285714285714285,0.05590062088711872,two-strong
1,1198,marriage,0.2421052631578947,female,0.2285714285714285,0.05590062088711872,two-strong
1,1199,marriage,0.2421052631578947,female,0.2285714285714285,0.05590062088711872,two-strong
1,1200,marriage,0.2421052631578947,female,0.2285714285714285,0.05590062088711872,two-strong
1,1201,marriage,0.2421052631578947,female,0.2285714285714285,0.05590062088711872,two-strong
1,1202,marriage,0.2421052631578947,female,0.2285714285714285,0.05590062088711872,two-strong
1,1203,marriage,0.2421052631578947,female,0.2285714285714285,0.05590062088711872,two-strong
1,1204,marriage,0.2421052631578947,female,0.2285714285714285,0.05590062088711872,two-strong
1,1205,marriage,0.2421052631578947,female,0.2336466165413533,0.034937888054449355,two-strong
1,1206,marriage,0.2421052631578947,female,0.2285714285714285,0.05590062088711872,two-strong
1,1207,marriage,0.2421052631578947,female,0.2285714285714285,0.05590062088711872,two-strong
1,1208,female,0.2465851472508921,marriage,0.2423181549124099,0.017304336326617136,two-strong
1,1209,marriage,0.2421052631578947,female,0.2285714285714285,0.05590062088711872,two-strong
1,1210,marriage,0.2421052631578947,female,0.2285714285714285,0.05590062088711872,two-strong
1,1211,marriage,0.2421052631578947,female,0.2285714285714285,0.05590062088711872,two-strong
1,1212,marriage,0.2421052631578947,male,0.2360902255639098,0.02484472039427473,two-strong
1,1213,marriage,0.2421052631578947,female,0.2285714285714285,0.05590062088711872,two-strong
1,1214,marriage,0.2421052631578947,female,0.2285714285714285,0.05590062088711872,two-strong
1,1215,marriage,0.2421052631578947,female,0.2285714285714285,0.05590062088711872,two-strong
1,1216,marriage,0.2421052631578947,female,0.2285714285714285,0.05590062088711872,two-strong
1,1217,marriage,0.2421052631578947,female,0.2285714285714285,0.05590062088711872,two-strong
1,1218,marriage,0.2421052631578947,female,0.2285714285714285,0.05590062088711872,two-strong
1,1219,marriage,0.2421052631578947,female,0.2285714285714285,0.05590062088711872,two-strong
1,1220,marriage,0.2421052631578947,female,0.2285714285714285,0.05590062088711872,two-strong
1,1221,marriage,0.2421052631578947,female,0.2285714285714285,0.05590062088711872,two-strong
1,1222,marriage,0.2421052631578947,female,0.2285714285714285,0.05590062088711872,two-strong
1,1223,marriage,0.2421052631578947,female,0.2285714285714285,0.05590062088711872,two-strong
1,1224,marriage,0.2421052631578947,female,0.2285714285714285,0.05590062088711872,two-strong
1,1225,marriage,0.2421052631578947,female,0.2285714285714285,0.05590062088711872,two-strong
1,1226,marriage,0.2468126838836221,female,0.2285714285714285,0.07390728446876531,two-strong
1,1227,marriage,0.2421052631578947,female,0.2285714285714285,0.05590062088711872,two-strong
1,1228,marriage,0.2421052631578947,female,0.2285714285714285,0.05590062088711872,two-strong
1,1229,marriage,0.2421052631578947,female,0.2285714285714285,0.05590062088711872,two-strong
1,1230,marriage,0.2421052631578947,female,0.2285714285714285,0.05590062088711872,two-strong
1,1231,marriage,0.2421052631578947,female,0.2285714285714285,0.05590062088711872,two-strong
1,1232,marriage,0.2421052631578947,female,0.2285714285714285,0.05590062088711872,two-strong
1,1233,marriage,0.2421052631578947,female,0.2285714285714285,0.05590062088711872,two-strong
1,1234,marriage,0.2421052631578947,female,0.2285714285714285,0.05590062088711872,two-strong
1,1235,marriage,0.2421052631578947,female,0.2285714285714285,0.05590062088711872,two-strong
1,1236,marriage,0.2421052631578947,female,0.2285714285714285,0.05590062088711872,two-strong
1,1237,marriage,0.2421052631578947,female,0.2285714285714285,0.05590062088711872,two-strong
1,1238,marriage,0.2421052631578947,female,0.2285714285714285,0.05590062088711872,two-strong
1,1239,marriage,0.2421052631578947,female,0.2285714285714285,0.05590062088711872,two-strong
1,1240,marriage,0.2421052631578947,female,0.2285714285714285,0.05590062088711872,two-strong
1,1241,marriage,0.2421052631578947,female,0.2285714285714285,0.05590062088711872,two-strong
1,1242,marriage,0.2421052631578947,female,0.2285714285714285,0.05590062088711872,two-strong
1,1243,marriage,0.2421052631578947,female,0.2285714285714285,0.05590062088711872,two-strong
1,1244,marriage,0.2421052631578947,female,0.2285714285714285,0.05590062088711872,two-strong
1,1245,marriage,0.2421052631578947,female,0.2285714285714285,0.05590062088711872,two-strong
1,1246,marriage,0.2421052631578947,female,0.2285714285714285,0.05590062088711872,two-strong
1,1247,marriage,0.2421052631578947,female,0.2285714285714285,0.05590062088711872,two-strong
1,1248,marriage,0.2421052631578947,female,0.2285714285714285,0.05590062088711872,two-strong
1,1249,marriage,0.2421052631578947,female,0.2285714285714285,0.05590062088711872,two-strong
1,1250,marriage,0.2421052631578947,female,0.2285714285714285,0.05590062088711872,two-strong
1,1251,marriage,0.2421052631578947,female,0.2285714285714285,0.05590062088711872,two-strong
1,1252,marriage,0.2421052631578947,female,0.2285714285714285,0.05590062088711872,two-strong
1,1253,marriage,0.2421052631578947,female,0.2285714285714285,0.05590062088711872,two-strong
1,1254,marriage,0.2437070938215103,female,0.2285714285714285,0.06210596889338432,two-strong
1,1255,marriage,0.2421052631578947,female,0.2285714285714285,0.05590062088711872,two-strong
1,1256,marriage,0.2421052631578947,female,0.2285714285714285,0.05590062088711872,two-strong
1,1257,marriage,0.2421052631578947,female,0.2285714285714285,0.05590062088711872,two-strong
1,1258,marriage,0.2421052631578947,female,0.2285714285714285,0.05590062088711872,two-strong
1,1259,marriage,0.2421052631578947,female,0.2285714285714285,0.05590062088711872,two-strong
1,1260,marriage,0.2421052631578947,female,0.2285714285714285,0.05590062088711872,two-strong
1,1261,marriage,0.2421052631578947,female,0.2285714285714285,0.05590062088711872,two-strong
1,1262,marriage,0.2421052631578947,female,0.2285714285714285,0.05590062088711872,two-strong
1,1263,marriage,0.2421052631578947,female,0.2336466165413533,0.034937888054449355,two-strong
1,1264,marriage,0.2421052631578947,female,0.2285714285714285,0.05590062088711872,two-strong
1,1265,marriage,0.2421052631578947,female,0.2285714285714285,0.05590062088711872,two-strong
1,1266,marriage,0.2421052631578947,female,0.2285714285714285,0.05590062088711872,two-strong
1,1267,marriage,0.2421052631578947,female,0.2285714285714285,0.05590062088711872,two-strong
1,1268,marriage,0.2421052631578947,female,0.2285714285714285,0.05590062088711872,two-strong
1,1269,marriage,0.2421052631578947,female,0.2285714285714285,0.05590062088711872,two-strong
1,1270,marriage,0.2421052631578947,female,0.2285714285714285,0.05590062088711872,two-strong
1,1271,marriage,0.2421052631578947,female,0.2285714285714285,0.05590062088711872,two-strong
1,1272,marriage,0.2421052631578947,female,0.2285714285714285,0.05590062088711872,two-strong
1,1273,marriage,0.2421052631578947,female,0.2285714285714285,0.05590062088711872,two-strong
1,1274,marriage,0.2421052631578947,female,0.2285714285714285,0.05590062088711872,two-strong
1,1275,marriage,0.2421052631578947,female,0.2285714285714285,0.05590062088711872,two-strong
1,1276,marriage,0.2421052631578947,female,0.2285714285714285,0.05590062088711872,two-strong
1,1277,marriage,0.2421052631578947,female,0.2285714285714285,0.05590062088711872,two-strong
1,1278,marriage,0.2421052631578947,female,0.2292606516290727,0.05305383000860774,two-strong
1,1279,marriage,0.2421052631578947,female,0.2285714285714285,0.05590062088711872,two-strong
1,1280,marriage,0.2421052631578947,female,0.2285714285714285,0.05590062088711872,two-strong
1,1281,marriage,0.2421052631578947,female,0.2285714285714285,0.05590062088711872,two-strong
1,1282,marriage,0.2421052631578947,female,0.2285714285714285,0.05590062088711872,two-strong
1,1283,marriage,0.2421052631578947,female,0.2285714285714285,0.05590062088711872,two-strong
1,1284,marriage,0.2421052631578947,female,0.2285714285714285,0.05590062088711872,two-strong
1,1285,marriage,0.2421052631578947,female,0.2285714285714285,0.05590062088711872,two-strong
1,1286,marriage,0.2421052631578947,female,0.2285714285714285,0.05590062088711872,two-strong
1,1287,marriage,0.2418437397842432,female,0.2332393483709273,0.03557830930589252,two-strong
1,1288,marriage,0.2421052631578947,female,0.2285714285714285,0.05590062088711872,two-strong
1,1289,marriage,0.2421052631578947,female,0.2285714285714285,0.05590062088711872,two-strong
1,1290,marriage,0.2421052631578947,female,0.2285714285714285,0.05590062088711872,two-strong
1,1291,marriage,0.2421052631578947,female,0.2285714285714285,0.05590062088711872,two-strong
1,1292,marriage,0.2421052631578947,female,0.2285714285714285,0.05590062088711872,two-strong
1,1293,marriage,0.2421052631578947,female,0.2285714285714285,0.05590062088711872,two-strong
1,1294,marriage,0.2421052631578947,female,0.2285714285714285,0.05590062088711872,two-strong
1,1295,marriage,0.2421052631578947,female,0.2285714285714285,0.05590062088711872,two-strong
1,1296,marriage,0.2421052631578947,female,0.2285714285714285,0.05590062088711872,two-strong
1,1297,marriage,0.2421052631578947,female,0.2285714285714285,0.05590062088711872,two-strong
1,1298,marriage,0.2421052631578947,female,0.2285714285714285,0.05590062088711872,two-strong
1,1299,marriage,0.2421052631578947,female,0.2285714285714285,0.05590062088711872,two-strong
1,1300,marriage,0.2421052631578947,female,0.2285714285714285,0.05590062088711872,two-strong
1,1301,marriage,0.2421052631578947,female,0.2285714285714285,0.05590062088711872,two-strong
1,1302,marriage,0.2421052631578947,female,0.2285714285714285,0.05590062088711872,two-strong
1,1303,marriage,0.2421052631578947,female,0.2285714285714285,0.05590062088711872,two-strong
1,1304,marriage,0.2421052631578947,female,0.2285714285714285,0.05590062088711872,two-strong
1,1305,marriage,0.2421052631578947,female,0.2285714285714285,0.05590062088711872,two-strong
1,1306,marriage,0.2421052631578947,female,0.2303571428571428,0.048524844520068375,two-strong
1,1307,female,0.2982716641921704,,,0.9999999966473516,dominant
1,1308,marriage,0.2421052631578947,female,0.2285714285714285,0.05590062088711872,two-strong
1,1309,marriage,0.2421052631578947,female,0.2285714285714285,0.05590062088711872,two-strong
1,1310,marriage,0.2421052631578947,female,0.2285714285714285,0.05590062088711872,two-strong
1,1311,marriage,0.2468126838836221,female,0.2285714285714285,0.07390728446876531,two-strong
1,1312,marriage,0.2421052631578947,female,0.2285714285714285,0.05590062088711872,two-strong
1,1313,marriage,0.2421052631578947,female,0.2285714285714285,0.05590062088711872,two-strong
1,1314,marriage,0.2421052631578947,female,0.2285714285714285,0.05590062088711872,two-strong
1,1315,marriage,0.2421052631578947,female,0.2285714285714285,0.05590062088711872,two-strong
1,1316,marriage,0.2421052631578947,female,0.2285714285714285,0.05590062088711872,two-strong
1,1317,marriage,0.2421052631578947,female,0.2285714285714285,0.05590062088711872,two-strong
1,1318,marriage,0.2421052631578947,female,0.2285714285714285,0.05590062088711872,two-strong
1,1319,marriage,0.2421052631578947,female,0.2285714285714285,0.05590062088711872,two-strong
1,1320,marriage,0.2421052631578947,female,0.2285714285714285,0.05590062088711872,two-strong
1,1321,marriage,0.2421052631578947,female,0.2285714285714285,0.05590062088711872,two-strong
1,1322,marriage,0.2421052631578947,female,0.2285714285714285,0.05590062088711872,two-strong
1,1323,marriage,0.2421052631578947,female,0.2285714285714285,0.05590062088711872,two-strong
1,1324,marriage,0.2421052631578947,female,0.2285714285714285,0.05590062088711872,two-strong
1,1325,marriage,0.2421052631578947,female,0.2285714285714285,0.05590062088711872,two-strong
1,1326,marriage,0.2421052631578947,female,0.2285714285714285,0.05590062088711872,two-strong
1,1327,marriage,0.2421052631578947,female,0.2285714285714285,0.05590062088711872,two-strong
1,1328,marriage,0.2421052631578947,female,0.2285714285714285,0.05590062088711872,two-strong
1,1329,marriage,0.2421052631578947,female,0.2285714285714285,0.05590062088711872,two-strong
1,1330,marriage,0.2421052631578947,female,0.2285714285714285,0.05590062088711872,two-strong
1,1331,marriage,0.2421052631578947,female,0.2285714285714285,0.05590062088711872,two-strong
1,1332,marriage,0.2421052631578947,female,0.2285714285714285,0.05590062088711872,two-strong
1,1333,marriage,0.2421052631578947,female,0.2336466165413533,0.034937888054449355,two-strong
1,1334,marriage,0.2421052631578947,female,0.2285714285714285,0.05590062088711872,two-strong
1,1335,marriage,0.2421052631578947,female,0.2285714285714285,0.05590062088711872,two-strong
1,1336,marriage,0.2421052631578947,female,0.2285714285714285,0.05590062088711872,two-strong
1,1337,marriage,0.2421052631578947,female,0.2285714285714285,0.05590062088711872,two-strong
1,1338,marriage,0.2421052631578947,female,0.2285714285714285,0.05590062088711872,two-strong
1,1339,marriage,0.2421052631578947,female,0.2285714285714285,0.05590062088711872,two-strong
1,1340,marriage,0.2421052631578947,female,0.2285714285714285,0.05590062088711872,two-strong
1,1341,marriage,0.2421052631578947,female,0.2285714285714285,0.05590062088711872,two-strong
1,1342,female,0.246496623233781,male,0.2153223969013442,0.12646918159362178,two-strong
1,1343,marriage,0.2421052631578947,female,0.2285714285714285,0.05590062088711872,two-strong
1,1344,marriage,0.2421052631578947,female,0.2285714285714285,0.05590062088711872,two-strong
1,1345,marriage,0.2421052631578947,female,0.2285714285714285,0.05590062088711872,two-strong
1,1346,marriage,0.2421052631578947,female,0.2285714285714285,0.05590062088711872,two-strong
1,1347,marriage,0.2421052631578947,female,0.2285714285714285,0.05590062088711872,two-strong
1,1348,marriage,0.2421052631578947,female,0.2285714285714285,0.05590062088711872,two-strong
1,1349,marriage,0.2421052631578947,female,0.2285714285714285,0.05590062088711872,two-strong
1,1350,marriage,0.2421052631578947,female,0.2285714285714285,0.05590062088711872,two-strong
1,1351,marriage,0.2421052631578947,female,0.2285714285714285,0.05590062088711872,two-strong
1,1352,marriage,0.2421052631578947,female,0.2285714285714285,0.05590062088711872,two-strong
1,1353,marriage,0.2421052631578947,female,0.2285714285714285,0.05590062088711872,two-strong
1,1354,marriage,0.2421052631578947,female,0.2285714285714285,0.05590062088711872,two-strong
1,1355,marriage,0.2421052631578947,female,0.2285714285714285,0.05590062088711872,two-strong
1,1356,marriage,0.2421052631578947,female,0.2285714285714285,0.05590062088711872,two-strong
1,1357,marriage,0.2421052631578947,female,0.2285714285714285,0.05590062088711872,two-strong
1,1358,marriage,0.2494497112346082,female,0.2421522556390977,0.029254215329169157,two-strong
1,1359,marriage,0.2421052631578947,female,0.2285714285714285,0.05590062088711872,two-strong
1,1360,marriage,0.2421052631578947,female,0.2285714285714285,0.05590062088711872,two-strong
1,1361,marriage,0.2421052631578947,female,0.2285714285714285,0.05590062088711872,two-strong
1,1362,marriage,0.2421052631578947,female,0.2285714285714285,0.05590062088711872,two-strong
1,1363,marriage,0.2421052631578947,female,0.2285714285714285,0.05590062088711872,two-strong
1,1364,marriage,0.2421052631578947,female,0.2285714285714285,0.05590062088711872,two-strong
1,1365,marriage,0.2421052631578947,female,0.2285714285714285,0.05590062088711872,two-strong
1,1366,marriage,0.2421052631578947,female,0.2285714285714285,0.05590062088711872,two-strong
1,1367,marriage,0.2421052631578947,female,0.2285714285714285,0.05590062088711872,two-strong
1,1368,marriage,0.2421052631578947,female,0.2285714285714285,0.05590062088711872,two-strong
1,1369,marriage,0.2421052631578947,female,0.2285714285714285,0.05590062088711872,two-strong
1,1370,marriage,0.2421052631578947,female,0.2285714285714285,0.05590062088711872,two-strong
1,1371,marriage,0.2421052631578947,female,0.2285714285714285,0.05590062088711872,two-strong
1,1372,marriage,0.2421052631578947,female,0.2285714285714285,0.05590062088711872,two-strong
1,1373,marriage,0.2421052631578947,female,0.2285714285714285,0.05590062088711872,two-strong
1,1374,marriage,0.2421052631578947,female,0.2285714285714285,0.05590062088711872,two-strong
1,1375,marriage,0.2421052631578947,female,0.2387218045112781,0.01397515522177988,two-strong
1,1376,marriage,0.2421052631578947,female,0.2285714285714285,0.05590062088711872,two-strong
1,1377,marriage,0.2421052631578947,female,0.2285714285714285,0.05590062088711872,two-strong
1,1378,marriage,0.2421052631578947,female,0.2285714285714285,0.05590062088711872,two-strong
1,1379,marriage,0.2421052631578947,female,0.2285714285714285,0.05590062088711872,two-strong
1,1380,marriage,0.2421052631578947,female,0.2285714285714285,0.05590062088711872,two-strong
1,1381,marriage,0.2421052631578947,female,0.2285714285714285,0.05590062088711872,two-strong
1,1382,marriage,0.2421052631578947,female,0.2285714285714285,0.05590062088711872,two-strong
1,1383,marriage,0.2421052631578947,female,0.2285714285714285,0.05590062088711872,two-strong
1,1384,marriage,0.2421052631578947,female,0.2285714285714285,0.05590062088711872,two-strong
1,1385,marriage,0.2421052631578947,female,0.2285714285714285,0.05590062088711872,two-strong
1,1386,marriage,0.2421052631578947,female,0.2285714285714285,0.05590062088711872,two-strong
1,1387,marriage,0.2421052631578947,female,0.2285714285714285,0.05590062088711872,two-strong
1,1388,marriage,0.2421052631578947,female,0.2285714285714285,0.05590062088711872,two-strong
1,1389,marriage,0.2421052631578947,female,0.2285714285714285,0.05590062088711872,two-strong
1,1390,marriage,0.2421052631578947,female,0.2285714285714285,0.05590062088711872,two-strong
1,1391,marriage,0.2421052631578947,female,0.2285714285714285,0.05590062088711872,two-strong
1,1392,marriage,0.2421052631578947,female,0.2285714285714285,0.05590062088711872,two-strong
1,1393,marriage,0.2421052631578947,female,0.2285714285714285,0.05590062088711872,two-strong
1,1394,marriage,0.2421052631578947,female,0.2285714285714285,0.05590062088711872,two-strong
1,1395,marriage,0.2421052631578947,female,0.2285714285714285,0.05590062088711872,two-strong
1,1396,marriage,0.2421052631578947,female,0.2285714285714285,0.05590062088711872,two-strong
1,1397,marriage,0.2421052631578947,female,0.2285714285714285,0.05590062088711872,two-strong
1,1398,marriage,0.2421052631578947,female,0.2285714285714285,0.05590062088711872,two-strong
1,1399,marriage,0.2468126838836221,female,0.2285714285714285,0.07390728446876531,two-strong
1,1400,marriage,0.2421052631578947,female,0.2285714285714285,0.05590062088711872,two-strong
1,1401,marriage,0.2421052631578947,female,0.2285714285714285,0.05590062088711872,two-strong
1,1402,marriage,0.2421052631578947,female,0.2285714285714285,0.05590062088711872,two-strong
1,1403,marriage,0.2494497112346082,female,0.2285714285714285,0.08369736118814848,two-strong
1,1404,marriage,0.2421052631578947,female,0.2285714285714285,0.05590062088711872,two-strong
1,1405,marriage,0.2421052631578947,female,0.2285714285714285,0.05590062088711872,two-strong
1,1406,marriage,0.2750572082379863,female,0.2387218045112781,0.1321012593248188,two-strong
1,1407,marriage,0.2421052631578947,female,0.2285714285714285,0.05590062088711872,two-strong
1,1408,marriage,0.2421052631578947,female,0.2285714285714285,0.05590062088711872,two-strong
1,1409,marriage,0.2421052631578947,female,0.2285714285714285,0.05590062088711872,two-strong
1,1410,female,0.2514210246847758,marriage,0.2279860395760913,0.09321012451069459,two-strong
1,1411,marriage,0.2421052631578947,female,0.2285714285714285,0.05590062088711872,two-strong
1,1412,marriage,0.2421052631578947,female,0.2285714285714285,0.05590062088711872,two-strong
1,1413,marriage,0.2421052631578947,female,0.2285714285714285,0.05590062088711872,two-strong
1,1414,marriage,0.2421052631578947,female,0.2285714285714285,0.05590062088711872,two-strong
1,1415,marriage,0.2421052631578947,female,0.2285714285714285,0.05590062088711872,two-strong
1,1416,marriage,0.2421052631578947,female,0.2285714285714285,0.05590062088711872,two-strong
1,1417,marriage,0.2728946944249062,female,0.2241387581003841,0.17866208886401205,two-strong
1,1418,marriage,0.2421052631578947,female,0.2285714285714285,0.05590062088711872,two-strong
1,1419,marriage,0.2421052631578947,female,0.2285714285714285,0.05590062088711872,two-strong
1,1420,marriage,0.2421052631578947,female,0.2285714285714285,0.05590062088711872,two-strong
1,1421,marriage,0.2421052631578947,female,0.2285714285714285,0.05590062088711872,two-strong
1,1422,marriage,0.2421052631578947,female,0.2285714285714285,0.05590062088711872,two-strong
1,1423,marriage,0.2421052631578947,female,0.2285714285714285,0.05590062088711872,two-strong
1,1424,marriage,0.2421052631578947,female,0.2285714285714285,0.05590062088711872,two-strong
1,1425,marriage,0.241636700446769,female,0.2310463659147869,0.043827508274090085,two-strong
1,1426,marriage,0.2421052631578947,female,0.2285714285714285,0.05590062088711872,two-strong
1,1427,marriage,0.2421052631578947,female,0.2285714285714285,0.05590062088711872,two-strong
1,1428,marriage,0.2421052631578947,female,0.2285714285714285,0.05590062088711872,two-strong
1,1429,marriage,0.2421052631578947,female,0.2285714285714285,0.05590062088711872,two-strong
1,1430,female,0.2336466165413533,male,0.2022556390977443,0.13435237271540248,two-strong
1,1431,marriage,0.2421052631578947,female,0.2285714285714285,0.05590062088711872,two-strong
1,1432,marriage,0.2421052631578947,female,0.2285714285714285,0.05590062088711872,two-strong
1,1433,marriage,0.2421052631578947,female,0.2285714285714285,0.05590062088711872,two-strong
1,1434,marriage,0.2421052631578947,female,0.2285714285714285,0.05590062088711872,two-strong
1,1435,marriage,0.2421052631578947,female,0.2285714285714285,0.05590062088711872,two-strong
1,1436,marriage,0.2437070938215103,female,0.2285714285714285,0.06210596889338432,two-strong
1,1437,marriage,0.2421052631578947,female,0.2285714285714285,0.05590062088711872,two-strong
1,1438,marriage,0.2421052631578947,female,0.2285714285714285,0.05590062088711872,two-strong
1,1439,marriage,0.2421052631578947,female,0.2285714285714285,0.05590062088711872,two-strong
1,1440,marriage,0.2421052631578947,female,0.2285714285714285,0.05590062088711872,two-strong
1,1441,marriage,0.2421052631578947,female,0.2285714285714285,0.05590062088711872,two-strong
1,1442,marriage,0.2463441211724964,female,0.2303571428571428,0.06489693431434557,two-strong
1,1443,marriage,0.2421052631578947,female,0.2285714285714285,0.05590062088711872,two-strong
1,1444,marriage,0.2421052631578947,female,0.2285714285714285,0.05590062088711872,two-strong
1,1445,marriage,0.2421052631578947,female,0.2285714285714285,0.05590062088711872,two-strong
1,1446,marriage,0.2421052631578947,female,0.2285714285714285,0.05590062088711872,two-strong
1,1447,marriage,0.2421052631578947,female,0.2285714285714285,0.05590062088711872,two-strong
1,1448,marriage,0.2421052631578947,female,0.2285714285714285,0.05590062088711872,two-strong
1,1449,marriage,0.2421052631578947,female,0.2285714285714285,0.05590062088711872,two-strong
1,1450,marriage,0.2421052631578947,female,0.2285714285714285,0.05590062088711872,two-strong
1,1451,marriage,0.2421052631578947,female,0.2285714285714285,0.05590062088711872,two-strong
1,1452,marriage,0.2421052631578947,female,0.2285714285714285,0.05590062088711872,two-strong
1,1453,marriage,0.2421052631578947,female,0.2285714285714285,0.05590062088711872,two-strong
1,1454,marriage,0.2421052631578947,female,0.2285714285714285,0.05590062088711872,two-strong
1,1455,marriage,0.2421052631578947,female,0.2285714285714285,0.05590062088711872,two-strong
1,1456,marriage,0.2421052631578947,female,0.2285714285714285,0.05590062088711872,two-strong
1,1457,marriage,0.2421052631578947,female,0.2336466165413533,0.034937888054449355,two-strong
1,1458,marriage,0.2421052631578947,female,0.2285714285714285,0.05590062088711872,two-strong
1,1459,marriage,0.2421052631578947,female,0.2285714285714285,0.05590062088711872,two-strong
1,1460,marriage,0.2421052631578947,female,0.2285714285714285,0.05590062088711872,two-strong
1,1461,marriage,0.2612837965386304,wealth,0.2499825254821744,0.04325285824424343,two-strong
1,1462,marriage,0.2421052631578947,female,0.2285714285714285,0.05590062088711872,two-strong
1,1463,marriage,0.2421052631578947,female,0.2285714285714285,0.05590062088711872,two-strong
1,1464,marriage,0.2421052631578947,female,0.2285714285714285,0.05590062088711872,two-strong
1,1465,marriage,0.2421052631578947,female,0.2285714285714285,0.05590062088711872,two-strong
1,1466,marriage,0.2421052631578947,female,0.2285714285714285,0.05590062088711872,two-strong
1,1467,marriage,0.2421052631578947,female,0.2285714285714285,0.05590062088711872,two-strong
1,1468,marriage,0.2421052631578947,female,0.2285714285714285,0.05590062088711872,two-strong
1,1469,marriage,0.2421052631578947,female,0.2285714285714285,0.05590062088711872,two-strong
1,1470,marriage,0.2421052631578947,female,0.2285714285714285,0.05590062088711872,two-strong
1,1471,marriage,0.2421052631578947,female,0.2285714285714285,0.05590062088711872,two-strong
1,1472,marriage,0.2421052631578947,female,0.2285714285714285,0.05590062088711872,two-strong
1,1473,marriage,0.2421052631578947,female,0.2285714285714285,0.05590062088711872,two-strong
1,1474,marriage,0.2421052631578947,female,0.2285714285714285,0.05590062088711872,two-strong
1,1475,marriage,0.2421052631578947,female,0.2285714285714285,0.05590062088711872,two-strong
1,1476,marriage,0.2421052631578947,female,0.2285714285714285,0.05590062088711872,two-strong
1,1477,marriage,0.2421052631578947,female,0.2285714285714285,0.05590062088711872,two-strong
1,1478,marriage,0.2421052631578947,female,0.2285714285714285,0.05590062088711872,two-strong
1,1479,marriage,0.2421052631578947,female,0.2285714285714285,0.05590062088711872,two-strong
1,1480,marriage,0.2421052631578947,female,0.2285714285714285,0.05590062088711872,two-strong
1,1481,marriage,0.2421052631578947,female,0.2285714285714285,0.05590062088711872,two-strong
1,1482,marriage,0.2421052631578947,female,0.2285714285714285,0.05590062088711872,two-strong
1,1483,marriage,0.2421052631578947,female,0.2285714285714285,0.05590062088711872,two-strong
1,1484,marriage,0.2421052631578947,female,0.2285714285714285,0.05590062088711872,two-strong
1,1485,marriage,0.2421052631578947,female,0.2285714285714285,0.05590062088711872,two-strong
1,1486,marriage,0.2421052631578947,female,0.2336466165413533,0.034937888054449355,two-strong
1,1487,marriage,0.2421052631578947,female,0.2285714285714285,0.05590062088711872,two-strong
1,1488,marriage,0.2437070938215103,female,0.2285714285714285,0.06210596889338432,two-strong
1,1489,marriage,0.2421052631578947,female,0.2285714285714285,0.05590062088711872,two-strong
1,1490,marriage,0.2421052631578947,female,0.2285714285714285,0.05590062088711872,two-strong
1,1491,marriage,0.2421052631578947,female,0.2285714285714285,0.05590062088711872,two-strong
1,1492,marriage,0.2421052631578947,female,0.2285714285714285,0.05590062088711872,two-strong
1,1493,marriage,0.2421052631578947,female,0.2285714285714285,0.05590062088711872,two-strong
1,1494,marriage,0.2468126838836221,female,0.2298402255639097,0.0687665560127726,two-strong
1,1495,marriage,0.2421052631578947,female,0.2285714285714285,0.05590062088711872,two-strong
1,1496,marriage,0.2421052631578947,female,0.2285714285714285,0.05590062088711872,two-strong
1,1497,marriage,0.2421052631578947,female,0.2285714285714285,0.05590062088711872,two-strong
1,1498,marriage,0.2421052631578947,female,0.2285714285714285,0.05590062088711872,two-strong
1,1499,marriage,0.2421052631578947,female,0.2285714285714285,0.05590062088711872,two-strong
1,1500,marriage,0.2421052631578947,female,0.2285714285714285,0.05590062088711872,two-strong
1,1501,marriage,0.2421052631578947,female,0.2285714285714285,0.05590062088711872,two-strong
1,1502,marriage,0.2421052631578947,female,0.2285714285714285,0.05590062088711872,two-strong
1,1503,marriage,0.2421052631578947,female,0.2285714285714285,0.05590062088711872,two-strong
1,1504,marriage,0.2421052631578947,female,0.2285714285714285,0.05590062088711872,two-strong
1,1505,marriage,0.2421052631578947,female,0.2285714285714285,0.05590062088711872,two-strong
1,1506,marriage,0.2421052631578947,female,0.2285714285714285,0.05590062088711872,two-strong
1,1507,marriage,0.2421052631578947,female,0.2285714285714285,0.05590062088711872,two-strong
1,1508,marriage,0.2421052631578947,female,0.2285714285714285,0.05590062088711872,two-strong
1,1509,marriage,0.2421052631578947,female,0.2285714285714285,0.05590062088711872,two-strong
1,1510,marriage,0.2421052631578947,female,0.2285714285714285,0.05590062088711872,two-strong
1,1511,marriage,0.2421052631578947,female,0.2285714285714285,0.05590062088711872,two-strong
1,1512,marriage,0.2421052631578947,female,0.2285714285714285,0.05590062088711872,two-strong
1,1513,marriage,0.2421052631578947,female,0.2285714285714285,0.05590062088711872,two-strong
1,1514,marriage,0.2421052631578947,female,0.2285714285714285,0.05590062088711872,two-strong
1,1515,marriage,0.2421052631578947,female,0.2285714285714285,0.05590062088711872,two-strong
1,1516,marriage,0.2421052631578947,female,0.2285714285714285,0.05590062088711872,two-strong
1,1517,marriage,0.2421052631578947,female,0.2285714285714285,0.05590062088711872,two-strong
1,1518,marriage,0.2421052631578947,female,0.2285714285714285,0.05590062088711872,two-strong
1,1519,marriage,0.2421052631578947,female,0.2285714285714285,0.05590062088711872,two-strong
1,1520,marriage,0.2421052631578947,female,0.2285714285714285,0.05590062088711872,two-strong
1,1521,marriage,0.2421052631578947,female,0.2285714285714285,0.05590062088711872,two-strong
1,1522,marriage,0.2421052631578947,female,0.2285714285714285,0.05590062088711872,two-strong
1,1523,marriage,0.2421052631578947,female,0.2285714285714285,0.05590062088711872,two-strong
1,1524,marriage,0.2421052631578947,female,0.2285714285714285,0.05590062088711872,two-strong
1,1525,marriage,0.2421052631578947,female,0.2285714285714285,0.05590062088711872,two-strong
1,1526,marriage,0.2421052631578947,female,0.2285714285714285,0.05590062088711872,two-strong
1,1527,marriage,0.2421052631578947,female,0.2285714285714285,0.05590062088711872,two-strong
1,1528,marriage,0.2421052631578947,female,0.2285714285714285,0.05590062088711872,two-strong
1,1529,marriage,0.2421052631578947,female,0.2285714285714285,0.05590062088711872,two-strong
1,1530,marriage,0.2421052631578947,female,0.2285714285714285,0.05590062088711872,two-strong
1,1531,marriage,0.2468126838836221,female,0.2285714285714285,0.07390728446876531,two-strong
1,1532,marriage,0.2421052631578947,female,0.2285714285714285,0.05590062088711872,two-strong
1,1533,marriage,0.2442737277977552,female,0.2287124060150376,0.06370444279581737,two-strong
1,1534,marriage,0.2421052631578947,female,0.2285714285714285,0.05590062088711872,two-strong
1,1535,marriage,0.2421052631578947,female,0.2285714285714285,0.05590062088711872,two-strong
1,1536,marriage,0.2421052631578947,female,0.2285714285714285,0.05590062088711872,two-strong
1,1537,marriage,0.2421052631578947,female,0.2285714285714285,0.05590062088711872,two-strong
1,1538,marriage,0.2421052631578947,female,0.2285714285714285,0.05590062088711872,two-strong
1,1539,marriage,0.2421052631578947,female,0.2285714285714285,0.05590062088711872,two-strong
1,1540,marriage,0.2421052631578947,female,0.2285714285714285,0.05590062088711872,two-strong
1,1541,marriage,0.2421052631578947,female,0.2285714285714285,0.05590062088711872,two-strong
1,1542,marriage,0.2421052631578947,female,0.2285714285714285,0.05590062088711872,two-strong
1,1543,marriage,0.2945503581276332,female,0.2454932279192486,0.16654921200461814,two-strong
1,1544,marriage,0.2421052631578947,female,0.2285714285714285,0.05590062088711872,two-strong
1,1545,marriage,0.2421052631578947,female,0.2285714285714285,0.05590062088711872,two-strong
1,1546,marriage,0.2421052631578947,female,0.2387218045112781,0.01397515522177988,two-strong
1,1547,marriage,0.2421052631578947,female,0.2285714285714285,0.05590062088711872,two-strong
1,1548,marriage,0.2421052631578947,female,0.2285714285714285,0.05590062088711872,two-strong
1,1549,marriage,0.2421052631578947,female,0.2285714285714285,0.05590062088711872,two-strong
1,1550,marriage,0.2421052631578947,female,0.2285714285714285,0.05590062088711872,two-strong
1,1551,marriage,0.2421052631578947,female,0.2285714285714285,0.05590062088711872,two-strong
1,1552,marriage,0.2421052631578947,female,0.2285714285714285,0.05590062088711872,two-strong
1,1553,marriage,0.2421052631578947,female,0.2336466165413533,0.034937888054449355,two-strong
1,1554,marriage,0.2421052631578947,female,0.2285714285714285,0.05590062088711872,two-strong
1,1555,marriage,0.2421052631578947,female,0.2285714285714285,0.05590062088711872,two-strong
1,1556,marriage,0.2421052631578947,female,0.2285714285714285,0.05590062088711872,two-strong
1,1557,marriage,0.2421052631578947,female,0.2285714285714285,0.05590062088711872,two-strong
1,1558,marriage,0.2421052631578947,female,0.2285714285714285,0.05590062088711872,two-strong
1,1559,marriage,0.2421052631578947,female,0.2285714285714285,0.05590062088711872,two-strong
1,1560,marriage,0.2421052631578947,female,0.2285714285714285,0.05590062088711872,two-strong
1,1561,marriage,0.2421052631578947,female,0.2285714285714285,0.05590062088711872,two-strong
1,1562,marriage,0.2421052631578947,female,0.2285714285714285,0.05590062088711872,two-strong
1,1563,marriage,0.2421052631578947,female,0.2285714285714285,0.05590062088711872,two-strong
1,1564,marriage,0.2421052631578947,female,0.2285714285714285,0.05590062088711872,two-strong
1,1565,marriage,0.2421052631578947,female,0.2285714285714285,0.05590062088711872,two-strong
1,1566,marriage,0.2421052631578947,female,0.2285714285714285,0.05590062088711872,two-strong
1,1567,marriage,0.2421052631578947,female,0.2285714285714285,0.05590062088711872,two-strong
1,1568,marriage,0.2421052631578947,female,0.2285714285714285,0.05590062088711872,two-strong
1,1569,marriage,0.2421052631578947,female,0.2285714285714285,0.05590062088711872,two-strong
1,1570,marriage,0.2609349460608042,female,0.2285714285714285,0.12402906492181821,two-strong
1,1571,marriage,0.2421052631578947,female,0.2285714285714285,0.05590062088711872,two-strong
1,1572,marriage,0.2421052631578947,female,0.2285714285714285,0.05590062088711872,two-strong
1,1573,marriage,0.2421052631578947,female,0.2285714285714285,0.05590062088711872,two-strong
1,1574,marriage,0.2421052631578947,female,0.2285714285714285,0.05590062088711872,two-strong
1,1575,marriage,0.2421052631578947,female,0.2285714285714285,0.05590062088711872,two-strong
1,1576,marriage,0.2421052631578947,female,0.2285714285714285,0.05590062088711872,two-strong
1,1577,marriage,0.2421052631578947,female,0.2285714285714285,0.05590062088711872,two-strong
1,1578,marriage,0.2421052631578947,female,0.2285714285714285,0.05590062088711872,two-strong
1,1579,marriage,0.2421052631578947,female,0.2285714285714285,0.05590062088711872,two-strong
1,1580,marriage,0.2421052631578947,female,0.2285714285714285,0.05590062088711872,two-strong
1,1581,marriage,0.2421052631578947,female,0.2285714285714285,0.05590062088711872,two-strong
1,1582,marriage,0.2421052631578947,female,0.2285714285714285,0.05590062088711872,two-strong
1,1583,marriage,0.2421052631578947,female,0.2285714285714285,0.05590062088711872,two-strong
1,1584,marriage,0.2421052631578947,female,0.2285714285714285,0.05590062088711872,two-strong
1,1585,female,0.2437969924812029,family,0.1996461742591773,0.18109664763125838,two-strong
1,1586,marriage,0.2421052631578947,female,0.2285714285714285,0.05590062088711872,two-strong
1,1587,marriage,0.2421052631578947,female,0.2285714285714285,0.05590062088711872,two-strong
1,1588,marriage,0.2421052631578947,female,0.2285714285714285,0.05590062088711872,two-strong
1,1589,marriage,0.2421052631578947,female,0.2285714285714285,0.05590062088711872,two-strong
1,1590,marriage,0.2421052631578947,female,0.2285714285714285,0.05590062088711872,two-strong
1,1591,marriage,0.2421052631578947,female,0.2285714285714285,0.05590062088711872,two-strong
1,1592,marriage,0.2421052631578947,female,0.2285714285714285,0.05590062088711872,two-strong
1,1593,marriage,0.2421052631578947,female,0.2285714285714285,0.05590062088711872,two-strong
1,1594,marriage,0.2421052631578947,female,0.2285714285714285,0.05590062088711872,two-strong
1,1595,marriage,0.2421052631578947,female,0.2285714285714285,0.05590062088711872,two-strong
1,1596,marriage,0.2421052631578947,female,0.2285714285714285,0.05590062088711872,two-strong
1,1597,marriage,0.2421052631578947,female,0.2285714285714285,0.05590062088711872,two-strong
1,1598,marriage,0.2421052631578947,female,0.2387218045112781,0.01397515522177988,two-strong
1,1599,marriage,0.2421052631578947,female,0.2285714285714285,0.05590062088711872,two-strong
1,1600,marriage,0.2421052631578947,female,0.2285714285714285,0.05590062088711872,two-strong
1,1601,marriage,0.2421052631578947,female,0.2285714285714285,0.05590062088711872,two-strong
1,1602,marriage,0.2421052631578947,female,0.2285714285714285,0.05590062088711872,two-strong
1,1603,marriage,0.2421052631578947,female,0.2285714285714285,0.05590062088711872,two-strong
1,1604,emotion,0.2312786388133345,family,0.2239616693014484,0.031637031062581644,two-strong
1,1605,marriage,0.2421052631578947,female,0.2336466165413533,0.034937888054449355,two-strong
1,1606,marriage,0.2421052631578947,female,0.2285714285714285,0.05590062088711872,two-strong
1,1607,marriage,0.2421052631578947,female,0.2285714285714285,0.05590062088711872,two-strong
1,1608,marriage,0.2421052631578947,female,0.2285714285714285,0.05590062088711872,two-strong
1,1609,marriage,0.2468126838836221,female,0.2336466165413533,0.05334437064479448,two-strong
1,1610,marriage,0.2421052631578947,female,0.2285714285714285,0.05590062088711872,two-strong
1,1611,marriage,0.2421052631578947,female,0.2285714285714285,0.05590062088711872,two-strong
1,1612,marriage,0.2421052631578947,female,0.2285714285714285,0.05590062088711872,two-strong
1,1613,marriage,0.2421052631578947,female,0.2285714285714285,0.05590062088711872,two-strong
1,1614,marriage,0.2421052631578947,female,0.2285714285714285,0.05590062088711872,two-strong
1,1615,marriage,0.2421052631578947,female,0.2285714285714285,0.05590062088711872,two-strong
1,1616,marriage,0.2421052631578947,female,0.2285714285714285,0.05590062088711872,two-strong
1,1617,marriage,0.2421052631578947,female,0.2285714285714285,0.05590062088711872,two-strong
1,1618,marriage,0.2421052631578947,female,0.2285714285714285,0.05590062088711872,two-strong
1,1619,marriage,0.2468126838836221,female,0.2285714285714285,0.07390728446876531,two-strong
1,1620,marriage,0.2421052631578947,female,0.2285714285714285,0.05590062088711872,two-strong
1,1621,marriage,0.2421052631578947,female,0.2285714285714285,0.05590062088711872,two-strong
1,1622,marriage,0.2421052631578947,female,0.2285714285714285,0.05590062088711872,two-strong
1,1623,marriage,0.2671850433537259,female,0.2303571428571428,0.13783668388200163,two-strong
1,1624,marriage,0.2421052631578947,female,0.2285714285714285,0.05590062088711872,two-strong
1,1625,marriage,0.2421052631578947,female,0.2285714285714285,0.05590062088711872,two-strong
1,1626,marriage,0.2421052631578947,female,0.2285714285714285,0.05590062088711872,two-strong
1,1627,marriage,0.2421052631578947,female,0.2285714285714285,0.05590062088711872,two-strong
1,1628,marriage,0.2421052631578947,female,0.2285714285714285,0.05590062088711872,two-strong
1,1629,marriage,0.2421052631578947,female,0.2285714285714285,0.05590062088711872,two-strong
1,1630,marriage,0.2421052631578947,female,0.2285714285714285,0.05590062088711872,two-strong
1,1631,female,0.2838502506265665,,,0.9999999964770155,dominant
1,1632,marriage,0.2421052631578947,female,0.2285714285714285,0.05590062088711872,two-strong
1,1633,marriage,0.2421052631578947,female,0.2285714285714285,0.05590062088711872,two-strong
1,1634,marriage,0.2421052631578947,female,0.2285714285714285,0.05590062088711872,two-strong
1,1635,marriage,0.2421052631578947,female,0.2285714285714285,0.05590062088711872,two-strong
1,1636,marriage,0.2421052631578947,female,0.2285714285714285,0.05590062088711872,two-strong
1,1637,marriage,0.2421052631578947,female,0.2285714285714285,0.05590062088711872,two-strong
1,1638,marriage,0.2421052631578947,female,0.2285714285714285,0.05590062088711872,two-strong
1,1639,marriage,0.2841188179374145,female,0.2537087568434317,0.10703289985406252,two-strong
1,1640,marriage,0.2421052631578947,female,0.2303571428571428,0.048524844520068375,two-strong
1,1641,marriage,0.2421052631578947,female,0.2285714285714285,0.05590062088711872,two-strong
1,1642,marriage,0.2421052631578947,female,0.2285714285714285,0.05590062088711872,two-strong
1,1643,marriage,0.2468126838836221,female,0.2285714285714285,0.07390728446876531,two-strong
1,1644,marriage,0.2421052631578947,female,0.2285714285714285,0.05590062088711872,two-strong
1,1645,marriage,0.2421052631578947,female,0.2285714285714285,0.05590062088711872,two-strong
1,1646,marriage,0.2421052631578947,female,0.2285714285714285,0.05590062088711872,two-strong
1,1647,marriage,0.2421052631578947,female,0.2285714285714285,0.05590062088711872,two-strong
1,1648,marriage,0.2421052631578947,female,0.2285714285714285,0.05590062088711872,two-strong
1,1649,marriage,0.2421052631578947,female,0.2285714285714285,0.05590062088711872,two-strong
1,1650,marriage,0.2421052631578947,female,0.2285714285714285,0.05590062088711872,two-strong
1,1651,marriage,0.2421052631578947,female,0.2285714285714285,0.05590062088711872,two-strong
1,1652,marriage,0.2421052631578947,female,0.2285714285714285,0.05590062088711872,two-strong
1,1653,marriage,0.2421052631578947,female,0.2285714285714285,0.05590062088711872,two-strong
1,1654,marriage,0.2421052631578947,female,0.2285714285714285,0.05590062088711872,two-strong
1,1655,marriage,0.2421052631578947,female,0.2285714285714285,0.05590062088711872,two-strong
1,1656,marriage,0.2421052631578947,female,0.2285714285714285,0.05590062088711872,two-strong
1,1657,marriage,0.2421052631578947,female,0.2285714285714285,0.05590062088711872,two-strong
1,1658,marriage,0.2421052631578947,female,0.2285714285714285,0.05590062088711872,two-strong
1,1659,marriage,0.2421052631578947,female,0.2285714285714285,0.05590062088711872,two-strong
1,1660,marriage,0.2562275253350768,female,0.2303571428571428,0.10096644512776705,two-strong
1,1661,marriage,0.2421052631578947,female,0.2285714285714285,0.05590062088711872,two-strong
1,1662,marriage,0.2421052631578947,female,0.2285714285714285,0.05590062088711872,two-strong
1,1663,marriage,0.2421052631578947,female,0.2285714285714285,0.05590062088711872,two-strong
1,1664,marriage,0.2421052631578947,female,0.2285714285714285,0.05590062088711872,two-strong
1,1665,marriage,0.2421052631578947,female,0.2285714285714285,0.05590062088711872,two-strong
1,1666,marriage,0.2421052631578947,female,0.2285714285714285,0.05590062088711872,two-strong
1,1667,marriage,0.2421052631578947,female,0.2285714285714285,0.05590062088711872,two-strong
1,1668,marriage,0.2421052631578947,female,0.2285714285714285,0.05590062088711872,two-strong
1,1669,marriage,0.2421052631578947,female,0.2285714285714285,0.05590062088711872,two-strong
1,1670,marriage,0.2421052631578947,female,0.2285714285714285,0.05590062088711872,two-strong
1,1671,marriage,0.2421052631578947,female,0.2285714285714285,0.05590062088711872,two-strong
1,1672,marriage,0.2421052631578947,female,0.2285714285714285,0.05590062088711872,two-strong
1,1673,marriage,0.2421052631578947,female,0.2285714285714285,0.05590062088711872,two-strong
1,1674,marriage,0.2468126838836221,female,0.2336466165413533,0.05334437064479448,two-strong
1,1675,marriage,0.2421052631578947,female,0.2285714285714285,0.05590062088711872,two-strong
1,1676,marriage,0.2421052631578947,female,0.2285714285714285,0.05590062088711872,two-strong
1,1677,marriage,0.2421052631578947,female,0.2285714285714285,0.05590062088711872,two-strong
1,1678,marriage,0.2421052631578947,female,0.2285714285714285,0.05590062088711872,two-strong
1,1679,marriage,0.2421052631578947,female,0.2285714285714285,0.05590062088711872,two-strong
1,1680,marriage,0.2421052631578947,female,0.2285714285714285,0.05590062088711872,two-strong
1,1681,marriage,0.2421052631578947,female,0.2285714285714285,0.05590062088711872,two-strong
1,1682,marriage,0.2421052631578947,female,0.2285714285714285,0.05590062088711872,two-strong
1,1683,marriage,0.2421052631578947,female,0.2285714285714285,0.05590062088711872,two-strong
1,1684,marriage,0.2421052631578947,female,0.2285714285714285,0.05590062088711872,two-strong
1,1685,marriage,0.2421052631578947,female,0.2285714285714285,0.05590062088711872,two-strong
1,1686,female,0.243921141036644,marriage,0.2196306963253186,0.09958318704360725,two-strong
1,1687,marriage,0.2421052631578947,female,0.2285714285714285,0.05590062088711872,two-strong
1,1688,marriage,0.2421052631578947,female,0.2285714285714285,0.05590062088711872,two-strong
1,1689,female,0.2437969924812029,marriage,0.2421052631578947,0.0069390901797097984,two-strong
1,1690,marriage,0.2421052631578947,female,0.2285714285714285,0.05590062088711872,two-strong
1,1691,female,0.2336466165413533,male,0.2022556390977443,0.13435237271540248,two-strong
1,1692,marriage,0.2421052631578947,female,0.2336466165413533,0.034937888054449355,two-strong
1,1693,marriage,0.2421052631578947,female,0.2285714285714285,0.05590062088711872,two-strong
1,1694,male,0.2060150375939849,class,0.1574694311536417,0.23564108121260524,leaning
1,1695,marriage,0.2421052631578947,female,0.2285714285714285,0.05590062088711872,two-strong
1,1696,marriage,0.2421052631578947,female,0.2285714285714285,0.05590062088711872,two-strong
1,1697,society,0.3132218920673956,male,0.2586110536750146,0.1743519198405153,two-strong
1,1698,marriage,0.2421052631578947,female,0.2285714285714285,0.05590062088711872,two-strong
1,1699,marriage,0.2421052631578947,female,0.2285714285714285,0.05590062088711872,two-strong
1,1700,marriage,0.2421052631578947,female,0.2285714285714285,0.05590062088711872,two-strong
1,1701,marriage,0.2421052631578947,female,0.2285714285714285,0.05590062088711872,two-strong
1,1702,marriage,0.2421052631578947,female,0.2285714285714285,0.05590062088711872,two-strong
1,1703,marriage,0.2421052631578947,female,0.2285714285714285,0.05590062088711872,two-strong
1,1704,marriage,0.2421052631578947,female,0.2285714285714285,0.05590062088711872,two-strong
1,1705,marriage,0.2421052631578947,female,0.2285714285714285,0.05590062088711872,two-strong
1,1706,marriage,0.2421052631578947,female,0.2285714285714285,0.05590062088711872,two-strong
1,1707,marriage,0.2421052631578947,female,0.2285714285714285,0.05590062088711872,two-strong
1,1708,marriage,0.2421052631578947,female,0.2285714285714285,0.05590062088711872,two-strong
1,1709,marriage,0.2421052631578947,female,0.2285714285714285,0.05590062088711872,two-strong
1,1710,marriage,0.2421052631578947,female,0.2285714285714285,0.05590062088711872,two-strong
1,1711,marriage,0.2421052631578947,female,0.2285714285714285,0.05590062088711872,two-strong
1,1712,marriage,0.2421052631578947,female,0.2285714285714285,0.05590062088711872,two-strong
1,1713,marriage,0.2421052631578947,female,0.2285714285714285,0.05590062088711872,two-strong
1,1714,marriage,0.2426718971341397,female,0.2303571428571428,0.05074651977292313,two-strong
1,1715,marriage,0.2421052631578947,female,0.2285714285714285,0.05590062088711872,two-strong
1,1716,marriage,0.2345755049281375,female,0.2281502838317858,0.02739084403091978,two-strong
1,1717,marriage,0.2421052631578947,female,0.2285714285714285,0.05590062088711872,two-strong
1,1718,marriage,0.2421052631578947,female,0.2285714285714285,0.05590062088711872,two-strong
1,1719,marriage,0.2421052631578947,female,0.2285714285714285,0.05590062088711872,two-strong
1,1720,marriage,0.2421052631578947,female,0.2285714285714285,0.05590062088711872,two-strong
1,1721,marriage,0.2421052631578947,female,0.2285714285714285,0.05590062088711872,two-strong
1,1722,marriage,0.2421052631578947,female,0.2285714285714285,0.05590062088711872,two-strong
1,1723,marriage,0.2421052631578947,female,0.2285714285714285,0.05590062088711872,two-strong
1,1724,marriage,0.2421052631578947,female,0.2285714285714285,0.05590062088711872,two-strong
1,1725,marriage,0.2421052631578947,female,0.2285714285714285,0.05590062088711872,two-strong
1,1726,marriage,0.2421052631578947,female,0.2285714285714285,0.05590062088711872,two-strong
1,1727,marriage,0.2421052631578947,female,0.2285714285714285,0.05590062088711872,two-strong
1,1728,marriage,0.2421052631578947,female,0.2285714285714285,0.05590062088711872,two-strong
1,1729,marriage,0.2421052631578947,female,0.2285714285714285,0.05590062088711872,two-strong
1,1730,marriage,0.2421052631578947,female,0.2285714285714285,0.05590062088711872,two-strong
1,1731,marriage,0.2421052631578947,female,0.2285714285714285,0.05590062088711872,two-strong
1,1732,marriage,0.2421052631578947,female,0.2285714285714285,0.05590062088711872,two-strong
1,1733,marriage,0.2421052631578947,female,0.2285714285714285,0.05590062088711872,two-strong
1,1734,marriage,0.2421052631578947,female,0.2285714285714285,0.05590062088711872,two-strong
1,1735,marriage,0.2421052631578947,female,0.2285714285714285,0.05590062088711872,two-strong
1,1736,marriage,0.2421052631578947,female,0.2285714285714285,0.05590062088711872,two-strong
1,1737,marriage,0.2421052631578947,female,0.2285714285714285,0.05590062088711872,two-strong
1,1738,marriage,0.2421052631578947,female,0.2285714285714285,0.05590062088711872,two-strong
1,1739,marriage,0.2421052631578947,female,0.2285714285714285,0.05590062088711872,two-strong
1,1740,marriage,0.2421052631578947,female,0.2285714285714285,0.05590062088711872,two-strong
1,1741,marriage,0.2421052631578947,female,0.2285714285714285,0.05590062088711872,two-strong
1,1742,marriage,0.2421052631578947,female,0.2285714285714285,0.05590062088711872,two-strong
1,1743,marriage,0.2421052631578947,female,0.2285714285714285,0.05590062088711872,two-strong
1,1744,marriage,0.2923698094205915,female,0.25886025936241,0.11461357795449542,two-strong
1,1745,marriage,0.2421052631578947,female,0.2285714285714285,0.05590062088711872,two-strong
1,1746,male,0.298695419176246,female,0.2508882871920127,0.1600531134894018,two-strong
1,1747,marriage,0.2421052631578947,female,0.2285714285714285,0.05590062088711872,two-strong
1,1748,marriage,0.2421052631578947,female,0.2285714285714285,0.05590062088711872,two-strong
1,1749,marriage,0.2421052631578947,female,0.2285714285714285,0.05590062088711872,two-strong
1,1750,marriage,0.2421052631578947,female,0.2285714285714285,0.05590062088711872,two-strong
1,1751,marriage,0.2484145145472376,female,0.2303571428571428,0.07269048529759156,two-strong
1,1752,marriage,0.2421052631578947,female,0.2285714285714285,0.05590062088711872,two-strong
1,1753,marriage,0.2421052631578947,female,0.2285714285714285,0.05590062088711872,two-strong
1,1754,marriage,0.2421052631578947,female,0.2303571428571428,0.048524844520068375,two-strong
1,1755,marriage,0.2421052631578947,female,0.2285714285714285,0.05590062088711872,two-strong
1,1756,marriage,0.2421052631578947,female,0.2285714285714285,0.05590062088711872,two-strong
1,1757,marriage,0.2421052631578947,female,0.2285714285714285,0.05590062088711872,two-strong
1,1758,marriage,0.2421052631578947,female,0.2285714285714285,0.05590062088711872,two-strong
1,1759,marriage,0.2421052631578947,female,0.2285714285714285,0.05590062088711872,two-strong
1,1760,marriage,0.2468126838836221,female,0.2285714285714285,0.07390728446876531,two-strong
1,1761,marriage,0.2468126838836221,female,0.2336466165413533,0.05334437064479448,two-strong
1,1762,marriage,0.2421052631578947,female,0.2285714285714285,0.05590062088711872,two-strong
1,1763,marriage,0.2421052631578947,female,0.2336466165413533,0.034937888054449355,two-strong
1,1764,marriage,0.2421052631578947,female,0.2285714285714285,0.05590062088711872,two-strong
1,1765,marriage,0.2881281151223611,female,0.2140578440985429,0.25707408225430634,leaning
1,1766,marriage,0.2421052631578947,female,0.2336466165413533,0.034937888054449355,two-strong
1,1767,female,0.2496092588127364,marriage,0.2408659105065078,0.03502814083415057,two-strong
1,1768,marriage,0.2421052631578947,female,0.2285714285714285,0.05590062088711872,two-strong
1,1769,marriage,0.2421052631578947,female,0.2285714285714285,0.05590062088711872,two-strong
1,1770,marriage,0.2421052631578947,female,0.2285714285714285,0.05590062088711872,two-strong
1,1771,marriage,0.2421052631578947,female,0.2285714285714285,0.05590062088711872,two-strong
1,1772,marriage,0.2421052631578947,female,0.2285714285714285,0.05590062088711872,two-strong
1,1773,marriage,0.2421052631578947,female,0.2285714285714285,0.05590062088711872,two-strong
1,1774,marriage,0.2421052631578947,female,0.2285714285714285,0.05590062088711872,two-strong
1,1775,marriage,0.2421052631578947,female,0.2285714285714285,0.05590062088711872,two-strong
1,1776,marriage,0.2421052631578947,female,0.2285714285714285,0.05590062088711872,two-strong
1,1777,marriage,0.2421052631578947,female,0.2285714285714285,0.05590062088711872,two-strong
1,1778,marriage,0.2421052631578947,female,0.2285714285714285,0.05590062088711872,two-strong
1,1779,marriage,0.2421052631578947,female,0.2285714285714285,0.05590062088711872,two-strong
1,1780,marriage,0.2421052631578947,female,0.2285714285714285,0.05590062088711872,two-strong
1,1781,marriage,0.2421052631578947,female,0.2285714285714285,0.05590062088711872,two-strong
1,1782,marriage,0.2421052631578947,female,0.2285714285714285,0.05590062088711872,two-strong
1,1783,marriage,0.2421052631578947,female,0.2285714285714285,0.05590062088711872,two-strong
1,1784,marriage,0.2421052631578947,female,0.2285714285714285,0.05590062088711872,two-strong
1,1785,marriage,0.2421052631578947,female,0.2285714285714285,0.05590062088711872,two-strong
1,1786,marriage,0.2421052631578947,female,0.2285714285714285,0.05590062088711872,two-strong
1,1787,marriage,0.2421052631578947,female,0.2285714285714285,0.05590062088711872,two-strong
1,1788,marriage,0.2421052631578947,female,0.2285714285714285,0.05590062088711872,two-strong
1,1789,marriage,0.2421052631578947,female,0.2285714285714285,0.05590062088711872,two-strong
1,1790,marriage,0.2421052631578947,female,0.2336466165413533,0.034937888054449355,two-strong
1,1791,marriage,0.2421052631578947,female,0.2285714285714285,0.05590062088711872,two-strong
1,1792,marriage,0.2421052631578947,female,0.2285714285714285,0.05590062088711872,two-strong
1,1793,marriage,0.2421052631578947,female,0.2285714285714285,0.05590062088711872,two-strong
1,1794,marriage,0.2421052631578947,female,0.2285714285714285,0.05590062088711872,two-strong
1,1795,marriage,0.2421052631578947,female,0.2285714285714285,0.05590062088711872,two-strong
1,1796,marriage,0.2421052631578947,female,0.2285714285714285,0.05590062088711872,two-strong
1,1797,marriage,0.2421052631578947,female,0.2285714285714285,0.05590062088711872,two-strong
1,1798,marriage,0.2421052631578947,female,0.2285714285714285,0.05590062088711872,two-strong
1,1799,marriage,0.2421052631578947,female,0.2285714285714285,0.05590062088711872,two-strong
1,1800,marriage,0.2421052631578947,female,0.2285714285714285,0.05590062088711872,two-strong
1,1801,marriage,0.2421052631578947,female,0.2285714285714285,0.05590062088711872,two-strong
1,1802,marriage,0.2421052631578947,female,0.2285714285714285,0.05590062088711872,two-strong
1,1803,marriage,0.2421052631578947,female,0.2285714285714285,0.05590062088711872,two-strong
1,1804,marriage,0.2421052631578947,female,0.2285714285714285,0.05590062088711872,two-strong
1,1805,marriage,0.2421052631578947,female,0.2285714285714285,0.05590062088711872,two-strong
1,1806,marriage,0.2421052631578947,female,0.2285714285714285,0.05590062088711872,two-strong
1,1807,marriage,0.2421052631578947,female,0.2285714285714285,0.05590062088711872,two-strong
1,1808,marriage,0.2421052631578947,female,0.2285714285714285,0.05590062088711872,two-strong
1,1809,female,0.2539473684210526,,,0.999999996062176,dominant
1,1810,marriage,0.2421052631578947,female,0.2285714285714285,0.05590062088711872,two-strong
1,1811,marriage,0.2421052631578947,female,0.2285714285714285,0.05590062088711872,two-strong
1,1812,marriage,0.2421052631578947,female,0.2285714285714285,0.05590062088711872,two-strong
1,1813,marriage,0.2421052631578947,female,0.2285714285714285,0.05590062088711872,two-strong
1,1814,marriage,0.2421052631578947,female,0.2285714285714285,0.05590062088711872,two-strong
1,1815,marriage,0.2421052631578947,female,0.2285714285714285,0.05590062088711872,two-strong
1,1816,marriage,0.2421052631578947,female,0.2285714285714285,0.05590062088711872,two-strong
1,1817,marriage,0.2421052631578947,female,0.2285714285714285,0.05590062088711872,two-strong
1,1818,marriage,0.2421052631578947,female,0.2285714285714285,0.05590062088711872,two-strong
1,1819,female,0.2417827540525403,marriage,0.2158068823579174,0.10743475765663373,two-strong
1,1820,marriage,0.2421052631578947,female,0.2285714285714285,0.05590062088711872,two-strong
1,1821,marriage,0.2468126838836221,female,0.2336466165413533,0.05334437064479448,two-strong
1,1822,marriage,0.2421052631578947,female,0.2285714285714285,0.05590062088711872,two-strong
1,1823,marriage,0.2421052631578947,female,0.2285714285714285,0.05590062088711872,two-strong
1,1824,marriage,0.2421052631578947,female,0.2285714285714285,0.05590062088711872,two-strong
1,1825,marriage,0.2421052631578947,female,0.2285714285714285,0.05590062088711872,two-strong
1,1826,marriage,0.2421052631578947,female,0.2285714285714285,0.05590062088711872,two-strong
1,1827,marriage,0.2421052631578947,female,0.2285714285714285,0.05590062088711872,two-strong
1,1828,female,0.3319921512683279,emotion,0.2875586343733544,0.13383905791562428,two-strong
1,1829,female,0.2406980994152046,male,0.220036604999011,0.08583987318783352,two-strong
1,1830,marriage,0.2421052631578947,female,0.2292606516290727,0.05305383000860774,two-strong
1,1831,marriage,0.2421052631578947,female,0.2285714285714285,0.05590062088711872,two-strong
1,1832,marriage,0.2421052631578947,female,0.2285714285714285,0.05590062088711872,two-strong
1,1833,marriage,0.2421052631578947,female,0.2285714285714285,0.05590062088711872,two-strong
1,1834,marriage,0.2421052631578947,female,0.2285714285714285,0.05590062088711872,two-strong
1,1835,marriage,0.2421052631578947,female,0.2285714285714285,0.05590062088711872,two-strong
1,1836,marriage,0.2421052631578947,female,0.2285714285714285,0.05590062088711872,two-strong
1,1837,marriage,0.2421052631578947,female,0.2285714285714285,0.05590062088711872,two-strong
1,1838,marriage,0.2421052631578947,female,0.2285714285714285,0.05590062088711872,two-strong
1,1839,marriage,0.2618498734295558,emotion,0.2302328267461922,0.12074493735099871,two-strong
1,1840,marriage,0.2421052631578947,female,0.2285714285714285,0.05590062088711872,two-strong
1,1841,marriage,0.2421052631578947,female,0.2285714285714285,0.05590062088711872,two-strong
1,1842,marriage,0.2421052631578947,female,0.2285714285714285,0.05590062088711872,two-strong
1,1843,marriage,0.2421052631578947,female,0.2336466165413533,0.034937888054449355,two-strong
1,1844,marriage,0.2421052631578947,female,0.2285714285714285,0.05590062088711872,two-strong
1,1845,marriage,0.2421052631578947,female,0.2285714285714285,0.05590062088711872,two-strong
1,1846,marriage,0.2421052631578947,female,0.2285714285714285,0.05590062088711872,two-strong
1,1847,marriage,0.2421052631578947,female,0.2285714285714285,0.05590062088711872,two-strong
1,1848,marriage,0.2421052631578947,female,0.2285714285714285,0.05590062088711872,two-strong
1,1849,marriage,0.2421052631578947,female,0.2285714285714285,0.05590062088711872,two-strong
1,1850,marriage,0.2421052631578947,female,0.2285714285714285,0.05590062088711872,two-strong
1,1851,marriage,0.2421052631578947,female,0.2285714285714285,0.05590062088711872,two-strong
1,1852,marriage,0.2421052631578947,female,0.2285714285714285,0.05590062088711872,two-strong
1,1853,marriage,0.2421052631578947,female,0.2285714285714285,0.05590062088711872,two-strong
1,1854,marriage,0.2421052631578947,female,0.2285714285714285,0.05590062088711872,two-strong
1,1855,marriage,0.2421052631578947,female,0.2285714285714285,0.05590062088711872,two-strong
1,1856,marriage,0.2421052631578947,female,0.2285714285714285,0.05590062088711872,two-strong
1,1857,marriage,0.2421052631578947,female,0.2285714285714285,0.05590062088711872,two-strong
1,1858,marriage,0.2421052631578947,female,0.2285714285714285,0.05590062088711872,two-strong
1,1859,marriage,0.2421052631578947,female,0.2285714285714285,0.05590062088711872,two-strong
1,1860,marriage,0.2421052631578947,female,0.2285714285714285,0.05590062088711872,two-strong
1,1861,marriage,0.2421052631578947,female,0.2285714285714285,0.05590062088711872,two-strong
1,1862,marriage,0.2421052631578947,female,0.2285714285714285,0.05590062088711872,two-strong
1,1863,marriage,0.2414888152057161,female,0.2310463659147869,0.04324195817844272,two-strong
1,1864,marriage,0.2421052631578947,female,0.2285714285714285,0.05590062088711872,two-strong
1,1865,marriage,0.2421052631578947,female,0.2285714285714285,0.05590062088711872,two-strong
1,1866,marriage,0.2421052631578947,female,0.2285714285714285,0.05590062088711872,two-strong
1,1867,marriage,0.2421052631578947,female,0.2285714285714285,0.05590062088711872,two-strong
1,1868,marriage,0.2421052631578947,female,0.2285714285714285,0.05590062088711872,two-strong
1,1869,marriage,0.2421052631578947,female,0.2285714285714285,0.05590062088711872,two-strong
1,1870,marriage,0.2421052631578947,female,0.2285714285714285,0.05590062088711872,two-strong
1,1871,marriage,0.2421052631578947,female,0.2285714285714285,0.05590062088711872,two-strong
1,1872,marriage,0.2421052631578947,female,0.2285714285714285,0.05590062088711872,two-strong
1,1873,marriage,0.2421052631578947,female,0.2285714285714285,0.05590062088711872,two-strong
1,1874,marriage,0.2421052631578947,female,0.2285714285714285,0.05590062088711872,two-strong
1,1875,marriage,0.2421052631578947,female,0.2285714285714285,0.05590062088711872,two-strong
1,1876,marriage,0.2421052631578947,female,0.2285714285714285,0.05590062088711872,two-strong
1,1877,marriage,0.2421052631578947,female,0.2285714285714285,0.05590062088711872,two-strong
1,1878,marriage,0.2421052631578947,female,0.2285714285714285,0.05590062088711872,two-strong
1,1879,marriage,0.2421052631578947,female,0.2285714285714285,0.05590062088711872,two-strong
1,1880,marriage,0.2421052631578947,female,0.2285714285714285,0.05590062088711872,two-strong
1,1881,marriage,0.2421052631578947,female,0.2285714285714285,0.05590062088711872,two-strong
1,1882,marriage,0.2421052631578947,female,0.2285714285714285,0.05590062088711872,two-strong
1,1883,marriage,0.2421052631578947,female,0.2285714285714285,0.05590062088711872,two-strong
1,1884,marriage,0.2421052631578947,female,0.2285714285714285,0.05590062088711872,two-strong
1,1885,marriage,0.2421052631578947,female,0.2285714285714285,0.05590062088711872,two-strong
1,1886,marriage,0.2421052631578947,female,0.2285714285714285,0.05590062088711872,two-strong
1,1887,marriage,0.2421052631578947,female,0.2285714285714285,0.05590062088711872,two-strong
1,1888,marriage,0.2421052631578947,female,0.2285714285714285,0.05590062088711872,two-strong
1,1889,marriage,0.2421052631578947,female,0.2285714285714285,0.05590062088711872,two-strong
1,1890,marriage,0.2421542987904544,female,0.2285714285714285,0.05609179862087796,two-strong
1,1891,marriage,0.2421052631578947,female,0.2285714285714285,0.05590062088711872,two-strong
1,1892,marriage,0.2421052631578947,female,0.2285714285714285,0.05590062088711872,two-strong
1,1893,marriage,0.2468126838836221,female,0.2287124060150376,0.07333609241809921,two-strong
1,1894,marriage,0.2421052631578947,female,0.2285714285714285,0.05590062088711872,two-strong
1,1895,marriage,0.2421052631578947,female,0.2285714285714285,0.05590062088711872,two-strong
1,1896,marriage,0.2421052631578947,female,0.2285714285714285,0.05590062088711872,two-strong
1,1897,marriage,0.2421052631578947,female,0.2285714285714285,0.05590062088711872,two-strong
1,1898,marriage,0.2421052631578947,female,0.2285714285714285,0.05590062088711872,two-strong
1,1899,marriage,0.2421052631578947,female,0.2285714285714285,0.05590062088711872,two-strong
1,1900,marriage,0.2421052631578947,female,0.2285714285714285,0.05590062088711872,two-strong
1,1901,marriage,0.2421052631578947,female,0.2285714285714285,0.05590062088711872,two-strong
1,1902,society,0.3289990794885152,marriage,0.2772693553276851,0.157233643583499,two-strong
1,1903,marriage,0.2421052631578947,female,0.2285714285714285,0.05590062088711872,two-strong
1,1904,marriage,0.2421052631578947,female,0.2285714285714285,0.05590062088711872,two-strong
1,1905,marriage,0.2421052631578947,female,0.2285714285714285,0.05590062088711872,two-strong
1,1906,marriage,0.2421052631578947,female,0.2285714285714285,0.05590062088711872,two-strong
1,1907,marriage,0.2421052631578947,female,0.2285714285714285,0.05590062088711872,two-strong
1,1908,marriage,0.2421052631578947,female,0.2285714285714285,0.05590062088711872,two-strong
1,1909,marriage,0.2421052631578947,female,0.2285714285714285,0.05590062088711872,two-strong
1,1910,marriage,0.2421052631578947,female,0.2285714285714285,0.05590062088711872,two-strong
1,1911,marriage,0.2421052631578947,female,0.2285714285714285,0.05590062088711872,two-strong
1,1912,marriage,0.2421052631578947,female,0.2285714285714285,0.05590062088711872,two-strong
1,1913,marriage,0.318011557468355,society,0.2085326817909211,0.34426068097876394,leaning
1,1914,marriage,0.2421052631578947,female,0.2285714285714285,0.05590062088711872,two-strong
1,1915,marriage,0.2421052631578947,female,0.2285714285714285,0.05590062088711872,two-strong
1,1916,marriage,0.2421052631578947,female,0.2285714285714285,0.05590062088711872,two-strong
1,1917,marriage,0.2421052631578947,female,0.2285714285714285,0.05590062088711872,two-strong
1,1918,marriage,0.2421052631578947,female,0.2285714285714285,0.05590062088711872,two-strong
1,1919,marriage,0.2421052631578947,female,0.2285714285714285,0.05590062088711872,two-strong
1,1920,marriage,0.2421052631578947,female,0.2285714285714285,0.05590062088711872,two-strong
1,1921,marriage,0.2421052631578947,female,0.2285714285714285,0.05590062088711872,two-strong
1,1922,marriage,0.2421052631578947,female,0.2285714285714285,0.05590062088711872,two-strong
1,1923,marriage,0.2421052631578947,female,0.2285714285714285,0.05590062088711872,two-strong
1,1924,marriage,0.2421052631578947,female,0.2285714285714285,0.05590062088711872,two-strong
1,1925,marriage,0.2421052631578947,female,0.2336466165413533,0.034937888054449355,two-strong
1,1926,marriage,0.2421052631578947,female,0.2303571428571428,0.048524844520068375,two-strong
1,1927,marriage,0.2421052631578947,female,0.2285714285714285,0.05590062088711872,two-strong
1,1928,marriage,0.2468126838836221,female,0.2285714285714285,0.07390728446876531,two-strong
1,1929,marriage,0.2421052631578947,female,0.2285714285714285,0.05590062088711872,two-strong
1,1930,marriage,0.2421052631578947,female,0.2285714285714285,0.05590062088711872,two-strong
1,1931,marriage,0.2421052631578947,female,0.2285714285714285,0.05590062088711872,two-strong
1,1932,marriage,0.2421052631578947,female,0.2285714285714285,0.05590062088711872,two-strong
1,1933,marriage,0.2421052631578947,female,0.2285714285714285,0.05590062088711872,two-strong
1,1934,marriage,0.2421052631578947,female,0.2285714285714285,0.05590062088711872,two-strong
1,1935,marriage,0.2421052631578947,female,0.2285714285714285,0.05590062088711872,two-strong
1,1936,marriage,0.2421052631578947,female,0.2285714285714285,0.05590062088711872,two-strong
1,1937,marriage,0.2421052631578947,female,0.2285714285714285,0.05590062088711872,two-strong
1,1938,marriage,0.2421052631578947,female,0.2285714285714285,0.05590062088711872,two-strong
1,1939,marriage,0.2421052631578947,female,0.2285714285714285,0.05590062088711872,two-strong
1,1940,marriage,0.2421052631578947,female,0.2285714285714285,0.05590062088711872,two-strong
1,1941,marriage,0.2421052631578947,female,0.2285714285714285,0.05590062088711872,two-strong
1,1942,society,0.2460311083051139,marriage,0.2421052631578947,0.01595670221667204,two-strong
1,1943,marriage,0.2421052631578947,female,0.2285714285714285,0.05590062088711872,two-strong
1,1944,marriage,0.2421052631578947,female,0.2285714285714285,0.05590062088711872,two-strong
1,1945,marriage,0.2421052631578947,female,0.2285714285714285,0.05590062088711872,two-strong
1,1946,marriage,0.2421052631578947,female,0.2285714285714285,0.05590062088711872,two-strong
1,1947,marriage,0.2421052631578947,female,0.2285714285714285,0.05590062088711872,two-strong
1,1948,marriage,0.2421052631578947,female,0.2285714285714285,0.05590062088711872,two-strong
1,1949,marriage,0.2421052631578947,female,0.2285714285714285,0.05590062088711872,two-strong
1,1950,marriage,0.2421052631578947,female,0.2285714285714285,0.05590062088711872,two-strong
1,1951,marriage,0.2562275253350768,female,0.2303571428571428,0.10096644512776705,two-strong
1,1952,marriage,0.2421052631578947,female,0.2285714285714285,0.05590062088711872,two-strong
1,1953,marriage,0.2421052631578947,female,0.2336466165413533,0.034937888054449355,two-strong
1,1954,marriage,0.2421052631578947,female,0.2285714285714285,0.05590062088711872,two-strong
1,1955,male,0.2240601503759398,family,0.2065457762052189,0.07816817967481576,two-strong
1,1956,marriage,0.2421052631578947,female,0.2285714285714285,0.05590062088711872,two-strong
1,1957,female,0.2437969924812029,family,0.1996461742591773,0.18109664763125838,two-strong
1,1958,marriage,0.2421052631578947,female,0.2285714285714285,0.05590062088711872,two-strong
1,1959,marriage,0.2421052631578947,female,0.2285714285714285,0.05590062088711872,two-strong
1,1960,marriage,0.2421052631578947,female,0.2285714285714285,0.05590062088711872,two-strong
1,1961,marriage,0.2421052631578947,female,0.2285714285714285,0.05590062088711872,two-strong
1,1962,marriage,0.2421542987904544,female,0.2303571428571428,0.04871751582986608,two-strong
1,1963,marriage,0.2421052631578947,female,0.2285714285714285,0.05590062088711872,two-strong
1,1964,marriage,0.2421052631578947,female,0.2336466165413533,0.034937888054449355,two-strong
1,1965,marriage,0.2421052631578947,female,0.2336466165413533,0.034937888054449355,two-strong
1,1966,marriage,0.2421052631578947,female,0.2336466165413533,0.034937888054449355,two-strong
1,1967,marriage,0.2421052631578947,female,0.2336466165413533,0.034937888054449355,two-strong
1,1968,marriage,0.2421052631578947,female,0.2285714285714285,0.05590062088711872,two-strong
1,1969,marriage,0.2421052631578947,female,0.2285714285714285,0.05590062088711872,two-strong
1,1970,marriage,0.2421052631578947,female,0.2285714285714285,0.05590062088711872,two-strong
1,1971,marriage,0.2421052631578947,female,0.2285714285714285,0.05590062088711872,two-strong
1,1972,marriage,0.2421052631578947,female,0.2336466165413533,0.034937888054449355,two-strong
1,1973,marriage,0.2500163452108532,female,0.2298402255639097,0.08069920208308222,two-strong
1,1974,marriage,0.2421052631578947,female,0.2285714285714285,0.05590062088711872,two-strong
1,1975,marriage,0.2421052631578947,female,0.2285714285714285,0.05590062088711872,two-strong
1,1976,marriage,0.2421052631578947,female,0.2285714285714285,0.05590062088711872,two-strong
1,1977,marriage,0.2421052631578947,female,0.2285714285714285,0.05590062088711872,two-strong
1,1978,marriage,0.2421052631578947,female,0.2285714285714285,0.05590062088711872,two-strong
1,1979,marriage,0.2421052631578947,female,0.2285714285714285,0.05590062088711872,two-strong
1,1980,marriage,0.2421052631578947,female,0.2285714285714285,0.05590062088711872,two-strong
1,1981,marriage,0.2421052631578947,female,0.2285714285714285,0.05590062088711872,two-strong
1,1982,marriage,0.2421052631578947,female,0.2285714285714285,0.05590062088711872,two-strong
1,1983,marriage,0.2421052631578947,female,0.2285714285714285,0.05590062088711872,two-strong
1,1984,marriage,0.2421052631578947,female,0.2285714285714285,0.05590062088711872,two-strong
1,1985,marriage,0.2421052631578947,female,0.2285714285714285,0.05590062088711872,two-strong
1,1986,marriage,0.2421052631578947,female,0.2285714285714285,0.05590062088711872,two-strong
1,1987,marriage,0.2421052631578947,female,0.2285714285714285,0.05590062088711872,two-strong
1,1988,marriage,0.2421052631578947,female,0.2285714285714285,0.05590062088711872,two-strong
1,1989,marriage,0.2421052631578947,female,0.2285714285714285,0.05590062088711872,two-strong
1,1990,marriage,0.2421052631578947,female,0.2285714285714285,0.05590062088711872,two-strong
1,1991,marriage,0.2421052631578947,female,0.2285714285714285,0.05590062088711872,two-strong
1,1992,marriage,0.2421052631578947,female,0.2285714285714285,0.05590062088711872,two-strong
1,1993,marriage,0.2421052631578947,female,0.2285714285714285,0.05590062088711872,two-strong
1,1994,marriage,0.2421052631578947,female,0.2285714285714285,0.05590062088711872,two-strong
1,1995,marriage,0.2421052631578947,female,0.2285714285714285,0.05590062088711872,two-strong
1,1996,marriage,0.2421052631578947,female,0.2285714285714285,0.05590062088711872,two-strong
1,1997,marriage,0.2421052631578947,female,0.2285714285714285,0.05590062088711872,two-strong
1,1998,marriage,0.2421052631578947,female,0.2285714285714285,0.05590062088711872,two-strong
1,1999,female,0.2647030246030459,marriage,0.2434118192925687,0.08043431034447614,two-strong
1,2000,marriage,0.2421052631578947,female,0.2285714285714285,0.05590062088711872,two-strong
1,2001,marriage,0.2421052631578947,female,0.2285714285714285,0.05590062088711872,two-strong
1,2002,marriage,0.2421052631578947,female,0.2285714285714285,0.05590062088711872,two-strong
1,2003,marriage,0.2421052631578947,female,0.2285714285714285,0.05590062088711872,two-strong
1,2004,marriage,0.2421052631578947,female,0.2285714285714285,0.05590062088711872,two-strong
1,2005,marriage,0.2421052631578947,female,0.2285714285714285,0.05590062088711872,two-strong
1,2006,marriage,0.2421052631578947,female,0.2285714285714285,0.05590062088711872,two-strong
1,2007,marriage,0.2421052631578947,female,0.2285714285714285,0.05590062088711872,two-strong
1,2008,marriage,0.2421052631578947,female,0.2285714285714285,0.05590062088711872,two-strong
1,2009,marriage,0.2421052631578947,female,0.2285714285714285,0.05590062088711872,two-strong
1,2010,marriage,0.2421052631578947,female,0.2285714285714285,0.05590062088711872,two-strong
1,2011,marriage,0.2421052631578947,female,0.2285714285714285,0.05590062088711872,two-strong
1,2012,marriage,0.2410189303367281,society,0.2389692687325283,0.008504151905545636,two-strong
1,2013,marriage,0.2421052631578947,female,0.2285714285714285,0.05590062088711872,two-strong
1,2014,marriage,0.2421052631578947,female,0.2285714285714285,0.05590062088711872,two-strong
1,2015,marriage,0.2562275253350768,female,0.2285714285714285,0.10793569746086355,two-strong
1,2016,society,0.244742721186839,class,0.2429416728556104,0.00735894540657132,two-strong
1,2017,marriage,0.2421052631578947,female,0.2285714285714285,0.05590062088711872,two-strong
1,2018,female,0.2539473684210526,marriage,0.2468126838836221,0.028095130710336137,two-strong
1,2019,marriage,0.2421052631578947,female,0.2285714285714285,0.05590062088711872,two-strong
1,2020,marriage,0.2421052631578947,female,0.2285714285714285,0.05590062088711872,two-strong
1,2021,marriage,0.2421052631578947,female,0.2285714285714285,0.05590062088711872,two-strong
1,2022,marriage,0.2421052631578947,female,0.2285714285714285,0.05590062088711872,two-strong
1,2023,marriage,0.2421052631578947,female,0.2285714285714285,0.05590062088711872,two-strong
1,2024,marriage,0.2421052631578947,female,0.2285714285714285,0.05590062088711872,two-strong
1,2025,marriage,0.2421052631578947,female,0.2285714285714285,0.05590062088711872,two-strong
1,2026,marriage,0.2421052631578947,female,0.2285714285714285,0.05590062088711872,two-strong
1,2027,marriage,0.2421052631578947,female,0.2285714285714285,0.05590062088711872,two-strong
1,2028,marriage,0.2421052631578947,female,0.2285714285714285,0.05590062088711872,two-strong
1,2029,marriage,0.2421052631578947,female,0.2285714285714285,0.05590062088711872,two-strong
1,2030,marriage,0.2421052631578947,female,0.2285714285714285,0.05590062088711872,two-strong
1,2031,marriage,0.2421052631578947,female,0.2285714285714285,0.05590062088711872,two-strong
1,2032,marriage,0.2421052631578947,female,0.2285714285714285,0.05590062088711872,two-strong
1,2033,marriage,0.2421052631578947,female,0.2285714285714285,0.05590062088711872,two-strong
1,2034,marriage,0.2421052631578947,female,0.2285714285714285,0.05590062088711872,two-strong
1,2035,marriage,0.2421052631578947,female,0.2285714285714285,0.05590062088711872,two-strong
1,2036,marriage,0.2421052631578947,female,0.2285714285714285,0.05590062088711872,two-strong
1,2037,marriage,0.2421052631578947,female,0.2285714285714285,0.05590062088711872,two-strong
1,2038,marriage,0.2421052631578947,female,0.2285714285714285,0.05590062088711872,two-strong
1,2039,marriage,0.2421052631578947,female,0.2285714285714285,0.05590062088711872,two-strong
1,2040,marriage,0.2421052631578947,female,0.2285714285714285,0.05590062088711872,two-strong
1,2041,marriage,0.2421052631578947,female,0.2285714285714285,0.05590062088711872,two-strong
1,2042,marriage,0.2421052631578947,female,0.2285714285714285,0.05590062088711872,two-strong
1,2043,marriage,0.2421052631578947,female,0.2336466165413533,0.034937888054449355,two-strong
1,2044,marriage,0.2484187280103066,female,0.2398606052120384,0.0344503928200725,two-strong
1,2045,marriage,0.2421052631578947,female,0.2285714285714285,0.05590062088711872,two-strong
1,2046,marriage,0.2421052631578947,female,0.2287124060150376,0.05531832275287766,two-strong
1,2047,marriage,0.2421052631578947,female,0.2285714285714285,0.05590062088711872,two-strong
1,2048,marriage,0.2421052631578947,female,0.2285714285714285,0.05590062088711872,two-strong
1,2049,marriage,0.2421052631578947,female,0.2285714285714285,0.05590062088711872,two-strong
1,2050,marriage,0.2421052631578947,female,0.2285714285714285,0.05590062088711872,two-strong
1,2051,marriage,0.2421052631578947,female,0.2285714285714285,0.05590062088711872,two-strong
1,2052,marriage,0.2421052631578947,female,0.2285714285714285,0.05590062088711872,two-strong
1,2053,marriage,0.2421052631578947,female,0.2285714285714285,0.05590062088711872,two-strong
1,2054,marriage,0.2421052631578947,female,0.2285714285714285,0.05590062088711872,two-strong
1,2055,marriage,0.2421052631578947,female,0.2336466165413533,0.034937888054449355,two-strong
1,2056,marriage,0.2421052631578947,female,0.2336466165413533,0.034937888054449355,two-strong
1,2057,marriage,0.2421052631578947,female,0.2285714285714285,0.05590062088711872,two-strong
1,2058,marriage,0.2421052631578947,female,0.2285714285714285,0.05590062088711872,two-strong
1,2059,marriage,0.2421052631578947,female,0.2285714285714285,0.05590062088711872,two-strong
1,2060,marriage,0.2421052631578947,female,0.2285714285714285,0.05590062088711872,two-strong
1,2061,female,0.2755890891940212,male,0.2571368819944265,0.06695550678948824,two-strong
1,2062,marriage,0.2421052631578947,female,0.2285714285714285,0.05590062088711872,two-strong
1,2063,female,0.2437969924812029,marriage,0.2421052631578947,0.0069390901797097984,two-strong
1,2064,society,0.2809756217342594,marriage,0.2220167494333997,0.2098362545729517,leaning
1,2065,marriage,0.2421052631578947,female,0.2285714285714285,0.05590062088711872,two-strong
1,2066,marriage,0.2421052631578947,female,0.2285714285714285,0.05590062088711872,two-strong
1,2067,marriage,0.2421052631578947,female,0.2285714285714285,0.05590062088711872,two-strong
1,2068,marriage,0.2421052631578947,female,0.2285714285714285,0.05590062088711872,two-strong
1,2069,male,0.276171114484546,marriage,0.2298243840042605,0.16781889155558333,two-strong
1,2070,marriage,0.2421052631578947,female,0.2285714285714285,0.05590062088711872,two-strong
1,2071,marriage,0.2421052631578947,female,0.2285714285714285,0.05590062088711872,two-strong
1,2072,marriage,0.2421052631578947,female,0.2285714285714285,0.05590062088711872,two-strong
1,2073,marriage,0.2421052631578947,female,0.2285714285714285,0.05590062088711872,two-strong
1,2074,marriage,0.2421052631578947,female,0.2285714285714285,0.05590062088711872,two-strong
1,2075,marriage,0.2421052631578947,female,0.2285714285714285,0.05590062088711872,two-strong
1,2076,marriage,0.2421052631578947,female,0.2285714285714285,0.05590062088711872,two-strong
1,2077,marriage,0.2421052631578947,female,0.2285714285714285,0.05590062088711872,two-strong
1,2078,marriage,0.2421052631578947,female,0.2285714285714285,0.05590062088711872,two-strong
1,2079,marriage,0.2421052631578947,female,0.2303571428571428,0.048524844520068375,two-strong
1,2080,marriage,0.2421052631578947,female,0.2285714285714285,0.05590062088711872,two-strong
1,2081,marriage,0.2421052631578947,female,0.2285714285714285,0.05590062088711872,two-strong
1,2082,marriage,0.2421052631578947,female,0.2285714285714285,0.05590062088711872,two-strong
1,2083,marriage,0.2421052631578947,female,0.2285714285714285,0.05590062088711872,two-strong
1,2084,marriage,0.2421052631578947,female,0.2285714285714285,0.05590062088711872,two-strong
1,2085,marriage,0.2421052631578947,female,0.2285714285714285,0.05590062088711872,two-strong
1,2086,marriage,0.2421052631578947,female,0.2285714285714285,0.05590062088711872,two-strong
1,2087,marriage,0.2421052631578947,female,0.2285714285714285,0.05590062088711872,two-strong
1,2088,marriage,0.2421052631578947,female,0.2285714285714285,0.05590062088711872,two-strong
1,2089,marriage,0.2421052631578947,female,0.2285714285714285,0.05590062088711872,two-strong
1,2090,marriage,0.2421052631578947,female,0.2285714285714285,0.05590062088711872,two-strong
1,2091,marriage,0.2421052631578947,female,0.2285714285714285,0.05590062088711872,two-strong
1,2092,marriage,0.2421052631578947,female,0.2285714285714285,0.05590062088711872,two-strong
1,2093,marriage,0.2421052631578947,female,0.2285714285714285,0.05590062088711872,two-strong
1,2094,marriage,0.2421052631578947,female,0.2285714285714285,0.05590062088711872,two-strong
1,2095,marriage,0.2421052631578947,female,0.2336466165413533,0.034937888054449355,two-strong
1,2096,marriage,0.2421052631578947,female,0.2387218045112781,0.01397515522177988,two-strong
1,2097,marriage,0.2421052631578947,female,0.2285714285714285,0.05590062088711872,two-strong
1,2098,marriage,0.2421052631578947,female,0.2285714285714285,0.05590062088711872,two-strong
1,2099,marriage,0.2356581643861363,female,0.2259062117932155,0.04138177252182966,two-strong
1,2100,marriage,0.2421052631578947,female,0.2285714285714285,0.05590062088711872,two-strong
1,2101,marriage,0.2468126838836221,female,0.2285714285714285,0.07390728446876531,two-strong
1,2102,marriage,0.2421052631578947,female,0.2285714285714285,0.05590062088711872,two-strong
1,2103,marriage,0.2421052631578947,female,0.2285714285714285,0.05590062088711872,two-strong
1,2104,marriage,0.2421052631578947,female,0.2285714285714285,0.05590062088711872,two-strong
1,2105,marriage,0.2421052631578947,female,0.2285714285714285,0.05590062088711872,two-strong
1,2106,marriage,0.2421052631578947,female,0.2285714285714285,0.05590062088711872,two-strong
1,2107,marriage,0.2421052631578947,female,0.2285714285714285,0.05590062088711872,two-strong
1,2108,marriage,0.2421052631578947,female,0.2285714285714285,0.05590062088711872,two-strong
1,2109,marriage,0.2421052631578947,female,0.2285714285714285,0.05590062088711872,two-strong
1,2110,marriage,0.2468126838836221,female,0.2285714285714285,0.07390728446876531,two-strong
1,2111,marriage,0.2421052631578947,female,0.2285714285714285,0.05590062088711872,two-strong
1,2112,marriage,0.2421052631578947,female,0.2285714285714285,0.05590062088711872,two-strong
1,2113,marriage,0.2421052631578947,female,0.2285714285714285,0.05590062088711872,two-strong
1,2114,marriage,0.2421052631578947,female,0.2285714285714285,0.05590062088711872,two-strong
1,2115,marriage,0.2421052631578947,female,0.2285714285714285,0.05590062088711872,two-strong
1,2116,marriage,0.2421052631578947,female,0.2285714285714285,0.05590062088711872,two-strong
1,2117,marriage,0.2421052631578947,female,0.2285714285714285,0.05590062088711872,two-strong
1,2118,marriage,0.2421052631578947,female,0.2285714285714285,0.05590062088711872,two-strong
1,2119,marriage,0.2421052631578947,female,0.2285714285714285,0.05590062088711872,two-strong
1,2120,marriage,0.2421052631578947,female,0.2285714285714285,0.05590062088711872,two-strong
1,2121,marriage,0.2421052631578947,female,0.2285714285714285,0.05590062088711872,two-strong
1,2122,marriage,0.2421052631578947,female,0.2285714285714285,0.05590062088711872,two-strong
1,2123,marriage,0.2421052631578947,female,0.2285714285714285,0.05590062088711872,two-strong
1,2124,marriage,0.2421052631578947,female,0.2285714285714285,0.05590062088711872,two-strong
1,2125,marriage,0.2421052631578947,female,0.2285714285714285,0.05590062088711872,two-strong
1,2126,marriage,0.2421052631578947,female,0.2285714285714285,0.05590062088711872,two-strong
1,2127,marriage,0.2494497112346082,female,0.2285714285714285,0.08369736118814848,two-strong
1,2128,marriage,0.2421052631578947,female,0.2336466165413533,0.034937888054449355,two-strong
1,2129,marriage,0.2421052631578947,female,0.2285714285714285,0.05590062088711872,two-strong
1,2130,marriage,0.2468126838836221,female,0.2285714285714285,0.07390728446876531,two-strong
1,2131,marriage,0.2421052631578947,female,0.2336466165413533,0.034937888054449355,two-strong
1,2132,marriage,0.2515201046093495,female,0.2336466165413533,0.07106186610686518,two-strong
1,2133,marriage,0.2421052631578947,female,0.2285714285714285,0.05590062088711872,two-strong
1,2134,marriage,0.2421052631578947,female,0.2285714285714285,0.05590062088711872,two-strong
1,2135,marriage,0.2421052631578947,female,0.2285714285714285,0.05590062088711872,two-strong
1,2136,marriage,0.2421052631578947,female,0.2285714285714285,0.05590062088711872,two-strong
1,2137,marriage,0.2421052631578947,female,0.2285714285714285,0.05590062088711872,two-strong
1,2138,marriage,0.2421052631578947,female,0.2285714285714285,0.05590062088711872,two-strong
1,2139,marriage,0.2421052631578947,female,0.2285714285714285,0.05590062088711872,two-strong
1,2140,marriage,0.2421052631578947,female,0.2285714285714285,0.05590062088711872,two-strong
1,2141,marriage,0.2421052631578947,female,0.2285714285714285,0.05590062088711872,two-strong
1,2142,marriage,0.2421052631578947,female,0.2285714285714285,0.05590062088711872,two-strong
1,2143,marriage,0.2421052631578947,female,0.2285714285714285,0.05590062088711872,two-strong
1,2144,marriage,0.2421052631578947,female,0.2285714285714285,0.05590062088711872,two-strong
1,2145,marriage,0.2421052631578947,female,0.2285714285714285,0.05590062088711872,two-strong
1,2146,marriage,0.2421052631578947,female,0.2285714285714285,0.05590062088711872,two-strong
1,2147,marriage,0.2421052631578947,female,0.2285714285714285,0.05590062088711872,two-strong
1,2148,marriage,0.2421052631578947,female,0.2285714285714285,0.05590062088711872,two-strong
1,2149,marriage,0.2421052631578947,female,0.2285714285714285,0.05590062088711872,two-strong
1,2150,marriage,0.2834796710527371,female,0.2374722097291778,0.1622954513472144,two-strong
1,2151,marriage,0.2421052631578947,female,0.2285714285714285,0.05590062088711872,two-strong
1,2152,marriage,0.2421052631578947,female,0.2285714285714285,0.05590062088711872,two-strong
1,2153,marriage,0.2421052631578947,female,0.2285714285714285,0.05590062088711872,two-strong
1,2154,marriage,0.2421052631578947,female,0.2285714285714285,0.05590062088711872,two-strong
1,2155,family,0.4525193231512838,male,0.4318267740172338,0.04572743754724644,two-strong
1,2156,marriage,0.2421052631578947,female,0.2285714285714285,0.05590062088711872,two-strong
1,2157,marriage,0.2421052631578947,female,0.2285714285714285,0.05590062088711872,two-strong
1,2158,female,0.299624060150376,marriage,0.2440666884602811,0.18542359874833836,two-strong
1,2159,marriage,0.2421052631578947,female,0.2285714285714285,0.05590062088711872,two-strong
1,2160,marriage,0.2421052631578947,female,0.2285714285714285,0.05590062088711872,two-strong
1,2161,marriage,0.2421052631578947,female,0.2285714285714285,0.05590062088711872,two-strong
1,2162,marriage,0.2421052631578947,female,0.2285714285714285,0.05590062088711872,two-strong
1,2163,marriage,0.2421052631578947,female,0.2285714285714285,0.05590062088711872,two-strong
1,2164,marriage,0.2421052631578947,female,0.2285714285714285,0.05590062088711872,two-strong
1,2165,marriage,0.2515201046093495,female,0.2285714285714285,0.09123992685325878,two-strong
1,2166,marriage,0.2421052631578947,female,0.2285714285714285,0.05590062088711872,two-strong
1,2167,marriage,0.2421052631578947,female,0.2285714285714285,0.05590062088711872,two-strong
1,2168,marriage,0.2421052631578947,female,0.2285714285714285,0.05590062088711872,two-strong
1,2169,marriage,0.2421052631578947,female,0.2285714285714285,0.05590062088711872,two-strong
1,2170,marriage,0.2421052631578947,female,0.2285714285714285,0.05590062088711872,two-strong
1,2171,marriage,0.2421052631578947,female,0.2285714285714285,0.05590062088711872,two-strong
1,2172,marriage,0.2421052631578947,female,0.2285714285714285,0.05590062088711872,two-strong
1,2173,marriage,0.2421052631578947,female,0.2285714285714285,0.05590062088711872,two-strong
1,2174,marriage,0.2421052631578947,female,0.2285714285714285,0.05590062088711872,two-strong
1,2175,marriage,0.2421052631578947,female,0.2285714285714285,0.05590062088711872,two-strong
1,2176,marriage,0.2421052631578947,female,0.2285714285714285,0.05590062088711872,two-strong
1,2177,marriage,0.2421052631578947,female,0.2285714285714285,0.05590062088711872,two-strong
1,2178,marriage,0.2421052631578947,female,0.2285714285714285,0.05590062088711872,two-strong
1,2179,marriage,0.2421052631578947,female,0.2285714285714285,0.05590062088711872,two-strong
1,2180,marriage,0.2421052631578947,female,0.2285714285714285,0.05590062088711872,two-strong
1,2181,male,0.2435052785655854,female,0.2433799763743701,0.0005145768972190455,two-strong
1,2182,marriage,0.2421052631578947,female,0.2285714285714285,0.05590062088711872,two-strong
1,2183,marriage,0.2421052631578947,female,0.2285714285714285,0.05590062088711872,two-strong
1,2184,marriage,0.2421052631578947,female,0.2285714285714285,0.05590062088711872,two-strong
1,2185,marriage,0.2421052631578947,female,0.2285714285714285,0.05590062088711872,two-strong
1,2186,marriage,0.2421052631578947,female,0.2285714285714285,0.05590062088711872,two-strong
1,2187,marriage,0.2421052631578947,female,0.2285714285714285,0.05590062088711872,two-strong
1,2188,marriage,0.2421052631578947,female,0.2285714285714285,0.05590062088711872,two-strong
1,2189,marriage,0.2421052631578947,female,0.2285714285714285,0.05590062088711872,two-strong
1,2190,marriage,0.2421052631578947,female,0.2285714285714285,0.05590062088711872,two-strong
1,2191,marriage,0.2421052631578947,female,0.2285714285714285,0.05590062088711872,two-strong
1,2192,marriage,0.2421052631578947,female,0.2285714285714285,0.05590062088711872,two-strong
1,2193,marriage,0.2421052631578947,female,0.2285714285714285,0.05590062088711872,two-strong
1,2194,marriage,0.2421052631578947,female,0.2285714285714285,0.05590062088711872,two-strong
1,2195,marriage,0.2421052631578947,female,0.2285714285714285,0.05590062088711872,two-strong
1,2196,marriage,0.2421052631578947,female,0.2387218045112781,0.01397515522177988,two-strong
1,2197,marriage,0.2421052631578947,female,0.2285714285714285,0.05590062088711872,two-strong
1,2198,marriage,0.2421052631578947,female,0.2285714285714285,0.05590062088711872,two-strong
1,2199,marriage,0.2421052631578947,female,0.2285714285714285,0.05590062088711872,two-strong
1,2200,marriage,0.2421052631578947,female,0.2285714285714285,0.05590062088711872,two-strong
1,2201,marriage,0.2421052631578947,female,0.2285714285714285,0.05590062088711872,two-strong
1,2202,marriage,0.2421052631578947,female,0.2285714285714285,0.05590062088711872,two-strong
1,2203,marriage,0.2421052631578947,female,0.2285714285714285,0.05590062088711872,two-strong
1,2204,marriage,0.2421052631578947,female,0.2285714285714285,0.05590062088711872,two-strong
1,2205,marriage,0.2421052631578947,female,0.2285714285714285,0.05590062088711872,two-strong
1,2206,female,0.2437969924812029,family,0.1996461742591773,0.18109664763125838,two-strong
1,2207,marriage,0.2421052631578947,female,0.2285714285714285,0.05590062088711872,two-strong
1,2208,female,0.2336466165413533,male,0.2022556390977443,0.13435237271540248,two-strong
1,2209,marriage,0.2421052631578947,female,0.2285714285714285,0.05590062088711872,two-strong
1,2210,marriage,0.2421052631578947,female,0.2285714285714285,0.05590062088711872,two-strong
1,2211,marriage,0.2421052631578947,female,0.2285714285714285,0.05590062088711872,two-strong
1,2212,marriage,0.2421052631578947,female,0.2365288220551378,0.023033126198859076,two-strong
1,2213,marriage,0.2421052631578947,female,0.2285714285714285,0.05590062088711872,two-strong
1,2214,marriage,0.2421052631578947,female,0.2285714285714285,0.05590062088711872,two-strong
1,2215,marriage,0.2421052631578947,female,0.2285714285714285,0.05590062088711872,two-strong
1,2216,marriage,0.2421052631578947,female,0.2285714285714285,0.05590062088711872,two-strong
1,2217,marriage,0.2421052631578947,female,0.2285714285714285,0.05590062088711872,two-strong
1,2218,marriage,0.2421052631578947,female,0.2285714285714285,0.05590062088711872,two-strong
1,2219,marriage,0.2421052631578947,female,0.2285714285714285,0.05590062088711872,two-strong
1,2220,marriage,0.2421052631578947,female,0.2285714285714285,0.05590062088711872,two-strong
1,2221,marriage,0.2421052631578947,female,0.2285714285714285,0.05590062088711872,two-strong
1,2222,marriage,0.2421052631578947,female,0.2285714285714285,0.05590062088711872,two-strong
1,2223,marriage,0.2421052631578947,female,0.2411654135338345,0.0038819875616057133,two-strong
1,2224,marriage,0.2421052631578947,female,0.2285714285714285,0.05590062088711872,two-strong
1,2225,marriage,0.2421052631578947,female,0.2285714285714285,0.05590062088711872,two-strong
1,2226,marriage,0.2421052631578947,female,0.2285714285714285,0.05590062088711872,two-strong
1,2227,marriage,0.2421052631578947,female,0.2285714285714285,0.05590062088711872,two-strong
1,2228,marriage,0.2421052631578947,female,0.2285714285714285,0.05590062088711872,two-strong
1,2229,marriage,0.2421052631578947,female,0.2285714285714285,0.05590062088711872,two-strong
1,2230,marriage,0.2421052631578947,female,0.2303571428571428,0.048524844520068375,two-strong
1,2231,marriage,0.2421052631578947,female,0.2285714285714285,0.05590062088711872,two-strong
1,2232,marriage,0.2421052631578947,female,0.2285714285714285,0.05590062088711872,two-strong
1,2233,marriage,0.2421052631578947,female,0.2285714285714285,0.05590062088711872,two-strong
1,2234,marriage,0.2421052631578947,female,0.2285714285714285,0.05590062088711872,two-strong
1,2235,marriage,0.2421052631578947,female,0.2285714285714285,0.05590062088711872,two-strong
1,2236,marriage,0.2421052631578947,female,0.2303571428571428,0.048524844520068375,two-strong
1,2237,family,0.3434728376685184,female,0.2692956839469096,0.21596221118723238,leaning
1,2238,marriage,0.2421052631578947,female,0.2285714285714285,0.05590062088711872,two-strong
1,2239,marriage,0.2468126838836221,female,0.2285714285714285,0.07390728446876531,two-strong
1,2240,marriage,0.2421052631578947,female,0.2285714285714285,0.05590062088711872,two-strong
1,2241,marriage,0.2421052631578947,female,0.2285714285714285,0.05590062088711872,two-strong
1,2242,marriage,0.2421052631578947,female,0.2285714285714285,0.05590062088711872,two-strong
1,2243,marriage,0.2421052631578947,female,0.2285714285714285,0.05590062088711872,two-strong
1,2244,marriage,0.2421052631578947,female,0.2285714285714285,0.05590062088711872,two-strong
1,2245,marriage,0.2421052631578947,female,0.2285714285714285,0.05590062088711872,two-strong
1,2246,marriage,0.2421052631578947,female,0.2285714285714285,0.05590062088711872,two-strong
1,2247,marriage,0.2421052631578947,female,0.2285714285714285,0.05590062088711872,two-strong
1,2248,marriage,0.2421052631578947,female,0.2285714285714285,0.05590062088711872,two-strong
1,2249,marriage,0.2421052631578947,female,0.2285714285714285,0.05590062088711872,two-strong
1,2250,marriage,0.2421052631578947,female,0.2285714285714285,0.05590062088711872,two-strong
1,2251,marriage,0.2421052631578947,female,0.2285714285714285,0.05590062088711872,two-strong
1,2252,marriage,0.2421052631578947,female,0.2285714285714285,0.05590062088711872,two-strong
1,2253,marriage,0.2421052631578947,female,0.2285714285714285,0.05590062088711872,two-strong
1,2254,marriage,0.2421052631578947,female,0.2285714285714285,0.05590062088711872,two-strong
1,2255,marriage,0.2468126838836221,female,0.2336466165413533,0.05334437064479448,two-strong
1,2256,marriage,0.2421052631578947,female,0.2387218045112781,0.01397515522177988,two-strong
1,2257,marriage,0.2421052631578947,female,0.2285714285714285,0.05590062088711872,two-strong
1,2258,marriage,0.2421052631578947,female,0.2387218045112781,0.01397515522177988,two-strong
1,2259,marriage,0.2421052631578947,female,0.2285714285714285,0.05590062088711872,two-strong
1,2260,marriage,0.2421052631578947,female,0.2285714285714285,0.05590062088711872,two-strong
1,2261,marriage,0.2421052631578947,female,0.2285714285714285,0.05590062088711872,two-strong
1,2262,male,0.3114176821887278,family,0.2686521118843032,0.13732543979690273,two-strong
1,2263,marriage,0.2421052631578947,female,0.2285714285714285,0.05590062088711872,two-strong
1,2264,marriage,0.2421052631578947,female,0.2285714285714285,0.05590062088711872,two-strong
1,2265,marriage,0.2421052631578947,female,0.2303571428571428,0.048524844520068375,two-strong
1,2266,marriage,0.2421052631578947,female,0.2285714285714285,0.05590062088711872,two-strong
1,2267,marriage,0.2468126838836221,female,0.2285714285714285,0.07390728446876531,two-strong
1,2268,marriage,0.2421052631578947,female,0.2285714285714285,0.05590062088711872,two-strong
1,2269,marriage,0.2421052631578947,female,0.2285714285714285,0.05590062088711872,two-strong
1,2270,marriage,0.2421052631578947,female,0.2285714285714285,0.05590062088711872,two-strong
1,2271,marriage,0.2421052631578947,female,0.2285714285714285,0.05590062088711872,two-strong
1,2272,marriage,0.2421052631578947,female,0.2285714285714285,0.05590062088711872,two-strong
1,2273,marriage,0.2421052631578947,female,0.2285714285714285,0.05590062088711872,two-strong
1,2274,marriage,0.2421052631578947,female,0.2285714285714285,0.05590062088711872,two-strong
1,2275,marriage,0.2421052631578947,female,0.2285714285714285,0.05590062088711872,two-strong
1,2276,marriage,0.2421052631578947,female,0.2285714285714285,0.05590062088711872,two-strong
1,2277,marriage,0.2421052631578947,female,0.2285714285714285,0.05590062088711872,two-strong
1,2278,marriage,0.2421052631578947,female,0.2285714285714285,0.05590062088711872,two-strong
1,2279,marriage,0.2421052631578947,female,0.2285714285714285,0.05590062088711872,two-strong
1,2280,marriage,0.2421052631578947,female,0.2399592731829573,0.008863871598999455,two-strong
1,2281,marriage,0.2421052631578947,female,0.2285714285714285,0.05590062088711872,two-strong
1,2282,marriage,0.2421052631578947,female,0.2285714285714285,0.05590062088711872,two-strong
1,2283,marriage,0.2421052631578947,female,0.2285714285714285,0.05590062088711872,two-strong
1,2284,marriage,0.2468126838836221,female,0.2285714285714285,0.07390728446876531,two-strong
1,2285,marriage,0.2421052631578947,female,0.2285714285714285,0.05590062088711872,two-strong
1,2286,marriage,0.2421052631578947,female,0.2285714285714285,0.05590062088711872,two-strong
1,2287,marriage,0.2421052631578947,female,0.2285714285714285,0.05590062088711872,two-strong
1,2288,marriage,0.2421052631578947,female,0.2285714285714285,0.05590062088711872,two-strong
1,2289,female,0.2336466165413533,male,0.2022556390977443,0.13435237271540248,two-strong
1,2290,marriage,0.2421052631578947,female,0.2285714285714285,0.05590062088711872,two-strong
1,2291,marriage,0.2421052631578947,female,0.2285714285714285,0.05590062088711872,two-strong
1,2292,marriage,0.2421052631578947,female,0.2285714285714285,0.05590062088711872,two-strong
1,2293,marriage,0.2421052631578947,female,0.2285714285714285,0.05590062088711872,two-strong
1,2294,marriage,0.2609349460608042,female,0.2336466165413533,0.10457905246816959,two-strong
1,2295,marriage,0.2421052631578947,female,0.2285714285714285,0.05590062088711872,two-strong
1,2296,marriage,0.2421052631578947,female,0.2285714285714285,0.05590062088711872,two-strong
1,2297,marriage,0.2421052631578947,female,0.2285714285714285,0.05590062088711872,two-strong
1,2298,marriage,0.2421052631578947,female,0.2285714285714285,0.05590062088711872,two-strong
1,2299,marriage,0.2421052631578947,female,0.2285714285714285,0.05590062088711872,two-strong
1,2300,marriage,0.2421052631578947,female,0.2285714285714285,0.05590062088711872,two-strong
1,2301,female,0.2891233319161283,marriage,0.2258370164330164,0.2188903774897705,leaning
1,2302,marriage,0.2421052631578947,female,0.2285714285714285,0.05590062088711872,two-strong
1,2303,marriage,0.2421052631578947,female,0.2285714285714285,0.05590062088711872,two-strong
1,2304,marriage,0.2421052631578947,female,0.2285714285714285,0.05590062088711872,two-strong
1,2305,marriage,0.2421052631578947,female,0.2285714285714285,0.05590062088711872,two-strong
1,2306,marriage,0.2421052631578947,female,0.2285714285714285,0.05590062088711872,two-strong
1,2307,marriage,0.2421052631578947,female,0.2285714285714285,0.05590062088711872,two-strong
1,2308,marriage,0.2421052631578947,female,0.2285714285714285,0.05590062088711872,two-strong
1,2309,marriage,0.2421052631578947,female,0.2285714285714285,0.05590062088711872,two-strong
1,2310,marriage,0.2421052631578947,female,0.2285714285714285,0.05590062088711872,two-strong
1,2311,marriage,0.2421052631578947,female,0.2285714285714285,0.05590062088711872,two-strong
1,2312,marriage,0.2421052631578947,female,0.2285714285714285,0.05590062088711872,two-strong
1,2313,family,0.2065457762052189,male,0.2022556390977443,0.02077087784376262,two-strong
1,2314,marriage,0.2421052631578947,female,0.2285714285714285,0.05590062088711872,two-strong
1,2315,marriage,0.2421052631578947,female,0.2285714285714285,0.05590062088711872,two-strong
1,2316,marriage,0.2421052631578947,female,0.2285714285714285,0.05590062088711872,two-strong
1,2317,marriage,0.2421052631578947,female,0.2285714285714285,0.05590062088711872,two-strong
1,2318,marriage,0.2421052631578947,female,0.2285714285714285,0.05590062088711872,two-strong
1,2319,marriage,0.2421052631578947,female,0.2336466165413533,0.034937888054449355,two-strong
1,2320,marriage,0.2421052631578947,female,0.2285714285714285,0.05590062088711872,two-strong
1,2321,marriage,0.2421052631578947,female,0.2285714285714285,0.05590062088711872,two-strong
1,2322,marriage,0.2421052631578947,female,0.2285714285714285,0.05590062088711872,two-strong
1,2323,marriage,0.2463441211724964,female,0.2285714285714285,0.07214579525718501,two-strong
1,2324,marriage,0.2421052631578947,female,0.2285714285714285,0.05590062088711872,two-strong
1,2325,marriage,0.2421052631578947,female,0.2336466165413533,0.034937888054449355,two-strong
1,2326,marriage,0.2421052631578947,female,0.2285714285714285,0.05590062088711872,two-strong
1,2327,marriage,0.2421052631578947,female,0.2285714285714285,0.05590062088711872,two-strong
1,2328,marriage,0.2421052631578947,female,0.2336466165413533,0.034937888054449355,two-strong
1,2329,marriage,0.2421052631578947,female,0.2285714285714285,0.05590062088711872,two-strong
1,2330,marriage,0.2421052631578947,female,0.2285714285714285,0.05590062088711872,two-strong
1,2331,marriage,0.2421052631578947,female,0.2336466165413533,0.034937888054449355,two-strong
1,2332,marriage,0.2421052631578947,female,0.2285714285714285,0.05590062088711872,two-strong
1,2333,marriage,0.2421052631578947,female,0.2285714285714285,0.05590062088711872,two-strong
1,2334,marriage,0.2421052631578947,female,0.2285714285714285,0.05590062088711872,two-strong
1,2335,marriage,0.2421052631578947,female,0.2285714285714285,0.05590062088711872,two-strong
1,2336,marriage,0.2421052631578947,female,0.2285714285714285,0.05590062088711872,two-strong
1,2337,marriage,0.2421052631578947,female,0.2285714285714285,0.05590062088711872,two-strong
1,2338,marriage,0.2421052631578947,female,0.2285714285714285,0.05590062088711872,two-strong
1,2339,marriage,0.2421052631578947,female,0.2285714285714285,0.05590062088711872,two-strong
1,2340,marriage,0.2421052631578947,female,0.2285714285714285,0.05590062088711872,two-strong
1,2341,marriage,0.2421052631578947,female,0.2285714285714285,0.05590062088711872,two-strong
1,2342,marriage,0.2421052631578947,female,0.2285714285714285,0.05590062088711872,two-strong
1,2343,marriage,0.2421052631578947,female,0.2285714285714285,0.05590062088711872,two-strong
1,2344,marriage,0.2421052631578947,female,0.2387218045112781,0.01397515522177988,two-strong
1,2345,marriage,0.2421052631578947,female,0.2285714285714285,0.05590062088711872,two-strong
1,2346,marriage,0.2562275253350768,female,0.2285714285714285,0.10793569746086355,two-strong
1,2347,marriage,0.2421052631578947,female,0.2285714285714285,0.05590062088711872,two-strong
1,2348,marriage,0.2421052631578947,female,0.2285714285714285,0.05590062088711872,two-strong
1,2349,marriage,0.2421052631578947,female,0.2285714285714285,0.05590062088711872,two-strong
1,2350,marriage,0.2421052631578947,female,0.2285714285714285,0.05590062088711872,two-strong
1,2351,marriage,0.2421052631578947,female,0.2285714285714285,0.05590062088711872,two-strong
1,2352,marriage,0.2421542987904544,female,0.2287124060150376,0.05550961840053468,two-strong
1,2353,marriage,0.2421052631578947,female,0.2387218045112781,0.01397515522177988,two-strong
1,2354,marriage,0.2421052631578947,female,0.2285714285714285,0.05590062088711872,two-strong
1,2355,marriage,0.2421052631578947,female,0.2285714285714285,0.05590062088711872,two-strong
1,2356,marriage,0.2421052631578947,female,0.2285714285714285,0.05590062088711872,two-strong
1,2357,marriage,0.2421052631578947,female,0.2285714285714285,0.05590062088711872,two-strong
1,2358,marriage,0.2421052631578947,female,0.2387218045112781,0.01397515522177988,two-strong
1,2359,marriage,0.2421052631578947,female,0.2285714285714285,0.05590062088711872,two-strong
1,2360,marriage,0.2421052631578947,female,0.2285714285714285,0.05590062088711872,two-strong
1,2361,marriage,0.2421052631578947,female,0.2285714285714285,0.05590062088711872,two-strong
1,2362,marriage,0.2421052631578947,female,0.2285714285714285,0.05590062088711872,two-strong
1,2363,marriage,0.2437070938215103,female,0.2303571428571428,0.05477867180742083,two-strong
1,2364,marriage,0.2421052631578947,female,0.2285714285714285,0.05590062088711872,two-strong
1,2365,marriage,0.2421052631578947,female,0.2285714285714285,0.05590062088711872,two-strong
1,2366,marriage,0.2421052631578947,female,0.2285714285714285,0.05590062088711872,two-strong
1,2367,marriage,0.2421052631578947,female,0.2285714285714285,0.05590062088711872,two-strong
1,2368,marriage,0.2421052631578947,female,0.2285714285714285,0.05590062088711872,two-strong
1,2369,marriage,0.2421052631578947,female,0.2285714285714285,0.05590062088711872,two-strong
1,2370,marriage,0.2421052631578947,female,0.2285714285714285,0.05590062088711872,two-strong
1,2371,marriage,0.2421052631578947,female,0.2285714285714285,0.05590062088711872,two-strong
1,2372,marriage,0.2421052631578947,female,0.2285714285714285,0.05590062088711872,two-strong
1,2373,marriage,0.2421052631578947,female,0.2285714285714285,0.05590062088711872,two-strong
1,2374,marriage,0.2468126838836221,female,0.2285714285714285,0.07390728446876531,two-strong
1,2375,marriage,0.2421052631578947,female,0.2285714285714285,0.05590062088711872,two-strong
1,2376,marriage,0.2421052631578947,female,0.2285714285714285,0.05590062088711872,two-strong
1,2377,marriage,0.2421052631578947,female,0.2285714285714285,0.05590062088711872,two-strong
1,2378,marriage,0.2421052631578947,female,0.2285714285714285,0.05590062088711872,two-strong
1,2379,marriage,0.2421052631578947,female,0.2285714285714285,0.05590062088711872,two-strong
1,2380,marriage,0.2421052631578947,female,0.2285714285714285,0.05590062088711872,two-strong
1,2381,marriage,0.2421052631578947,female,0.2285714285714285,0.05590062088711872,two-strong
1,2382,marriage,0.2421052631578947,female,0.2285714285714285,0.05590062088711872,two-strong
1,2383,marriage,0.2421052631578947,female,0.2285714285714285,0.05590062088711872,two-strong
1,2384,marriage,0.2421052631578947,female,0.2285714285714285,0.05590062088711872,two-strong
1,2385,marriage,0.2421052631578947,female,0.2285714285714285,0.05590062088711872,two-strong
1,2386,marriage,0.2421052631578947,female,0.2285714285714285,0.05590062088711872,two-strong
1,2387,marriage,0.2421052631578947,female,0.2285714285714285,0.05590062088711872,two-strong
1,2388,marriage,0.2468126838836221,female,0.2336466165413533,0.05334437064479448,two-strong
1,2389,marriage,0.2421052631578947,female,0.2285714285714285,0.05590062088711872,two-strong
1,2390,marriage,0.2421052631578947,female,0.2285714285714285,0.05590062088711872,two-strong
1,2391,marriage,0.2421052631578947,female,0.2285714285714285,0.05590062088711872,two-strong
1,2392,marriage,0.2421052631578947,female,0.2285714285714285,0.05590062088711872,two-strong
1,2393,marriage,0.2421052631578947,female,0.2285714285714285,0.05590062088711872,two-strong
1,2394,marriage,0.2421052631578947,female,0.2285714285714285,0.05590062088711872,two-strong
1,2395,marriage,0.2421052631578947,female,0.2285714285714285,0.05590062088711872,two-strong
1,2396,marriage,0.2421052631578947,female,0.2285714285714285,0.05590062088711872,two-strong
1,2397,marriage,0.2421052631578947,female,0.2285714285714285,0.05590062088711872,two-strong
1,2398,marriage,0.2769776997982214,male,0.1909914866730819,0.3104445335394727,leaning
1,2399,marriage,0.2421052631578947,female,0.2285714285714285,0.05590062088711872,two-strong
1,2400,marriage,0.2421052631578947,female,0.2285714285714285,0.05590062088711872,two-strong
1,2401,marriage,0.2421052631578947,female,0.2285714285714285,0.05590062088711872,two-strong
1,2402,marriage,0.2421052631578947,female,0.2285714285714285,0.05590062088711872,two-strong
1,2403,marriage,0.2421052631578947,female,0.2285714285714285,0.05590062088711872,two-strong
1,2404,marriage,0.2421052631578947,female,0.2285714285714285,0.05590062088711872,two-strong
1,2405,marriage,0.2421052631578947,female,0.2285714285714285,0.05590062088711872,two-strong
1,2406,marriage,0.2421052631578947,female,0.2285714285714285,0.05590062088711872,two-strong
1,2407,marriage,0.2175140003694952,family,0.2137549572027171,0.017281844585225345,two-strong
1,2408,marriage,0.2421052631578947,female,0.2285714285714285,0.05590062088711872,two-strong
1,2409,marriage,0.2421052631578947,female,0.2285714285714285,0.05590062088711872,two-strong
1,2410,marriage,0.2421052631578947,female,0.2285714285714285,0.05590062088711872,two-strong
1,2411,marriage,0.2421052631578947,female,0.2285714285714285,0.05590062088711872,two-strong
1,2412,marriage,0.2421052631578947,female,0.2285714285714285,0.05590062088711872,two-strong
1,2413,marriage,0.2421052631578947,female,0.2285714285714285,0.05590062088711872,two-strong
1,2414,marriage,0.2421052631578947,female,0.2285714285714285,0.05590062088711872,two-strong
1,2415,marriage,0.2421052631578947,female,0.2285714285714285,0.05590062088711872,two-strong
1,2416,marriage,0.2421052631578947,female,0.2285714285714285,0.05590062088711872,two-strong
1,2417,marriage,0.2421052631578947,female,0.2285714285714285,0.05590062088711872,two-strong
1,2418,marriage,0.2421052631578947,female,0.2285714285714285,0.05590062088711872,two-strong
1,2419,marriage,0.2421052631578947,female,0.2285714285714285,0.05590062088711872,two-strong
1,2420,marriage,0.2421052631578947,female,0.2285714285714285,0.05590062088711872,two-strong
1,2421,marriage,0.2421052631578947,female,0.2285714285714285,0.05590062088711872,two-strong
1,2422,marriage,0.2421052631578947,female,0.2285714285714285,0.05590062088711872,two-strong
1,2423,marriage,0.2418437397842432,female,0.2292606516290727,0.052029827666271074,two-strong
1,2424,marriage,0.2421052631578947,female,0.2285714285714285,0.05590062088711872,two-strong
1,2425,marriage,0.2468126838836221,female,0.2285714285714285,0.07390728446876531,two-strong
1,2426,marriage,0.2421052631578947,female,0.2285714285714285,0.05590062088711872,two-strong
1,2427,marriage,0.2421052631578947,female,0.2285714285714285,0.05590062088711872,two-strong
1,2428,marriage,0.2421052631578947,female,0.2285714285714285,0.05590062088711872,two-strong
1,2429,emotion,0.285029990273946,society,0.2533413339386718,0.11117656845036283,two-strong
1,2430,marriage,0.2421052631578947,female,0.2336466165413533,0.034937888054449355,two-strong
1,2431,marriage,0.2421052631578947,female,0.2285714285714285,0.05590062088711872,two-strong
1,2432,marriage,0.2421542987904544,female,0.2285714285714285,0.05609179862087796,two-strong
1,2433,female,0.2534709219970115,marriage,0.2395179128482263,0.05504777030756188,two-strong
1,2434,marriage,0.2421052631578947,female,0.2285714285714285,0.05590062088711872,two-strong
1,2435,marriage,0.2421052631578947,female,0.2285714285714285,0.05590062088711872,two-strong
1,2436,marriage,0.2421052631578947,female,0.2285714285714285,0.05590062088711872,two-strong
1,2437,marriage,0.248297577934999,female,0.22592748385241,0.09009388725632798,two-strong
1,2438,marriage,0.2421052631578947,female,0.2387218045112781,0.01397515522177988,two-strong
1,2439,marriage,0.2421052631578947,female,0.2285714285714285,0.05590062088711872,two-strong
1,2440,marriage,0.2421052631578947,female,0.2285714285714285,0.05590062088711872,two-strong
1,2441,marriage,0.2421052631578947,female,0.2285714285714285,0.05590062088711872,two-strong
1,2442,marriage,0.2421052631578947,female,0.2285714285714285,0.05590062088711872,two-strong
1,2443,marriage,0.2421052631578947,female,0.2285714285714285,0.05590062088711872,two-strong
1,2444,marriage,0.2421052631578947,female,0.2285714285714285,0.05590062088711872,two-strong
1,2445,marriage,0.2421052631578947,female,0.2285714285714285,0.05590062088711872,two-strong
1,2446,marriage,0.2421052631578947,female,0.2285714285714285,0.05590062088711872,two-strong
1,2447,marriage,0.2421052631578947,female,0.2285714285714285,0.05590062088711872,two-strong
1,2448,marriage,0.2421052631578947,female,0.2285714285714285,0.05590062088711872,two-strong
1,2449,marriage,0.2421052631578947,female,0.2336466165413533,0.034937888054449355,two-strong
1,2450,marriage,0.2421052631578947,female,0.2285714285714285,0.05590062088711872,two-strong
1,2451,marriage,0.2421052631578947,female,0.2285714285714285,0.05590062088711872,two-strong
1,2452,marriage,0.2421052631578947,female,0.2285714285714285,0.05590062088711872,two-strong
1,2453,marriage,0.2421052631578947,female,0.2285714285714285,0.05590062088711872,two-strong
1,2454,marriage,0.2421052631578947,female,0.2285714285714285,0.05590062088711872,two-strong
1,2455,marriage,0.2421052631578947,female,0.2285714285714285,0.05590062088711872,two-strong
1,2456,marriage,0.2421052631578947,female,0.2285714285714285,0.05590062088711872,two-strong
1,2457,marriage,0.2421052631578947,female,0.2285714285714285,0.05590062088711872,two-strong
1,2458,marriage,0.2421052631578947,female,0.2285714285714285,0.05590062088711872,two-strong
1,2459,marriage,0.2421052631578947,female,0.2285714285714285,0.05590062088711872,two-strong
1,2460,marriage,0.2421052631578947,female,0.2285714285714285,0.05590062088711872,two-strong
1,2461,marriage,0.2421052631578947,female,0.2285714285714285,0.05590062088711872,two-strong
1,2462,marriage,0.2421052631578947,female,0.2336466165413533,0.034937888054449355,two-strong
1,2463,marriage,0.2779547342990871,society,0.2217546843740307,0.20219137430626458,leaning
1,2464,marriage,0.2421052631578947,female,0.2285714285714285,0.05590062088711872,two-strong
1,2465,marriage,0.2421052631578947,female,0.2285714285714285,0.05590062088711872,two-strong
1,2466,marriage,0.2421052631578947,female,0.2285714285714285,0.05590062088711872,two-strong
1,2467,marriage,0.2247080064699566,female,0.2124900697170587,0.054372502744618176,two-strong
1,2468,marriage,0.2421052631578947,female,0.2285714285714285,0.05590062088711872,two-strong
1,2469,marriage,0.2421052631578947,female,0.2336466165413533,0.034937888054449355,two-strong
1,2470,marriage,0.2468126838836221,female,0.2336466165413533,0.05334437064479448,two-strong
1,2471,marriage,0.2421052631578947,female,0.2285714285714285,0.05590062088711872,two-strong
1,2472,marriage,0.2421052631578947,female,0.2285714285714285,0.05590062088711872,two-strong
1,2473,marriage,0.2421052631578947,female,0.2285714285714285,0.05590062088711872,two-strong
1,2474,marriage,0.2421052631578947,female,0.2285714285714285,0.05590062088711872,two-strong
1,2475,marriage,0.2421052631578947,female,0.2285714285714285,0.05590062088711872,two-strong
1,2476,marriage,0.2421052631578947,female,0.2285714285714285,0.05590062088711872,two-strong
1,2477,marriage,0.2421052631578947,female,0.2285714285714285,0.05590062088711872,two-strong
1,2478,marriage,0.2421052631578947,female,0.2285714285714285,0.05590062088711872,two-strong
1,2479,marriage,0.2421052631578947,female,0.2285714285714285,0.05590062088711872,two-strong
1,2480,marriage,0.2562275253350768,female,0.2303571428571428,0.10096644512776705,two-strong
1,2481,marriage,0.2421052631578947,female,0.2285714285714285,0.05590062088711872,two-strong
1,2482,marriage,0.2421052631578947,female,0.2285714285714285,0.05590062088711872,two-strong
1,2483,marriage,0.244549898178535,female,0.2281641604010025,0.06700365787339783,two-strong
1,2484,marriage,0.2421052631578947,female,0.2285714285714285,0.05590062088711872,two-strong
1,2485,marriage,0.2421052631578947,female,0.2285714285714285,0.05590062088711872,two-strong
1,2486,marriage,0.2421052631578947,female,0.2285714285714285,0.05590062088711872,two-strong
1,2487,marriage,0.2421052631578947,female,0.2285714285714285,0.05590062088711872,two-strong
1,2488,marriage,0.2421052631578947,female,0.2285714285714285,0.05590062088711872,two-strong
1,2489,marriage,0.2421052631578947,female,0.2285714285714285,0.05590062088711872,two-strong
1,2490,marriage,0.2421052631578947,female,0.2285714285714285,0.05590062088711872,two-strong
1,2491,marriage,0.2421052631578947,female,0.2285714285714285,0.05590062088711872,two-strong
1,2492,marriage,0.2421052631578947,female,0.2285714285714285,0.05590062088711872,two-strong
1,2493,female,0.4152285978187842,family,0.4012620746477072,0.03363574477000878,two-strong
1,2494,marriage,0.2421052631578947,female,0.2285714285714285,0.05590062088711872,two-strong
1,2495,female,0.2590225563909774,marriage,0.2421052631578947,0.06531204619197366,two-strong
1,2496,marriage,0.2421052631578947,female,0.2285714285714285,0.05590062088711872,two-strong
1,2497,marriage,0.2421052631578947,female,0.2285714285714285,0.05590062088711872,two-strong
1,2498,marriage,0.2603971107893958,female,0.2292606516290727,0.11957298199799424,two-strong
1,2499,marriage,0.2421052631578947,female,0.2285714285714285,0.05590062088711872,two-strong
1,2500,female,0.2590225563909774,marriage,0.241636700446769,0.06712101107845053,two-strong
1,2501,marriage,0.2421052631578947,female,0.2285714285714285,0.05590062088711872,two-strong
1,2502,marriage,0.2421052631578947,female,0.2285714285714285,0.05590062088711872,two-strong
1,2503,marriage,0.2421052631578947,female,0.2285714285714285,0.05590062088711872,two-strong
1,2504,marriage,0.2421052631578947,female,0.2285714285714285,0.05590062088711872,two-strong
1,2505,society,0.2877994871541652,marriage,0.2434867627741115,0.1539708241465557,two-strong
1,2506,marriage,0.2421052631578947,female,0.2285714285714285,0.05590062088711872,two-strong
1,2507,marriage,0.2421052631578947,female,0.2285714285714285,0.05590062088711872,two-strong
1,2508,marriage,0.2437070938215103,female,0.2303571428571428,0.05477867180742083,two-strong
1,2509,marriage,0.2421052631578947,female,0.2285714285714285,0.05590062088711872,two-strong
1,2510,marriage,0.2421052631578947,female,0.2336466165413533,0.034937888054449355,two-strong
1,2511,marriage,0.2421052631578947,female,0.2285714285714285,0.05590062088711872,two-strong
1,2512,marriage,0.2421052631578947,female,0.2285714285714285,0.05590062088711872,two-strong
1,2513,marriage,0.2421052631578947,female,0.2285714285714285,0.05590062088711872,two-strong
1,2514,marriage,0.2421052631578947,female,0.2285714285714285,0.05590062088711872,two-strong
1,2515,marriage,0.2421052631578947,female,0.2285714285714285,0.05590062088711872,two-strong
1,2516,marriage,0.2421052631578947,female,0.2285714285714285,0.05590062088711872,two-strong
1,2517,marriage,0.2421052631578947,female,0.2285714285714285,0.05590062088711872,two-strong
1,2518,marriage,0.2421052631578947,female,0.2285714285714285,0.05590062088711872,two-strong
1,2519,marriage,0.2421052631578947,female,0.2336466165413533,0.034937888054449355,two-strong
1,2520,marriage,0.2421052631578947,female,0.2285714285714285,0.05590062088711872,two-strong
1,2521,marriage,0.2421052631578947,female,0.2285714285714285,0.05590062088711872,two-strong
1,2522,marriage,0.2421052631578947,female,0.2285714285714285,0.05590062088711872,two-strong
1,2523,marriage,0.2421052631578947,female,0.2285714285714285,0.05590062088711872,two-strong
1,2524,marriage,0.2421052631578947,female,0.2285714285714285,0.05590062088711872,two-strong
1,2525,marriage,0.2421052631578947,female,0.2285714285714285,0.05590062088711872,two-strong
1,2526,marriage,0.2421052631578947,female,0.2303571428571428,0.048524844520068375,two-strong
1,2527,marriage,0.2421052631578947,female,0.2285714285714285,0.05590062088711872,two-strong
1,2528,marriage,0.2421052631578947,female,0.2285714285714285,0.05590062088711872,two-strong
1,2529,marriage,0.2421052631578947,female,0.2285714285714285,0.05590062088711872,two-strong
1,2530,marriage,0.2421052631578947,female,0.2285714285714285,0.05590062088711872,two-strong
1,2531,marriage,0.2421052631578947,female,0.2285714285714285,0.05590062088711872,two-strong
1,2532,marriage,0.2421052631578947,female,0.2285714285714285,0.05590062088711872,two-strong
1,2533,marriage,0.2421052631578947,female,0.2285714285714285,0.05590062088711872,two-strong
1,2534,marriage,0.2421052631578947,female,0.2285714285714285,0.05590062088711872,two-strong
1,2535,marriage,0.2421052631578947,female,0.2285714285714285,0.05590062088711872,two-strong
1,2536,marriage,0.2421052631578947,female,0.2285714285714285,0.05590062088711872,two-strong
1,2537,marriage,0.2421052631578947,female,0.2285714285714285,0.05590062088711872,two-strong
1,2538,marriage,0.2421052631578947,female,0.2285714285714285,0.05590062088711872,two-strong
1,2539,marriage,0.2421052631578947,female,0.2285714285714285,0.05590062088711872,two-strong
1,2540,marriage,0.2421052631578947,female,0.2285714285714285,0.05590062088711872,two-strong
1,2541,marriage,0.2421052631578947,female,0.2285714285714285,0.05590062088711872,two-strong
1,2542,marriage,0.2421052631578947,female,0.2285714285714285,0.05590062088711872,two-strong
1,2543,female,0.2488721804511278,male,0.2060150375939849,0.17220543737452215,two-strong
1,2544,marriage,0.2421052631578947,female,0.2285714285714285,0.05590062088711872,two-strong
1,2545,marriage,0.2421052631578947,female,0.2285714285714285,0.05590062088711872,two-strong
1,2546,marriage,0.2421052631578947,female,0.2285714285714285,0.05590062088711872,two-strong
1,2547,marriage,0.2421052631578947,female,0.2285714285714285,0.05590062088711872,two-strong
1,2548,marriage,0.2421052631578947,female,0.2285714285714285,0.05590062088711872,two-strong
1,2549,marriage,0.2421052631578947,female,0.2285714285714285,0.05590062088711872,two-strong
1,2550,marriage,0.2421052631578947,female,0.2285714285714285,0.05590062088711872,two-strong
1,2551,marriage,0.2421052631578947,female,0.2285714285714285,0.05590062088711872,two-strong
1,2552,marriage,0.2421052631578947,female,0.2285714285714285,0.05590062088711872,two-strong
1,2553,marriage,0.2421052631578947,female,0.2285714285714285,0.05590062088711872,two-strong
1,2554,marriage,0.2421052631578947,female,0.2285714285714285,0.05590062088711872,two-strong
1,2555,marriage,0.2421052631578947,female,0.2285714285714285,0.05590062088711872,two-strong
1,2556,marriage,0.2421052631578947,female,0.2285714285714285,0.05590062088711872,two-strong
1,2557,marriage,0.2421052631578947,female,0.2285714285714285,0.05590062088711872,two-strong
1,2558,marriage,0.2421052631578947,female,0.2285714285714285,0.05590062088711872,two-strong
1,2559,marriage,0.2421052631578947,female,0.2285714285714285,0.05590062088711872,two-strong
1,2560,marriage,0.2421052631578947,female,0.2285714285714285,0.05590062088711872,two-strong
1,2561,marriage,0.2421052631578947,female,0.2285714285714285,0.05590062088711872,two-strong
1,2562,marriage,0.2421052631578947,female,0.2285714285714285,0.05590062088711872,two-strong
1,2563,marriage,0.2421052631578947,female,0.2285714285714285,0.05590062088711872,two-strong
1,2564,female,0.2520489553284479,marriage,0.2413222933321991,0.04255785127025389,two-strong
1,2565,marriage,0.2421052631578947,female,0.2285714285714285,0.05590062088711872,two-strong
1,2566,marriage,0.2421052631578947,female,0.2285714285714285,0.05590062088711872,two-strong
1,2567,marriage,0.2421052631578947,female,0.2285714285714285,0.05590062088711872,two-strong
1,2568,marriage,0.2421052631578947,female,0.2285714285714285,0.05590062088711872,two-strong
1,2569,marriage,0.2421052631578947,female,0.2285714285714285,0.05590062088711872,two-strong
1,2570,marriage,0.2421052631578947,female,0.2285714285714285,0.05590062088711872,two-strong
1,2571,marriage,0.2421052631578947,female,0.2285714285714285,0.05590062088711872,two-strong
1,2572,marriage,0.2421052631578947,female,0.2285714285714285,0.05590062088711872,two-strong
1,2573,marriage,0.2421052631578947,female,0.2336466165413533,0.034937888054449355,two-strong
1,2574,marriage,0.2421052631578947,female,0.2285714285714285,0.05590062088711872,two-strong
1,2575,marriage,0.2421052631578947,female,0.2285714285714285,0.05590062088711872,two-strong
1,2576,marriage,0.2421052631578947,female,0.2285714285714285,0.05590062088711872,two-strong
1,2577,marriage,0.2421052631578947,female,0.2387218045112781,0.01397515522177988,two-strong
1,2578,marriage,0.2421052631578947,female,0.2285714285714285,0.05590062088711872,two-strong
1,2579,marriage,0.2437070938215103,female,0.2285714285714285,0.06210596889338432,two-strong
1,2580,marriage,0.2421052631578947,female,0.2285714285714285,0.05590062088711872,two-strong
1,2581,marriage,0.2421052631578947,female,0.2285714285714285,0.05590062088711872,two-strong
1,2582,marriage,0.2421052631578947,female,0.2285714285714285,0.05590062088711872,two-strong
1,2583,marriage,0.2421052631578947,female,0.2285714285714285,0.05590062088711872,two-strong
1,2584,marriage,0.2421052631578947,female,0.2285714285714285,0.05590062088711872,two-strong
1,2585,marriage,0.2421052631578947,female,0.2285714285714285,0.05590062088711872,two-strong
1,2586,marriage,0.2421052631578947,female,0.2285714285714285,0.05590062088711872,two-strong
1,2587,marriage,0.2421052631578947,female,0.2285714285714285,0.05590062088711872,two-strong
1,2588,marriage,0.2421052631578947,female,0.2285714285714285,0.05590062088711872,two-strong
1,2589,marriage,0.2421052631578947,female,0.2285714285714285,0.05590062088711872,two-strong
1,2590,marriage,0.2421052631578947,female,0.2285714285714285,0.05590062088711872,two-strong
1,2591,marriage,0.2421052631578947,female,0.2285714285714285,0.05590062088711872,two-strong
1,2592,marriage,0.2421052631578947,female,0.2285714285714285,0.05590062088711872,two-strong
1,2593,marriage,0.2421052631578947,female,0.2285714285714285,0.05590062088711872,two-strong
1,2594,marriage,0.2421052631578947,female,0.2285714285714285,0.05590062088711872,two-strong
1,2595,marriage,0.2421052631578947,female,0.2285714285714285,0.05590062088711872,two-strong
1,2596,marriage,0.2421052631578947,female,0.2285714285714285,0.05590062088711872,two-strong
1,2597,marriage,0.2421052631578947,female,0.2285714285714285,0.05590062088711872,two-strong
1,2598,marriage,0.2421052631578947,female,0.2285714285714285,0.05590062088711872,two-strong
1,2599,marriage,0.2421052631578947,female,0.2285714285714285,0.05590062088711872,two-strong
1,2600,marriage,0.2421052631578947,female,0.2285714285714285,0.05590062088711872,two-strong
1,2601,marriage,0.2421052631578947,female,0.2285714285714285,0.05590062088711872,two-strong
1,2602,female,0.2488721804511278,marriage,0.2418437397842432,0.02824116631237392,two-strong
1,2603,marriage,0.2421052631578947,female,0.2285714285714285,0.05590062088711872,two-strong
1,2604,female,0.2303571428571428,male,0.2300751879699248,0.00122399020276467,two-strong
1,2605,marriage,0.2515201046093495,female,0.2285714285714285,0.09123992685325878,two-strong
1,2606,marriage,0.2421052631578947,female,0.2336466165413533,0.034937888054449355,two-strong
1,2607,marriage,0.2421052631578947,female,0.2285714285714285,0.05590062088711872,two-strong
1,2608,marriage,0.2421052631578947,female,0.2285714285714285,0.05590062088711872,two-strong
1,2609,marriage,0.2421052631578947,female,0.2285714285714285,0.05590062088711872,two-strong
1,2610,marriage,0.2421052631578947,female,0.2285714285714285,0.05590062088711872,two-strong
1,2611,family,0.1858469703670942,,,0.999999994619229,dominant
1,2612,marriage,0.2421052631578947,female,0.2285714285714285,0.05590062088711872,two-strong
1,2613,marriage,0.2421052631578947,female,0.2285714285714285,0.05590062088711872,two-strong
1,2614,marriage,0.2468126838836221,female,0.2285714285714285,0.07390728446876531,two-strong
1,2615,marriage,0.2421052631578947,female,0.2285714285714285,0.05590062088711872,two-strong
1,2616,marriage,0.2421052631578947,female,0.2285714285714285,0.05590062088711872,two-strong
1,2617,marriage,0.2421052631578947,female,0.2285714285714285,0.05590062088711872,two-strong
1,2618,marriage,0.2421052631578947,female,0.2285714285714285,0.05590062088711872,two-strong
1,2619,marriage,0.2421052631578947,female,0.2285714285714285,0.05590062088711872,two-strong
1,2620,marriage,0.2421052631578947,female,0.2285714285714285,0.05590062088711872,two-strong
1,2621,marriage,0.2421052631578947,female,0.2285714285714285,0.05590062088711872,two-strong
1,2622,marriage,0.2421052631578947,female,0.2285714285714285,0.05590062088711872,two-strong
1,2623,marriage,0.2421052631578947,female,0.2285714285714285,0.05590062088711872,two-strong
1,2624,marriage,0.2421052631578947,female,0.2285714285714285,0.05590062088711872,two-strong
1,2625,marriage,0.2437016454178925,female,0.2281641604010025,0.06375617582101498,two-strong
1,2626,marriage,0.2421052631578947,female,0.2285714285714285,0.05590062088711872,two-strong
1,2627,marriage,0.2421052631578947,female,0.2285714285714285,0.05590062088711872,two-strong
1,2628,marriage,0.2421052631578947,female,0.2285714285714285,0.05590062088711872,two-strong
1,2629,marriage,0.2421052631578947,female,0.2285714285714285,0.05590062088711872,two-strong
1,2630,marriage,0.2421052631578947,female,0.2285714285714285,0.05590062088711872,two-strong
1,2631,marriage,0.2421052631578947,female,0.2285714285714285,0.05590062088711872,two-strong
1,2632,marriage,0.2421052631578947,female,0.2285714285714285,0.05590062088711872,two-strong
1,2633,marriage,0.2421052631578947,female,0.2285714285714285,0.05590062088711872,two-strong
1,2634,marriage,0.2421052631578947,female,0.2285714285714285,0.05590062088711872,two-strong
1,2635,marriage,0.2421052631578947,female,0.2285714285714285,0.05590062088711872,two-strong
1,2636,emotion,0.1887155906294662,,,0.9999999947010207,dominant
1,2637,marriage,0.2421052631578947,female,0.2285714285714285,0.05590062088711872,two-strong
1,2638,marriage,0.2421052631578947,female,0.2285714285714285,0.05590062088711872,two-strong
1,2639,marriage,0.2421052631578947,female,0.2285714285714285,0.05590062088711872,two-strong
1,2640,marriage,0.2421052631578947,female,0.2285714285714285,0.05590062088711872,two-strong
1,2641,marriage,0.2421052631578947,female,0.2285714285714285,0.05590062088711872,two-strong
1,2642,marriage,0.2421052631578947,female,0.2285714285714285,0.05590062088711872,two-strong
1,2643,marriage,0.2421052631578947,female,0.2285714285714285,0.05590062088711872,two-strong
1,2644,marriage,0.2421052631578947,female,0.2285714285714285,0.05590062088711872,two-strong
1,2645,marriage,0.2421052631578947,female,0.2285714285714285,0.05590062088711872,two-strong
1,2646,marriage,0.2421052631578947,female,0.2285714285714285,0.05590062088711872,two-strong
1,2647,marriage,0.2421052631578947,female,0.2285714285714285,0.05590062088711872,two-strong
1,2648,marriage,0.2421052631578947,female,0.2285714285714285,0.05590062088711872,two-strong
1,2649,marriage,0.2421052631578947,female,0.2285714285714285,0.05590062088711872,two-strong
1,2650,marriage,0.2421052631578947,female,0.2285714285714285,0.05590062088711872,two-strong
1,2651,marriage,0.2421052631578947,female,0.2285714285714285,0.05590062088711872,two-strong
1,2652,marriage,0.2421052631578947,female,0.2285714285714285,0.05590062088711872,two-strong
1,2653,marriage,0.2421052631578947,female,0.2285714285714285,0.05590062088711872,two-strong
1,2654,marriage,0.2421052631578947,female,0.2285714285714285,0.05590062088711872,two-strong
1,2655,marriage,0.2421052631578947,female,0.2285714285714285,0.05590062088711872,two-strong
1,2656,marriage,0.2421052631578947,female,0.2285714285714285,0.05590062088711872,two-strong
1,2657,marriage,0.2421052631578947,female,0.2285714285714285,0.05590062088711872,two-strong
1,2658,marriage,0.2421052631578947,female,0.2285714285714285,0.05590062088711872,two-strong
1,2659,marriage,0.2421052631578947,female,0.2285714285714285,0.05590062088711872,two-strong
1,2660,female,0.2867794486215539,,,0.9999999965129996,dominant
1,2661,marriage,0.2421052631578947,female,0.2285714285714285,0.05590062088711872,two-strong
1,2662,marriage,0.2421052631578947,female,0.2285714285714285,0.05590062088711872,two-strong
1,2663,marriage,0.2421052631578947,female,0.2285714285714285,0.05590062088711872,two-strong
1,2664,marriage,0.2421052631578947,female,0.2285714285714285,0.05590062088711872,two-strong
1,2665,family,0.3099389225475815,female,0.2596885638231748,0.1621298743289089,two-strong
1,2666,female,0.2756128823540466,marriage,0.2154981359835236,0.21811297657410597,leaning
1,2667,marriage,0.2421052631578947,female,0.2285714285714285,0.05590062088711872,two-strong
1,2668,marriage,0.2421052631578947,female,0.2285714285714285,0.05590062088711872,two-strong
1,2669,marriage,0.2421052631578947,female,0.2285714285714285,0.05590062088711872,two-strong
1,2670,marriage,0.2421052631578947,female,0.2336466165413533,0.034937888054449355,two-strong
1,2671,marriage,0.2421052631578947,female,0.2285714285714285,0.05590062088711872,two-strong
1,2672,marriage,0.2421052631578947,female,0.2285714285714285,0.05590062088711872,two-strong
1,2673,marriage,0.2421052631578947,female,0.2285714285714285,0.05590062088711872,two-strong
1,2674,marriage,0.2421052631578947,female,0.2285714285714285,0.05590062088711872,two-strong
1,2675,marriage,0.2421052631578947,female,0.2285714285714285,0.05590062088711872,two-strong
1,2676,marriage,0.2421052631578947,female,0.2285714285714285,0.05590062088711872,two-strong
1,2677,marriage,0.2421052631578947,female,0.2285714285714285,0.05590062088711872,two-strong
1,2678,marriage,0.2421052631578947,female,0.2285714285714285,0.05590062088711872,two-strong
1,2679,marriage,0.2421052631578947,female,0.2285714285714285,0.05590062088711872,two-strong
1,2680,marriage,0.2421052631578947,female,0.2285714285714285,0.05590062088711872,two-strong
1,2681,marriage,0.2421052631578947,female,0.2285714285714285,0.05590062088711872,two-strong
1,2682,marriage,0.2421052631578947,female,0.2285714285714285,0.05590062088711872,two-strong
1,2683,marriage,0.2421052631578947,female,0.2285714285714285,0.05590062088711872,two-strong
1,2684,marriage,0.2421052631578947,female,0.2285714285714285,0.05590062088711872,two-strong
1,2685,marriage,0.2421052631578947,female,0.2285714285714285,0.05590062088711872,two-strong
1,2686,marriage,0.2421052631578947,female,0.2285714285714285,0.05590062088711872,two-strong
1,2687,marriage,0.2421052631578947,female,0.2285714285714285,0.05590062088711872,two-strong
