layer,neuron,primary_concept,primary_AP,secondary_concept,secondary_AP,polarity_score,polarity_flag
3,0,marriage,0.2421052631578947,female,0.2285714285714285,0.05590062088711872,two-strong
3,1,marriage,0.2421052631578947,female,0.2285714285714285,0.05590062088711872,two-strong
3,2,marriage,0.2421052631578947,female,0.2285714285714285,0.05590062088711872,two-strong
3,3,marriage,0.2421052631578947,female,0.2285714285714285,0.05590062088711872,two-strong
3,4,marriage,0.2421052631578947,female,0.2285714285714285,0.05590062088711872,two-strong
3,5,marriage,0.2421052631578947,female,0.2285714285714285,0.05590062088711872,two-strong
3,6,marriage,0.2421052631578947,female,0.2285714285714285,0.05590062088711872,two-strong
3,7,marriage,0.2421052631578947,female,0.2285714285714285,0.05590062088711872,two-strong
3,8,female,0.2437969924812029,marriage,0.2437070938215103,0.00036874392259288603,two-strong
3,9,marriage,0.2421052631578947,female,0.2285714285714285,0.05590062088711872,two-strong
3,10,marriage,0.2421052631578947,female,0.2285714285714285,0.05590062088711872,two-strong
3,11,marriage,0.2421052631578947,female,0.2285714285714285,0.05590062088711872,two-strong
3,12,marriage,0.2421052631578947,female,0.2285714285714285,0.05590062088711872,two-strong
3,13,marriage,0.2421052631578947,female,0.2285714285714285,0.05590062088711872,two-strong
3,14,marriage,0.2421052631578947,female,0.2285714285714285,0.05590062088711872,two-strong
3,15,marriage,0.2421052631578947,female,0.2285714285714285,0.05590062088711872,two-strong
3,16,marriage,0.2421052631578947,female,0.2285714285714285,0.05590062088711872,two-strong
3,17,marriage,0.2421052631578947,female,0.2285714285714285,0.05590062088711872,two-strong
3,18,marriage,0.2421052631578947,female,0.2285714285714285,0.05590062088711872,two-strong
3,19,marriage,0.2421052631578947,female,0.2285714285714285,0.05590062088711872,two-strong
3,20,marriage,0.2421052631578947,female,0.2285714285714285,0.05590062088711872,two-strong
3,21,marriage,0.2421052631578947,female,0.2285714285714285,0.05590062088711872,two-strong
3,22,marriage,0.2421052631578947,female,0.2285714285714285,0.05590062088711872,two-strong
3,23,marriage,0.2421052631578947,female,0.2285714285714285,0.05590062088711872,two-strong
3,24,marriage,0.2421052631578947,female,0.2285714285714285,0.05590062088711872,two-strong
3,25,marriage,0.2421052631578947,female,0.2285714285714285,0.05590062088711872,two-strong
3,26,marriage,0.2421052631578947,female,0.2292606516290727,0.05305383000860774,two-strong
3,27,marriage,0.2421052631578947,female,0.2285714285714285,0.05590062088711872,two-strong
3,28,marriage,0.2421052631578947,female,0.2285714285714285,0.05590062088711872,two-strong
3,29,marriage,0.2421052631578947,female,0.2285714285714285,0.05590062088711872,two-strong
3,30,marriage,0.2421052631578947,female,0.2336466165413533,0.034937888054449355,two-strong
3,31,marriage,0.2421052631578947,female,0.2285714285714285,0.05590062088711872,two-strong
3,32,marriage,0.2421052631578947,female,0.2285714285714285,0.05590062088711872,two-strong
3,33,marriage,0.2421052631578947,female,0.2285714285714285,0.05590062088711872,two-strong
3,34,marriage,0.2421052631578947,female,0.2285714285714285,0.05590062088711872,two-strong
3,35,marriage,0.2421052631578947,female,0.2285714285714285,0.05590062088711872,two-strong
3,36,marriage,0.2421052631578947,female,0.2285714285714285,0.05590062088711872,two-strong
3,37,marriage,0.2421052631578947,female,0.2285714285714285,0.05590062088711872,two-strong
3,38,marriage,0.2421052631578947,female,0.2285714285714285,0.05590062088711872,two-strong
3,39,marriage,0.2421052631578947,female,0.2285714285714285,0.05590062088711872,two-strong
3,40,marriage,0.2421052631578947,female,0.2285714285714285,0.05590062088711872,two-strong
3,41,marriage,0.2421052631578947,female,0.2285714285714285,0.05590062088711872,two-strong
3,42,marriage,0.2421052631578947,female,0.2285714285714285,0.05590062088711872,two-strong
3,43,marriage,0.2421052631578947,female,0.2285714285714285,0.05590062088711872,two-strong
3,44,marriage,0.2421052631578947,female,0.2285714285714285,0.05590062088711872,two-strong
3,45,marriage,0.2421542987904544,female,0.2285714285714285,0.05609179862087796,two-strong
3,46,marriage,0.2421052631578947,female,0.2285714285714285,0.05590062088711872,two-strong
3,47,marriage,0.2421052631578947,female,0.2285714285714285,0.05590062088711872,two-strong
3,48,marriage,0.2421052631578947,female,0.2285714285714285,0.05590062088711872,two-strong
3,49,marriage,0.2421052631578947,female,0.2285714285714285,0.05590062088711872,two-strong
3,50,marriage,0.2421052631578947,female,0.2285714285714285,0.05590062088711872,two-strong
3,51,marriage,0.2421052631578947,female,0.2285714285714285,0.05590062088711872,two-strong
3,52,marriage,0.2421052631578947,female,0.2285714285714285,0.05590062088711872,two-strong
3,53,marriage,0.2421052631578947,female,0.2285714285714285,0.05590062088711872,two-strong
3,54,marriage,0.2421052631578947,female,0.2285714285714285,0.05590062088711872,two-strong
3,55,marriage,0.2426718971341397,female,0.2321428571428571,0.043387965694579735,two-strong
3,56,marriage,0.2439779573156493,female,0.2285714285714285,0.063147215636129,two-strong
3,57,marriage,0.2421052631578947,female,0.2285714285714285,0.05590062088711872,two-strong
3,58,marriage,0.2421052631578947,female,0.2285714285714285,0.05590062088711872,two-strong
3,59,marriage,0.2421052631578947,female,0.2285714285714285,0.05590062088711872,two-strong
3,60,marriage,0.2421052631578947,female,0.2285714285714285,0.05590062088711872,two-strong
3,61,marriage,0.2421052631578947,female,0.2285714285714285,0.05590062088711872,two-strong
3,62,marriage,0.2421052631578947,female,0.2285714285714285,0.05590062088711872,two-strong
3,63,marriage,0.2421052631578947,female,0.2285714285714285,0.05590062088711872,two-strong
3,64,marriage,0.2421052631578947,female,0.2285714285714285,0.05590062088711872,two-strong
3,65,marriage,0.2421052631578947,female,0.2285714285714285,0.05590062088711872,two-strong
3,66,marriage,0.2421052631578947,female,0.2285714285714285,0.05590062088711872,two-strong
3,67,marriage,0.2421052631578947,female,0.2285714285714285,0.05590062088711872,two-strong
3,68,marriage,0.2421052631578947,female,0.2285714285714285,0.05590062088711872,two-strong
3,69,marriage,0.2421052631578947,female,0.2285714285714285,0.05590062088711872,two-strong
3,70,marriage,0.2421052631578947,female,0.2285714285714285,0.05590062088711872,two-strong
3,71,marriage,0.2421052631578947,female,0.2285714285714285,0.05590062088711872,two-strong
3,72,marriage,0.2421052631578947,female,0.2285714285714285,0.05590062088711872,two-strong
3,73,marriage,0.2421052631578947,female,0.2285714285714285,0.05590062088711872,two-strong
3,74,marriage,0.2421052631578947,female,0.2285714285714285,0.05590062088711872,two-strong
3,75,marriage,0.2421052631578947,female,0.2285714285714285,0.05590062088711872,two-strong
3,76,marriage,0.2421052631578947,female,0.2285714285714285,0.05590062088711872,two-strong
3,77,marriage,0.2421052631578947,female,0.2285714285714285,0.05590062088711872,two-strong
3,78,marriage,0.2421052631578947,female,0.2285714285714285,0.05590062088711872,two-strong
3,79,marriage,0.2421052631578947,female,0.2285714285714285,0.05590062088711872,two-strong
3,80,marriage,0.2421052631578947,female,0.2285714285714285,0.05590062088711872,two-strong
3,81,marriage,0.2421052631578947,female,0.2285714285714285,0.05590062088711872,two-strong
3,82,marriage,0.2421052631578947,female,0.2285714285714285,0.05590062088711872,two-strong
3,83,marriage,0.2421052631578947,female,0.2285714285714285,0.05590062088711872,two-strong
3,84,marriage,0.2421052631578947,female,0.2285714285714285,0.05590062088711872,two-strong
3,85,marriage,0.2421052631578947,female,0.2285714285714285,0.05590062088711872,two-strong
3,86,marriage,0.2421052631578947,female,0.2285714285714285,0.05590062088711872,two-strong
3,87,marriage,0.2421052631578947,female,0.2285714285714285,0.05590062088711872,two-strong
3,88,marriage,0.2421052631578947,female,0.2285714285714285,0.05590062088711872,two-strong
3,89,marriage,0.2421052631578947,female,0.2285714285714285,0.05590062088711872,two-strong
3,90,marriage,0.2421052631578947,female,0.2285714285714285,0.05590062088711872,two-strong
3,91,marriage,0.2421052631578947,female,0.2285714285714285,0.05590062088711872,two-strong
3,92,marriage,0.2421052631578947,female,0.2285714285714285,0.05590062088711872,two-strong
3,93,marriage,0.2421052631578947,female,0.2285714285714285,0.05590062088711872,two-strong
3,94,marriage,0.2421052631578947,female,0.2285714285714285,0.05590062088711872,two-strong
3,95,marriage,0.2421052631578947,female,0.2285714285714285,0.05590062088711872,two-strong
3,96,marriage,0.2421052631578947,female,0.2285714285714285,0.05590062088711872,two-strong
3,97,marriage,0.2421052631578947,female,0.2285714285714285,0.05590062088711872,two-strong
3,98,marriage,0.2421052631578947,female,0.2285714285714285,0.05590062088711872,two-strong
3,99,marriage,0.2421052631578947,female,0.2336466165413533,0.034937888054449355,two-strong
3,100,marriage,0.2421052631578947,female,0.2285714285714285,0.05590062088711872,two-strong
3,101,marriage,0.2421052631578947,female,0.2285714285714285,0.05590062088711872,two-strong
3,102,marriage,0.2421052631578947,female,0.2285714285714285,0.05590062088711872,two-strong
3,103,marriage,0.2421052631578947,female,0.2285714285714285,0.05590062088711872,two-strong
3,104,marriage,0.2421052631578947,female,0.2285714285714285,0.05590062088711872,two-strong
3,105,marriage,0.2421052631578947,female,0.2285714285714285,0.05590062088711872,two-strong
3,106,marriage,0.2421052631578947,female,0.2285714285714285,0.05590062088711872,two-strong
3,107,marriage,0.2421052631578947,female,0.2285714285714285,0.05590062088711872,two-strong
3,108,marriage,0.2421052631578947,female,0.2285714285714285,0.05590062088711872,two-strong
3,109,marriage,0.2421052631578947,female,0.2285714285714285,0.05590062088711872,two-strong
3,110,marriage,0.2421052631578947,female,0.2285714285714285,0.05590062088711872,two-strong
3,111,marriage,0.2421052631578947,female,0.2285714285714285,0.05590062088711872,two-strong
3,112,marriage,0.2421052631578947,female,0.2285714285714285,0.05590062088711872,two-strong
3,113,marriage,0.2421052631578947,female,0.2285714285714285,0.05590062088711872,two-strong
3,114,marriage,0.2421052631578947,female,0.2285714285714285,0.05590062088711872,two-strong
3,115,marriage,0.2421052631578947,female,0.2285714285714285,0.05590062088711872,two-strong
3,116,marriage,0.2421052631578947,female,0.2285714285714285,0.05590062088711872,two-strong
3,117,marriage,0.2421052631578947,female,0.2285714285714285,0.05590062088711872,two-strong
3,118,marriage,0.2421052631578947,female,0.2285714285714285,0.05590062088711872,two-strong
3,119,marriage,0.2314978786281547,female,0.2150576196682894,0.07101688787073387,two-strong
3,120,marriage,0.2421052631578947,female,0.2285714285714285,0.05590062088711872,two-strong
3,121,marriage,0.2421052631578947,female,0.2285714285714285,0.05590062088711872,two-strong
3,122,marriage,0.2421052631578947,female,0.2285714285714285,0.05590062088711872,two-strong
3,123,marriage,0.2383287370054856,female,0.2310326702291579,0.03061345785399893,two-strong
3,124,marriage,0.2421052631578947,female,0.2285714285714285,0.05590062088711872,two-strong
3,125,society,0.3139611916476346,emotion,0.2680084901125349,0.14636427243628602,two-strong
3,126,marriage,0.2421052631578947,female,0.2285714285714285,0.05590062088711872,two-strong
3,127,marriage,0.2421052631578947,female,0.2285714285714285,0.05590062088711872,two-strong
3,128,marriage,0.2421052631578947,female,0.2285714285714285,0.05590062088711872,two-strong
3,129,marriage,0.2421052631578947,female,0.2285714285714285,0.05590062088711872,two-strong
3,130,marriage,0.2421052631578947,female,0.2285714285714285,0.05590062088711872,two-strong
3,131,marriage,0.2421052631578947,female,0.2285714285714285,0.05590062088711872,two-strong
3,132,marriage,0.2421052631578947,female,0.2285714285714285,0.05590062088711872,two-strong
3,133,marriage,0.2421052631578947,female,0.2285714285714285,0.05590062088711872,two-strong
3,134,marriage,0.2421052631578947,female,0.2285714285714285,0.05590062088711872,two-strong
3,135,marriage,0.2421052631578947,female,0.2285714285714285,0.05590062088711872,two-strong
3,136,marriage,0.2421052631578947,female,0.2285714285714285,0.05590062088711872,two-strong
3,137,marriage,0.2421052631578947,female,0.2285714285714285,0.05590062088711872,two-strong
3,138,marriage,0.2421052631578947,female,0.2285714285714285,0.05590062088711872,two-strong
3,139,marriage,0.2421052631578947,female,0.2303571428571428,0.048524844520068375,two-strong
3,140,marriage,0.2421052631578947,female,0.2285714285714285,0.05590062088711872,two-strong
3,141,marriage,0.2421052631578947,female,0.2285714285714285,0.05590062088711872,two-strong
3,142,marriage,0.2421052631578947,female,0.2285714285714285,0.05590062088711872,two-strong
3,143,marriage,0.2421052631578947,female,0.2285714285714285,0.05590062088711872,two-strong
3,144,marriage,0.2421052631578947,female,0.2285714285714285,0.05590062088711872,two-strong
3,145,marriage,0.2421052631578947,female,0.2285714285714285,0.05590062088711872,two-strong
3,146,marriage,0.2421052631578947,female,0.2285714285714285,0.05590062088711872,two-strong
3,147,marriage,0.2421052631578947,female,0.2285714285714285,0.05590062088711872,two-strong
3,148,marriage,0.2421052631578947,female,0.2285714285714285,0.05590062088711872,two-strong
3,149,marriage,0.2421052631578947,female,0.2285714285714285,0.05590062088711872,two-strong
3,150,marriage,0.2421052631578947,female,0.2285714285714285,0.05590062088711872,two-strong
3,151,marriage,0.2421052631578947,female,0.2285714285714285,0.05590062088711872,two-strong
3,152,marriage,0.2421052631578947,female,0.2285714285714285,0.05590062088711872,two-strong
3,153,marriage,0.2421052631578947,female,0.2285714285714285,0.05590062088711872,two-strong
3,154,marriage,0.2421052631578947,female,0.2285714285714285,0.05590062088711872,two-strong
3,155,marriage,0.2421052631578947,female,0.2285714285714285,0.05590062088711872,two-strong
3,156,marriage,0.2421052631578947,female,0.2285714285714285,0.05590062088711872,two-strong
3,157,marriage,0.2421052631578947,female,0.2285714285714285,0.05590062088711872,two-strong
3,158,marriage,0.2421052631578947,female,0.2285714285714285,0.05590062088711872,two-strong
3,159,female,0.2866024976115079,marriage,0.2444601709721029,0.14704103015001724,two-strong
3,160,marriage,0.2421052631578947,female,0.2285714285714285,0.05590062088711872,two-strong
3,161,marriage,0.2421052631578947,female,0.2285714285714285,0.05590062088711872,two-strong
3,162,marriage,0.2421052631578947,female,0.2285714285714285,0.05590062088711872,two-strong
3,163,marriage,0.2421052631578947,female,0.2285714285714285,0.05590062088711872,two-strong
3,164,marriage,0.2421052631578947,female,0.2285714285714285,0.05590062088711872,two-strong
3,165,marriage,0.2421052631578947,female,0.2285714285714285,0.05590062088711872,two-strong
3,166,marriage,0.2421052631578947,female,0.2285714285714285,0.05590062088711872,two-strong
3,167,marriage,0.2421052631578947,female,0.2285714285714285,0.05590062088711872,two-strong
3,168,marriage,0.2421052631578947,female,0.2285714285714285,0.05590062088711872,two-strong
3,169,marriage,0.2421052631578947,female,0.2285714285714285,0.05590062088711872,two-strong
3,170,marriage,0.2421052631578947,female,0.2285714285714285,0.05590062088711872,two-strong
3,171,marriage,0.2421052631578947,female,0.2285714285714285,0.05590062088711872,two-strong
3,172,marriage,0.2421052631578947,female,0.2285714285714285,0.05590062088711872,two-strong
3,173,marriage,0.2421052631578947,female,0.2285714285714285,0.05590062088711872,two-strong
3,174,marriage,0.2468126838836221,female,0.2285714285714285,0.07390728446876531,two-strong
3,175,marriage,0.2421052631578947,female,0.2285714285714285,0.05590062088711872,two-strong
3,176,marriage,0.2421052631578947,female,0.2285714285714285,0.05590062088711872,two-strong
3,177,marriage,0.2421052631578947,female,0.2285714285714285,0.05590062088711872,two-strong
3,178,marriage,0.2421052631578947,female,0.2285714285714285,0.05590062088711872,two-strong
3,179,marriage,0.2421052631578947,female,0.2285714285714285,0.05590062088711872,two-strong
3,180,marriage,0.2421052631578947,female,0.2285714285714285,0.05590062088711872,two-strong
3,181,female,0.3864664649492326,male,0.3077855738157589,0.20359047437717265,leaning
3,182,marriage,0.2421052631578947,female,0.2285714285714285,0.05590062088711872,two-strong
3,183,marriage,0.2421052631578947,female,0.2285714285714285,0.05590062088711872,two-strong
3,184,marriage,0.2421052631578947,female,0.2285714285714285,0.05590062088711872,two-strong
3,185,marriage,0.2421052631578947,female,0.2285714285714285,0.05590062088711872,two-strong
3,186,marriage,0.2421052631578947,female,0.2285714285714285,0.05590062088711872,two-strong
3,187,female,0.247376253132832,marriage,0.2406751869321336,0.027088558779373304,two-strong
3,188,marriage,0.2421052631578947,female,0.2285714285714285,0.05590062088711872,two-strong
3,189,marriage,0.2421052631578947,female,0.2285714285714285,0.05590062088711872,two-strong
3,190,marriage,0.2468126838836221,female,0.2285714285714285,0.07390728446876531,two-strong
3,191,marriage,0.2421052631578947,female,0.2285714285714285,0.05590062088711872,two-strong
3,192,marriage,0.2421052631578947,female,0.2285714285714285,0.05590062088711872,two-strong
3,193,marriage,0.2421052631578947,female,0.2285714285714285,0.05590062088711872,two-strong
3,194,marriage,0.2421052631578947,female,0.2285714285714285,0.05590062088711872,two-strong
3,195,marriage,0.2421052631578947,female,0.2285714285714285,0.05590062088711872,two-strong
3,196,marriage,0.2421052631578947,female,0.2285714285714285,0.05590062088711872,two-strong
3,197,marriage,0.2421052631578947,female,0.2285714285714285,0.05590062088711872,two-strong
3,198,marriage,0.2421052631578947,female,0.2285714285714285,0.05590062088711872,two-strong
3,199,marriage,0.2421052631578947,female,0.2285714285714285,0.05590062088711872,two-strong
3,200,marriage,0.2421052631578947,female,0.2285714285714285,0.05590062088711872,two-strong
3,201,marriage,0.2421052631578947,female,0.2285714285714285,0.05590062088711872,two-strong
3,202,marriage,0.2421052631578947,female,0.2285714285714285,0.05590062088711872,two-strong
3,203,marriage,0.2421052631578947,female,0.2285714285714285,0.05590062088711872,two-strong
3,204,marriage,0.2421052631578947,female,0.2285714285714285,0.05590062088711872,two-strong
3,205,marriage,0.2421052631578947,female,0.2285714285714285,0.05590062088711872,two-strong
3,206,marriage,0.2421052631578947,female,0.2285714285714285,0.05590062088711872,two-strong
3,207,marriage,0.2421052631578947,female,0.2285714285714285,0.05590062088711872,two-strong
3,208,marriage,0.2421052631578947,female,0.2411654135338345,0.0038819875616057133,two-strong
3,209,marriage,0.2421052631578947,female,0.2285714285714285,0.05590062088711872,two-strong
3,210,marriage,0.2421052631578947,female,0.2285714285714285,0.05590062088711872,two-strong
3,211,marriage,0.2421052631578947,female,0.2285714285714285,0.05590062088711872,two-strong
3,212,marriage,0.2421052631578947,female,0.2285714285714285,0.05590062088711872,two-strong
3,213,marriage,0.2421052631578947,female,0.2285714285714285,0.05590062088711872,two-strong
3,214,marriage,0.2421052631578947,female,0.2285714285714285,0.05590062088711872,two-strong
3,215,marriage,0.2421052631578947,female,0.2285714285714285,0.05590062088711872,two-strong
3,216,marriage,0.2421052631578947,female,0.2285714285714285,0.05590062088711872,two-strong
3,217,marriage,0.2421052631578947,female,0.2285714285714285,0.05590062088711872,two-strong
3,218,marriage,0.2421052631578947,female,0.2285714285714285,0.05590062088711872,two-strong
3,219,marriage,0.2421052631578947,female,0.2285714285714285,0.05590062088711872,two-strong
3,220,marriage,0.2421052631578947,female,0.2285714285714285,0.05590062088711872,two-strong
3,221,marriage,0.2470578620464204,family,0.1997706775017699,0.19140125297597016,two-strong
3,222,marriage,0.2421052631578947,female,0.2285714285714285,0.05590062088711872,two-strong
3,223,marriage,0.2421052631578947,female,0.2285714285714285,0.05590062088711872,two-strong
3,224,marriage,0.2421052631578947,female,0.2285714285714285,0.05590062088711872,two-strong
3,225,marriage,0.2421052631578947,female,0.2285714285714285,0.05590062088711872,two-strong
3,226,marriage,0.2421052631578947,female,0.2285714285714285,0.05590062088711872,two-strong
3,227,marriage,0.2421052631578947,female,0.2285714285714285,0.05590062088711872,two-strong
3,228,marriage,0.2421052631578947,female,0.2285714285714285,0.05590062088711872,two-strong
3,229,marriage,0.2421052631578947,female,0.2285714285714285,0.05590062088711872,two-strong
3,230,marriage,0.2421052631578947,female,0.2285714285714285,0.05590062088711872,two-strong
3,231,marriage,0.2421052631578947,female,0.2285714285714285,0.05590062088711872,two-strong
3,232,marriage,0.2421052631578947,female,0.2285714285714285,0.05590062088711872,two-strong
3,233,marriage,0.2421052631578947,female,0.2285714285714285,0.05590062088711872,two-strong
3,234,marriage,0.2421052631578947,female,0.2285714285714285,0.05590062088711872,two-strong
3,235,marriage,0.2421052631578947,female,0.2285714285714285,0.05590062088711872,two-strong
3,236,marriage,0.2421052631578947,female,0.2285714285714285,0.05590062088711872,two-strong
3,237,marriage,0.2421052631578947,female,0.2285714285714285,0.05590062088711872,two-strong
3,238,marriage,0.2421052631578947,female,0.2285714285714285,0.05590062088711872,two-strong
3,239,marriage,0.2421052631578947,female,0.2285714285714285,0.05590062088711872,two-strong
3,240,marriage,0.2421052631578947,female,0.2285714285714285,0.05590062088711872,two-strong
3,241,male,0.2053368715907415,love,0.1569063725143579,0.23585875476398624,leaning
3,242,marriage,0.2421052631578947,female,0.2285714285714285,0.05590062088711872,two-strong
3,243,marriage,0.2421052631578947,female,0.2285714285714285,0.05590062088711872,two-strong
3,244,marriage,0.2421052631578947,female,0.2336466165413533,0.034937888054449355,two-strong
3,245,marriage,0.2421052631578947,female,0.2285714285714285,0.05590062088711872,two-strong
3,246,marriage,0.2421052631578947,female,0.2285714285714285,0.05590062088711872,two-strong
3,247,marriage,0.2421052631578947,female,0.2285714285714285,0.05590062088711872,two-strong
3,248,marriage,0.2421052631578947,female,0.2285714285714285,0.05590062088711872,two-strong
3,249,marriage,0.2421052631578947,female,0.2285714285714285,0.05590062088711872,two-strong
3,250,marriage,0.2421052631578947,female,0.2285714285714285,0.05590062088711872,two-strong
3,251,marriage,0.2811031090466207,female,0.1969334613973032,0.2994262412655557,leaning
3,252,marriage,0.2421052631578947,female,0.2285714285714285,0.05590062088711872,two-strong
3,253,marriage,0.2469904437668549,family,0.2047295049206783,0.17110353757234842,two-strong
3,254,marriage,0.2421052631578947,female,0.2285714285714285,0.05590062088711872,two-strong
3,255,marriage,0.2421052631578947,female,0.2285714285714285,0.05590062088711872,two-strong
3,256,marriage,0.2421052631578947,female,0.2285714285714285,0.05590062088711872,two-strong
3,257,marriage,0.2421052631578947,female,0.2285714285714285,0.05590062088711872,two-strong
3,258,marriage,0.2421052631578947,female,0.2285714285714285,0.05590062088711872,two-strong
3,259,marriage,0.2426718971341397,female,0.2285714285714285,0.05810507385126642,two-strong
3,260,male,0.2120300751879699,family,0.1927465723131357,0.09094701667578005,two-strong
3,261,marriage,0.2421052631578947,female,0.2285714285714285,0.05590062088711872,two-strong
3,262,marriage,0.2421052631578947,female,0.2285714285714285,0.05590062088711872,two-strong
3,263,marriage,0.2421052631578947,female,0.2285714285714285,0.05590062088711872,two-strong
3,264,marriage,0.2421052631578947,female,0.2285714285714285,0.05590062088711872,two-strong
3,265,marriage,0.2421052631578947,female,0.2285714285714285,0.05590062088711872,two-strong
3,266,marriage,0.2421052631578947,female,0.2285714285714285,0.05590062088711872,two-strong
3,267,marriage,0.2421052631578947,female,0.2285714285714285,0.05590062088711872,two-strong
3,268,marriage,0.2421052631578947,female,0.2285714285714285,0.05590062088711872,two-strong
3,269,marriage,0.2421052631578947,female,0.2285714285714285,0.05590062088711872,two-strong
3,270,marriage,0.2421052631578947,female,0.2336466165413533,0.034937888054449355,two-strong
3,271,marriage,0.2421052631578947,female,0.2285714285714285,0.05590062088711872,two-strong
3,272,marriage,0.2421052631578947,female,0.2285714285714285,0.05590062088711872,two-strong
3,273,marriage,0.2421052631578947,female,0.2285714285714285,0.05590062088711872,two-strong
3,274,marriage,0.2421052631578947,female,0.2285714285714285,0.05590062088711872,two-strong
3,275,marriage,0.2421052631578947,female,0.2285714285714285,0.05590062088711872,two-strong
3,276,marriage,0.2421052631578947,female,0.2285714285714285,0.05590062088711872,two-strong
3,277,marriage,0.2421052631578947,female,0.2285714285714285,0.05590062088711872,two-strong
3,278,marriage,0.2421052631578947,female,0.2285714285714285,0.05590062088711872,two-strong
3,279,marriage,0.2421052631578947,female,0.2285714285714285,0.05590062088711872,two-strong
3,280,marriage,0.2421052631578947,female,0.2285714285714285,0.05590062088711872,two-strong
3,281,marriage,0.2421052631578947,female,0.2418546365914787,0.0010351966830946277,two-strong
3,282,marriage,0.2421052631578947,female,0.2285714285714285,0.05590062088711872,two-strong
3,283,marriage,0.2421052631578947,female,0.2285714285714285,0.05590062088711872,two-strong
3,284,marriage,0.2421052631578947,female,0.2285714285714285,0.05590062088711872,two-strong
3,285,marriage,0.2421052631578947,female,0.2285714285714285,0.05590062088711872,two-strong
3,286,marriage,0.2421052631578947,female,0.2285714285714285,0.05590062088711872,two-strong
3,287,marriage,0.2435093946045237,female,0.2334116541353383,0.041467559985179564,two-strong
3,288,marriage,0.2421052631578947,female,0.2285714285714285,0.05590062088711872,two-strong
3,289,marriage,0.2421052631578947,female,0.2285714285714285,0.05590062088711872,two-strong
3,290,marriage,0.2421052631578947,female,0.2285714285714285,0.05590062088711872,two-strong
3,291,marriage,0.2421052631578947,female,0.2285714285714285,0.05590062088711872,two-strong
3,292,marriage,0.2421052631578947,female,0.2285714285714285,0.05590062088711872,two-strong
3,293,marriage,0.2735801438400327,emotion,0.1858344207626504,0.3207313276652033,leaning
3,294,marriage,0.2421052631578947,female,0.2285714285714285,0.05590062088711872,two-strong
3,295,marriage,0.2421052631578947,female,0.2285714285714285,0.05590062088711872,two-strong
3,296,marriage,0.2421052631578947,female,0.2285714285714285,0.05590062088711872,two-strong
3,297,marriage,0.2421052631578947,female,0.2285714285714285,0.05590062088711872,two-strong
3,298,marriage,0.2421052631578947,female,0.2285714285714285,0.05590062088711872,two-strong
3,299,marriage,0.2421052631578947,female,0.2285714285714285,0.05590062088711872,two-strong
3,300,marriage,0.2421052631578947,female,0.2285714285714285,0.05590062088711872,two-strong
3,301,marriage,0.2421052631578947,female,0.2285714285714285,0.05590062088711872,two-strong
3,302,marriage,0.2421052631578947,female,0.2285714285714285,0.05590062088711872,two-strong
3,303,emotion,0.1679099481840204,,,0.9999999940444267,dominant
3,304,marriage,0.2421052631578947,female,0.2285714285714285,0.05590062088711872,two-strong
3,305,marriage,0.2421052631578947,female,0.2285714285714285,0.05590062088711872,two-strong
3,306,marriage,0.2421052631578947,female,0.2285714285714285,0.05590062088711872,two-strong
3,307,marriage,0.2421052631578947,female,0.2285714285714285,0.05590062088711872,two-strong
3,308,marriage,0.2421052631578947,female,0.2285714285714285,0.05590062088711872,two-strong
3,309,marriage,0.2421052631578947,female,0.2285714285714285,0.05590062088711872,two-strong
3,310,marriage,0.2421052631578947,female,0.2285714285714285,0.05590062088711872,two-strong
3,311,marriage,0.2421052631578947,female,0.2285714285714285,0.05590062088711872,two-strong
3,312,marriage,0.2468126838836221,female,0.2336466165413533,0.05334437064479448,two-strong
3,313,marriage,0.2421052631578947,female,0.2285714285714285,0.05590062088711872,two-strong
3,314,marriage,0.2421052631578947,female,0.2285714285714285,0.05590062088711872,two-strong
3,315,marriage,0.2421052631578947,female,0.2285714285714285,0.05590062088711872,two-strong
3,316,marriage,0.2421052631578947,female,0.2285714285714285,0.05590062088711872,two-strong
3,317,marriage,0.2421052631578947,female,0.2285714285714285,0.05590062088711872,two-strong
3,318,marriage,0.2366707534454225,female,0.2218298297064075,0.06270704537952275,two-strong
3,319,marriage,0.2421052631578947,female,0.2285714285714285,0.05590062088711872,two-strong
3,320,marriage,0.2421052631578947,female,0.2285714285714285,0.05590062088711872,two-strong
3,321,marriage,0.2421052631578947,female,0.2285714285714285,0.05590062088711872,two-strong
3,322,marriage,0.2421052631578947,female,0.2285714285714285,0.05590062088711872,two-strong
3,323,marriage,0.2421052631578947,female,0.2285714285714285,0.05590062088711872,two-strong
3,324,marriage,0.2421052631578947,female,0.2285714285714285,0.05590062088711872,two-strong
3,325,marriage,0.2421052631578947,female,0.2285714285714285,0.05590062088711872,two-strong
3,326,marriage,0.2421052631578947,female,0.2285714285714285,0.05590062088711872,two-strong
3,327,family,0.2642659470208379,,,0.999999996215933,dominant
3,328,marriage,0.2492917900812637,female,0.2274139295607439,0.08776005188790226,two-strong
3,329,marriage,0.2421052631578947,female,0.2285714285714285,0.05590062088711872,two-strong
3,330,marriage,0.2421052631578947,female,0.2285714285714285,0.05590062088711872,two-strong
3,331,marriage,0.2421052631578947,female,0.2285714285714285,0.05590062088711872,two-strong
3,332,marriage,0.2421052631578947,female,0.2285714285714285,0.05590062088711872,two-strong
3,333,marriage,0.2421052631578947,female,0.2285714285714285,0.05590062088711872,two-strong
3,334,marriage,0.2421052631578947,female,0.2285714285714285,0.05590062088711872,two-strong
3,335,marriage,0.2421052631578947,female,0.2285714285714285,0.05590062088711872,two-strong
3,336,marriage,0.2421052631578947,female,0.2285714285714285,0.05590062088711872,two-strong
3,337,marriage,0.2421052631578947,female,0.2285714285714285,0.05590062088711872,two-strong
3,338,marriage,0.2421052631578947,female,0.2285714285714285,0.05590062088711872,two-strong
3,339,marriage,0.2421052631578947,female,0.2285714285714285,0.05590062088711872,two-strong
3,340,marriage,0.2421052631578947,female,0.2285714285714285,0.05590062088711872,two-strong
3,341,marriage,0.2421052631578947,female,0.2285714285714285,0.05590062088711872,two-strong
3,342,marriage,0.2421052631578947,female,0.2285714285714285,0.05590062088711872,two-strong
3,343,marriage,0.2421052631578947,female,0.2285714285714285,0.05590062088711872,two-strong
3,344,male,0.2721804511278195,family,0.1986829819647157,0.2700321370933297,leaning
3,345,marriage,0.2421052631578947,female,0.2285714285714285,0.05590062088711872,two-strong
3,346,marriage,0.2421052631578947,female,0.2285714285714285,0.05590062088711872,two-strong
3,347,marriage,0.2421052631578947,female,0.2285714285714285,0.05590062088711872,two-strong
3,348,marriage,0.2421052631578947,female,0.2285714285714285,0.05590062088711872,two-strong
3,349,marriage,0.2421052631578947,female,0.2285714285714285,0.05590062088711872,two-strong
3,350,marriage,0.2421052631578947,female,0.2285714285714285,0.05590062088711872,two-strong
3,351,marriage,0.2421052631578947,female,0.2285714285714285,0.05590062088711872,two-strong
3,352,marriage,0.2421052631578947,female,0.2285714285714285,0.05590062088711872,two-strong
3,353,marriage,0.2421052631578947,female,0.2285714285714285,0.05590062088711872,two-strong
3,354,marriage,0.2421052631578947,female,0.2285714285714285,0.05590062088711872,two-strong
3,355,marriage,0.2421052631578947,female,0.2285714285714285,0.05590062088711872,two-strong
3,356,marriage,0.2421052631578947,female,0.2285714285714285,0.05590062088711872,two-strong
3,357,marriage,0.2421052631578947,female,0.2285714285714285,0.05590062088711872,two-strong
3,358,marriage,0.2421052631578947,female,0.2285714285714285,0.05590062088711872,two-strong
3,359,marriage,0.2421052631578947,female,0.2285714285714285,0.05590062088711872,two-strong
3,360,marriage,0.2421052631578947,female,0.2285714285714285,0.05590062088711872,two-strong
3,361,marriage,0.2421052631578947,female,0.2285714285714285,0.05590062088711872,two-strong
3,362,marriage,0.2421052631578947,female,0.2285714285714285,0.05590062088711872,two-strong
3,363,marriage,0.2421052631578947,female,0.2285714285714285,0.05590062088711872,two-strong
3,364,marriage,0.2421052631578947,female,0.2285714285714285,0.05590062088711872,two-strong
3,365,marriage,0.2421052631578947,female,0.2285714285714285,0.05590062088711872,two-strong
3,366,marriage,0.2421052631578947,female,0.2285714285714285,0.05590062088711872,two-strong
3,367,marriage,0.2421052631578947,female,0.2285714285714285,0.05590062088711872,two-strong
3,368,marriage,0.2421052631578947,female,0.2285714285714285,0.05590062088711872,two-strong
3,369,marriage,0.2421052631578947,female,0.2285714285714285,0.05590062088711872,two-strong
3,370,marriage,0.2421052631578947,female,0.2285714285714285,0.05590062088711872,two-strong
3,371,marriage,0.2421052631578947,female,0.2285714285714285,0.05590062088711872,two-strong
3,372,marriage,0.2421052631578947,female,0.2285714285714285,0.05590062088711872,two-strong
3,373,marriage,0.2421052631578947,female,0.2285714285714285,0.05590062088711872,two-strong
3,374,marriage,0.2421052631578947,female,0.2285714285714285,0.05590062088711872,two-strong
3,375,marriage,0.2421052631578947,female,0.2285714285714285,0.05590062088711872,two-strong
3,376,marriage,0.2421052631578947,female,0.2285714285714285,0.05590062088711872,two-strong
3,377,marriage,0.2421052631578947,female,0.2285714285714285,0.05590062088711872,two-strong
3,378,marriage,0.2421052631578947,female,0.2285714285714285,0.05590062088711872,two-strong
3,379,marriage,0.2421052631578947,female,0.2285714285714285,0.05590062088711872,two-strong
3,380,marriage,0.2421052631578947,female,0.2285714285714285,0.05590062088711872,two-strong
3,381,marriage,0.2421052631578947,female,0.2285714285714285,0.05590062088711872,two-strong
3,382,marriage,0.2421052631578947,female,0.2285714285714285,0.05590062088711872,two-strong
3,383,female,0.2949681120117507,emotion,0.1809502319959453,0.3865430702038741,leaning
3,384,marriage,0.2421052631578947,female,0.2285714285714285,0.05590062088711872,two-strong
3,385,marriage,0.2421052631578947,female,0.2285714285714285,0.05590062088711872,two-strong
3,386,marriage,0.2421052631578947,female,0.2285714285714285,0.05590062088711872,two-strong
3,387,marriage,0.2421052631578947,female,0.2285714285714285,0.05590062088711872,two-strong
3,388,marriage,0.2421052631578947,female,0.2285714285714285,0.05590062088711872,two-strong
3,389,marriage,0.2421052631578947,female,0.2285714285714285,0.05590062088711872,two-strong
3,390,marriage,0.2421052631578947,female,0.2285714285714285,0.05590062088711872,two-strong
3,391,marriage,0.2580619097269893,female,0.2257043299949478,0.12538688735926412,two-strong
3,392,marriage,0.2421052631578947,female,0.2285714285714285,0.05590062088711872,two-strong
3,393,marriage,0.2421052631578947,female,0.2285714285714285,0.05590062088711872,two-strong
3,394,marriage,0.2421052631578947,female,0.2285714285714285,0.05590062088711872,two-strong
3,395,marriage,0.2421052631578947,female,0.2285714285714285,0.05590062088711872,two-strong
3,396,marriage,0.2421052631578947,female,0.2285714285714285,0.05590062088711872,two-strong
3,397,marriage,0.2421052631578947,female,0.2285714285714285,0.05590062088711872,two-strong
3,398,society,0.1897814757356563,class,0.1418299575670839,0.2526670094119003,leaning
3,399,marriage,0.2421052631578947,female,0.2285714285714285,0.05590062088711872,two-strong
3,400,marriage,0.2421052631578947,female,0.2285714285714285,0.05590062088711872,two-strong
3,401,marriage,0.2421052631578947,female,0.2285714285714285,0.05590062088711872,two-strong
3,402,marriage,0.2421052631578947,female,0.2285714285714285,0.05590062088711872,two-strong
3,403,marriage,0.2421052631578947,female,0.2285714285714285,0.05590062088711872,two-strong
3,404,marriage,0.2421052631578947,female,0.2285714285714285,0.05590062088711872,two-strong
3,405,marriage,0.2421052631578947,female,0.2285714285714285,0.05590062088711872,two-strong
3,406,marriage,0.2421052631578947,female,0.2285714285714285,0.05590062088711872,two-strong
3,407,marriage,0.2421052631578947,female,0.2285714285714285,0.05590062088711872,two-strong
3,408,marriage,0.2421052631578947,female,0.2387218045112781,0.01397515522177988,two-strong
3,409,marriage,0.2421052631578947,female,0.2285714285714285,0.05590062088711872,two-strong
3,410,marriage,0.2421052631578947,female,0.2285714285714285,0.05590062088711872,two-strong
3,411,marriage,0.2421052631578947,female,0.2285714285714285,0.05590062088711872,two-strong
3,412,marriage,0.2421052631578947,female,0.2285714285714285,0.05590062088711872,two-strong
3,413,marriage,0.2421052631578947,female,0.2285714285714285,0.05590062088711872,two-strong
3,414,marriage,0.2421052631578947,female,0.2285714285714285,0.05590062088711872,two-strong
3,415,marriage,0.2421052631578947,female,0.2285714285714285,0.05590062088711872,two-strong
3,416,marriage,0.2421052631578947,female,0.2285714285714285,0.05590062088711872,two-strong
3,417,marriage,0.2421052631578947,female,0.2285714285714285,0.05590062088711872,two-strong
3,418,marriage,0.2421052631578947,female,0.2285714285714285,0.05590062088711872,two-strong
3,419,marriage,0.2421052631578947,female,0.2285714285714285,0.05590062088711872,two-strong
3,420,marriage,0.2421052631578947,female,0.2285714285714285,0.05590062088711872,two-strong
3,421,marriage,0.2421052631578947,female,0.2285714285714285,0.05590062088711872,two-strong
3,422,marriage,0.2421052631578947,female,0.2285714285714285,0.05590062088711872,two-strong
3,423,marriage,0.2421052631578947,female,0.2285714285714285,0.05590062088711872,two-strong
3,424,marriage,0.2421052631578947,female,0.2285714285714285,0.05590062088711872,two-strong
3,425,marriage,0.2421052631578947,female,0.2336466165413533,0.034937888054449355,two-strong
3,426,marriage,0.2421052631578947,female,0.2285714285714285,0.05590062088711872,two-strong
3,427,marriage,0.2421052631578947,female,0.2285714285714285,0.05590062088711872,two-strong
3,428,marriage,0.2421052631578947,female,0.2285714285714285,0.05590062088711872,two-strong
3,429,marriage,0.2421052631578947,female,0.2285714285714285,0.05590062088711872,two-strong
3,430,marriage,0.2421052631578947,female,0.2285714285714285,0.05590062088711872,two-strong
3,431,marriage,0.2421052631578947,female,0.2285714285714285,0.05590062088711872,two-strong
3,432,marriage,0.2421052631578947,female,0.2285714285714285,0.05590062088711872,two-strong
3,433,love,0.1582375497424709,,,0.9999999936803875,dominant
3,434,marriage,0.2421052631578947,female,0.2285714285714285,0.05590062088711872,two-strong
3,435,marriage,0.2421052631578947,female,0.2285714285714285,0.05590062088711872,two-strong
3,436,marriage,0.2421052631578947,female,0.2285714285714285,0.05590062088711872,two-strong
3,437,marriage,0.2479210448481452,female,0.2336466165413533,0.05757650891621025,two-strong
3,438,marriage,0.2421052631578947,female,0.2285714285714285,0.05590062088711872,two-strong
3,439,marriage,0.2421052631578947,female,0.2285714285714285,0.05590062088711872,two-strong
3,440,marriage,0.2421052631578947,female,0.2285714285714285,0.05590062088711872,two-strong
3,441,marriage,0.2421052631578947,female,0.2285714285714285,0.05590062088711872,two-strong
3,442,marriage,0.2421052631578947,female,0.2285714285714285,0.05590062088711872,two-strong
3,443,marriage,0.2421052631578947,female,0.2285714285714285,0.05590062088711872,two-strong
3,444,marriage,0.2421052631578947,female,0.2285714285714285,0.05590062088711872,two-strong
3,445,marriage,0.2421052631578947,female,0.2285714285714285,0.05590062088711872,two-strong
3,446,marriage,0.2421052631578947,female,0.2285714285714285,0.05590062088711872,two-strong
3,447,marriage,0.2421052631578947,female,0.2285714285714285,0.05590062088711872,two-strong
3,448,marriage,0.2421052631578947,female,0.2285714285714285,0.05590062088711872,two-strong
3,449,marriage,0.2421052631578947,female,0.2285714285714285,0.05590062088711872,two-strong
3,450,marriage,0.2421052631578947,female,0.2285714285714285,0.05590062088711872,two-strong
3,451,marriage,0.2421052631578947,female,0.2285714285714285,0.05590062088711872,two-strong
3,452,marriage,0.2421052631578947,female,0.2285714285714285,0.05590062088711872,two-strong
3,453,marriage,0.2421052631578947,female,0.2285714285714285,0.05590062088711872,two-strong
3,454,marriage,0.2421052631578947,female,0.2285714285714285,0.05590062088711872,two-strong
3,455,marriage,0.2421052631578947,female,0.2285714285714285,0.05590062088711872,two-strong
3,456,marriage,0.2421052631578947,female,0.2336466165413533,0.034937888054449355,two-strong
3,457,marriage,0.2421052631578947,female,0.2285714285714285,0.05590062088711872,two-strong
3,458,marriage,0.2421052631578947,female,0.2285714285714285,0.05590062088711872,two-strong
3,459,marriage,0.2421052631578947,female,0.2285714285714285,0.05590062088711872,two-strong
3,460,marriage,0.2421052631578947,female,0.2285714285714285,0.05590062088711872,two-strong
3,461,marriage,0.2421052631578947,female,0.2285714285714285,0.05590062088711872,two-strong
3,462,marriage,0.2421052631578947,female,0.2285714285714285,0.05590062088711872,two-strong
3,463,marriage,0.2421052631578947,female,0.2285714285714285,0.05590062088711872,two-strong
3,464,marriage,0.2421052631578947,female,0.2285714285714285,0.05590062088711872,two-strong
3,465,marriage,0.2421052631578947,female,0.2285714285714285,0.05590062088711872,two-strong
3,466,marriage,0.2421052631578947,female,0.2285714285714285,0.05590062088711872,two-strong
3,467,marriage,0.2421052631578947,female,0.2285714285714285,0.05590062088711872,two-strong
3,468,marriage,0.2421052631578947,female,0.2285714285714285,0.05590062088711872,two-strong
3,469,marriage,0.2421052631578947,female,0.2285714285714285,0.05590062088711872,two-strong
3,470,marriage,0.2421052631578947,female,0.2285714285714285,0.05590062088711872,two-strong
3,471,marriage,0.2421052631578947,female,0.2285714285714285,0.05590062088711872,two-strong
3,472,marriage,0.2421052631578947,female,0.2285714285714285,0.05590062088711872,two-strong
3,473,marriage,0.2421052631578947,female,0.2285714285714285,0.05590062088711872,two-strong
3,474,marriage,0.2421052631578947,female,0.2285714285714285,0.05590062088711872,two-strong
3,475,marriage,0.2421052631578947,female,0.2285714285714285,0.05590062088711872,two-strong
3,476,marriage,0.2421052631578947,female,0.2285714285714285,0.05590062088711872,two-strong
3,477,marriage,0.2421052631578947,female,0.2285714285714285,0.05590062088711872,two-strong
3,478,marriage,0.2421052631578947,female,0.2285714285714285,0.05590062088711872,two-strong
3,479,marriage,0.2421052631578947,female,0.2285714285714285,0.05590062088711872,two-strong
3,480,marriage,0.2421052631578947,female,0.2285714285714285,0.05590062088711872,two-strong
3,481,marriage,0.2421052631578947,female,0.2285714285714285,0.05590062088711872,two-strong
3,482,marriage,0.2421052631578947,female,0.2285714285714285,0.05590062088711872,two-strong
3,483,marriage,0.2421052631578947,female,0.2285714285714285,0.05590062088711872,two-strong
3,484,marriage,0.2421052631578947,female,0.2285714285714285,0.05590062088711872,two-strong
3,485,marriage,0.2421052631578947,female,0.2285714285714285,0.05590062088711872,two-strong
3,486,marriage,0.2421052631578947,female,0.2285714285714285,0.05590062088711872,two-strong
3,487,marriage,0.2421052631578947,female,0.2285714285714285,0.05590062088711872,two-strong
3,488,marriage,0.2421052631578947,female,0.2285714285714285,0.05590062088711872,two-strong
3,489,marriage,0.2421052631578947,female,0.2285714285714285,0.05590062088711872,two-strong
3,490,marriage,0.2421052631578947,female,0.2285714285714285,0.05590062088711872,two-strong
3,491,marriage,0.2421052631578947,female,0.2285714285714285,0.05590062088711872,two-strong
3,492,marriage,0.2421052631578947,female,0.2285714285714285,0.05590062088711872,two-strong
3,493,marriage,0.2421052631578947,female,0.2285714285714285,0.05590062088711872,two-strong
3,494,marriage,0.2421052631578947,female,0.2285714285714285,0.05590062088711872,two-strong
3,495,marriage,0.2421052631578947,female,0.2285714285714285,0.05590062088711872,two-strong
3,496,marriage,0.2421052631578947,female,0.2285714285714285,0.05590062088711872,two-strong
3,497,marriage,0.2421052631578947,female,0.2285714285714285,0.05590062088711872,two-strong
3,498,marriage,0.2421052631578947,female,0.2285714285714285,0.05590062088711872,two-strong
3,499,marriage,0.2421052631578947,female,0.2285714285714285,0.05590062088711872,two-strong
3,500,marriage,0.2421052631578947,female,0.2285714285714285,0.05590062088711872,two-strong
3,501,society,0.2031223095907708,,,0.9999999950768579,dominant
3,502,marriage,0.2421052631578947,female,0.2285714285714285,0.05590062088711872,two-strong
3,503,marriage,0.2421052631578947,female,0.2285714285714285,0.05590062088711872,two-strong
3,504,marriage,0.2412916348843122,female,0.2288533834586466,0.05154862239663032,two-strong
3,505,marriage,0.2421052631578947,female,0.2285714285714285,0.05590062088711872,two-strong
3,506,marriage,0.2421052631578947,female,0.2285714285714285,0.05590062088711872,two-strong
3,507,marriage,0.2421052631578947,female,0.2285714285714285,0.05590062088711872,two-strong
3,508,marriage,0.2421052631578947,female,0.2285714285714285,0.05590062088711872,two-strong
3,509,marriage,0.2421052631578947,female,0.2285714285714285,0.05590062088711872,two-strong
3,510,marriage,0.2421052631578947,female,0.2285714285714285,0.05590062088711872,two-strong
3,511,marriage,0.2421052631578947,female,0.2285714285714285,0.05590062088711872,two-strong
3,512,marriage,0.2421052631578947,female,0.2285714285714285,0.05590062088711872,two-strong
3,513,marriage,0.2421052631578947,female,0.2285714285714285,0.05590062088711872,two-strong
3,514,marriage,0.2421052631578947,female,0.2285714285714285,0.05590062088711872,two-strong
3,515,marriage,0.2421052631578947,female,0.2285714285714285,0.05590062088711872,two-strong
3,516,marriage,0.2421052631578947,female,0.2285714285714285,0.05590062088711872,two-strong
3,517,marriage,0.2421052631578947,female,0.2285714285714285,0.05590062088711872,two-strong
3,518,marriage,0.2421052631578947,female,0.2285714285714285,0.05590062088711872,two-strong
3,519,marriage,0.2421052631578947,female,0.2285714285714285,0.05590062088711872,two-strong
3,520,marriage,0.2421052631578947,female,0.2285714285714285,0.05590062088711872,two-strong
3,521,marriage,0.2421052631578947,female,0.2285714285714285,0.05590062088711872,two-strong
3,522,marriage,0.2421052631578947,female,0.2285714285714285,0.05590062088711872,two-strong
3,523,marriage,0.2421052631578947,female,0.2285714285714285,0.05590062088711872,two-strong
3,524,marriage,0.2421052631578947,female,0.2285714285714285,0.05590062088711872,two-strong
3,525,female,0.2484479607569567,wealth,0.2267870709532702,0.08718481588863337,two-strong
3,526,marriage,0.2421052631578947,female,0.2285714285714285,0.05590062088711872,two-strong
3,527,marriage,0.2421052631578947,female,0.2285714285714285,0.05590062088711872,two-strong
3,528,marriage,0.2421052631578947,female,0.2285714285714285,0.05590062088711872,two-strong
3,529,marriage,0.2421052631578947,female,0.2336466165413533,0.034937888054449355,two-strong
3,530,marriage,0.2421052631578947,female,0.2285714285714285,0.05590062088711872,two-strong
3,531,marriage,0.2421052631578947,female,0.2285714285714285,0.05590062088711872,two-strong
3,532,marriage,0.2421052631578947,female,0.2285714285714285,0.05590062088711872,two-strong
3,533,marriage,0.2421052631578947,female,0.2285714285714285,0.05590062088711872,two-strong
3,534,marriage,0.2421052631578947,female,0.2285714285714285,0.05590062088711872,two-strong
3,535,marriage,0.2421052631578947,female,0.2285714285714285,0.05590062088711872,two-strong
3,536,marriage,0.2421052631578947,female,0.2285714285714285,0.05590062088711872,two-strong
3,537,marriage,0.2484145145472376,female,0.2285714285714285,0.07987893111679215,two-strong
3,538,marriage,0.2421052631578947,female,0.2285714285714285,0.05590062088711872,two-strong
3,539,marriage,0.2421052631578947,female,0.2285714285714285,0.05590062088711872,two-strong
3,540,marriage,0.2421052631578947,female,0.2285714285714285,0.05590062088711872,two-strong
3,541,marriage,0.2421052631578947,female,0.2285714285714285,0.05590062088711872,two-strong
3,542,marriage,0.2421052631578947,female,0.2285714285714285,0.05590062088711872,two-strong
3,543,marriage,0.2421052631578947,female,0.2285714285714285,0.05590062088711872,two-strong
3,544,marriage,0.2421052631578947,female,0.2285714285714285,0.05590062088711872,two-strong
3,545,marriage,0.2421052631578947,female,0.2285714285714285,0.05590062088711872,two-strong
3,546,marriage,0.2421052631578947,female,0.2285714285714285,0.05590062088711872,two-strong
3,547,marriage,0.2421052631578947,female,0.2285714285714285,0.05590062088711872,two-strong
3,548,love,0.1587385268181179,,,0.9999999937003321,dominant
3,549,marriage,0.2421052631578947,female,0.2285714285714285,0.05590062088711872,two-strong
3,550,marriage,0.2421052631578947,female,0.2285714285714285,0.05590062088711872,two-strong
3,551,marriage,0.2421052631578947,female,0.2285714285714285,0.05590062088711872,two-strong
3,552,marriage,0.2421052631578947,female,0.2285714285714285,0.05590062088711872,two-strong
3,553,marriage,0.2421052631578947,female,0.2285714285714285,0.05590062088711872,two-strong
3,554,marriage,0.2421052631578947,female,0.2285714285714285,0.05590062088711872,two-strong
3,555,marriage,0.2421052631578947,female,0.2285714285714285,0.05590062088711872,two-strong
3,556,marriage,0.2421052631578947,female,0.2285714285714285,0.05590062088711872,two-strong
3,557,marriage,0.2421052631578947,female,0.2285714285714285,0.05590062088711872,two-strong
3,558,marriage,0.2421052631578947,female,0.2285714285714285,0.05590062088711872,two-strong
3,559,marriage,0.2421052631578947,female,0.2336466165413533,0.034937888054449355,two-strong
3,560,marriage,0.2421052631578947,female,0.2285714285714285,0.05590062088711872,two-strong
3,561,marriage,0.2421052631578947,female,0.2285714285714285,0.05590062088711872,two-strong
3,562,marriage,0.2421052631578947,female,0.2285714285714285,0.05590062088711872,two-strong
3,563,marriage,0.2421052631578947,female,0.2285714285714285,0.05590062088711872,two-strong
3,564,marriage,0.2421052631578947,female,0.2285714285714285,0.05590062088711872,two-strong
3,565,marriage,0.2421052631578947,female,0.2285714285714285,0.05590062088711872,two-strong
3,566,marriage,0.2421052631578947,female,0.2285714285714285,0.05590062088711872,two-strong
3,567,marriage,0.2421052631578947,female,0.2285714285714285,0.05590062088711872,two-strong
3,568,marriage,0.2421052631578947,female,0.2285714285714285,0.05590062088711872,two-strong
3,569,marriage,0.2621858195558212,love,0.2436361619505117,0.07075004119591649,two-strong
3,570,marriage,0.2312303779021258,female,0.2196028033209974,0.05028567023215434,two-strong
3,571,marriage,0.2639208859730745,emotion,0.2251046056333854,0.1470754391017531,two-strong
3,572,marriage,0.2421052631578947,female,0.2285714285714285,0.05590062088711872,two-strong
3,573,marriage,0.2421052631578947,female,0.2285714285714285,0.05590062088711872,two-strong
3,574,marriage,0.2421052631578947,female,0.2285714285714285,0.05590062088711872,two-strong
3,575,marriage,0.2421052631578947,female,0.2285714285714285,0.05590062088711872,two-strong
3,576,marriage,0.2421052631578947,female,0.2285714285714285,0.05590062088711872,two-strong
3,577,marriage,0.2421052631578947,female,0.2285714285714285,0.05590062088711872,two-strong
3,578,marriage,0.2421052631578947,female,0.2285714285714285,0.05590062088711872,two-strong
3,579,marriage,0.2421052631578947,female,0.2285714285714285,0.05590062088711872,two-strong
3,580,marriage,0.2421052631578947,female,0.2285714285714285,0.05590062088711872,two-strong
3,581,marriage,0.2421052631578947,female,0.2285714285714285,0.05590062088711872,two-strong
3,582,marriage,0.2421052631578947,female,0.2285714285714285,0.05590062088711872,two-strong
3,583,marriage,0.2421052631578947,female,0.2285714285714285,0.05590062088711872,two-strong
3,584,marriage,0.2421052631578947,female,0.2285714285714285,0.05590062088711872,two-strong
3,585,marriage,0.2421052631578947,female,0.2285714285714285,0.05590062088711872,two-strong
3,586,marriage,0.2421052631578947,female,0.2285714285714285,0.05590062088711872,two-strong
3,587,marriage,0.2421052631578947,female,0.2285714285714285,0.05590062088711872,two-strong
3,588,marriage,0.2421052631578947,female,0.2285714285714285,0.05590062088711872,two-strong
3,589,marriage,0.2421052631578947,female,0.2285714285714285,0.05590062088711872,two-strong
3,590,marriage,0.2421052631578947,female,0.2285714285714285,0.05590062088711872,two-strong
3,591,marriage,0.2421052631578947,female,0.2285714285714285,0.05590062088711872,two-strong
3,592,marriage,0.2421052631578947,female,0.2285714285714285,0.05590062088711872,two-strong
3,593,marriage,0.2421052631578947,female,0.2285714285714285,0.05590062088711872,two-strong
3,594,marriage,0.2421052631578947,female,0.2285714285714285,0.05590062088711872,two-strong
3,595,marriage,0.2421052631578947,female,0.2285714285714285,0.05590062088711872,two-strong
3,596,marriage,0.2421052631578947,female,0.2285714285714285,0.05590062088711872,two-strong
3,597,marriage,0.2421052631578947,female,0.2285714285714285,0.05590062088711872,two-strong
3,598,marriage,0.2421052631578947,female,0.2285714285714285,0.05590062088711872,two-strong
3,599,marriage,0.2421052631578947,female,0.2285714285714285,0.05590062088711872,two-strong
3,600,marriage,0.2421052631578947,female,0.2285714285714285,0.05590062088711872,two-strong
3,601,marriage,0.2421052631578947,female,0.2285714285714285,0.05590062088711872,two-strong
3,602,marriage,0.2421052631578947,female,0.2285714285714285,0.05590062088711872,two-strong
3,603,marriage,0.2421052631578947,female,0.2285714285714285,0.05590062088711872,two-strong
3,604,marriage,0.2421052631578947,female,0.2285714285714285,0.05590062088711872,two-strong
3,605,marriage,0.2421052631578947,female,0.2285714285714285,0.05590062088711872,two-strong
3,606,marriage,0.2421052631578947,female,0.2285714285714285,0.05590062088711872,two-strong
3,607,marriage,0.2421052631578947,female,0.2285714285714285,0.05590062088711872,two-strong
3,608,marriage,0.2421052631578947,female,0.2285714285714285,0.05590062088711872,two-strong
3,609,marriage,0.2421052631578947,female,0.2285714285714285,0.05590062088711872,two-strong
3,610,marriage,0.2421052631578947,female,0.2285714285714285,0.05590062088711872,two-strong
3,611,marriage,0.2421052631578947,female,0.2285714285714285,0.05590062088711872,two-strong
3,612,marriage,0.2421052631578947,female,0.2285714285714285,0.05590062088711872,two-strong
3,613,marriage,0.2421052631578947,female,0.2285714285714285,0.05590062088711872,two-strong
3,614,marriage,0.2421052631578947,female,0.2285714285714285,0.05590062088711872,two-strong
3,615,marriage,0.2421052631578947,female,0.2285714285714285,0.05590062088711872,two-strong
3,616,marriage,0.2421052631578947,female,0.2285714285714285,0.05590062088711872,two-strong
3,617,marriage,0.2421052631578947,female,0.2285714285714285,0.05590062088711872,two-strong
3,618,marriage,0.2421052631578947,female,0.2285714285714285,0.05590062088711872,two-strong
3,619,marriage,0.2421052631578947,female,0.2285714285714285,0.05590062088711872,two-strong
3,620,marriage,0.2421052631578947,female,0.2336466165413533,0.034937888054449355,two-strong
3,621,marriage,0.2421052631578947,female,0.2285714285714285,0.05590062088711872,two-strong
3,622,marriage,0.2421052631578947,female,0.2285714285714285,0.05590062088711872,two-strong
3,623,marriage,0.2421052631578947,female,0.2285714285714285,0.05590062088711872,two-strong
3,624,marriage,0.2421052631578947,female,0.2285714285714285,0.05590062088711872,two-strong
3,625,marriage,0.2421052631578947,female,0.2285714285714285,0.05590062088711872,two-strong
3,626,marriage,0.2421052631578947,female,0.2285714285714285,0.05590062088711872,two-strong
3,627,marriage,0.2421052631578947,female,0.2285714285714285,0.05590062088711872,two-strong
3,628,marriage,0.2421052631578947,female,0.2285714285714285,0.05590062088711872,two-strong
3,629,marriage,0.2421052631578947,female,0.2285714285714285,0.05590062088711872,two-strong
3,630,marriage,0.2421052631578947,female,0.2285714285714285,0.05590062088711872,two-strong
3,631,marriage,0.2421052631578947,female,0.2285714285714285,0.05590062088711872,two-strong
3,632,marriage,0.2421052631578947,female,0.2285714285714285,0.05590062088711872,two-strong
3,633,marriage,0.2421052631578947,female,0.2285714285714285,0.05590062088711872,two-strong
3,634,marriage,0.2421052631578947,female,0.2285714285714285,0.05590062088711872,two-strong
3,635,marriage,0.2421052631578947,female,0.2285714285714285,0.05590062088711872,two-strong
3,636,marriage,0.2421052631578947,female,0.2285714285714285,0.05590062088711872,two-strong
3,637,marriage,0.2421052631578947,female,0.2285714285714285,0.05590062088711872,two-strong
3,638,marriage,0.2421052631578947,female,0.2285714285714285,0.05590062088711872,two-strong
3,639,marriage,0.2421052631578947,female,0.2285714285714285,0.05590062088711872,two-strong
3,640,marriage,0.2421052631578947,female,0.2285714285714285,0.05590062088711872,two-strong
3,641,marriage,0.2421052631578947,female,0.2285714285714285,0.05590062088711872,two-strong
3,642,marriage,0.2421052631578947,female,0.2285714285714285,0.05590062088711872,two-strong
3,643,marriage,0.2421052631578947,female,0.2285714285714285,0.05590062088711872,two-strong
3,644,marriage,0.2421052631578947,female,0.2285714285714285,0.05590062088711872,two-strong
3,645,marriage,0.2421052631578947,female,0.2285714285714285,0.05590062088711872,two-strong
3,646,marriage,0.2421052631578947,female,0.2285714285714285,0.05590062088711872,two-strong
3,647,marriage,0.2421052631578947,female,0.2285714285714285,0.05590062088711872,two-strong
3,648,marriage,0.2421052631578947,female,0.2285714285714285,0.05590062088711872,two-strong
3,649,marriage,0.2421052631578947,female,0.2285714285714285,0.05590062088711872,two-strong
3,650,marriage,0.2421052631578947,female,0.2285714285714285,0.05590062088711872,two-strong
3,651,marriage,0.2421052631578947,female,0.2285714285714285,0.05590062088711872,two-strong
3,652,marriage,0.2421052631578947,female,0.2285714285714285,0.05590062088711872,two-strong
3,653,marriage,0.2421052631578947,female,0.2285714285714285,0.05590062088711872,two-strong
3,654,marriage,0.2421052631578947,female,0.2285714285714285,0.05590062088711872,two-strong
3,655,marriage,0.2421052631578947,female,0.2336466165413533,0.034937888054449355,two-strong
3,656,marriage,0.2421052631578947,female,0.2285714285714285,0.05590062088711872,two-strong
3,657,marriage,0.2421052631578947,female,0.2285714285714285,0.05590062088711872,two-strong
3,658,marriage,0.2421052631578947,female,0.2285714285714285,0.05590062088711872,two-strong
3,659,marriage,0.2421052631578947,female,0.2285714285714285,0.05590062088711872,two-strong
3,660,marriage,0.2421052631578947,female,0.2285714285714285,0.05590062088711872,two-strong
3,661,marriage,0.2421052631578947,female,0.2285714285714285,0.05590062088711872,two-strong
3,662,marriage,0.2421052631578947,female,0.2285714285714285,0.05590062088711872,two-strong
3,663,marriage,0.2421052631578947,female,0.2285714285714285,0.05590062088711872,two-strong
3,664,family,0.2356354818088062,male,0.2316364268570823,0.016971361460738556,two-strong
3,665,marriage,0.2421052631578947,female,0.2285714285714285,0.05590062088711872,two-strong
3,666,marriage,0.2421052631578947,female,0.2285714285714285,0.05590062088711872,two-strong
3,667,marriage,0.2421052631578947,female,0.2285714285714285,0.05590062088711872,two-strong
3,668,marriage,0.2421052631578947,female,0.2285714285714285,0.05590062088711872,two-strong
3,669,marriage,0.2421052631578947,female,0.2285714285714285,0.05590062088711872,two-strong
3,670,marriage,0.2421052631578947,female,0.2285714285714285,0.05590062088711872,two-strong
3,671,marriage,0.2442737277977552,female,0.2285714285714285,0.06428157175808004,two-strong
3,672,marriage,0.2421052631578947,female,0.2285714285714285,0.05590062088711872,two-strong
3,673,marriage,0.2421052631578947,female,0.2285714285714285,0.05590062088711872,two-strong
3,674,marriage,0.2421052631578947,female,0.2285714285714285,0.05590062088711872,two-strong
3,675,marriage,0.2421052631578947,female,0.2285714285714285,0.05590062088711872,two-strong
3,676,love,0.1408175611442399,,,0.9999999928986131,dominant
3,677,marriage,0.2421052631578947,female,0.2285714285714285,0.05590062088711872,two-strong
3,678,marriage,0.2421052631578947,female,0.2285714285714285,0.05590062088711872,two-strong
3,679,marriage,0.2421052631578947,female,0.2285714285714285,0.05590062088711872,two-strong
3,680,marriage,0.2421052631578947,female,0.2285714285714285,0.05590062088711872,two-strong
3,681,marriage,0.2421052631578947,female,0.2285714285714285,0.05590062088711872,two-strong
3,682,female,0.2336466165413533,duty,0.1586023883237505,0.3211868804577094,leaning
3,683,marriage,0.2421052631578947,female,0.2285714285714285,0.05590062088711872,two-strong
3,684,marriage,0.2421052631578947,female,0.2285714285714285,0.05590062088711872,two-strong
3,685,marriage,0.2421052631578947,female,0.2285714285714285,0.05590062088711872,two-strong
3,686,marriage,0.2421052631578947,female,0.2285714285714285,0.05590062088711872,two-strong
3,687,marriage,0.2421052631578947,female,0.2285714285714285,0.05590062088711872,two-strong
3,688,marriage,0.2421052631578947,female,0.2285714285714285,0.05590062088711872,two-strong
3,689,marriage,0.2421052631578947,female,0.2285714285714285,0.05590062088711872,two-strong
3,690,marriage,0.2421052631578947,female,0.2285714285714285,0.05590062088711872,two-strong
3,691,marriage,0.2421052631578947,female,0.2285714285714285,0.05590062088711872,two-strong
3,692,marriage,0.2421052631578947,female,0.2285714285714285,0.05590062088711872,two-strong
3,693,marriage,0.2421052631578947,female,0.2285714285714285,0.05590062088711872,two-strong
3,694,marriage,0.2421052631578947,female,0.2285714285714285,0.05590062088711872,two-strong
3,695,marriage,0.2421052631578947,female,0.2285714285714285,0.05590062088711872,two-strong
3,696,marriage,0.2421052631578947,female,0.2285714285714285,0.05590062088711872,two-strong
3,697,marriage,0.2421052631578947,female,0.2285714285714285,0.05590062088711872,two-strong
3,698,marriage,0.2421052631578947,female,0.2285714285714285,0.05590062088711872,two-strong
3,699,marriage,0.2421052631578947,female,0.2285714285714285,0.05590062088711872,two-strong
3,700,marriage,0.2421052631578947,female,0.2285714285714285,0.05590062088711872,two-strong
3,701,marriage,0.2421052631578947,female,0.2285714285714285,0.05590062088711872,two-strong
3,702,marriage,0.2421052631578947,female,0.2285714285714285,0.05590062088711872,two-strong
3,703,marriage,0.2421052631578947,female,0.2285714285714285,0.05590062088711872,two-strong
3,704,marriage,0.2421052631578947,female,0.2285714285714285,0.05590062088711872,two-strong
3,705,marriage,0.2421052631578947,female,0.2285714285714285,0.05590062088711872,two-strong
3,706,marriage,0.2421052631578947,female,0.2285714285714285,0.05590062088711872,two-strong
3,707,marriage,0.2421052631578947,female,0.2285714285714285,0.05590062088711872,two-strong
3,708,marriage,0.2421052631578947,female,0.2285714285714285,0.05590062088711872,two-strong
3,709,marriage,0.2421052631578947,female,0.2285714285714285,0.05590062088711872,two-strong
3,710,marriage,0.2421052631578947,female,0.2285714285714285,0.05590062088711872,two-strong
3,711,marriage,0.2421052631578947,female,0.2285714285714285,0.05590062088711872,two-strong
3,712,marriage,0.2421052631578947,female,0.2285714285714285,0.05590062088711872,two-strong
3,713,marriage,0.2421052631578947,female,0.2285714285714285,0.05590062088711872,two-strong
3,714,marriage,0.2421052631578947,female,0.2285714285714285,0.05590062088711872,two-strong
3,715,marriage,0.2421052631578947,female,0.2285714285714285,0.05590062088711872,two-strong
3,716,marriage,0.2421052631578947,female,0.2285714285714285,0.05590062088711872,two-strong
3,717,marriage,0.2421052631578947,female,0.2285714285714285,0.05590062088711872,two-strong
3,718,marriage,0.2421052631578947,female,0.2285714285714285,0.05590062088711872,two-strong
3,719,marriage,0.2421052631578947,female,0.2285714285714285,0.05590062088711872,two-strong
3,720,marriage,0.2421052631578947,female,0.2285714285714285,0.05590062088711872,two-strong
3,721,marriage,0.2421052631578947,female,0.2285714285714285,0.05590062088711872,two-strong
3,722,marriage,0.2421052631578947,female,0.2285714285714285,0.05590062088711872,two-strong
3,723,marriage,0.2421052631578947,female,0.2285714285714285,0.05590062088711872,two-strong
3,724,marriage,0.2421052631578947,female,0.2285714285714285,0.05590062088711872,two-strong
3,725,marriage,0.2421052631578947,female,0.2285714285714285,0.05590062088711872,two-strong
3,726,marriage,0.2421052631578947,female,0.2285714285714285,0.05590062088711872,two-strong
3,727,marriage,0.2421052631578947,female,0.2285714285714285,0.05590062088711872,two-strong
3,728,marriage,0.2421052631578947,female,0.2285714285714285,0.05590062088711872,two-strong
3,729,marriage,0.2421052631578947,female,0.2285714285714285,0.05590062088711872,two-strong
3,730,marriage,0.2421052631578947,female,0.2285714285714285,0.05590062088711872,two-strong
3,731,marriage,0.2421052631578947,female,0.2285714285714285,0.05590062088711872,two-strong
3,732,marriage,0.2421052631578947,female,0.2285714285714285,0.05590062088711872,two-strong
3,733,marriage,0.2449563585228835,female,0.2278900375939849,0.0696708628514063,two-strong
3,734,marriage,0.2421052631578947,female,0.2285714285714285,0.05590062088711872,two-strong
3,735,marriage,0.2421052631578947,female,0.2285714285714285,0.05590062088711872,two-strong
3,736,marriage,0.2421052631578947,female,0.2285714285714285,0.05590062088711872,two-strong
3,737,marriage,0.2421052631578947,female,0.2285714285714285,0.05590062088711872,two-strong
3,738,marriage,0.2421052631578947,female,0.2285714285714285,0.05590062088711872,two-strong
3,739,marriage,0.2421052631578947,female,0.2285714285714285,0.05590062088711872,two-strong
3,740,marriage,0.2421052631578947,female,0.2285714285714285,0.05590062088711872,two-strong
3,741,marriage,0.2421052631578947,female,0.2285714285714285,0.05590062088711872,two-strong
3,742,marriage,0.2421052631578947,female,0.2285714285714285,0.05590062088711872,two-strong
3,743,marriage,0.2421052631578947,female,0.2285714285714285,0.05590062088711872,two-strong
3,744,marriage,0.2468126838836221,female,0.2285714285714285,0.07390728446876531,two-strong
3,745,love,0.2308991399643369,family,0.2168294788515424,0.0609342289193167,two-strong
3,746,marriage,0.2421052631578947,female,0.2285714285714285,0.05590062088711872,two-strong
3,747,marriage,0.2421052631578947,female,0.2285714285714285,0.05590062088711872,two-strong
3,748,marriage,0.2421052631578947,female,0.2285714285714285,0.05590062088711872,two-strong
3,749,marriage,0.2421052631578947,female,0.2285714285714285,0.05590062088711872,two-strong
3,750,marriage,0.2421052631578947,female,0.2285714285714285,0.05590062088711872,two-strong
3,751,marriage,0.2421052631578947,female,0.2285714285714285,0.05590062088711872,two-strong
3,752,marriage,0.243411073412714,female,0.2252952456899825,0.07442482954582151,two-strong
3,753,marriage,0.2421052631578947,female,0.2285714285714285,0.05590062088711872,two-strong
3,754,marriage,0.2421052631578947,female,0.2285714285714285,0.05590062088711872,two-strong
3,755,marriage,0.2421052631578947,female,0.2285714285714285,0.05590062088711872,two-strong
3,756,marriage,0.2421052631578947,female,0.2285714285714285,0.05590062088711872,two-strong
3,757,marriage,0.2421052631578947,female,0.2285714285714285,0.05590062088711872,two-strong
3,758,marriage,0.2421052631578947,female,0.2285714285714285,0.05590062088711872,two-strong
3,759,marriage,0.2421052631578947,female,0.2285714285714285,0.05590062088711872,two-strong
3,760,marriage,0.2421052631578947,female,0.2285714285714285,0.05590062088711872,two-strong
3,761,marriage,0.2421052631578947,female,0.2285714285714285,0.05590062088711872,two-strong
3,762,marriage,0.2421052631578947,female,0.2285714285714285,0.05590062088711872,two-strong
3,763,marriage,0.2421052631578947,female,0.2285714285714285,0.05590062088711872,two-strong
3,764,marriage,0.2421052631578947,female,0.2285714285714285,0.05590062088711872,two-strong
3,765,marriage,0.2421052631578947,female,0.2285714285714285,0.05590062088711872,two-strong
3,766,marriage,0.2421052631578947,female,0.2285714285714285,0.05590062088711872,two-strong
3,767,marriage,0.2421052631578947,female,0.2285714285714285,0.05590062088711872,two-strong
3,768,marriage,0.2421052631578947,female,0.2285714285714285,0.05590062088711872,two-strong
3,769,marriage,0.2421052631578947,female,0.2285714285714285,0.05590062088711872,two-strong
3,770,marriage,0.2567816051507098,female,0.2333501857392454,0.0912503810639461,two-strong
3,771,marriage,0.2432385311103846,female,0.2285714285714285,0.060299256091136004,two-strong
3,772,marriage,0.2421052631578947,female,0.2285714285714285,0.05590062088711872,two-strong
3,773,marriage,0.2421052631578947,female,0.2285714285714285,0.05590062088711872,two-strong
3,774,marriage,0.2421052631578947,female,0.2285714285714285,0.05590062088711872,two-strong
3,775,marriage,0.2421052631578947,female,0.2285714285714285,0.05590062088711872,two-strong
3,776,female,0.2566571934988761,emotion,0.2448099850960139,0.04615965831775696,two-strong
3,777,marriage,0.2421052631578947,female,0.2285714285714285,0.05590062088711872,two-strong
3,778,marriage,0.2421052631578947,female,0.2285714285714285,0.05590062088711872,two-strong
3,779,marriage,0.2421052631578947,female,0.2285714285714285,0.05590062088711872,two-strong
3,780,marriage,0.2421052631578947,female,0.2285714285714285,0.05590062088711872,two-strong
3,781,marriage,0.2421052631578947,female,0.2285714285714285,0.05590062088711872,two-strong
3,782,marriage,0.2421052631578947,female,0.2285714285714285,0.05590062088711872,two-strong
3,783,marriage,0.2421052631578947,female,0.2285714285714285,0.05590062088711872,two-strong
3,784,marriage,0.2421052631578947,female,0.2285714285714285,0.05590062088711872,two-strong
3,785,marriage,0.2421052631578947,female,0.2285714285714285,0.05590062088711872,two-strong
3,786,marriage,0.2421052631578947,female,0.2285714285714285,0.05590062088711872,two-strong
3,787,marriage,0.2421052631578947,female,0.2285714285714285,0.05590062088711872,two-strong
3,788,marriage,0.2421052631578947,female,0.2285714285714285,0.05590062088711872,two-strong
3,789,marriage,0.2421052631578947,female,0.2285714285714285,0.05590062088711872,two-strong
3,790,marriage,0.2421052631578947,female,0.2285714285714285,0.05590062088711872,two-strong
3,791,marriage,0.2421052631578947,female,0.2285714285714285,0.05590062088711872,two-strong
3,792,marriage,0.2421052631578947,female,0.2285714285714285,0.05590062088711872,two-strong
3,793,marriage,0.2421052631578947,female,0.2285714285714285,0.05590062088711872,two-strong
3,794,marriage,0.2421052631578947,female,0.2285714285714285,0.05590062088711872,two-strong
3,795,marriage,0.2421052631578947,female,0.2285714285714285,0.05590062088711872,two-strong
3,796,marriage,0.2421052631578947,female,0.2285714285714285,0.05590062088711872,two-strong
3,797,marriage,0.2421052631578947,female,0.2285714285714285,0.05590062088711872,two-strong
3,798,marriage,0.2421052631578947,female,0.2285714285714285,0.05590062088711872,two-strong
3,799,marriage,0.2421052631578947,female,0.2285714285714285,0.05590062088711872,two-strong
3,800,marriage,0.2421052631578947,female,0.2285714285714285,0.05590062088711872,two-strong
3,801,marriage,0.2421052631578947,female,0.2285714285714285,0.05590062088711872,two-strong
3,802,marriage,0.2421052631578947,female,0.2285714285714285,0.05590062088711872,two-strong
3,803,marriage,0.2421052631578947,female,0.2285714285714285,0.05590062088711872,two-strong
3,804,marriage,0.2421052631578947,female,0.2285714285714285,0.05590062088711872,two-strong
3,805,female,0.3230603394826967,male,0.262725602974625,0.18675996074889067,two-strong
3,806,marriage,0.2421052631578947,female,0.2285714285714285,0.05590062088711872,two-strong
3,807,marriage,0.2421052631578947,female,0.2285714285714285,0.05590062088711872,two-strong
3,808,marriage,0.2421052631578947,female,0.2285714285714285,0.05590062088711872,two-strong
3,809,marriage,0.2421052631578947,female,0.2285714285714285,0.05590062088711872,two-strong
3,810,marriage,0.2421052631578947,female,0.2285714285714285,0.05590062088711872,two-strong
3,811,marriage,0.2421052631578947,female,0.2285714285714285,0.05590062088711872,two-strong
3,812,marriage,0.2421052631578947,female,0.2285714285714285,0.05590062088711872,two-strong
3,813,marriage,0.2421052631578947,female,0.2285714285714285,0.05590062088711872,two-strong
3,814,marriage,0.2421052631578947,female,0.2285714285714285,0.05590062088711872,two-strong
3,815,marriage,0.2421052631578947,female,0.2285714285714285,0.05590062088711872,two-strong
3,816,marriage,0.2371649133335959,female,0.2364554550924457,0.0029914131402770812,two-strong
3,817,marriage,0.2421052631578947,female,0.2285714285714285,0.05590062088711872,two-strong
3,818,marriage,0.2421052631578947,female,0.2285714285714285,0.05590062088711872,two-strong
3,819,marriage,0.2421052631578947,female,0.2285714285714285,0.05590062088711872,two-strong
3,820,marriage,0.2421052631578947,female,0.2285714285714285,0.05590062088711872,two-strong
3,821,marriage,0.2421052631578947,female,0.2285714285714285,0.05590062088711872,two-strong
3,822,marriage,0.2421052631578947,female,0.2285714285714285,0.05590062088711872,two-strong
3,823,marriage,0.2421052631578947,female,0.2285714285714285,0.05590062088711872,two-strong
3,824,marriage,0.2421052631578947,female,0.2285714285714285,0.05590062088711872,two-strong
3,825,marriage,0.2421052631578947,female,0.2285714285714285,0.05590062088711872,two-strong
3,826,marriage,0.2421052631578947,female,0.2285714285714285,0.05590062088711872,two-strong
3,827,marriage,0.2421052631578947,female,0.2285714285714285,0.05590062088711872,two-strong
3,828,marriage,0.2421052631578947,female,0.2285714285714285,0.05590062088711872,two-strong
3,829,marriage,0.2421052631578947,female,0.2285714285714285,0.05590062088711872,two-strong
3,830,marriage,0.2421052631578947,female,0.2285714285714285,0.05590062088711872,two-strong
3,831,marriage,0.2421052631578947,female,0.2285714285714285,0.05590062088711872,two-strong
3,832,marriage,0.2421052631578947,female,0.2285714285714285,0.05590062088711872,two-strong
3,833,marriage,0.2421052631578947,female,0.2285714285714285,0.05590062088711872,two-strong
3,834,marriage,0.2421052631578947,female,0.2285714285714285,0.05590062088711872,two-strong
3,835,marriage,0.2421052631578947,female,0.2285714285714285,0.05590062088711872,two-strong
3,836,marriage,0.2421052631578947,female,0.2285714285714285,0.05590062088711872,two-strong
3,837,marriage,0.2421052631578947,female,0.2285714285714285,0.05590062088711872,two-strong
3,838,marriage,0.2421052631578947,female,0.2285714285714285,0.05590062088711872,two-strong
3,839,marriage,0.2421052631578947,female,0.2285714285714285,0.05590062088711872,two-strong
3,840,marriage,0.2421052631578947,female,0.2285714285714285,0.05590062088711872,two-strong
3,841,marriage,0.2421052631578947,female,0.2285714285714285,0.05590062088711872,two-strong
3,842,marriage,0.2421052631578947,female,0.2285714285714285,0.05590062088711872,two-strong
3,843,marriage,0.2463441211724964,female,0.2287124060150376,0.07157351676169744,two-strong
3,844,marriage,0.2421052631578947,female,0.2285714285714285,0.05590062088711872,two-strong
3,845,marriage,0.2421052631578947,female,0.2285714285714285,0.05590062088711872,two-strong
3,846,marriage,0.2421052631578947,female,0.2285714285714285,0.05590062088711872,two-strong
3,847,marriage,0.2421052631578947,female,0.2285714285714285,0.05590062088711872,two-strong
3,848,marriage,0.2421052631578947,female,0.2285714285714285,0.05590062088711872,two-strong
3,849,marriage,0.2421052631578947,female,0.2285714285714285,0.05590062088711872,two-strong
3,850,marriage,0.2421052631578947,female,0.2285714285714285,0.05590062088711872,two-strong
3,851,marriage,0.2421052631578947,female,0.2285714285714285,0.05590062088711872,two-strong
3,852,marriage,0.2421052631578947,female,0.2285714285714285,0.05590062088711872,two-strong
3,853,marriage,0.2421052631578947,female,0.2285714285714285,0.05590062088711872,two-strong
3,854,marriage,0.2421052631578947,female,0.2285714285714285,0.05590062088711872,two-strong
3,855,marriage,0.2421052631578947,female,0.2285714285714285,0.05590062088711872,two-strong
3,856,emotion,0.261046084535482,marriage,0.2460890869248945,0.057296387263981806,two-strong
3,857,marriage,0.2468126838836221,female,0.2387218045112781,0.03278145682082354,two-strong
3,858,marriage,0.2421052631578947,female,0.2285714285714285,0.05590062088711872,two-strong
3,859,marriage,0.2421052631578947,female,0.2285714285714285,0.05590062088711872,two-strong
3,860,marriage,0.2421052631578947,female,0.2285714285714285,0.05590062088711872,two-strong
3,861,marriage,0.2421052631578947,female,0.2285714285714285,0.05590062088711872,two-strong
3,862,marriage,0.2421052631578947,female,0.2285714285714285,0.05590062088711872,two-strong
3,863,marriage,0.2421052631578947,female,0.2285714285714285,0.05590062088711872,two-strong
3,864,marriage,0.2421052631578947,female,0.2285714285714285,0.05590062088711872,two-strong
3,865,marriage,0.2421052631578947,female,0.2285714285714285,0.05590062088711872,two-strong
3,866,marriage,0.2421052631578947,female,0.2285714285714285,0.05590062088711872,two-strong
3,867,marriage,0.2421052631578947,female,0.2285714285714285,0.05590062088711872,two-strong
3,868,marriage,0.2421052631578947,female,0.2285714285714285,0.05590062088711872,two-strong
3,869,marriage,0.2421052631578947,female,0.2285714285714285,0.05590062088711872,two-strong
3,870,marriage,0.2421052631578947,female,0.2285714285714285,0.05590062088711872,two-strong
3,871,marriage,0.2421052631578947,female,0.2285714285714285,0.05590062088711872,two-strong
3,872,marriage,0.2421052631578947,female,0.2285714285714285,0.05590062088711872,two-strong
3,873,marriage,0.2421052631578947,female,0.2285714285714285,0.05590062088711872,two-strong
3,874,marriage,0.2421052631578947,female,0.2285714285714285,0.05590062088711872,two-strong
3,875,marriage,0.2421052631578947,female,0.2285714285714285,0.05590062088711872,two-strong
3,876,marriage,0.2421052631578947,female,0.2285714285714285,0.05590062088711872,two-strong
3,877,marriage,0.2421052631578947,female,0.2285714285714285,0.05590062088711872,two-strong
3,878,marriage,0.2421052631578947,female,0.2285714285714285,0.05590062088711872,two-strong
3,879,marriage,0.2421052631578947,female,0.2285714285714285,0.05590062088711872,two-strong
3,880,marriage,0.2421052631578947,female,0.2285714285714285,0.05590062088711872,two-strong
3,881,marriage,0.2421052631578947,female,0.2285714285714285,0.05590062088711872,two-strong
3,882,marriage,0.2421052631578947,female,0.2285714285714285,0.05590062088711872,two-strong
3,883,marriage,0.2421052631578947,female,0.2285714285714285,0.05590062088711872,two-strong
3,884,marriage,0.2421052631578947,female,0.2285714285714285,0.05590062088711872,two-strong
3,885,marriage,0.2421052631578947,female,0.2285714285714285,0.05590062088711872,two-strong
3,886,marriage,0.2421052631578947,female,0.2285714285714285,0.05590062088711872,two-strong
3,887,marriage,0.2421052631578947,female,0.2285714285714285,0.05590062088711872,two-strong
3,888,marriage,0.2421052631578947,female,0.2285714285714285,0.05590062088711872,two-strong
3,889,marriage,0.2421052631578947,female,0.2336466165413533,0.034937888054449355,two-strong
3,890,marriage,0.2421052631578947,female,0.2285714285714285,0.05590062088711872,two-strong
3,891,marriage,0.2421052631578947,female,0.2285714285714285,0.05590062088711872,two-strong
3,892,marriage,0.2421052631578947,female,0.2285714285714285,0.05590062088711872,two-strong
3,893,marriage,0.2421052631578947,female,0.2285714285714285,0.05590062088711872,two-strong
3,894,marriage,0.2421052631578947,female,0.2285714285714285,0.05590062088711872,two-strong
3,895,marriage,0.2421052631578947,female,0.2285714285714285,0.05590062088711872,two-strong
3,896,marriage,0.2421052631578947,female,0.2285714285714285,0.05590062088711872,two-strong
3,897,marriage,0.2421052631578947,female,0.2285714285714285,0.05590062088711872,two-strong
3,898,marriage,0.2421052631578947,female,0.2285714285714285,0.05590062088711872,two-strong
3,899,marriage,0.2421052631578947,female,0.2285714285714285,0.05590062088711872,two-strong
3,900,marriage,0.2421052631578947,female,0.2285714285714285,0.05590062088711872,two-strong
3,901,marriage,0.2421052631578947,female,0.2285714285714285,0.05590062088711872,two-strong
3,902,marriage,0.2421052631578947,female,0.2285714285714285,0.05590062088711872,two-strong
3,903,marriage,0.2421052631578947,female,0.2285714285714285,0.05590062088711872,two-strong
3,904,marriage,0.2421052631578947,female,0.2285714285714285,0.05590062088711872,two-strong
3,905,marriage,0.2421052631578947,female,0.2285714285714285,0.05590062088711872,two-strong
3,906,marriage,0.2421052631578947,female,0.2285714285714285,0.05590062088711872,two-strong
3,907,marriage,0.2421052631578947,female,0.2285714285714285,0.05590062088711872,two-strong
3,908,marriage,0.2421052631578947,female,0.2285714285714285,0.05590062088711872,two-strong
3,909,marriage,0.2421052631578947,female,0.2285714285714285,0.05590062088711872,two-strong
3,910,marriage,0.2421052631578947,female,0.2285714285714285,0.05590062088711872,two-strong
3,911,marriage,0.2421052631578947,female,0.2285714285714285,0.05590062088711872,two-strong
3,912,marriage,0.2421052631578947,female,0.2285714285714285,0.05590062088711872,two-strong
3,913,marriage,0.2421052631578947,female,0.2285714285714285,0.05590062088711872,two-strong
3,914,marriage,0.2661036280060664,female,0.2145841563390602,0.19360679844705053,two-strong
3,915,marriage,0.2421052631578947,female,0.2285714285714285,0.05590062088711872,two-strong
3,916,marriage,0.2421052631578947,female,0.2285714285714285,0.05590062088711872,two-strong
3,917,marriage,0.2421052631578947,female,0.2285714285714285,0.05590062088711872,two-strong
3,918,marriage,0.2421052631578947,female,0.2285714285714285,0.05590062088711872,two-strong
3,919,marriage,0.2421052631578947,female,0.2285714285714285,0.05590062088711872,two-strong
3,920,marriage,0.2421052631578947,female,0.2285714285714285,0.05590062088711872,two-strong
3,921,marriage,0.2468126838836221,,,0.9999999959483444,dominant
3,922,marriage,0.2421052631578947,female,0.2285714285714285,0.05590062088711872,two-strong
3,923,marriage,0.2421052631578947,female,0.2285714285714285,0.05590062088711872,two-strong
3,924,marriage,0.2421052631578947,female,0.2285714285714285,0.05590062088711872,two-strong
3,925,marriage,0.2421052631578947,female,0.2285714285714285,0.05590062088711872,two-strong
3,926,marriage,0.2421052631578947,female,0.2285714285714285,0.05590062088711872,two-strong
3,927,marriage,0.2421052631578947,female,0.2285714285714285,0.05590062088711872,two-strong
3,928,marriage,0.2421052631578947,female,0.2285714285714285,0.05590062088711872,two-strong
3,929,marriage,0.2421052631578947,female,0.2285714285714285,0.05590062088711872,two-strong
3,930,marriage,0.2421052631578947,female,0.2285714285714285,0.05590062088711872,two-strong
3,931,marriage,0.2421052631578947,female,0.2285714285714285,0.05590062088711872,two-strong
3,932,marriage,0.2421052631578947,female,0.2285714285714285,0.05590062088711872,two-strong
3,933,marriage,0.2421052631578947,female,0.2285714285714285,0.05590062088711872,two-strong
3,934,marriage,0.2421052631578947,female,0.2285714285714285,0.05590062088711872,two-strong
3,935,marriage,0.2421052631578947,female,0.2285714285714285,0.05590062088711872,two-strong
3,936,society,0.2583004410650401,marriage,0.2429695073369477,0.059353106814397365,two-strong
3,937,marriage,0.2421052631578947,female,0.2285714285714285,0.05590062088711872,two-strong
3,938,marriage,0.2421052631578947,female,0.2285714285714285,0.05590062088711872,two-strong
3,939,marriage,0.2421052631578947,female,0.2285714285714285,0.05590062088711872,two-strong
3,940,marriage,0.2421052631578947,female,0.2285714285714285,0.05590062088711872,two-strong
3,941,marriage,0.2421052631578947,female,0.2285714285714285,0.05590062088711872,two-strong
3,942,marriage,0.2421052631578947,female,0.2285714285714285,0.05590062088711872,two-strong
3,943,marriage,0.2421052631578947,female,0.2365288220551378,0.023033126198859076,two-strong
3,944,marriage,0.2421052631578947,female,0.2285714285714285,0.05590062088711872,two-strong
3,945,marriage,0.2421052631578947,female,0.2285714285714285,0.05590062088711872,two-strong
3,946,marriage,0.2421052631578947,female,0.2285714285714285,0.05590062088711872,two-strong
3,947,marriage,0.2421052631578947,female,0.2285714285714285,0.05590062088711872,two-strong
3,948,marriage,0.2421052631578947,female,0.2285714285714285,0.05590062088711872,two-strong
3,949,marriage,0.2421052631578947,female,0.2285714285714285,0.05590062088711872,two-strong
3,950,marriage,0.2421052631578947,female,0.2285714285714285,0.05590062088711872,two-strong
3,951,marriage,0.2421052631578947,female,0.2285714285714285,0.05590062088711872,two-strong
3,952,marriage,0.2421052631578947,female,0.2285714285714285,0.05590062088711872,two-strong
3,953,marriage,0.2421052631578947,female,0.2285714285714285,0.05590062088711872,two-strong
3,954,marriage,0.2421052631578947,female,0.2285714285714285,0.05590062088711872,two-strong
3,955,marriage,0.2421052631578947,female,0.2285714285714285,0.05590062088711872,two-strong
3,956,marriage,0.2421052631578947,female,0.2285714285714285,0.05590062088711872,two-strong
3,957,marriage,0.2421052631578947,female,0.2285714285714285,0.05590062088711872,two-strong
3,958,marriage,0.2421052631578947,female,0.2285714285714285,0.05590062088711872,two-strong
3,959,marriage,0.2421052631578947,female,0.2285714285714285,0.05590062088711872,two-strong
3,960,marriage,0.2468126838836221,female,0.2285714285714285,0.07390728446876531,two-strong
3,961,marriage,0.2421052631578947,female,0.2285714285714285,0.05590062088711872,two-strong
3,962,marriage,0.2421052631578947,female,0.2285714285714285,0.05590062088711872,two-strong
3,963,marriage,0.2418437397842432,female,0.2285714285714285,0.0548796969885417,two-strong
3,964,marriage,0.2421052631578947,female,0.2285714285714285,0.05590062088711872,two-strong
3,965,marriage,0.2421052631578947,female,0.2285714285714285,0.05590062088711872,two-strong
3,966,marriage,0.2421052631578947,female,0.2285714285714285,0.05590062088711872,two-strong
3,967,marriage,0.2421052631578947,female,0.2285714285714285,0.05590062088711872,two-strong
3,968,marriage,0.2421052631578947,female,0.2285714285714285,0.05590062088711872,two-strong
3,969,marriage,0.2421052631578947,female,0.2285714285714285,0.05590062088711872,two-strong
3,970,marriage,0.2438963501298915,society,0.22840310772089,0.06352387945627885,two-strong
3,971,marriage,0.2421052631578947,female,0.2285714285714285,0.05590062088711872,two-strong
3,972,marriage,0.2421052631578947,female,0.2285714285714285,0.05590062088711872,two-strong
3,973,marriage,0.2421052631578947,female,0.2285714285714285,0.05590062088711872,two-strong
3,974,marriage,0.2421052631578947,female,0.2285714285714285,0.05590062088711872,two-strong
3,975,marriage,0.2421052631578947,female,0.2285714285714285,0.05590062088711872,two-strong
3,976,marriage,0.2421052631578947,female,0.2285714285714285,0.05590062088711872,two-strong
3,977,marriage,0.2421052631578947,female,0.2285714285714285,0.05590062088711872,two-strong
3,978,marriage,0.2421052631578947,female,0.2285714285714285,0.05590062088711872,two-strong
3,979,marriage,0.2421052631578947,female,0.2285714285714285,0.05590062088711872,two-strong
3,980,marriage,0.2421052631578947,female,0.2285714285714285,0.05590062088711872,two-strong
3,981,marriage,0.2421052631578947,female,0.2285714285714285,0.05590062088711872,two-strong
3,982,marriage,0.2421052631578947,female,0.2285714285714285,0.05590062088711872,two-strong
3,983,marriage,0.2421052631578947,female,0.2285714285714285,0.05590062088711872,two-strong
3,984,marriage,0.2421052631578947,female,0.2285714285714285,0.05590062088711872,two-strong
3,985,marriage,0.2421052631578947,female,0.2285714285714285,0.05590062088711872,two-strong
3,986,marriage,0.2421052631578947,female,0.2285714285714285,0.05590062088711872,two-strong
3,987,marriage,0.2421052631578947,female,0.2285714285714285,0.05590062088711872,two-strong
3,988,marriage,0.2421052631578947,female,0.2285714285714285,0.05590062088711872,two-strong
3,989,marriage,0.2421052631578947,female,0.2285714285714285,0.05590062088711872,two-strong
3,990,marriage,0.2421052631578947,female,0.2285714285714285,0.05590062088711872,two-strong
3,991,marriage,0.2421052631578947,female,0.2285714285714285,0.05590062088711872,two-strong
3,992,marriage,0.2421052631578947,female,0.2285714285714285,0.05590062088711872,two-strong
3,993,marriage,0.2421052631578947,female,0.2285714285714285,0.05590062088711872,two-strong
3,994,society,0.2331491897683139,class,0.1552555631502999,0.33409348907163405,leaning
3,995,marriage,0.2421052631578947,female,0.2285714285714285,0.05590062088711872,two-strong
3,996,marriage,0.2421052631578947,female,0.2285714285714285,0.05590062088711872,two-strong
3,997,marriage,0.2421052631578947,female,0.2285714285714285,0.05590062088711872,two-strong
3,998,marriage,0.2421052631578947,female,0.2285714285714285,0.05590062088711872,two-strong
3,999,marriage,0.2421052631578947,female,0.2285714285714285,0.05590062088711872,two-strong
3,1000,marriage,0.2421052631578947,female,0.2285714285714285,0.05590062088711872,two-strong
3,1001,marriage,0.2421052631578947,female,0.2285714285714285,0.05590062088711872,two-strong
3,1002,marriage,0.2421052631578947,female,0.2285714285714285,0.05590062088711872,two-strong
3,1003,marriage,0.2421052631578947,female,0.2285714285714285,0.05590062088711872,two-strong
3,1004,marriage,0.2421052631578947,female,0.2285714285714285,0.05590062088711872,two-strong
3,1005,marriage,0.2421052631578947,female,0.2285714285714285,0.05590062088711872,two-strong
3,1006,marriage,0.2421052631578947,female,0.2285714285714285,0.05590062088711872,two-strong
3,1007,marriage,0.2421052631578947,female,0.2285714285714285,0.05590062088711872,two-strong
3,1008,marriage,0.2421052631578947,female,0.2285714285714285,0.05590062088711872,two-strong
3,1009,marriage,0.2421052631578947,female,0.2285714285714285,0.05590062088711872,two-strong
3,1010,marriage,0.2421052631578947,female,0.2285714285714285,0.05590062088711872,two-strong
3,1011,marriage,0.2494987468671679,female,0.2285714285714285,0.08387744818214878,two-strong
3,1012,marriage,0.2421052631578947,female,0.2285714285714285,0.05590062088711872,two-strong
3,1013,female,0.2849937343358396,marriage,0.2546747303040209,0.10638480876111352,two-strong
3,1014,marriage,0.2421052631578947,female,0.2285714285714285,0.05590062088711872,two-strong
3,1015,marriage,0.2421052631578947,female,0.2285714285714285,0.05590062088711872,two-strong
3,1016,marriage,0.2421052631578947,female,0.2285714285714285,0.05590062088711872,two-strong
3,1017,marriage,0.2421052631578947,female,0.2285714285714285,0.05590062088711872,two-strong
3,1018,marriage,0.2421052631578947,female,0.2285714285714285,0.05590062088711872,two-strong
3,1019,marriage,0.2421052631578947,female,0.2285714285714285,0.05590062088711872,two-strong
3,1020,marriage,0.2421052631578947,female,0.2285714285714285,0.05590062088711872,two-strong
3,1021,female,0.2290516639549007,emotion,0.181431326960613,0.20790216479615609,leaning
3,1022,marriage,0.2421052631578947,female,0.2285714285714285,0.05590062088711872,two-strong
3,1023,marriage,0.2421052631578947,female,0.2285714285714285,0.05590062088711872,two-strong
3,1024,marriage,0.2421052631578947,female,0.2285714285714285,0.05590062088711872,two-strong
3,1025,marriage,0.2421052631578947,female,0.2285714285714285,0.05590062088711872,two-strong
3,1026,marriage,0.2421052631578947,female,0.2285714285714285,0.05590062088711872,two-strong
3,1027,marriage,0.2421052631578947,female,0.2285714285714285,0.05590062088711872,two-strong
3,1028,marriage,0.2463928973572648,female,0.2262443932916069,0.0817738830948081,two-strong
3,1029,marriage,0.2421052631578947,female,0.2285714285714285,0.05590062088711872,two-strong
3,1030,marriage,0.2421052631578947,female,0.2285714285714285,0.05590062088711872,two-strong
3,1031,marriage,0.2421052631578947,female,0.2285714285714285,0.05590062088711872,two-strong
3,1032,marriage,0.2421052631578947,female,0.2285714285714285,0.05590062088711872,two-strong
3,1033,marriage,0.2421052631578947,female,0.2285714285714285,0.05590062088711872,two-strong
3,1034,marriage,0.2421052631578947,female,0.2285714285714285,0.05590062088711872,two-strong
3,1035,marriage,0.2421052631578947,female,0.2285714285714285,0.05590062088711872,two-strong
3,1036,marriage,0.2421052631578947,female,0.2285714285714285,0.05590062088711872,two-strong
3,1037,marriage,0.2421052631578947,female,0.2285714285714285,0.05590062088711872,two-strong
3,1038,marriage,0.2421052631578947,female,0.2285714285714285,0.05590062088711872,two-strong
3,1039,marriage,0.2421052631578947,female,0.2285714285714285,0.05590062088711872,two-strong
3,1040,marriage,0.2421052631578947,female,0.2285714285714285,0.05590062088711872,two-strong
3,1041,marriage,0.2421052631578947,female,0.2285714285714285,0.05590062088711872,two-strong
3,1042,marriage,0.2421052631578947,female,0.2285714285714285,0.05590062088711872,two-strong
3,1043,marriage,0.2421052631578947,female,0.2285714285714285,0.05590062088711872,two-strong
3,1044,marriage,0.2421052631578947,female,0.2285714285714285,0.05590062088711872,two-strong
3,1045,marriage,0.2421052631578947,female,0.2285714285714285,0.05590062088711872,two-strong
3,1046,marriage,0.2421052631578947,female,0.2285714285714285,0.05590062088711872,two-strong
3,1047,marriage,0.2421052631578947,female,0.2285714285714285,0.05590062088711872,two-strong
3,1048,marriage,0.2421052631578947,female,0.2285714285714285,0.05590062088711872,two-strong
3,1049,marriage,0.2421052631578947,female,0.2285714285714285,0.05590062088711872,two-strong
3,1050,marriage,0.2421052631578947,female,0.2285714285714285,0.05590062088711872,two-strong
3,1051,marriage,0.2421052631578947,female,0.2285714285714285,0.05590062088711872,two-strong
3,1052,marriage,0.2421052631578947,female,0.2285714285714285,0.05590062088711872,two-strong
3,1053,wealth,0.2054586466165413,,,0.9999999951328405,dominant
3,1054,marriage,0.2421052631578947,female,0.2285714285714285,0.05590062088711872,two-strong
3,1055,marriage,0.2421052631578947,female,0.2285714285714285,0.05590062088711872,two-strong
3,1056,marriage,0.2421052631578947,female,0.2285714285714285,0.05590062088711872,two-strong
3,1057,marriage,0.2421052631578947,female,0.2285714285714285,0.05590062088711872,two-strong
3,1058,marriage,0.2421052631578947,female,0.2285714285714285,0.05590062088711872,two-strong
3,1059,marriage,0.2421052631578947,female,0.2285714285714285,0.05590062088711872,two-strong
3,1060,marriage,0.2421052631578947,female,0.2285714285714285,0.05590062088711872,two-strong
3,1061,marriage,0.2421052631578947,female,0.2285714285714285,0.05590062088711872,two-strong
3,1062,marriage,0.2421052631578947,female,0.2285714285714285,0.05590062088711872,two-strong
3,1063,marriage,0.2421052631578947,female,0.2285714285714285,0.05590062088711872,two-strong
3,1064,marriage,0.2421052631578947,female,0.2285714285714285,0.05590062088711872,two-strong
3,1065,marriage,0.2421052631578947,female,0.2285714285714285,0.05590062088711872,two-strong
3,1066,marriage,0.2421052631578947,female,0.2285714285714285,0.05590062088711872,two-strong
3,1067,marriage,0.2421052631578947,female,0.2285714285714285,0.05590062088711872,two-strong
3,1068,marriage,0.2421052631578947,female,0.2285714285714285,0.05590062088711872,two-strong
3,1069,marriage,0.2421052631578947,female,0.2285714285714285,0.05590062088711872,two-strong
3,1070,marriage,0.2421052631578947,female,0.2285714285714285,0.05590062088711872,two-strong
3,1071,marriage,0.2421052631578947,female,0.2285714285714285,0.05590062088711872,two-strong
3,1072,family,0.3470289254192472,female,0.2988118520686484,0.13894251942660107,two-strong
3,1073,marriage,0.2421052631578947,female,0.2285714285714285,0.05590062088711872,two-strong
3,1074,marriage,0.2421052631578947,female,0.2285714285714285,0.05590062088711872,two-strong
3,1075,marriage,0.2421052631578947,female,0.2285714285714285,0.05590062088711872,two-strong
3,1076,marriage,0.2407022992263266,female,0.2301691729323308,0.043759973561082535,two-strong
3,1077,marriage,0.2421052631578947,female,0.2285714285714285,0.05590062088711872,two-strong
3,1078,marriage,0.2421052631578947,female,0.2285714285714285,0.05590062088711872,two-strong
3,1079,marriage,0.2421052631578947,female,0.2303571428571428,0.048524844520068375,two-strong
3,1080,marriage,0.2421052631578947,female,0.2285714285714285,0.05590062088711872,two-strong
3,1081,marriage,0.2421052631578947,female,0.2285714285714285,0.05590062088711872,two-strong
3,1082,marriage,0.2421052631578947,female,0.2285714285714285,0.05590062088711872,two-strong
3,1083,marriage,0.2421052631578947,female,0.2285714285714285,0.05590062088711872,two-strong
3,1084,marriage,0.2421052631578947,female,0.2285714285714285,0.05590062088711872,two-strong
3,1085,marriage,0.2421052631578947,female,0.2285714285714285,0.05590062088711872,two-strong
3,1086,marriage,0.2421052631578947,female,0.2285714285714285,0.05590062088711872,two-strong
3,1087,marriage,0.2421052631578947,female,0.2285714285714285,0.05590062088711872,two-strong
3,1088,marriage,0.2718077307894241,female,0.2287124060150376,0.15855076855493383,two-strong
3,1089,marriage,0.2421052631578947,female,0.2285714285714285,0.05590062088711872,two-strong
3,1090,marriage,0.2421052631578947,female,0.2285714285714285,0.05590062088711872,two-strong
3,1091,marriage,0.2421052631578947,female,0.2285714285714285,0.05590062088711872,two-strong
3,1092,marriage,0.2421052631578947,female,0.2285714285714285,0.05590062088711872,two-strong
3,1093,marriage,0.2421052631578947,female,0.2285714285714285,0.05590062088711872,two-strong
3,1094,marriage,0.2421052631578947,female,0.2285714285714285,0.05590062088711872,two-strong
3,1095,marriage,0.2421052631578947,female,0.2285714285714285,0.05590062088711872,two-strong
3,1096,marriage,0.2421052631578947,female,0.2285714285714285,0.05590062088711872,two-strong
3,1097,marriage,0.2421052631578947,female,0.2285714285714285,0.05590062088711872,two-strong
3,1098,marriage,0.2421052631578947,female,0.2285714285714285,0.05590062088711872,two-strong
3,1099,marriage,0.2421052631578947,female,0.2285714285714285,0.05590062088711872,two-strong
3,1100,marriage,0.2421052631578947,female,0.2285714285714285,0.05590062088711872,two-strong
3,1101,marriage,0.2421052631578947,female,0.2285714285714285,0.05590062088711872,two-strong
3,1102,marriage,0.2421052631578947,female,0.2285714285714285,0.05590062088711872,two-strong
3,1103,marriage,0.2421052631578947,female,0.2285714285714285,0.05590062088711872,two-strong
3,1104,marriage,0.2421052631578947,female,0.2285714285714285,0.05590062088711872,two-strong
3,1105,marriage,0.2421052631578947,female,0.2285714285714285,0.05590062088711872,two-strong
3,1106,marriage,0.2421052631578947,female,0.2285714285714285,0.05590062088711872,two-strong
3,1107,marriage,0.2421052631578947,female,0.2285714285714285,0.05590062088711872,two-strong
3,1108,marriage,0.2425685936943701,female,0.2229854841315916,0.08073225467399302,two-strong
3,1109,marriage,0.2421052631578947,female,0.2285714285714285,0.05590062088711872,two-strong
3,1110,marriage,0.2421052631578947,female,0.2285714285714285,0.05590062088711872,two-strong
3,1111,marriage,0.2421052631578947,female,0.2285714285714285,0.05590062088711872,two-strong
3,1112,marriage,0.2421052631578947,female,0.2285714285714285,0.05590062088711872,two-strong
3,1113,marriage,0.2421052631578947,female,0.2285714285714285,0.05590062088711872,two-strong
3,1114,female,0.2358170021053873,marriage,0.224122726096528,0.049590469961290705,two-strong
3,1115,marriage,0.2421052631578947,female,0.2285714285714285,0.05590062088711872,two-strong
3,1116,marriage,0.2421052631578947,female,0.2285714285714285,0.05590062088711872,two-strong
3,1117,marriage,0.2421052631578947,female,0.2285714285714285,0.05590062088711872,two-strong
3,1118,marriage,0.2468126838836221,female,0.2336466165413533,0.05334437064479448,two-strong
3,1119,marriage,0.2421052631578947,female,0.2285714285714285,0.05590062088711872,two-strong
3,1120,marriage,0.2421052631578947,female,0.2285714285714285,0.05590062088711872,two-strong
3,1121,marriage,0.2421052631578947,female,0.2285714285714285,0.05590062088711872,two-strong
3,1122,marriage,0.2421052631578947,female,0.2285714285714285,0.05590062088711872,two-strong
3,1123,marriage,0.2421052631578947,female,0.2285714285714285,0.05590062088711872,two-strong
3,1124,male,0.3149042830054929,family,0.2983574614123414,0.0525455588684938,two-strong
3,1125,marriage,0.2421052631578947,female,0.2285714285714285,0.05590062088711872,two-strong
3,1126,marriage,0.2421052631578947,female,0.2285714285714285,0.05590062088711872,two-strong
3,1127,marriage,0.2421052631578947,female,0.2285714285714285,0.05590062088711872,two-strong
3,1128,marriage,0.2421052631578947,female,0.2285714285714285,0.05590062088711872,two-strong
3,1129,marriage,0.2421052631578947,female,0.2285714285714285,0.05590062088711872,two-strong
3,1130,marriage,0.2421052631578947,female,0.2285714285714285,0.05590062088711872,two-strong
3,1131,marriage,0.2421052631578947,female,0.2285714285714285,0.05590062088711872,two-strong
3,1132,marriage,0.2421052631578947,female,0.2285714285714285,0.05590062088711872,two-strong
3,1133,marriage,0.2421052631578947,female,0.2285714285714285,0.05590062088711872,two-strong
3,1134,marriage,0.2421052631578947,female,0.2285714285714285,0.05590062088711872,two-strong
3,1135,marriage,0.2421052631578947,female,0.2285714285714285,0.05590062088711872,two-strong
3,1136,marriage,0.2421052631578947,female,0.2285714285714285,0.05590062088711872,two-strong
3,1137,female,0.2539473684210526,emotion,0.1821040203815323,0.2829064471244897,leaning
3,1138,marriage,0.2421052631578947,female,0.2285714285714285,0.05590062088711872,two-strong
3,1139,marriage,0.2421052631578947,female,0.2285714285714285,0.05590062088711872,two-strong
3,1140,family,0.2910328351554393,female,0.2670340970516948,0.0824605856190293,two-strong
3,1141,marriage,0.2421052631578947,female,0.2285714285714285,0.05590062088711872,two-strong
3,1142,marriage,0.2421052631578947,female,0.2285714285714285,0.05590062088711872,two-strong
3,1143,marriage,0.2421052631578947,female,0.2285714285714285,0.05590062088711872,two-strong
3,1144,marriage,0.2421052631578947,female,0.2285714285714285,0.05590062088711872,two-strong
3,1145,marriage,0.2421052631578947,female,0.2285714285714285,0.05590062088711872,two-strong
3,1146,marriage,0.2421052631578947,female,0.2285714285714285,0.05590062088711872,two-strong
3,1147,marriage,0.2421052631578947,female,0.2285714285714285,0.05590062088711872,two-strong
3,1148,marriage,0.2421052631578947,female,0.2285714285714285,0.05590062088711872,two-strong
3,1149,marriage,0.2421052631578947,female,0.2285714285714285,0.05590062088711872,two-strong
3,1150,marriage,0.2421052631578947,female,0.2285714285714285,0.05590062088711872,two-strong
3,1151,marriage,0.2421052631578947,female,0.2285714285714285,0.05590062088711872,two-strong
3,1152,marriage,0.2421052631578947,female,0.2285714285714285,0.05590062088711872,two-strong
3,1153,marriage,0.2421052631578947,female,0.2285714285714285,0.05590062088711872,two-strong
3,1154,marriage,0.2421052631578947,female,0.2285714285714285,0.05590062088711872,two-strong
3,1155,marriage,0.2421052631578947,female,0.2285714285714285,0.05590062088711872,two-strong
3,1156,marriage,0.2421052631578947,female,0.2285714285714285,0.05590062088711872,two-strong
3,1157,marriage,0.2421052631578947,female,0.2285714285714285,0.05590062088711872,two-strong
3,1158,marriage,0.2421052631578947,female,0.2285714285714285,0.05590062088711872,two-strong
3,1159,marriage,0.2421052631578947,female,0.2285714285714285,0.05590062088711872,two-strong
3,1160,marriage,0.2421052631578947,female,0.2285714285714285,0.05590062088711872,two-strong
3,1161,marriage,0.2421052631578947,female,0.2285714285714285,0.05590062088711872,two-strong
3,1162,marriage,0.2421052631578947,female,0.2285714285714285,0.05590062088711872,two-strong
3,1163,marriage,0.2421052631578947,female,0.2285714285714285,0.05590062088711872,two-strong
3,1164,marriage,0.2421052631578947,female,0.2285714285714285,0.05590062088711872,two-strong
3,1165,marriage,0.2421052631578947,female,0.2285714285714285,0.05590062088711872,two-strong
3,1166,marriage,0.2421052631578947,female,0.2285714285714285,0.05590062088711872,two-strong
3,1167,society,0.3780807339387501,marriage,0.2311627315655279,0.3885889673723344,leaning
3,1168,marriage,0.2421052631578947,female,0.2285714285714285,0.05590062088711872,two-strong
3,1169,marriage,0.2421052631578947,female,0.2285714285714285,0.05590062088711872,two-strong
3,1170,marriage,0.2421052631578947,female,0.2285714285714285,0.05590062088711872,two-strong
3,1171,marriage,0.2421052631578947,female,0.2285714285714285,0.05590062088711872,two-strong
3,1172,marriage,0.2421052631578947,female,0.2285714285714285,0.05590062088711872,two-strong
3,1173,marriage,0.2421052631578947,female,0.2285714285714285,0.05590062088711872,two-strong
3,1174,marriage,0.2421052631578947,female,0.2285714285714285,0.05590062088711872,two-strong
3,1175,marriage,0.2421052631578947,female,0.2285714285714285,0.05590062088711872,two-strong
3,1176,marriage,0.2421052631578947,female,0.2285714285714285,0.05590062088711872,two-strong
3,1177,marriage,0.2421052631578947,female,0.2285714285714285,0.05590062088711872,two-strong
3,1178,marriage,0.2421052631578947,female,0.2285714285714285,0.05590062088711872,two-strong
3,1179,marriage,0.2421052631578947,female,0.2285714285714285,0.05590062088711872,two-strong
3,1180,marriage,0.2421052631578947,female,0.2285714285714285,0.05590062088711872,two-strong
3,1181,marriage,0.2421052631578947,female,0.2285714285714285,0.05590062088711872,two-strong
3,1182,marriage,0.2421052631578947,female,0.2285714285714285,0.05590062088711872,two-strong
3,1183,marriage,0.2421052631578947,female,0.2285714285714285,0.05590062088711872,two-strong
3,1184,marriage,0.2421052631578947,female,0.2285714285714285,0.05590062088711872,two-strong
3,1185,marriage,0.2421052631578947,female,0.2285714285714285,0.05590062088711872,two-strong
3,1186,marriage,0.2421052631578947,female,0.2285714285714285,0.05590062088711872,two-strong
3,1187,marriage,0.2421052631578947,female,0.2285714285714285,0.05590062088711872,two-strong
3,1188,marriage,0.2421052631578947,female,0.2285714285714285,0.05590062088711872,two-strong
3,1189,marriage,0.2421052631578947,female,0.2285714285714285,0.05590062088711872,two-strong
3,1190,marriage,0.2421052631578947,female,0.2285714285714285,0.05590062088711872,two-strong
3,1191,marriage,0.2421052631578947,female,0.2285714285714285,0.05590062088711872,two-strong
3,1192,marriage,0.2421052631578947,female,0.2285714285714285,0.05590062088711872,two-strong
3,1193,marriage,0.2421052631578947,female,0.2285714285714285,0.05590062088711872,two-strong
3,1194,marriage,0.2421052631578947,female,0.2285714285714285,0.05590062088711872,two-strong
3,1195,marriage,0.2442737277977552,female,0.2285714285714285,0.06428157175808004,two-strong
3,1196,marriage,0.2421052631578947,female,0.2285714285714285,0.05590062088711872,two-strong
3,1197,marriage,0.2421052631578947,female,0.2285714285714285,0.05590062088711872,two-strong
3,1198,marriage,0.2421052631578947,female,0.2285714285714285,0.05590062088711872,two-strong
3,1199,marriage,0.2421052631578947,female,0.2285714285714285,0.05590062088711872,two-strong
3,1200,marriage,0.2421052631578947,female,0.2285714285714285,0.05590062088711872,two-strong
3,1201,marriage,0.2421052631578947,female,0.2285714285714285,0.05590062088711872,two-strong
3,1202,marriage,0.2421052631578947,female,0.2285714285714285,0.05590062088711872,two-strong
3,1203,marriage,0.2421052631578947,female,0.2285714285714285,0.05590062088711872,two-strong
3,1204,marriage,0.2421052631578947,female,0.2285714285714285,0.05590062088711872,two-strong
3,1205,marriage,0.2421052631578947,female,0.2285714285714285,0.05590062088711872,two-strong
3,1206,marriage,0.2421052631578947,female,0.2285714285714285,0.05590062088711872,two-strong
3,1207,marriage,0.2421052631578947,female,0.2285714285714285,0.05590062088711872,two-strong
3,1208,marriage,0.2421052631578947,female,0.2285714285714285,0.05590062088711872,two-strong
3,1209,marriage,0.2421052631578947,female,0.2285714285714285,0.05590062088711872,two-strong
3,1210,marriage,0.2421052631578947,female,0.2285714285714285,0.05590062088711872,two-strong
3,1211,marriage,0.2421052631578947,female,0.2285714285714285,0.05590062088711872,two-strong
3,1212,marriage,0.2421052631578947,female,0.2285714285714285,0.05590062088711872,two-strong
3,1213,marriage,0.2421052631578947,female,0.2285714285714285,0.05590062088711872,two-strong
3,1214,marriage,0.2421052631578947,female,0.2285714285714285,0.05590062088711872,two-strong
3,1215,marriage,0.2421052631578947,female,0.2285714285714285,0.05590062088711872,two-strong
3,1216,marriage,0.2421052631578947,female,0.2285714285714285,0.05590062088711872,two-strong
3,1217,marriage,0.2421052631578947,female,0.2285714285714285,0.05590062088711872,two-strong
3,1218,marriage,0.2421052631578947,female,0.2285714285714285,0.05590062088711872,two-strong
3,1219,marriage,0.2421052631578947,female,0.2285714285714285,0.05590062088711872,two-strong
3,1220,marriage,0.2421052631578947,female,0.2285714285714285,0.05590062088711872,two-strong
3,1221,marriage,0.2421052631578947,female,0.2285714285714285,0.05590062088711872,two-strong
3,1222,marriage,0.2421052631578947,female,0.2285714285714285,0.05590062088711872,two-strong
3,1223,marriage,0.2421052631578947,female,0.2285714285714285,0.05590062088711872,two-strong
3,1224,marriage,0.2437070938215103,female,0.2285714285714285,0.06210596889338432,two-strong
3,1225,marriage,0.2421052631578947,female,0.2285714285714285,0.05590062088711872,two-strong
3,1226,marriage,0.2421052631578947,female,0.2285714285714285,0.05590062088711872,two-strong
3,1227,marriage,0.2421052631578947,female,0.2285714285714285,0.05590062088711872,two-strong
3,1228,marriage,0.2421052631578947,female,0.2285714285714285,0.05590062088711872,two-strong
3,1229,marriage,0.2421052631578947,female,0.2285714285714285,0.05590062088711872,two-strong
3,1230,male,0.2547278927373391,,,0.9999999960742422,dominant
3,1231,marriage,0.2421052631578947,female,0.2285714285714285,0.05590062088711872,two-strong
3,1232,marriage,0.2421052631578947,female,0.2285714285714285,0.05590062088711872,two-strong
3,1233,marriage,0.2421052631578947,female,0.2285714285714285,0.05590062088711872,two-strong
3,1234,marriage,0.2421052631578947,female,0.2285714285714285,0.05590062088711872,two-strong
3,1235,marriage,0.2421052631578947,female,0.2285714285714285,0.05590062088711872,two-strong
3,1236,marriage,0.2421052631578947,female,0.2285714285714285,0.05590062088711872,two-strong
3,1237,marriage,0.2421052631578947,female,0.2285714285714285,0.05590062088711872,two-strong
3,1238,marriage,0.2421052631578947,female,0.2285714285714285,0.05590062088711872,two-strong
3,1239,marriage,0.2421052631578947,female,0.2285714285714285,0.05590062088711872,two-strong
3,1240,marriage,0.2421052631578947,female,0.2285714285714285,0.05590062088711872,two-strong
3,1241,marriage,0.2421052631578947,female,0.2285714285714285,0.05590062088711872,two-strong
3,1242,marriage,0.2421052631578947,female,0.2285714285714285,0.05590062088711872,two-strong
3,1243,marriage,0.2421052631578947,female,0.2285714285714285,0.05590062088711872,two-strong
3,1244,marriage,0.2421052631578947,female,0.2285714285714285,0.05590062088711872,two-strong
3,1245,marriage,0.2421052631578947,female,0.2285714285714285,0.05590062088711872,two-strong
3,1246,marriage,0.2421052631578947,female,0.2285714285714285,0.05590062088711872,two-strong
3,1247,marriage,0.2421052631578947,female,0.2285714285714285,0.05590062088711872,two-strong
3,1248,marriage,0.2421052631578947,female,0.2285714285714285,0.05590062088711872,two-strong
3,1249,marriage,0.2421052631578947,female,0.2285714285714285,0.05590062088711872,two-strong
3,1250,marriage,0.2421052631578947,female,0.2285714285714285,0.05590062088711872,two-strong
3,1251,marriage,0.2421052631578947,female,0.2285714285714285,0.05590062088711872,two-strong
3,1252,marriage,0.2421052631578947,female,0.2285714285714285,0.05590062088711872,two-strong
3,1253,marriage,0.2421052631578947,female,0.2285714285714285,0.05590062088711872,two-strong
3,1254,marriage,0.2421052631578947,female,0.2285714285714285,0.05590062088711872,two-strong
3,1255,marriage,0.2421052631578947,female,0.2285714285714285,0.05590062088711872,two-strong
3,1256,marriage,0.2421052631578947,female,0.2285714285714285,0.05590062088711872,two-strong
3,1257,marriage,0.2421052631578947,female,0.2285714285714285,0.05590062088711872,two-strong
3,1258,marriage,0.2421052631578947,female,0.2285714285714285,0.05590062088711872,two-strong
3,1259,marriage,0.2421052631578947,female,0.2285714285714285,0.05590062088711872,two-strong
3,1260,marriage,0.2421052631578947,female,0.2285714285714285,0.05590062088711872,two-strong
3,1261,marriage,0.2421052631578947,female,0.2285714285714285,0.05590062088711872,two-strong
3,1262,marriage,0.2421052631578947,female,0.2285714285714285,0.05590062088711872,two-strong
3,1263,marriage,0.2421052631578947,female,0.2285714285714285,0.05590062088711872,two-strong
3,1264,marriage,0.2421052631578947,female,0.2285714285714285,0.05590062088711872,two-strong
3,1265,marriage,0.2421052631578947,female,0.2285714285714285,0.05590062088711872,two-strong
3,1266,marriage,0.2421052631578947,female,0.2285714285714285,0.05590062088711872,two-strong
3,1267,marriage,0.2421052631578947,female,0.2285714285714285,0.05590062088711872,two-strong
3,1268,marriage,0.2421052631578947,female,0.2285714285714285,0.05590062088711872,two-strong
3,1269,marriage,0.2421052631578947,female,0.2285714285714285,0.05590062088711872,two-strong
3,1270,marriage,0.2421052631578947,female,0.2285714285714285,0.05590062088711872,two-strong
3,1271,marriage,0.2511005775307834,female,0.2281641604010025,0.09134354553854214,two-strong
3,1272,marriage,0.2421052631578947,female,0.2285714285714285,0.05590062088711872,two-strong
3,1273,marriage,0.2627080245725157,female,0.2307553423031262,0.12162811623190987,two-strong
3,1274,marriage,0.2421052631578947,female,0.2285714285714285,0.05590062088711872,two-strong
3,1275,marriage,0.2421052631578947,female,0.2285714285714285,0.05590062088711872,two-strong
3,1276,marriage,0.2341111660766175,society,0.2263443946396859,0.0331755701102023,two-strong
3,1277,marriage,0.2421052631578947,female,0.2285714285714285,0.05590062088711872,two-strong
3,1278,marriage,0.2421052631578947,female,0.2285714285714285,0.05590062088711872,two-strong
3,1279,marriage,0.2468126838836221,female,0.2285714285714285,0.07390728446876531,two-strong
3,1280,marriage,0.2421052631578947,female,0.2285714285714285,0.05590062088711872,two-strong
3,1281,marriage,0.2421052631578947,female,0.2285714285714285,0.05590062088711872,two-strong
3,1282,marriage,0.2421052631578947,female,0.2285714285714285,0.05590062088711872,two-strong
3,1283,marriage,0.2421052631578947,female,0.2285714285714285,0.05590062088711872,two-strong
3,1284,marriage,0.2421052631578947,female,0.2285714285714285,0.05590062088711872,two-strong
3,1285,marriage,0.2421052631578947,female,0.2285714285714285,0.05590062088711872,two-strong
3,1286,marriage,0.2421052631578947,female,0.2285714285714285,0.05590062088711872,two-strong
3,1287,marriage,0.2421052631578947,female,0.2285714285714285,0.05590062088711872,two-strong
3,1288,marriage,0.2421052631578947,female,0.2285714285714285,0.05590062088711872,two-strong
3,1289,marriage,0.2421052631578947,female,0.2354323308270676,0.027562111687398902,two-strong
3,1290,marriage,0.2421052631578947,female,0.2285714285714285,0.05590062088711872,two-strong
3,1291,marriage,0.2421052631578947,female,0.2285714285714285,0.05590062088711872,two-strong
3,1292,marriage,0.2421052631578947,female,0.2285714285714285,0.05590062088711872,two-strong
3,1293,marriage,0.2421052631578947,female,0.2285714285714285,0.05590062088711872,two-strong
3,1294,marriage,0.2421052631578947,female,0.2285714285714285,0.05590062088711872,two-strong
3,1295,marriage,0.2421052631578947,female,0.2285714285714285,0.05590062088711872,two-strong
3,1296,marriage,0.2421052631578947,female,0.2285714285714285,0.05590062088711872,two-strong
3,1297,marriage,0.2421052631578947,female,0.2285714285714285,0.05590062088711872,two-strong
3,1298,marriage,0.2421052631578947,female,0.2285714285714285,0.05590062088711872,two-strong
3,1299,marriage,0.2421052631578947,female,0.2285714285714285,0.05590062088711872,two-strong
3,1300,marriage,0.2421052631578947,female,0.2285714285714285,0.05590062088711872,two-strong
3,1301,marriage,0.2421052631578947,female,0.2285714285714285,0.05590062088711872,two-strong
3,1302,marriage,0.2421052631578947,female,0.2285714285714285,0.05590062088711872,two-strong
3,1303,marriage,0.2421052631578947,female,0.2285714285714285,0.05590062088711872,two-strong
3,1304,marriage,0.2421052631578947,female,0.2285714285714285,0.05590062088711872,two-strong
3,1305,marriage,0.2421052631578947,female,0.2285714285714285,0.05590062088711872,two-strong
3,1306,marriage,0.2421052631578947,female,0.2285714285714285,0.05590062088711872,two-strong
3,1307,marriage,0.2421052631578947,female,0.2285714285714285,0.05590062088711872,two-strong
3,1308,marriage,0.2421052631578947,female,0.2285714285714285,0.05590062088711872,two-strong
3,1309,marriage,0.2421052631578947,female,0.2285714285714285,0.05590062088711872,two-strong
3,1310,marriage,0.2421052631578947,female,0.2285714285714285,0.05590062088711872,two-strong
3,1311,marriage,0.2421052631578947,female,0.2285714285714285,0.05590062088711872,two-strong
3,1312,marriage,0.2421052631578947,female,0.2285714285714285,0.05590062088711872,two-strong
3,1313,marriage,0.2421052631578947,female,0.2285714285714285,0.05590062088711872,two-strong
3,1314,marriage,0.2421052631578947,female,0.2285714285714285,0.05590062088711872,two-strong
3,1315,marriage,0.2421052631578947,female,0.2285714285714285,0.05590062088711872,two-strong
3,1316,marriage,0.2421052631578947,female,0.2285714285714285,0.05590062088711872,two-strong
3,1317,marriage,0.2421052631578947,female,0.2285714285714285,0.05590062088711872,two-strong
3,1318,marriage,0.2421052631578947,female,0.2285714285714285,0.05590062088711872,two-strong
3,1319,marriage,0.2421052631578947,female,0.2285714285714285,0.05590062088711872,two-strong
3,1320,marriage,0.2421052631578947,female,0.2285714285714285,0.05590062088711872,two-strong
3,1321,marriage,0.2421052631578947,female,0.2285714285714285,0.05590062088711872,two-strong
3,1322,marriage,0.2421052631578947,female,0.2285714285714285,0.05590062088711872,two-strong
3,1323,marriage,0.2421052631578947,female,0.2285714285714285,0.05590062088711872,two-strong
3,1324,marriage,0.2421052631578947,female,0.2285714285714285,0.05590062088711872,two-strong
3,1325,marriage,0.2421052631578947,female,0.2285714285714285,0.05590062088711872,two-strong
3,1326,marriage,0.2421052631578947,female,0.2285714285714285,0.05590062088711872,two-strong
3,1327,marriage,0.2421052631578947,female,0.2285714285714285,0.05590062088711872,two-strong
3,1328,marriage,0.2421052631578947,female,0.2285714285714285,0.05590062088711872,two-strong
3,1329,marriage,0.2421052631578947,female,0.2285714285714285,0.05590062088711872,two-strong
3,1330,marriage,0.2421052631578947,female,0.2285714285714285,0.05590062088711872,two-strong
3,1331,marriage,0.2421052631578947,female,0.2285714285714285,0.05590062088711872,two-strong
3,1332,marriage,0.2421052631578947,female,0.2285714285714285,0.05590062088711872,two-strong
3,1333,marriage,0.2421052631578947,female,0.2285714285714285,0.05590062088711872,two-strong
3,1334,marriage,0.2421052631578947,female,0.2285714285714285,0.05590062088711872,two-strong
3,1335,marriage,0.2421052631578947,female,0.2285714285714285,0.05590062088711872,two-strong
3,1336,marriage,0.2421052631578947,female,0.2285714285714285,0.05590062088711872,two-strong
3,1337,marriage,0.2421052631578947,female,0.2285714285714285,0.05590062088711872,two-strong
3,1338,marriage,0.2421052631578947,female,0.2285714285714285,0.05590062088711872,two-strong
3,1339,marriage,0.2421052631578947,female,0.2285714285714285,0.05590062088711872,two-strong
3,1340,marriage,0.2421052631578947,female,0.2285714285714285,0.05590062088711872,two-strong
3,1341,marriage,0.2421052631578947,female,0.2285714285714285,0.05590062088711872,two-strong
3,1342,marriage,0.2421052631578947,female,0.2285714285714285,0.05590062088711872,two-strong
3,1343,marriage,0.2421052631578947,female,0.2285714285714285,0.05590062088711872,two-strong
3,1344,marriage,0.2421052631578947,female,0.2285714285714285,0.05590062088711872,two-strong
3,1345,marriage,0.2421052631578947,female,0.2285714285714285,0.05590062088711872,two-strong
3,1346,marriage,0.2421052631578947,female,0.2285714285714285,0.05590062088711872,two-strong
3,1347,marriage,0.2421052631578947,female,0.2285714285714285,0.05590062088711872,two-strong
3,1348,marriage,0.2421052631578947,female,0.2285714285714285,0.05590062088711872,two-strong
3,1349,marriage,0.2421052631578947,female,0.2285714285714285,0.05590062088711872,two-strong
3,1350,marriage,0.2421052631578947,female,0.2285714285714285,0.05590062088711872,two-strong
3,1351,marriage,0.2421052631578947,female,0.2285714285714285,0.05590062088711872,two-strong
3,1352,marriage,0.2421052631578947,female,0.2285714285714285,0.05590062088711872,two-strong
3,1353,marriage,0.2421052631578947,female,0.2285714285714285,0.05590062088711872,two-strong
3,1354,marriage,0.2421052631578947,female,0.2285714285714285,0.05590062088711872,two-strong
3,1355,female,0.290278327397441,marriage,0.2456685191238966,0.15367943077192425,two-strong
3,1356,marriage,0.2421052631578947,female,0.2285714285714285,0.05590062088711872,two-strong
3,1357,marriage,0.2421052631578947,female,0.2285714285714285,0.05590062088711872,two-strong
3,1358,marriage,0.2421052631578947,female,0.2285714285714285,0.05590062088711872,two-strong
3,1359,marriage,0.2421052631578947,female,0.2285714285714285,0.05590062088711872,two-strong
3,1360,marriage,0.2421052631578947,female,0.2285714285714285,0.05590062088711872,two-strong
3,1361,marriage,0.2421052631578947,female,0.2285714285714285,0.05590062088711872,two-strong
3,1362,marriage,0.2421052631578947,female,0.2285714285714285,0.05590062088711872,two-strong
3,1363,marriage,0.2421052631578947,female,0.2285714285714285,0.05590062088711872,two-strong
3,1364,marriage,0.2421052631578947,female,0.2285714285714285,0.05590062088711872,two-strong
3,1365,marriage,0.2421052631578947,female,0.2285714285714285,0.05590062088711872,two-strong
3,1366,marriage,0.2421052631578947,female,0.2285714285714285,0.05590062088711872,two-strong
3,1367,marriage,0.2421052631578947,female,0.2285714285714285,0.05590062088711872,two-strong
3,1368,marriage,0.2421052631578947,female,0.2285714285714285,0.05590062088711872,two-strong
3,1369,marriage,0.2421052631578947,female,0.2285714285714285,0.05590062088711872,two-strong
3,1370,marriage,0.2421052631578947,female,0.2285714285714285,0.05590062088711872,two-strong
3,1371,marriage,0.2421052631578947,female,0.2285714285714285,0.05590062088711872,two-strong
3,1372,emotion,0.2222724491138483,female,0.2182238555207538,0.01821455421497721,two-strong
3,1373,marriage,0.2421052631578947,female,0.2285714285714285,0.05590062088711872,two-strong
3,1374,marriage,0.2421052631578947,female,0.2285714285714285,0.05590062088711872,two-strong
3,1375,marriage,0.2421052631578947,female,0.2285714285714285,0.05590062088711872,two-strong
3,1376,marriage,0.2421052631578947,female,0.2285714285714285,0.05590062088711872,two-strong
3,1377,marriage,0.2421052631578947,female,0.2285714285714285,0.05590062088711872,two-strong
3,1378,marriage,0.2421052631578947,female,0.2285714285714285,0.05590062088711872,two-strong
3,1379,marriage,0.2421052631578947,female,0.2285714285714285,0.05590062088711872,two-strong
3,1380,marriage,0.2421052631578947,female,0.2285714285714285,0.05590062088711872,two-strong
3,1381,marriage,0.2609349460608042,female,0.2292606516290727,0.12138770520589033,two-strong
3,1382,marriage,0.2421052631578947,female,0.2285714285714285,0.05590062088711872,two-strong
3,1383,marriage,0.2421052631578947,female,0.2285714285714285,0.05590062088711872,two-strong
3,1384,marriage,0.2421052631578947,female,0.2285714285714285,0.05590062088711872,two-strong
3,1385,marriage,0.2421052631578947,female,0.2285714285714285,0.05590062088711872,two-strong
3,1386,marriage,0.2421052631578947,female,0.2285714285714285,0.05590062088711872,two-strong
3,1387,marriage,0.2421052631578947,female,0.2285714285714285,0.05590062088711872,two-strong
3,1388,marriage,0.2421052631578947,female,0.2285714285714285,0.05590062088711872,two-strong
3,1389,marriage,0.2421052631578947,female,0.2285714285714285,0.05590062088711872,two-strong
3,1390,marriage,0.2421052631578947,female,0.2285714285714285,0.05590062088711872,two-strong
3,1391,marriage,0.2421052631578947,female,0.2285714285714285,0.05590062088711872,two-strong
3,1392,marriage,0.2421052631578947,female,0.2285714285714285,0.05590062088711872,two-strong
3,1393,marriage,0.2421052631578947,female,0.2285714285714285,0.05590062088711872,two-strong
3,1394,marriage,0.2421052631578947,female,0.2285714285714285,0.05590062088711872,two-strong
3,1395,marriage,0.2421052631578947,female,0.2285714285714285,0.05590062088711872,two-strong
3,1396,marriage,0.2421052631578947,female,0.2285714285714285,0.05590062088711872,two-strong
3,1397,marriage,0.2421052631578947,female,0.2285714285714285,0.05590062088711872,two-strong
3,1398,marriage,0.2421052631578947,female,0.2285714285714285,0.05590062088711872,two-strong
3,1399,marriage,0.2421052631578947,female,0.2285714285714285,0.05590062088711872,two-strong
3,1400,marriage,0.2421052631578947,female,0.2285714285714285,0.05590062088711872,two-strong
3,1401,marriage,0.2421052631578947,female,0.2285714285714285,0.05590062088711872,two-strong
3,1402,marriage,0.2421052631578947,female,0.2285714285714285,0.05590062088711872,two-strong
3,1403,marriage,0.2421052631578947,female,0.2285714285714285,0.05590062088711872,two-strong
3,1404,marriage,0.2421052631578947,female,0.2285714285714285,0.05590062088711872,two-strong
3,1405,marriage,0.2421052631578947,female,0.2285714285714285,0.05590062088711872,two-strong
3,1406,marriage,0.2421052631578947,female,0.2285714285714285,0.05590062088711872,two-strong
3,1407,marriage,0.2421052631578947,female,0.2285714285714285,0.05590062088711872,two-strong
3,1408,marriage,0.2421052631578947,female,0.2285714285714285,0.05590062088711872,two-strong
3,1409,marriage,0.2421052631578947,female,0.2285714285714285,0.05590062088711872,two-strong
3,1410,marriage,0.2421052631578947,female,0.2285714285714285,0.05590062088711872,two-strong
3,1411,marriage,0.2421052631578947,female,0.2285714285714285,0.05590062088711872,two-strong
3,1412,marriage,0.2421052631578947,female,0.2285714285714285,0.05590062088711872,two-strong
3,1413,marriage,0.2421052631578947,female,0.2285714285714285,0.05590062088711872,two-strong
3,1414,marriage,0.2421052631578947,female,0.2285714285714285,0.05590062088711872,two-strong
3,1415,marriage,0.2421052631578947,female,0.2285714285714285,0.05590062088711872,two-strong
3,1416,marriage,0.2421052631578947,female,0.2285714285714285,0.05590062088711872,two-strong
3,1417,marriage,0.2421052631578947,female,0.2285714285714285,0.05590062088711872,two-strong
3,1418,marriage,0.2421052631578947,female,0.2285714285714285,0.05590062088711872,two-strong
3,1419,marriage,0.2421052631578947,female,0.2285714285714285,0.05590062088711872,two-strong
3,1420,marriage,0.2421052631578947,female,0.2285714285714285,0.05590062088711872,two-strong
3,1421,marriage,0.2421052631578947,female,0.2285714285714285,0.05590062088711872,two-strong
3,1422,marriage,0.2421052631578947,female,0.2285714285714285,0.05590062088711872,two-strong
3,1423,marriage,0.2421052631578947,female,0.2285714285714285,0.05590062088711872,two-strong
3,1424,marriage,0.2421052631578947,female,0.2285714285714285,0.05590062088711872,two-strong
3,1425,marriage,0.2421052631578947,female,0.2285714285714285,0.05590062088711872,two-strong
3,1426,marriage,0.2421052631578947,female,0.2285714285714285,0.05590062088711872,two-strong
3,1427,marriage,0.2421052631578947,female,0.2285714285714285,0.05590062088711872,two-strong
3,1428,marriage,0.2421052631578947,female,0.2285714285714285,0.05590062088711872,two-strong
3,1429,marriage,0.2427209327666993,female,0.2350250626566416,0.03170665995152633,two-strong
3,1430,marriage,0.2421052631578947,female,0.2285714285714285,0.05590062088711872,two-strong
3,1431,marriage,0.2421052631578947,female,0.2285714285714285,0.05590062088711872,two-strong
3,1432,marriage,0.2421052631578947,female,0.2285714285714285,0.05590062088711872,two-strong
3,1433,marriage,0.2421052631578947,female,0.2285714285714285,0.05590062088711872,two-strong
3,1434,marriage,0.2421052631578947,female,0.2303571428571428,0.048524844520068375,two-strong
3,1435,marriage,0.2421052631578947,female,0.2285714285714285,0.05590062088711872,two-strong
3,1436,marriage,0.2421052631578947,female,0.2285714285714285,0.05590062088711872,two-strong
3,1437,marriage,0.2421052631578947,female,0.2285714285714285,0.05590062088711872,two-strong
3,1438,marriage,0.2421052631578947,female,0.2285714285714285,0.05590062088711872,two-strong
3,1439,marriage,0.2421052631578947,female,0.2285714285714285,0.05590062088711872,two-strong
3,1440,marriage,0.2421052631578947,female,0.2285714285714285,0.05590062088711872,two-strong
3,1441,marriage,0.2421052631578947,female,0.2285714285714285,0.05590062088711872,two-strong
3,1442,marriage,0.2421052631578947,female,0.2285714285714285,0.05590062088711872,two-strong
3,1443,marriage,0.2421052631578947,female,0.2285714285714285,0.05590062088711872,two-strong
3,1444,marriage,0.2421052631578947,female,0.2336466165413533,0.034937888054449355,two-strong
3,1445,marriage,0.2421052631578947,female,0.2285714285714285,0.05590062088711872,two-strong
3,1446,marriage,0.2421052631578947,female,0.2285714285714285,0.05590062088711872,two-strong
3,1447,marriage,0.2421052631578947,female,0.2285714285714285,0.05590062088711872,two-strong
3,1448,marriage,0.2421052631578947,female,0.2285714285714285,0.05590062088711872,two-strong
3,1449,marriage,0.2421052631578947,female,0.2285714285714285,0.05590062088711872,two-strong
3,1450,marriage,0.2468126838836221,female,0.2285714285714285,0.07390728446876531,two-strong
3,1451,marriage,0.2421052631578947,female,0.2285714285714285,0.05590062088711872,two-strong
3,1452,marriage,0.2421052631578947,female,0.2285714285714285,0.05590062088711872,two-strong
3,1453,marriage,0.2421052631578947,female,0.2285714285714285,0.05590062088711872,two-strong
3,1454,marriage,0.2421052631578947,female,0.2285714285714285,0.05590062088711872,two-strong
3,1455,marriage,0.2421052631578947,female,0.2285714285714285,0.05590062088711872,two-strong
3,1456,marriage,0.2421052631578947,female,0.2285714285714285,0.05590062088711872,two-strong
3,1457,marriage,0.2421052631578947,female,0.2387218045112781,0.01397515522177988,two-strong
3,1458,marriage,0.2421052631578947,female,0.2285714285714285,0.05590062088711872,two-strong
3,1459,marriage,0.2421052631578947,female,0.2285714285714285,0.05590062088711872,two-strong
3,1460,marriage,0.2421052631578947,female,0.2285714285714285,0.05590062088711872,two-strong
3,1461,marriage,0.2421052631578947,female,0.2285714285714285,0.05590062088711872,two-strong
3,1462,marriage,0.2421052631578947,female,0.2285714285714285,0.05590062088711872,two-strong
3,1463,marriage,0.2421052631578947,female,0.2285714285714285,0.05590062088711872,two-strong
3,1464,marriage,0.2421052631578947,female,0.2285714285714285,0.05590062088711872,two-strong
3,1465,marriage,0.2421052631578947,female,0.2285714285714285,0.05590062088711872,two-strong
3,1466,marriage,0.2421052631578947,female,0.2285714285714285,0.05590062088711872,two-strong
3,1467,marriage,0.2421052631578947,female,0.2285714285714285,0.05590062088711872,two-strong
3,1468,marriage,0.2421052631578947,female,0.2285714285714285,0.05590062088711872,two-strong
3,1469,marriage,0.2421052631578947,female,0.2285714285714285,0.05590062088711872,two-strong
3,1470,marriage,0.2421052631578947,female,0.2285714285714285,0.05590062088711872,two-strong
3,1471,marriage,0.2421052631578947,female,0.2285714285714285,0.05590062088711872,two-strong
3,1472,marriage,0.2421052631578947,female,0.2285714285714285,0.05590062088711872,two-strong
3,1473,marriage,0.2421052631578947,female,0.2285714285714285,0.05590062088711872,two-strong
3,1474,marriage,0.2418437397842432,female,0.2248435489112716,0.07029411146984384,two-strong
3,1475,marriage,0.2421052631578947,female,0.2285714285714285,0.05590062088711872,two-strong
3,1476,marriage,0.2421052631578947,female,0.2285714285714285,0.05590062088711872,two-strong
3,1477,marriage,0.2421052631578947,female,0.2285714285714285,0.05590062088711872,two-strong
3,1478,marriage,0.2421052631578947,female,0.2285714285714285,0.05590062088711872,two-strong
3,1479,marriage,0.2421052631578947,female,0.2285714285714285,0.05590062088711872,two-strong
3,1480,marriage,0.2421052631578947,female,0.2285714285714285,0.05590062088711872,two-strong
3,1481,marriage,0.2421052631578947,female,0.2285714285714285,0.05590062088711872,two-strong
3,1482,marriage,0.2421052631578947,female,0.2285714285714285,0.05590062088711872,two-strong
3,1483,marriage,0.2421052631578947,female,0.2285714285714285,0.05590062088711872,two-strong
3,1484,marriage,0.2421052631578947,female,0.2285714285714285,0.05590062088711872,two-strong
3,1485,marriage,0.2421052631578947,female,0.2285714285714285,0.05590062088711872,two-strong
3,1486,marriage,0.2421052631578947,female,0.2285714285714285,0.05590062088711872,two-strong
3,1487,marriage,0.2421052631578947,female,0.2285714285714285,0.05590062088711872,two-strong
3,1488,marriage,0.2421052631578947,female,0.2285714285714285,0.05590062088711872,two-strong
3,1489,marriage,0.2421052631578947,female,0.2285714285714285,0.05590062088711872,two-strong
3,1490,marriage,0.2421052631578947,female,0.2285714285714285,0.05590062088711872,two-strong
3,1491,marriage,0.2421052631578947,female,0.2285714285714285,0.05590062088711872,two-strong
3,1492,marriage,0.2421052631578947,female,0.2285714285714285,0.05590062088711872,two-strong
3,1493,marriage,0.2421052631578947,female,0.2285714285714285,0.05590062088711872,two-strong
3,1494,marriage,0.2421052631578947,female,0.2285714285714285,0.05590062088711872,two-strong
3,1495,marriage,0.2421052631578947,female,0.2285714285714285,0.05590062088711872,two-strong
3,1496,female,0.3132777184212562,marriage,0.2655083342480157,0.1524825457153124,two-strong
3,1497,marriage,0.2421052631578947,female,0.2285714285714285,0.05590062088711872,two-strong
3,1498,marriage,0.2421052631578947,female,0.2285714285714285,0.05590062088711872,two-strong
3,1499,marriage,0.2421052631578947,female,0.2285714285714285,0.05590062088711872,two-strong
3,1500,marriage,0.2421052631578947,female,0.2285714285714285,0.05590062088711872,two-strong
3,1501,marriage,0.2421052631578947,female,0.2285714285714285,0.05590062088711872,two-strong
3,1502,marriage,0.2421052631578947,female,0.2285714285714285,0.05590062088711872,two-strong
3,1503,marriage,0.2421052631578947,female,0.2285714285714285,0.05590062088711872,two-strong
3,1504,marriage,0.2421052631578947,female,0.2285714285714285,0.05590062088711872,two-strong
3,1505,marriage,0.2421052631578947,female,0.2285714285714285,0.05590062088711872,two-strong
3,1506,marriage,0.2421052631578947,female,0.2285714285714285,0.05590062088711872,two-strong
3,1507,marriage,0.2421052631578947,female,0.2285714285714285,0.05590062088711872,two-strong
3,1508,marriage,0.2421052631578947,female,0.2285714285714285,0.05590062088711872,two-strong
3,1509,marriage,0.2421052631578947,female,0.2285714285714285,0.05590062088711872,two-strong
3,1510,marriage,0.2421052631578947,female,0.2285714285714285,0.05590062088711872,two-strong
3,1511,marriage,0.2421052631578947,female,0.2285714285714285,0.05590062088711872,two-strong
3,1512,marriage,0.2421052631578947,female,0.2285714285714285,0.05590062088711872,two-strong
3,1513,marriage,0.2421052631578947,female,0.2285714285714285,0.05590062088711872,two-strong
3,1514,marriage,0.2421052631578947,female,0.2285714285714285,0.05590062088711872,two-strong
3,1515,marriage,0.2421052631578947,female,0.2285714285714285,0.05590062088711872,two-strong
3,1516,marriage,0.2421052631578947,female,0.2285714285714285,0.05590062088711872,two-strong
3,1517,marriage,0.2421052631578947,female,0.2285714285714285,0.05590062088711872,two-strong
3,1518,marriage,0.2421052631578947,female,0.2285714285714285,0.05590062088711872,two-strong
3,1519,marriage,0.2421052631578947,female,0.2285714285714285,0.05590062088711872,two-strong
3,1520,marriage,0.2421052631578947,female,0.2285714285714285,0.05590062088711872,two-strong
3,1521,marriage,0.2421052631578947,female,0.2336466165413533,0.034937888054449355,two-strong
3,1522,marriage,0.2437070938215103,female,0.2285714285714285,0.06210596889338432,two-strong
3,1523,marriage,0.2421052631578947,female,0.2285714285714285,0.05590062088711872,two-strong
3,1524,marriage,0.2421052631578947,female,0.2285714285714285,0.05590062088711872,two-strong
3,1525,marriage,0.2421052631578947,female,0.2285714285714285,0.05590062088711872,two-strong
3,1526,marriage,0.2421052631578947,female,0.2285714285714285,0.05590062088711872,two-strong
3,1527,marriage,0.2421052631578947,female,0.2285714285714285,0.05590062088711872,two-strong
3,1528,marriage,0.2421052631578947,female,0.2285714285714285,0.05590062088711872,two-strong
3,1529,marriage,0.2421052631578947,female,0.2285714285714285,0.05590062088711872,two-strong
3,1530,marriage,0.2421052631578947,female,0.2285714285714285,0.05590062088711872,two-strong
3,1531,marriage,0.2421052631578947,female,0.2285714285714285,0.05590062088711872,two-strong
3,1532,marriage,0.2421052631578947,female,0.2285714285714285,0.05590062088711872,two-strong
3,1533,marriage,0.2468126838836221,female,0.2285714285714285,0.07390728446876531,two-strong
3,1534,marriage,0.2421052631578947,female,0.2285714285714285,0.05590062088711872,two-strong
3,1535,marriage,0.2421052631578947,female,0.2285714285714285,0.05590062088711872,two-strong
3,1536,marriage,0.2421052631578947,female,0.2285714285714285,0.05590062088711872,two-strong
3,1537,marriage,0.2421052631578947,female,0.2285714285714285,0.05590062088711872,two-strong
3,1538,marriage,0.2468126838836221,female,0.2285714285714285,0.07390728446876531,two-strong
3,1539,marriage,0.2421052631578947,female,0.2285714285714285,0.05590062088711872,two-strong
3,1540,marriage,0.2421052631578947,female,0.2285714285714285,0.05590062088711872,two-strong
3,1541,marriage,0.2421052631578947,female,0.2285714285714285,0.05590062088711872,two-strong
3,1542,marriage,0.2421052631578947,female,0.2285714285714285,0.05590062088711872,two-strong
3,1543,marriage,0.2421052631578947,female,0.2285714285714285,0.05590062088711872,two-strong
3,1544,marriage,0.2421052631578947,female,0.2285714285714285,0.05590062088711872,two-strong
3,1545,marriage,0.2421052631578947,female,0.2285714285714285,0.05590062088711872,two-strong
3,1546,marriage,0.2421052631578947,female,0.2285714285714285,0.05590062088711872,two-strong
3,1547,marriage,0.2421052631578947,female,0.2285714285714285,0.05590062088711872,two-strong
3,1548,marriage,0.2421052631578947,female,0.2285714285714285,0.05590062088711872,two-strong
3,1549,marriage,0.2421052631578947,female,0.2285714285714285,0.05590062088711872,two-strong
3,1550,marriage,0.2733934992761406,female,0.2321428571428571,0.15088377043206352,two-strong
3,1551,marriage,0.2421052631578947,female,0.2285714285714285,0.05590062088711872,two-strong
3,1552,marriage,0.2421052631578947,female,0.2285714285714285,0.05590062088711872,two-strong
3,1553,marriage,0.2421052631578947,female,0.2285714285714285,0.05590062088711872,two-strong
3,1554,marriage,0.2454862452574123,female,0.2265742106462328,0.07703908019086622,two-strong
3,1555,marriage,0.2494497112346082,female,0.2336466165413533,0.0633518257114366,two-strong
3,1556,marriage,0.2421052631578947,female,0.2285714285714285,0.05590062088711872,two-strong
3,1557,marriage,0.2421052631578947,female,0.2285714285714285,0.05590062088711872,two-strong
3,1558,marriage,0.2421052631578947,female,0.2285714285714285,0.05590062088711872,two-strong
3,1559,marriage,0.2421052631578947,female,0.2285714285714285,0.05590062088711872,two-strong
3,1560,marriage,0.2421052631578947,female,0.2285714285714285,0.05590062088711872,two-strong
3,1561,male,0.2180451127819549,love,0.1412295105580042,0.35229224306657153,leaning
3,1562,marriage,0.2421052631578947,female,0.2285714285714285,0.05590062088711872,two-strong
3,1563,marriage,0.2421052631578947,female,0.2285714285714285,0.05590062088711872,two-strong
3,1564,marriage,0.2421052631578947,female,0.2285714285714285,0.05590062088711872,two-strong
3,1565,marriage,0.2421052631578947,female,0.2285714285714285,0.05590062088711872,two-strong
3,1566,marriage,0.2421052631578947,female,0.2285714285714285,0.05590062088711872,two-strong
3,1567,marriage,0.2421052631578947,female,0.2285714285714285,0.05590062088711872,two-strong
3,1568,marriage,0.2421052631578947,female,0.2285714285714285,0.05590062088711872,two-strong
3,1569,marriage,0.2421052631578947,female,0.2285714285714285,0.05590062088711872,two-strong
3,1570,marriage,0.2421052631578947,female,0.2285714285714285,0.05590062088711872,two-strong
3,1571,marriage,0.2421052631578947,female,0.2285714285714285,0.05590062088711872,two-strong
3,1572,marriage,0.2421052631578947,female,0.2285714285714285,0.05590062088711872,two-strong
3,1573,marriage,0.2421052631578947,female,0.2285714285714285,0.05590062088711872,two-strong
3,1574,marriage,0.2421052631578947,female,0.2285714285714285,0.05590062088711872,two-strong
3,1575,marriage,0.2421052631578947,female,0.2285714285714285,0.05590062088711872,two-strong
3,1576,marriage,0.2468126838836221,female,0.2285714285714285,0.07390728446876531,two-strong
3,1577,marriage,0.2421052631578947,female,0.2285714285714285,0.05590062088711872,two-strong
3,1578,female,0.2935728744939272,marriage,0.2432136241224178,0.17153918013297909,two-strong
3,1579,marriage,0.2421052631578947,female,0.2285714285714285,0.05590062088711872,two-strong
3,1580,marriage,0.2421052631578947,female,0.2285714285714285,0.05590062088711872,two-strong
3,1581,marriage,0.2421052631578947,female,0.2285714285714285,0.05590062088711872,two-strong
3,1582,marriage,0.2421052631578947,female,0.2285714285714285,0.05590062088711872,two-strong
3,1583,marriage,0.2421052631578947,female,0.2285714285714285,0.05590062088711872,two-strong
3,1584,marriage,0.2421052631578947,female,0.2285714285714285,0.05590062088711872,two-strong
3,1585,marriage,0.2421052631578947,female,0.2285714285714285,0.05590062088711872,two-strong
3,1586,marriage,0.2421052631578947,female,0.2285714285714285,0.05590062088711872,two-strong
3,1587,marriage,0.2421052631578947,female,0.2285714285714285,0.05590062088711872,two-strong
3,1588,marriage,0.2421052631578947,female,0.2285714285714285,0.05590062088711872,two-strong
3,1589,marriage,0.2421052631578947,female,0.2285714285714285,0.05590062088711872,two-strong
3,1590,marriage,0.2421052631578947,female,0.2285714285714285,0.05590062088711872,two-strong
3,1591,marriage,0.2421052631578947,female,0.2285714285714285,0.05590062088711872,two-strong
3,1592,marriage,0.2421052631578947,female,0.2285714285714285,0.05590062088711872,two-strong
3,1593,marriage,0.2562275253350768,female,0.2303571428571428,0.10096644512776705,two-strong
3,1594,marriage,0.2421052631578947,female,0.2285714285714285,0.05590062088711872,two-strong
3,1595,marriage,0.2421052631578947,female,0.2285714285714285,0.05590062088711872,two-strong
3,1596,marriage,0.2421052631578947,female,0.2285714285714285,0.05590062088711872,two-strong
3,1597,marriage,0.2421052631578947,female,0.2285714285714285,0.05590062088711872,two-strong
3,1598,marriage,0.2421052631578947,female,0.2285714285714285,0.05590062088711872,two-strong
3,1599,marriage,0.2421052631578947,female,0.2285714285714285,0.05590062088711872,two-strong
3,1600,marriage,0.2421052631578947,female,0.2285714285714285,0.05590062088711872,two-strong
3,1601,marriage,0.2421052631578947,female,0.2285714285714285,0.05590062088711872,two-strong
3,1602,marriage,0.2421052631578947,female,0.2285714285714285,0.05590062088711872,two-strong
3,1603,marriage,0.2421052631578947,female,0.2285714285714285,0.05590062088711872,two-strong
3,1604,marriage,0.2421052631578947,female,0.2285714285714285,0.05590062088711872,two-strong
3,1605,marriage,0.2421052631578947,female,0.2285714285714285,0.05590062088711872,two-strong
3,1606,marriage,0.2421052631578947,female,0.2285714285714285,0.05590062088711872,two-strong
3,1607,marriage,0.2421052631578947,female,0.2285714285714285,0.05590062088711872,two-strong
3,1608,marriage,0.2437070938215103,female,0.2285714285714285,0.06210596889338432,two-strong
3,1609,marriage,0.2421052631578947,female,0.2285714285714285,0.05590062088711872,two-strong
3,1610,marriage,0.2421052631578947,female,0.2285714285714285,0.05590062088711872,two-strong
3,1611,marriage,0.2421052631578947,female,0.2285714285714285,0.05590062088711872,two-strong
3,1612,marriage,0.2421052631578947,female,0.2285714285714285,0.05590062088711872,two-strong
3,1613,marriage,0.2421052631578947,female,0.2285714285714285,0.05590062088711872,two-strong
3,1614,marriage,0.2421052631578947,female,0.2285714285714285,0.05590062088711872,two-strong
3,1615,marriage,0.2421052631578947,female,0.2285714285714285,0.05590062088711872,two-strong
3,1616,marriage,0.2421052631578947,female,0.2285714285714285,0.05590062088711872,two-strong
3,1617,marriage,0.2421052631578947,female,0.2285714285714285,0.05590062088711872,two-strong
3,1618,marriage,0.2421052631578947,female,0.2285714285714285,0.05590062088711872,two-strong
3,1619,marriage,0.2421052631578947,female,0.2285714285714285,0.05590062088711872,two-strong
3,1620,marriage,0.2421052631578947,female,0.2285714285714285,0.05590062088711872,two-strong
3,1621,marriage,0.2421052631578947,female,0.2285714285714285,0.05590062088711872,two-strong
3,1622,marriage,0.2421052631578947,female,0.2285714285714285,0.05590062088711872,two-strong
3,1623,marriage,0.2421052631578947,female,0.2285714285714285,0.05590062088711872,two-strong
3,1624,marriage,0.2421052631578947,female,0.2285714285714285,0.05590062088711872,two-strong
3,1625,marriage,0.2421052631578947,female,0.2285714285714285,0.05590062088711872,two-strong
3,1626,marriage,0.2421052631578947,female,0.2285714285714285,0.05590062088711872,two-strong
3,1627,marriage,0.2421052631578947,female,0.2285714285714285,0.05590062088711872,two-strong
3,1628,marriage,0.2421052631578947,female,0.2285714285714285,0.05590062088711872,two-strong
3,1629,marriage,0.2421052631578947,female,0.2285714285714285,0.05590062088711872,two-strong
3,1630,marriage,0.2421052631578947,female,0.2285714285714285,0.05590062088711872,two-strong
3,1631,marriage,0.2437070938215103,female,0.2285714285714285,0.06210596889338432,two-strong
3,1632,marriage,0.2421052631578947,female,0.2285714285714285,0.05590062088711872,two-strong
3,1633,marriage,0.2421052631578947,female,0.2285714285714285,0.05590062088711872,two-strong
3,1634,marriage,0.2421052631578947,female,0.2285714285714285,0.05590062088711872,two-strong
3,1635,marriage,0.2421052631578947,female,0.2285714285714285,0.05590062088711872,two-strong
3,1636,marriage,0.2421052631578947,female,0.2285714285714285,0.05590062088711872,two-strong
3,1637,marriage,0.2437070938215103,female,0.2285714285714285,0.06210596889338432,two-strong
3,1638,marriage,0.2421052631578947,female,0.2285714285714285,0.05590062088711872,two-strong
3,1639,marriage,0.2421052631578947,female,0.2285714285714285,0.05590062088711872,two-strong
3,1640,marriage,0.2421052631578947,female,0.2285714285714285,0.05590062088711872,two-strong
3,1641,marriage,0.2468126838836221,female,0.2285714285714285,0.07390728446876531,two-strong
3,1642,marriage,0.2421052631578947,female,0.2285714285714285,0.05590062088711872,two-strong
3,1643,marriage,0.3096677283514767,female,0.2963175967529076,0.04311114892897529,two-strong
3,1644,marriage,0.2421052631578947,female,0.2285714285714285,0.05590062088711872,two-strong
3,1645,marriage,0.2421052631578947,female,0.2285714285714285,0.05590062088711872,two-strong
3,1646,marriage,0.2421052631578947,female,0.2285714285714285,0.05590062088711872,two-strong
3,1647,marriage,0.2421052631578947,female,0.2285714285714285,0.05590062088711872,two-strong
3,1648,marriage,0.2421052631578947,female,0.2285714285714285,0.05590062088711872,two-strong
3,1649,marriage,0.2421052631578947,female,0.2285714285714285,0.05590062088711872,two-strong
3,1650,marriage,0.2421052631578947,female,0.2285714285714285,0.05590062088711872,two-strong
3,1651,marriage,0.2421052631578947,female,0.2285714285714285,0.05590062088711872,two-strong
3,1652,marriage,0.2421052631578947,female,0.2285714285714285,0.05590062088711872,two-strong
3,1653,marriage,0.2421052631578947,female,0.2285714285714285,0.05590062088711872,two-strong
3,1654,marriage,0.2421052631578947,female,0.2285714285714285,0.05590062088711872,two-strong
3,1655,marriage,0.2421052631578947,female,0.2285714285714285,0.05590062088711872,two-strong
3,1656,marriage,0.2421052631578947,female,0.2285714285714285,0.05590062088711872,two-strong
3,1657,marriage,0.2421052631578947,female,0.2285714285714285,0.05590062088711872,two-strong
3,1658,marriage,0.2421052631578947,female,0.2285714285714285,0.05590062088711872,two-strong
3,1659,marriage,0.2421052631578947,female,0.2285714285714285,0.05590062088711872,two-strong
3,1660,marriage,0.2421052631578947,female,0.2285714285714285,0.05590062088711872,two-strong
3,1661,marriage,0.2421052631578947,female,0.2285714285714285,0.05590062088711872,two-strong
3,1662,marriage,0.2421052631578947,female,0.2285714285714285,0.05590062088711872,two-strong
3,1663,marriage,0.2421052631578947,female,0.2285714285714285,0.05590062088711872,two-strong
3,1664,society,0.3760092531006628,marriage,0.235378197720888,0.37400955919591794,leaning
3,1665,marriage,0.2421052631578947,female,0.2285714285714285,0.05590062088711872,two-strong
3,1666,marriage,0.2421052631578947,female,0.2285714285714285,0.05590062088711872,two-strong
3,1667,marriage,0.2421052631578947,female,0.2285714285714285,0.05590062088711872,two-strong
3,1668,marriage,0.2421052631578947,female,0.2285714285714285,0.05590062088711872,two-strong
3,1669,marriage,0.2421052631578947,female,0.2285714285714285,0.05590062088711872,two-strong
3,1670,marriage,0.2421052631578947,female,0.2285714285714285,0.05590062088711872,two-strong
3,1671,marriage,0.2421052631578947,female,0.2285714285714285,0.05590062088711872,two-strong
3,1672,marriage,0.2421052631578947,female,0.2285714285714285,0.05590062088711872,two-strong
3,1673,marriage,0.2421052631578947,female,0.2285714285714285,0.05590062088711872,two-strong
3,1674,marriage,0.2421052631578947,female,0.2285714285714285,0.05590062088711872,two-strong
3,1675,marriage,0.2468126838836221,female,0.2285714285714285,0.07390728446876531,two-strong
3,1676,marriage,0.2421052631578947,female,0.2285714285714285,0.05590062088711872,two-strong
3,1677,marriage,0.2421052631578947,female,0.2285714285714285,0.05590062088711872,two-strong
3,1678,marriage,0.2421052631578947,female,0.2285714285714285,0.05590062088711872,two-strong
3,1679,marriage,0.2421052631578947,female,0.2285714285714285,0.05590062088711872,two-strong
3,1680,marriage,0.2421052631578947,female,0.2285714285714285,0.05590062088711872,two-strong
3,1681,marriage,0.2421052631578947,female,0.2285714285714285,0.05590062088711872,two-strong
3,1682,marriage,0.2421052631578947,female,0.2285714285714285,0.05590062088711872,two-strong
3,1683,marriage,0.2421052631578947,female,0.2285714285714285,0.05590062088711872,two-strong
3,1684,marriage,0.2421052631578947,female,0.2285714285714285,0.05590062088711872,two-strong
3,1685,marriage,0.2421052631578947,female,0.2285714285714285,0.05590062088711872,two-strong
3,1686,marriage,0.2421052631578947,female,0.2285714285714285,0.05590062088711872,two-strong
3,1687,marriage,0.2421052631578947,female,0.2285714285714285,0.05590062088711872,two-strong
3,1688,marriage,0.2421052631578947,female,0.2285714285714285,0.05590062088711872,two-strong
3,1689,marriage,0.2421052631578947,female,0.2285714285714285,0.05590062088711872,two-strong
3,1690,marriage,0.2421052631578947,female,0.2285714285714285,0.05590062088711872,two-strong
3,1691,marriage,0.2421052631578947,female,0.2285714285714285,0.05590062088711872,two-strong
3,1692,marriage,0.2421052631578947,female,0.2285714285714285,0.05590062088711872,two-strong
3,1693,marriage,0.2421052631578947,female,0.2285714285714285,0.05590062088711872,two-strong
3,1694,marriage,0.2421052631578947,female,0.2285714285714285,0.05590062088711872,two-strong
3,1695,marriage,0.2421052631578947,female,0.2285714285714285,0.05590062088711872,two-strong
3,1696,marriage,0.2421052631578947,female,0.2285714285714285,0.05590062088711872,two-strong
3,1697,marriage,0.2421052631578947,female,0.2285714285714285,0.05590062088711872,two-strong
3,1698,marriage,0.2421052631578947,female,0.2285714285714285,0.05590062088711872,two-strong
3,1699,marriage,0.2421052631578947,female,0.2285714285714285,0.05590062088711872,two-strong
3,1700,marriage,0.2421052631578947,female,0.2285714285714285,0.05590062088711872,two-strong
3,1701,marriage,0.2421052631578947,female,0.2285714285714285,0.05590062088711872,two-strong
3,1702,marriage,0.2421052631578947,female,0.2285714285714285,0.05590062088711872,two-strong
3,1703,marriage,0.2421052631578947,female,0.2285714285714285,0.05590062088711872,two-strong
3,1704,marriage,0.2421052631578947,female,0.2285714285714285,0.05590062088711872,two-strong
3,1705,marriage,0.2421052631578947,female,0.2285714285714285,0.05590062088711872,two-strong
3,1706,marriage,0.2421052631578947,female,0.2285714285714285,0.05590062088711872,two-strong
3,1707,marriage,0.2421052631578947,female,0.2285714285714285,0.05590062088711872,two-strong
3,1708,marriage,0.2421052631578947,female,0.2285714285714285,0.05590062088711872,two-strong
3,1709,marriage,0.2421052631578947,female,0.2285714285714285,0.05590062088711872,two-strong
3,1710,marriage,0.2421052631578947,female,0.2285714285714285,0.05590062088711872,two-strong
3,1711,marriage,0.2421052631578947,female,0.2285714285714285,0.05590062088711872,two-strong
3,1712,marriage,0.2421052631578947,female,0.2285714285714285,0.05590062088711872,two-strong
3,1713,marriage,0.2421052631578947,female,0.2285714285714285,0.05590062088711872,two-strong
3,1714,marriage,0.2421052631578947,female,0.2285714285714285,0.05590062088711872,two-strong
3,1715,marriage,0.2421052631578947,female,0.2285714285714285,0.05590062088711872,two-strong
3,1716,marriage,0.2421052631578947,female,0.2285714285714285,0.05590062088711872,two-strong
3,1717,marriage,0.2421052631578947,female,0.2285714285714285,0.05590062088711872,two-strong
3,1718,marriage,0.2421052631578947,female,0.2285714285714285,0.05590062088711872,two-strong
3,1719,marriage,0.2421052631578947,female,0.2285714285714285,0.05590062088711872,two-strong
3,1720,marriage,0.2421052631578947,female,0.2285714285714285,0.05590062088711872,two-strong
3,1721,marriage,0.2421052631578947,female,0.2285714285714285,0.05590062088711872,two-strong
3,1722,marriage,0.2421052631578947,female,0.2285714285714285,0.05590062088711872,two-strong
3,1723,marriage,0.2421052631578947,female,0.2285714285714285,0.05590062088711872,two-strong
3,1724,marriage,0.2421052631578947,female,0.2285714285714285,0.05590062088711872,two-strong
3,1725,marriage,0.2421052631578947,female,0.2285714285714285,0.05590062088711872,two-strong
3,1726,marriage,0.2421052631578947,female,0.2285714285714285,0.05590062088711872,two-strong
3,1727,marriage,0.2421052631578947,female,0.2285714285714285,0.05590062088711872,two-strong
3,1728,marriage,0.2421052631578947,female,0.2285714285714285,0.05590062088711872,two-strong
3,1729,marriage,0.2421052631578947,female,0.2285714285714285,0.05590062088711872,two-strong
3,1730,marriage,0.2421052631578947,female,0.2285714285714285,0.05590062088711872,two-strong
3,1731,marriage,0.2421052631578947,female,0.2285714285714285,0.05590062088711872,two-strong
3,1732,marriage,0.2421052631578947,female,0.2285714285714285,0.05590062088711872,two-strong
3,1733,marriage,0.2421052631578947,female,0.2285714285714285,0.05590062088711872,two-strong
3,1734,marriage,0.2421052631578947,female,0.2285714285714285,0.05590062088711872,two-strong
3,1735,marriage,0.2421052631578947,female,0.2285714285714285,0.05590062088711872,two-strong
3,1736,marriage,0.2421052631578947,female,0.2285714285714285,0.05590062088711872,two-strong
3,1737,marriage,0.2421052631578947,female,0.2285714285714285,0.05590062088711872,two-strong
3,1738,marriage,0.2421052631578947,female,0.2285714285714285,0.05590062088711872,two-strong
3,1739,marriage,0.2421052631578947,female,0.2285714285714285,0.05590062088711872,two-strong
3,1740,marriage,0.2421052631578947,female,0.2285714285714285,0.05590062088711872,two-strong
3,1741,marriage,0.2421052631578947,female,0.2285714285714285,0.05590062088711872,two-strong
3,1742,marriage,0.2421052631578947,female,0.2285714285714285,0.05590062088711872,two-strong
3,1743,marriage,0.2421052631578947,female,0.2285714285714285,0.05590062088711872,two-strong
3,1744,marriage,0.2421052631578947,female,0.2285714285714285,0.05590062088711872,two-strong
3,1745,marriage,0.2421052631578947,female,0.2285714285714285,0.05590062088711872,two-strong
3,1746,marriage,0.2421052631578947,female,0.2285714285714285,0.05590062088711872,two-strong
3,1747,marriage,0.2421052631578947,female,0.2285714285714285,0.05590062088711872,two-strong
3,1748,marriage,0.2421052631578947,female,0.2285714285714285,0.05590062088711872,two-strong
3,1749,marriage,0.2421052631578947,female,0.2285714285714285,0.05590062088711872,two-strong
3,1750,marriage,0.2421052631578947,female,0.2285714285714285,0.05590062088711872,two-strong
3,1751,marriage,0.2421052631578947,female,0.2285714285714285,0.05590062088711872,two-strong
3,1752,marriage,0.2421052631578947,female,0.2285714285714285,0.05590062088711872,two-strong
3,1753,marriage,0.2421052631578947,female,0.2285714285714285,0.05590062088711872,two-strong
3,1754,marriage,0.2421052631578947,female,0.2285714285714285,0.05590062088711872,two-strong
3,1755,marriage,0.2421052631578947,female,0.2285714285714285,0.05590062088711872,two-strong
3,1756,marriage,0.2421052631578947,female,0.2285714285714285,0.05590062088711872,two-strong
3,1757,marriage,0.2421052631578947,female,0.2285714285714285,0.05590062088711872,two-strong
3,1758,marriage,0.2421052631578947,female,0.2285714285714285,0.05590062088711872,two-strong
3,1759,marriage,0.2421052631578947,female,0.2285714285714285,0.05590062088711872,two-strong
3,1760,marriage,0.2421052631578947,female,0.2285714285714285,0.05590062088711872,two-strong
3,1761,marriage,0.2421052631578947,female,0.2285714285714285,0.05590062088711872,two-strong
3,1762,marriage,0.2421052631578947,female,0.2285714285714285,0.05590062088711872,two-strong
3,1763,marriage,0.2421052631578947,female,0.2285714285714285,0.05590062088711872,two-strong
3,1764,marriage,0.2421052631578947,female,0.2285714285714285,0.05590062088711872,two-strong
3,1765,marriage,0.2421052631578947,female,0.2285714285714285,0.05590062088711872,two-strong
3,1766,marriage,0.2421052631578947,female,0.2285714285714285,0.05590062088711872,two-strong
3,1767,marriage,0.2421052631578947,female,0.2285714285714285,0.05590062088711872,two-strong
3,1768,male,0.2586064406993366,,,0.9999999961331202,dominant
3,1769,marriage,0.2421052631578947,female,0.2285714285714285,0.05590062088711872,two-strong
3,1770,family,0.1975453339230429,,,0.9999999949378708,dominant
3,1771,marriage,0.2421052631578947,female,0.2285714285714285,0.05590062088711872,two-strong
3,1772,marriage,0.2421052631578947,female,0.2285714285714285,0.05590062088711872,two-strong
3,1773,marriage,0.2421052631578947,female,0.2285714285714285,0.05590062088711872,two-strong
3,1774,marriage,0.2421052631578947,female,0.2285714285714285,0.05590062088711872,two-strong
3,1775,marriage,0.2421052631578947,female,0.2285714285714285,0.05590062088711872,two-strong
3,1776,marriage,0.2421052631578947,female,0.2285714285714285,0.05590062088711872,two-strong
3,1777,marriage,0.2326367934606933,female,0.2252442058523465,0.031777379092093105,two-strong
3,1778,marriage,0.2421052631578947,female,0.2285714285714285,0.05590062088711872,two-strong
3,1779,marriage,0.2421052631578947,female,0.2285714285714285,0.05590062088711872,two-strong
3,1780,marriage,0.2421052631578947,female,0.2285714285714285,0.05590062088711872,two-strong
3,1781,marriage,0.2421052631578947,female,0.2285714285714285,0.05590062088711872,two-strong
3,1782,marriage,0.2421052631578947,female,0.2285714285714285,0.05590062088711872,two-strong
3,1783,marriage,0.2421052631578947,female,0.2285714285714285,0.05590062088711872,two-strong
3,1784,marriage,0.2421052631578947,female,0.2285714285714285,0.05590062088711872,two-strong
3,1785,marriage,0.2421052631578947,female,0.2285714285714285,0.05590062088711872,two-strong
3,1786,marriage,0.2421052631578947,female,0.2285714285714285,0.05590062088711872,two-strong
3,1787,marriage,0.2421052631578947,female,0.2285714285714285,0.05590062088711872,two-strong
3,1788,marriage,0.2421052631578947,female,0.2285714285714285,0.05590062088711872,two-strong
3,1789,marriage,0.2421052631578947,female,0.2285714285714285,0.05590062088711872,two-strong
3,1790,marriage,0.2421052631578947,female,0.2285714285714285,0.05590062088711872,two-strong
3,1791,marriage,0.2421052631578947,female,0.2285714285714285,0.05590062088711872,two-strong
3,1792,marriage,0.2421052631578947,female,0.2285714285714285,0.05590062088711872,two-strong
3,1793,marriage,0.2421052631578947,female,0.2285714285714285,0.05590062088711872,two-strong
3,1794,marriage,0.2421052631578947,female,0.2285714285714285,0.05590062088711872,two-strong
3,1795,marriage,0.2421052631578947,female,0.2285714285714285,0.05590062088711872,two-strong
3,1796,marriage,0.2421052631578947,female,0.2285714285714285,0.05590062088711872,two-strong
3,1797,marriage,0.2421052631578947,female,0.2285714285714285,0.05590062088711872,two-strong
3,1798,marriage,0.2400966183574879,female,0.2266219276260827,0.05612195110228648,two-strong
3,1799,marriage,0.2421052631578947,female,0.2285714285714285,0.05590062088711872,two-strong
3,1800,marriage,0.2421052631578947,female,0.2285714285714285,0.05590062088711872,two-strong
3,1801,marriage,0.2421052631578947,female,0.2285714285714285,0.05590062088711872,two-strong
3,1802,marriage,0.2421052631578947,female,0.2285714285714285,0.05590062088711872,two-strong
3,1803,male,0.2371886440655396,marriage,0.2360403594386681,0.004841229336902727,two-strong
3,1804,marriage,0.2421052631578947,female,0.2285714285714285,0.05590062088711872,two-strong
3,1805,marriage,0.2413047669340575,female,0.228162955465587,0.054461466223750046,two-strong
3,1806,marriage,0.2421052631578947,female,0.2285714285714285,0.05590062088711872,two-strong
3,1807,marriage,0.2421052631578947,female,0.2285714285714285,0.05590062088711872,two-strong
3,1808,marriage,0.2421052631578947,female,0.2285714285714285,0.05590062088711872,two-strong
3,1809,marriage,0.2421052631578947,female,0.2285714285714285,0.05590062088711872,two-strong
3,1810,marriage,0.2421052631578947,female,0.2285714285714285,0.05590062088711872,two-strong
3,1811,marriage,0.2421052631578947,female,0.2285714285714285,0.05590062088711872,two-strong
3,1812,marriage,0.2421052631578947,female,0.2285714285714285,0.05590062088711872,two-strong
3,1813,marriage,0.2421052631578947,female,0.2285714285714285,0.05590062088711872,two-strong
3,1814,marriage,0.2421052631578947,female,0.2285714285714285,0.05590062088711872,two-strong
3,1815,marriage,0.2421052631578947,female,0.2285714285714285,0.05590062088711872,two-strong
3,1816,marriage,0.2421052631578947,female,0.2285714285714285,0.05590062088711872,two-strong
3,1817,marriage,0.2421052631578947,female,0.2285714285714285,0.05590062088711872,two-strong
3,1818,marriage,0.2421052631578947,female,0.2285714285714285,0.05590062088711872,two-strong
3,1819,marriage,0.2421052631578947,female,0.2285714285714285,0.05590062088711872,two-strong
3,1820,marriage,0.2421052631578947,female,0.2285714285714285,0.05590062088711872,two-strong
3,1821,marriage,0.2411191021030838,female,0.2285714285714285,0.05203931737540876,two-strong
3,1822,marriage,0.2421052631578947,female,0.2285714285714285,0.05590062088711872,two-strong
3,1823,marriage,0.2421052631578947,female,0.2285714285714285,0.05590062088711872,two-strong
3,1824,marriage,0.2421052631578947,female,0.2285714285714285,0.05590062088711872,two-strong
3,1825,marriage,0.2421052631578947,female,0.2285714285714285,0.05590062088711872,two-strong
3,1826,marriage,0.2421052631578947,female,0.2285714285714285,0.05590062088711872,two-strong
3,1827,society,0.2463908422591741,marriage,0.2422092895940558,0.016971217800978905,two-strong
3,1828,marriage,0.2421052631578947,female,0.2285714285714285,0.05590062088711872,two-strong
3,1829,marriage,0.2421052631578947,female,0.2285714285714285,0.05590062088711872,two-strong
3,1830,marriage,0.2421052631578947,female,0.2285714285714285,0.05590062088711872,two-strong
3,1831,marriage,0.2421052631578947,female,0.2285714285714285,0.05590062088711872,two-strong
3,1832,marriage,0.2421052631578947,female,0.2285714285714285,0.05590062088711872,two-strong
3,1833,marriage,0.2421052631578947,female,0.2285714285714285,0.05590062088711872,two-strong
3,1834,marriage,0.2421052631578947,female,0.2285714285714285,0.05590062088711872,two-strong
3,1835,marriage,0.2421052631578947,female,0.2285714285714285,0.05590062088711872,two-strong
3,1836,marriage,0.2421052631578947,female,0.2285714285714285,0.05590062088711872,two-strong
3,1837,marriage,0.2764818337619311,emotion,0.2341389921296383,0.15314872916968575,two-strong
3,1838,female,0.2620313940963997,family,0.2243867388832693,0.14366467498782415,two-strong
3,1839,marriage,0.2421052631578947,female,0.2285714285714285,0.05590062088711872,two-strong
3,1840,marriage,0.2421052631578947,female,0.2285714285714285,0.05590062088711872,two-strong
3,1841,marriage,0.2421052631578947,female,0.2285714285714285,0.05590062088711872,two-strong
3,1842,society,0.2739357936826799,family,0.1816452896948253,0.33690560262400726,leaning
3,1843,marriage,0.2421052631578947,female,0.2285714285714285,0.05590062088711872,two-strong
3,1844,marriage,0.2421052631578947,female,0.2285714285714285,0.05590062088711872,two-strong
3,1845,marriage,0.2421052631578947,female,0.2285714285714285,0.05590062088711872,two-strong
3,1846,marriage,0.2421052631578947,female,0.2285714285714285,0.05590062088711872,two-strong
3,1847,marriage,0.2421052631578947,female,0.2285714285714285,0.05590062088711872,two-strong
3,1848,marriage,0.2421052631578947,female,0.2303571428571428,0.048524844520068375,two-strong
3,1849,marriage,0.2421052631578947,female,0.2285714285714285,0.05590062088711872,two-strong
3,1850,marriage,0.2421052631578947,female,0.2285714285714285,0.05590062088711872,two-strong
3,1851,marriage,0.2421052631578947,female,0.2285714285714285,0.05590062088711872,two-strong
3,1852,marriage,0.2421052631578947,female,0.2285714285714285,0.05590062088711872,two-strong
3,1853,marriage,0.2421052631578947,female,0.2285714285714285,0.05590062088711872,two-strong
3,1854,marriage,0.2421542987904544,female,0.2285714285714285,0.05609179862087796,two-strong
3,1855,marriage,0.2421052631578947,female,0.2285714285714285,0.05590062088711872,two-strong
3,1856,marriage,0.2421052631578947,female,0.2285714285714285,0.05590062088711872,two-strong
3,1857,marriage,0.2421052631578947,female,0.2285714285714285,0.05590062088711872,two-strong
3,1858,marriage,0.2421052631578947,female,0.2285714285714285,0.05590062088711872,two-strong
3,1859,marriage,0.2421052631578947,female,0.2285714285714285,0.05590062088711872,two-strong
3,1860,marriage,0.2421052631578947,female,0.2285714285714285,0.05590062088711872,two-strong
3,1861,marriage,0.2421052631578947,female,0.2285714285714285,0.05590062088711872,two-strong
3,1862,marriage,0.2421052631578947,female,0.2285714285714285,0.05590062088711872,two-strong
3,1863,marriage,0.2421052631578947,female,0.2285714285714285,0.05590062088711872,two-strong
3,1864,marriage,0.2421052631578947,female,0.2285714285714285,0.05590062088711872,two-strong
3,1865,marriage,0.2421052631578947,female,0.2285714285714285,0.05590062088711872,two-strong
3,1866,marriage,0.2421052631578947,female,0.2285714285714285,0.05590062088711872,two-strong
3,1867,marriage,0.2421052631578947,female,0.2285714285714285,0.05590062088711872,two-strong
3,1868,marriage,0.2421052631578947,female,0.2285714285714285,0.05590062088711872,two-strong
3,1869,marriage,0.2421052631578947,female,0.2285714285714285,0.05590062088711872,two-strong
3,1870,marriage,0.2421052631578947,female,0.2285714285714285,0.05590062088711872,two-strong
3,1871,marriage,0.2421052631578947,female,0.2285714285714285,0.05590062088711872,two-strong
3,1872,marriage,0.2421052631578947,female,0.2285714285714285,0.05590062088711872,two-strong
3,1873,marriage,0.2421052631578947,female,0.2285714285714285,0.05590062088711872,two-strong
3,1874,marriage,0.2421052631578947,female,0.2285714285714285,0.05590062088711872,two-strong
3,1875,marriage,0.2421052631578947,female,0.2285714285714285,0.05590062088711872,two-strong
3,1876,marriage,0.2421052631578947,female,0.2285714285714285,0.05590062088711872,two-strong
3,1877,marriage,0.2437070938215103,female,0.2285714285714285,0.06210596889338432,two-strong
3,1878,marriage,0.2421052631578947,female,0.2285714285714285,0.05590062088711872,two-strong
3,1879,marriage,0.2421052631578947,female,0.2285714285714285,0.05590062088711872,two-strong
3,1880,marriage,0.2421052631578947,female,0.2285714285714285,0.05590062088711872,two-strong
3,1881,marriage,0.2421052631578947,female,0.2285714285714285,0.05590062088711872,two-strong
3,1882,marriage,0.2421052631578947,female,0.2285714285714285,0.05590062088711872,two-strong
3,1883,marriage,0.2421052631578947,female,0.2285714285714285,0.05590062088711872,two-strong
3,1884,marriage,0.2421052631578947,female,0.2285714285714285,0.05590062088711872,two-strong
3,1885,marriage,0.2421052631578947,female,0.2285714285714285,0.05590062088711872,two-strong
3,1886,marriage,0.2421052631578947,female,0.2285714285714285,0.05590062088711872,two-strong
3,1887,marriage,0.2421052631578947,female,0.2285714285714285,0.05590062088711872,two-strong
3,1888,marriage,0.2421052631578947,female,0.2285714285714285,0.05590062088711872,two-strong
3,1889,marriage,0.2421052631578947,female,0.2285714285714285,0.05590062088711872,two-strong
3,1890,marriage,0.2421052631578947,female,0.2285714285714285,0.05590062088711872,two-strong
3,1891,marriage,0.2421052631578947,female,0.2285714285714285,0.05590062088711872,two-strong
3,1892,marriage,0.2421052631578947,female,0.2285714285714285,0.05590062088711872,two-strong
3,1893,marriage,0.2421052631578947,female,0.2285714285714285,0.05590062088711872,two-strong
3,1894,family,0.2478063248822537,female,0.2130970566056581,0.1400661107137672,two-strong
3,1895,marriage,0.2468126838836221,female,0.2285714285714285,0.07390728446876531,two-strong
3,1896,family,0.2874770856807982,marriage,0.275134076279645,0.04293562851796382,two-strong
3,1897,marriage,0.2421052631578947,female,0.2285714285714285,0.05590062088711872,two-strong
3,1898,marriage,0.2421052631578947,female,0.2285714285714285,0.05590062088711872,two-strong
3,1899,marriage,0.2421052631578947,female,0.2285714285714285,0.05590062088711872,two-strong
3,1900,marriage,0.2421052631578947,female,0.2285714285714285,0.05590062088711872,two-strong
3,1901,marriage,0.2421052631578947,female,0.2285714285714285,0.05590062088711872,two-strong
3,1902,marriage,0.2421052631578947,female,0.2285714285714285,0.05590062088711872,two-strong
3,1903,marriage,0.2421052631578947,female,0.2285714285714285,0.05590062088711872,two-strong
3,1904,marriage,0.2421052631578947,female,0.2285714285714285,0.05590062088711872,two-strong
3,1905,marriage,0.2421052631578947,female,0.2285714285714285,0.05590062088711872,two-strong
3,1906,marriage,0.2421052631578947,female,0.2285714285714285,0.05590062088711872,two-strong
3,1907,marriage,0.2421052631578947,female,0.2285714285714285,0.05590062088711872,two-strong
3,1908,marriage,0.2421052631578947,female,0.2285714285714285,0.05590062088711872,two-strong
3,1909,marriage,0.2421052631578947,female,0.2285714285714285,0.05590062088711872,two-strong
3,1910,marriage,0.2437070938215103,female,0.2303571428571428,0.05477867180742083,two-strong
3,1911,marriage,0.2421052631578947,female,0.2285714285714285,0.05590062088711872,two-strong
3,1912,marriage,0.2421052631578947,female,0.2285714285714285,0.05590062088711872,two-strong
3,1913,marriage,0.2421052631578947,female,0.2285714285714285,0.05590062088711872,two-strong
3,1914,marriage,0.2421052631578947,female,0.2336466165413533,0.034937888054449355,two-strong
3,1915,marriage,0.2421052631578947,female,0.2285714285714285,0.05590062088711872,two-strong
3,1916,marriage,0.2421052631578947,female,0.2285714285714285,0.05590062088711872,two-strong
3,1917,marriage,0.2421052631578947,female,0.2285714285714285,0.05590062088711872,two-strong
3,1918,marriage,0.2421052631578947,female,0.2285714285714285,0.05590062088711872,two-strong
3,1919,marriage,0.2421052631578947,female,0.2285714285714285,0.05590062088711872,two-strong
3,1920,marriage,0.2421052631578947,female,0.2285714285714285,0.05590062088711872,two-strong
3,1921,marriage,0.2421052631578947,female,0.2285714285714285,0.05590062088711872,two-strong
3,1922,marriage,0.2421052631578947,female,0.2285714285714285,0.05590062088711872,two-strong
3,1923,marriage,0.2421052631578947,female,0.2285714285714285,0.05590062088711872,two-strong
3,1924,marriage,0.2281963019043155,family,0.2234138954986009,0.02095742281907122,two-strong
3,1925,marriage,0.2421052631578947,female,0.2285714285714285,0.05590062088711872,two-strong
3,1926,marriage,0.2421052631578947,female,0.2285714285714285,0.05590062088711872,two-strong
3,1927,marriage,0.2421052631578947,female,0.2285714285714285,0.05590062088711872,two-strong
3,1928,marriage,0.2421052631578947,female,0.2285714285714285,0.05590062088711872,two-strong
3,1929,marriage,0.2421052631578947,female,0.2285714285714285,0.05590062088711872,two-strong
3,1930,marriage,0.2421052631578947,female,0.2285714285714285,0.05590062088711872,two-strong
3,1931,marriage,0.241636700446769,female,0.2285714285714285,0.05406989831062017,two-strong
3,1932,marriage,0.2421052631578947,female,0.2285714285714285,0.05590062088711872,two-strong
3,1933,marriage,0.2421052631578947,female,0.2285714285714285,0.05590062088711872,two-strong
3,1934,marriage,0.2421052631578947,female,0.2285714285714285,0.05590062088711872,two-strong
3,1935,marriage,0.2421052631578947,female,0.2285714285714285,0.05590062088711872,two-strong
3,1936,marriage,0.2421052631578947,female,0.2336466165413533,0.034937888054449355,two-strong
3,1937,marriage,0.2421052631578947,female,0.2285714285714285,0.05590062088711872,two-strong
3,1938,marriage,0.2421052631578947,female,0.2285714285714285,0.05590062088711872,two-strong
3,1939,marriage,0.2468126838836221,female,0.2336466165413533,0.05334437064479448,two-strong
3,1940,marriage,0.2421052631578947,female,0.2285714285714285,0.05590062088711872,two-strong
3,1941,marriage,0.2421052631578947,female,0.2285714285714285,0.05590062088711872,two-strong
3,1942,marriage,0.2421052631578947,female,0.2285714285714285,0.05590062088711872,two-strong
3,1943,marriage,0.2421052631578947,female,0.2285714285714285,0.05590062088711872,two-strong
3,1944,marriage,0.2421052631578947,female,0.2285714285714285,0.05590062088711872,two-strong
3,1945,marriage,0.2421052631578947,female,0.2285714285714285,0.05590062088711872,two-strong
3,1946,marriage,0.2421052631578947,female,0.2285714285714285,0.05590062088711872,two-strong
3,1947,marriage,0.2421052631578947,female,0.2285714285714285,0.05590062088711872,two-strong
3,1948,marriage,0.2421052631578947,female,0.2285714285714285,0.05590062088711872,two-strong
3,1949,marriage,0.2421052631578947,female,0.2285714285714285,0.05590062088711872,two-strong
3,1950,marriage,0.2421052631578947,female,0.2285714285714285,0.05590062088711872,two-strong
3,1951,marriage,0.2421052631578947,female,0.2285714285714285,0.05590062088711872,two-strong
3,1952,marriage,0.2421052631578947,female,0.2285714285714285,0.05590062088711872,two-strong
3,1953,marriage,0.2421052631578947,female,0.2285714285714285,0.05590062088711872,two-strong
3,1954,marriage,0.2421052631578947,female,0.2285714285714285,0.05590062088711872,two-strong
3,1955,marriage,0.2421052631578947,female,0.2285714285714285,0.05590062088711872,two-strong
3,1956,marriage,0.2421052631578947,female,0.2285714285714285,0.05590062088711872,two-strong
3,1957,marriage,0.2421052631578947,female,0.2285714285714285,0.05590062088711872,two-strong
3,1958,marriage,0.2421052631578947,female,0.2285714285714285,0.05590062088711872,two-strong
3,1959,marriage,0.2421052631578947,female,0.2285714285714285,0.05590062088711872,two-strong
3,1960,marriage,0.2421052631578947,female,0.2285714285714285,0.05590062088711872,two-strong
3,1961,marriage,0.2421052631578947,female,0.2285714285714285,0.05590062088711872,two-strong
3,1962,marriage,0.2421052631578947,female,0.2285714285714285,0.05590062088711872,two-strong
3,1963,marriage,0.2421052631578947,female,0.2285714285714285,0.05590062088711872,two-strong
3,1964,marriage,0.2421052631578947,female,0.2285714285714285,0.05590062088711872,two-strong
3,1965,marriage,0.2421052631578947,female,0.2285714285714285,0.05590062088711872,two-strong
3,1966,marriage,0.2421052631578947,female,0.2285714285714285,0.05590062088711872,two-strong
3,1967,marriage,0.2421052631578947,female,0.2285714285714285,0.05590062088711872,two-strong
3,1968,marriage,0.2421052631578947,female,0.2285714285714285,0.05590062088711872,two-strong
3,1969,marriage,0.2421052631578947,female,0.2285714285714285,0.05590062088711872,two-strong
3,1970,marriage,0.2421052631578947,female,0.2285714285714285,0.05590062088711872,two-strong
3,1971,marriage,0.2421052631578947,female,0.2285714285714285,0.05590062088711872,two-strong
3,1972,marriage,0.2421052631578947,female,0.2285714285714285,0.05590062088711872,two-strong
3,1973,marriage,0.2421052631578947,female,0.2285714285714285,0.05590062088711872,two-strong
3,1974,marriage,0.2421052631578947,female,0.2285714285714285,0.05590062088711872,two-strong
3,1975,marriage,0.2421052631578947,female,0.2285714285714285,0.05590062088711872,two-strong
3,1976,marriage,0.2421052631578947,female,0.2285714285714285,0.05590062088711872,two-strong
3,1977,marriage,0.2421052631578947,female,0.2285714285714285,0.05590062088711872,two-strong
3,1978,marriage,0.2421052631578947,female,0.2303571428571428,0.048524844520068375,two-strong
3,1979,marriage,0.2421052631578947,female,0.2285714285714285,0.05590062088711872,two-strong
3,1980,marriage,0.2437070938215103,female,0.2285714285714285,0.06210596889338432,two-strong
3,1981,marriage,0.2421052631578947,female,0.2285714285714285,0.05590062088711872,two-strong
3,1982,marriage,0.2421052631578947,female,0.2285714285714285,0.05590062088711872,two-strong
3,1983,marriage,0.2421052631578947,female,0.2285714285714285,0.05590062088711872,two-strong
3,1984,marriage,0.2421052631578947,female,0.2285714285714285,0.05590062088711872,two-strong
3,1985,marriage,0.2421052631578947,female,0.2285714285714285,0.05590062088711872,two-strong
3,1986,marriage,0.2421052631578947,female,0.2285714285714285,0.05590062088711872,two-strong
3,1987,marriage,0.2421052631578947,female,0.2285714285714285,0.05590062088711872,two-strong
3,1988,marriage,0.2421052631578947,female,0.2285714285714285,0.05590062088711872,two-strong
3,1989,marriage,0.2421052631578947,female,0.2285714285714285,0.05590062088711872,two-strong
3,1990,marriage,0.2421052631578947,female,0.2285714285714285,0.05590062088711872,two-strong
3,1991,marriage,0.2421052631578947,female,0.2285714285714285,0.05590062088711872,two-strong
3,1992,marriage,0.2421052631578947,female,0.2285714285714285,0.05590062088711872,two-strong
3,1993,marriage,0.2421052631578947,female,0.2285714285714285,0.05590062088711872,two-strong
3,1994,marriage,0.2421052631578947,female,0.2285714285714285,0.05590062088711872,two-strong
3,1995,marriage,0.2421052631578947,female,0.2285714285714285,0.05590062088711872,two-strong
3,1996,marriage,0.2421052631578947,female,0.2285714285714285,0.05590062088711872,two-strong
3,1997,marriage,0.2421052631578947,female,0.2285714285714285,0.05590062088711872,two-strong
3,1998,love,0.2955435473994753,marriage,0.2717977505443943,0.08034618581145501,two-strong
3,1999,class,0.159810747368351,,,0.9999999937425986,dominant
3,2000,marriage,0.2421052631578947,female,0.2285714285714285,0.05590062088711872,two-strong
3,2001,marriage,0.2421052631578947,female,0.2285714285714285,0.05590062088711872,two-strong
3,2002,marriage,0.2421052631578947,female,0.2285714285714285,0.05590062088711872,two-strong
3,2003,marriage,0.248951571475272,female,0.2285714285714285,0.08186388501670469,two-strong
3,2004,marriage,0.2421052631578947,female,0.2285714285714285,0.05590062088711872,two-strong
3,2005,marriage,0.2421052631578947,female,0.2285714285714285,0.05590062088711872,two-strong
3,2006,marriage,0.2421052631578947,female,0.2285714285714285,0.05590062088711872,two-strong
3,2007,marriage,0.2421052631578947,female,0.2285714285714285,0.05590062088711872,two-strong
3,2008,marriage,0.2421052631578947,female,0.2285714285714285,0.05590062088711872,two-strong
3,2009,marriage,0.2421052631578947,female,0.2285714285714285,0.05590062088711872,two-strong
3,2010,marriage,0.2421052631578947,female,0.2285714285714285,0.05590062088711872,two-strong
3,2011,marriage,0.2421052631578947,female,0.2285714285714285,0.05590062088711872,two-strong
3,2012,marriage,0.2421052631578947,female,0.2285714285714285,0.05590062088711872,two-strong
3,2013,marriage,0.2421052631578947,female,0.2285714285714285,0.05590062088711872,two-strong
3,2014,marriage,0.2468126838836221,female,0.2285714285714285,0.07390728446876531,two-strong
3,2015,marriage,0.2421052631578947,female,0.2285714285714285,0.05590062088711872,two-strong
3,2016,marriage,0.2421052631578947,female,0.2285714285714285,0.05590062088711872,two-strong
3,2017,marriage,0.3561435550764396,male,0.213856857960324,0.3995206278155328,leaning
3,2018,marriage,0.2421052631578947,female,0.2285714285714285,0.05590062088711872,two-strong
3,2019,marriage,0.2421052631578947,female,0.2285714285714285,0.05590062088711872,two-strong
3,2020,marriage,0.2421052631578947,female,0.2285714285714285,0.05590062088711872,two-strong
3,2021,marriage,0.2421052631578947,female,0.2285714285714285,0.05590062088711872,two-strong
3,2022,marriage,0.2421052631578947,female,0.2285714285714285,0.05590062088711872,two-strong
3,2023,marriage,0.2421052631578947,female,0.2285714285714285,0.05590062088711872,two-strong
3,2024,marriage,0.2421052631578947,female,0.2285714285714285,0.05590062088711872,two-strong
3,2025,marriage,0.2421052631578947,female,0.2285714285714285,0.05590062088711872,two-strong
3,2026,marriage,0.2421052631578947,female,0.2285714285714285,0.05590062088711872,two-strong
3,2027,marriage,0.2421052631578947,female,0.2285714285714285,0.05590062088711872,two-strong
3,2028,marriage,0.2421052631578947,female,0.2285714285714285,0.05590062088711872,two-strong
3,2029,marriage,0.2421052631578947,female,0.2285714285714285,0.05590062088711872,two-strong
3,2030,marriage,0.2421052631578947,female,0.2285714285714285,0.05590062088711872,two-strong
3,2031,marriage,0.2421052631578947,female,0.2285714285714285,0.05590062088711872,two-strong
3,2032,marriage,0.2437070938215103,female,0.2285714285714285,0.06210596889338432,two-strong
3,2033,marriage,0.2421052631578947,female,0.2285714285714285,0.05590062088711872,two-strong
3,2034,marriage,0.2421052631578947,female,0.2285714285714285,0.05590062088711872,two-strong
3,2035,marriage,0.2421052631578947,female,0.2285714285714285,0.05590062088711872,two-strong
3,2036,marriage,0.2421052631578947,female,0.2285714285714285,0.05590062088711872,two-strong
3,2037,marriage,0.2421052631578947,female,0.2285714285714285,0.05590062088711872,two-strong
3,2038,marriage,0.2421052631578947,female,0.2285714285714285,0.05590062088711872,two-strong
3,2039,marriage,0.2421052631578947,female,0.2285714285714285,0.05590062088711872,two-strong
3,2040,marriage,0.2421052631578947,female,0.2285714285714285,0.05590062088711872,two-strong
3,2041,marriage,0.2421052631578947,female,0.2285714285714285,0.05590062088711872,two-strong
3,2042,marriage,0.2421052631578947,female,0.2285714285714285,0.05590062088711872,two-strong
3,2043,marriage,0.2421052631578947,female,0.2285714285714285,0.05590062088711872,two-strong
3,2044,marriage,0.2421052631578947,female,0.2285714285714285,0.05590062088711872,two-strong
3,2045,marriage,0.2421052631578947,female,0.2285714285714285,0.05590062088711872,two-strong
3,2046,marriage,0.2421052631578947,female,0.2285714285714285,0.05590062088711872,two-strong
3,2047,marriage,0.2421052631578947,female,0.2285714285714285,0.05590062088711872,two-strong
3,2048,marriage,0.2468126838836221,female,0.2285714285714285,0.07390728446876531,two-strong
3,2049,marriage,0.2421052631578947,female,0.2285714285714285,0.05590062088711872,two-strong
3,2050,marriage,0.2421052631578947,female,0.2285714285714285,0.05590062088711872,two-strong
3,2051,marriage,0.2421052631578947,female,0.2285714285714285,0.05590062088711872,two-strong
3,2052,marriage,0.2421052631578947,female,0.2336466165413533,0.034937888054449355,two-strong
3,2053,marriage,0.2421052631578947,female,0.2285714285714285,0.05590062088711872,two-strong
3,2054,marriage,0.2421052631578947,female,0.2285714285714285,0.05590062088711872,two-strong
3,2055,wealth,0.1944661654135338,,,0.9999999948577173,dominant
3,2056,marriage,0.2421052631578947,female,0.2285714285714285,0.05590062088711872,two-strong
3,2057,marriage,0.2421052631578947,female,0.2285714285714285,0.05590062088711872,two-strong
3,2058,marriage,0.2421052631578947,female,0.2285714285714285,0.05590062088711872,two-strong
3,2059,marriage,0.2421052631578947,female,0.2285714285714285,0.05590062088711872,two-strong
3,2060,marriage,0.2421052631578947,female,0.2285714285714285,0.05590062088711872,two-strong
3,2061,male,0.299822049400326,female,0.2563253052768767,0.1450752006577632,two-strong
3,2062,marriage,0.2421052631578947,female,0.2285714285714285,0.05590062088711872,two-strong
3,2063,marriage,0.2421052631578947,female,0.2285714285714285,0.05590062088711872,two-strong
3,2064,marriage,0.2421052631578947,female,0.2285714285714285,0.05590062088711872,two-strong
3,2065,marriage,0.2421052631578947,female,0.2285714285714285,0.05590062088711872,two-strong
3,2066,marriage,0.2421052631578947,female,0.2285714285714285,0.05590062088711872,two-strong
3,2067,marriage,0.2421052631578947,female,0.2285714285714285,0.05590062088711872,two-strong
3,2068,male,0.2492887837290825,emotion,0.1677224081751737,0.3271963303224893,leaning
3,2069,marriage,0.2421052631578947,female,0.2285714285714285,0.05590062088711872,two-strong
3,2070,marriage,0.2421052631578947,female,0.2285714285714285,0.05590062088711872,two-strong
3,2071,marriage,0.2421052631578947,female,0.2285714285714285,0.05590062088711872,two-strong
3,2072,marriage,0.2421052631578947,female,0.2285714285714285,0.05590062088711872,two-strong
3,2073,marriage,0.2421052631578947,female,0.2285714285714285,0.05590062088711872,two-strong
3,2074,male,0.3068316179087222,female,0.2891261427598732,0.0577042066649465,two-strong
3,2075,marriage,0.2463441211724964,female,0.2285714285714285,0.07214579525718501,two-strong
3,2076,marriage,0.2421052631578947,female,0.2285714285714285,0.05590062088711872,two-strong
3,2077,marriage,0.2421052631578947,female,0.2285714285714285,0.05590062088711872,two-strong
3,2078,marriage,0.2421052631578947,female,0.2285714285714285,0.05590062088711872,two-strong
3,2079,marriage,0.2421052631578947,female,0.2285714285714285,0.05590062088711872,two-strong
3,2080,family,0.2479433878814683,marriage,0.241636700446769,0.02543599756037166,two-strong
3,2081,marriage,0.2421052631578947,female,0.2285714285714285,0.05590062088711872,two-strong
3,2082,wealth,0.2227789865755392,,,0.9999999955112463,dominant
3,2083,marriage,0.2421052631578947,female,0.2285714285714285,0.05590062088711872,two-strong
3,2084,marriage,0.2421052631578947,female,0.2285714285714285,0.05590062088711872,two-strong
3,2085,marriage,0.2421052631578947,female,0.2285714285714285,0.05590062088711872,two-strong
3,2086,marriage,0.2421052631578947,female,0.2285714285714285,0.05590062088711872,two-strong
3,2087,marriage,0.2421052631578947,female,0.2285714285714285,0.05590062088711872,two-strong
3,2088,marriage,0.2437070938215103,male,0.2360902255639098,0.03125419168932709,two-strong
3,2089,marriage,0.2421052631578947,female,0.2285714285714285,0.05590062088711872,two-strong
3,2090,marriage,0.2421052631578947,female,0.2285714285714285,0.05590062088711872,two-strong
3,2091,marriage,0.2421052631578947,female,0.2285714285714285,0.05590062088711872,two-strong
3,2092,marriage,0.2364885587404772,wealth,0.2269000282709509,0.04054543052758558,two-strong
3,2093,marriage,0.2421052631578947,female,0.2285714285714285,0.05590062088711872,two-strong
3,2094,marriage,0.2421052631578947,female,0.2285714285714285,0.05590062088711872,two-strong
3,2095,marriage,0.2421052631578947,female,0.2285714285714285,0.05590062088711872,two-strong
3,2096,marriage,0.2421052631578947,female,0.2285714285714285,0.05590062088711872,two-strong
3,2097,marriage,0.2421052631578947,female,0.2285714285714285,0.05590062088711872,two-strong
3,2098,marriage,0.2421052631578947,female,0.2285714285714285,0.05590062088711872,two-strong
3,2099,marriage,0.2421052631578947,female,0.2285714285714285,0.05590062088711872,two-strong
3,2100,marriage,0.2421052631578947,female,0.2285714285714285,0.05590062088711872,two-strong
3,2101,marriage,0.2421052631578947,female,0.2285714285714285,0.05590062088711872,two-strong
3,2102,marriage,0.2421052631578947,female,0.2285714285714285,0.05590062088711872,two-strong
3,2103,marriage,0.2421052631578947,female,0.2285714285714285,0.05590062088711872,two-strong
3,2104,marriage,0.2421052631578947,female,0.2285714285714285,0.05590062088711872,two-strong
3,2105,marriage,0.2421052631578947,female,0.2285714285714285,0.05590062088711872,two-strong
3,2106,marriage,0.2421052631578947,female,0.2285714285714285,0.05590062088711872,two-strong
3,2107,society,0.2826254252161342,marriage,0.2647528734823216,0.06323759320983659,two-strong
3,2108,marriage,0.2421052631578947,female,0.2285714285714285,0.05590062088711872,two-strong
3,2109,marriage,0.2421052631578947,female,0.2285714285714285,0.05590062088711872,two-strong
3,2110,marriage,0.2421052631578947,female,0.2285714285714285,0.05590062088711872,two-strong
3,2111,marriage,0.2421052631578947,female,0.2285714285714285,0.05590062088711872,two-strong
3,2112,marriage,0.2421052631578947,female,0.2285714285714285,0.05590062088711872,two-strong
3,2113,marriage,0.2421052631578947,female,0.2285714285714285,0.05590062088711872,two-strong
3,2114,marriage,0.2421052631578947,female,0.2285714285714285,0.05590062088711872,two-strong
3,2115,marriage,0.2421052631578947,female,0.2285714285714285,0.05590062088711872,two-strong
3,2116,marriage,0.2421052631578947,female,0.2285714285714285,0.05590062088711872,two-strong
3,2117,marriage,0.2421052631578947,female,0.2336466165413533,0.034937888054449355,two-strong
3,2118,marriage,0.2421052631578947,female,0.2285714285714285,0.05590062088711872,two-strong
3,2119,marriage,0.2421052631578947,female,0.2285714285714285,0.05590062088711872,two-strong
3,2120,marriage,0.2421052631578947,female,0.2285714285714285,0.05590062088711872,two-strong
3,2121,marriage,0.2421052631578947,female,0.2285714285714285,0.05590062088711872,two-strong
3,2122,marriage,0.2421052631578947,female,0.2285714285714285,0.05590062088711872,two-strong
3,2123,marriage,0.2421052631578947,female,0.2285714285714285,0.05590062088711872,two-strong
3,2124,marriage,0.2421052631578947,female,0.2285714285714285,0.05590062088711872,two-strong
3,2125,marriage,0.2421052631578947,female,0.2285714285714285,0.05590062088711872,two-strong
3,2126,marriage,0.2421052631578947,female,0.2285714285714285,0.05590062088711872,two-strong
3,2127,marriage,0.2421052631578947,female,0.2285714285714285,0.05590062088711872,two-strong
3,2128,marriage,0.2421052631578947,female,0.2285714285714285,0.05590062088711872,two-strong
3,2129,marriage,0.2421052631578947,female,0.2285714285714285,0.05590062088711872,two-strong
3,2130,male,0.5795554571030597,love,0.1457659197544596,0.7484866741975559,dominant
3,2131,marriage,0.2421052631578947,female,0.2285714285714285,0.05590062088711872,two-strong
3,2132,marriage,0.2421052631578947,female,0.2285714285714285,0.05590062088711872,two-strong
3,2133,marriage,0.2421052631578947,female,0.2285714285714285,0.05590062088711872,two-strong
3,2134,marriage,0.2421052631578947,female,0.2285714285714285,0.05590062088711872,two-strong
3,2135,marriage,0.2421052631578947,female,0.2285714285714285,0.05590062088711872,two-strong
3,2136,marriage,0.2421052631578947,female,0.2285714285714285,0.05590062088711872,two-strong
3,2137,marriage,0.2421052631578947,female,0.2285714285714285,0.05590062088711872,two-strong
3,2138,marriage,0.2421052631578947,female,0.2285714285714285,0.05590062088711872,two-strong
3,2139,marriage,0.2421052631578947,female,0.2285714285714285,0.05590062088711872,two-strong
3,2140,marriage,0.2421052631578947,female,0.2285714285714285,0.05590062088711872,two-strong
3,2141,marriage,0.2421052631578947,female,0.2285714285714285,0.05590062088711872,two-strong
3,2142,marriage,0.2421052631578947,female,0.2285714285714285,0.05590062088711872,two-strong
3,2143,marriage,0.2421052631578947,female,0.2285714285714285,0.05590062088711872,two-strong
3,2144,marriage,0.2901803319670726,female,0.2690856516524286,0.07269507240188351,two-strong
3,2145,marriage,0.2421052631578947,female,0.2285714285714285,0.05590062088711872,two-strong
3,2146,marriage,0.2421052631578947,female,0.2285714285714285,0.05590062088711872,two-strong
3,2147,marriage,0.2421052631578947,female,0.2285714285714285,0.05590062088711872,two-strong
3,2148,marriage,0.2421052631578947,female,0.2285714285714285,0.05590062088711872,two-strong
3,2149,marriage,0.2421052631578947,female,0.2285714285714285,0.05590062088711872,two-strong
3,2150,marriage,0.2421052631578947,female,0.2285714285714285,0.05590062088711872,two-strong
3,2151,marriage,0.2421052631578947,female,0.2285714285714285,0.05590062088711872,two-strong
3,2152,marriage,0.2421052631578947,female,0.2285714285714285,0.05590062088711872,two-strong
3,2153,scandal,0.1939948372256188,emotion,0.1809618543470088,0.0671821116366636,two-strong
3,2154,marriage,0.2421052631578947,female,0.2285714285714285,0.05590062088711872,two-strong
3,2155,marriage,0.2421052631578947,female,0.2285714285714285,0.05590062088711872,two-strong
3,2156,marriage,0.2421052631578947,female,0.2285714285714285,0.05590062088711872,two-strong
3,2157,marriage,0.2421052631578947,female,0.2285714285714285,0.05590062088711872,two-strong
3,2158,marriage,0.2421052631578947,female,0.2285714285714285,0.05590062088711872,two-strong
3,2159,marriage,0.2421052631578947,female,0.2285714285714285,0.05590062088711872,two-strong
3,2160,love,0.1189896822358793,,,0.99999999159591,dominant
3,2161,marriage,0.2421052631578947,female,0.2285714285714285,0.05590062088711872,two-strong
3,2162,marriage,0.2421052631578947,female,0.2285714285714285,0.05590062088711872,two-strong
3,2163,marriage,0.2421052631578947,female,0.2285714285714285,0.05590062088711872,two-strong
3,2164,marriage,0.2468126838836221,female,0.2336466165413533,0.05334437064479448,two-strong
3,2165,marriage,0.2421052631578947,female,0.2285714285714285,0.05590062088711872,two-strong
3,2166,marriage,0.2421052631578947,female,0.2285714285714285,0.05590062088711872,two-strong
3,2167,marriage,0.2421052631578947,female,0.2285714285714285,0.05590062088711872,two-strong
3,2168,marriage,0.2421052631578947,female,0.2285714285714285,0.05590062088711872,two-strong
3,2169,marriage,0.2421052631578947,female,0.2285714285714285,0.05590062088711872,two-strong
3,2170,marriage,0.2421052631578947,female,0.2285714285714285,0.05590062088711872,two-strong
3,2171,marriage,0.2421052631578947,female,0.2285714285714285,0.05590062088711872,two-strong
3,2172,marriage,0.2421052631578947,female,0.2285714285714285,0.05590062088711872,two-strong
3,2173,marriage,0.2421052631578947,female,0.2285714285714285,0.05590062088711872,two-strong
3,2174,marriage,0.2421052631578947,female,0.2285714285714285,0.05590062088711872,two-strong
3,2175,marriage,0.2421052631578947,female,0.2285714285714285,0.05590062088711872,two-strong
3,2176,marriage,0.2421052631578947,female,0.2285714285714285,0.05590062088711872,two-strong
3,2177,marriage,0.2421052631578947,female,0.2285714285714285,0.05590062088711872,two-strong
3,2178,marriage,0.2421052631578947,female,0.2285714285714285,0.05590062088711872,two-strong
3,2179,marriage,0.2421052631578947,female,0.2285714285714285,0.05590062088711872,two-strong
3,2180,marriage,0.2421052631578947,female,0.2285714285714285,0.05590062088711872,two-strong
3,2181,marriage,0.2421052631578947,female,0.2285714285714285,0.05590062088711872,two-strong
3,2182,marriage,0.2421052631578947,female,0.2285714285714285,0.05590062088711872,two-strong
3,2183,marriage,0.2421052631578947,female,0.2285714285714285,0.05590062088711872,two-strong
3,2184,marriage,0.2421052631578947,female,0.2285714285714285,0.05590062088711872,two-strong
3,2185,marriage,0.2421052631578947,female,0.2285714285714285,0.05590062088711872,two-strong
3,2186,marriage,0.2421052631578947,female,0.2285714285714285,0.05590062088711872,two-strong
3,2187,marriage,0.2421052631578947,female,0.2285714285714285,0.05590062088711872,two-strong
3,2188,marriage,0.2421052631578947,female,0.2285714285714285,0.05590062088711872,two-strong
3,2189,marriage,0.2421052631578947,female,0.2285714285714285,0.05590062088711872,two-strong
3,2190,female,0.2352579788198683,marriage,0.2237450100429568,0.04893763342576822,two-strong
3,2191,marriage,0.2421052631578947,female,0.2285714285714285,0.05590062088711872,two-strong
3,2192,marriage,0.2421052631578947,female,0.2285714285714285,0.05590062088711872,two-strong
3,2193,female,0.2336466165413533,male,0.2022556390977443,0.13435237271540248,two-strong
3,2194,marriage,0.2468126838836221,female,0.2285714285714285,0.07390728446876531,two-strong
3,2195,marriage,0.2421052631578947,female,0.2285714285714285,0.05590062088711872,two-strong
3,2196,marriage,0.2421052631578947,female,0.2303571428571428,0.048524844520068375,two-strong
3,2197,marriage,0.2421052631578947,female,0.2285714285714285,0.05590062088711872,two-strong
3,2198,marriage,0.2421052631578947,female,0.2285714285714285,0.05590062088711872,two-strong
3,2199,marriage,0.2421052631578947,female,0.2285714285714285,0.05590062088711872,two-strong
3,2200,marriage,0.2421052631578947,female,0.2285714285714285,0.05590062088711872,two-strong
3,2201,marriage,0.2421052631578947,female,0.2285714285714285,0.05590062088711872,two-strong
3,2202,marriage,0.2421052631578947,female,0.2285714285714285,0.05590062088711872,two-strong
3,2203,marriage,0.2552359237085743,female,0.2346196898199378,0.08077324503662986,two-strong
3,2204,marriage,0.2421052631578947,female,0.2285714285714285,0.05590062088711872,two-strong
3,2205,marriage,0.2421052631578947,female,0.2285714285714285,0.05590062088711872,two-strong
3,2206,marriage,0.2421052631578947,female,0.2285714285714285,0.05590062088711872,two-strong
3,2207,marriage,0.2436526097853329,female,0.2283834586466165,0.06266770993957911,two-strong
3,2208,marriage,0.2421052631578947,female,0.2285714285714285,0.05590062088711872,two-strong
3,2209,marriage,0.2421052631578947,female,0.2285714285714285,0.05590062088711872,two-strong
3,2210,marriage,0.2421052631578947,female,0.2285714285714285,0.05590062088711872,two-strong
3,2211,marriage,0.2421052631578947,female,0.2285714285714285,0.05590062088711872,two-strong
3,2212,marriage,0.2421052631578947,female,0.2285714285714285,0.05590062088711872,two-strong
3,2213,marriage,0.2421052631578947,female,0.2285714285714285,0.05590062088711872,two-strong
3,2214,marriage,0.2421052631578947,female,0.2285714285714285,0.05590062088711872,two-strong
3,2215,marriage,0.2421052631578947,female,0.2285714285714285,0.05590062088711872,two-strong
3,2216,marriage,0.2354297191105417,female,0.2156575284300231,0.08398340987380412,two-strong
3,2217,marriage,0.2421052631578947,female,0.2285714285714285,0.05590062088711872,two-strong
3,2218,marriage,0.2421052631578947,female,0.2285714285714285,0.05590062088711872,two-strong
3,2219,marriage,0.2421052631578947,female,0.2285714285714285,0.05590062088711872,two-strong
3,2220,marriage,0.2421052631578947,female,0.2285714285714285,0.05590062088711872,two-strong
3,2221,marriage,0.2421052631578947,female,0.2285714285714285,0.05590062088711872,two-strong
3,2222,marriage,0.2421052631578947,female,0.2285714285714285,0.05590062088711872,two-strong
3,2223,marriage,0.2421052631578947,female,0.2285714285714285,0.05590062088711872,two-strong
3,2224,marriage,0.2421052631578947,female,0.2285714285714285,0.05590062088711872,two-strong
3,2225,marriage,0.2421052631578947,female,0.2285714285714285,0.05590062088711872,two-strong
3,2226,marriage,0.2421052631578947,female,0.2285714285714285,0.05590062088711872,two-strong
3,2227,marriage,0.2494497112346082,female,0.2285714285714285,0.08369736118814848,two-strong
3,2228,marriage,0.2421052631578947,female,0.2285714285714285,0.05590062088711872,two-strong
3,2229,marriage,0.2421052631578947,female,0.2285714285714285,0.05590062088711872,two-strong
3,2230,marriage,0.2421052631578947,female,0.2285714285714285,0.05590062088711872,two-strong
3,2231,marriage,0.2421052631578947,female,0.2285714285714285,0.05590062088711872,two-strong
3,2232,marriage,0.2421052631578947,female,0.2285714285714285,0.05590062088711872,two-strong
3,2233,marriage,0.2421052631578947,female,0.2285714285714285,0.05590062088711872,two-strong
3,2234,marriage,0.2421052631578947,female,0.2285714285714285,0.05590062088711872,two-strong
3,2235,marriage,0.2421052631578947,female,0.2285714285714285,0.05590062088711872,two-strong
3,2236,marriage,0.2421542987904544,female,0.2292606516290727,0.053245584210311656,two-strong
3,2237,marriage,0.2421052631578947,female,0.2285714285714285,0.05590062088711872,two-strong
3,2238,marriage,0.2421052631578947,female,0.2285714285714285,0.05590062088711872,two-strong
3,2239,marriage,0.2421052631578947,female,0.2303571428571428,0.048524844520068375,two-strong
3,2240,marriage,0.2421052631578947,female,0.2285714285714285,0.05590062088711872,two-strong
3,2241,marriage,0.2421052631578947,female,0.2285714285714285,0.05590062088711872,two-strong
3,2242,marriage,0.2421052631578947,female,0.2285714285714285,0.05590062088711872,two-strong
3,2243,marriage,0.2421052631578947,female,0.2285714285714285,0.05590062088711872,two-strong
3,2244,marriage,0.2421052631578947,female,0.2285714285714285,0.05590062088711872,two-strong
3,2245,marriage,0.2421052631578947,female,0.2285714285714285,0.05590062088711872,two-strong
3,2246,marriage,0.2440134579114613,emotion,0.2324724145507046,0.04729674917211962,two-strong
3,2247,marriage,0.2421052631578947,female,0.2285714285714285,0.05590062088711872,two-strong
3,2248,marriage,0.2421052631578947,female,0.2285714285714285,0.05590062088711872,two-strong
3,2249,marriage,0.2421052631578947,female,0.2285714285714285,0.05590062088711872,two-strong
3,2250,marriage,0.2421052631578947,female,0.2285714285714285,0.05590062088711872,two-strong
3,2251,marriage,0.2421052631578947,female,0.2285714285714285,0.05590062088711872,two-strong
3,2252,marriage,0.2421052631578947,female,0.2285714285714285,0.05590062088711872,two-strong
3,2253,marriage,0.2421052631578947,female,0.2285714285714285,0.05590062088711872,two-strong
3,2254,marriage,0.2421052631578947,female,0.2285714285714285,0.05590062088711872,two-strong
3,2255,marriage,0.2421052631578947,female,0.2285714285714285,0.05590062088711872,two-strong
3,2256,marriage,0.2421052631578947,female,0.2285714285714285,0.05590062088711872,two-strong
3,2257,marriage,0.2421052631578947,female,0.2285714285714285,0.05590062088711872,two-strong
3,2258,marriage,0.2421052631578947,female,0.2285714285714285,0.05590062088711872,two-strong
3,2259,marriage,0.2421052631578947,female,0.2285714285714285,0.05590062088711872,two-strong
3,2260,marriage,0.2515201046093495,female,0.2303571428571428,0.08414023881286102,two-strong
3,2261,marriage,0.2421052631578947,female,0.2285714285714285,0.05590062088711872,two-strong
3,2262,marriage,0.2421052631578947,female,0.2285714285714285,0.05590062088711872,two-strong
3,2263,marriage,0.2421052631578947,female,0.2285714285714285,0.05590062088711872,two-strong
3,2264,marriage,0.2421052631578947,female,0.2285714285714285,0.05590062088711872,two-strong
3,2265,marriage,0.2421052631578947,female,0.2285714285714285,0.05590062088711872,two-strong
3,2266,marriage,0.2421052631578947,female,0.2285714285714285,0.05590062088711872,two-strong
3,2267,marriage,0.2421052631578947,female,0.2285714285714285,0.05590062088711872,two-strong
3,2268,marriage,0.2421052631578947,female,0.2285714285714285,0.05590062088711872,two-strong
3,2269,marriage,0.2468126838836221,female,0.2285714285714285,0.07390728446876531,two-strong
3,2270,marriage,0.2421052631578947,female,0.2285714285714285,0.05590062088711872,two-strong
3,2271,marriage,0.2421052631578947,female,0.2285714285714285,0.05590062088711872,two-strong
3,2272,marriage,0.2421052631578947,female,0.2285714285714285,0.05590062088711872,two-strong
3,2273,marriage,0.2421052631578947,female,0.2285714285714285,0.05590062088711872,two-strong
3,2274,marriage,0.2421052631578947,female,0.2285714285714285,0.05590062088711872,two-strong
3,2275,marriage,0.2421052631578947,female,0.2285714285714285,0.05590062088711872,two-strong
3,2276,marriage,0.2421052631578947,female,0.2285714285714285,0.05590062088711872,two-strong
3,2277,marriage,0.2421052631578947,female,0.2285714285714285,0.05590062088711872,two-strong
3,2278,marriage,0.2421052631578947,female,0.2285714285714285,0.05590062088711872,two-strong
3,2279,marriage,0.2421052631578947,female,0.2285714285714285,0.05590062088711872,two-strong
3,2280,marriage,0.2421052631578947,female,0.2285714285714285,0.05590062088711872,two-strong
3,2281,marriage,0.2421052631578947,female,0.2285714285714285,0.05590062088711872,two-strong
3,2282,marriage,0.2421052631578947,female,0.2285714285714285,0.05590062088711872,two-strong
3,2283,marriage,0.2421052631578947,female,0.2285714285714285,0.05590062088711872,two-strong
3,2284,marriage,0.2421052631578947,female,0.2285714285714285,0.05590062088711872,two-strong
3,2285,marriage,0.2421052631578947,female,0.2285714285714285,0.05590062088711872,two-strong
3,2286,marriage,0.2421052631578947,female,0.2285714285714285,0.05590062088711872,two-strong
3,2287,marriage,0.2421052631578947,female,0.2285714285714285,0.05590062088711872,two-strong
3,2288,marriage,0.2421052631578947,female,0.2285714285714285,0.05590062088711872,two-strong
3,2289,marriage,0.2421052631578947,female,0.2285714285714285,0.05590062088711872,two-strong
3,2290,marriage,0.2421052631578947,female,0.2285714285714285,0.05590062088711872,two-strong
3,2291,marriage,0.2421052631578947,female,0.2285714285714285,0.05590062088711872,two-strong
3,2292,marriage,0.2421052631578947,female,0.2285714285714285,0.05590062088711872,two-strong
3,2293,marriage,0.2421052631578947,female,0.2285714285714285,0.05590062088711872,two-strong
3,2294,marriage,0.2421052631578947,female,0.2285714285714285,0.05590062088711872,two-strong
3,2295,marriage,0.2421052631578947,female,0.2285714285714285,0.05590062088711872,two-strong
3,2296,marriage,0.2421052631578947,female,0.2285714285714285,0.05590062088711872,two-strong
3,2297,marriage,0.2421052631578947,female,0.2285714285714285,0.05590062088711872,two-strong
3,2298,marriage,0.2421052631578947,female,0.2285714285714285,0.05590062088711872,two-strong
3,2299,marriage,0.2421052631578947,female,0.2285714285714285,0.05590062088711872,two-strong
3,2300,marriage,0.2442931863821043,female,0.2294016290726817,0.06095772652935421,two-strong
3,2301,marriage,0.2421052631578947,female,0.2285714285714285,0.05590062088711872,two-strong
3,2302,marriage,0.2421052631578947,female,0.2285714285714285,0.05590062088711872,two-strong
3,2303,marriage,0.2421052631578947,female,0.2285714285714285,0.05590062088711872,two-strong
3,2304,marriage,0.2421052631578947,female,0.2285714285714285,0.05590062088711872,two-strong
3,2305,female,0.2873220023782282,duty,0.2301423495327196,0.19900895919286002,two-strong
3,2306,marriage,0.2421052631578947,female,0.2285714285714285,0.05590062088711872,two-strong
3,2307,marriage,0.2421052631578947,female,0.2285714285714285,0.05590062088711872,two-strong
3,2308,marriage,0.2421052631578947,female,0.2285714285714285,0.05590062088711872,two-strong
3,2309,marriage,0.2421052631578947,female,0.2285714285714285,0.05590062088711872,two-strong
3,2310,marriage,0.2421052631578947,female,0.2285714285714285,0.05590062088711872,two-strong
3,2311,marriage,0.2421052631578947,female,0.2285714285714285,0.05590062088711872,two-strong
3,2312,marriage,0.2421052631578947,female,0.2285714285714285,0.05590062088711872,two-strong
3,2313,marriage,0.2421052631578947,female,0.2285714285714285,0.05590062088711872,two-strong
3,2314,marriage,0.2421052631578947,female,0.2336466165413533,0.034937888054449355,two-strong
3,2315,marriage,0.2421052631578947,female,0.2285714285714285,0.05590062088711872,two-strong
3,2316,marriage,0.2421052631578947,female,0.2285714285714285,0.05590062088711872,two-strong
3,2317,marriage,0.2421052631578947,female,0.2285714285714285,0.05590062088711872,two-strong
3,2318,marriage,0.2421542987904544,female,0.231484962406015,0.04406007406712164,two-strong
3,2319,marriage,0.2421052631578947,female,0.2285714285714285,0.05590062088711872,two-strong
3,2320,marriage,0.2421052631578947,female,0.2285714285714285,0.05590062088711872,two-strong
3,2321,marriage,0.2421052631578947,female,0.2285714285714285,0.05590062088711872,two-strong
3,2322,marriage,0.2421052631578947,female,0.2285714285714285,0.05590062088711872,two-strong
3,2323,marriage,0.2421052631578947,female,0.2285714285714285,0.05590062088711872,two-strong
3,2324,marriage,0.2421052631578947,female,0.2285714285714285,0.05590062088711872,two-strong
3,2325,marriage,0.2421052631578947,female,0.2285714285714285,0.05590062088711872,two-strong
3,2326,female,0.2437969924812029,marriage,0.2421052631578947,0.0069390901797097984,two-strong
3,2327,marriage,0.2421052631578947,female,0.2285714285714285,0.05590062088711872,two-strong
3,2328,marriage,0.2421052631578947,female,0.2285714285714285,0.05590062088711872,two-strong
3,2329,marriage,0.2421052631578947,female,0.2285714285714285,0.05590062088711872,two-strong
3,2330,marriage,0.2421052631578947,female,0.2285714285714285,0.05590062088711872,two-strong
3,2331,marriage,0.2421052631578947,female,0.2285714285714285,0.05590062088711872,two-strong
3,2332,marriage,0.2421052631578947,female,0.2285714285714285,0.05590062088711872,two-strong
3,2333,marriage,0.2421052631578947,female,0.2285714285714285,0.05590062088711872,two-strong
3,2334,marriage,0.2421052631578947,female,0.2285714285714285,0.05590062088711872,two-strong
3,2335,marriage,0.2421052631578947,female,0.2285714285714285,0.05590062088711872,two-strong
3,2336,marriage,0.2421052631578947,female,0.2285714285714285,0.05590062088711872,two-strong
3,2337,marriage,0.2421052631578947,female,0.2285714285714285,0.05590062088711872,two-strong
3,2338,marriage,0.2421052631578947,female,0.2285714285714285,0.05590062088711872,two-strong
3,2339,marriage,0.2421052631578947,female,0.2285714285714285,0.05590062088711872,two-strong
3,2340,marriage,0.2421052631578947,female,0.2285714285714285,0.05590062088711872,two-strong
3,2341,marriage,0.2421052631578947,female,0.2285714285714285,0.05590062088711872,two-strong
3,2342,marriage,0.2421052631578947,female,0.2285714285714285,0.05590062088711872,two-strong
3,2343,marriage,0.2421052631578947,female,0.2285714285714285,0.05590062088711872,two-strong
3,2344,marriage,0.2421052631578947,female,0.2285714285714285,0.05590062088711872,two-strong
3,2345,marriage,0.2421052631578947,female,0.2285714285714285,0.05590062088711872,two-strong
3,2346,marriage,0.2421052631578947,female,0.2285714285714285,0.05590062088711872,two-strong
3,2347,female,0.3081900261662229,,,0.9999999967552485,dominant
3,2348,marriage,0.2421052631578947,female,0.2285714285714285,0.05590062088711872,two-strong
3,2349,marriage,0.2421052631578947,female,0.2285714285714285,0.05590062088711872,two-strong
3,2350,marriage,0.2421052631578947,female,0.2285714285714285,0.05590062088711872,two-strong
3,2351,marriage,0.2421052631578947,female,0.2285714285714285,0.05590062088711872,two-strong
3,2352,marriage,0.2421052631578947,female,0.2285714285714285,0.05590062088711872,two-strong
3,2353,marriage,0.2421052631578947,female,0.2285714285714285,0.05590062088711872,two-strong
3,2354,marriage,0.2421052631578947,female,0.2285714285714285,0.05590062088711872,two-strong
3,2355,male,0.2459945763941868,marriage,0.236272408530305,0.03952187876199715,two-strong
3,2356,marriage,0.2421052631578947,female,0.2285714285714285,0.05590062088711872,two-strong
3,2357,marriage,0.2421052631578947,female,0.2285714285714285,0.05590062088711872,two-strong
3,2358,marriage,0.2421052631578947,female,0.2285714285714285,0.05590062088711872,two-strong
3,2359,marriage,0.2421052631578947,female,0.2285714285714285,0.05590062088711872,two-strong
3,2360,marriage,0.2421052631578947,female,0.2285714285714285,0.05590062088711872,two-strong
3,2361,marriage,0.2421052631578947,female,0.2285714285714285,0.05590062088711872,two-strong
3,2362,marriage,0.2421052631578947,female,0.2285714285714285,0.05590062088711872,two-strong
3,2363,marriage,0.2421052631578947,female,0.2285714285714285,0.05590062088711872,two-strong
3,2364,marriage,0.2421052631578947,female,0.2285714285714285,0.05590062088711872,two-strong
3,2365,marriage,0.2421052631578947,female,0.2285714285714285,0.05590062088711872,two-strong
3,2366,marriage,0.2421052631578947,female,0.2285714285714285,0.05590062088711872,two-strong
3,2367,marriage,0.2484145145472376,female,0.2285714285714285,0.07987893111679215,two-strong
3,2368,marriage,0.2421052631578947,female,0.2285714285714285,0.05590062088711872,two-strong
3,2369,marriage,0.2421052631578947,female,0.2285714285714285,0.05590062088711872,two-strong
3,2370,marriage,0.2421052631578947,female,0.2285714285714285,0.05590062088711872,two-strong
3,2371,marriage,0.2421052631578947,female,0.2285714285714285,0.05590062088711872,two-strong
3,2372,male,0.3980751627964191,family,0.3605687792349447,0.0942193509481432,two-strong
3,2373,marriage,0.2421052631578947,female,0.2285714285714285,0.05590062088711872,two-strong
3,2374,marriage,0.2421052631578947,female,0.2285714285714285,0.05590062088711872,two-strong
3,2375,marriage,0.2421052631578947,female,0.2285714285714285,0.05590062088711872,two-strong
3,2376,marriage,0.2421052631578947,female,0.2285714285714285,0.05590062088711872,two-strong
3,2377,marriage,0.2421052631578947,female,0.2285714285714285,0.05590062088711872,two-strong
3,2378,marriage,0.2421052631578947,female,0.2285714285714285,0.05590062088711872,two-strong
3,2379,marriage,0.2421052631578947,female,0.2285714285714285,0.05590062088711872,two-strong
3,2380,marriage,0.2421052631578947,female,0.2285714285714285,0.05590062088711872,two-strong
3,2381,marriage,0.2421052631578947,female,0.2285714285714285,0.05590062088711872,two-strong
3,2382,marriage,0.2421052631578947,female,0.2285714285714285,0.05590062088711872,two-strong
3,2383,marriage,0.2421052631578947,female,0.2285714285714285,0.05590062088711872,two-strong
3,2384,marriage,0.2421052631578947,female,0.2285714285714285,0.05590062088711872,two-strong
3,2385,marriage,0.2468126838836221,female,0.2285714285714285,0.07390728446876531,two-strong
3,2386,marriage,0.2421052631578947,female,0.2285714285714285,0.05590062088711872,two-strong
3,2387,marriage,0.2421052631578947,female,0.2285714285714285,0.05590062088711872,two-strong
3,2388,female,0.3071849411307554,marriage,0.2535567555106927,0.17457947400701532,two-strong
3,2389,marriage,0.2421052631578947,female,0.2285714285714285,0.05590062088711872,two-strong
3,2390,marriage,0.2421052631578947,female,0.2285714285714285,0.05590062088711872,two-strong
3,2391,marriage,0.2421052631578947,female,0.2285714285714285,0.05590062088711872,two-strong
3,2392,marriage,0.2421052631578947,female,0.2285714285714285,0.05590062088711872,two-strong
3,2393,marriage,0.2421052631578947,female,0.2285714285714285,0.05590062088711872,two-strong
3,2394,marriage,0.2421052631578947,female,0.2285714285714285,0.05590062088711872,two-strong
3,2395,marriage,0.2421052631578947,female,0.2285714285714285,0.05590062088711872,two-strong
3,2396,marriage,0.2421052631578947,female,0.2285714285714285,0.05590062088711872,two-strong
3,2397,marriage,0.2421052631578947,female,0.2285714285714285,0.05590062088711872,two-strong
3,2398,marriage,0.2421052631578947,female,0.2285714285714285,0.05590062088711872,two-strong
3,2399,marriage,0.2421052631578947,female,0.2285714285714285,0.05590062088711872,two-strong
3,2400,marriage,0.2421052631578947,female,0.2285714285714285,0.05590062088711872,two-strong
3,2401,marriage,0.2421052631578947,female,0.2285714285714285,0.05590062088711872,two-strong
3,2402,marriage,0.2421052631578947,female,0.2285714285714285,0.05590062088711872,two-strong
3,2403,marriage,0.2328124997867365,female,0.2235214600127964,0.039907821712936976,two-strong
3,2404,marriage,0.2421052631578947,female,0.2285714285714285,0.05590062088711872,two-strong
3,2405,marriage,0.2421052631578947,female,0.2285714285714285,0.05590062088711872,two-strong
3,2406,marriage,0.2421052631578947,female,0.2285714285714285,0.05590062088711872,two-strong
3,2407,marriage,0.2421052631578947,female,0.2285714285714285,0.05590062088711872,two-strong
3,2408,marriage,0.2421052631578947,female,0.2285714285714285,0.05590062088711872,two-strong
3,2409,marriage,0.2596927100359594,female,0.2285714285714285,0.119838871643269,two-strong
3,2410,marriage,0.2421052631578947,female,0.2285714285714285,0.05590062088711872,two-strong
3,2411,marriage,0.2421052631578947,female,0.2285714285714285,0.05590062088711872,two-strong
3,2412,marriage,0.2421052631578947,female,0.2285714285714285,0.05590062088711872,two-strong
3,2413,marriage,0.2421052631578947,female,0.2285714285714285,0.05590062088711872,two-strong
3,2414,marriage,0.2421052631578947,female,0.2285714285714285,0.05590062088711872,two-strong
3,2415,marriage,0.2421052631578947,female,0.2285714285714285,0.05590062088711872,two-strong
3,2416,marriage,0.2421052631578947,female,0.2285714285714285,0.05590062088711872,two-strong
3,2417,marriage,0.2421052631578947,female,0.2285714285714285,0.05590062088711872,two-strong
3,2418,marriage,0.2421052631578947,female,0.2285714285714285,0.05590062088711872,two-strong
3,2419,marriage,0.2421052631578947,female,0.2285714285714285,0.05590062088711872,two-strong
3,2420,marriage,0.2421052631578947,female,0.2285714285714285,0.05590062088711872,two-strong
3,2421,marriage,0.2421052631578947,female,0.2285714285714285,0.05590062088711872,two-strong
3,2422,marriage,0.2421052631578947,female,0.2285714285714285,0.05590062088711872,two-strong
3,2423,marriage,0.2421052631578947,female,0.2285714285714285,0.05590062088711872,two-strong
3,2424,emotion,0.1743934097451467,,,0.9999999942658384,dominant
3,2425,female,0.3244713980301331,marriage,0.2933390250336621,0.09594797288613956,two-strong
3,2426,marriage,0.2421052631578947,female,0.2285714285714285,0.05590062088711872,two-strong
3,2427,marriage,0.2421052631578947,female,0.2285714285714285,0.05590062088711872,two-strong
3,2428,marriage,0.2421052631578947,female,0.2285714285714285,0.05590062088711872,two-strong
3,2429,marriage,0.2421052631578947,female,0.2285714285714285,0.05590062088711872,two-strong
3,2430,marriage,0.2421052631578947,female,0.2285714285714285,0.05590062088711872,two-strong
3,2431,marriage,0.2421052631578947,female,0.2285714285714285,0.05590062088711872,two-strong
3,2432,marriage,0.2421052631578947,female,0.2285714285714285,0.05590062088711872,two-strong
3,2433,marriage,0.2421052631578947,female,0.2285714285714285,0.05590062088711872,two-strong
3,2434,marriage,0.2421052631578947,female,0.2285714285714285,0.05590062088711872,two-strong
3,2435,marriage,0.2421052631578947,female,0.2285714285714285,0.05590062088711872,two-strong
3,2436,marriage,0.2421052631578947,female,0.2285714285714285,0.05590062088711872,two-strong
3,2437,marriage,0.2421052631578947,female,0.2285714285714285,0.05590062088711872,two-strong
3,2438,marriage,0.2421052631578947,female,0.2285714285714285,0.05590062088711872,two-strong
3,2439,marriage,0.2421052631578947,female,0.2285714285714285,0.05590062088711872,two-strong
3,2440,marriage,0.2421052631578947,female,0.2285714285714285,0.05590062088711872,two-strong
3,2441,marriage,0.2421052631578947,female,0.2285714285714285,0.05590062088711872,two-strong
3,2442,female,0.2694669674023512,marriage,0.2536015151333108,0.05887716911317717,two-strong
3,2443,marriage,0.2421052631578947,female,0.2285714285714285,0.05590062088711872,two-strong
3,2444,marriage,0.2421052631578947,female,0.2285714285714285,0.05590062088711872,two-strong
3,2445,marriage,0.2421052631578947,female,0.2285714285714285,0.05590062088711872,two-strong
3,2446,marriage,0.2421052631578947,female,0.2285714285714285,0.05590062088711872,two-strong
3,2447,marriage,0.2421052631578947,female,0.2285714285714285,0.05590062088711872,two-strong
3,2448,marriage,0.2421052631578947,female,0.2285714285714285,0.05590062088711872,two-strong
3,2449,marriage,0.2421052631578947,female,0.2285714285714285,0.05590062088711872,two-strong
3,2450,marriage,0.2421052631578947,female,0.2285714285714285,0.05590062088711872,two-strong
3,2451,marriage,0.2421052631578947,female,0.2285714285714285,0.05590062088711872,two-strong
3,2452,marriage,0.2421052631578947,female,0.2285714285714285,0.05590062088711872,two-strong
3,2453,marriage,0.2421052631578947,female,0.2285714285714285,0.05590062088711872,two-strong
3,2454,marriage,0.2421052631578947,female,0.2285714285714285,0.05590062088711872,two-strong
3,2455,marriage,0.2421052631578947,female,0.2336466165413533,0.034937888054449355,two-strong
3,2456,marriage,0.2421052631578947,female,0.2285714285714285,0.05590062088711872,two-strong
3,2457,marriage,0.2421052631578947,female,0.2285714285714285,0.05590062088711872,two-strong
3,2458,marriage,0.2421052631578947,female,0.2285714285714285,0.05590062088711872,two-strong
3,2459,marriage,0.2421052631578947,female,0.2285714285714285,0.05590062088711872,two-strong
3,2460,marriage,0.2421052631578947,female,0.2285714285714285,0.05590062088711872,two-strong
3,2461,marriage,0.2421052631578947,female,0.2285714285714285,0.05590062088711872,two-strong
3,2462,marriage,0.2421052631578947,female,0.2285714285714285,0.05590062088711872,two-strong
3,2463,marriage,0.2468126838836221,female,0.2285714285714285,0.07390728446876531,two-strong
3,2464,female,0.2906625607709395,marriage,0.2382241630050863,0.18040987957430155,two-strong
3,2465,marriage,0.2421052631578947,female,0.2285714285714285,0.05590062088711872,two-strong
3,2466,marriage,0.2421052631578947,female,0.2285714285714285,0.05590062088711872,two-strong
3,2467,marriage,0.2421052631578947,female,0.2285714285714285,0.05590062088711872,two-strong
3,2468,marriage,0.2421052631578947,female,0.2285714285714285,0.05590062088711872,two-strong
3,2469,marriage,0.2421052631578947,female,0.2285714285714285,0.05590062088711872,two-strong
3,2470,marriage,0.2421052631578947,female,0.2285714285714285,0.05590062088711872,two-strong
3,2471,marriage,0.2421052631578947,female,0.2285714285714285,0.05590062088711872,two-strong
3,2472,marriage,0.2421052631578947,female,0.2285714285714285,0.05590062088711872,two-strong
3,2473,marriage,0.2421052631578947,female,0.2285714285714285,0.05590062088711872,two-strong
3,2474,marriage,0.2421052631578947,female,0.2285714285714285,0.05590062088711872,two-strong
3,2475,marriage,0.2421052631578947,female,0.2285714285714285,0.05590062088711872,two-strong
3,2476,marriage,0.2421052631578947,female,0.2285714285714285,0.05590062088711872,two-strong
3,2477,marriage,0.2421052631578947,female,0.2285714285714285,0.05590062088711872,two-strong
3,2478,marriage,0.2421052631578947,female,0.2285714285714285,0.05590062088711872,two-strong
3,2479,marriage,0.2421052631578947,female,0.2285714285714285,0.05590062088711872,two-strong
3,2480,marriage,0.2421052631578947,female,0.2285714285714285,0.05590062088711872,two-strong
3,2481,marriage,0.2421052631578947,female,0.2285714285714285,0.05590062088711872,two-strong
3,2482,marriage,0.2421052631578947,female,0.2285714285714285,0.05590062088711872,two-strong
3,2483,marriage,0.2421052631578947,female,0.2285714285714285,0.05590062088711872,two-strong
3,2484,marriage,0.2421052631578947,female,0.2285714285714285,0.05590062088711872,two-strong
3,2485,marriage,0.2421052631578947,female,0.2285714285714285,0.05590062088711872,two-strong
3,2486,marriage,0.2421052631578947,female,0.2285714285714285,0.05590062088711872,two-strong
3,2487,marriage,0.2421052631578947,female,0.2285714285714285,0.05590062088711872,two-strong
3,2488,marriage,0.2421052631578947,female,0.2285714285714285,0.05590062088711872,two-strong
3,2489,marriage,0.2421052631578947,female,0.2285714285714285,0.05590062088711872,two-strong
3,2490,marriage,0.2421052631578947,female,0.2285714285714285,0.05590062088711872,two-strong
3,2491,marriage,0.2421052631578947,female,0.2285714285714285,0.05590062088711872,two-strong
3,2492,marriage,0.2421052631578947,female,0.2285714285714285,0.05590062088711872,two-strong
3,2493,marriage,0.2421052631578947,female,0.2285714285714285,0.05590062088711872,two-strong
3,2494,marriage,0.2421052631578947,female,0.2285714285714285,0.05590062088711872,two-strong
3,2495,love,0.1408175611442399,,,0.9999999928986131,dominant
3,2496,marriage,0.2421052631578947,female,0.2285714285714285,0.05590062088711872,two-strong
3,2497,marriage,0.2421052631578947,female,0.2285714285714285,0.05590062088711872,two-strong
3,2498,marriage,0.2421052631578947,female,0.2285714285714285,0.05590062088711872,two-strong
3,2499,marriage,0.2421052631578947,female,0.2285714285714285,0.05590062088711872,two-strong
3,2500,marriage,0.2421052631578947,female,0.2285714285714285,0.05590062088711872,two-strong
3,2501,marriage,0.2421052631578947,female,0.2285714285714285,0.05590062088711872,two-strong
3,2502,marriage,0.2421052631578947,female,0.2285714285714285,0.05590062088711872,two-strong
3,2503,marriage,0.2421052631578947,female,0.2285714285714285,0.05590062088711872,two-strong
3,2504,marriage,0.2421052631578947,female,0.2285714285714285,0.05590062088711872,two-strong
3,2505,marriage,0.2421052631578947,female,0.2285714285714285,0.05590062088711872,two-strong
3,2506,marriage,0.2421052631578947,female,0.2285714285714285,0.05590062088711872,two-strong
3,2507,marriage,0.2421052631578947,female,0.2285714285714285,0.05590062088711872,two-strong
3,2508,marriage,0.2421052631578947,female,0.2285714285714285,0.05590062088711872,two-strong
3,2509,marriage,0.2421052631578947,female,0.2285714285714285,0.05590062088711872,two-strong
3,2510,marriage,0.2421052631578947,female,0.2285714285714285,0.05590062088711872,two-strong
3,2511,marriage,0.2421052631578947,female,0.2285714285714285,0.05590062088711872,two-strong
3,2512,marriage,0.2421052631578947,female,0.2285714285714285,0.05590062088711872,two-strong
3,2513,marriage,0.2429427606282787,female,0.2285714285714285,0.05915521812845543,two-strong
3,2514,marriage,0.2421052631578947,female,0.2285714285714285,0.05590062088711872,two-strong
3,2515,marriage,0.2421052631578947,female,0.2285714285714285,0.05590062088711872,two-strong
3,2516,marriage,0.2421052631578947,female,0.2285714285714285,0.05590062088711872,two-strong
3,2517,marriage,0.2421052631578947,female,0.2285714285714285,0.05590062088711872,two-strong
3,2518,marriage,0.2421052631578947,female,0.2285714285714285,0.05590062088711872,two-strong
3,2519,marriage,0.2421052631578947,female,0.2285714285714285,0.05590062088711872,two-strong
3,2520,marriage,0.2421052631578947,female,0.2285714285714285,0.05590062088711872,two-strong
3,2521,marriage,0.2421052631578947,female,0.2285714285714285,0.05590062088711872,two-strong
3,2522,marriage,0.2421052631578947,female,0.2285714285714285,0.05590062088711872,two-strong
3,2523,marriage,0.2421052631578947,female,0.2285714285714285,0.05590062088711872,two-strong
3,2524,marriage,0.2421052631578947,female,0.2285714285714285,0.05590062088711872,two-strong
3,2525,marriage,0.2421052631578947,female,0.2285714285714285,0.05590062088711872,two-strong
3,2526,marriage,0.2421052631578947,female,0.2285714285714285,0.05590062088711872,two-strong
3,2527,marriage,0.2421052631578947,female,0.2285714285714285,0.05590062088711872,two-strong
3,2528,marriage,0.2421052631578947,female,0.2285714285714285,0.05590062088711872,two-strong
3,2529,marriage,0.2421052631578947,female,0.2285714285714285,0.05590062088711872,two-strong
3,2530,marriage,0.2421052631578947,female,0.2285714285714285,0.05590062088711872,two-strong
3,2531,marriage,0.2421052631578947,female,0.2285714285714285,0.05590062088711872,two-strong
3,2532,marriage,0.2421052631578947,female,0.2285714285714285,0.05590062088711872,two-strong
3,2533,marriage,0.2421052631578947,female,0.2285714285714285,0.05590062088711872,two-strong
3,2534,marriage,0.2421052631578947,female,0.2285714285714285,0.05590062088711872,two-strong
3,2535,marriage,0.2421052631578947,female,0.2285714285714285,0.05590062088711872,two-strong
3,2536,marriage,0.2421052631578947,female,0.2285714285714285,0.05590062088711872,two-strong
3,2537,marriage,0.2421052631578947,female,0.2285714285714285,0.05590062088711872,two-strong
3,2538,marriage,0.2421052631578947,female,0.2285714285714285,0.05590062088711872,two-strong
3,2539,marriage,0.2421542987904544,family,0.1996461742591773,0.17554148147714507,two-strong
3,2540,marriage,0.2421052631578947,female,0.2285714285714285,0.05590062088711872,two-strong
3,2541,marriage,0.2421052631578947,female,0.2285714285714285,0.05590062088711872,two-strong
3,2542,marriage,0.2421052631578947,female,0.2285714285714285,0.05590062088711872,two-strong
3,2543,marriage,0.2437070938215103,female,0.2285714285714285,0.06210596889338432,two-strong
3,2544,marriage,0.2421052631578947,female,0.2285714285714285,0.05590062088711872,two-strong
3,2545,marriage,0.2421052631578947,female,0.2285714285714285,0.05590062088711872,two-strong
3,2546,marriage,0.2421052631578947,female,0.2285714285714285,0.05590062088711872,two-strong
3,2547,marriage,0.2421052631578947,female,0.2285714285714285,0.05590062088711872,two-strong
3,2548,marriage,0.2421052631578947,female,0.2285714285714285,0.05590062088711872,two-strong
3,2549,marriage,0.2421052631578947,female,0.2285714285714285,0.05590062088711872,two-strong
3,2550,marriage,0.2421052631578947,female,0.2285714285714285,0.05590062088711872,two-strong
3,2551,marriage,0.2421052631578947,female,0.2285714285714285,0.05590062088711872,two-strong
3,2552,marriage,0.2569467146126185,female,0.2478863432858976,0.03526167402108616,two-strong
3,2553,marriage,0.2468126838836221,female,0.2285714285714285,0.07390728446876531,two-strong
3,2554,marriage,0.2421052631578947,female,0.2285714285714285,0.05590062088711872,two-strong
3,2555,marriage,0.2421052631578947,female,0.2285714285714285,0.05590062088711872,two-strong
3,2556,marriage,0.2421052631578947,female,0.2285714285714285,0.05590062088711872,two-strong
3,2557,marriage,0.2421052631578947,female,0.2285714285714285,0.05590062088711872,two-strong
3,2558,marriage,0.2421052631578947,female,0.2285714285714285,0.05590062088711872,two-strong
3,2559,marriage,0.2421052631578947,female,0.2285714285714285,0.05590062088711872,two-strong
3,2560,marriage,0.2421052631578947,female,0.2285714285714285,0.05590062088711872,two-strong
3,2561,marriage,0.2421052631578947,female,0.2285714285714285,0.05590062088711872,two-strong
3,2562,male,0.2468951965932615,marriage,0.2322593866000522,0.0592794438121091,two-strong
3,2563,marriage,0.2421052631578947,female,0.2285714285714285,0.05590062088711872,two-strong
3,2564,marriage,0.2468126838836221,female,0.2298402255639097,0.0687665560127726,two-strong
3,2565,marriage,0.2421052631578947,female,0.2285714285714285,0.05590062088711872,two-strong
3,2566,marriage,0.2421052631578947,female,0.2285714285714285,0.05590062088711872,two-strong
3,2567,marriage,0.2421052631578947,female,0.2285714285714285,0.05590062088711872,two-strong
3,2568,marriage,0.2421052631578947,female,0.2285714285714285,0.05590062088711872,two-strong
3,2569,female,0.3174550335528428,marriage,0.245964475731592,0.22519900470928164,leaning
3,2570,marriage,0.2421052631578947,female,0.2285714285714285,0.05590062088711872,two-strong
3,2571,marriage,0.2421052631578947,female,0.2285714285714285,0.05590062088711872,two-strong
3,2572,marriage,0.2421052631578947,female,0.2285714285714285,0.05590062088711872,two-strong
3,2573,marriage,0.2421052631578947,female,0.2285714285714285,0.05590062088711872,two-strong
3,2574,marriage,0.2421052631578947,female,0.2336466165413533,0.034937888054449355,two-strong
3,2575,marriage,0.2421052631578947,female,0.2285714285714285,0.05590062088711872,two-strong
3,2576,marriage,0.2421052631578947,female,0.2285714285714285,0.05590062088711872,two-strong
3,2577,marriage,0.2421052631578947,female,0.2285714285714285,0.05590062088711872,two-strong
3,2578,marriage,0.2421052631578947,female,0.2285714285714285,0.05590062088711872,two-strong
3,2579,marriage,0.2421052631578947,female,0.2285714285714285,0.05590062088711872,two-strong
3,2580,marriage,0.2421052631578947,female,0.2285714285714285,0.05590062088711872,two-strong
3,2581,marriage,0.2421052631578947,female,0.2285714285714285,0.05590062088711872,two-strong
3,2582,marriage,0.2468126838836221,female,0.2285714285714285,0.07390728446876531,two-strong
3,2583,marriage,0.2562275253350768,female,0.2285714285714285,0.10793569746086355,two-strong
3,2584,marriage,0.2421052631578947,female,0.2285714285714285,0.05590062088711872,two-strong
3,2585,marriage,0.2421052631578947,female,0.2285714285714285,0.05590062088711872,two-strong
3,2586,marriage,0.2421052631578947,female,0.2285714285714285,0.05590062088711872,two-strong
3,2587,marriage,0.2421052631578947,female,0.2285714285714285,0.05590062088711872,two-strong
3,2588,marriage,0.2421052631578947,female,0.2285714285714285,0.05590062088711872,two-strong
3,2589,marriage,0.2421052631578947,female,0.2285714285714285,0.05590062088711872,two-strong
3,2590,marriage,0.2421052631578947,female,0.2285714285714285,0.05590062088711872,two-strong
3,2591,marriage,0.2421052631578947,female,0.2285714285714285,0.05590062088711872,two-strong
3,2592,marriage,0.2421052631578947,female,0.2285714285714285,0.05590062088711872,two-strong
3,2593,marriage,0.2421052631578947,female,0.2285714285714285,0.05590062088711872,two-strong
3,2594,marriage,0.2421052631578947,female,0.2285714285714285,0.05590062088711872,two-strong
3,2595,marriage,0.2421052631578947,female,0.2285714285714285,0.05590062088711872,two-strong
3,2596,marriage,0.2421052631578947,female,0.2336466165413533,0.034937888054449355,two-strong
3,2597,marriage,0.2421052631578947,female,0.2285714285714285,0.05590062088711872,two-strong
3,2598,marriage,0.2421052631578947,female,0.2285714285714285,0.05590062088711872,two-strong
3,2599,marriage,0.2421052631578947,female,0.2285714285714285,0.05590062088711872,two-strong
3,2600,marriage,0.2421052631578947,female,0.2285714285714285,0.05590062088711872,two-strong
3,2601,marriage,0.2421052631578947,female,0.2285714285714285,0.05590062088711872,two-strong
3,2602,marriage,0.2421052631578947,female,0.2285714285714285,0.05590062088711872,two-strong
3,2603,marriage,0.2421052631578947,female,0.2285714285714285,0.05590062088711872,two-strong
3,2604,marriage,0.2421052631578947,female,0.2285714285714285,0.05590062088711872,two-strong
3,2605,marriage,0.2421052631578947,female,0.2285714285714285,0.05590062088711872,two-strong
3,2606,marriage,0.2421052631578947,female,0.2285714285714285,0.05590062088711872,two-strong
3,2607,marriage,0.2421052631578947,female,0.2285714285714285,0.05590062088711872,two-strong
3,2608,marriage,0.2421052631578947,female,0.2285714285714285,0.05590062088711872,two-strong
3,2609,marriage,0.2421052631578947,female,0.2285714285714285,0.05590062088711872,two-strong
3,2610,marriage,0.2421052631578947,female,0.2285714285714285,0.05590062088711872,two-strong
3,2611,marriage,0.2421052631578947,female,0.2285714285714285,0.05590062088711872,two-strong
3,2612,marriage,0.2421052631578947,female,0.2285714285714285,0.05590062088711872,two-strong
3,2613,marriage,0.2421052631578947,female,0.2285714285714285,0.05590062088711872,two-strong
3,2614,marriage,0.2421052631578947,female,0.2285714285714285,0.05590062088711872,two-strong
3,2615,marriage,0.2421052631578947,female,0.2285714285714285,0.05590062088711872,two-strong
3,2616,marriage,0.2421052631578947,female,0.2285714285714285,0.05590062088711872,two-strong
3,2617,marriage,0.2421052631578947,female,0.2285714285714285,0.05590062088711872,two-strong
3,2618,marriage,0.2337862840632361,female,0.2203857349990125,0.05731965440401652,two-strong
3,2619,marriage,0.2421052631578947,female,0.2285714285714285,0.05590062088711872,two-strong
3,2620,marriage,0.2421052631578947,female,0.2285714285714285,0.05590062088711872,two-strong
3,2621,marriage,0.2421052631578947,female,0.2285714285714285,0.05590062088711872,two-strong
3,2622,marriage,0.2421052631578947,female,0.2285714285714285,0.05590062088711872,two-strong
3,2623,marriage,0.2421052631578947,female,0.2285714285714285,0.05590062088711872,two-strong
3,2624,marriage,0.2421052631578947,female,0.2285714285714285,0.05590062088711872,two-strong
3,2625,marriage,0.2421052631578947,female,0.2285714285714285,0.05590062088711872,two-strong
3,2626,marriage,0.2421052631578947,female,0.2285714285714285,0.05590062088711872,two-strong
3,2627,marriage,0.2421052631578947,female,0.2285714285714285,0.05590062088711872,two-strong
3,2628,marriage,0.2421052631578947,female,0.2285714285714285,0.05590062088711872,two-strong
3,2629,marriage,0.2421052631578947,female,0.2285714285714285,0.05590062088711872,two-strong
3,2630,marriage,0.2421052631578947,female,0.2285714285714285,0.05590062088711872,two-strong
3,2631,marriage,0.2421052631578947,female,0.2285714285714285,0.05590062088711872,two-strong
3,2632,marriage,0.2421052631578947,female,0.2285714285714285,0.05590062088711872,two-strong
3,2633,marriage,0.2421052631578947,female,0.2387218045112781,0.01397515522177988,two-strong
3,2634,marriage,0.2421052631578947,female,0.2285714285714285,0.05590062088711872,two-strong
3,2635,marriage,0.2421052631578947,female,0.2285714285714285,0.05590062088711872,two-strong
3,2636,marriage,0.2308286721237787,female,0.2172083070637782,0.059006382853904665,two-strong
3,2637,marriage,0.2421052631578947,female,0.2285714285714285,0.05590062088711872,two-strong
3,2638,marriage,0.2421052631578947,female,0.2285714285714285,0.05590062088711872,two-strong
3,2639,marriage,0.2421052631578947,female,0.2285714285714285,0.05590062088711872,two-strong
3,2640,marriage,0.2421052631578947,female,0.2285714285714285,0.05590062088711872,two-strong
3,2641,marriage,0.2421052631578947,female,0.2285714285714285,0.05590062088711872,two-strong
3,2642,marriage,0.2421052631578947,female,0.2285714285714285,0.05590062088711872,two-strong
3,2643,marriage,0.2421052631578947,female,0.2285714285714285,0.05590062088711872,two-strong
3,2644,marriage,0.2421052631578947,female,0.2285714285714285,0.05590062088711872,two-strong
3,2645,marriage,0.2421052631578947,female,0.2285714285714285,0.05590062088711872,two-strong
3,2646,marriage,0.2421052631578947,female,0.2285714285714285,0.05590062088711872,two-strong
3,2647,marriage,0.2421052631578947,female,0.2285714285714285,0.05590062088711872,two-strong
3,2648,marriage,0.2421052631578947,female,0.2285714285714285,0.05590062088711872,two-strong
3,2649,marriage,0.2421052631578947,female,0.2285714285714285,0.05590062088711872,two-strong
3,2650,marriage,0.2421052631578947,female,0.2285714285714285,0.05590062088711872,two-strong
3,2651,marriage,0.2421052631578947,female,0.2285714285714285,0.05590062088711872,two-strong
3,2652,marriage,0.2421052631578947,female,0.2285714285714285,0.05590062088711872,two-strong
3,2653,marriage,0.2421052631578947,female,0.2285714285714285,0.05590062088711872,two-strong
3,2654,marriage,0.2421052631578947,female,0.2285714285714285,0.05590062088711872,two-strong
3,2655,marriage,0.2421052631578947,female,0.2285714285714285,0.05590062088711872,two-strong
3,2656,marriage,0.2421052631578947,female,0.2285714285714285,0.05590062088711872,two-strong
3,2657,marriage,0.2421052631578947,female,0.2285714285714285,0.05590062088711872,two-strong
3,2658,marriage,0.2421052631578947,female,0.2285714285714285,0.05590062088711872,two-strong
3,2659,marriage,0.2421052631578947,female,0.2285714285714285,0.05590062088711872,two-strong
3,2660,marriage,0.2437070938215103,female,0.2285714285714285,0.06210596889338432,two-strong
3,2661,marriage,0.2421052631578947,female,0.2285714285714285,0.05590062088711872,two-strong
3,2662,marriage,0.2421052631578947,female,0.2285714285714285,0.05590062088711872,two-strong
3,2663,marriage,0.2421052631578947,female,0.2285714285714285,0.05590062088711872,two-strong
3,2664,marriage,0.2421052631578947,female,0.2285714285714285,0.05590062088711872,two-strong
3,2665,marriage,0.2421052631578947,female,0.2285714285714285,0.05590062088711872,two-strong
3,2666,marriage,0.2421052631578947,female,0.2285714285714285,0.05590062088711872,two-strong
3,2667,marriage,0.2421052631578947,female,0.2285714285714285,0.05590062088711872,two-strong
3,2668,marriage,0.2421052631578947,female,0.2285714285714285,0.05590062088711872,two-strong
3,2669,marriage,0.2421052631578947,female,0.2285714285714285,0.05590062088711872,two-strong
3,2670,marriage,0.2421052631578947,female,0.2285714285714285,0.05590062088711872,two-strong
3,2671,marriage,0.2421052631578947,female,0.2285714285714285,0.05590062088711872,two-strong
3,2672,marriage,0.2421052631578947,female,0.2285714285714285,0.05590062088711872,two-strong
3,2673,marriage,0.2421052631578947,female,0.2285714285714285,0.05590062088711872,two-strong
3,2674,marriage,0.2421052631578947,female,0.2285714285714285,0.05590062088711872,two-strong
3,2675,female,0.2683906311662766,marriage,0.24964256031209,0.06985367075916254,two-strong
3,2676,marriage,0.2421052631578947,female,0.2285714285714285,0.05590062088711872,two-strong
3,2677,marriage,0.2421052631578947,female,0.2285714285714285,0.05590062088711872,two-strong
3,2678,marriage,0.2421052631578947,female,0.2285714285714285,0.05590062088711872,two-strong
3,2679,marriage,0.2421052631578947,female,0.2285714285714285,0.05590062088711872,two-strong
3,2680,marriage,0.2421052631578947,female,0.2285714285714285,0.05590062088711872,two-strong
3,2681,marriage,0.2421052631578947,female,0.2285714285714285,0.05590062088711872,two-strong
3,2682,marriage,0.2421052631578947,female,0.2285714285714285,0.05590062088711872,two-strong
3,2683,marriage,0.2421052631578947,female,0.2285714285714285,0.05590062088711872,two-strong
3,2684,marriage,0.2421052631578947,female,0.2285714285714285,0.05590062088711872,two-strong
3,2685,marriage,0.2421052631578947,female,0.2285714285714285,0.05590062088711872,two-strong
3,2686,marriage,0.2421052631578947,female,0.2285714285714285,0.05590062088711872,two-strong
3,2687,marriage,0.2421052631578947,female,0.2285714285714285,0.05590062088711872,two-strong
3,2688,marriage,0.2421052631578947,female,0.2285714285714285,0.05590062088711872,two-strong
3,2689,female,0.2387218045112781,family,0.1858469703670942,0.221491430290334,leaning
3,2690,marriage,0.2421052631578947,female,0.2285714285714285,0.05590062088711872,two-strong
3,2691,marriage,0.2421052631578947,female,0.2285714285714285,0.05590062088711872,two-strong
3,2692,marriage,0.2421052631578947,female,0.2285714285714285,0.05590062088711872,two-strong
3,2693,marriage,0.2421052631578947,female,0.2285714285714285,0.05590062088711872,two-strong
3,2694,marriage,0.2421052631578947,female,0.2285714285714285,0.05590062088711872,two-strong
3,2695,marriage,0.2421052631578947,female,0.2285714285714285,0.05590062088711872,two-strong
3,2696,marriage,0.2421052631578947,female,0.2285714285714285,0.05590062088711872,two-strong
3,2697,marriage,0.2421052631578947,female,0.2285714285714285,0.05590062088711872,two-strong
3,2698,marriage,0.2421052631578947,female,0.2285714285714285,0.05590062088711872,two-strong
3,2699,marriage,0.2421052631578947,female,0.2285714285714285,0.05590062088711872,two-strong
3,2700,marriage,0.2421052631578947,female,0.2336466165413533,0.034937888054449355,two-strong
3,2701,marriage,0.2421052631578947,female,0.2285714285714285,0.05590062088711872,two-strong
3,2702,marriage,0.2421052631578947,female,0.2285714285714285,0.05590062088711872,two-strong
3,2703,marriage,0.2421052631578947,female,0.2285714285714285,0.05590062088711872,two-strong
3,2704,marriage,0.2421052631578947,female,0.2285714285714285,0.05590062088711872,two-strong
3,2705,marriage,0.2421052631578947,female,0.2285714285714285,0.05590062088711872,two-strong
3,2706,marriage,0.2421052631578947,female,0.2285714285714285,0.05590062088711872,two-strong
3,2707,marriage,0.2421052631578947,female,0.2285714285714285,0.05590062088711872,two-strong
3,2708,marriage,0.2421052631578947,female,0.2285714285714285,0.05590062088711872,two-strong
3,2709,marriage,0.2421052631578947,female,0.2285714285714285,0.05590062088711872,two-strong
3,2710,marriage,0.2421052631578947,female,0.2285714285714285,0.05590062088711872,two-strong
3,2711,marriage,0.2421052631578947,female,0.2285714285714285,0.05590062088711872,two-strong
3,2712,marriage,0.2421052631578947,female,0.2285714285714285,0.05590062088711872,two-strong
3,2713,marriage,0.2421052631578947,female,0.2285714285714285,0.05590062088711872,two-strong
3,2714,marriage,0.2421052631578947,female,0.2285714285714285,0.05590062088711872,two-strong
3,2715,marriage,0.2421052631578947,female,0.2285714285714285,0.05590062088711872,two-strong
3,2716,marriage,0.2421052631578947,female,0.2285714285714285,0.05590062088711872,two-strong
3,2717,marriage,0.2421052631578947,female,0.2285714285714285,0.05590062088711872,two-strong
3,2718,marriage,0.2421052631578947,female,0.2285714285714285,0.05590062088711872,two-strong
3,2719,marriage,0.2421052631578947,female,0.2285714285714285,0.05590062088711872,two-strong
3,2720,marriage,0.2421052631578947,female,0.2285714285714285,0.05590062088711872,two-strong
3,2721,love,0.1542304035951948,,,0.9999999935161942,dominant
3,2722,marriage,0.2421052631578947,female,0.2285714285714285,0.05590062088711872,two-strong
3,2723,marriage,0.2421052631578947,female,0.2285714285714285,0.05590062088711872,two-strong
3,2724,marriage,0.2609349460608042,female,0.2387218045112781,0.08512904001452085,two-strong
3,2725,marriage,0.2421052631578947,female,0.2285714285714285,0.05590062088711872,two-strong
3,2726,marriage,0.2421052631578947,female,0.2285714285714285,0.05590062088711872,two-strong
3,2727,marriage,0.2421052631578947,female,0.2285714285714285,0.05590062088711872,two-strong
3,2728,marriage,0.2421052631578947,female,0.2285714285714285,0.05590062088711872,two-strong
3,2729,marriage,0.2421052631578947,female,0.2285714285714285,0.05590062088711872,two-strong
3,2730,marriage,0.2421052631578947,female,0.2285714285714285,0.05590062088711872,two-strong
3,2731,marriage,0.2421052631578947,female,0.2285714285714285,0.05590062088711872,two-strong
3,2732,marriage,0.2421052631578947,female,0.2285714285714285,0.05590062088711872,two-strong
3,2733,marriage,0.2421052631578947,female,0.2285714285714285,0.05590062088711872,two-strong
3,2734,marriage,0.2421052631578947,female,0.2285714285714285,0.05590062088711872,two-strong
3,2735,marriage,0.2421052631578947,female,0.2285714285714285,0.05590062088711872,two-strong
3,2736,marriage,0.2421052631578947,female,0.2285714285714285,0.05590062088711872,two-strong
3,2737,marriage,0.2421052631578947,female,0.2285714285714285,0.05590062088711872,two-strong
3,2738,marriage,0.2421052631578947,female,0.2285714285714285,0.05590062088711872,two-strong
3,2739,marriage,0.2421052631578947,female,0.2285714285714285,0.05590062088711872,two-strong
3,2740,marriage,0.2421052631578947,female,0.2285714285714285,0.05590062088711872,two-strong
3,2741,marriage,0.2421052631578947,female,0.2285714285714285,0.05590062088711872,two-strong
3,2742,marriage,0.2421052631578947,female,0.2285714285714285,0.05590062088711872,two-strong
3,2743,marriage,0.2421052631578947,female,0.2285714285714285,0.05590062088711872,two-strong
3,2744,marriage,0.2421052631578947,female,0.2285714285714285,0.05590062088711872,two-strong
3,2745,marriage,0.2421052631578947,female,0.2285714285714285,0.05590062088711872,two-strong
3,2746,marriage,0.2421052631578947,female,0.2285714285714285,0.05590062088711872,two-strong
3,2747,marriage,0.2468126838836221,female,0.2336466165413533,0.05334437064479448,two-strong
3,2748,marriage,0.2421052631578947,female,0.2285714285714285,0.05590062088711872,two-strong
3,2749,marriage,0.2421052631578947,female,0.2285714285714285,0.05590062088711872,two-strong
3,2750,marriage,0.2421052631578947,female,0.2285714285714285,0.05590062088711872,two-strong
3,2751,marriage,0.2421052631578947,female,0.2285714285714285,0.05590062088711872,two-strong
3,2752,marriage,0.2421052631578947,female,0.2285714285714285,0.05590062088711872,two-strong
3,2753,marriage,0.2421052631578947,female,0.2285714285714285,0.05590062088711872,two-strong
3,2754,marriage,0.2421052631578947,female,0.2285714285714285,0.05590062088711872,two-strong
3,2755,marriage,0.2421052631578947,female,0.2285714285714285,0.05590062088711872,two-strong
3,2756,marriage,0.2421052631578947,female,0.2285714285714285,0.05590062088711872,two-strong
3,2757,female,0.2286595378311725,marriage,0.2270265775534757,0.00714144831238583,two-strong
3,2758,marriage,0.2421052631578947,female,0.2285714285714285,0.05590062088711872,two-strong
3,2759,marriage,0.2421052631578947,female,0.2285714285714285,0.05590062088711872,two-strong
3,2760,marriage,0.2421052631578947,female,0.2285714285714285,0.05590062088711872,two-strong
3,2761,marriage,0.2421052631578947,female,0.2285714285714285,0.05590062088711872,two-strong
3,2762,marriage,0.2421052631578947,female,0.2285714285714285,0.05590062088711872,two-strong
3,2763,marriage,0.2421052631578947,female,0.2285714285714285,0.05590062088711872,two-strong
3,2764,female,0.2321428571428571,family,0.2134453781512605,0.08054298607838481,two-strong
3,2765,marriage,0.2421052631578947,female,0.2285714285714285,0.05590062088711872,two-strong
3,2766,marriage,0.2421052631578947,female,0.2285714285714285,0.05590062088711872,two-strong
3,2767,marriage,0.2421052631578947,female,0.2285714285714285,0.05590062088711872,two-strong
3,2768,marriage,0.2421052631578947,female,0.2285714285714285,0.05590062088711872,two-strong
3,2769,marriage,0.2421052631578947,female,0.2285714285714285,0.05590062088711872,two-strong
3,2770,marriage,0.2421052631578947,female,0.2285714285714285,0.05590062088711872,two-strong
3,2771,marriage,0.2391773813942101,female,0.226311874815025,0.05379064880800601,two-strong
3,2772,marriage,0.2421052631578947,female,0.2285714285714285,0.05590062088711872,two-strong
3,2773,marriage,0.2421052631578947,female,0.2285714285714285,0.05590062088711872,two-strong
3,2774,marriage,0.2421052631578947,female,0.2285714285714285,0.05590062088711872,two-strong
3,2775,marriage,0.2421052631578947,female,0.2285714285714285,0.05590062088711872,two-strong
3,2776,marriage,0.2421052631578947,female,0.2285714285714285,0.05590062088711872,two-strong
3,2777,marriage,0.2421052631578947,female,0.2285714285714285,0.05590062088711872,two-strong
3,2778,family,0.2277398303331706,marriage,0.212924821181317,0.0650523409327553,two-strong
3,2779,marriage,0.2421052631578947,female,0.2285714285714285,0.05590062088711872,two-strong
3,2780,marriage,0.2421052631578947,female,0.2285714285714285,0.05590062088711872,two-strong
3,2781,marriage,0.2421052631578947,female,0.2285714285714285,0.05590062088711872,two-strong
3,2782,marriage,0.2421052631578947,female,0.2285714285714285,0.05590062088711872,two-strong
3,2783,marriage,0.2421052631578947,female,0.2285714285714285,0.05590062088711872,two-strong
3,2784,marriage,0.2421052631578947,female,0.2285714285714285,0.05590062088711872,two-strong
3,2785,marriage,0.2421052631578947,female,0.2285714285714285,0.05590062088711872,two-strong
3,2786,marriage,0.2421052631578947,female,0.2285714285714285,0.05590062088711872,two-strong
3,2787,marriage,0.2421052631578947,female,0.2285714285714285,0.05590062088711872,two-strong
3,2788,marriage,0.2421052631578947,female,0.2285714285714285,0.05590062088711872,two-strong
3,2789,marriage,0.2421052631578947,female,0.2285714285714285,0.05590062088711872,two-strong
3,2790,marriage,0.2421052631578947,female,0.2285714285714285,0.05590062088711872,two-strong
3,2791,marriage,0.2421052631578947,female,0.2303571428571428,0.048524844520068375,two-strong
3,2792,marriage,0.2421052631578947,female,0.2285714285714285,0.05590062088711872,two-strong
3,2793,marriage,0.2421052631578947,female,0.2285714285714285,0.05590062088711872,two-strong
3,2794,marriage,0.2421052631578947,female,0.2285714285714285,0.05590062088711872,two-strong
3,2795,marriage,0.2421052631578947,female,0.2285714285714285,0.05590062088711872,two-strong
3,2796,marriage,0.2421052631578947,female,0.2285714285714285,0.05590062088711872,two-strong
3,2797,marriage,0.2421052631578947,female,0.2285714285714285,0.05590062088711872,two-strong
3,2798,marriage,0.2421052631578947,female,0.2285714285714285,0.05590062088711872,two-strong
3,2799,marriage,0.2421052631578947,female,0.2285714285714285,0.05590062088711872,two-strong
3,2800,marriage,0.2421052631578947,female,0.2285714285714285,0.05590062088711872,two-strong
3,2801,marriage,0.2421052631578947,female,0.2285714285714285,0.05590062088711872,two-strong
3,2802,marriage,0.2421052631578947,female,0.2285714285714285,0.05590062088711872,two-strong
3,2803,emotion,0.3110525124669063,marriage,0.3079621345975842,0.009935228733173007,two-strong
3,2804,marriage,0.2421052631578947,female,0.2285714285714285,0.05590062088711872,two-strong
3,2805,marriage,0.2421052631578947,female,0.2285714285714285,0.05590062088711872,two-strong
3,2806,marriage,0.2427209327666993,family,0.2016438154209052,0.16923598928338401,two-strong
3,2807,marriage,0.2421052631578947,female,0.2285714285714285,0.05590062088711872,two-strong
3,2808,emotion,0.1991310921932931,,,0.9999999949781826,dominant
3,2809,family,0.1975453339230429,,,0.9999999949378708,dominant
3,2810,marriage,0.2421052631578947,female,0.2285714285714285,0.05590062088711872,two-strong
3,2811,marriage,0.2421052631578947,female,0.2285714285714285,0.05590062088711872,two-strong
3,2812,marriage,0.2421052631578947,female,0.2285714285714285,0.05590062088711872,two-strong
3,2813,duty,0.2024352536987098,love,0.1613489282031499,0.20296032702757166,leaning
3,2814,marriage,0.2421052631578947,female,0.2285714285714285,0.05590062088711872,two-strong
3,2815,marriage,0.2421052631578947,female,0.2285714285714285,0.05590062088711872,two-strong
3,2816,marriage,0.2421052631578947,female,0.2285714285714285,0.05590062088711872,two-strong
3,2817,marriage,0.2421052631578947,female,0.2285714285714285,0.05590062088711872,two-strong
3,2818,marriage,0.2421052631578947,female,0.2285714285714285,0.05590062088711872,two-strong
3,2819,marriage,0.2421052631578947,female,0.2285714285714285,0.05590062088711872,two-strong
3,2820,marriage,0.2421052631578947,female,0.2285714285714285,0.05590062088711872,two-strong
3,2821,marriage,0.2421052631578947,female,0.2285714285714285,0.05590062088711872,two-strong
3,2822,marriage,0.2421052631578947,female,0.2285714285714285,0.05590062088711872,two-strong
3,2823,marriage,0.2421052631578947,female,0.2285714285714285,0.05590062088711872,two-strong
3,2824,marriage,0.2421052631578947,female,0.2285714285714285,0.05590062088711872,two-strong
3,2825,marriage,0.2421052631578947,female,0.2285714285714285,0.05590062088711872,two-strong
3,2826,marriage,0.2421052631578947,female,0.2285714285714285,0.05590062088711872,two-strong
3,2827,marriage,0.2421052631578947,female,0.2285714285714285,0.05590062088711872,two-strong
3,2828,marriage,0.2421052631578947,female,0.2285714285714285,0.05590062088711872,two-strong
3,2829,marriage,0.2421052631578947,female,0.2285714285714285,0.05590062088711872,two-strong
3,2830,marriage,0.2421052631578947,female,0.2285714285714285,0.05590062088711872,two-strong
3,2831,marriage,0.2421052631578947,female,0.2285714285714285,0.05590062088711872,two-strong
3,2832,marriage,0.2421052631578947,female,0.2285714285714285,0.05590062088711872,two-strong
3,2833,marriage,0.2421052631578947,female,0.2285714285714285,0.05590062088711872,two-strong
3,2834,marriage,0.2421052631578947,female,0.2285714285714285,0.05590062088711872,two-strong
3,2835,marriage,0.2468126838836221,female,0.2285714285714285,0.07390728446876531,two-strong
3,2836,marriage,0.2421052631578947,female,0.2285714285714285,0.05590062088711872,two-strong
3,2837,marriage,0.2421052631578947,female,0.2285714285714285,0.05590062088711872,two-strong
3,2838,marriage,0.2421052631578947,female,0.2285714285714285,0.05590062088711872,two-strong
3,2839,marriage,0.2421052631578947,female,0.2285714285714285,0.05590062088711872,two-strong
3,2840,marriage,0.2421052631578947,female,0.2285714285714285,0.05590062088711872,two-strong
3,2841,marriage,0.2421052631578947,female,0.2285714285714285,0.05590062088711872,two-strong
3,2842,marriage,0.2421052631578947,female,0.2285714285714285,0.05590062088711872,two-strong
3,2843,marriage,0.2421052631578947,female,0.2285714285714285,0.05590062088711872,two-strong
3,2845,marriage,0.2421052631578947,female,0.2285714285714285,0.05590062088711872,two-strong
3,2846,marriage,0.2421052631578947,female,0.2285714285714285,0.05590062088711872,two-strong
3,2847,marriage,0.2421052631578947,female,0.2281641604010025,0.05758281549714746,two-strong
3,2848,marriage,0.2421052631578947,female,0.2285714285714285,0.05590062088711872,two-strong
3,2849,marriage,0.2421052631578947,female,0.2285714285714285,0.05590062088711872,two-strong
3,2850,marriage,0.2421052631578947,female,0.2285714285714285,0.05590062088711872,two-strong
3,2851,marriage,0.2421052631578947,female,0.2285714285714285,0.05590062088711872,two-strong
3,2852,marriage,0.2421052631578947,female,0.2285714285714285,0.05590062088711872,two-strong
3,2853,marriage,0.2421052631578947,female,0.2285714285714285,0.05590062088711872,two-strong
3,2854,marriage,0.2421052631578947,female,0.2285714285714285,0.05590062088711872,two-strong
3,2855,marriage,0.2421052631578947,female,0.2285714285714285,0.05590062088711872,two-strong
3,2856,marriage,0.2421052631578947,female,0.2285714285714285,0.05590062088711872,two-strong
3,2857,marriage,0.2421052631578947,female,0.2285714285714285,0.05590062088711872,two-strong
3,2858,marriage,0.2421052631578947,female,0.2285714285714285,0.05590062088711872,two-strong
3,2859,marriage,0.2421052631578947,female,0.2285714285714285,0.05590062088711872,two-strong
3,2860,marriage,0.2421052631578947,female,0.2285714285714285,0.05590062088711872,two-strong
3,2861,marriage,0.2421052631578947,female,0.2285714285714285,0.05590062088711872,two-strong
3,2862,marriage,0.2421052631578947,female,0.2285714285714285,0.05590062088711872,two-strong
3,2863,marriage,0.2421052631578947,female,0.2285714285714285,0.05590062088711872,two-strong
3,2864,marriage,0.2421052631578947,female,0.2285714285714285,0.05590062088711872,two-strong
3,2865,marriage,0.2421052631578947,female,0.2285714285714285,0.05590062088711872,two-strong
3,2866,marriage,0.2421052631578947,female,0.2285714285714285,0.05590062088711872,two-strong
3,2867,marriage,0.2421052631578947,female,0.2285714285714285,0.05590062088711872,two-strong
3,2868,marriage,0.2421052631578947,female,0.2285714285714285,0.05590062088711872,two-strong
3,2869,marriage,0.2421052631578947,female,0.2285714285714285,0.05590062088711872,two-strong
3,2870,marriage,0.2421052631578947,female,0.2285714285714285,0.05590062088711872,two-strong
3,2871,marriage,0.2421052631578947,female,0.2285714285714285,0.05590062088711872,two-strong
3,2872,marriage,0.2421052631578947,female,0.2285714285714285,0.05590062088711872,two-strong
3,2873,marriage,0.2421052631578947,female,0.2285714285714285,0.05590062088711872,two-strong
3,2874,marriage,0.2421052631578947,female,0.2285714285714285,0.05590062088711872,two-strong
3,2875,marriage,0.2421052631578947,female,0.2285714285714285,0.05590062088711872,two-strong
3,2876,marriage,0.2421052631578947,female,0.2285714285714285,0.05590062088711872,two-strong
3,2877,marriage,0.2421052631578947,female,0.2285714285714285,0.05590062088711872,two-strong
3,2878,marriage,0.2515201046093495,female,0.2387218045112781,0.05088380536047147,two-strong
3,2879,marriage,0.2421052631578947,female,0.2285714285714285,0.05590062088711872,two-strong
3,2880,marriage,0.2421052631578947,female,0.2336466165413533,0.034937888054449355,two-strong
3,2881,marriage,0.2421052631578947,female,0.2285714285714285,0.05590062088711872,two-strong
3,2882,marriage,0.2421052631578947,female,0.2285714285714285,0.05590062088711872,two-strong
3,2883,marriage,0.2421052631578947,female,0.2285714285714285,0.05590062088711872,two-strong
3,2884,marriage,0.2421052631578947,female,0.2285714285714285,0.05590062088711872,two-strong
3,2885,wealth,0.1944661654135338,,,0.9999999948577173,dominant
3,2886,marriage,0.2421052631578947,female,0.2285714285714285,0.05590062088711872,two-strong
3,2887,marriage,0.2421052631578947,female,0.2285714285714285,0.05590062088711872,two-strong
3,2888,marriage,0.2421052631578947,female,0.2303571428571428,0.048524844520068375,two-strong
3,2889,marriage,0.2421052631578947,female,0.2285714285714285,0.05590062088711872,two-strong
3,2890,marriage,0.2421052631578947,female,0.2285714285714285,0.05590062088711872,two-strong
3,2891,marriage,0.2421052631578947,female,0.2285714285714285,0.05590062088711872,two-strong
3,2892,marriage,0.2421052631578947,female,0.2285714285714285,0.05590062088711872,two-strong
3,2893,love,0.1408175611442399,,,0.9999999928986131,dominant
3,2894,marriage,0.2421052631578947,female,0.2285714285714285,0.05590062088711872,two-strong
3,2895,marriage,0.2421052631578947,female,0.2285714285714285,0.05590062088711872,two-strong
3,2896,marriage,0.2421052631578947,female,0.2285714285714285,0.05590062088711872,two-strong
3,2897,marriage,0.2421052631578947,female,0.2285714285714285,0.05590062088711872,two-strong
3,2898,marriage,0.2421052631578947,female,0.2285714285714285,0.05590062088711872,two-strong
3,2899,marriage,0.2421052631578947,female,0.2285714285714285,0.05590062088711872,two-strong
3,2900,marriage,0.2421052631578947,female,0.2285714285714285,0.05590062088711872,two-strong
3,2901,marriage,0.2421052631578947,female,0.2285714285714285,0.05590062088711872,two-strong
3,2902,marriage,0.2421052631578947,female,0.2285714285714285,0.05590062088711872,two-strong
3,2903,marriage,0.2421052631578947,female,0.2285714285714285,0.05590062088711872,two-strong
3,2904,marriage,0.2421052631578947,female,0.2285714285714285,0.05590062088711872,two-strong
3,2905,marriage,0.2421052631578947,female,0.2285714285714285,0.05590062088711872,two-strong
3,2906,marriage,0.2421052631578947,female,0.2285714285714285,0.05590062088711872,two-strong
3,2907,marriage,0.2421052631578947,female,0.2285714285714285,0.05590062088711872,two-strong
3,2908,marriage,0.2421052631578947,female,0.2285714285714285,0.05590062088711872,two-strong
3,2909,marriage,0.2421052631578947,female,0.2285714285714285,0.05590062088711872,two-strong
3,2910,marriage,0.2421052631578947,female,0.2285714285714285,0.05590062088711872,two-strong
3,2911,marriage,0.2421052631578947,female,0.2285714285714285,0.05590062088711872,two-strong
3,2912,marriage,0.2421052631578947,female,0.2285714285714285,0.05590062088711872,two-strong
3,2913,marriage,0.2421052631578947,female,0.2285714285714285,0.05590062088711872,two-strong
3,2914,marriage,0.2421052631578947,female,0.2285714285714285,0.05590062088711872,two-strong
3,2915,marriage,0.2421052631578947,female,0.2285714285714285,0.05590062088711872,two-strong
3,2916,marriage,0.2421052631578947,female,0.2285714285714285,0.05590062088711872,two-strong
3,2917,marriage,0.2421052631578947,female,0.2285714285714285,0.05590062088711872,two-strong
3,2918,marriage,0.2515201046093495,female,0.2285714285714285,0.09123992685325878,two-strong
3,2919,marriage,0.2421052631578947,female,0.2285714285714285,0.05590062088711872,two-strong
3,2920,marriage,0.2421052631578947,female,0.2285714285714285,0.05590062088711872,two-strong
3,2921,marriage,0.2421052631578947,female,0.2285714285714285,0.05590062088711872,two-strong
3,2922,marriage,0.2421052631578947,female,0.2285714285714285,0.05590062088711872,two-strong
3,2923,marriage,0.2421052631578947,female,0.2285714285714285,0.05590062088711872,two-strong
3,2924,marriage,0.2421052631578947,female,0.2285714285714285,0.05590062088711872,two-strong
3,2925,marriage,0.2421052631578947,female,0.2285714285714285,0.05590062088711872,two-strong
3,2926,marriage,0.2421052631578947,female,0.2285714285714285,0.05590062088711872,two-strong
3,2927,marriage,0.2421052631578947,female,0.2285714285714285,0.05590062088711872,two-strong
3,2928,marriage,0.2421052631578947,female,0.2285714285714285,0.05590062088711872,two-strong
3,2929,marriage,0.2421052631578947,female,0.2285714285714285,0.05590062088711872,two-strong
3,2930,marriage,0.2421052631578947,female,0.2285714285714285,0.05590062088711872,two-strong
3,2931,marriage,0.2421052631578947,female,0.2285714285714285,0.05590062088711872,two-strong
3,2932,marriage,0.2421052631578947,female,0.2285714285714285,0.05590062088711872,two-strong
3,2933,marriage,0.2421052631578947,female,0.2285714285714285,0.05590062088711872,two-strong
3,2934,marriage,0.2421052631578947,female,0.2285714285714285,0.05590062088711872,two-strong
3,2935,marriage,0.2421052631578947,female,0.2285714285714285,0.05590062088711872,two-strong
3,2936,marriage,0.2421052631578947,female,0.2285714285714285,0.05590062088711872,two-strong
3,2937,marriage,0.2468126838836221,female,0.2285714285714285,0.07390728446876531,two-strong
3,2938,marriage,0.2421052631578947,female,0.2285714285714285,0.05590062088711872,two-strong
3,2939,marriage,0.2421052631578947,female,0.2285714285714285,0.05590062088711872,two-strong
3,2940,marriage,0.2421052631578947,female,0.2285714285714285,0.05590062088711872,two-strong
3,2941,marriage,0.2421052631578947,female,0.2285714285714285,0.05590062088711872,two-strong
3,2942,family,0.2867569890833475,male,0.2695752039216288,0.059917580934033085,two-strong
3,2943,marriage,0.2421052631578947,female,0.2285714285714285,0.05590062088711872,two-strong
3,2944,marriage,0.2421052631578947,female,0.2285714285714285,0.05590062088711872,two-strong
3,2945,marriage,0.2421052631578947,female,0.2285714285714285,0.05590062088711872,two-strong
3,2946,marriage,0.2421052631578947,female,0.2285714285714285,0.05590062088711872,two-strong
3,2947,marriage,0.2421052631578947,female,0.2285714285714285,0.05590062088711872,two-strong
3,2948,marriage,0.2421052631578947,female,0.2285714285714285,0.05590062088711872,two-strong
3,2949,marriage,0.2421052631578947,female,0.2285714285714285,0.05590062088711872,two-strong
3,2950,marriage,0.2421052631578947,female,0.2285714285714285,0.05590062088711872,two-strong
3,2951,marriage,0.2421052631578947,female,0.2285714285714285,0.05590062088711872,two-strong
3,2952,marriage,0.2421052631578947,female,0.2285714285714285,0.05590062088711872,two-strong
3,2953,marriage,0.2421052631578947,female,0.2285714285714285,0.05590062088711872,two-strong
3,2954,marriage,0.2421052631578947,female,0.2285714285714285,0.05590062088711872,two-strong
3,2955,marriage,0.2421052631578947,female,0.2285714285714285,0.05590062088711872,two-strong
3,2956,marriage,0.2421052631578947,female,0.2285714285714285,0.05590062088711872,two-strong
3,2957,marriage,0.2421052631578947,female,0.2285714285714285,0.05590062088711872,two-strong
3,2958,marriage,0.2421052631578947,female,0.2285714285714285,0.05590062088711872,two-strong
3,2959,marriage,0.2421052631578947,female,0.2285714285714285,0.05590062088711872,two-strong
3,2960,marriage,0.2421052631578947,female,0.2285714285714285,0.05590062088711872,two-strong
3,2961,marriage,0.2421052631578947,female,0.2285714285714285,0.05590062088711872,two-strong
3,2962,marriage,0.2421052631578947,female,0.2285714285714285,0.05590062088711872,two-strong
3,2963,marriage,0.2421052631578947,female,0.2285714285714285,0.05590062088711872,two-strong
3,2964,marriage,0.2421052631578947,female,0.2285714285714285,0.05590062088711872,two-strong
3,2965,marriage,0.2421052631578947,female,0.2285714285714285,0.05590062088711872,two-strong
3,2966,marriage,0.2421052631578947,female,0.2287124060150376,0.05531832275287766,two-strong
3,2967,marriage,0.2421052631578947,female,0.2285714285714285,0.05590062088711872,two-strong
3,2968,marriage,0.2421052631578947,female,0.2285714285714285,0.05590062088711872,two-strong
3,2969,marriage,0.2421052631578947,female,0.2285714285714285,0.05590062088711872,two-strong
3,2970,marriage,0.2421052631578947,female,0.2285714285714285,0.05590062088711872,two-strong
3,2971,marriage,0.2421052631578947,female,0.2285714285714285,0.05590062088711872,two-strong
3,2972,marriage,0.2421052631578947,female,0.2285714285714285,0.05590062088711872,two-strong
3,2973,marriage,0.2421052631578947,female,0.2285714285714285,0.05590062088711872,two-strong
3,2974,marriage,0.2421052631578947,female,0.2285714285714285,0.05590062088711872,two-strong
3,2975,marriage,0.2421052631578947,female,0.2285714285714285,0.05590062088711872,two-strong
3,2976,marriage,0.2421052631578947,female,0.2285714285714285,0.05590062088711872,two-strong
3,2977,marriage,0.2421052631578947,female,0.2285714285714285,0.05590062088711872,two-strong
3,2978,marriage,0.2421052631578947,female,0.2285714285714285,0.05590062088711872,two-strong
3,2979,marriage,0.2421052631578947,female,0.2285714285714285,0.05590062088711872,two-strong
3,2980,marriage,0.2421052631578947,female,0.2285714285714285,0.05590062088711872,two-strong
3,2981,marriage,0.2421052631578947,female,0.2285714285714285,0.05590062088711872,two-strong
3,2982,marriage,0.2421052631578947,female,0.2285714285714285,0.05590062088711872,two-strong
3,2983,marriage,0.2421052631578947,female,0.2285714285714285,0.05590062088711872,two-strong
3,2984,marriage,0.2421052631578947,female,0.2285714285714285,0.05590062088711872,two-strong
3,2985,marriage,0.2421052631578947,female,0.2285714285714285,0.05590062088711872,two-strong
3,2986,marriage,0.2421052631578947,female,0.2285714285714285,0.05590062088711872,two-strong
3,2987,marriage,0.2421052631578947,female,0.2285714285714285,0.05590062088711872,two-strong
3,2988,marriage,0.2421052631578947,female,0.2285714285714285,0.05590062088711872,two-strong
3,2989,marriage,0.2421052631578947,female,0.2285714285714285,0.05590062088711872,two-strong
3,2990,marriage,0.2421052631578947,female,0.2285714285714285,0.05590062088711872,two-strong
3,2991,marriage,0.2421052631578947,female,0.2285714285714285,0.05590062088711872,two-strong
3,2992,marriage,0.2421052631578947,female,0.2285714285714285,0.05590062088711872,two-strong
3,2993,marriage,0.2421052631578947,female,0.2285714285714285,0.05590062088711872,two-strong
3,2994,marriage,0.2421052631578947,female,0.2285714285714285,0.05590062088711872,two-strong
3,2995,marriage,0.2421052631578947,female,0.2285714285714285,0.05590062088711872,two-strong
3,2996,marriage,0.2421052631578947,female,0.2285714285714285,0.05590062088711872,two-strong
3,2997,marriage,0.2421052631578947,female,0.2285714285714285,0.05590062088711872,two-strong
3,2998,marriage,0.2421052631578947,female,0.2285714285714285,0.05590062088711872,two-strong
3,2999,marriage,0.2421052631578947,female,0.2285714285714285,0.05590062088711872,two-strong
3,3000,marriage,0.2437070938215103,female,0.2285714285714285,0.06210596889338432,two-strong
3,3001,marriage,0.2421052631578947,female,0.2285714285714285,0.05590062088711872,two-strong
3,3002,marriage,0.2421052631578947,female,0.2285714285714285,0.05590062088711872,two-strong
3,3003,marriage,0.2421052631578947,female,0.2285714285714285,0.05590062088711872,two-strong
3,3004,marriage,0.2421052631578947,female,0.2285714285714285,0.05590062088711872,two-strong
3,3005,marriage,0.2421052631578947,female,0.2285714285714285,0.05590062088711872,two-strong
3,3006,marriage,0.2421052631578947,female,0.2285714285714285,0.05590062088711872,two-strong
3,3007,marriage,0.2421052631578947,female,0.2285714285714285,0.05590062088711872,two-strong
3,3008,marriage,0.2421052631578947,female,0.2285714285714285,0.05590062088711872,two-strong
3,3009,marriage,0.2421052631578947,female,0.2285714285714285,0.05590062088711872,two-strong
3,3010,marriage,0.2421052631578947,female,0.2285714285714285,0.05590062088711872,two-strong
3,3011,marriage,0.2426718971341397,female,0.2285714285714285,0.05810507385126642,two-strong
3,3012,marriage,0.2421052631578947,female,0.2285714285714285,0.05590062088711872,two-strong
3,3013,marriage,0.2421052631578947,female,0.2285714285714285,0.05590062088711872,two-strong
3,3014,marriage,0.2421052631578947,female,0.2285714285714285,0.05590062088711872,two-strong
3,3015,marriage,0.2421052631578947,female,0.2285714285714285,0.05590062088711872,two-strong
3,3016,marriage,0.2421052631578947,female,0.2285714285714285,0.05590062088711872,two-strong
3,3017,marriage,0.2421052631578947,female,0.2285714285714285,0.05590062088711872,two-strong
3,3018,marriage,0.2421052631578947,female,0.2285714285714285,0.05590062088711872,two-strong
3,3019,marriage,0.2421052631578947,female,0.2285714285714285,0.05590062088711872,two-strong
3,3020,marriage,0.2421052631578947,female,0.2285714285714285,0.05590062088711872,two-strong
3,3021,marriage,0.2421052631578947,female,0.2285714285714285,0.05590062088711872,two-strong
3,3022,marriage,0.2421052631578947,female,0.2285714285714285,0.05590062088711872,two-strong
3,3023,marriage,0.2421052631578947,female,0.2285714285714285,0.05590062088711872,two-strong
3,3024,marriage,0.2421052631578947,female,0.2285714285714285,0.05590062088711872,two-strong
3,3025,marriage,0.2421052631578947,female,0.2285714285714285,0.05590062088711872,two-strong
3,3026,marriage,0.2605181431840471,female,0.2292606516290727,0.11998201373986471,two-strong
3,3027,marriage,0.2421052631578947,female,0.2285714285714285,0.05590062088711872,two-strong
3,3028,marriage,0.2421052631578947,female,0.2285714285714285,0.05590062088711872,two-strong
3,3029,marriage,0.2421052631578947,female,0.2285714285714285,0.05590062088711872,two-strong
3,3030,marriage,0.2421052631578947,female,0.2285714285714285,0.05590062088711872,two-strong
3,3031,marriage,0.2421052631578947,female,0.2285714285714285,0.05590062088711872,two-strong
3,3032,marriage,0.2421052631578947,female,0.2285714285714285,0.05590062088711872,two-strong
3,3033,marriage,0.2421052631578947,female,0.2285714285714285,0.05590062088711872,two-strong
3,3034,marriage,0.2421052631578947,female,0.2285714285714285,0.05590062088711872,two-strong
3,3035,marriage,0.2421052631578947,female,0.2285714285714285,0.05590062088711872,two-strong
3,3036,marriage,0.2421052631578947,female,0.2285714285714285,0.05590062088711872,two-strong
3,3037,marriage,0.2421052631578947,female,0.2285714285714285,0.05590062088711872,two-strong
3,3038,marriage,0.2421052631578947,female,0.2285714285714285,0.05590062088711872,two-strong
3,3039,marriage,0.2421052631578947,female,0.2285714285714285,0.05590062088711872,two-strong
3,3040,marriage,0.2421052631578947,female,0.2285714285714285,0.05590062088711872,two-strong
3,3041,marriage,0.2421052631578947,female,0.2285714285714285,0.05590062088711872,two-strong
3,3042,marriage,0.2421052631578947,female,0.2285714285714285,0.05590062088711872,two-strong
3,3043,marriage,0.2421052631578947,female,0.2285714285714285,0.05590062088711872,two-strong
3,3044,marriage,0.2421052631578947,female,0.2285714285714285,0.05590062088711872,two-strong
3,3045,marriage,0.2421052631578947,female,0.2285714285714285,0.05590062088711872,two-strong
3,3046,marriage,0.2421052631578947,female,0.2285714285714285,0.05590062088711872,two-strong
3,3047,marriage,0.2421052631578947,female,0.2303571428571428,0.048524844520068375,two-strong
3,3048,marriage,0.2421052631578947,female,0.2285714285714285,0.05590062088711872,two-strong
3,3049,marriage,0.2421052631578947,female,0.2285714285714285,0.05590062088711872,two-strong
3,3050,marriage,0.2421052631578947,female,0.2285714285714285,0.05590062088711872,two-strong
3,3051,marriage,0.2421052631578947,female,0.2285714285714285,0.05590062088711872,two-strong
3,3052,marriage,0.2421052631578947,female,0.2285714285714285,0.05590062088711872,two-strong
3,3053,marriage,0.2421052631578947,female,0.2285714285714285,0.05590062088711872,two-strong
3,3054,marriage,0.2481831152393428,female,0.228477464246915,0.07939964366239992,two-strong
3,3055,marriage,0.2421052631578947,female,0.2285714285714285,0.05590062088711872,two-strong
3,3056,marriage,0.2421052631578947,female,0.2285714285714285,0.05590062088711872,two-strong
3,3057,marriage,0.2421052631578947,female,0.2285714285714285,0.05590062088711872,two-strong
3,3058,marriage,0.2421052631578947,female,0.2285714285714285,0.05590062088711872,two-strong
3,3059,marriage,0.2421052631578947,female,0.2285714285714285,0.05590062088711872,two-strong
3,3060,marriage,0.2421052631578947,female,0.2285714285714285,0.05590062088711872,two-strong
3,3061,marriage,0.2421052631578947,female,0.2285714285714285,0.05590062088711872,two-strong
3,3062,marriage,0.2421052631578947,female,0.2285714285714285,0.05590062088711872,two-strong
3,3063,marriage,0.2421052631578947,female,0.2285714285714285,0.05590062088711872,two-strong
3,3064,marriage,0.2421052631578947,female,0.2285714285714285,0.05590062088711872,two-strong
3,3065,marriage,0.2421052631578947,female,0.2285714285714285,0.05590062088711872,two-strong
3,3066,marriage,0.2421052631578947,female,0.2285714285714285,0.05590062088711872,two-strong
3,3067,marriage,0.2421052631578947,female,0.2285714285714285,0.05590062088711872,two-strong
3,3068,marriage,0.2421052631578947,female,0.2285714285714285,0.05590062088711872,two-strong
3,3069,marriage,0.2421052631578947,female,0.2285714285714285,0.05590062088711872,two-strong
3,3070,marriage,0.2421052631578947,female,0.2285714285714285,0.05590062088711872,two-strong
3,3071,marriage,0.2421052631578947,female,0.2285714285714285,0.05590062088711872,two-strong
3,3072,marriage,0.2421052631578947,female,0.2285714285714285,0.05590062088711872,two-strong
3,3073,marriage,0.2421052631578947,female,0.2285714285714285,0.05590062088711872,two-strong
3,3074,marriage,0.2421052631578947,female,0.2285714285714285,0.05590062088711872,two-strong
3,3075,marriage,0.2421052631578947,female,0.2285714285714285,0.05590062088711872,two-strong
3,3076,marriage,0.2421052631578947,female,0.2285714285714285,0.05590062088711872,two-strong
3,3077,marriage,0.2421052631578947,female,0.2285714285714285,0.05590062088711872,two-strong
3,3078,emotion,0.2479553166671113,male,0.2252236274180122,0.09167655472352963,two-strong
3,3079,marriage,0.2421052631578947,female,0.2285714285714285,0.05590062088711872,two-strong
3,3080,female,0.3308136109367378,marriage,0.3231366264718102,0.02320637418751584,two-strong
3,3081,marriage,0.2421052631578947,female,0.2285714285714285,0.05590062088711872,two-strong
3,3082,marriage,0.2421052631578947,female,0.2285714285714285,0.05590062088711872,two-strong
3,3083,marriage,0.2421052631578947,female,0.2285714285714285,0.05590062088711872,two-strong
3,3084,marriage,0.2421052631578947,female,0.2285714285714285,0.05590062088711872,two-strong
3,3085,marriage,0.2421052631578947,female,0.2285714285714285,0.05590062088711872,two-strong
3,3086,marriage,0.2421052631578947,female,0.2285714285714285,0.05590062088711872,two-strong
3,3087,marriage,0.2421052631578947,female,0.2285714285714285,0.05590062088711872,two-strong
3,3088,marriage,0.2421052631578947,female,0.2285714285714285,0.05590062088711872,two-strong
3,3089,marriage,0.2421052631578947,female,0.2285714285714285,0.05590062088711872,two-strong
3,3090,marriage,0.2421052631578947,female,0.2285714285714285,0.05590062088711872,two-strong
3,3091,marriage,0.2421052631578947,female,0.2285714285714285,0.05590062088711872,two-strong
3,3092,marriage,0.2421052631578947,female,0.2285714285714285,0.05590062088711872,two-strong
3,3093,marriage,0.2421052631578947,female,0.2285714285714285,0.05590062088711872,two-strong
3,3094,marriage,0.2421052631578947,female,0.2285714285714285,0.05590062088711872,two-strong
3,3095,marriage,0.2421052631578947,female,0.2285714285714285,0.05590062088711872,two-strong
3,3096,marriage,0.2421052631578947,female,0.2285714285714285,0.05590062088711872,two-strong
3,3097,marriage,0.2421052631578947,female,0.2285714285714285,0.05590062088711872,two-strong
3,3098,marriage,0.2421052631578947,female,0.2285714285714285,0.05590062088711872,two-strong
3,3099,marriage,0.2421052631578947,female,0.2285714285714285,0.05590062088711872,two-strong
3,3100,marriage,0.2421052631578947,female,0.2285714285714285,0.05590062088711872,two-strong
3,3101,marriage,0.2421052631578947,female,0.2285714285714285,0.05590062088711872,two-strong
3,3102,marriage,0.2421052631578947,female,0.2285714285714285,0.05590062088711872,two-strong
3,3103,marriage,0.2421052631578947,female,0.2285714285714285,0.05590062088711872,two-strong
3,3104,marriage,0.2421052631578947,female,0.2285714285714285,0.05590062088711872,two-strong
3,3105,marriage,0.2421052631578947,female,0.2285714285714285,0.05590062088711872,two-strong
3,3106,marriage,0.2421052631578947,female,0.2285714285714285,0.05590062088711872,two-strong
3,3107,marriage,0.2421052631578947,female,0.2285714285714285,0.05590062088711872,two-strong
3,3108,marriage,0.2421052631578947,female,0.2285714285714285,0.05590062088711872,two-strong
3,3109,marriage,0.2421052631578947,female,0.2285714285714285,0.05590062088711872,two-strong
3,3110,marriage,0.2421052631578947,female,0.2285714285714285,0.05590062088711872,two-strong
3,3111,marriage,0.2421052631578947,female,0.2285714285714285,0.05590062088711872,two-strong
3,3112,marriage,0.2421052631578947,female,0.2285714285714285,0.05590062088711872,two-strong
3,3113,marriage,0.2421052631578947,female,0.2285714285714285,0.05590062088711872,two-strong
3,3114,marriage,0.2421052631578947,female,0.2285714285714285,0.05590062088711872,two-strong
3,3115,marriage,0.2421052631578947,female,0.2285714285714285,0.05590062088711872,two-strong
3,3116,marriage,0.2421052631578947,female,0.2285714285714285,0.05590062088711872,two-strong
3,3117,marriage,0.2421052631578947,female,0.2285714285714285,0.05590062088711872,two-strong
3,3118,marriage,0.2421052631578947,female,0.2285714285714285,0.05590062088711872,two-strong
3,3119,marriage,0.2421052631578947,female,0.2285714285714285,0.05590062088711872,two-strong
3,3120,marriage,0.2426718971341397,female,0.2285714285714285,0.05810507385126642,two-strong
3,3121,marriage,0.2421052631578947,female,0.2285714285714285,0.05590062088711872,two-strong
3,3122,marriage,0.2421052631578947,female,0.2285714285714285,0.05590062088711872,two-strong
3,3123,marriage,0.2421052631578947,female,0.2285714285714285,0.05590062088711872,two-strong
3,3124,wealth,0.2218999843378765,love,0.2024409080814605,0.0876930037953206,two-strong
3,3125,marriage,0.2421052631578947,female,0.2285714285714285,0.05590062088711872,two-strong
3,3126,marriage,0.2421052631578947,female,0.2285714285714285,0.05590062088711872,two-strong
3,3127,marriage,0.2421052631578947,female,0.2285714285714285,0.05590062088711872,two-strong
3,3128,marriage,0.2421052631578947,female,0.2285714285714285,0.05590062088711872,two-strong
3,3129,marriage,0.2421052631578947,female,0.2285714285714285,0.05590062088711872,two-strong
3,3130,marriage,0.2421052631578947,female,0.2285714285714285,0.05590062088711872,two-strong
3,3131,marriage,0.2421052631578947,female,0.2285714285714285,0.05590062088711872,two-strong
3,3132,marriage,0.2421052631578947,female,0.2285714285714285,0.05590062088711872,two-strong
3,3133,marriage,0.2421052631578947,female,0.2285714285714285,0.05590062088711872,two-strong
3,3134,marriage,0.2421052631578947,female,0.2285714285714285,0.05590062088711872,two-strong
3,3135,marriage,0.2421052631578947,female,0.2285714285714285,0.05590062088711872,two-strong
3,3136,marriage,0.2421052631578947,female,0.2285714285714285,0.05590062088711872,two-strong
3,3137,marriage,0.2421052631578947,female,0.2285714285714285,0.05590062088711872,two-strong
3,3138,marriage,0.2421052631578947,female,0.2285714285714285,0.05590062088711872,two-strong
3,3139,marriage,0.2421052631578947,female,0.2285714285714285,0.05590062088711872,two-strong
3,3140,duty,0.1555794263992025,,,0.999999993572415,dominant
3,3141,marriage,0.2421052631578947,female,0.2285714285714285,0.05590062088711872,two-strong
3,3142,marriage,0.2421052631578947,female,0.2285714285714285,0.05590062088711872,two-strong
3,3143,marriage,0.2421052631578947,female,0.2285714285714285,0.05590062088711872,two-strong
3,3144,marriage,0.2421052631578947,female,0.2285714285714285,0.05590062088711872,two-strong
3,3145,marriage,0.2421052631578947,female,0.2285714285714285,0.05590062088711872,two-strong
3,3146,marriage,0.2421052631578947,female,0.2285714285714285,0.05590062088711872,two-strong
3,3147,marriage,0.2421052631578947,female,0.2285714285714285,0.05590062088711872,two-strong
3,3148,family,0.2775340809394964,female,0.2612465828609222,0.05868647902539372,two-strong
3,3149,marriage,0.2421052631578947,female,0.2285714285714285,0.05590062088711872,two-strong
3,3150,marriage,0.2421052631578947,female,0.2285714285714285,0.05590062088711872,two-strong
3,3151,marriage,0.2421052631578947,female,0.2285714285714285,0.05590062088711872,two-strong
3,3152,marriage,0.2421052631578947,female,0.2285714285714285,0.05590062088711872,two-strong
3,3153,marriage,0.2421052631578947,female,0.2285714285714285,0.05590062088711872,two-strong
3,3154,marriage,0.2421052631578947,female,0.2285714285714285,0.05590062088711872,two-strong
3,3155,marriage,0.2421052631578947,female,0.2285714285714285,0.05590062088711872,two-strong
3,3156,marriage,0.2421052631578947,female,0.2285714285714285,0.05590062088711872,two-strong
3,3157,marriage,0.2421052631578947,female,0.2285714285714285,0.05590062088711872,two-strong
3,3158,marriage,0.2421052631578947,female,0.2285714285714285,0.05590062088711872,two-strong
3,3159,marriage,0.288139023334133,class,0.1855331794444366,0.3560983942623203,leaning
3,3160,marriage,0.2421052631578947,female,0.2285714285714285,0.05590062088711872,two-strong
3,3161,marriage,0.2421052631578947,female,0.2285714285714285,0.05590062088711872,two-strong
3,3162,marriage,0.259710334903667,female,0.2244496165796126,0.13576940710258634,two-strong
3,3163,marriage,0.2421052631578947,female,0.2285714285714285,0.05590062088711872,two-strong
3,3164,marriage,0.2421052631578947,female,0.2285714285714285,0.05590062088711872,two-strong
3,3165,marriage,0.2421052631578947,female,0.2285714285714285,0.05590062088711872,two-strong
3,3166,marriage,0.2421052631578947,female,0.2285714285714285,0.05590062088711872,two-strong
3,3167,marriage,0.2421052631578947,female,0.2285714285714285,0.05590062088711872,two-strong
3,3168,marriage,0.2421052631578947,female,0.2285714285714285,0.05590062088711872,two-strong
3,3169,marriage,0.2421052631578947,female,0.2285714285714285,0.05590062088711872,two-strong
3,3170,marriage,0.2421052631578947,female,0.2285714285714285,0.05590062088711872,two-strong
3,3171,marriage,0.2421052631578947,female,0.2285714285714285,0.05590062088711872,two-strong
3,3172,marriage,0.2414287181163611,female,0.2283834586466165,0.0540335860517787,two-strong
3,3173,marriage,0.2421052631578947,female,0.2285714285714285,0.05590062088711872,two-strong
3,3174,marriage,0.2421052631578947,female,0.2285714285714285,0.05590062088711872,two-strong
3,3175,marriage,0.2421052631578947,female,0.2285714285714285,0.05590062088711872,two-strong
3,3176,marriage,0.2421052631578947,female,0.2285714285714285,0.05590062088711872,two-strong
3,3177,marriage,0.2421052631578947,female,0.2285714285714285,0.05590062088711872,two-strong
3,3178,marriage,0.2421052631578947,female,0.2285714285714285,0.05590062088711872,two-strong
3,3179,marriage,0.2421052631578947,female,0.2285714285714285,0.05590062088711872,two-strong
3,3180,marriage,0.2421052631578947,female,0.2285714285714285,0.05590062088711872,two-strong
3,3181,marriage,0.2421052631578947,female,0.2285714285714285,0.05590062088711872,two-strong
3,3182,marriage,0.2421052631578947,female,0.2285714285714285,0.05590062088711872,two-strong
3,3183,marriage,0.3080091533180779,male,0.2022556390977443,0.343345360804189,leaning
3,3184,marriage,0.2421052631578947,female,0.2285714285714285,0.05590062088711872,two-strong
3,3185,marriage,0.2421052631578947,female,0.2285714285714285,0.05590062088711872,two-strong
3,3186,marriage,0.2421052631578947,female,0.2285714285714285,0.05590062088711872,two-strong
3,3187,marriage,0.2421052631578947,female,0.2285714285714285,0.05590062088711872,two-strong
3,3188,marriage,0.2421052631578947,female,0.2285714285714285,0.05590062088711872,two-strong
3,3189,marriage,0.2421052631578947,female,0.2285714285714285,0.05590062088711872,two-strong
3,3190,marriage,0.2421052631578947,female,0.2285714285714285,0.05590062088711872,two-strong
3,3191,marriage,0.2421052631578947,female,0.2285714285714285,0.05590062088711872,two-strong
3,3192,marriage,0.2421052631578947,female,0.2285714285714285,0.05590062088711872,two-strong
3,3193,marriage,0.2421052631578947,female,0.2285714285714285,0.05590062088711872,two-strong
3,3194,marriage,0.2421052631578947,female,0.2285714285714285,0.05590062088711872,two-strong
3,3195,marriage,0.2421052631578947,female,0.2285714285714285,0.05590062088711872,two-strong
3,3196,marriage,0.2421052631578947,female,0.2285714285714285,0.05590062088711872,two-strong
3,3197,marriage,0.2421052631578947,female,0.2285714285714285,0.05590062088711872,two-strong
3,3198,marriage,0.2421052631578947,female,0.2285714285714285,0.05590062088711872,two-strong
3,3199,marriage,0.2421052631578947,female,0.2285714285714285,0.05590062088711872,two-strong
3,3200,marriage,0.2421052631578947,female,0.2285714285714285,0.05590062088711872,two-strong
3,3201,marriage,0.2421052631578947,female,0.2285714285714285,0.05590062088711872,two-strong
3,3202,marriage,0.2421052631578947,female,0.2285714285714285,0.05590062088711872,two-strong
3,3203,marriage,0.2421052631578947,female,0.2285714285714285,0.05590062088711872,two-strong
3,3204,marriage,0.2421052631578947,female,0.2285714285714285,0.05590062088711872,two-strong
3,3205,marriage,0.2421052631578947,female,0.2285714285714285,0.05590062088711872,two-strong
3,3206,marriage,0.2421052631578947,female,0.2285714285714285,0.05590062088711872,two-strong
3,3207,marriage,0.2421052631578947,female,0.2285714285714285,0.05590062088711872,two-strong
3,3208,marriage,0.2421052631578947,female,0.2285714285714285,0.05590062088711872,two-strong
3,3209,marriage,0.2421052631578947,female,0.2285714285714285,0.05590062088711872,two-strong
3,3210,marriage,0.2421052631578947,female,0.2285714285714285,0.05590062088711872,two-strong
3,3211,marriage,0.2421052631578947,female,0.2285714285714285,0.05590062088711872,two-strong
3,3212,marriage,0.2421052631578947,female,0.2285714285714285,0.05590062088711872,two-strong
3,3213,marriage,0.2421052631578947,female,0.2285714285714285,0.05590062088711872,two-strong
3,3214,marriage,0.2421052631578947,female,0.2285714285714285,0.05590062088711872,two-strong
3,3215,marriage,0.2421052631578947,female,0.2285714285714285,0.05590062088711872,two-strong
3,3216,marriage,0.2421052631578947,female,0.2285714285714285,0.05590062088711872,two-strong
3,3217,marriage,0.2421052631578947,female,0.2285714285714285,0.05590062088711872,two-strong
3,3218,marriage,0.2421052631578947,female,0.2285714285714285,0.05590062088711872,two-strong
3,3219,marriage,0.2421052631578947,female,0.2285714285714285,0.05590062088711872,two-strong
3,3220,marriage,0.2421052631578947,female,0.2285714285714285,0.05590062088711872,two-strong
3,3221,marriage,0.2468126838836221,female,0.2285714285714285,0.07390728446876531,two-strong
3,3222,marriage,0.2421052631578947,female,0.2285714285714285,0.05590062088711872,two-strong
3,3223,marriage,0.2421052631578947,female,0.2285714285714285,0.05590062088711872,two-strong
3,3224,marriage,0.2421052631578947,female,0.2285714285714285,0.05590062088711872,two-strong
3,3225,marriage,0.2421052631578947,female,0.2285714285714285,0.05590062088711872,two-strong
3,3226,marriage,0.2421052631578947,female,0.2285714285714285,0.05590062088711872,two-strong
3,3227,marriage,0.2421052631578947,female,0.2285714285714285,0.05590062088711872,two-strong
3,3228,marriage,0.2421052631578947,female,0.2285714285714285,0.05590062088711872,two-strong
3,3229,marriage,0.2421052631578947,female,0.2285714285714285,0.05590062088711872,two-strong
3,3230,marriage,0.2421052631578947,female,0.2285714285714285,0.05590062088711872,two-strong
3,3231,marriage,0.2421052631578947,female,0.2285714285714285,0.05590062088711872,two-strong
3,3232,marriage,0.2421052631578947,female,0.2285714285714285,0.05590062088711872,two-strong
3,3233,marriage,0.2421052631578947,female,0.2285714285714285,0.05590062088711872,two-strong
3,3234,marriage,0.2421052631578947,female,0.2285714285714285,0.05590062088711872,two-strong
3,3235,marriage,0.2421052631578947,female,0.2285714285714285,0.05590062088711872,two-strong
3,3236,marriage,0.2421052631578947,female,0.2285714285714285,0.05590062088711872,two-strong
3,3237,marriage,0.2421052631578947,female,0.2285714285714285,0.05590062088711872,two-strong
3,3238,marriage,0.2421052631578947,female,0.2285714285714285,0.05590062088711872,two-strong
3,3239,marriage,0.2421052631578947,female,0.2285714285714285,0.05590062088711872,two-strong
3,3240,marriage,0.2421052631578947,female,0.2285714285714285,0.05590062088711872,two-strong
3,3241,marriage,0.2421052631578947,female,0.2285714285714285,0.05590062088711872,two-strong
3,3242,marriage,0.2421052631578947,female,0.2285714285714285,0.05590062088711872,two-strong
3,3243,marriage,0.2421052631578947,female,0.2285714285714285,0.05590062088711872,two-strong
3,3244,marriage,0.2421052631578947,female,0.2285714285714285,0.05590062088711872,two-strong
3,3245,marriage,0.2421052631578947,female,0.2285714285714285,0.05590062088711872,two-strong
3,3246,marriage,0.2421052631578947,female,0.2285714285714285,0.05590062088711872,two-strong
3,3247,marriage,0.2421052631578947,female,0.2285714285714285,0.05590062088711872,two-strong
3,3248,marriage,0.2421052631578947,female,0.2285714285714285,0.05590062088711872,two-strong
3,3249,marriage,0.2421052631578947,female,0.2285714285714285,0.05590062088711872,two-strong
3,3250,marriage,0.2421052631578947,female,0.2285714285714285,0.05590062088711872,two-strong
3,3251,marriage,0.2421052631578947,female,0.2285714285714285,0.05590062088711872,two-strong
3,3252,marriage,0.2421052631578947,female,0.2285714285714285,0.05590062088711872,two-strong
3,3253,marriage,0.2421052631578947,female,0.2285714285714285,0.05590062088711872,two-strong
3,3254,marriage,0.2421052631578947,female,0.2285714285714285,0.05590062088711872,two-strong
3,3255,marriage,0.2468126838836221,female,0.2285714285714285,0.07390728446876531,two-strong
3,3256,marriage,0.2421052631578947,female,0.2285714285714285,0.05590062088711872,two-strong
3,3257,marriage,0.2421052631578947,female,0.2285714285714285,0.05590062088711872,two-strong
3,3258,marriage,0.2421052631578947,female,0.2285714285714285,0.05590062088711872,two-strong
3,3259,marriage,0.2421052631578947,female,0.2285714285714285,0.05590062088711872,two-strong
3,3260,marriage,0.2421052631578947,female,0.2285714285714285,0.05590062088711872,two-strong
3,3261,marriage,0.2421052631578947,female,0.2285714285714285,0.05590062088711872,two-strong
3,3262,female,0.2590225563909774,marriage,0.2421052631578947,0.06531204619197366,two-strong
3,3263,marriage,0.2421052631578947,female,0.2285714285714285,0.05590062088711872,two-strong
3,3264,marriage,0.2421052631578947,female,0.2285714285714285,0.05590062088711872,two-strong
3,3265,marriage,0.2421052631578947,female,0.2285714285714285,0.05590062088711872,two-strong
3,3266,marriage,0.2421052631578947,female,0.2285714285714285,0.05590062088711872,two-strong
3,3267,marriage,0.2421052631578947,female,0.2285714285714285,0.05590062088711872,two-strong
3,3268,marriage,0.2421052631578947,female,0.2285714285714285,0.05590062088711872,two-strong
3,3269,marriage,0.2421052631578947,female,0.2285714285714285,0.05590062088711872,two-strong
3,3270,marriage,0.2421052631578947,female,0.2285714285714285,0.05590062088711872,two-strong
3,3271,marriage,0.2724124976347337,female,0.2118569288626155,0.22229365053221936,leaning
3,3272,marriage,0.2421052631578947,female,0.2285714285714285,0.05590062088711872,two-strong
3,3273,marriage,0.2421052631578947,female,0.2285714285714285,0.05590062088711872,two-strong
3,3274,marriage,0.2421052631578947,female,0.2285714285714285,0.05590062088711872,two-strong
3,3275,marriage,0.2421052631578947,female,0.2285714285714285,0.05590062088711872,two-strong
3,3276,marriage,0.2421052631578947,female,0.2285714285714285,0.05590062088711872,two-strong
3,3277,marriage,0.2421052631578947,female,0.2285714285714285,0.05590062088711872,two-strong
3,3278,marriage,0.2421052631578947,female,0.2285714285714285,0.05590062088711872,two-strong
3,3279,marriage,0.2421052631578947,female,0.2285714285714285,0.05590062088711872,two-strong
3,3280,marriage,0.2421052631578947,female,0.2285714285714285,0.05590062088711872,two-strong
3,3281,marriage,0.2421052631578947,female,0.2285714285714285,0.05590062088711872,two-strong
3,3282,marriage,0.2421052631578947,female,0.2285714285714285,0.05590062088711872,two-strong
3,3283,marriage,0.2421052631578947,female,0.2285714285714285,0.05590062088711872,two-strong
3,3284,marriage,0.2421052631578947,female,0.2285714285714285,0.05590062088711872,two-strong
3,3285,marriage,0.2421052631578947,female,0.2285714285714285,0.05590062088711872,two-strong
3,3286,marriage,0.2421052631578947,female,0.2285714285714285,0.05590062088711872,two-strong
3,3287,marriage,0.2421052631578947,female,0.2285714285714285,0.05590062088711872,two-strong
3,3288,marriage,0.2421052631578947,female,0.2336466165413533,0.034937888054449355,two-strong
3,3289,marriage,0.2421052631578947,female,0.2285714285714285,0.05590062088711872,two-strong
3,3290,marriage,0.2421052631578947,female,0.2285714285714285,0.05590062088711872,two-strong
3,3291,marriage,0.2421052631578947,female,0.2285714285714285,0.05590062088711872,two-strong
3,3292,marriage,0.2421052631578947,female,0.2285714285714285,0.05590062088711872,two-strong
3,3293,marriage,0.2421052631578947,female,0.2285714285714285,0.05590062088711872,two-strong
3,3294,marriage,0.2421052631578947,female,0.2285714285714285,0.05590062088711872,two-strong
3,3295,marriage,0.2421052631578947,female,0.2285714285714285,0.05590062088711872,two-strong
3,3296,marriage,0.2421052631578947,female,0.2285714285714285,0.05590062088711872,two-strong
3,3297,marriage,0.2421052631578947,female,0.2285714285714285,0.05590062088711872,two-strong
3,3298,marriage,0.2421052631578947,female,0.2285714285714285,0.05590062088711872,two-strong
3,3299,marriage,0.2421052631578947,female,0.2285714285714285,0.05590062088711872,two-strong
3,3300,marriage,0.2421052631578947,female,0.2285714285714285,0.05590062088711872,two-strong
3,3301,marriage,0.2421052631578947,female,0.2285714285714285,0.05590062088711872,two-strong
3,3302,marriage,0.2421052631578947,female,0.2285714285714285,0.05590062088711872,two-strong
3,3303,marriage,0.2421052631578947,female,0.2285714285714285,0.05590062088711872,two-strong
3,3304,marriage,0.2421052631578947,female,0.2285714285714285,0.05590062088711872,two-strong
3,3305,marriage,0.2421052631578947,female,0.2285714285714285,0.05590062088711872,two-strong
3,3306,marriage,0.2421052631578947,female,0.2285714285714285,0.05590062088711872,two-strong
3,3307,marriage,0.2421052631578947,female,0.2285714285714285,0.05590062088711872,two-strong
3,3308,marriage,0.2421052631578947,female,0.2285714285714285,0.05590062088711872,two-strong
3,3309,marriage,0.2421052631578947,female,0.2285714285714285,0.05590062088711872,two-strong
3,3310,marriage,0.2421052631578947,female,0.2285714285714285,0.05590062088711872,two-strong
3,3311,marriage,0.2421052631578947,female,0.2285714285714285,0.05590062088711872,two-strong
3,3312,marriage,0.2421052631578947,female,0.2285714285714285,0.05590062088711872,two-strong
3,3313,marriage,0.2421052631578947,female,0.2285714285714285,0.05590062088711872,two-strong
3,3314,marriage,0.2421052631578947,female,0.2285714285714285,0.05590062088711872,two-strong
3,3315,marriage,0.2421052631578947,female,0.2285714285714285,0.05590062088711872,two-strong
3,3316,marriage,0.2326220146659862,female,0.2181422331878744,0.06224596342120433,two-strong
3,3317,marriage,0.2421052631578947,female,0.2285714285714285,0.05590062088711872,two-strong
3,3318,marriage,0.2421052631578947,female,0.2285714285714285,0.05590062088711872,two-strong
3,3319,marriage,0.2437070938215103,female,0.2285714285714285,0.06210596889338432,two-strong
3,3320,marriage,0.2931035051749765,female,0.2517164725938619,0.14120278914851148,two-strong
3,3321,marriage,0.2421052631578947,female,0.2285714285714285,0.05590062088711872,two-strong
3,3322,marriage,0.2421052631578947,female,0.2285714285714285,0.05590062088711872,two-strong
3,3323,marriage,0.2421052631578947,female,0.2285714285714285,0.05590062088711872,two-strong
3,3324,marriage,0.2421052631578947,female,0.2285714285714285,0.05590062088711872,two-strong
3,3325,marriage,0.2421052631578947,female,0.2285714285714285,0.05590062088711872,two-strong
3,3326,marriage,0.2421052631578947,female,0.2285714285714285,0.05590062088711872,two-strong
3,3327,marriage,0.2421052631578947,female,0.2285714285714285,0.05590062088711872,two-strong
3,3328,marriage,0.2421052631578947,female,0.2285714285714285,0.05590062088711872,two-strong
3,3329,marriage,0.2421052631578947,female,0.2285714285714285,0.05590062088711872,two-strong
3,3330,marriage,0.2421052631578947,female,0.2285714285714285,0.05590062088711872,two-strong
3,3331,marriage,0.2421052631578947,female,0.2285714285714285,0.05590062088711872,two-strong
3,3332,marriage,0.2421052631578947,female,0.2285714285714285,0.05590062088711872,two-strong
3,3333,marriage,0.2421052631578947,female,0.2285714285714285,0.05590062088711872,two-strong
3,3334,marriage,0.2421052631578947,female,0.2285714285714285,0.05590062088711872,two-strong
3,3335,marriage,0.2421052631578947,female,0.2285714285714285,0.05590062088711872,two-strong
3,3336,marriage,0.2421052631578947,female,0.2285714285714285,0.05590062088711872,two-strong
3,3337,marriage,0.2421052631578947,female,0.2285714285714285,0.05590062088711872,two-strong
3,3338,marriage,0.2421052631578947,female,0.2285714285714285,0.05590062088711872,two-strong
3,3339,marriage,0.2421052631578947,female,0.2285714285714285,0.05590062088711872,two-strong
3,3340,marriage,0.2421052631578947,female,0.2285714285714285,0.05590062088711872,two-strong
3,3341,marriage,0.2421052631578947,female,0.2285714285714285,0.05590062088711872,two-strong
3,3342,wealth,0.2197084306556227,male,0.2079551901045321,0.05349471780633791,two-strong
3,3343,marriage,0.2421052631578947,female,0.2285714285714285,0.05590062088711872,two-strong
3,3344,marriage,0.2421052631578947,female,0.2285714285714285,0.05590062088711872,two-strong
3,3345,marriage,0.2421052631578947,female,0.2285714285714285,0.05590062088711872,two-strong
3,3346,marriage,0.2421052631578947,female,0.2285714285714285,0.05590062088711872,two-strong
3,3347,marriage,0.2421052631578947,female,0.2285714285714285,0.05590062088711872,two-strong
3,3348,male,0.2360902255639098,,,0.9999999957643312,dominant
3,3349,marriage,0.2421052631578947,female,0.2285714285714285,0.05590062088711872,two-strong
3,3350,marriage,0.2421052631578947,female,0.2285714285714285,0.05590062088711872,two-strong
3,3351,marriage,0.2421052631578947,female,0.2285714285714285,0.05590062088711872,two-strong
3,3352,marriage,0.2421052631578947,female,0.2285714285714285,0.05590062088711872,two-strong
3,3353,marriage,0.2421052631578947,female,0.2285714285714285,0.05590062088711872,two-strong
3,3354,marriage,0.2421052631578947,female,0.2285714285714285,0.05590062088711872,two-strong
3,3355,marriage,0.2421052631578947,female,0.2285714285714285,0.05590062088711872,two-strong
3,3356,marriage,0.2421052631578947,female,0.2285714285714285,0.05590062088711872,two-strong
3,3357,marriage,0.2418437397842432,female,0.2278900375939849,0.05769718143214983,two-strong
3,3358,marriage,0.2421052631578947,female,0.2285714285714285,0.05590062088711872,two-strong
3,3359,marriage,0.2421052631578947,female,0.2285714285714285,0.05590062088711872,two-strong
3,3360,marriage,0.2421052631578947,female,0.2285714285714285,0.05590062088711872,two-strong
3,3361,marriage,0.2421052631578947,female,0.2285714285714285,0.05590062088711872,two-strong
3,3362,marriage,0.2421052631578947,female,0.2285714285714285,0.05590062088711872,two-strong
3,3363,marriage,0.2421052631578947,female,0.2285714285714285,0.05590062088711872,two-strong
3,3364,marriage,0.2421052631578947,female,0.2285714285714285,0.05590062088711872,two-strong
3,3365,marriage,0.2421052631578947,female,0.2285714285714285,0.05590062088711872,two-strong
3,3366,marriage,0.2421052631578947,female,0.2285714285714285,0.05590062088711872,two-strong
3,3367,marriage,0.2421052631578947,female,0.2285714285714285,0.05590062088711872,two-strong
3,3368,marriage,0.2421052631578947,female,0.2285714285714285,0.05590062088711872,two-strong
3,3369,marriage,0.2421052631578947,female,0.2285714285714285,0.05590062088711872,two-strong
3,3370,marriage,0.2421052631578947,female,0.2285714285714285,0.05590062088711872,two-strong
3,3371,marriage,0.2421052631578947,female,0.2285714285714285,0.05590062088711872,two-strong
3,3372,marriage,0.2421052631578947,female,0.2285714285714285,0.05590062088711872,two-strong
3,3373,marriage,0.2421052631578947,female,0.2285714285714285,0.05590062088711872,two-strong
3,3374,marriage,0.2421052631578947,female,0.2285714285714285,0.05590062088711872,two-strong
3,3375,marriage,0.2421052631578947,female,0.2285714285714285,0.05590062088711872,two-strong
3,3376,marriage,0.2421052631578947,female,0.2285714285714285,0.05590062088711872,two-strong
3,3377,marriage,0.2421052631578947,female,0.2285714285714285,0.05590062088711872,two-strong
3,3378,marriage,0.2421052631578947,female,0.2285714285714285,0.05590062088711872,two-strong
3,3379,marriage,0.2421052631578947,female,0.2285714285714285,0.05590062088711872,two-strong
3,3380,love,0.1531918890807513,,,0.9999999934722393,dominant
3,3381,marriage,0.2421052631578947,female,0.2387218045112781,0.01397515522177988,two-strong
3,3382,emotion,0.2688225208435604,wealth,0.268746840227885,0.00028152632136776024,two-strong
3,3383,marriage,0.2421052631578947,female,0.2285714285714285,0.05590062088711872,two-strong
3,3384,marriage,0.2421052631578947,female,0.2285714285714285,0.05590062088711872,two-strong
3,3385,marriage,0.2421052631578947,female,0.2285714285714285,0.05590062088711872,two-strong
3,3386,marriage,0.2421052631578947,female,0.2285714285714285,0.05590062088711872,two-strong
3,3387,marriage,0.2639560160155126,female,0.2299555707450444,0.1288110256204919,two-strong
3,3388,marriage,0.2421052631578947,female,0.2285714285714285,0.05590062088711872,two-strong
3,3389,male,0.2545000521672165,family,0.2386030706221003,0.062463568660519164,two-strong
3,3390,marriage,0.2421052631578947,female,0.2285714285714285,0.05590062088711872,two-strong
3,3391,marriage,0.2421052631578947,female,0.2285714285714285,0.05590062088711872,two-strong
3,3392,marriage,0.2421052631578947,female,0.2285714285714285,0.05590062088711872,two-strong
3,3393,marriage,0.2421052631578947,female,0.2285714285714285,0.05590062088711872,two-strong
3,3394,marriage,0.2421052631578947,female,0.2285714285714285,0.05590062088711872,two-strong
3,3395,marriage,0.2468126838836221,female,0.2437969924812029,0.012218542996852712,two-strong
3,3396,marriage,0.2421052631578947,female,0.2285714285714285,0.05590062088711872,two-strong
3,3397,marriage,0.2421052631578947,female,0.2285714285714285,0.05590062088711872,two-strong
3,3398,marriage,0.2421052631578947,female,0.2285714285714285,0.05590062088711872,two-strong
3,3399,marriage,0.2421052631578947,female,0.2285714285714285,0.05590062088711872,two-strong
3,3400,marriage,0.2421052631578947,female,0.2285714285714285,0.05590062088711872,two-strong
3,3401,marriage,0.2421052631578947,female,0.2285714285714285,0.05590062088711872,two-strong
3,3402,marriage,0.2421052631578947,female,0.2285714285714285,0.05590062088711872,two-strong
3,3403,marriage,0.2421052631578947,female,0.2285714285714285,0.05590062088711872,two-strong
3,3404,marriage,0.2421052631578947,female,0.2285714285714285,0.05590062088711872,two-strong
3,3405,marriage,0.2421052631578947,female,0.2285714285714285,0.05590062088711872,two-strong
3,3406,marriage,0.2421052631578947,female,0.2285714285714285,0.05590062088711872,two-strong
3,3407,marriage,0.2421052631578947,female,0.2285714285714285,0.05590062088711872,two-strong
3,3408,marriage,0.2421052631578947,female,0.2285714285714285,0.05590062088711872,two-strong
3,3409,marriage,0.2421052631578947,female,0.2285714285714285,0.05590062088711872,two-strong
3,3410,marriage,0.2421052631578947,female,0.2285714285714285,0.05590062088711872,two-strong
3,3411,marriage,0.2421052631578947,female,0.2285714285714285,0.05590062088711872,two-strong
3,3412,marriage,0.2421052631578947,female,0.2285714285714285,0.05590062088711872,two-strong
3,3413,marriage,0.2421052631578947,female,0.2285714285714285,0.05590062088711872,two-strong
3,3414,marriage,0.2421052631578947,female,0.2285714285714285,0.05590062088711872,two-strong
3,3415,marriage,0.2421052631578947,female,0.2285714285714285,0.05590062088711872,two-strong
3,3416,marriage,0.2421052631578947,female,0.2285714285714285,0.05590062088711872,two-strong
3,3417,marriage,0.2421052631578947,female,0.2285714285714285,0.05590062088711872,two-strong
3,3418,marriage,0.2421052631578947,female,0.2285714285714285,0.05590062088711872,two-strong
3,3419,female,0.5083924337387776,family,0.3061099391669204,0.3978865159073307,leaning
3,3420,marriage,0.2421052631578947,female,0.2285714285714285,0.05590062088711872,two-strong
3,3421,marriage,0.2421052631578947,female,0.2285714285714285,0.05590062088711872,two-strong
3,3422,marriage,0.2421052631578947,female,0.2285714285714285,0.05590062088711872,two-strong
3,3423,marriage,0.2421052631578947,female,0.2285714285714285,0.05590062088711872,two-strong
3,3424,marriage,0.2421052631578947,female,0.2285714285714285,0.05590062088711872,two-strong
3,3425,marriage,0.2421052631578947,female,0.2285714285714285,0.05590062088711872,two-strong
3,3426,marriage,0.2421052631578947,female,0.2285714285714285,0.05590062088711872,two-strong
3,3427,marriage,0.2421052631578947,female,0.2285714285714285,0.05590062088711872,two-strong
3,3428,marriage,0.2421052631578947,female,0.2285714285714285,0.05590062088711872,two-strong
3,3429,marriage,0.2421052631578947,female,0.2285714285714285,0.05590062088711872,two-strong
3,3430,marriage,0.2421052631578947,female,0.2285714285714285,0.05590062088711872,two-strong
3,3431,marriage,0.2421052631578947,female,0.2285714285714285,0.05590062088711872,two-strong
3,3432,marriage,0.2421052631578947,female,0.2285714285714285,0.05590062088711872,two-strong
3,3433,marriage,0.2421052631578947,female,0.2285714285714285,0.05590062088711872,two-strong
3,3434,marriage,0.2421052631578947,female,0.2285714285714285,0.05590062088711872,two-strong
3,3435,marriage,0.2421052631578947,female,0.2285714285714285,0.05590062088711872,two-strong
3,3436,marriage,0.2421052631578947,female,0.2285714285714285,0.05590062088711872,two-strong
3,3437,marriage,0.2421052631578947,female,0.2285714285714285,0.05590062088711872,two-strong
3,3438,marriage,0.2421052631578947,female,0.2285714285714285,0.05590062088711872,two-strong
3,3439,marriage,0.2421052631578947,female,0.2285714285714285,0.05590062088711872,two-strong
3,3440,marriage,0.2421052631578947,female,0.2285714285714285,0.05590062088711872,two-strong
3,3441,marriage,0.2421052631578947,female,0.2285714285714285,0.05590062088711872,two-strong
3,3442,marriage,0.2421052631578947,female,0.2285714285714285,0.05590062088711872,two-strong
3,3443,marriage,0.2421052631578947,female,0.2285714285714285,0.05590062088711872,two-strong
3,3444,marriage,0.2421052631578947,female,0.2285714285714285,0.05590062088711872,two-strong
3,3445,marriage,0.2421052631578947,female,0.2285714285714285,0.05590062088711872,two-strong
3,3446,marriage,0.2421052631578947,female,0.2285714285714285,0.05590062088711872,two-strong
3,3447,marriage,0.2421052631578947,female,0.2389724310776942,0.012939958538684909,two-strong
3,3448,marriage,0.2421052631578947,female,0.2285714285714285,0.05590062088711872,two-strong
3,3449,marriage,0.2421052631578947,female,0.2285714285714285,0.05590062088711872,two-strong
3,3450,marriage,0.2421052631578947,female,0.2285714285714285,0.05590062088711872,two-strong
3,3451,marriage,0.2421052631578947,female,0.2285714285714285,0.05590062088711872,two-strong
3,3452,marriage,0.2421052631578947,female,0.2285714285714285,0.05590062088711872,two-strong
3,3453,marriage,0.2421052631578947,female,0.2285714285714285,0.05590062088711872,two-strong
3,3454,marriage,0.2421052631578947,female,0.2285714285714285,0.05590062088711872,two-strong
3,3455,marriage,0.2421052631578947,female,0.2285714285714285,0.05590062088711872,two-strong
3,3456,marriage,0.2421052631578947,female,0.2285714285714285,0.05590062088711872,two-strong
3,3457,marriage,0.2421052631578947,female,0.2285714285714285,0.05590062088711872,two-strong
3,3458,marriage,0.2421052631578947,female,0.2285714285714285,0.05590062088711872,two-strong
3,3459,marriage,0.2410451594825573,female,0.2309680451127819,0.04180591864861195,two-strong
3,3460,marriage,0.2421052631578947,female,0.2285714285714285,0.05590062088711872,two-strong
3,3461,marriage,0.2421052631578947,female,0.2285714285714285,0.05590062088711872,two-strong
3,3462,marriage,0.2421052631578947,female,0.2285714285714285,0.05590062088711872,two-strong
3,3463,marriage,0.2421052631578947,female,0.2285714285714285,0.05590062088711872,two-strong
3,3464,marriage,0.2421052631578947,female,0.2285714285714285,0.05590062088711872,two-strong
3,3465,marriage,0.2421052631578947,female,0.2285714285714285,0.05590062088711872,two-strong
3,3466,marriage,0.2421052631578947,female,0.2285714285714285,0.05590062088711872,two-strong
3,3467,marriage,0.2421052631578947,female,0.2285714285714285,0.05590062088711872,two-strong
3,3468,marriage,0.2421052631578947,female,0.2285714285714285,0.05590062088711872,two-strong
3,3469,marriage,0.2421052631578947,female,0.2285714285714285,0.05590062088711872,two-strong
3,3470,marriage,0.2421052631578947,female,0.2285714285714285,0.05590062088711872,two-strong
3,3471,marriage,0.2421052631578947,female,0.2285714285714285,0.05590062088711872,two-strong
3,3472,marriage,0.2421052631578947,female,0.2285714285714285,0.05590062088711872,two-strong
3,3473,marriage,0.2421052631578947,female,0.2285714285714285,0.05590062088711872,two-strong
3,3474,marriage,0.2421052631578947,female,0.2285714285714285,0.05590062088711872,two-strong
3,3475,marriage,0.2421052631578947,female,0.2285714285714285,0.05590062088711872,two-strong
3,3476,marriage,0.2421052631578947,female,0.2336466165413533,0.034937888054449355,two-strong
3,3477,marriage,0.2421052631578947,female,0.2285714285714285,0.05590062088711872,two-strong
3,3478,marriage,0.2421052631578947,female,0.2285714285714285,0.05590062088711872,two-strong
3,3479,marriage,0.2421052631578947,female,0.2285714285714285,0.05590062088711872,two-strong
3,3480,marriage,0.2421052631578947,female,0.2285714285714285,0.05590062088711872,two-strong
3,3481,marriage,0.2421052631578947,female,0.2285714285714285,0.05590062088711872,two-strong
3,3482,marriage,0.2421052631578947,female,0.2285714285714285,0.05590062088711872,two-strong
3,3483,marriage,0.2421052631578947,female,0.2285714285714285,0.05590062088711872,two-strong
3,3484,marriage,0.2421052631578947,female,0.2285714285714285,0.05590062088711872,two-strong
3,3485,marriage,0.2421052631578947,female,0.2285714285714285,0.05590062088711872,two-strong
3,3486,marriage,0.2421052631578947,female,0.237468671679198,0.019151138637253477,two-strong
3,3487,marriage,0.2421052631578947,female,0.2285714285714285,0.05590062088711872,two-strong
3,3488,marriage,0.2421052631578947,female,0.2285714285714285,0.05590062088711872,two-strong
3,3489,marriage,0.2421052631578947,female,0.2285714285714285,0.05590062088711872,two-strong
3,3490,marriage,0.2421052631578947,female,0.2285714285714285,0.05590062088711872,two-strong
3,3491,marriage,0.2421052631578947,female,0.2285714285714285,0.05590062088711872,two-strong
3,3492,wealth,0.2931305637688535,marriage,0.2673050570493784,0.08810240153509631,two-strong
3,3493,marriage,0.2421052631578947,female,0.2285714285714285,0.05590062088711872,two-strong
3,3494,marriage,0.2421052631578947,female,0.2285714285714285,0.05590062088711872,two-strong
3,3495,marriage,0.2421052631578947,female,0.2285714285714285,0.05590062088711872,two-strong
3,3496,marriage,0.2421052631578947,female,0.2285714285714285,0.05590062088711872,two-strong
3,3497,marriage,0.2421052631578947,female,0.2287124060150376,0.05531832275287766,two-strong
3,3498,marriage,0.2421052631578947,female,0.2285714285714285,0.05590062088711872,two-strong
3,3499,marriage,0.2421052631578947,female,0.2285714285714285,0.05590062088711872,two-strong
3,3500,marriage,0.2421052631578947,female,0.2285714285714285,0.05590062088711872,two-strong
3,3501,marriage,0.2421052631578947,female,0.2285714285714285,0.05590062088711872,two-strong
3,3502,marriage,0.2421052631578947,female,0.2285714285714285,0.05590062088711872,two-strong
3,3503,marriage,0.2421052631578947,female,0.2285714285714285,0.05590062088711872,two-strong
3,3504,marriage,0.2421052631578947,female,0.2285714285714285,0.05590062088711872,two-strong
3,3505,marriage,0.2421052631578947,female,0.2285714285714285,0.05590062088711872,two-strong
3,3506,marriage,0.2484263194217427,female,0.2339285714285714,0.05835834129233608,two-strong
3,3507,marriage,0.2421052631578947,female,0.2285714285714285,0.05590062088711872,two-strong
3,3508,marriage,0.2421052631578947,female,0.2285714285714285,0.05590062088711872,two-strong
3,3509,marriage,0.2421052631578947,female,0.2285714285714285,0.05590062088711872,two-strong
3,3510,marriage,0.2421052631578947,female,0.2285714285714285,0.05590062088711872,two-strong
3,3511,marriage,0.2421052631578947,female,0.2285714285714285,0.05590062088711872,two-strong
3,3512,marriage,0.2421052631578947,female,0.2285714285714285,0.05590062088711872,two-strong
3,3513,marriage,0.2421052631578947,female,0.2285714285714285,0.05590062088711872,two-strong
3,3514,marriage,0.2421052631578947,female,0.2285714285714285,0.05590062088711872,two-strong
3,3515,marriage,0.2421052631578947,female,0.2285714285714285,0.05590062088711872,two-strong
3,3516,marriage,0.2421052631578947,female,0.2285714285714285,0.05590062088711872,two-strong
3,3517,marriage,0.2421052631578947,female,0.2285714285714285,0.05590062088711872,two-strong
3,3518,marriage,0.2421052631578947,female,0.2285714285714285,0.05590062088711872,two-strong
3,3519,marriage,0.2421052631578947,female,0.2285714285714285,0.05590062088711872,two-strong
3,3520,marriage,0.2421052631578947,female,0.2285714285714285,0.05590062088711872,two-strong
3,3521,marriage,0.2421052631578947,female,0.2285714285714285,0.05590062088711872,two-strong
3,3522,marriage,0.2421052631578947,female,0.2285714285714285,0.05590062088711872,two-strong
3,3523,marriage,0.2426718971341397,female,0.2336466165413533,0.03719128857597501,two-strong
3,3524,marriage,0.2421052631578947,female,0.2285714285714285,0.05590062088711872,two-strong
3,3525,marriage,0.2421052631578947,female,0.2285714285714285,0.05590062088711872,two-strong
3,3526,marriage,0.2421052631578947,female,0.2285714285714285,0.05590062088711872,two-strong
3,3527,marriage,0.2421052631578947,female,0.2285714285714285,0.05590062088711872,two-strong
3,3528,marriage,0.2421052631578947,female,0.2285714285714285,0.05590062088711872,two-strong
3,3529,marriage,0.2421052631578947,female,0.2285714285714285,0.05590062088711872,two-strong
3,3530,marriage,0.2421146032783822,female,0.2303571428571428,0.04856154983414685,two-strong
3,3531,marriage,0.2421052631578947,female,0.2285714285714285,0.05590062088711872,two-strong
3,3532,marriage,0.2466029386613756,female,0.2044611522058586,0.17088922992314798,two-strong
3,3533,marriage,0.2421052631578947,female,0.2285714285714285,0.05590062088711872,two-strong
3,3534,marriage,0.2421052631578947,female,0.2285714285714285,0.05590062088711872,two-strong
3,3535,love,0.1408175611442399,,,0.9999999928986131,dominant
3,3536,marriage,0.2421052631578947,female,0.2285714285714285,0.05590062088711872,two-strong
3,3537,marriage,0.2421052631578947,female,0.2285714285714285,0.05590062088711872,two-strong
3,3538,marriage,0.2421052631578947,female,0.2285714285714285,0.05590062088711872,two-strong
3,3539,marriage,0.2421052631578947,female,0.2285714285714285,0.05590062088711872,two-strong
3,3540,marriage,0.2421052631578947,female,0.2285714285714285,0.05590062088711872,two-strong
3,3541,marriage,0.2421052631578947,female,0.2285714285714285,0.05590062088711872,two-strong
3,3542,marriage,0.2421052631578947,female,0.2285714285714285,0.05590062088711872,two-strong
3,3543,marriage,0.2421052631578947,female,0.2285714285714285,0.05590062088711872,two-strong
3,3544,marriage,0.2421052631578947,female,0.2285714285714285,0.05590062088711872,two-strong
3,3545,marriage,0.2421052631578947,female,0.2285714285714285,0.05590062088711872,two-strong
3,3546,marriage,0.2421052631578947,female,0.2285714285714285,0.05590062088711872,two-strong
3,3547,marriage,0.2421052631578947,female,0.2285714285714285,0.05590062088711872,two-strong
3,3548,marriage,0.2421052631578947,female,0.2285714285714285,0.05590062088711872,two-strong
3,3549,marriage,0.2421052631578947,female,0.2285714285714285,0.05590062088711872,two-strong
3,3550,marriage,0.2421052631578947,female,0.2285714285714285,0.05590062088711872,two-strong
3,3551,marriage,0.2421052631578947,female,0.2285714285714285,0.05590062088711872,two-strong
3,3552,marriage,0.2421052631578947,female,0.2285714285714285,0.05590062088711872,two-strong
3,3553,marriage,0.2421052631578947,female,0.2285714285714285,0.05590062088711872,two-strong
3,3554,marriage,0.2421052631578947,female,0.2285714285714285,0.05590062088711872,two-strong
3,3555,marriage,0.2421052631578947,female,0.2285714285714285,0.05590062088711872,two-strong
3,3556,marriage,0.2421052631578947,female,0.2285714285714285,0.05590062088711872,two-strong
3,3557,marriage,0.2421052631578947,female,0.2285714285714285,0.05590062088711872,two-strong
3,3558,marriage,0.2421052631578947,female,0.2285714285714285,0.05590062088711872,two-strong
3,3559,marriage,0.2421052631578947,female,0.2285714285714285,0.05590062088711872,two-strong
3,3560,marriage,0.2421052631578947,female,0.2285714285714285,0.05590062088711872,two-strong
3,3561,marriage,0.2421052631578947,female,0.2285714285714285,0.05590062088711872,two-strong
3,3562,marriage,0.2421052631578947,female,0.2285714285714285,0.05590062088711872,two-strong
3,3563,marriage,0.2421052631578947,female,0.2285714285714285,0.05590062088711872,two-strong
3,3564,marriage,0.2421052631578947,female,0.2285714285714285,0.05590062088711872,two-strong
3,3565,marriage,0.2421052631578947,female,0.2285714285714285,0.05590062088711872,two-strong
3,3566,marriage,0.2421052631578947,female,0.2285714285714285,0.05590062088711872,two-strong
3,3567,marriage,0.2421052631578947,female,0.2285714285714285,0.05590062088711872,two-strong
3,3568,marriage,0.2421052631578947,female,0.2285714285714285,0.05590062088711872,two-strong
3,3569,marriage,0.2421052631578947,female,0.2285714285714285,0.05590062088711872,two-strong
3,3570,marriage,0.2421052631578947,female,0.2285714285714285,0.05590062088711872,two-strong
3,3571,marriage,0.2421052631578947,female,0.2285714285714285,0.05590062088711872,two-strong
3,3572,marriage,0.2421052631578947,female,0.2285714285714285,0.05590062088711872,two-strong
3,3573,marriage,0.2421052631578947,female,0.2285714285714285,0.05590062088711872,two-strong
3,3574,marriage,0.2421052631578947,female,0.2285714285714285,0.05590062088711872,two-strong
3,3575,marriage,0.2421052631578947,female,0.2285714285714285,0.05590062088711872,two-strong
3,3576,marriage,0.2421052631578947,female,0.2285714285714285,0.05590062088711872,two-strong
3,3577,marriage,0.2421052631578947,female,0.2285714285714285,0.05590062088711872,two-strong
3,3578,marriage,0.2421052631578947,female,0.2285714285714285,0.05590062088711872,two-strong
3,3579,marriage,0.2421052631578947,female,0.2285714285714285,0.05590062088711872,two-strong
3,3580,marriage,0.2421052631578947,female,0.2285714285714285,0.05590062088711872,two-strong
3,3581,marriage,0.2421052631578947,female,0.2285714285714285,0.05590062088711872,two-strong
3,3582,marriage,0.2421052631578947,female,0.2285714285714285,0.05590062088711872,two-strong
3,3583,marriage,0.2421052631578947,female,0.2285714285714285,0.05590062088711872,two-strong
