layer,neuron,primary_concept,primary_AP,secondary_concept,secondary_AP,polarity_score,polarity_flag
2,0,marriage,0.2421052631578947,female,0.2285714285714285,0.05590062088711872,two-strong
2,1,marriage,0.2421052631578947,female,0.2285714285714285,0.05590062088711872,two-strong
2,2,society,0.2033149030336656,,,0.9999999950815214,dominant
2,3,marriage,0.2421052631578947,female,0.2285714285714285,0.05590062088711872,two-strong
2,4,marriage,0.2421052631578947,female,0.2285714285714285,0.05590062088711872,two-strong
2,5,marriage,0.2421052631578947,female,0.2285714285714285,0.05590062088711872,two-strong
2,6,marriage,0.2421052631578947,female,0.2285714285714285,0.05590062088711872,two-strong
2,7,marriage,0.2421052631578947,female,0.2285714285714285,0.05590062088711872,two-strong
2,8,female,0.2522207507404876,marriage,0.2411163779012749,0.04402640449917498,two-strong
2,9,marriage,0.2421052631578947,female,0.2285714285714285,0.05590062088711872,two-strong
2,10,marriage,0.2421052631578947,female,0.2285714285714285,0.05590062088711872,two-strong
2,11,marriage,0.2421052631578947,female,0.2285714285714285,0.05590062088711872,two-strong
2,12,marriage,0.2468126838836221,female,0.2285714285714285,0.07390728446876531,two-strong
2,13,marriage,0.2421052631578947,female,0.2285714285714285,0.05590062088711872,two-strong
2,14,marriage,0.2421052631578947,female,0.2285714285714285,0.05590062088711872,two-strong
2,15,marriage,0.2421052631578947,female,0.2285714285714285,0.05590062088711872,two-strong
2,16,marriage,0.2421052631578947,female,0.2285714285714285,0.05590062088711872,two-strong
2,17,marriage,0.2421052631578947,female,0.2285714285714285,0.05590062088711872,two-strong
2,18,marriage,0.2421052631578947,female,0.2285714285714285,0.05590062088711872,two-strong
2,19,marriage,0.2421052631578947,female,0.2285714285714285,0.05590062088711872,two-strong
2,20,marriage,0.2421052631578947,female,0.2285714285714285,0.05590062088711872,two-strong
2,21,marriage,0.2421052631578947,female,0.2285714285714285,0.05590062088711872,two-strong
2,22,marriage,0.2421052631578947,female,0.2285714285714285,0.05590062088711872,two-strong
2,23,marriage,0.2421052631578947,female,0.2285714285714285,0.05590062088711872,two-strong
2,24,marriage,0.2421052631578947,female,0.2285714285714285,0.05590062088711872,two-strong
2,25,marriage,0.2421052631578947,female,0.2336466165413533,0.034937888054449355,two-strong
2,26,marriage,0.2421052631578947,female,0.2285714285714285,0.05590062088711872,two-strong
2,27,marriage,0.2421052631578947,female,0.2285714285714285,0.05590062088711872,two-strong
2,28,marriage,0.2421052631578947,female,0.2285714285714285,0.05590062088711872,two-strong
2,29,marriage,0.2421052631578947,female,0.2285714285714285,0.05590062088711872,two-strong
2,30,marriage,0.2421052631578947,female,0.2285714285714285,0.05590062088711872,two-strong
2,31,marriage,0.2463889612765415,male,0.2297208203552573,0.06764970625013739,two-strong
2,32,marriage,0.2421052631578947,female,0.2285714285714285,0.05590062088711872,two-strong
2,33,marriage,0.2421052631578947,female,0.2285714285714285,0.05590062088711872,two-strong
2,34,male,0.2300751879699248,family,0.2134453781512605,0.07227989203493877,two-strong
2,35,marriage,0.2421052631578947,female,0.2285714285714285,0.05590062088711872,two-strong
2,36,marriage,0.2421052631578947,female,0.2285714285714285,0.05590062088711872,two-strong
2,37,marriage,0.2421052631578947,female,0.2285714285714285,0.05590062088711872,two-strong
2,38,marriage,0.3081913047448096,female,0.3071981394681833,0.003222560981161039,two-strong
2,39,marriage,0.2421052631578947,female,0.2285714285714285,0.05590062088711872,two-strong
2,40,marriage,0.2421052631578947,female,0.2285714285714285,0.05590062088711872,two-strong
2,41,marriage,0.2421052631578947,female,0.2285714285714285,0.05590062088711872,two-strong
2,42,marriage,0.2421052631578947,female,0.2285714285714285,0.05590062088711872,two-strong
2,43,marriage,0.2421052631578947,female,0.2285714285714285,0.05590062088711872,two-strong
2,44,marriage,0.2421052631578947,female,0.2285714285714285,0.05590062088711872,two-strong
2,45,marriage,0.2421052631578947,female,0.2285714285714285,0.05590062088711872,two-strong
2,46,marriage,0.2468126838836221,female,0.2285714285714285,0.07390728446876531,two-strong
2,47,marriage,0.2421052631578947,female,0.2285714285714285,0.05590062088711872,two-strong
2,48,marriage,0.2421052631578947,female,0.2285714285714285,0.05590062088711872,two-strong
2,49,marriage,0.2421052631578947,female,0.2285714285714285,0.05590062088711872,two-strong
2,50,marriage,0.2468126838836221,female,0.2285714285714285,0.07390728446876531,two-strong
2,51,marriage,0.2421052631578947,female,0.2285714285714285,0.05590062088711872,two-strong
2,52,marriage,0.2421052631578947,female,0.2285714285714285,0.05590062088711872,two-strong
2,53,marriage,0.2421052631578947,female,0.2285714285714285,0.05590062088711872,two-strong
2,54,marriage,0.2421052631578947,female,0.2285714285714285,0.05590062088711872,two-strong
2,55,marriage,0.2421052631578947,female,0.2285714285714285,0.05590062088711872,two-strong
2,56,marriage,0.2421052631578947,female,0.2285714285714285,0.05590062088711872,two-strong
2,57,marriage,0.2421052631578947,female,0.2285714285714285,0.05590062088711872,two-strong
2,58,marriage,0.2421052631578947,female,0.2285714285714285,0.05590062088711872,two-strong
2,59,marriage,0.2421052631578947,female,0.2285714285714285,0.05590062088711872,two-strong
2,60,marriage,0.2421052631578947,female,0.2387218045112781,0.01397515522177988,two-strong
2,61,marriage,0.2421052631578947,female,0.2285714285714285,0.05590062088711872,two-strong
2,62,marriage,0.2421052631578947,female,0.2285714285714285,0.05590062088711872,two-strong
2,63,marriage,0.2421052631578947,female,0.2285714285714285,0.05590062088711872,two-strong
2,64,marriage,0.2421052631578947,female,0.2285714285714285,0.05590062088711872,two-strong
2,65,marriage,0.2421052631578947,female,0.2285714285714285,0.05590062088711872,two-strong
2,66,marriage,0.2421052631578947,female,0.2285714285714285,0.05590062088711872,two-strong
2,67,marriage,0.2421052631578947,female,0.2285714285714285,0.05590062088711872,two-strong
2,68,marriage,0.2421052631578947,female,0.2285714285714285,0.05590062088711872,two-strong
2,69,marriage,0.2421052631578947,female,0.2285714285714285,0.05590062088711872,two-strong
2,70,marriage,0.2421052631578947,female,0.2285714285714285,0.05590062088711872,two-strong
2,71,marriage,0.2421052631578947,female,0.2285714285714285,0.05590062088711872,two-strong
2,72,marriage,0.2421052631578947,female,0.2285714285714285,0.05590062088711872,two-strong
2,73,marriage,0.2421052631578947,female,0.2285714285714285,0.05590062088711872,two-strong
2,74,marriage,0.2421052631578947,female,0.2285714285714285,0.05590062088711872,two-strong
2,75,marriage,0.2421052631578947,female,0.2285714285714285,0.05590062088711872,two-strong
2,76,marriage,0.2421052631578947,female,0.2285714285714285,0.05590062088711872,two-strong
2,77,marriage,0.2421052631578947,female,0.2285714285714285,0.05590062088711872,two-strong
2,78,marriage,0.2421052631578947,female,0.2285714285714285,0.05590062088711872,two-strong
2,79,marriage,0.2421542987904544,female,0.2285714285714285,0.05609179862087796,two-strong
2,80,female,0.2488721804511278,marriage,0.2421052631578947,0.027190332217029805,two-strong
2,81,marriage,0.2421052631578947,female,0.2285714285714285,0.05590062088711872,two-strong
2,82,marriage,0.2421052631578947,female,0.2285714285714285,0.05590062088711872,two-strong
2,83,marriage,0.2421052631578947,female,0.2285714285714285,0.05590062088711872,two-strong
2,84,emotion,0.1887155906294662,,,0.9999999947010207,dominant
2,85,marriage,0.2421052631578947,female,0.2285714285714285,0.05590062088711872,two-strong
2,86,marriage,0.2421052631578947,female,0.2285714285714285,0.05590062088711872,two-strong
2,87,marriage,0.2421052631578947,female,0.2285714285714285,0.05590062088711872,two-strong
2,88,female,0.3119573941066943,marriage,0.2682726372133228,0.14003436872663544,two-strong
2,89,marriage,0.2421052631578947,female,0.2285714285714285,0.05590062088711872,two-strong
2,90,marriage,0.2421052631578947,female,0.2285714285714285,0.05590062088711872,two-strong
2,91,marriage,0.2421052631578947,female,0.2285714285714285,0.05590062088711872,two-strong
2,92,marriage,0.2421052631578947,female,0.2285714285714285,0.05590062088711872,two-strong
2,93,marriage,0.2421052631578947,female,0.2285714285714285,0.05590062088711872,two-strong
2,94,marriage,0.2421052631578947,female,0.2285714285714285,0.05590062088711872,two-strong
2,95,marriage,0.2421052631578947,female,0.2285714285714285,0.05590062088711872,two-strong
2,96,marriage,0.2421052631578947,female,0.2285714285714285,0.05590062088711872,two-strong
2,97,marriage,0.2421052631578947,female,0.2285714285714285,0.05590062088711872,two-strong
2,98,marriage,0.2421052631578947,female,0.2285714285714285,0.05590062088711872,two-strong
2,99,marriage,0.2421052631578947,female,0.2285714285714285,0.05590062088711872,two-strong
2,100,marriage,0.2468126838836221,female,0.2285714285714285,0.07390728446876531,two-strong
2,101,marriage,0.2421052631578947,female,0.2285714285714285,0.05590062088711872,two-strong
2,102,marriage,0.2421052631578947,female,0.2285714285714285,0.05590062088711872,two-strong
2,103,marriage,0.2421052631578947,female,0.2285714285714285,0.05590062088711872,two-strong
2,104,marriage,0.2468126838836221,female,0.2285714285714285,0.07390728446876531,two-strong
2,105,marriage,0.2421052631578947,female,0.2285714285714285,0.05590062088711872,two-strong
2,106,marriage,0.2421052631578947,female,0.2285714285714285,0.05590062088711872,two-strong
2,107,marriage,0.2421052631578947,female,0.2285714285714285,0.05590062088711872,two-strong
2,108,marriage,0.2421052631578947,female,0.2285714285714285,0.05590062088711872,two-strong
2,109,marriage,0.2421052631578947,female,0.2285714285714285,0.05590062088711872,two-strong
2,110,marriage,0.2421052631578947,female,0.2285714285714285,0.05590062088711872,two-strong
2,111,marriage,0.2421052631578947,female,0.2285714285714285,0.05590062088711872,two-strong
2,112,marriage,0.2421052631578947,female,0.2285714285714285,0.05590062088711872,two-strong
2,113,marriage,0.2421052631578947,female,0.2285714285714285,0.05590062088711872,two-strong
2,114,marriage,0.2421052631578947,female,0.2285714285714285,0.05590062088711872,two-strong
2,115,marriage,0.2421052631578947,female,0.2285714285714285,0.05590062088711872,two-strong
2,116,marriage,0.2421052631578947,female,0.2285714285714285,0.05590062088711872,two-strong
2,117,marriage,0.232852318058518,family,0.2250358790526329,0.03356822486238911,two-strong
2,118,marriage,0.2421052631578947,female,0.2285714285714285,0.05590062088711872,two-strong
2,119,marriage,0.2421052631578947,female,0.2285714285714285,0.05590062088711872,two-strong
2,120,marriage,0.2421052631578947,female,0.2285714285714285,0.05590062088711872,two-strong
2,121,marriage,0.2421052631578947,female,0.2285714285714285,0.05590062088711872,two-strong
2,122,marriage,0.2421052631578947,female,0.2285714285714285,0.05590062088711872,two-strong
2,123,marriage,0.2421052631578947,female,0.2285714285714285,0.05590062088711872,two-strong
2,124,marriage,0.2421052631578947,female,0.2285714285714285,0.05590062088711872,two-strong
2,125,marriage,0.2421052631578947,female,0.2285714285714285,0.05590062088711872,two-strong
2,126,marriage,0.2421052631578947,female,0.2285714285714285,0.05590062088711872,two-strong
2,127,marriage,0.2421052631578947,female,0.2285714285714285,0.05590062088711872,two-strong
2,128,marriage,0.2421052631578947,female,0.2285714285714285,0.05590062088711872,two-strong
2,129,female,0.2680847559496083,marriage,0.2328286544617991,0.13151102617310037,two-strong
2,130,marriage,0.2421052631578947,female,0.2285714285714285,0.05590062088711872,two-strong
2,131,marriage,0.2421052631578947,female,0.2285714285714285,0.05590062088711872,two-strong
2,132,marriage,0.2421052631578947,female,0.2285714285714285,0.05590062088711872,two-strong
2,133,marriage,0.2421052631578947,female,0.2285714285714285,0.05590062088711872,two-strong
2,134,marriage,0.2421052631578947,female,0.2285714285714285,0.05590062088711872,two-strong
2,135,marriage,0.2421052631578947,female,0.2285714285714285,0.05590062088711872,two-strong
2,136,marriage,0.2421052631578947,female,0.2285714285714285,0.05590062088711872,two-strong
2,137,marriage,0.2421052631578947,female,0.2285714285714285,0.05590062088711872,two-strong
2,138,marriage,0.2421052631578947,female,0.2285714285714285,0.05590062088711872,two-strong
2,139,marriage,0.2421052631578947,female,0.2285714285714285,0.05590062088711872,two-strong
2,140,society,0.2610554447650015,emotion,0.2295930190541563,0.12052008958727954,two-strong
2,141,marriage,0.2421052631578947,female,0.2285714285714285,0.05590062088711872,two-strong
2,142,marriage,0.2421052631578947,female,0.2285714285714285,0.05590062088711872,two-strong
2,143,marriage,0.2421052631578947,female,0.2285714285714285,0.05590062088711872,two-strong
2,144,marriage,0.2421052631578947,female,0.2285714285714285,0.05590062088711872,two-strong
2,145,marriage,0.2421052631578947,female,0.2285714285714285,0.05590062088711872,two-strong
2,146,marriage,0.2421052631578947,female,0.2285714285714285,0.05590062088711872,two-strong
2,147,marriage,0.2421052631578947,female,0.2285714285714285,0.05590062088711872,two-strong
2,148,marriage,0.2421052631578947,female,0.2285714285714285,0.05590062088711872,two-strong
2,149,marriage,0.2421052631578947,female,0.2285714285714285,0.05590062088711872,two-strong
2,150,marriage,0.2421052631578947,female,0.2285714285714285,0.05590062088711872,two-strong
2,151,marriage,0.2421052631578947,female,0.2285714285714285,0.05590062088711872,two-strong
2,152,marriage,0.2421052631578947,female,0.2285714285714285,0.05590062088711872,two-strong
2,153,marriage,0.2421052631578947,female,0.2285714285714285,0.05590062088711872,two-strong
2,154,marriage,0.2421052631578947,female,0.2285714285714285,0.05590062088711872,two-strong
2,155,female,0.4323965134849731,family,0.314286667872322,0.2731517060292023,leaning
2,156,marriage,0.2421052631578947,female,0.2285714285714285,0.05590062088711872,two-strong
2,157,marriage,0.2421052631578947,female,0.2285714285714285,0.05590062088711872,two-strong
2,158,marriage,0.2421052631578947,female,0.2285714285714285,0.05590062088711872,two-strong
2,159,marriage,0.2421052631578947,female,0.2285714285714285,0.05590062088711872,two-strong
2,160,marriage,0.2421052631578947,female,0.2285714285714285,0.05590062088711872,two-strong
2,161,marriage,0.2421052631578947,female,0.2285714285714285,0.05590062088711872,two-strong
2,162,marriage,0.2421052631578947,female,0.2285714285714285,0.05590062088711872,two-strong
2,163,marriage,0.2421052631578947,female,0.2285714285714285,0.05590062088711872,two-strong
2,164,marriage,0.2421052631578947,female,0.2285714285714285,0.05590062088711872,two-strong
2,165,marriage,0.2421052631578947,female,0.2285714285714285,0.05590062088711872,two-strong
2,166,marriage,0.2421052631578947,female,0.2285714285714285,0.05590062088711872,two-strong
2,167,marriage,0.2421052631578947,female,0.2285714285714285,0.05590062088711872,two-strong
2,168,marriage,0.2421052631578947,female,0.2285714285714285,0.05590062088711872,two-strong
2,169,marriage,0.2421052631578947,female,0.2285714285714285,0.05590062088711872,two-strong
2,170,marriage,0.2421052631578947,female,0.2285714285714285,0.05590062088711872,two-strong
2,171,marriage,0.2421052631578947,female,0.2285714285714285,0.05590062088711872,two-strong
2,172,marriage,0.2421052631578947,female,0.2285714285714285,0.05590062088711872,two-strong
2,173,marriage,0.2421052631578947,female,0.2285714285714285,0.05590062088711872,two-strong
2,174,marriage,0.2421052631578947,female,0.2285714285714285,0.05590062088711872,two-strong
2,175,marriage,0.2421052631578947,female,0.2285714285714285,0.05590062088711872,two-strong
2,176,marriage,0.2421052631578947,female,0.2285714285714285,0.05590062088711872,two-strong
2,177,society,0.227973559853833,scandal,0.1330409356725146,0.4164194471752151,leaning
2,178,marriage,0.2421052631578947,female,0.2285714285714285,0.05590062088711872,two-strong
2,179,marriage,0.2421052631578947,female,0.2285714285714285,0.05590062088711872,two-strong
2,180,marriage,0.2421052631578947,female,0.2285714285714285,0.05590062088711872,two-strong
2,181,marriage,0.2421052631578947,female,0.2285714285714285,0.05590062088711872,two-strong
2,182,marriage,0.2421052631578947,female,0.2285714285714285,0.05590062088711872,two-strong
2,183,female,0.2488721804511278,marriage,0.2421052631578947,0.027190332217029805,two-strong
2,184,marriage,0.2421052631578947,female,0.2285714285714285,0.05590062088711872,two-strong
2,185,marriage,0.2421052631578947,female,0.2285714285714285,0.05590062088711872,two-strong
2,186,marriage,0.2421052631578947,female,0.2285714285714285,0.05590062088711872,two-strong
2,187,marriage,0.2421052631578947,female,0.2285714285714285,0.05590062088711872,two-strong
2,188,marriage,0.2421052631578947,female,0.2285714285714285,0.05590062088711872,two-strong
2,189,marriage,0.2421052631578947,female,0.2285714285714285,0.05590062088711872,two-strong
2,190,marriage,0.2421052631578947,female,0.2285714285714285,0.05590062088711872,two-strong
2,191,marriage,0.2782981003232719,female,0.2326127819548872,0.16415964805780872,two-strong
2,192,marriage,0.2421052631578947,female,0.2285714285714285,0.05590062088711872,two-strong
2,193,marriage,0.2421052631578947,female,0.2285714285714285,0.05590062088711872,two-strong
2,194,marriage,0.2421052631578947,female,0.2285714285714285,0.05590062088711872,two-strong
2,195,marriage,0.2421052631578947,female,0.2285714285714285,0.05590062088711872,two-strong
2,196,marriage,0.2421052631578947,female,0.2285714285714285,0.05590062088711872,two-strong
2,197,marriage,0.2421052631578947,female,0.2285714285714285,0.05590062088711872,two-strong
2,198,marriage,0.2421052631578947,female,0.2285714285714285,0.05590062088711872,two-strong
2,199,marriage,0.2421052631578947,female,0.2285714285714285,0.05590062088711872,two-strong
2,200,marriage,0.2421052631578947,female,0.2285714285714285,0.05590062088711872,two-strong
2,201,marriage,0.2421052631578947,female,0.2285714285714285,0.05590062088711872,two-strong
2,202,marriage,0.2421052631578947,female,0.2285714285714285,0.05590062088711872,two-strong
2,203,marriage,0.2421052631578947,female,0.2285714285714285,0.05590062088711872,two-strong
2,204,marriage,0.2421052631578947,female,0.2285714285714285,0.05590062088711872,two-strong
2,205,marriage,0.2421052631578947,female,0.2285714285714285,0.05590062088711872,two-strong
2,206,marriage,0.2468126838836221,female,0.2285714285714285,0.07390728446876531,two-strong
2,207,marriage,0.4060908058639636,family,0.214132614956798,0.47269770125938776,leaning
2,208,marriage,0.2421052631578947,female,0.2285714285714285,0.05590062088711872,two-strong
2,209,marriage,0.2421052631578947,female,0.2285714285714285,0.05590062088711872,two-strong
2,210,marriage,0.2421052631578947,female,0.2285714285714285,0.05590062088711872,two-strong
2,211,male,0.2660086013854907,family,0.2636419979119299,0.008896717821671129,two-strong
2,212,marriage,0.2437070938215103,female,0.2285714285714285,0.06210596889338432,two-strong
2,213,marriage,0.2421052631578947,female,0.2285714285714285,0.05590062088711872,two-strong
2,214,marriage,0.2421052631578947,female,0.2285714285714285,0.05590062088711872,two-strong
2,215,marriage,0.2421052631578947,female,0.2285714285714285,0.05590062088711872,two-strong
2,216,marriage,0.2421052631578947,female,0.2285714285714285,0.05590062088711872,two-strong
2,217,family,0.2870789019466522,male,0.2364369172350812,0.17640441074481109,two-strong
2,218,marriage,0.2421052631578947,female,0.2336466165413533,0.034937888054449355,two-strong
2,219,marriage,0.2421052631578947,female,0.2285714285714285,0.05590062088711872,two-strong
2,220,female,0.2967105638430687,marriage,0.2496055083116828,0.15875759448033117,two-strong
2,221,marriage,0.2421052631578947,female,0.2285714285714285,0.05590062088711872,two-strong
2,222,marriage,0.2421052631578947,female,0.2285714285714285,0.05590062088711872,two-strong
2,223,marriage,0.2421052631578947,female,0.2285714285714285,0.05590062088711872,two-strong
2,224,marriage,0.2421052631578947,female,0.2285714285714285,0.05590062088711872,two-strong
2,225,marriage,0.2421052631578947,female,0.2285714285714285,0.05590062088711872,two-strong
2,226,marriage,0.2421052631578947,female,0.2285714285714285,0.05590062088711872,two-strong
2,227,marriage,0.2421052631578947,female,0.2285714285714285,0.05590062088711872,two-strong
2,228,marriage,0.2421052631578947,female,0.2285714285714285,0.05590062088711872,two-strong
2,229,marriage,0.2421052631578947,female,0.2285714285714285,0.05590062088711872,two-strong
2,230,marriage,0.2421052631578947,female,0.2285714285714285,0.05590062088711872,two-strong
2,231,marriage,0.2421052631578947,female,0.2285714285714285,0.05590062088711872,two-strong
2,232,marriage,0.2421052631578947,female,0.2285714285714285,0.05590062088711872,two-strong
2,233,marriage,0.2421052631578947,female,0.2285714285714285,0.05590062088711872,two-strong
2,234,marriage,0.2421052631578947,female,0.2285714285714285,0.05590062088711872,two-strong
2,235,marriage,0.2421052631578947,female,0.2336466165413533,0.034937888054449355,two-strong
2,236,marriage,0.2421052631578947,female,0.2285714285714285,0.05590062088711872,two-strong
2,237,marriage,0.2421052631578947,female,0.2285714285714285,0.05590062088711872,two-strong
2,238,family,0.2361694048548706,male,0.2320979068918028,0.01723973496198653,two-strong
2,239,marriage,0.2421052631578947,male,0.2300751879699248,0.0496894407885498,two-strong
2,240,marriage,0.2421052631578947,female,0.2285714285714285,0.05590062088711872,two-strong
2,241,marriage,0.2421052631578947,female,0.2285714285714285,0.05590062088711872,two-strong
2,242,marriage,0.2421052631578947,female,0.2285714285714285,0.05590062088711872,two-strong
2,243,marriage,0.2421052631578947,female,0.2285714285714285,0.05590062088711872,two-strong
2,244,marriage,0.2421052631578947,female,0.2285714285714285,0.05590062088711872,two-strong
2,245,marriage,0.2421052631578947,female,0.2285714285714285,0.05590062088711872,two-strong
2,246,marriage,0.2421052631578947,female,0.2336466165413533,0.034937888054449355,two-strong
2,247,marriage,0.2421052631578947,female,0.2285714285714285,0.05590062088711872,two-strong
2,248,marriage,0.2421052631578947,female,0.2285714285714285,0.05590062088711872,two-strong
2,249,marriage,0.2421052631578947,female,0.2285714285714285,0.05590062088711872,two-strong
2,250,marriage,0.2421052631578947,female,0.2285714285714285,0.05590062088711872,two-strong
2,251,marriage,0.2421052631578947,female,0.2285714285714285,0.05590062088711872,two-strong
2,252,marriage,0.2421052631578947,female,0.2285714285714285,0.05590062088711872,two-strong
2,253,marriage,0.2421052631578947,female,0.2285714285714285,0.05590062088711872,two-strong
2,254,female,0.2580827067669172,marriage,0.2421052631578947,0.06190822991307198,two-strong
2,255,marriage,0.2421052631578947,female,0.2285714285714285,0.05590062088711872,two-strong
2,256,marriage,0.2421052631578947,female,0.2285714285714285,0.05590062088711872,two-strong
2,257,marriage,0.2421052631578947,female,0.2285714285714285,0.05590062088711872,two-strong
2,258,marriage,0.2421052631578947,female,0.2285714285714285,0.05590062088711872,two-strong
2,259,marriage,0.2421052631578947,female,0.2285714285714285,0.05590062088711872,two-strong
2,260,marriage,0.2421052631578947,female,0.2285714285714285,0.05590062088711872,two-strong
2,261,marriage,0.2421052631578947,female,0.2285714285714285,0.05590062088711872,two-strong
2,262,marriage,0.2421052631578947,female,0.2285714285714285,0.05590062088711872,two-strong
2,263,marriage,0.2421052631578947,female,0.2285714285714285,0.05590062088711872,two-strong
2,264,marriage,0.2421052631578947,female,0.2285714285714285,0.05590062088711872,two-strong
2,265,marriage,0.2421052631578947,female,0.2285714285714285,0.05590062088711872,two-strong
2,266,marriage,0.2421052631578947,female,0.2285714285714285,0.05590062088711872,two-strong
2,267,marriage,0.2421052631578947,female,0.2285714285714285,0.05590062088711872,two-strong
2,268,marriage,0.2421052631578947,female,0.2285714285714285,0.05590062088711872,two-strong
2,269,marriage,0.2421052631578947,female,0.2285714285714285,0.05590062088711872,two-strong
2,270,marriage,0.2421052631578947,female,0.2285714285714285,0.05590062088711872,two-strong
2,271,marriage,0.2421052631578947,female,0.2285714285714285,0.05590062088711872,two-strong
2,272,marriage,0.2421052631578947,female,0.2285714285714285,0.05590062088711872,two-strong
2,273,marriage,0.2421052631578947,female,0.2285714285714285,0.05590062088711872,two-strong
2,274,marriage,0.2421052631578947,female,0.2285714285714285,0.05590062088711872,two-strong
2,275,marriage,0.2421052631578947,female,0.2285714285714285,0.05590062088711872,two-strong
2,276,marriage,0.2515201046093495,female,0.2336466165413533,0.07106186610686518,two-strong
2,277,marriage,0.2421052631578947,female,0.2285714285714285,0.05590062088711872,two-strong
2,278,marriage,0.2421052631578947,female,0.2285714285714285,0.05590062088711872,two-strong
2,279,marriage,0.2421052631578947,female,0.2285714285714285,0.05590062088711872,two-strong
2,280,marriage,0.2421052631578947,female,0.2285714285714285,0.05590062088711872,two-strong
2,281,marriage,0.2421052631578947,female,0.2285714285714285,0.05590062088711872,two-strong
2,282,marriage,0.2421052631578947,female,0.2285714285714285,0.05590062088711872,two-strong
2,283,marriage,0.2421052631578947,female,0.2285714285714285,0.05590062088711872,two-strong
2,284,marriage,0.2421052631578947,female,0.2285714285714285,0.05590062088711872,two-strong
2,285,female,0.2962305603752972,marriage,0.2578904559535485,0.12942656640067363,two-strong
2,286,marriage,0.2421052631578947,female,0.2285714285714285,0.05590062088711872,two-strong
2,287,marriage,0.2421052631578947,female,0.2285714285714285,0.05590062088711872,two-strong
2,288,marriage,0.2421052631578947,female,0.2285714285714285,0.05590062088711872,two-strong
2,289,marriage,0.2421052631578947,female,0.2285714285714285,0.05590062088711872,two-strong
2,290,marriage,0.2421052631578947,female,0.2285714285714285,0.05590062088711872,two-strong
2,291,marriage,0.2421052631578947,female,0.2285714285714285,0.05590062088711872,two-strong
2,292,marriage,0.2421052631578947,female,0.2285714285714285,0.05590062088711872,two-strong
2,293,marriage,0.2421052631578947,female,0.2285714285714285,0.05590062088711872,two-strong
2,294,marriage,0.2421052631578947,female,0.2285714285714285,0.05590062088711872,two-strong
2,295,marriage,0.2421052631578947,female,0.2285714285714285,0.05590062088711872,two-strong
2,296,marriage,0.2421052631578947,female,0.2285714285714285,0.05590062088711872,two-strong
2,297,marriage,0.2421052631578947,female,0.2285714285714285,0.05590062088711872,two-strong
2,298,marriage,0.2421052631578947,female,0.2303571428571428,0.048524844520068375,two-strong
2,299,marriage,0.2421052631578947,female,0.2285714285714285,0.05590062088711872,two-strong
2,300,marriage,0.2421052631578947,female,0.2285714285714285,0.05590062088711872,two-strong
2,301,male,0.2360902255639098,,,0.9999999957643312,dominant
2,302,marriage,0.2421052631578947,female,0.2285714285714285,0.05590062088711872,two-strong
2,303,marriage,0.2421052631578947,female,0.2285714285714285,0.05590062088711872,two-strong
2,304,marriage,0.2421052631578947,female,0.2285714285714285,0.05590062088711872,two-strong
2,305,marriage,0.2421052631578947,female,0.2285714285714285,0.05590062088711872,two-strong
2,306,marriage,0.276155706155925,love,0.2213491382685966,0.19846255741650534,two-strong
2,307,marriage,0.2421052631578947,female,0.2285714285714285,0.05590062088711872,two-strong
2,308,marriage,0.2421052631578947,female,0.2336466165413533,0.034937888054449355,two-strong
2,309,marriage,0.2421052631578947,female,0.2303571428571428,0.048524844520068375,two-strong
2,310,marriage,0.2421052631578947,female,0.2285714285714285,0.05590062088711872,two-strong
2,311,marriage,0.2421052631578947,female,0.2285714285714285,0.05590062088711872,two-strong
2,312,marriage,0.2421052631578947,female,0.2285714285714285,0.05590062088711872,two-strong
2,313,marriage,0.2421052631578947,female,0.2285714285714285,0.05590062088711872,two-strong
2,314,marriage,0.2421052631578947,female,0.2285714285714285,0.05590062088711872,two-strong
2,315,marriage,0.2421052631578947,female,0.2285714285714285,0.05590062088711872,two-strong
2,316,marriage,0.2421052631578947,female,0.2285714285714285,0.05590062088711872,two-strong
2,317,marriage,0.2421052631578947,female,0.2285714285714285,0.05590062088711872,two-strong
2,318,marriage,0.2683078625439182,society,0.2288899726195795,0.14691291341107693,two-strong
2,319,marriage,0.2556278117654385,female,0.2287124060150376,0.10529138226088954,two-strong
2,320,marriage,0.2421052631578947,female,0.2285714285714285,0.05590062088711872,two-strong
2,321,marriage,0.2421052631578947,female,0.2285714285714285,0.05590062088711872,two-strong
2,322,female,0.2612934638940752,marriage,0.2358956726596922,0.0972002542990462,two-strong
2,323,marriage,0.2421052631578947,female,0.2285714285714285,0.05590062088711872,two-strong
2,324,marriage,0.2717774374849447,emotion,0.1885892416992896,0.30608940995763845,leaning
2,325,marriage,0.2468126838836221,female,0.2285714285714285,0.07390728446876531,two-strong
2,326,marriage,0.2421052631578947,female,0.2285714285714285,0.05590062088711872,two-strong
2,327,marriage,0.2421052631578947,female,0.2285714285714285,0.05590062088711872,two-strong
2,328,marriage,0.2421052631578947,female,0.2285714285714285,0.05590062088711872,two-strong
2,329,female,0.2498903508771929,marriage,0.2421052631578947,0.031154014794153133,two-strong
2,330,marriage,0.2421052631578947,female,0.2285714285714285,0.05590062088711872,two-strong
2,331,marriage,0.2421052631578947,female,0.2285714285714285,0.05590062088711872,two-strong
2,332,marriage,0.2421052631578947,female,0.2285714285714285,0.05590062088711872,two-strong
2,333,marriage,0.2421052631578947,female,0.2285714285714285,0.05590062088711872,two-strong
2,334,marriage,0.2421052631578947,female,0.2285714285714285,0.05590062088711872,two-strong
2,335,marriage,0.2421052631578947,female,0.2285714285714285,0.05590062088711872,two-strong
2,336,marriage,0.2421052631578947,female,0.2285714285714285,0.05590062088711872,two-strong
2,337,marriage,0.2421052631578947,female,0.2285714285714285,0.05590062088711872,two-strong
2,338,marriage,0.2421052631578947,female,0.2285714285714285,0.05590062088711872,two-strong
2,339,marriage,0.2421052631578947,female,0.2285714285714285,0.05590062088711872,two-strong
2,340,marriage,0.2421052631578947,female,0.2285714285714285,0.05590062088711872,two-strong
2,341,marriage,0.2421052631578947,female,0.2285714285714285,0.05590062088711872,two-strong
2,342,marriage,0.2421052631578947,female,0.2285714285714285,0.05590062088711872,two-strong
2,343,marriage,0.2421052631578947,female,0.2285714285714285,0.05590062088711872,two-strong
2,344,marriage,0.2421052631578947,female,0.2285714285714285,0.05590062088711872,two-strong
2,345,female,0.3007644975650184,marriage,0.2056577420558135,0.31621669433383937,leaning
2,346,marriage,0.2421052631578947,female,0.2285714285714285,0.05590062088711872,two-strong
2,347,marriage,0.2421052631578947,female,0.2285714285714285,0.05590062088711872,two-strong
2,348,marriage,0.2421052631578947,female,0.2285714285714285,0.05590062088711872,two-strong
2,349,marriage,0.2421052631578947,female,0.2285714285714285,0.05590062088711872,two-strong
2,350,marriage,0.2421052631578947,female,0.2285714285714285,0.05590062088711872,two-strong
2,351,marriage,0.2421052631578947,female,0.2285714285714285,0.05590062088711872,two-strong
2,352,marriage,0.2421052631578947,female,0.2285714285714285,0.05590062088711872,two-strong
2,353,marriage,0.2421052631578947,female,0.2285714285714285,0.05590062088711872,two-strong
2,354,marriage,0.2421052631578947,female,0.2285714285714285,0.05590062088711872,two-strong
2,355,marriage,0.2421052631578947,female,0.2285714285714285,0.05590062088711872,two-strong
2,356,marriage,0.2426718971341397,female,0.2303571428571428,0.05074651977292313,two-strong
2,357,marriage,0.2421052631578947,female,0.2285714285714285,0.05590062088711872,two-strong
2,358,marriage,0.2421052631578947,female,0.2285714285714285,0.05590062088711872,two-strong
2,359,marriage,0.2421052631578947,female,0.2285714285714285,0.05590062088711872,two-strong
2,360,marriage,0.2421052631578947,female,0.2285714285714285,0.05590062088711872,two-strong
2,361,marriage,0.2421052631578947,female,0.2285714285714285,0.05590062088711872,two-strong
2,362,marriage,0.2421052631578947,female,0.2285714285714285,0.05590062088711872,two-strong
2,363,marriage,0.2421052631578947,female,0.2285714285714285,0.05590062088711872,two-strong
2,364,marriage,0.2421052631578947,female,0.2285714285714285,0.05590062088711872,two-strong
2,365,marriage,0.2421052631578947,female,0.2285714285714285,0.05590062088711872,two-strong
2,366,marriage,0.2421052631578947,female,0.2285714285714285,0.05590062088711872,two-strong
2,367,marriage,0.2421052631578947,female,0.2285714285714285,0.05590062088711872,two-strong
2,368,marriage,0.2421052631578947,female,0.2285714285714285,0.05590062088711872,two-strong
2,369,marriage,0.2421052631578947,female,0.2285714285714285,0.05590062088711872,two-strong
2,370,marriage,0.2421052631578947,female,0.2285714285714285,0.05590062088711872,two-strong
2,371,marriage,0.2421052631578947,female,0.2285714285714285,0.05590062088711872,two-strong
2,372,marriage,0.2421052631578947,female,0.2285714285714285,0.05590062088711872,two-strong
2,373,marriage,0.2458735772236916,female,0.2323971693940734,0.054810313198263204,two-strong
2,374,marriage,0.2421052631578947,female,0.2285714285714285,0.05590062088711872,two-strong
2,375,female,0.3465397095661237,family,0.2740105296304782,0.2092954363503057,leaning
2,376,marriage,0.2421052631578947,female,0.2285714285714285,0.05590062088711872,two-strong
2,377,marriage,0.2421052631578947,female,0.2285714285714285,0.05590062088711872,two-strong
2,378,marriage,0.2421052631578947,female,0.2285714285714285,0.05590062088711872,two-strong
2,379,marriage,0.2421052631578947,female,0.2285714285714285,0.05590062088711872,two-strong
2,380,marriage,0.2421052631578947,female,0.2285714285714285,0.05590062088711872,two-strong
2,381,marriage,0.2421052631578947,female,0.2285714285714285,0.05590062088711872,two-strong
2,382,marriage,0.2421052631578947,female,0.2285714285714285,0.05590062088711872,two-strong
2,383,marriage,0.2421052631578947,female,0.2285714285714285,0.05590062088711872,two-strong
2,384,marriage,0.2421052631578947,female,0.2285714285714285,0.05590062088711872,two-strong
2,385,marriage,0.2421052631578947,female,0.2285714285714285,0.05590062088711872,two-strong
2,386,marriage,0.2421052631578947,female,0.2285714285714285,0.05590062088711872,two-strong
2,387,marriage,0.2421052631578947,female,0.2285714285714285,0.05590062088711872,two-strong
2,388,marriage,0.2421052631578947,female,0.2285714285714285,0.05590062088711872,two-strong
2,389,marriage,0.2421052631578947,female,0.2285714285714285,0.05590062088711872,two-strong
2,390,marriage,0.2421052631578947,female,0.2285714285714285,0.05590062088711872,two-strong
2,391,marriage,0.2421052631578947,female,0.2285714285714285,0.05590062088711872,two-strong
2,392,female,0.2329399260120503,marriage,0.2173816187637733,0.06679107119095196,two-strong
2,393,marriage,0.2421052631578947,female,0.2285714285714285,0.05590062088711872,two-strong
2,394,marriage,0.2421052631578947,female,0.2285714285714285,0.05590062088711872,two-strong
2,395,marriage,0.2421052631578947,female,0.2285714285714285,0.05590062088711872,two-strong
2,396,marriage,0.2421052631578947,female,0.2285714285714285,0.05590062088711872,two-strong
2,397,marriage,0.2421052631578947,female,0.2285714285714285,0.05590062088711872,two-strong
2,398,marriage,0.2421052631578947,female,0.2285714285714285,0.05590062088711872,two-strong
2,399,marriage,0.2421052631578947,female,0.2285714285714285,0.05590062088711872,two-strong
2,400,marriage,0.2421052631578947,female,0.2285714285714285,0.05590062088711872,two-strong
2,401,marriage,0.2421052631578947,female,0.2285714285714285,0.05590062088711872,two-strong
2,402,marriage,0.2421052631578947,female,0.2285714285714285,0.05590062088711872,two-strong
2,403,marriage,0.2421052631578947,female,0.2285714285714285,0.05590062088711872,two-strong
2,404,marriage,0.2421052631578947,female,0.2285714285714285,0.05590062088711872,two-strong
2,405,marriage,0.2421052631578947,female,0.2285714285714285,0.05590062088711872,two-strong
2,406,marriage,0.2421052631578947,female,0.2285714285714285,0.05590062088711872,two-strong
2,407,marriage,0.2421052631578947,female,0.2285714285714285,0.05590062088711872,two-strong
2,408,marriage,0.2437070938215103,female,0.2285714285714285,0.06210596889338432,two-strong
2,409,marriage,0.2421052631578947,female,0.2285714285714285,0.05590062088711872,two-strong
2,410,marriage,0.2421052631578947,female,0.2285714285714285,0.05590062088711872,two-strong
2,411,marriage,0.2421052631578947,female,0.2285714285714285,0.05590062088711872,two-strong
2,412,marriage,0.2421052631578947,female,0.2285714285714285,0.05590062088711872,two-strong
2,413,marriage,0.2421052631578947,female,0.2285714285714285,0.05590062088711872,two-strong
2,414,marriage,0.2421052631578947,female,0.2285714285714285,0.05590062088711872,two-strong
2,415,marriage,0.2421052631578947,female,0.2285714285714285,0.05590062088711872,two-strong
2,416,marriage,0.2421052631578947,female,0.2285714285714285,0.05590062088711872,two-strong
2,417,marriage,0.2421052631578947,female,0.2285714285714285,0.05590062088711872,two-strong
2,418,marriage,0.2448107847257896,female,0.2285714285714285,0.06633431654661918,two-strong
2,419,marriage,0.2421052631578947,female,0.2285714285714285,0.05590062088711872,two-strong
2,420,marriage,0.2421052631578947,female,0.2285714285714285,0.05590062088711872,two-strong
2,421,marriage,0.2421052631578947,female,0.2285714285714285,0.05590062088711872,two-strong
2,422,female,0.3046992481203008,marriage,0.242622083158206,0.20373258267395863,leaning
2,423,marriage,0.2421052631578947,female,0.2285714285714285,0.05590062088711872,two-strong
2,424,marriage,0.2421052631578947,female,0.2285714285714285,0.05590062088711872,two-strong
2,425,marriage,0.2421052631578947,female,0.2285714285714285,0.05590062088711872,two-strong
2,426,marriage,0.2421052631578947,female,0.2285714285714285,0.05590062088711872,two-strong
2,427,marriage,0.2421052631578947,female,0.2285714285714285,0.05590062088711872,two-strong
2,428,marriage,0.2421052631578947,female,0.2285714285714285,0.05590062088711872,two-strong
2,429,marriage,0.2421052631578947,female,0.2285714285714285,0.05590062088711872,two-strong
2,430,marriage,0.2421052631578947,female,0.2285714285714285,0.05590062088711872,two-strong
2,431,marriage,0.2421052631578947,female,0.2285714285714285,0.05590062088711872,two-strong
2,432,marriage,0.2421052631578947,female,0.2285714285714285,0.05590062088711872,two-strong
2,433,marriage,0.2421052631578947,female,0.2285714285714285,0.05590062088711872,two-strong
2,434,marriage,0.2421052631578947,female,0.2285714285714285,0.05590062088711872,two-strong
2,435,marriage,0.2421052631578947,female,0.2285714285714285,0.05590062088711872,two-strong
2,436,marriage,0.2421052631578947,female,0.2285714285714285,0.05590062088711872,two-strong
2,437,marriage,0.2421052631578947,female,0.2285714285714285,0.05590062088711872,two-strong
2,438,marriage,0.2421052631578947,female,0.2285714285714285,0.05590062088711872,two-strong
2,439,marriage,0.2421052631578947,female,0.2285714285714285,0.05590062088711872,two-strong
2,440,marriage,0.2421052631578947,female,0.2285714285714285,0.05590062088711872,two-strong
2,441,marriage,0.2421052631578947,female,0.2285714285714285,0.05590062088711872,two-strong
2,442,marriage,0.2421052631578947,female,0.2285714285714285,0.05590062088711872,two-strong
2,443,marriage,0.2421052631578947,female,0.2285714285714285,0.05590062088711872,two-strong
2,444,marriage,0.2421052631578947,female,0.2285714285714285,0.05590062088711872,two-strong
2,445,marriage,0.2421052631578947,female,0.2285714285714285,0.05590062088711872,two-strong
2,446,marriage,0.2421052631578947,female,0.2285714285714285,0.05590062088711872,two-strong
2,447,marriage,0.2421052631578947,female,0.2285714285714285,0.05590062088711872,two-strong
2,448,marriage,0.2421052631578947,female,0.2285714285714285,0.05590062088711872,two-strong
2,449,marriage,0.2656423667865316,female,0.2292606516290727,0.13695750215076755,two-strong
2,450,marriage,0.2468126838836221,female,0.2336466165413533,0.05334437064479448,two-strong
2,451,marriage,0.2421052631578947,female,0.2285714285714285,0.05590062088711872,two-strong
2,452,female,0.3351845565971796,marriage,0.2436562420544114,0.27306841102377316,leaning
2,453,marriage,0.2468126838836221,female,0.2285714285714285,0.07390728446876531,two-strong
2,454,marriage,0.2421052631578947,female,0.2285714285714285,0.05590062088711872,two-strong
2,455,marriage,0.2421052631578947,female,0.2285714285714285,0.05590062088711872,two-strong
2,456,marriage,0.2421052631578947,female,0.2336466165413533,0.034937888054449355,two-strong
2,457,marriage,0.2421052631578947,female,0.2285714285714285,0.05590062088711872,two-strong
2,458,marriage,0.2421052631578947,female,0.2285714285714285,0.05590062088711872,two-strong
2,459,marriage,0.2421052631578947,female,0.2285714285714285,0.05590062088711872,two-strong
2,460,marriage,0.2421052631578947,female,0.2285714285714285,0.05590062088711872,two-strong
2,461,marriage,0.2421052631578947,female,0.2285714285714285,0.05590062088711872,two-strong
2,462,marriage,0.2421052631578947,female,0.2285714285714285,0.05590062088711872,two-strong
2,463,marriage,0.2421052631578947,female,0.2285714285714285,0.05590062088711872,two-strong
2,464,marriage,0.2421052631578947,female,0.2285714285714285,0.05590062088711872,two-strong
2,465,marriage,0.2421052631578947,female,0.2285714285714285,0.05590062088711872,two-strong
2,466,marriage,0.2421052631578947,female,0.2285714285714285,0.05590062088711872,two-strong
2,467,marriage,0.2421052631578947,female,0.2285714285714285,0.05590062088711872,two-strong
2,468,marriage,0.2421052631578947,female,0.2285714285714285,0.05590062088711872,two-strong
2,469,marriage,0.2421052631578947,female,0.2285714285714285,0.05590062088711872,two-strong
2,470,marriage,0.2421052631578947,female,0.2285714285714285,0.05590062088711872,two-strong
2,471,marriage,0.2421052631578947,female,0.2285714285714285,0.05590062088711872,two-strong
2,472,marriage,0.2421052631578947,female,0.2285714285714285,0.05590062088711872,two-strong
2,473,marriage,0.2421052631578947,female,0.2285714285714285,0.05590062088711872,two-strong
2,474,marriage,0.2421052631578947,female,0.2285714285714285,0.05590062088711872,two-strong
2,475,marriage,0.2421052631578947,female,0.2285714285714285,0.05590062088711872,two-strong
2,476,marriage,0.2421052631578947,female,0.2285714285714285,0.05590062088711872,two-strong
2,477,marriage,0.2421052631578947,female,0.2285714285714285,0.05590062088711872,two-strong
2,478,marriage,0.2421052631578947,female,0.2285714285714285,0.05590062088711872,two-strong
2,479,marriage,0.2421052631578947,female,0.2285714285714285,0.05590062088711872,two-strong
2,480,marriage,0.2421052631578947,female,0.2285714285714285,0.05590062088711872,two-strong
2,481,marriage,0.2421052631578947,female,0.2285714285714285,0.05590062088711872,two-strong
2,482,marriage,0.2421052631578947,female,0.2285714285714285,0.05590062088711872,two-strong
2,483,marriage,0.2421052631578947,female,0.2285714285714285,0.05590062088711872,two-strong
2,484,marriage,0.2515201046093495,female,0.2285714285714285,0.09123992685325878,two-strong
2,485,marriage,0.2421052631578947,female,0.2285714285714285,0.05590062088711872,two-strong
2,486,marriage,0.2421052631578947,female,0.2285714285714285,0.05590062088711872,two-strong
2,487,marriage,0.2421052631578947,female,0.2285714285714285,0.05590062088711872,two-strong
2,488,marriage,0.2421052631578947,female,0.2285714285714285,0.05590062088711872,two-strong
2,489,marriage,0.2421052631578947,female,0.2285714285714285,0.05590062088711872,two-strong
2,490,marriage,0.2421052631578947,female,0.2285714285714285,0.05590062088711872,two-strong
2,491,marriage,0.2421052631578947,female,0.2285714285714285,0.05590062088711872,two-strong
2,492,marriage,0.2421052631578947,female,0.2285714285714285,0.05590062088711872,two-strong
2,493,marriage,0.2421052631578947,female,0.2285714285714285,0.05590062088711872,two-strong
2,494,marriage,0.2421052631578947,female,0.2285714285714285,0.05590062088711872,two-strong
2,495,marriage,0.2421052631578947,female,0.2285714285714285,0.05590062088711872,two-strong
2,496,marriage,0.2421052631578947,female,0.2285714285714285,0.05590062088711872,two-strong
2,497,marriage,0.2421052631578947,female,0.2285714285714285,0.05590062088711872,two-strong
2,498,marriage,0.2421052631578947,female,0.2285714285714285,0.05590062088711872,two-strong
2,499,marriage,0.2421052631578947,female,0.2285714285714285,0.05590062088711872,two-strong
2,500,marriage,0.2421052631578947,female,0.2285714285714285,0.05590062088711872,two-strong
2,501,marriage,0.2421052631578947,female,0.2285714285714285,0.05590062088711872,two-strong
2,502,marriage,0.2437070938215103,female,0.2285714285714285,0.06210596889338432,two-strong
2,503,marriage,0.2421052631578947,female,0.2285714285714285,0.05590062088711872,two-strong
2,504,marriage,0.2421052631578947,female,0.2285714285714285,0.05590062088711872,two-strong
2,505,marriage,0.2421052631578947,female,0.2285714285714285,0.05590062088711872,two-strong
2,506,marriage,0.2421052631578947,female,0.2285714285714285,0.05590062088711872,two-strong
2,507,marriage,0.2421052631578947,female,0.2285714285714285,0.05590062088711872,two-strong
2,508,marriage,0.2421052631578947,female,0.2285714285714285,0.05590062088711872,two-strong
2,509,marriage,0.2421052631578947,female,0.2285714285714285,0.05590062088711872,two-strong
2,510,marriage,0.2421052631578947,female,0.2285714285714285,0.05590062088711872,two-strong
2,511,marriage,0.2421052631578947,female,0.2285714285714285,0.05590062088711872,two-strong
2,512,marriage,0.2468126838836221,female,0.2285714285714285,0.07390728446876531,two-strong
2,513,marriage,0.2421052631578947,female,0.2285714285714285,0.05590062088711872,two-strong
2,514,marriage,0.2421052631578947,female,0.2285714285714285,0.05590062088711872,two-strong
2,515,marriage,0.2421052631578947,female,0.2285714285714285,0.05590062088711872,two-strong
2,516,marriage,0.2421052631578947,female,0.2285714285714285,0.05590062088711872,two-strong
2,517,marriage,0.2421052631578947,female,0.2285714285714285,0.05590062088711872,two-strong
2,518,marriage,0.2421052631578947,female,0.2285714285714285,0.05590062088711872,two-strong
2,519,marriage,0.2421052631578947,female,0.2285714285714285,0.05590062088711872,two-strong
2,520,marriage,0.2421052631578947,female,0.2285714285714285,0.05590062088711872,two-strong
2,521,marriage,0.2421052631578947,female,0.2285714285714285,0.05590062088711872,two-strong
2,522,marriage,0.2421052631578947,female,0.2285714285714285,0.05590062088711872,two-strong
2,523,marriage,0.2421052631578947,female,0.2285714285714285,0.05590062088711872,two-strong
2,524,marriage,0.2421052631578947,female,0.2285714285714285,0.05590062088711872,two-strong
2,525,marriage,0.2421052631578947,female,0.2285714285714285,0.05590062088711872,two-strong
2,526,marriage,0.2421052631578947,female,0.2285714285714285,0.05590062088711872,two-strong
2,527,marriage,0.2421052631578947,female,0.2285714285714285,0.05590062088711872,two-strong
2,528,marriage,0.2421052631578947,female,0.2285714285714285,0.05590062088711872,two-strong
2,529,marriage,0.2421052631578947,female,0.2285714285714285,0.05590062088711872,two-strong
2,530,marriage,0.2421052631578947,female,0.2285714285714285,0.05590062088711872,two-strong
2,531,marriage,0.2421052631578947,female,0.2285714285714285,0.05590062088711872,two-strong
2,532,marriage,0.2421052631578947,female,0.2285714285714285,0.05590062088711872,two-strong
2,533,marriage,0.2421052631578947,female,0.2285714285714285,0.05590062088711872,two-strong
2,534,marriage,0.2421052631578947,female,0.2285714285714285,0.05590062088711872,two-strong
2,535,marriage,0.2421052631578947,female,0.2285714285714285,0.05590062088711872,two-strong
2,536,female,0.276348921864971,duty,0.2433498332966594,0.11941095418864918,two-strong
2,537,marriage,0.2421052631578947,female,0.2285714285714285,0.05590062088711872,two-strong
2,538,marriage,0.2421052631578947,female,0.2285714285714285,0.05590062088711872,two-strong
2,539,marriage,0.2421052631578947,female,0.2285714285714285,0.05590062088711872,two-strong
2,540,love,0.1907700285195747,emotion,0.1887155906294662,0.010769185785011914,two-strong
2,541,marriage,0.2421052631578947,female,0.2285714285714285,0.05590062088711872,two-strong
2,542,marriage,0.2421052631578947,female,0.2285714285714285,0.05590062088711872,two-strong
2,543,marriage,0.2421052631578947,female,0.2285714285714285,0.05590062088711872,two-strong
2,544,female,0.250125313283208,marriage,0.2421052631578947,0.032064128128320685,two-strong
2,545,marriage,0.2421052631578947,female,0.2285714285714285,0.05590062088711872,two-strong
2,546,marriage,0.2421052631578947,female,0.2285714285714285,0.05590062088711872,two-strong
2,547,marriage,0.2421052631578947,female,0.2285714285714285,0.05590062088711872,two-strong
2,548,marriage,0.2421052631578947,female,0.2285714285714285,0.05590062088711872,two-strong
2,549,marriage,0.2421052631578947,female,0.2285714285714285,0.05590062088711872,two-strong
2,550,marriage,0.2421052631578947,female,0.2285714285714285,0.05590062088711872,two-strong
2,551,marriage,0.2421052631578947,female,0.2285714285714285,0.05590062088711872,two-strong
2,552,marriage,0.2421052631578947,female,0.2285714285714285,0.05590062088711872,two-strong
2,553,emotion,0.2924870378371631,male,0.2276645114259575,0.22162529549657886,leaning
2,554,marriage,0.2426718971341397,female,0.2285714285714285,0.05810507385126642,two-strong
2,555,male,0.2645526676705001,society,0.2326596385315772,0.12055455459663356,two-strong
2,556,marriage,0.2421052631578947,female,0.2285714285714285,0.05590062088711872,two-strong
2,557,marriage,0.2421052631578947,female,0.2285714285714285,0.05590062088711872,two-strong
2,558,marriage,0.2421052631578947,female,0.2285714285714285,0.05590062088711872,two-strong
2,559,marriage,0.2421052631578947,female,0.2285714285714285,0.05590062088711872,two-strong
2,560,marriage,0.2421052631578947,female,0.2285714285714285,0.05590062088711872,two-strong
2,561,marriage,0.2421052631578947,female,0.2285714285714285,0.05590062088711872,two-strong
2,562,marriage,0.2421052631578947,female,0.2285714285714285,0.05590062088711872,two-strong
2,563,marriage,0.2421052631578947,female,0.2285714285714285,0.05590062088711872,two-strong
2,564,marriage,0.2421052631578947,female,0.2285714285714285,0.05590062088711872,two-strong
2,565,marriage,0.2421052631578947,female,0.2285714285714285,0.05590062088711872,two-strong
2,566,marriage,0.2546747303040209,female,0.2285714285714285,0.1024966301090596,two-strong
2,567,marriage,0.2421052631578947,female,0.2285714285714285,0.05590062088711872,two-strong
2,568,love,0.2593600822200432,marriage,0.2411994685688161,0.07002085064809097,two-strong
2,569,marriage,0.2421052631578947,female,0.2285714285714285,0.05590062088711872,two-strong
2,570,marriage,0.2421052631578947,female,0.2285714285714285,0.05590062088711872,two-strong
2,571,marriage,0.2421052631578947,female,0.2285714285714285,0.05590062088711872,two-strong
2,572,marriage,0.2421052631578947,female,0.2285714285714285,0.05590062088711872,two-strong
2,573,marriage,0.2421052631578947,female,0.2285714285714285,0.05590062088711872,two-strong
2,574,marriage,0.2421052631578947,female,0.2285714285714285,0.05590062088711872,two-strong
2,575,female,0.2980457192372769,family,0.2865946990388957,0.03842034768781438,two-strong
2,576,marriage,0.2421052631578947,female,0.2285714285714285,0.05590062088711872,two-strong
2,577,marriage,0.2421052631578947,female,0.2285714285714285,0.05590062088711872,two-strong
2,578,marriage,0.2421052631578947,female,0.2285714285714285,0.05590062088711872,two-strong
2,579,marriage,0.2421052631578947,female,0.2285714285714285,0.05590062088711872,two-strong
2,580,marriage,0.2421052631578947,female,0.2285714285714285,0.05590062088711872,two-strong
2,581,marriage,0.2421052631578947,female,0.2285714285714285,0.05590062088711872,two-strong
2,582,marriage,0.2421052631578947,female,0.2285714285714285,0.05590062088711872,two-strong
2,583,marriage,0.2421052631578947,female,0.2285714285714285,0.05590062088711872,two-strong
2,584,marriage,0.2421052631578947,female,0.2285714285714285,0.05590062088711872,two-strong
2,585,marriage,0.2421052631578947,female,0.2285714285714285,0.05590062088711872,two-strong
2,586,marriage,0.2421052631578947,female,0.2285714285714285,0.05590062088711872,two-strong
2,587,marriage,0.2421052631578947,female,0.2285714285714285,0.05590062088711872,two-strong
2,588,marriage,0.2421052631578947,female,0.2285714285714285,0.05590062088711872,two-strong
2,589,marriage,0.2421052631578947,female,0.2285714285714285,0.05590062088711872,two-strong
2,590,marriage,0.2421052631578947,female,0.2387218045112781,0.01397515522177988,two-strong
2,591,marriage,0.2421052631578947,female,0.2285714285714285,0.05590062088711872,two-strong
2,592,marriage,0.2421052631578947,female,0.2285714285714285,0.05590062088711872,two-strong
2,593,marriage,0.2468126838836221,female,0.2285714285714285,0.07390728446876531,two-strong
2,594,marriage,0.2421052631578947,female,0.2285714285714285,0.05590062088711872,two-strong
2,595,marriage,0.2421052631578947,female,0.2285714285714285,0.05590062088711872,two-strong
2,596,marriage,0.2421052631578947,female,0.2285714285714285,0.05590062088711872,two-strong
2,597,marriage,0.2421052631578947,female,0.2285714285714285,0.05590062088711872,two-strong
2,598,marriage,0.2421052631578947,female,0.2285714285714285,0.05590062088711872,two-strong
2,599,marriage,0.2421052631578947,female,0.2387218045112781,0.01397515522177988,two-strong
2,600,marriage,0.2421052631578947,female,0.2285714285714285,0.05590062088711872,two-strong
2,601,marriage,0.2421052631578947,female,0.2285714285714285,0.05590062088711872,two-strong
2,602,marriage,0.2421052631578947,female,0.2285714285714285,0.05590062088711872,two-strong
2,603,marriage,0.2421052631578947,female,0.2285714285714285,0.05590062088711872,two-strong
2,604,marriage,0.2421052631578947,female,0.2285714285714285,0.05590062088711872,two-strong
2,605,marriage,0.2421052631578947,female,0.2285714285714285,0.05590062088711872,two-strong
2,606,marriage,0.2421052631578947,female,0.2285714285714285,0.05590062088711872,two-strong
2,607,marriage,0.2468126838836221,female,0.2285714285714285,0.07390728446876531,two-strong
2,608,marriage,0.2421052631578947,female,0.2285714285714285,0.05590062088711872,two-strong
2,609,marriage,0.2421052631578947,female,0.2285714285714285,0.05590062088711872,two-strong
2,610,marriage,0.2421052631578947,female,0.2285714285714285,0.05590062088711872,two-strong
2,611,marriage,0.2421052631578947,female,0.2285714285714285,0.05590062088711872,two-strong
2,612,marriage,0.2421052631578947,female,0.2285714285714285,0.05590062088711872,two-strong
2,613,society,0.2639158659281435,male,0.2130799359414106,0.19262172668297362,two-strong
2,614,marriage,0.2421052631578947,female,0.2285714285714285,0.05590062088711872,two-strong
2,615,marriage,0.2421052631578947,female,0.2303571428571428,0.048524844520068375,two-strong
2,616,marriage,0.2421052631578947,female,0.2285714285714285,0.05590062088711872,two-strong
2,617,marriage,0.2421052631578947,female,0.2285714285714285,0.05590062088711872,two-strong
2,618,marriage,0.2421052631578947,female,0.2285714285714285,0.05590062088711872,two-strong
2,619,marriage,0.2421052631578947,female,0.2285714285714285,0.05590062088711872,two-strong
2,620,marriage,0.2437070938215103,female,0.2285714285714285,0.06210596889338432,two-strong
2,621,marriage,0.2421052631578947,female,0.2285714285714285,0.05590062088711872,two-strong
2,622,marriage,0.2421052631578947,female,0.2285714285714285,0.05590062088711872,two-strong
2,623,marriage,0.2421052631578947,female,0.2285714285714285,0.05590062088711872,two-strong
2,624,marriage,0.2421052631578947,female,0.2285714285714285,0.05590062088711872,two-strong
2,625,marriage,0.2421052631578947,female,0.2285714285714285,0.05590062088711872,two-strong
2,626,marriage,0.2421052631578947,female,0.2285714285714285,0.05590062088711872,two-strong
2,627,marriage,0.2426718971341397,female,0.2285714285714285,0.05810507385126642,two-strong
2,628,marriage,0.2421052631578947,female,0.2336466165413533,0.034937888054449355,two-strong
2,629,marriage,0.2421052631578947,female,0.2285714285714285,0.05590062088711872,two-strong
2,630,marriage,0.2421052631578947,female,0.2285714285714285,0.05590062088711872,two-strong
2,631,marriage,0.2421052631578947,female,0.2285714285714285,0.05590062088711872,two-strong
2,632,marriage,0.2421052631578947,female,0.2285714285714285,0.05590062088711872,two-strong
2,633,marriage,0.2421052631578947,female,0.2285714285714285,0.05590062088711872,two-strong
2,634,marriage,0.2421052631578947,female,0.2285714285714285,0.05590062088711872,two-strong
2,635,marriage,0.2421052631578947,female,0.2336466165413533,0.034937888054449355,two-strong
2,636,marriage,0.2421052631578947,female,0.2285714285714285,0.05590062088711872,two-strong
2,637,marriage,0.2421052631578947,female,0.2332393483709273,0.036620082664478096,two-strong
2,638,marriage,0.2421052631578947,female,0.2285714285714285,0.05590062088711872,two-strong
2,639,marriage,0.2421052631578947,female,0.2285714285714285,0.05590062088711872,two-strong
2,640,marriage,0.2421052631578947,female,0.2285714285714285,0.05590062088711872,two-strong
2,641,marriage,0.2421052631578947,female,0.2285714285714285,0.05590062088711872,two-strong
2,642,marriage,0.2421052631578947,female,0.2285714285714285,0.05590062088711872,two-strong
2,643,marriage,0.2421052631578947,female,0.2285714285714285,0.05590062088711872,two-strong
2,644,marriage,0.2421052631578947,female,0.2285714285714285,0.05590062088711872,two-strong
2,645,marriage,0.2421052631578947,female,0.2285714285714285,0.05590062088711872,two-strong
2,646,marriage,0.2421052631578947,female,0.2285714285714285,0.05590062088711872,two-strong
2,647,marriage,0.2421052631578947,female,0.2285714285714285,0.05590062088711872,two-strong
2,648,marriage,0.2421052631578947,female,0.2285714285714285,0.05590062088711872,two-strong
2,649,marriage,0.2421052631578947,female,0.2285714285714285,0.05590062088711872,two-strong
2,650,marriage,0.2421052631578947,female,0.2285714285714285,0.05590062088711872,two-strong
2,651,marriage,0.2421052631578947,female,0.2285714285714285,0.05590062088711872,two-strong
2,652,marriage,0.2421052631578947,female,0.2285714285714285,0.05590062088711872,two-strong
2,653,marriage,0.2421052631578947,female,0.2285714285714285,0.05590062088711872,two-strong
2,654,marriage,0.2421052631578947,female,0.2285714285714285,0.05590062088711872,two-strong
2,655,marriage,0.2421052631578947,female,0.2285714285714285,0.05590062088711872,two-strong
2,656,marriage,0.2421052631578947,female,0.2285714285714285,0.05590062088711872,two-strong
2,657,marriage,0.2421052631578947,female,0.2285714285714285,0.05590062088711872,two-strong
2,658,marriage,0.2421052631578947,female,0.2285714285714285,0.05590062088711872,two-strong
2,659,marriage,0.2421052631578947,female,0.2285714285714285,0.05590062088711872,two-strong
2,660,marriage,0.2421052631578947,female,0.2285714285714285,0.05590062088711872,two-strong
2,661,marriage,0.2421052631578947,female,0.2285714285714285,0.05590062088711872,two-strong
2,662,marriage,0.2421052631578947,female,0.2285714285714285,0.05590062088711872,two-strong
2,663,marriage,0.2421052631578947,female,0.2285714285714285,0.05590062088711872,two-strong
2,664,marriage,0.2421052631578947,female,0.2285714285714285,0.05590062088711872,two-strong
2,665,marriage,0.2421052631578947,female,0.2285714285714285,0.05590062088711872,two-strong
2,666,marriage,0.2421052631578947,female,0.2285714285714285,0.05590062088711872,two-strong
2,667,marriage,0.2421052631578947,female,0.2285714285714285,0.05590062088711872,two-strong
2,668,marriage,0.2421052631578947,female,0.2285714285714285,0.05590062088711872,two-strong
2,669,marriage,0.2421052631578947,female,0.2285714285714285,0.05590062088711872,two-strong
2,670,marriage,0.2421052631578947,female,0.2285714285714285,0.05590062088711872,two-strong
2,671,marriage,0.2421052631578947,female,0.2285714285714285,0.05590062088711872,two-strong
2,672,marriage,0.2421052631578947,female,0.2285714285714285,0.05590062088711872,two-strong
2,673,marriage,0.2421052631578947,female,0.2285714285714285,0.05590062088711872,two-strong
2,674,marriage,0.2421052631578947,female,0.2285714285714285,0.05590062088711872,two-strong
2,675,marriage,0.2421052631578947,female,0.2285714285714285,0.05590062088711872,two-strong
2,676,family,0.2267952125008797,female,0.2246493505862895,0.009461671970347314,two-strong
2,677,marriage,0.2421052631578947,female,0.2285714285714285,0.05590062088711872,two-strong
2,678,marriage,0.2421052631578947,female,0.2285714285714285,0.05590062088711872,two-strong
2,679,marriage,0.2421052631578947,female,0.2285714285714285,0.05590062088711872,two-strong
2,680,marriage,0.2421052631578947,female,0.2285714285714285,0.05590062088711872,two-strong
2,681,marriage,0.2421052631578947,female,0.2285714285714285,0.05590062088711872,two-strong
2,682,marriage,0.2421052631578947,female,0.2285714285714285,0.05590062088711872,two-strong
2,683,marriage,0.2421052631578947,female,0.2285714285714285,0.05590062088711872,two-strong
2,684,marriage,0.2421052631578947,female,0.2285714285714285,0.05590062088711872,two-strong
2,685,marriage,0.2421052631578947,female,0.2285714285714285,0.05590062088711872,two-strong
2,686,female,0.2437969924812029,family,0.1899454518649565,0.22088681179900777,leaning
2,687,marriage,0.2421052631578947,female,0.2285714285714285,0.05590062088711872,two-strong
2,688,marriage,0.246289637136319,female,0.2285714285714285,0.07194053594363406,two-strong
2,689,marriage,0.2421052631578947,female,0.2285714285714285,0.05590062088711872,two-strong
2,690,marriage,0.2421052631578947,female,0.2285714285714285,0.05590062088711872,two-strong
2,691,marriage,0.2421052631578947,female,0.2285714285714285,0.05590062088711872,two-strong
2,692,marriage,0.2421052631578947,female,0.2285714285714285,0.05590062088711872,two-strong
2,693,marriage,0.2421052631578947,female,0.2285714285714285,0.05590062088711872,two-strong
2,694,marriage,0.2421052631578947,female,0.2285714285714285,0.05590062088711872,two-strong
2,695,female,0.2437969924812029,male,0.2010025062656641,0.17553328121266729,two-strong
2,696,marriage,0.2421052631578947,female,0.2285714285714285,0.05590062088711872,two-strong
2,697,marriage,0.2421052631578947,female,0.2285714285714285,0.05590062088711872,two-strong
2,698,marriage,0.2421052631578947,female,0.2285714285714285,0.05590062088711872,two-strong
2,699,marriage,0.2421052631578947,female,0.2285714285714285,0.05590062088711872,two-strong
2,700,marriage,0.2421052631578947,female,0.2285714285714285,0.05590062088711872,two-strong
2,701,marriage,0.2421052631578947,female,0.2285714285714285,0.05590062088711872,two-strong
2,702,marriage,0.2421052631578947,female,0.2285714285714285,0.05590062088711872,two-strong
2,703,marriage,0.2421052631578947,female,0.2285714285714285,0.05590062088711872,two-strong
2,704,marriage,0.2421052631578947,female,0.2285714285714285,0.05590062088711872,two-strong
2,705,marriage,0.2421052631578947,female,0.2285714285714285,0.05590062088711872,two-strong
2,706,marriage,0.2421052631578947,female,0.2285714285714285,0.05590062088711872,two-strong
2,707,marriage,0.2421052631578947,female,0.2285714285714285,0.05590062088711872,two-strong
2,708,marriage,0.2421052631578947,female,0.2285714285714285,0.05590062088711872,two-strong
2,709,marriage,0.2421052631578947,female,0.2285714285714285,0.05590062088711872,two-strong
2,710,marriage,0.2421052631578947,female,0.2285714285714285,0.05590062088711872,two-strong
2,711,marriage,0.2468126838836221,female,0.2303571428571428,0.06667218516033112,two-strong
2,712,marriage,0.2421052631578947,female,0.2285714285714285,0.05590062088711872,two-strong
2,713,marriage,0.2421052631578947,female,0.2285714285714285,0.05590062088711872,two-strong
2,714,marriage,0.2421052631578947,female,0.2332393483709273,0.036620082664478096,two-strong
2,715,marriage,0.2421052631578947,female,0.2285714285714285,0.05590062088711872,two-strong
2,716,marriage,0.2421052631578947,female,0.2285714285714285,0.05590062088711872,two-strong
2,717,marriage,0.2421052631578947,female,0.2285714285714285,0.05590062088711872,two-strong
2,718,marriage,0.2421052631578947,female,0.2285714285714285,0.05590062088711872,two-strong
2,719,marriage,0.2421052631578947,female,0.2285714285714285,0.05590062088711872,two-strong
2,720,marriage,0.2421052631578947,female,0.2285714285714285,0.05590062088711872,two-strong
2,721,marriage,0.2421052631578947,female,0.2285714285714285,0.05590062088711872,two-strong
2,722,marriage,0.2421052631578947,female,0.2285714285714285,0.05590062088711872,two-strong
2,723,marriage,0.2421052631578947,female,0.2285714285714285,0.05590062088711872,two-strong
2,724,marriage,0.2421052631578947,female,0.2285714285714285,0.05590062088711872,two-strong
2,725,marriage,0.2421052631578947,female,0.2285714285714285,0.05590062088711872,two-strong
2,726,marriage,0.2421052631578947,female,0.2285714285714285,0.05590062088711872,two-strong
2,727,marriage,0.2421052631578947,female,0.2285714285714285,0.05590062088711872,two-strong
2,728,marriage,0.2421052631578947,female,0.2285714285714285,0.05590062088711872,two-strong
2,729,marriage,0.2421052631578947,female,0.2285714285714285,0.05590062088711872,two-strong
2,730,marriage,0.2421052631578947,female,0.2285714285714285,0.05590062088711872,two-strong
2,731,marriage,0.2421052631578947,female,0.2285714285714285,0.05590062088711872,two-strong
2,732,marriage,0.2421052631578947,female,0.2285714285714285,0.05590062088711872,two-strong
2,733,marriage,0.2421052631578947,female,0.2285714285714285,0.05590062088711872,two-strong
2,734,marriage,0.2421052631578947,female,0.2285714285714285,0.05590062088711872,two-strong
2,735,marriage,0.2421052631578947,female,0.2285714285714285,0.05590062088711872,two-strong
2,736,marriage,0.2421052631578947,female,0.2285714285714285,0.05590062088711872,two-strong
2,737,marriage,0.2421052631578947,female,0.2285714285714285,0.05590062088711872,two-strong
2,738,marriage,0.2421052631578947,female,0.2285714285714285,0.05590062088711872,two-strong
2,739,marriage,0.2421052631578947,female,0.2285714285714285,0.05590062088711872,two-strong
2,740,marriage,0.2437070938215103,female,0.231484962406015,0.050150905226812224,two-strong
2,741,marriage,0.2421052631578947,female,0.2285714285714285,0.05590062088711872,two-strong
2,742,marriage,0.2421052631578947,female,0.2285714285714285,0.05590062088711872,two-strong
2,743,marriage,0.2421052631578947,female,0.2285714285714285,0.05590062088711872,two-strong
2,744,marriage,0.2421052631578947,female,0.2285714285714285,0.05590062088711872,two-strong
2,745,marriage,0.2421052631578947,female,0.2285714285714285,0.05590062088711872,two-strong
2,746,marriage,0.2421052631578947,female,0.2285714285714285,0.05590062088711872,two-strong
2,747,marriage,0.2421052631578947,female,0.2285714285714285,0.05590062088711872,two-strong
2,748,marriage,0.2421052631578947,female,0.2285714285714285,0.05590062088711872,two-strong
2,749,marriage,0.2421052631578947,female,0.2285714285714285,0.05590062088711872,two-strong
2,750,marriage,0.2421052631578947,female,0.2285714285714285,0.05590062088711872,two-strong
2,751,marriage,0.2515201046093495,female,0.2475563909774435,0.015759032950082543,two-strong
2,752,marriage,0.2421052631578947,female,0.2387218045112781,0.01397515522177988,two-strong
2,753,marriage,0.2421052631578947,female,0.2285714285714285,0.05590062088711872,two-strong
2,754,marriage,0.2421052631578947,female,0.2285714285714285,0.05590062088711872,two-strong
2,755,marriage,0.2421052631578947,female,0.2285714285714285,0.05590062088711872,two-strong
2,756,marriage,0.2421052631578947,female,0.2285714285714285,0.05590062088711872,two-strong
2,757,marriage,0.2515201046093495,female,0.2336466165413533,0.07106186610686518,two-strong
2,758,marriage,0.2421052631578947,female,0.2285714285714285,0.05590062088711872,two-strong
2,759,marriage,0.2421052631578947,female,0.2285714285714285,0.05590062088711872,two-strong
2,760,marriage,0.2421052631578947,female,0.2285714285714285,0.05590062088711872,two-strong
2,761,marriage,0.2421052631578947,female,0.2285714285714285,0.05590062088711872,two-strong
2,762,marriage,0.2421052631578947,female,0.2285714285714285,0.05590062088711872,two-strong
2,763,marriage,0.2421052631578947,female,0.2285714285714285,0.05590062088711872,two-strong
2,764,marriage,0.2421052631578947,female,0.2285714285714285,0.05590062088711872,two-strong
2,765,marriage,0.2421052631578947,female,0.2285714285714285,0.05590062088711872,two-strong
2,766,marriage,0.2421052631578947,female,0.2285714285714285,0.05590062088711872,two-strong
2,767,marriage,0.2421052631578947,female,0.2285714285714285,0.05590062088711872,two-strong
2,768,marriage,0.2421052631578947,female,0.2285714285714285,0.05590062088711872,two-strong
2,769,marriage,0.2421052631578947,female,0.2285714285714285,0.05590062088711872,two-strong
2,770,marriage,0.2437070938215103,female,0.2285714285714285,0.06210596889338432,two-strong
2,771,marriage,0.2421052631578947,female,0.2285714285714285,0.05590062088711872,two-strong
2,772,marriage,0.2421052631578947,female,0.2285714285714285,0.05590062088711872,two-strong
2,773,marriage,0.2421052631578947,female,0.2285714285714285,0.05590062088711872,two-strong
2,774,marriage,0.2468126838836221,female,0.2285714285714285,0.07390728446876531,two-strong
2,775,marriage,0.2421052631578947,female,0.2285714285714285,0.05590062088711872,two-strong
2,776,marriage,0.2421052631578947,female,0.2285714285714285,0.05590062088711872,two-strong
2,777,marriage,0.2468126838836221,female,0.2285714285714285,0.07390728446876531,two-strong
2,778,marriage,0.2421052631578947,female,0.2285714285714285,0.05590062088711872,two-strong
2,779,marriage,0.2421052631578947,female,0.2285714285714285,0.05590062088711872,two-strong
2,780,marriage,0.2421052631578947,female,0.2285714285714285,0.05590062088711872,two-strong
2,781,marriage,0.2421052631578947,female,0.2285714285714285,0.05590062088711872,two-strong
2,782,marriage,0.2421052631578947,female,0.2285714285714285,0.05590062088711872,two-strong
2,783,marriage,0.2421052631578947,female,0.2285714285714285,0.05590062088711872,two-strong
2,784,marriage,0.2421052631578947,female,0.2285714285714285,0.05590062088711872,two-strong
2,785,marriage,0.2421052631578947,female,0.2285714285714285,0.05590062088711872,two-strong
2,786,marriage,0.2421052631578947,female,0.2285714285714285,0.05590062088711872,two-strong
2,787,marriage,0.2421052631578947,female,0.2285714285714285,0.05590062088711872,two-strong
2,788,marriage,0.2421052631578947,female,0.2285714285714285,0.05590062088711872,two-strong
2,789,marriage,0.2421052631578947,female,0.2285714285714285,0.05590062088711872,two-strong
2,790,marriage,0.2421052631578947,female,0.2285714285714285,0.05590062088711872,two-strong
2,791,marriage,0.2421052631578947,female,0.2285714285714285,0.05590062088711872,two-strong
2,792,marriage,0.2421052631578947,female,0.2285714285714285,0.05590062088711872,two-strong
2,793,marriage,0.2421052631578947,female,0.2285714285714285,0.05590062088711872,two-strong
2,794,marriage,0.2421052631578947,female,0.2285714285714285,0.05590062088711872,two-strong
2,795,marriage,0.2421052631578947,female,0.2285714285714285,0.05590062088711872,two-strong
2,796,marriage,0.2421052631578947,female,0.2285714285714285,0.05590062088711872,two-strong
2,797,marriage,0.2421052631578947,female,0.2285714285714285,0.05590062088711872,two-strong
2,798,marriage,0.2421052631578947,female,0.2285714285714285,0.05590062088711872,two-strong
2,799,marriage,0.2421052631578947,female,0.2285714285714285,0.05590062088711872,two-strong
2,800,marriage,0.2421052631578947,female,0.2285714285714285,0.05590062088711872,two-strong
2,801,marriage,0.2421052631578947,female,0.2285714285714285,0.05590062088711872,two-strong
2,802,marriage,0.2421052631578947,female,0.2285714285714285,0.05590062088711872,two-strong
2,803,female,0.2996240601503761,marriage,0.2464382299622574,0.17750854181709286,two-strong
2,804,marriage,0.2421052631578947,female,0.2285714285714285,0.05590062088711872,two-strong
2,805,marriage,0.2421052631578947,female,0.2285714285714285,0.05590062088711872,two-strong
2,806,marriage,0.2468126838836221,female,0.2285714285714285,0.07390728446876531,two-strong
2,807,female,0.2528508771929824,marriage,0.2421052631578947,0.04249783157520353,two-strong
2,808,marriage,0.2421052631578947,female,0.2285714285714285,0.05590062088711872,two-strong
2,809,marriage,0.2421052631578947,female,0.2285714285714285,0.05590062088711872,two-strong
2,810,marriage,0.2468126838836221,female,0.2285714285714285,0.07390728446876531,two-strong
2,811,marriage,0.2421052631578947,female,0.2285714285714285,0.05590062088711872,two-strong
2,812,marriage,0.2421052631578947,female,0.2285714285714285,0.05590062088711872,two-strong
2,813,marriage,0.2421052631578947,female,0.2285714285714285,0.05590062088711872,two-strong
2,814,marriage,0.2421052631578947,female,0.2285714285714285,0.05590062088711872,two-strong
2,815,marriage,0.2421052631578947,female,0.2285714285714285,0.05590062088711872,two-strong
2,816,marriage,0.2421052631578947,female,0.2285714285714285,0.05590062088711872,two-strong
2,817,female,0.2539473684210526,marriage,0.2421052631578947,0.046632124168702445,two-strong
2,818,marriage,0.2421052631578947,female,0.2285714285714285,0.05590062088711872,two-strong
2,819,marriage,0.2421052631578947,female,0.2285714285714285,0.05590062088711872,two-strong
2,820,marriage,0.2421052631578947,female,0.2285714285714285,0.05590062088711872,two-strong
2,821,marriage,0.2421052631578947,female,0.2285714285714285,0.05590062088711872,two-strong
2,822,marriage,0.2421052631578947,female,0.2285714285714285,0.05590062088711872,two-strong
2,823,marriage,0.2421052631578947,female,0.2285714285714285,0.05590062088711872,two-strong
2,824,marriage,0.2421052631578947,female,0.2285714285714285,0.05590062088711872,two-strong
2,825,marriage,0.2534058964149395,female,0.220645134953176,0.12928176414189516,two-strong
2,826,marriage,0.2421052631578947,female,0.2285714285714285,0.05590062088711872,two-strong
2,827,marriage,0.2421052631578947,female,0.2285714285714285,0.05590062088711872,two-strong
2,828,emotion,0.2604366172588842,marriage,0.2326521334423224,0.10668424433672724,two-strong
2,829,marriage,0.2562270064394942,female,0.2303571428571428,0.10096462445888087,two-strong
2,830,marriage,0.2421052631578947,female,0.2285714285714285,0.05590062088711872,two-strong
2,831,marriage,0.2421052631578947,female,0.2285714285714285,0.05590062088711872,two-strong
2,832,marriage,0.2421052631578947,female,0.2285714285714285,0.05590062088711872,two-strong
2,833,marriage,0.2421052631578947,female,0.2285714285714285,0.05590062088711872,two-strong
2,834,marriage,0.2421052631578947,female,0.2285714285714285,0.05590062088711872,two-strong
2,835,marriage,0.2421052631578947,female,0.2285714285714285,0.05590062088711872,two-strong
2,836,marriage,0.2421052631578947,female,0.2285714285714285,0.05590062088711872,two-strong
2,837,marriage,0.2421052631578947,female,0.2285714285714285,0.05590062088711872,two-strong
2,838,society,0.2734270335215406,marriage,0.2446202965051365,0.10535438482449941,two-strong
2,839,marriage,0.2421052631578947,female,0.2285714285714285,0.05590062088711872,two-strong
2,840,society,0.2582907650806405,marriage,0.2417202426355744,0.06415452900818247,two-strong
2,841,marriage,0.2421052631578947,female,0.2285714285714285,0.05590062088711872,two-strong
2,842,marriage,0.2421052631578947,female,0.2285714285714285,0.05590062088711872,two-strong
2,843,marriage,0.2421052631578947,female,0.2285714285714285,0.05590062088711872,two-strong
2,844,marriage,0.2421052631578947,female,0.2285714285714285,0.05590062088711872,two-strong
2,845,marriage,0.2421052631578947,female,0.2285714285714285,0.05590062088711872,two-strong
2,846,marriage,0.2421052631578947,female,0.2285714285714285,0.05590062088711872,two-strong
2,847,marriage,0.2421052631578947,female,0.2285714285714285,0.05590062088711872,two-strong
2,848,marriage,0.2421052631578947,female,0.2285714285714285,0.05590062088711872,two-strong
2,849,marriage,0.2437070938215103,female,0.2285714285714285,0.06210596889338432,two-strong
2,850,marriage,0.2421052631578947,female,0.2285714285714285,0.05590062088711872,two-strong
2,851,marriage,0.2421052631578947,female,0.2285714285714285,0.05590062088711872,two-strong
2,852,marriage,0.2421052631578947,female,0.2285714285714285,0.05590062088711872,two-strong
2,853,marriage,0.2421052631578947,female,0.2285714285714285,0.05590062088711872,two-strong
2,854,marriage,0.2421052631578947,female,0.2285714285714285,0.05590062088711872,two-strong
2,855,marriage,0.2421052631578947,female,0.2285714285714285,0.05590062088711872,two-strong
2,856,marriage,0.2421052631578947,female,0.2285714285714285,0.05590062088711872,two-strong
2,857,marriage,0.2421052631578947,female,0.2285714285714285,0.05590062088711872,two-strong
2,858,marriage,0.2421052631578947,female,0.2285714285714285,0.05590062088711872,two-strong
2,859,marriage,0.2421052631578947,female,0.2285714285714285,0.05590062088711872,two-strong
2,860,marriage,0.2421052631578947,female,0.2285714285714285,0.05590062088711872,two-strong
2,861,marriage,0.2421052631578947,female,0.2285714285714285,0.05590062088711872,two-strong
2,862,marriage,0.2421052631578947,female,0.2285714285714285,0.05590062088711872,two-strong
2,863,marriage,0.2421052631578947,female,0.2285714285714285,0.05590062088711872,two-strong
2,864,marriage,0.2421052631578947,female,0.2285714285714285,0.05590062088711872,two-strong
2,865,marriage,0.2421052631578947,female,0.2285714285714285,0.05590062088711872,two-strong
2,866,marriage,0.2975085385447653,female,0.2178479313785425,0.2677590609268426,leaning
2,867,marriage,0.2421052631578947,female,0.2285714285714285,0.05590062088711872,two-strong
2,868,marriage,0.2421052631578947,female,0.2285714285714285,0.05590062088711872,two-strong
2,869,marriage,0.2421052631578947,female,0.2285714285714285,0.05590062088711872,two-strong
2,870,marriage,0.2421052631578947,female,0.2285714285714285,0.05590062088711872,two-strong
2,871,marriage,0.2421052631578947,female,0.2285714285714285,0.05590062088711872,two-strong
2,872,marriage,0.2421052631578947,female,0.2285714285714285,0.05590062088711872,two-strong
2,873,marriage,0.2421052631578947,female,0.2285714285714285,0.05590062088711872,two-strong
2,874,marriage,0.2421052631578947,female,0.2285714285714285,0.05590062088711872,two-strong
2,875,marriage,0.2421052631578947,female,0.2285714285714285,0.05590062088711872,two-strong
2,876,marriage,0.2421052631578947,female,0.2336466165413533,0.034937888054449355,two-strong
2,877,marriage,0.2421052631578947,female,0.2285714285714285,0.05590062088711872,two-strong
2,878,marriage,0.2421052631578947,female,0.2285714285714285,0.05590062088711872,two-strong
2,879,female,0.2365288220551378,duty,0.1586023883237505,0.3294585104886844,leaning
2,880,marriage,0.2421052631578947,female,0.2285714285714285,0.05590062088711872,two-strong
2,881,marriage,0.2421052631578947,female,0.2285714285714285,0.05590062088711872,two-strong
2,882,marriage,0.2421052631578947,female,0.2285714285714285,0.05590062088711872,two-strong
2,883,marriage,0.2421052631578947,female,0.2285714285714285,0.05590062088711872,two-strong
2,884,marriage,0.2421052631578947,female,0.2285714285714285,0.05590062088711872,two-strong
2,885,marriage,0.2421052631578947,female,0.2303571428571428,0.048524844520068375,two-strong
2,886,marriage,0.2421052631578947,female,0.2285714285714285,0.05590062088711872,two-strong
2,887,marriage,0.2421052631578947,female,0.2285714285714285,0.05590062088711872,two-strong
2,888,marriage,0.2421052631578947,female,0.2285714285714285,0.05590062088711872,two-strong
2,889,marriage,0.2421052631578947,female,0.2387218045112781,0.01397515522177988,two-strong
2,890,marriage,0.2421052631578947,female,0.2285714285714285,0.05590062088711872,two-strong
2,891,marriage,0.2421052631578947,female,0.2285714285714285,0.05590062088711872,two-strong
2,892,marriage,0.2421052631578947,female,0.2285714285714285,0.05590062088711872,two-strong
2,893,marriage,0.2421052631578947,female,0.2285714285714285,0.05590062088711872,two-strong
2,894,marriage,0.2421052631578947,female,0.2285714285714285,0.05590062088711872,two-strong
2,895,marriage,0.2421052631578947,female,0.2285714285714285,0.05590062088711872,two-strong
2,896,marriage,0.2421052631578947,female,0.2285714285714285,0.05590062088711872,two-strong
2,897,marriage,0.2421052631578947,female,0.2285714285714285,0.05590062088711872,two-strong
2,898,marriage,0.2421052631578947,female,0.2285714285714285,0.05590062088711872,two-strong
2,899,marriage,0.2421052631578947,female,0.2285714285714285,0.05590062088711872,two-strong
2,900,male,0.2181720535103994,,,0.9999999954164616,dominant
2,901,marriage,0.2421052631578947,female,0.2285714285714285,0.05590062088711872,two-strong
2,902,marriage,0.2421052631578947,female,0.2285714285714285,0.05590062088711872,two-strong
2,903,marriage,0.2421052631578947,female,0.2285714285714285,0.05590062088711872,two-strong
2,904,marriage,0.2421052631578947,female,0.2285714285714285,0.05590062088711872,two-strong
2,905,marriage,0.2421052631578947,female,0.2285714285714285,0.05590062088711872,two-strong
2,906,marriage,0.2421052631578947,female,0.2285714285714285,0.05590062088711872,two-strong
2,907,marriage,0.2421052631578947,female,0.2285714285714285,0.05590062088711872,two-strong
2,908,marriage,0.2421052631578947,female,0.2285714285714285,0.05590062088711872,two-strong
2,909,society,0.2602534710099319,marriage,0.2557066000013163,0.0174709331387598,two-strong
2,910,family,0.3964322452332944,male,0.3962099962715631,0.0005606228147255609,two-strong
2,911,wealth,0.1944661654135338,,,0.9999999948577173,dominant
2,912,marriage,0.2421052631578947,female,0.2285714285714285,0.05590062088711872,two-strong
2,913,marriage,0.2421052631578947,female,0.2285714285714285,0.05590062088711872,two-strong
2,914,marriage,0.2421052631578947,female,0.2285714285714285,0.05590062088711872,two-strong
2,915,marriage,0.2421052631578947,female,0.2285714285714285,0.05590062088711872,two-strong
2,916,marriage,0.2421052631578947,female,0.2285714285714285,0.05590062088711872,two-strong
2,917,marriage,0.2421052631578947,female,0.2285714285714285,0.05590062088711872,two-strong
2,918,marriage,0.2421052631578947,female,0.2285714285714285,0.05590062088711872,two-strong
2,919,marriage,0.2421052631578947,female,0.2285714285714285,0.05590062088711872,two-strong
2,920,marriage,0.2421052631578947,female,0.2285714285714285,0.05590062088711872,two-strong
2,921,marriage,0.2421052631578947,female,0.2285714285714285,0.05590062088711872,two-strong
2,922,marriage,0.2421052631578947,female,0.2285714285714285,0.05590062088711872,two-strong
2,923,marriage,0.2421052631578947,female,0.2285714285714285,0.05590062088711872,two-strong
2,924,marriage,0.2421052631578947,female,0.2285714285714285,0.05590062088711872,two-strong
2,925,marriage,0.2421052631578947,female,0.2285714285714285,0.05590062088711872,two-strong
2,926,marriage,0.2421052631578947,female,0.2285714285714285,0.05590062088711872,two-strong
2,927,marriage,0.2421052631578947,female,0.2285714285714285,0.05590062088711872,two-strong
2,928,marriage,0.2421052631578947,female,0.2285714285714285,0.05590062088711872,two-strong
2,929,marriage,0.2421052631578947,female,0.2285714285714285,0.05590062088711872,two-strong
2,930,marriage,0.2421052631578947,female,0.2285714285714285,0.05590062088711872,two-strong
2,931,marriage,0.2421052631578947,female,0.2285714285714285,0.05590062088711872,two-strong
2,932,marriage,0.2421052631578947,female,0.2285714285714285,0.05590062088711872,two-strong
2,933,marriage,0.2421052631578947,female,0.2285714285714285,0.05590062088711872,two-strong
2,934,marriage,0.2421052631578947,female,0.2285714285714285,0.05590062088711872,two-strong
2,935,marriage,0.2421052631578947,female,0.2285714285714285,0.05590062088711872,two-strong
2,936,marriage,0.2421052631578947,female,0.2285714285714285,0.05590062088711872,two-strong
2,937,marriage,0.2421052631578947,female,0.2285714285714285,0.05590062088711872,two-strong
2,938,marriage,0.2421052631578947,female,0.2285714285714285,0.05590062088711872,two-strong
2,939,marriage,0.250221000117804,female,0.2375724556397873,0.05054949193517848,two-strong
2,940,female,0.2387218045112781,duty,0.1380804953560371,0.42158406493153955,leaning
2,941,marriage,0.2421052631578947,female,0.2285714285714285,0.05590062088711872,two-strong
2,942,marriage,0.2421052631578947,female,0.2285714285714285,0.05590062088711872,two-strong
2,943,marriage,0.2421052631578947,female,0.2285714285714285,0.05590062088711872,two-strong
2,944,marriage,0.2421052631578947,female,0.2285714285714285,0.05590062088711872,two-strong
2,945,marriage,0.2421052631578947,female,0.2285714285714285,0.05590062088711872,two-strong
2,946,marriage,0.2421052631578947,female,0.2285714285714285,0.05590062088711872,two-strong
2,947,marriage,0.2421052631578947,female,0.2285714285714285,0.05590062088711872,two-strong
2,948,marriage,0.2421052631578947,female,0.2285714285714285,0.05590062088711872,two-strong
2,949,marriage,0.2421052631578947,female,0.2285714285714285,0.05590062088711872,two-strong
2,950,marriage,0.2421052631578947,female,0.2285714285714285,0.05590062088711872,two-strong
2,951,female,0.2365288220551378,,,0.9999999957721855,dominant
2,952,marriage,0.2421052631578947,female,0.2285714285714285,0.05590062088711872,two-strong
2,953,marriage,0.2421052631578947,female,0.2285714285714285,0.05590062088711872,two-strong
2,954,marriage,0.2421052631578947,female,0.2285714285714285,0.05590062088711872,two-strong
2,955,marriage,0.2421052631578947,female,0.2285714285714285,0.05590062088711872,two-strong
2,956,marriage,0.2656423667865316,female,0.2321428571428571,0.12610755551838201,two-strong
2,957,marriage,0.2421052631578947,female,0.2285714285714285,0.05590062088711872,two-strong
2,958,marriage,0.2421052631578947,female,0.2285714285714285,0.05590062088711872,two-strong
2,959,marriage,0.2421052631578947,female,0.2285714285714285,0.05590062088711872,two-strong
2,960,marriage,0.2421052631578947,female,0.2285714285714285,0.05590062088711872,two-strong
2,961,marriage,0.2421052631578947,female,0.2285714285714285,0.05590062088711872,two-strong
2,962,marriage,0.2421052631578947,female,0.2285714285714285,0.05590062088711872,two-strong
2,963,marriage,0.2421052631578947,female,0.2285714285714285,0.05590062088711872,two-strong
2,964,marriage,0.2421052631578947,female,0.2285714285714285,0.05590062088711872,two-strong
2,965,marriage,0.2421052631578947,female,0.2285714285714285,0.05590062088711872,two-strong
2,966,marriage,0.2421052631578947,female,0.2285714285714285,0.05590062088711872,two-strong
2,967,marriage,0.2421052631578947,female,0.2285714285714285,0.05590062088711872,two-strong
2,968,marriage,0.2421052631578947,female,0.2285714285714285,0.05590062088711872,two-strong
2,969,marriage,0.2421052631578947,female,0.2285714285714285,0.05590062088711872,two-strong
2,970,marriage,0.2421052631578947,female,0.2285714285714285,0.05590062088711872,two-strong
2,971,marriage,0.2421052631578947,female,0.2285714285714285,0.05590062088711872,two-strong
2,972,marriage,0.2421052631578947,female,0.2285714285714285,0.05590062088711872,two-strong
2,973,marriage,0.2421052631578947,female,0.2285714285714285,0.05590062088711872,two-strong
2,974,marriage,0.2421052631578947,female,0.2285714285714285,0.05590062088711872,two-strong
2,975,marriage,0.2421052631578947,female,0.2336466165413533,0.034937888054449355,two-strong
2,976,marriage,0.2421052631578947,female,0.2285714285714285,0.05590062088711872,two-strong
2,977,marriage,0.2421052631578947,female,0.2285714285714285,0.05590062088711872,two-strong
2,978,marriage,0.2421052631578947,female,0.2285714285714285,0.05590062088711872,two-strong
2,979,marriage,0.2421052631578947,female,0.2285714285714285,0.05590062088711872,two-strong
2,980,marriage,0.2421052631578947,female,0.2285714285714285,0.05590062088711872,two-strong
2,981,marriage,0.2421052631578947,female,0.2285714285714285,0.05590062088711872,two-strong
2,982,marriage,0.2421052631578947,female,0.2285714285714285,0.05590062088711872,two-strong
2,983,marriage,0.2421052631578947,female,0.2285714285714285,0.05590062088711872,two-strong
2,984,marriage,0.2421052631578947,female,0.2285714285714285,0.05590062088711872,two-strong
2,985,female,0.2590225563909774,marriage,0.2468126838836221,0.04713825942551129,two-strong
2,986,marriage,0.2421052631578947,female,0.2285714285714285,0.05590062088711872,two-strong
2,987,marriage,0.2421052631578947,female,0.2285714285714285,0.05590062088711872,two-strong
2,988,marriage,0.2468126838836221,female,0.2285714285714285,0.07390728446876531,two-strong
2,989,marriage,0.2421052631578947,female,0.2285714285714285,0.05590062088711872,two-strong
2,990,marriage,0.2421052631578947,female,0.2285714285714285,0.05590062088711872,two-strong
2,991,marriage,0.2421052631578947,female,0.2285714285714285,0.05590062088711872,two-strong
2,992,marriage,0.2421052631578947,female,0.2285714285714285,0.05590062088711872,two-strong
2,993,marriage,0.2421052631578947,female,0.2285714285714285,0.05590062088711872,two-strong
2,994,marriage,0.2421052631578947,female,0.2285714285714285,0.05590062088711872,two-strong
2,995,marriage,0.2421052631578947,female,0.2285714285714285,0.05590062088711872,two-strong
2,996,marriage,0.2421052631578947,female,0.2285714285714285,0.05590062088711872,two-strong
2,997,marriage,0.2421052631578947,female,0.2285714285714285,0.05590062088711872,two-strong
2,998,marriage,0.2421052631578947,female,0.2285714285714285,0.05590062088711872,two-strong
2,999,male,0.2549907285646106,family,0.2185589426439643,0.14287494287675678,two-strong
2,1000,marriage,0.2421052631578947,female,0.2285714285714285,0.05590062088711872,two-strong
2,1001,marriage,0.2421052631578947,female,0.2285714285714285,0.05590062088711872,two-strong
2,1002,marriage,0.2421052631578947,female,0.2285714285714285,0.05590062088711872,two-strong
2,1003,marriage,0.2421052631578947,female,0.2285714285714285,0.05590062088711872,two-strong
2,1004,marriage,0.2421052631578947,female,0.2285714285714285,0.05590062088711872,two-strong
2,1005,marriage,0.2421052631578947,female,0.2285714285714285,0.05590062088711872,two-strong
2,1006,female,0.2336466165413533,male,0.2022556390977443,0.13435237271540248,two-strong
2,1007,marriage,0.2421052631578947,female,0.2285714285714285,0.05590062088711872,two-strong
2,1008,marriage,0.2421052631578947,female,0.2285714285714285,0.05590062088711872,two-strong
2,1009,marriage,0.2421052631578947,female,0.2285714285714285,0.05590062088711872,two-strong
2,1010,marriage,0.2421052631578947,female,0.2285714285714285,0.05590062088711872,two-strong
2,1011,marriage,0.2515201046093495,female,0.2285714285714285,0.09123992685325878,two-strong
2,1012,marriage,0.2421052631578947,female,0.2285714285714285,0.05590062088711872,two-strong
2,1013,male,0.2487334327670462,family,0.2052879205908839,0.17466695778763552,two-strong
2,1014,marriage,0.2421052631578947,female,0.2285714285714285,0.05590062088711872,two-strong
2,1015,marriage,0.2421052631578947,female,0.2285714285714285,0.05590062088711872,two-strong
2,1016,marriage,0.2421052631578947,female,0.2285714285714285,0.05590062088711872,two-strong
2,1017,marriage,0.2421052631578947,female,0.2285714285714285,0.05590062088711872,two-strong
2,1018,marriage,0.2421052631578947,female,0.2285714285714285,0.05590062088711872,two-strong
2,1019,marriage,0.2437070938215103,female,0.2285714285714285,0.06210596889338432,two-strong
2,1020,marriage,0.2421052631578947,female,0.2285714285714285,0.05590062088711872,two-strong
2,1021,marriage,0.2421052631578947,female,0.2285714285714285,0.05590062088711872,two-strong
2,1022,marriage,0.2421052631578947,female,0.2285714285714285,0.05590062088711872,two-strong
2,1023,marriage,0.2530942659279031,female,0.2467390675376934,0.025110005324695997,two-strong
2,1024,marriage,0.2421052631578947,female,0.2285714285714285,0.05590062088711872,two-strong
2,1025,marriage,0.2421052631578947,female,0.2285714285714285,0.05590062088711872,two-strong
2,1026,marriage,0.2421052631578947,female,0.2285714285714285,0.05590062088711872,two-strong
2,1027,marriage,0.2421052631578947,female,0.2285714285714285,0.05590062088711872,two-strong
2,1028,marriage,0.2421052631578947,female,0.2285714285714285,0.05590062088711872,two-strong
2,1029,marriage,0.2421052631578947,female,0.2285714285714285,0.05590062088711872,two-strong
2,1030,marriage,0.2421052631578947,female,0.2285714285714285,0.05590062088711872,two-strong
2,1031,marriage,0.2421052631578947,female,0.2285714285714285,0.05590062088711872,two-strong
2,1032,marriage,0.2421052631578947,female,0.2285714285714285,0.05590062088711872,two-strong
2,1033,marriage,0.2421052631578947,female,0.2285714285714285,0.05590062088711872,two-strong
2,1034,marriage,0.2421052631578947,female,0.2285714285714285,0.05590062088711872,two-strong
2,1035,marriage,0.2421052631578947,female,0.2285714285714285,0.05590062088711872,two-strong
2,1036,marriage,0.2421052631578947,female,0.2285714285714285,0.05590062088711872,two-strong
2,1037,marriage,0.2421052631578947,female,0.2285714285714285,0.05590062088711872,two-strong
2,1038,marriage,0.2421052631578947,female,0.2285714285714285,0.05590062088711872,two-strong
2,1039,class,0.2785187061692976,wealth,0.2616468112999385,0.06057724107954982,two-strong
2,1040,marriage,0.2421052631578947,female,0.2285714285714285,0.05590062088711872,two-strong
2,1041,marriage,0.2421052631578947,female,0.2336466165413533,0.034937888054449355,two-strong
2,1042,marriage,0.2421052631578947,female,0.2285714285714285,0.05590062088711872,two-strong
2,1043,marriage,0.2421052631578947,female,0.2285714285714285,0.05590062088711872,two-strong
2,1044,marriage,0.2421052631578947,female,0.2285714285714285,0.05590062088711872,two-strong
2,1045,marriage,0.2421052631578947,female,0.2285714285714285,0.05590062088711872,two-strong
2,1046,marriage,0.2421052631578947,female,0.2285714285714285,0.05590062088711872,two-strong
2,1047,marriage,0.2421052631578947,female,0.2285714285714285,0.05590062088711872,two-strong
2,1048,marriage,0.2421052631578947,female,0.2285714285714285,0.05590062088711872,two-strong
2,1049,marriage,0.2421052631578947,female,0.2285714285714285,0.05590062088711872,two-strong
2,1050,marriage,0.2421052631578947,female,0.2285714285714285,0.05590062088711872,two-strong
2,1051,marriage,0.2421052631578947,female,0.2285714285714285,0.05590062088711872,two-strong
2,1052,marriage,0.2421052631578947,female,0.2285714285714285,0.05590062088711872,two-strong
2,1053,marriage,0.2421052631578947,female,0.2285714285714285,0.05590062088711872,two-strong
2,1054,marriage,0.2421052631578947,female,0.2285714285714285,0.05590062088711872,two-strong
2,1055,marriage,0.2421052631578947,female,0.2285714285714285,0.05590062088711872,two-strong
2,1056,marriage,0.2421052631578947,female,0.2285714285714285,0.05590062088711872,two-strong
2,1057,marriage,0.2421052631578947,female,0.2285714285714285,0.05590062088711872,two-strong
2,1058,marriage,0.2421052631578947,female,0.2285714285714285,0.05590062088711872,two-strong
2,1059,marriage,0.2421052631578947,female,0.2285714285714285,0.05590062088711872,two-strong
2,1060,marriage,0.2421052631578947,female,0.2285714285714285,0.05590062088711872,two-strong
2,1061,marriage,0.2421052631578947,female,0.2285714285714285,0.05590062088711872,two-strong
2,1062,female,0.2640977443609023,marriage,0.2477933965348153,0.061736035662880405,two-strong
2,1063,marriage,0.2421052631578947,female,0.2285714285714285,0.05590062088711872,two-strong
2,1064,marriage,0.2421052631578947,female,0.2285714285714285,0.05590062088711872,two-strong
2,1065,marriage,0.2421052631578947,female,0.2285714285714285,0.05590062088711872,two-strong
2,1066,marriage,0.2421052631578947,female,0.2285714285714285,0.05590062088711872,two-strong
2,1067,marriage,0.2421052631578947,female,0.2285714285714285,0.05590062088711872,two-strong
2,1068,marriage,0.2421052631578947,female,0.2285714285714285,0.05590062088711872,two-strong
2,1069,marriage,0.2421052631578947,female,0.2285714285714285,0.05590062088711872,two-strong
2,1070,marriage,0.2421052631578947,female,0.2285714285714285,0.05590062088711872,two-strong
2,1071,marriage,0.2421052631578947,female,0.2285714285714285,0.05590062088711872,two-strong
2,1072,marriage,0.2421052631578947,female,0.2285714285714285,0.05590062088711872,two-strong
2,1073,marriage,0.2421052631578947,female,0.2285714285714285,0.05590062088711872,two-strong
2,1074,marriage,0.2421052631578947,female,0.2285714285714285,0.05590062088711872,two-strong
2,1075,marriage,0.2468126838836221,female,0.2285714285714285,0.07390728446876531,two-strong
2,1076,marriage,0.2421052631578947,female,0.2285714285714285,0.05590062088711872,two-strong
2,1077,female,0.2742481203007519,marriage,0.2475318731611637,0.09741633602765887,two-strong
2,1078,marriage,0.2421052631578947,female,0.2303571428571428,0.048524844520068375,two-strong
2,1079,marriage,0.2421052631578947,female,0.2285714285714285,0.05590062088711872,two-strong
2,1080,marriage,0.2468126838836221,female,0.2287124060150376,0.07333609241809921,two-strong
2,1081,marriage,0.2421052631578947,female,0.2285714285714285,0.05590062088711872,two-strong
2,1082,marriage,0.2421052631578947,female,0.2285714285714285,0.05590062088711872,two-strong
2,1083,marriage,0.2421052631578947,female,0.2285714285714285,0.05590062088711872,two-strong
2,1084,marriage,0.2421052631578947,female,0.2285714285714285,0.05590062088711872,two-strong
2,1085,marriage,0.2421052631578947,female,0.2336466165413533,0.034937888054449355,two-strong
2,1086,female,0.3216723910529219,emotion,0.2073340872240082,0.3554495401336855,leaning
2,1087,marriage,0.2421052631578947,female,0.2285714285714285,0.05590062088711872,two-strong
2,1088,marriage,0.2421052631578947,female,0.2285714285714285,0.05590062088711872,two-strong
2,1089,marriage,0.2421052631578947,female,0.2285714285714285,0.05590062088711872,two-strong
2,1090,marriage,0.2421052631578947,female,0.2285714285714285,0.05590062088711872,two-strong
2,1091,marriage,0.2421052631578947,female,0.2285714285714285,0.05590062088711872,two-strong
2,1092,marriage,0.2421052631578947,female,0.2285714285714285,0.05590062088711872,two-strong
2,1093,marriage,0.2463441211724964,female,0.2285714285714285,0.07214579525718501,two-strong
2,1094,marriage,0.2421052631578947,female,0.2285714285714285,0.05590062088711872,two-strong
2,1095,marriage,0.2421052631578947,female,0.2292606516290727,0.05305383000860774,two-strong
2,1096,marriage,0.2437070938215103,female,0.2285714285714285,0.06210596889338432,two-strong
2,1097,marriage,0.2421052631578947,female,0.2285714285714285,0.05590062088711872,two-strong
2,1098,marriage,0.2421052631578947,female,0.2285714285714285,0.05590062088711872,two-strong
2,1099,marriage,0.2421052631578947,female,0.2285714285714285,0.05590062088711872,two-strong
2,1100,marriage,0.2421052631578947,female,0.2285714285714285,0.05590062088711872,two-strong
2,1101,marriage,0.2421052631578947,female,0.2285714285714285,0.05590062088711872,two-strong
2,1102,marriage,0.2421052631578947,female,0.2285714285714285,0.05590062088711872,two-strong
2,1103,marriage,0.2421052631578947,female,0.2285714285714285,0.05590062088711872,two-strong
2,1104,marriage,0.2421052631578947,female,0.2285714285714285,0.05590062088711872,two-strong
2,1105,marriage,0.2421052631578947,female,0.2285714285714285,0.05590062088711872,two-strong
2,1106,marriage,0.2421052631578947,female,0.2285714285714285,0.05590062088711872,two-strong
2,1107,marriage,0.2421052631578947,female,0.2285714285714285,0.05590062088711872,two-strong
2,1108,marriage,0.2421052631578947,female,0.2285714285714285,0.05590062088711872,two-strong
2,1109,marriage,0.2421052631578947,female,0.2285714285714285,0.05590062088711872,two-strong
2,1110,marriage,0.2421052631578947,female,0.2285714285714285,0.05590062088711872,two-strong
2,1111,marriage,0.2421052631578947,female,0.2285714285714285,0.05590062088711872,two-strong
2,1112,marriage,0.2421052631578947,female,0.2285714285714285,0.05590062088711872,two-strong
2,1113,marriage,0.2421052631578947,female,0.2285714285714285,0.05590062088711872,two-strong
2,1114,male,0.2060150375939849,love,0.1508080546193068,0.2679754999996879,leaning
2,1115,marriage,0.2421052631578947,female,0.2285714285714285,0.05590062088711872,two-strong
2,1116,marriage,0.2421052631578947,female,0.2285714285714285,0.05590062088711872,two-strong
2,1117,marriage,0.2421052631578947,female,0.2285714285714285,0.05590062088711872,two-strong
2,1118,marriage,0.2421052631578947,female,0.2285714285714285,0.05590062088711872,two-strong
2,1119,marriage,0.2421052631578947,female,0.2285714285714285,0.05590062088711872,two-strong
2,1120,marriage,0.2421052631578947,female,0.2285714285714285,0.05590062088711872,two-strong
2,1121,marriage,0.2421052631578947,female,0.2285714285714285,0.05590062088711872,two-strong
2,1122,marriage,0.2421052631578947,female,0.2285714285714285,0.05590062088711872,two-strong
2,1123,marriage,0.2494497112346082,female,0.2285714285714285,0.08369736118814848,two-strong
2,1124,marriage,0.2421052631578947,female,0.2285714285714285,0.05590062088711872,two-strong
2,1125,marriage,0.2421052631578947,female,0.2285714285714285,0.05590062088711872,two-strong
2,1126,marriage,0.2421052631578947,female,0.2285714285714285,0.05590062088711872,two-strong
2,1127,marriage,0.2421052631578947,female,0.2285714285714285,0.05590062088711872,two-strong
2,1128,marriage,0.2421052631578947,female,0.2285714285714285,0.05590062088711872,two-strong
2,1129,marriage,0.2421052631578947,female,0.2285714285714285,0.05590062088711872,two-strong
2,1130,marriage,0.2421052631578947,female,0.2285714285714285,0.05590062088711872,two-strong
2,1131,marriage,0.2461783798187467,female,0.2275062656641604,0.07584790383495936,two-strong
2,1132,marriage,0.2421052631578947,female,0.2285714285714285,0.05590062088711872,two-strong
2,1133,marriage,0.2421052631578947,female,0.2285714285714285,0.05590062088711872,two-strong
2,1134,marriage,0.2421052631578947,female,0.2285714285714285,0.05590062088711872,two-strong
2,1135,marriage,0.2421052631578947,female,0.2285714285714285,0.05590062088711872,two-strong
2,1136,marriage,0.2421052631578947,female,0.2285714285714285,0.05590062088711872,two-strong
2,1137,marriage,0.2421052631578947,female,0.2285714285714285,0.05590062088711872,two-strong
2,1138,marriage,0.2421052631578947,female,0.2285714285714285,0.05590062088711872,two-strong
2,1139,marriage,0.2421052631578947,female,0.2285714285714285,0.05590062088711872,two-strong
2,1140,marriage,0.2421052631578947,female,0.2285714285714285,0.05590062088711872,two-strong
2,1141,male,0.2829897716676582,family,0.2731705204531662,0.03469825471757839,two-strong
2,1142,marriage,0.2468126838836221,female,0.2336466165413533,0.05334437064479448,two-strong
2,1143,marriage,0.2421052631578947,female,0.2285714285714285,0.05590062088711872,two-strong
2,1144,marriage,0.2468126838836221,female,0.2285714285714285,0.07390728446876531,two-strong
2,1145,marriage,0.2421052631578947,female,0.2285714285714285,0.05590062088711872,two-strong
2,1146,marriage,0.2421052631578947,female,0.2285714285714285,0.05590062088711872,two-strong
2,1147,marriage,0.2421052631578947,female,0.2285714285714285,0.05590062088711872,two-strong
2,1148,marriage,0.2421052631578947,female,0.2285714285714285,0.05590062088711872,two-strong
2,1149,marriage,0.2421052631578947,female,0.2285714285714285,0.05590062088711872,two-strong
2,1150,marriage,0.2421052631578947,female,0.2285714285714285,0.05590062088711872,two-strong
2,1151,marriage,0.2421052631578947,female,0.2285714285714285,0.05590062088711872,two-strong
2,1152,marriage,0.2421052631578947,female,0.2285714285714285,0.05590062088711872,two-strong
2,1153,marriage,0.2421052631578947,female,0.2285714285714285,0.05590062088711872,two-strong
2,1154,marriage,0.2421052631578947,female,0.2285714285714285,0.05590062088711872,two-strong
2,1155,marriage,0.2421052631578947,female,0.2285714285714285,0.05590062088711872,two-strong
2,1156,marriage,0.2421052631578947,female,0.2285714285714285,0.05590062088711872,two-strong
2,1157,marriage,0.2470835473777611,female,0.2292606516290727,0.07213307347132367,two-strong
2,1158,marriage,0.2421052631578947,female,0.2285714285714285,0.05590062088711872,two-strong
2,1159,marriage,0.2421052631578947,female,0.2285714285714285,0.05590062088711872,two-strong
2,1160,marriage,0.2562275253350768,female,0.2336466165413533,0.08812834872469458,two-strong
2,1161,marriage,0.2421052631578947,female,0.2285714285714285,0.05590062088711872,two-strong
2,1162,marriage,0.2421052631578947,female,0.2285714285714285,0.05590062088711872,two-strong
2,1163,marriage,0.2421052631578947,female,0.2285714285714285,0.05590062088711872,two-strong
2,1164,marriage,0.2421052631578947,female,0.2285714285714285,0.05590062088711872,two-strong
2,1165,marriage,0.2421052631578947,female,0.2285714285714285,0.05590062088711872,two-strong
2,1166,marriage,0.258536848374665,male,0.2105074094721162,0.18577405510556738,two-strong
2,1167,marriage,0.2421052631578947,female,0.2285714285714285,0.05590062088711872,two-strong
2,1168,marriage,0.2421052631578947,female,0.2285714285714285,0.05590062088711872,two-strong
2,1169,marriage,0.2421052631578947,female,0.2285714285714285,0.05590062088711872,two-strong
2,1170,marriage,0.2421052631578947,female,0.2387218045112781,0.01397515522177988,two-strong
2,1171,marriage,0.2421052631578947,female,0.2285714285714285,0.05590062088711872,two-strong
2,1172,marriage,0.2421052631578947,female,0.2285714285714285,0.05590062088711872,two-strong
2,1173,marriage,0.2437070938215103,female,0.2285714285714285,0.06210596889338432,two-strong
2,1174,marriage,0.2421052631578947,female,0.2285714285714285,0.05590062088711872,two-strong
2,1175,marriage,0.2421052631578947,female,0.2285714285714285,0.05590062088711872,two-strong
2,1176,marriage,0.2421052631578947,female,0.2285714285714285,0.05590062088711872,two-strong
2,1177,marriage,0.2421052631578947,female,0.2285714285714285,0.05590062088711872,two-strong
2,1178,marriage,0.2421052631578947,female,0.2285714285714285,0.05590062088711872,two-strong
2,1179,marriage,0.2421052631578947,female,0.2285714285714285,0.05590062088711872,two-strong
2,1180,marriage,0.2421052631578947,female,0.2285714285714285,0.05590062088711872,two-strong
2,1181,marriage,0.2421052631578947,female,0.2285714285714285,0.05590062088711872,two-strong
2,1182,marriage,0.2421052631578947,female,0.2285714285714285,0.05590062088711872,two-strong
2,1183,marriage,0.2421052631578947,female,0.2387218045112781,0.01397515522177988,two-strong
2,1184,marriage,0.2421052631578947,female,0.2285714285714285,0.05590062088711872,two-strong
2,1185,marriage,0.2421052631578947,female,0.2285714285714285,0.05590062088711872,two-strong
2,1186,marriage,0.2421052631578947,female,0.2285714285714285,0.05590062088711872,two-strong
2,1187,marriage,0.2421052631578947,female,0.2285714285714285,0.05590062088711872,two-strong
2,1188,marriage,0.2421052631578947,female,0.2285714285714285,0.05590062088711872,two-strong
2,1189,marriage,0.2421052631578947,female,0.2285714285714285,0.05590062088711872,two-strong
2,1190,marriage,0.2421052631578947,female,0.2285714285714285,0.05590062088711872,two-strong
2,1191,marriage,0.3131822855903544,female,0.2690114441297505,0.1410387603382557,two-strong
2,1192,marriage,0.2421052631578947,female,0.2285714285714285,0.05590062088711872,two-strong
2,1193,marriage,0.2421052631578947,female,0.2285714285714285,0.05590062088711872,two-strong
2,1194,marriage,0.2421052631578947,female,0.2285714285714285,0.05590062088711872,two-strong
2,1195,marriage,0.2421052631578947,female,0.2285714285714285,0.05590062088711872,two-strong
2,1196,marriage,0.2421052631578947,female,0.2285714285714285,0.05590062088711872,two-strong
2,1197,marriage,0.2421052631578947,female,0.2285714285714285,0.05590062088711872,two-strong
2,1198,marriage,0.2421052631578947,female,0.2285714285714285,0.05590062088711872,two-strong
2,1199,female,0.2618084471642143,marriage,0.2337037212942417,0.1073484299954464,two-strong
2,1200,marriage,0.2421052631578947,female,0.2285714285714285,0.05590062088711872,two-strong
2,1201,marriage,0.2421052631578947,female,0.2285714285714285,0.05590062088711872,two-strong
2,1202,marriage,0.2421052631578947,female,0.2285714285714285,0.05590062088711872,two-strong
2,1203,marriage,0.2421052631578947,female,0.2285714285714285,0.05590062088711872,two-strong
2,1204,marriage,0.2421052631578947,female,0.2285714285714285,0.05590062088711872,two-strong
2,1205,female,0.2437969924812029,family,0.1996461742591773,0.18109664763125838,two-strong
2,1206,marriage,0.2421052631578947,female,0.2285714285714285,0.05590062088711872,two-strong
2,1207,female,0.374683915221745,marriage,0.2660421901619368,0.2899556675806494,leaning
2,1208,marriage,0.2947112960425108,female,0.2260158414808834,0.2330940661284469,leaning
2,1209,marriage,0.2421052631578947,female,0.2285714285714285,0.05590062088711872,two-strong
2,1210,marriage,0.2421052631578947,female,0.2285714285714285,0.05590062088711872,two-strong
2,1211,marriage,0.2421052631578947,female,0.2285714285714285,0.05590062088711872,two-strong
2,1212,marriage,0.2421052631578947,female,0.2285714285714285,0.05590062088711872,two-strong
2,1213,marriage,0.2421052631578947,female,0.2285714285714285,0.05590062088711872,two-strong
2,1214,marriage,0.2421052631578947,female,0.2285714285714285,0.05590062088711872,two-strong
2,1215,marriage,0.2432385311103846,family,0.2008434952928539,0.17429407853148582,two-strong
2,1216,marriage,0.2421052631578947,female,0.2285714285714285,0.05590062088711872,two-strong
2,1217,marriage,0.2421052631578947,female,0.2285714285714285,0.05590062088711872,two-strong
2,1218,family,0.2512179785396552,,,0.999999996019393,dominant
2,1219,marriage,0.2421052631578947,female,0.2285714285714285,0.05590062088711872,two-strong
2,1220,marriage,0.2421052631578947,female,0.2285714285714285,0.05590062088711872,two-strong
2,1221,marriage,0.2421052631578947,female,0.2285714285714285,0.05590062088711872,two-strong
2,1222,family,0.2048651039363113,,,0.9999999951187393,dominant
2,1223,marriage,0.2421052631578947,female,0.2285714285714285,0.05590062088711872,two-strong
2,1224,marriage,0.2421052631578947,female,0.2285714285714285,0.05590062088711872,two-strong
2,1225,marriage,0.2421052631578947,female,0.2285714285714285,0.05590062088711872,two-strong
2,1226,marriage,0.2421052631578947,female,0.2285714285714285,0.05590062088711872,two-strong
2,1227,marriage,0.2421052631578947,female,0.2285714285714285,0.05590062088711872,two-strong
2,1228,marriage,0.2421052631578947,female,0.2285714285714285,0.05590062088711872,two-strong
2,1229,marriage,0.2421052631578947,female,0.2285714285714285,0.05590062088711872,two-strong
2,1230,marriage,0.2421052631578947,female,0.2285714285714285,0.05590062088711872,two-strong
2,1231,marriage,0.2421052631578947,female,0.2285714285714285,0.05590062088711872,two-strong
2,1232,marriage,0.2421052631578947,female,0.2285714285714285,0.05590062088711872,two-strong
2,1233,marriage,0.2421052631578947,female,0.2285714285714285,0.05590062088711872,two-strong
2,1234,male,0.2536160220708383,marriage,0.2287487028226808,0.0980510574492042,two-strong
2,1235,marriage,0.2421052631578947,female,0.2285714285714285,0.05590062088711872,two-strong
2,1236,marriage,0.2421052631578947,female,0.2285714285714285,0.05590062088711872,two-strong
2,1237,marriage,0.2421052631578947,female,0.2285714285714285,0.05590062088711872,two-strong
2,1238,marriage,0.2421052631578947,female,0.2285714285714285,0.05590062088711872,two-strong
2,1239,marriage,0.2421052631578947,female,0.2285714285714285,0.05590062088711872,two-strong
2,1240,male,0.2721804511278195,family,0.2139624270760936,0.2138949494594343,leaning
2,1241,marriage,0.2468126838836221,female,0.2285714285714285,0.07390728446876531,two-strong
2,1242,marriage,0.2421052631578947,female,0.2285714285714285,0.05590062088711872,two-strong
2,1243,marriage,0.2421052631578947,female,0.2285714285714285,0.05590062088711872,two-strong
2,1244,male,0.2060150375939849,,,0.9999999951459855,dominant
2,1245,marriage,0.2421052631578947,female,0.2285714285714285,0.05590062088711872,two-strong
2,1246,marriage,0.2421052631578947,female,0.2285714285714285,0.05590062088711872,two-strong
2,1247,female,0.3918185229358803,marriage,0.3186771681873812,0.18667150805883914,two-strong
2,1248,marriage,0.2421052631578947,female,0.2285714285714285,0.05590062088711872,two-strong
2,1249,marriage,0.2421052631578947,female,0.2285714285714285,0.05590062088711872,two-strong
2,1250,marriage,0.2421052631578947,female,0.2285714285714285,0.05590062088711872,two-strong
2,1251,marriage,0.2421052631578947,female,0.2285714285714285,0.05590062088711872,two-strong
2,1252,marriage,0.2421052631578947,female,0.2285714285714285,0.05590062088711872,two-strong
2,1253,marriage,0.2421052631578947,female,0.2285714285714285,0.05590062088711872,two-strong
2,1254,marriage,0.2421052631578947,female,0.2285714285714285,0.05590062088711872,two-strong
2,1255,marriage,0.2421052631578947,female,0.2285714285714285,0.05590062088711872,two-strong
2,1256,marriage,0.2421052631578947,female,0.2285714285714285,0.05590062088711872,two-strong
2,1257,marriage,0.2421052631578947,female,0.2285714285714285,0.05590062088711872,two-strong
2,1258,marriage,0.2468126838836221,female,0.2285714285714285,0.07390728446876531,two-strong
2,1259,marriage,0.2421052631578947,female,0.2285714285714285,0.05590062088711872,two-strong
2,1260,marriage,0.2421052631578947,female,0.2285714285714285,0.05590062088711872,two-strong
2,1261,marriage,0.2421052631578947,female,0.2285714285714285,0.05590062088711872,two-strong
2,1262,marriage,0.2421052631578947,female,0.2285714285714285,0.05590062088711872,two-strong
2,1263,marriage,0.2421052631578947,female,0.2285714285714285,0.05590062088711872,two-strong
2,1264,marriage,0.2421052631578947,female,0.2285714285714285,0.05590062088711872,two-strong
2,1265,marriage,0.2421052631578947,female,0.2285714285714285,0.05590062088711872,two-strong
2,1266,marriage,0.2421052631578947,female,0.2336466165413533,0.034937888054449355,two-strong
2,1267,marriage,0.2421052631578947,female,0.2285714285714285,0.05590062088711872,two-strong
2,1268,marriage,0.2421052631578947,female,0.2285714285714285,0.05590062088711872,two-strong
2,1269,marriage,0.2437070938215103,female,0.2285714285714285,0.06210596889338432,two-strong
2,1270,marriage,0.2421052631578947,female,0.2285714285714285,0.05590062088711872,two-strong
2,1271,marriage,0.2421052631578947,female,0.2285714285714285,0.05590062088711872,two-strong
2,1272,marriage,0.2421052631578947,female,0.2285714285714285,0.05590062088711872,two-strong
2,1273,marriage,0.2515201046093495,female,0.2285714285714285,0.09123992685325878,two-strong
2,1274,marriage,0.2421052631578947,female,0.2285714285714285,0.05590062088711872,two-strong
2,1275,marriage,0.2421052631578947,female,0.2285714285714285,0.05590062088711872,two-strong
2,1276,marriage,0.2421052631578947,female,0.2285714285714285,0.05590062088711872,two-strong
2,1277,marriage,0.2421052631578947,female,0.2285714285714285,0.05590062088711872,two-strong
2,1278,marriage,0.2421052631578947,female,0.2285714285714285,0.05590062088711872,two-strong
2,1279,marriage,0.2421052631578947,female,0.2285714285714285,0.05590062088711872,two-strong
2,1280,marriage,0.2421052631578947,female,0.2285714285714285,0.05590062088711872,two-strong
2,1281,marriage,0.2421052631578947,female,0.2285714285714285,0.05590062088711872,two-strong
2,1282,marriage,0.2421052631578947,female,0.2285714285714285,0.05590062088711872,two-strong
2,1283,marriage,0.2421052631578947,female,0.2285714285714285,0.05590062088711872,two-strong
2,1284,marriage,0.2421052631578947,female,0.2285714285714285,0.05590062088711872,two-strong
2,1285,marriage,0.2421052631578947,female,0.2285714285714285,0.05590062088711872,two-strong
2,1286,marriage,0.2421052631578947,female,0.2285714285714285,0.05590062088711872,two-strong
2,1287,marriage,0.2421052631578947,female,0.2285714285714285,0.05590062088711872,two-strong
2,1288,marriage,0.2468126838836221,female,0.2285714285714285,0.07390728446876531,two-strong
2,1289,marriage,0.2421052631578947,female,0.2285714285714285,0.05590062088711872,two-strong
2,1290,marriage,0.2421052631578947,female,0.2285714285714285,0.05590062088711872,two-strong
2,1291,marriage,0.2421052631578947,female,0.2285714285714285,0.05590062088711872,two-strong
2,1292,marriage,0.2421052631578947,female,0.2285714285714285,0.05590062088711872,two-strong
2,1293,marriage,0.2437070938215103,female,0.2285714285714285,0.06210596889338432,two-strong
2,1294,marriage,0.2421052631578947,female,0.2285714285714285,0.05590062088711872,two-strong
2,1295,marriage,0.2421052631578947,female,0.2285714285714285,0.05590062088711872,two-strong
2,1296,marriage,0.2421052631578947,female,0.2285714285714285,0.05590062088711872,two-strong
2,1297,marriage,0.2421052631578947,female,0.2285714285714285,0.05590062088711872,two-strong
2,1298,family,0.1975453339230429,,,0.9999999949378708,dominant
2,1299,marriage,0.2421052631578947,female,0.2285714285714285,0.05590062088711872,two-strong
2,1300,marriage,0.2421052631578947,female,0.2285714285714285,0.05590062088711872,two-strong
2,1301,marriage,0.2421052631578947,female,0.2285714285714285,0.05590062088711872,two-strong
2,1302,marriage,0.2421052631578947,female,0.2285714285714285,0.05590062088711872,two-strong
2,1303,marriage,0.2421052631578947,female,0.2285714285714285,0.05590062088711872,two-strong
2,1304,marriage,0.2421052631578947,female,0.2285714285714285,0.05590062088711872,two-strong
2,1305,marriage,0.2421052631578947,female,0.2285714285714285,0.05590062088711872,two-strong
2,1306,marriage,0.2421052631578947,female,0.2303571428571428,0.048524844520068375,two-strong
2,1307,marriage,0.2421052631578947,female,0.2285714285714285,0.05590062088711872,two-strong
2,1308,marriage,0.2421052631578947,female,0.2285714285714285,0.05590062088711872,two-strong
2,1309,marriage,0.2421052631578947,female,0.2285714285714285,0.05590062088711872,two-strong
2,1310,marriage,0.2421052631578947,female,0.2285714285714285,0.05590062088711872,two-strong
2,1311,marriage,0.2421052631578947,female,0.2285714285714285,0.05590062088711872,two-strong
2,1312,marriage,0.2421052631578947,female,0.2285714285714285,0.05590062088711872,two-strong
2,1313,marriage,0.2421052631578947,female,0.2285714285714285,0.05590062088711872,two-strong
2,1314,marriage,0.2421052631578947,female,0.2285714285714285,0.05590062088711872,two-strong
2,1315,marriage,0.2421052631578947,female,0.2285714285714285,0.05590062088711872,two-strong
2,1316,marriage,0.2421052631578947,female,0.2285714285714285,0.05590062088711872,two-strong
2,1317,marriage,0.2365064374567376,female,0.2246600244638071,0.05008917757263295,two-strong
2,1318,marriage,0.2421052631578947,female,0.2285714285714285,0.05590062088711872,two-strong
2,1319,marriage,0.2421052631578947,female,0.2285714285714285,0.05590062088711872,two-strong
2,1320,male,0.3085447787975813,family,0.2685042483449309,0.1297721856740493,two-strong
2,1321,marriage,0.2421052631578947,female,0.2285714285714285,0.05590062088711872,two-strong
2,1322,marriage,0.2421052631578947,female,0.2285714285714285,0.05590062088711872,two-strong
2,1323,marriage,0.2421052631578947,female,0.2303571428571428,0.048524844520068375,two-strong
2,1324,marriage,0.2421052631578947,female,0.2285714285714285,0.05590062088711872,two-strong
2,1325,marriage,0.2421052631578947,female,0.2285714285714285,0.05590062088711872,two-strong
2,1326,marriage,0.2421052631578947,female,0.2285714285714285,0.05590062088711872,two-strong
2,1327,marriage,0.2421052631578947,female,0.2285714285714285,0.05590062088711872,two-strong
2,1328,marriage,0.2421052631578947,female,0.2285714285714285,0.05590062088711872,two-strong
2,1329,marriage,0.2421052631578947,female,0.2285714285714285,0.05590062088711872,two-strong
2,1330,marriage,0.2421052631578947,female,0.2285714285714285,0.05590062088711872,two-strong
2,1331,marriage,0.2421052631578947,female,0.2285714285714285,0.05590062088711872,two-strong
2,1332,female,0.2336466165413533,male,0.2022556390977443,0.13435237271540248,two-strong
2,1333,marriage,0.2421052631578947,female,0.2285714285714285,0.05590062088711872,two-strong
2,1334,marriage,0.2421052631578947,female,0.2285714285714285,0.05590062088711872,two-strong
2,1335,marriage,0.2421052631578947,female,0.2285714285714285,0.05590062088711872,two-strong
2,1336,marriage,0.2421052631578947,female,0.2285714285714285,0.05590062088711872,two-strong
2,1337,marriage,0.2421052631578947,female,0.2285714285714285,0.05590062088711872,two-strong
2,1338,marriage,0.2421052631578947,female,0.2285714285714285,0.05590062088711872,two-strong
2,1339,marriage,0.2421052631578947,female,0.2285714285714285,0.05590062088711872,two-strong
2,1340,marriage,0.2421052631578947,female,0.2285714285714285,0.05590062088711872,two-strong
2,1341,marriage,0.2421052631578947,female,0.2285714285714285,0.05590062088711872,two-strong
2,1342,marriage,0.2421052631578947,female,0.2285714285714285,0.05590062088711872,two-strong
2,1343,marriage,0.2421052631578947,female,0.2285714285714285,0.05590062088711872,two-strong
2,1344,marriage,0.2421052631578947,female,0.2285714285714285,0.05590062088711872,two-strong
2,1345,marriage,0.2421052631578947,female,0.2285714285714285,0.05590062088711872,two-strong
2,1346,marriage,0.2421052631578947,female,0.2285714285714285,0.05590062088711872,two-strong
2,1347,marriage,0.2421052631578947,female,0.2285714285714285,0.05590062088711872,two-strong
2,1348,marriage,0.2421052631578947,female,0.2285714285714285,0.05590062088711872,two-strong
2,1349,marriage,0.2421052631578947,female,0.2285714285714285,0.05590062088711872,two-strong
2,1350,marriage,0.2421052631578947,female,0.2285714285714285,0.05590062088711872,two-strong
2,1351,marriage,0.2421052631578947,female,0.2285714285714285,0.05590062088711872,two-strong
2,1352,marriage,0.2421052631578947,female,0.2285714285714285,0.05590062088711872,two-strong
2,1353,marriage,0.2421052631578947,female,0.2285714285714285,0.05590062088711872,two-strong
2,1354,marriage,0.2421052631578947,female,0.2285714285714285,0.05590062088711872,two-strong
2,1355,marriage,0.2421052631578947,female,0.2285714285714285,0.05590062088711872,two-strong
2,1356,marriage,0.2421052631578947,female,0.2285714285714285,0.05590062088711872,two-strong
2,1357,marriage,0.2421052631578947,female,0.2285714285714285,0.05590062088711872,two-strong
2,1358,marriage,0.2421052631578947,female,0.2285714285714285,0.05590062088711872,two-strong
2,1359,marriage,0.2421052631578947,female,0.2285714285714285,0.05590062088711872,two-strong
2,1360,marriage,0.2421052631578947,female,0.2285714285714285,0.05590062088711872,two-strong
2,1361,marriage,0.2421052631578947,female,0.2285714285714285,0.05590062088711872,two-strong
2,1362,marriage,0.2421052631578947,female,0.2285714285714285,0.05590062088711872,two-strong
2,1363,marriage,0.2421052631578947,female,0.2285714285714285,0.05590062088711872,two-strong
2,1364,marriage,0.2421052631578947,female,0.2285714285714285,0.05590062088711872,two-strong
2,1365,female,0.2437969924812029,marriage,0.2421052631578947,0.0069390901797097984,two-strong
2,1366,marriage,0.2421052631578947,female,0.2285714285714285,0.05590062088711872,two-strong
2,1367,marriage,0.2421052631578947,female,0.2285714285714285,0.05590062088711872,two-strong
2,1368,marriage,0.2421052631578947,female,0.2303571428571428,0.048524844520068375,two-strong
2,1369,marriage,0.2421052631578947,female,0.2285714285714285,0.05590062088711872,two-strong
2,1370,marriage,0.2421052631578947,female,0.2285714285714285,0.05590062088711872,two-strong
2,1371,marriage,0.2421052631578947,female,0.2285714285714285,0.05590062088711872,two-strong
2,1372,marriage,0.2468126838836221,female,0.2336466165413533,0.05334437064479448,two-strong
2,1373,marriage,0.2421052631578947,female,0.2285714285714285,0.05590062088711872,two-strong
2,1374,family,0.1858469703670942,,,0.999999994619229,dominant
2,1375,marriage,0.2421052631578947,female,0.2285714285714285,0.05590062088711872,two-strong
2,1376,marriage,0.2421052631578947,female,0.2285714285714285,0.05590062088711872,two-strong
2,1377,marriage,0.2421052631578947,female,0.2285714285714285,0.05590062088711872,two-strong
2,1378,male,0.3676518312729933,family,0.2748155296572674,0.25251146184086454,leaning
2,1379,marriage,0.2442737277977552,female,0.2281641604010025,0.06594883320461566,two-strong
2,1380,marriage,0.2421052631578947,female,0.2285714285714285,0.05590062088711872,two-strong
2,1381,marriage,0.2421052631578947,female,0.2285714285714285,0.05590062088711872,two-strong
2,1382,marriage,0.2421052631578947,female,0.2285714285714285,0.05590062088711872,two-strong
2,1383,marriage,0.2421052631578947,female,0.2285714285714285,0.05590062088711872,two-strong
2,1384,marriage,0.2421052631578947,female,0.2285714285714285,0.05590062088711872,two-strong
2,1385,marriage,0.2899514878697858,female,0.2194949604860488,0.24299419071228942,leaning
2,1386,marriage,0.2421052631578947,female,0.2285714285714285,0.05590062088711872,two-strong
2,1387,marriage,0.2421052631578947,female,0.2285714285714285,0.05590062088711872,two-strong
2,1388,marriage,0.2421052631578947,female,0.2285714285714285,0.05590062088711872,two-strong
2,1389,marriage,0.2421052631578947,female,0.2285714285714285,0.05590062088711872,two-strong
2,1390,marriage,0.2421052631578947,female,0.2285714285714285,0.05590062088711872,two-strong
2,1391,marriage,0.2421052631578947,female,0.2285714285714285,0.05590062088711872,two-strong
2,1392,marriage,0.2421052631578947,female,0.2285714285714285,0.05590062088711872,two-strong
2,1393,marriage,0.2421052631578947,female,0.2285714285714285,0.05590062088711872,two-strong
2,1394,marriage,0.2421052631578947,female,0.2285714285714285,0.05590062088711872,two-strong
2,1395,marriage,0.2477933965348153,female,0.231484962406015,0.06581464353386961,two-strong
2,1396,marriage,0.2421052631578947,female,0.2285714285714285,0.05590062088711872,two-strong
2,1397,marriage,0.2421052631578947,female,0.2287124060150376,0.05531832275287766,two-strong
2,1398,marriage,0.2421052631578947,female,0.2285714285714285,0.05590062088711872,two-strong
2,1399,marriage,0.2421052631578947,female,0.2285714285714285,0.05590062088711872,two-strong
2,1400,marriage,0.2421052631578947,female,0.2285714285714285,0.05590062088711872,two-strong
2,1401,marriage,0.2421052631578947,female,0.2285714285714285,0.05590062088711872,two-strong
2,1402,marriage,0.2421052631578947,female,0.2285714285714285,0.05590062088711872,two-strong
2,1403,marriage,0.2421052631578947,female,0.2285714285714285,0.05590062088711872,two-strong
2,1404,marriage,0.2421052631578947,female,0.2285714285714285,0.05590062088711872,two-strong
2,1405,marriage,0.2421052631578947,female,0.2285714285714285,0.05590062088711872,two-strong
2,1406,marriage,0.2421052631578947,female,0.2285714285714285,0.05590062088711872,two-strong
2,1407,marriage,0.2421052631578947,female,0.2285714285714285,0.05590062088711872,two-strong
2,1408,marriage,0.2421052631578947,female,0.2285714285714285,0.05590062088711872,two-strong
2,1409,marriage,0.2421052631578947,female,0.2285714285714285,0.05590062088711872,two-strong
2,1410,marriage,0.2421052631578947,female,0.2285714285714285,0.05590062088711872,two-strong
2,1411,marriage,0.2421052631578947,female,0.2285714285714285,0.05590062088711872,two-strong
2,1412,marriage,0.2421052631578947,female,0.2285714285714285,0.05590062088711872,two-strong
2,1413,marriage,0.2421052631578947,female,0.2285714285714285,0.05590062088711872,two-strong
2,1414,marriage,0.2421052631578947,female,0.2285714285714285,0.05590062088711872,two-strong
2,1415,marriage,0.2421052631578947,female,0.2285714285714285,0.05590062088711872,two-strong
2,1416,marriage,0.2421052631578947,female,0.2285714285714285,0.05590062088711872,two-strong
2,1417,marriage,0.2421052631578947,female,0.2285714285714285,0.05590062088711872,two-strong
2,1418,marriage,0.2421052631578947,female,0.2285714285714285,0.05590062088711872,two-strong
2,1419,marriage,0.2421052631578947,female,0.2285714285714285,0.05590062088711872,two-strong
2,1420,marriage,0.2421052631578947,female,0.2285714285714285,0.05590062088711872,two-strong
2,1421,marriage,0.2421052631578947,female,0.2285714285714285,0.05590062088711872,two-strong
2,1422,marriage,0.2421052631578947,female,0.2285714285714285,0.05590062088711872,two-strong
2,1423,marriage,0.2421052631578947,female,0.2285714285714285,0.05590062088711872,two-strong
2,1424,marriage,0.2421052631578947,female,0.2285714285714285,0.05590062088711872,two-strong
2,1425,marriage,0.2421052631578947,female,0.2285714285714285,0.05590062088711872,two-strong
2,1426,marriage,0.2421052631578947,female,0.2285714285714285,0.05590062088711872,two-strong
2,1427,marriage,0.2421052631578947,female,0.2285714285714285,0.05590062088711872,two-strong
2,1428,marriage,0.2421052631578947,female,0.2285714285714285,0.05590062088711872,two-strong
2,1429,marriage,0.2421052631578947,female,0.2285714285714285,0.05590062088711872,two-strong
2,1430,marriage,0.2421052631578947,female,0.2285714285714285,0.05590062088711872,two-strong
2,1431,marriage,0.2421052631578947,female,0.2285714285714285,0.05590062088711872,two-strong
2,1432,female,0.2437969924812029,family,0.1996461742591773,0.18109664763125838,two-strong
2,1433,marriage,0.2421052631578947,female,0.2285714285714285,0.05590062088711872,two-strong
2,1434,marriage,0.2421052631578947,female,0.2285714285714285,0.05590062088711872,two-strong
2,1435,marriage,0.2421052631578947,female,0.2336466165413533,0.034937888054449355,two-strong
2,1436,marriage,0.2421052631578947,female,0.2285714285714285,0.05590062088711872,two-strong
2,1437,marriage,0.2421052631578947,female,0.2285714285714285,0.05590062088711872,two-strong
2,1438,marriage,0.2421052631578947,female,0.2285714285714285,0.05590062088711872,two-strong
2,1439,marriage,0.2421052631578947,female,0.2285714285714285,0.05590062088711872,two-strong
2,1440,marriage,0.2421052631578947,female,0.2285714285714285,0.05590062088711872,two-strong
2,1441,marriage,0.2525471286912934,female,0.2285714285714285,0.09493554786851918,two-strong
2,1442,marriage,0.2421052631578947,female,0.2285714285714285,0.05590062088711872,two-strong
2,1443,marriage,0.2421052631578947,female,0.2285714285714285,0.05590062088711872,two-strong
2,1444,marriage,0.2421052631578947,female,0.2285714285714285,0.05590062088711872,two-strong
2,1445,marriage,0.2421052631578947,female,0.2285714285714285,0.05590062088711872,two-strong
2,1446,marriage,0.2421052631578947,female,0.2285714285714285,0.05590062088711872,two-strong
2,1447,marriage,0.2421052631578947,female,0.2285714285714285,0.05590062088711872,two-strong
2,1448,marriage,0.2421052631578947,female,0.2285714285714285,0.05590062088711872,two-strong
2,1449,marriage,0.2421052631578947,female,0.2285714285714285,0.05590062088711872,two-strong
2,1450,marriage,0.2421052631578947,female,0.2285714285714285,0.05590062088711872,two-strong
2,1451,marriage,0.2468126838836221,female,0.2285714285714285,0.07390728446876531,two-strong
2,1452,marriage,0.2421052631578947,female,0.2285714285714285,0.05590062088711872,two-strong
2,1453,marriage,0.2421052631578947,female,0.2285714285714285,0.05590062088711872,two-strong
2,1454,marriage,0.2421052631578947,female,0.2285714285714285,0.05590062088711872,two-strong
2,1455,marriage,0.2421052631578947,female,0.2285714285714285,0.05590062088711872,two-strong
2,1456,male,0.2180451127819549,family,0.1899454518649565,0.12887085809727455,two-strong
2,1457,marriage,0.2421052631578947,female,0.2285714285714285,0.05590062088711872,two-strong
2,1458,female,0.2488721804511278,marriage,0.2426718971341397,0.024913525010450726,two-strong
2,1459,marriage,0.2421052631578947,female,0.2285714285714285,0.05590062088711872,two-strong
2,1460,marriage,0.2421052631578947,female,0.2285714285714285,0.05590062088711872,two-strong
2,1461,marriage,0.2421052631578947,female,0.2285714285714285,0.05590062088711872,two-strong
2,1462,marriage,0.2421052631578947,female,0.2285714285714285,0.05590062088711872,two-strong
2,1463,marriage,0.2421052631578947,female,0.2285714285714285,0.05590062088711872,two-strong
2,1464,marriage,0.2421052631578947,female,0.2336466165413533,0.034937888054449355,two-strong
2,1465,marriage,0.2421052631578947,female,0.2285714285714285,0.05590062088711872,two-strong
2,1466,male,0.5667136414423994,,,0.9999999982354405,dominant
2,1467,marriage,0.2421052631578947,female,0.2285714285714285,0.05590062088711872,two-strong
2,1468,marriage,0.2421052631578947,female,0.2285714285714285,0.05590062088711872,two-strong
2,1469,marriage,0.2421052631578947,female,0.2285714285714285,0.05590062088711872,two-strong
2,1470,marriage,0.2421052631578947,female,0.2285714285714285,0.05590062088711872,two-strong
2,1471,marriage,0.2421052631578947,female,0.2285714285714285,0.05590062088711872,two-strong
2,1472,marriage,0.2421052631578947,female,0.2285714285714285,0.05590062088711872,two-strong
2,1473,marriage,0.2421052631578947,female,0.2285714285714285,0.05590062088711872,two-strong
2,1474,marriage,0.2421052631578947,female,0.2285714285714285,0.05590062088711872,two-strong
2,1475,marriage,0.2421052631578947,female,0.2285714285714285,0.05590062088711872,two-strong
2,1476,marriage,0.2421052631578947,female,0.2285714285714285,0.05590062088711872,two-strong
2,1477,marriage,0.2421052631578947,female,0.2285714285714285,0.05590062088711872,two-strong
2,1478,marriage,0.2421052631578947,female,0.2285714285714285,0.05590062088711872,two-strong
2,1479,marriage,0.2421052631578947,female,0.2285714285714285,0.05590062088711872,two-strong
2,1480,female,0.2382165397251442,marriage,0.22798937029685,0.04293223886621022,two-strong
2,1481,marriage,0.2421052631578947,female,0.2285714285714285,0.05590062088711872,two-strong
2,1482,marriage,0.24057647221672,female,0.2221900776298488,0.07642640338445755,two-strong
2,1483,marriage,0.2421052631578947,female,0.2285714285714285,0.05590062088711872,two-strong
2,1484,marriage,0.2421052631578947,female,0.2285714285714285,0.05590062088711872,two-strong
2,1485,marriage,0.2421052631578947,female,0.2285714285714285,0.05590062088711872,two-strong
2,1486,marriage,0.2421052631578947,female,0.2285714285714285,0.05590062088711872,two-strong
2,1487,marriage,0.2421052631578947,female,0.2285714285714285,0.05590062088711872,two-strong
2,1488,female,0.2787252221462748,marriage,0.247379317859867,0.11246167079022305,two-strong
2,1489,marriage,0.2421052631578947,female,0.2285714285714285,0.05590062088711872,two-strong
2,1490,marriage,0.2468126838836221,female,0.2336466165413533,0.05334437064479448,two-strong
2,1491,marriage,0.2421052631578947,female,0.2285714285714285,0.05590062088711872,two-strong
2,1492,marriage,0.2421052631578947,female,0.2285714285714285,0.05590062088711872,two-strong
2,1493,marriage,0.2421052631578947,female,0.2285714285714285,0.05590062088711872,two-strong
2,1494,marriage,0.2782981003232719,female,0.2387218045112781,0.14220828537389785,two-strong
2,1495,marriage,0.2421052631578947,female,0.2285714285714285,0.05590062088711872,two-strong
2,1496,marriage,0.2421052631578947,female,0.2285714285714285,0.05590062088711872,two-strong
2,1497,marriage,0.2421052631578947,female,0.2285714285714285,0.05590062088711872,two-strong
2,1498,marriage,0.2421052631578947,female,0.2285714285714285,0.05590062088711872,two-strong
2,1499,marriage,0.2421052631578947,female,0.2285714285714285,0.05590062088711872,two-strong
2,1500,marriage,0.2421052631578947,female,0.2285714285714285,0.05590062088711872,two-strong
2,1501,marriage,0.2421052631578947,female,0.2285714285714285,0.05590062088711872,two-strong
2,1502,marriage,0.2421052631578947,female,0.2285714285714285,0.05590062088711872,two-strong
2,1503,marriage,0.2421052631578947,female,0.2285714285714285,0.05590062088711872,two-strong
2,1504,marriage,0.2421052631578947,female,0.2285714285714285,0.05590062088711872,two-strong
2,1505,marriage,0.2421052631578947,female,0.2285714285714285,0.05590062088711872,two-strong
2,1506,marriage,0.2421052631578947,female,0.2285714285714285,0.05590062088711872,two-strong
2,1507,marriage,0.2421052631578947,female,0.2285714285714285,0.05590062088711872,two-strong
2,1508,female,0.2946350951831069,male,0.2531079237774098,0.14094441546057082,two-strong
2,1509,marriage,0.2421052631578947,female,0.2285714285714285,0.05590062088711872,two-strong
2,1510,marriage,0.2421052631578947,female,0.2285714285714285,0.05590062088711872,two-strong
2,1511,marriage,0.2421052631578947,female,0.2285714285714285,0.05590062088711872,two-strong
2,1512,marriage,0.2421052631578947,female,0.2285714285714285,0.05590062088711872,two-strong
2,1513,marriage,0.2421052631578947,female,0.2285714285714285,0.05590062088711872,two-strong
2,1514,marriage,0.2421052631578947,female,0.2285714285714285,0.05590062088711872,two-strong
2,1515,marriage,0.2421052631578947,female,0.2285714285714285,0.05590062088711872,two-strong
2,1516,marriage,0.2421052631578947,female,0.2285714285714285,0.05590062088711872,two-strong
2,1517,marriage,0.2421052631578947,female,0.2285714285714285,0.05590062088711872,two-strong
2,1518,marriage,0.2421052631578947,female,0.2285714285714285,0.05590062088711872,two-strong
2,1519,marriage,0.2468126838836221,female,0.2285714285714285,0.07390728446876531,two-strong
2,1520,marriage,0.2468126838836221,female,0.2285714285714285,0.07390728446876531,two-strong
2,1521,marriage,0.2421052631578947,female,0.2285714285714285,0.05590062088711872,two-strong
2,1522,marriage,0.2421052631578947,female,0.2285714285714285,0.05590062088711872,two-strong
2,1523,marriage,0.2421052631578947,female,0.2285714285714285,0.05590062088711872,two-strong
2,1524,marriage,0.2421052631578947,female,0.2285714285714285,0.05590062088711872,two-strong
2,1525,marriage,0.2421052631578947,female,0.2285714285714285,0.05590062088711872,two-strong
2,1526,marriage,0.2421052631578947,female,0.2285714285714285,0.05590062088711872,two-strong
2,1527,marriage,0.2421052631578947,female,0.2285714285714285,0.05590062088711872,two-strong
2,1528,marriage,0.2421052631578947,female,0.2285714285714285,0.05590062088711872,two-strong
2,1529,marriage,0.2421052631578947,female,0.2285714285714285,0.05590062088711872,two-strong
2,1530,marriage,0.2421052631578947,female,0.2285714285714285,0.05590062088711872,two-strong
2,1531,marriage,0.2421052631578947,female,0.2285714285714285,0.05590062088711872,two-strong
2,1532,marriage,0.2421052631578947,female,0.2285714285714285,0.05590062088711872,two-strong
2,1533,marriage,0.2421052631578947,female,0.2285714285714285,0.05590062088711872,two-strong
2,1534,marriage,0.2421052631578947,female,0.2285714285714285,0.05590062088711872,two-strong
2,1535,marriage,0.2421052631578947,female,0.2285714285714285,0.05590062088711872,two-strong
2,1536,marriage,0.2421052631578947,female,0.2285714285714285,0.05590062088711872,two-strong
2,1537,marriage,0.2421052631578947,female,0.2285714285714285,0.05590062088711872,two-strong
2,1538,marriage,0.2421052631578947,female,0.2285714285714285,0.05590062088711872,two-strong
2,1539,marriage,0.2421052631578947,female,0.2285714285714285,0.05590062088711872,two-strong
2,1540,marriage,0.2421052631578947,female,0.2285714285714285,0.05590062088711872,two-strong
2,1541,marriage,0.2421052631578947,female,0.2285714285714285,0.05590062088711872,two-strong
2,1542,marriage,0.2421052631578947,female,0.2285714285714285,0.05590062088711872,two-strong
2,1543,marriage,0.2421052631578947,female,0.2336466165413533,0.034937888054449355,two-strong
2,1544,marriage,0.2421052631578947,female,0.2285714285714285,0.05590062088711872,two-strong
2,1545,marriage,0.2421052631578947,female,0.2285714285714285,0.05590062088711872,two-strong
2,1546,marriage,0.2421052631578947,female,0.2285714285714285,0.05590062088711872,two-strong
2,1547,marriage,0.2421052631578947,female,0.2285714285714285,0.05590062088711872,two-strong
2,1548,marriage,0.2421052631578947,female,0.2285714285714285,0.05590062088711872,two-strong
2,1549,marriage,0.2421052631578947,female,0.2285714285714285,0.05590062088711872,two-strong
2,1550,marriage,0.2421052631578947,female,0.2285714285714285,0.05590062088711872,two-strong
2,1551,marriage,0.2421052631578947,female,0.2285714285714285,0.05590062088711872,two-strong
2,1552,marriage,0.2421052631578947,female,0.2285714285714285,0.05590062088711872,two-strong
2,1553,marriage,0.2421052631578947,female,0.2285714285714285,0.05590062088711872,two-strong
2,1554,marriage,0.2421052631578947,female,0.2285714285714285,0.05590062088711872,two-strong
2,1555,marriage,0.2421052631578947,female,0.2285714285714285,0.05590062088711872,two-strong
2,1556,marriage,0.2421052631578947,female,0.2285714285714285,0.05590062088711872,two-strong
2,1557,marriage,0.2421052631578947,female,0.2285714285714285,0.05590062088711872,two-strong
2,1558,marriage,0.2421052631578947,female,0.2285714285714285,0.05590062088711872,two-strong
2,1559,marriage,0.2421052631578947,female,0.2285714285714285,0.05590062088711872,two-strong
2,1560,marriage,0.2421052631578947,female,0.2285714285714285,0.05590062088711872,two-strong
2,1561,marriage,0.2421052631578947,female,0.2285714285714285,0.05590062088711872,two-strong
2,1562,marriage,0.2421052631578947,female,0.2285714285714285,0.05590062088711872,two-strong
2,1563,marriage,0.2421052631578947,female,0.2285714285714285,0.05590062088711872,two-strong
2,1564,marriage,0.2421052631578947,female,0.2285714285714285,0.05590062088711872,two-strong
2,1565,marriage,0.2421052631578947,female,0.2303571428571428,0.048524844520068375,two-strong
2,1566,marriage,0.2421052631578947,female,0.2285714285714285,0.05590062088711872,two-strong
2,1567,marriage,0.2421052631578947,female,0.2285714285714285,0.05590062088711872,two-strong
2,1568,marriage,0.2421052631578947,female,0.2285714285714285,0.05590062088711872,two-strong
2,1569,marriage,0.2421052631578947,female,0.2285714285714285,0.05590062088711872,two-strong
2,1570,marriage,0.2421052631578947,female,0.2285714285714285,0.05590062088711872,two-strong
2,1571,marriage,0.2421052631578947,female,0.2285714285714285,0.05590062088711872,two-strong
2,1572,marriage,0.2421052631578947,female,0.2285714285714285,0.05590062088711872,two-strong
2,1573,marriage,0.2421052631578947,female,0.2285714285714285,0.05590062088711872,two-strong
2,1574,marriage,0.2421052631578947,female,0.2285714285714285,0.05590062088711872,two-strong
2,1575,marriage,0.2421052631578947,female,0.2285714285714285,0.05590062088711872,two-strong
2,1576,marriage,0.2421052631578947,female,0.2285714285714285,0.05590062088711872,two-strong
2,1577,marriage,0.2421052631578947,female,0.2285714285714285,0.05590062088711872,two-strong
2,1578,marriage,0.2421052631578947,female,0.2285714285714285,0.05590062088711872,two-strong
2,1579,marriage,0.2421052631578947,female,0.2285714285714285,0.05590062088711872,two-strong
2,1580,male,0.3131768638393227,family,0.2802497813920463,0.10513893631373383,two-strong
2,1581,marriage,0.2421052631578947,female,0.2285714285714285,0.05590062088711872,two-strong
2,1582,marriage,0.2421052631578947,female,0.2285714285714285,0.05590062088711872,two-strong
2,1583,marriage,0.2421052631578947,female,0.2285714285714285,0.05590062088711872,two-strong
2,1584,marriage,0.2421052631578947,female,0.2285714285714285,0.05590062088711872,two-strong
2,1585,marriage,0.2421052631578947,female,0.2285714285714285,0.05590062088711872,two-strong
2,1586,marriage,0.2426718971341397,male,0.2282581453634085,0.05939604825097563,two-strong
2,1587,marriage,0.2421052631578947,female,0.2285714285714285,0.05590062088711872,two-strong
2,1588,marriage,0.2421052631578947,female,0.2285714285714285,0.05590062088711872,two-strong
2,1589,marriage,0.2421052631578947,female,0.2285714285714285,0.05590062088711872,two-strong
2,1590,marriage,0.2421052631578947,female,0.2285714285714285,0.05590062088711872,two-strong
2,1591,marriage,0.2421052631578947,female,0.2285714285714285,0.05590062088711872,two-strong
2,1592,marriage,0.2421052631578947,female,0.2285714285714285,0.05590062088711872,two-strong
2,1593,marriage,0.2421052631578947,female,0.2285714285714285,0.05590062088711872,two-strong
2,1594,marriage,0.2421052631578947,female,0.2285714285714285,0.05590062088711872,two-strong
2,1595,marriage,0.2421052631578947,female,0.2285714285714285,0.05590062088711872,two-strong
2,1596,marriage,0.2421052631578947,female,0.2285714285714285,0.05590062088711872,two-strong
2,1597,marriage,0.2421052631578947,female,0.2285714285714285,0.05590062088711872,two-strong
2,1598,marriage,0.2421052631578947,female,0.2285714285714285,0.05590062088711872,two-strong
2,1599,marriage,0.2421052631578947,female,0.2285714285714285,0.05590062088711872,two-strong
2,1600,marriage,0.2421052631578947,female,0.2285714285714285,0.05590062088711872,two-strong
2,1601,marriage,0.2421052631578947,female,0.2285714285714285,0.05590062088711872,two-strong
2,1602,marriage,0.2421052631578947,female,0.2285714285714285,0.05590062088711872,two-strong
2,1603,marriage,0.2421052631578947,female,0.2285714285714285,0.05590062088711872,two-strong
2,1604,marriage,0.2421052631578947,female,0.2285714285714285,0.05590062088711872,two-strong
2,1605,marriage,0.2421052631578947,female,0.2285714285714285,0.05590062088711872,two-strong
2,1606,marriage,0.2453235714922541,society,0.2280246154977325,0.07051485439731962,two-strong
2,1607,marriage,0.2421052631578947,female,0.2285714285714285,0.05590062088711872,two-strong
2,1608,marriage,0.2596927100359594,female,0.2343358395989974,0.09764182574015662,two-strong
2,1609,marriage,0.2421052631578947,female,0.2285714285714285,0.05590062088711872,two-strong
2,1610,marriage,0.2421052631578947,female,0.2285714285714285,0.05590062088711872,two-strong
2,1611,marriage,0.2421052631578947,female,0.2285714285714285,0.05590062088711872,two-strong
2,1612,marriage,0.2421052631578947,female,0.2285714285714285,0.05590062088711872,two-strong
2,1613,marriage,0.2421052631578947,female,0.2285714285714285,0.05590062088711872,two-strong
2,1614,marriage,0.2437070938215103,female,0.2285714285714285,0.06210596889338432,two-strong
2,1615,marriage,0.2421052631578947,female,0.2285714285714285,0.05590062088711872,two-strong
2,1616,marriage,0.2421052631578947,female,0.2285714285714285,0.05590062088711872,two-strong
2,1617,marriage,0.2421052631578947,female,0.2285714285714285,0.05590062088711872,two-strong
2,1618,marriage,0.2421052631578947,female,0.2285714285714285,0.05590062088711872,two-strong
2,1619,marriage,0.2421052631578947,female,0.2285714285714285,0.05590062088711872,two-strong
2,1620,marriage,0.2421052631578947,female,0.2285714285714285,0.05590062088711872,two-strong
2,1621,marriage,0.2646071700991609,female,0.2285714285714285,0.13618580848751102,two-strong
2,1622,marriage,0.2421052631578947,female,0.2285714285714285,0.05590062088711872,two-strong
2,1623,marriage,0.2421052631578947,female,0.2285714285714285,0.05590062088711872,two-strong
2,1624,marriage,0.2421052631578947,female,0.2285714285714285,0.05590062088711872,two-strong
2,1625,marriage,0.2421052631578947,female,0.2285714285714285,0.05590062088711872,two-strong
2,1626,marriage,0.2421052631578947,female,0.2285714285714285,0.05590062088711872,two-strong
2,1627,marriage,0.2421052631578947,female,0.2285714285714285,0.05590062088711872,two-strong
2,1628,marriage,0.2421052631578947,female,0.2285714285714285,0.05590062088711872,two-strong
2,1629,marriage,0.2421052631578947,female,0.2285714285714285,0.05590062088711872,two-strong
2,1630,marriage,0.2421052631578947,female,0.2285714285714285,0.05590062088711872,two-strong
2,1631,marriage,0.2421052631578947,female,0.2285714285714285,0.05590062088711872,two-strong
2,1632,marriage,0.2421052631578947,female,0.2285714285714285,0.05590062088711872,two-strong
2,1633,marriage,0.3497532847237369,wealth,0.2369724686928418,0.32245820306597034,leaning
2,1634,marriage,0.2421052631578947,female,0.2285714285714285,0.05590062088711872,two-strong
2,1635,marriage,0.2421052631578947,female,0.2285714285714285,0.05590062088711872,two-strong
2,1636,marriage,0.2421052631578947,female,0.2285714285714285,0.05590062088711872,two-strong
2,1637,marriage,0.2421052631578947,female,0.2285714285714285,0.05590062088711872,two-strong
2,1638,marriage,0.2421052631578947,female,0.2285714285714285,0.05590062088711872,two-strong
2,1639,marriage,0.2463441211724964,female,0.2285714285714285,0.07214579525718501,two-strong
2,1640,marriage,0.2421052631578947,female,0.2285714285714285,0.05590062088711872,two-strong
2,1641,marriage,0.2421052631578947,female,0.2285714285714285,0.05590062088711872,two-strong
2,1642,marriage,0.2421052631578947,female,0.2285714285714285,0.05590062088711872,two-strong
2,1643,marriage,0.2421052631578947,female,0.2285714285714285,0.05590062088711872,two-strong
2,1644,marriage,0.2421052631578947,female,0.2285714285714285,0.05590062088711872,two-strong
2,1645,marriage,0.2421052631578947,female,0.2285714285714285,0.05590062088711872,two-strong
2,1646,marriage,0.2421052631578947,female,0.2285714285714285,0.05590062088711872,two-strong
2,1647,marriage,0.2421052631578947,female,0.2285714285714285,0.05590062088711872,two-strong
2,1648,marriage,0.2421052631578947,female,0.2285714285714285,0.05590062088711872,two-strong
2,1649,marriage,0.2421052631578947,female,0.2285714285714285,0.05590062088711872,two-strong
2,1650,marriage,0.2421052631578947,female,0.2285714285714285,0.05590062088711872,two-strong
2,1651,marriage,0.2421052631578947,female,0.2285714285714285,0.05590062088711872,two-strong
2,1652,marriage,0.2421052631578947,female,0.2285714285714285,0.05590062088711872,two-strong
2,1653,marriage,0.2421052631578947,female,0.2285714285714285,0.05590062088711872,two-strong
2,1654,marriage,0.2421052631578947,female,0.2285714285714285,0.05590062088711872,two-strong
2,1655,marriage,0.2421052631578947,female,0.2285714285714285,0.05590062088711872,two-strong
2,1656,marriage,0.2421052631578947,female,0.2285714285714285,0.05590062088711872,two-strong
2,1657,marriage,0.2421052631578947,female,0.2285714285714285,0.05590062088711872,two-strong
2,1658,marriage,0.2421052631578947,female,0.2285714285714285,0.05590062088711872,two-strong
2,1659,marriage,0.2421052631578947,female,0.2285714285714285,0.05590062088711872,two-strong
2,1660,marriage,0.2421052631578947,female,0.2285714285714285,0.05590062088711872,two-strong
2,1661,marriage,0.2421052631578947,female,0.2285714285714285,0.05590062088711872,two-strong
2,1662,marriage,0.2656423667865316,female,0.2308270676691729,0.13106079202447107,two-strong
2,1663,marriage,0.2421052631578947,female,0.2285714285714285,0.05590062088711872,two-strong
2,1664,marriage,0.2421052631578947,female,0.2285714285714285,0.05590062088711872,two-strong
2,1665,marriage,0.2421052631578947,female,0.2285714285714285,0.05590062088711872,two-strong
2,1666,marriage,0.2421052631578947,female,0.2285714285714285,0.05590062088711872,two-strong
2,1667,marriage,0.2421052631578947,female,0.2285714285714285,0.05590062088711872,two-strong
2,1668,marriage,0.2421052631578947,female,0.2285714285714285,0.05590062088711872,two-strong
2,1669,marriage,0.2421052631578947,female,0.2285714285714285,0.05590062088711872,two-strong
2,1670,marriage,0.2421052631578947,female,0.2285714285714285,0.05590062088711872,two-strong
2,1671,marriage,0.2421052631578947,female,0.2285714285714285,0.05590062088711872,two-strong
2,1672,marriage,0.2421052631578947,female,0.2285714285714285,0.05590062088711872,two-strong
2,1673,marriage,0.2421052631578947,female,0.2285714285714285,0.05590062088711872,two-strong
2,1674,marriage,0.2421052631578947,female,0.2285714285714285,0.05590062088711872,two-strong
2,1675,marriage,0.2421052631578947,female,0.2285714285714285,0.05590062088711872,two-strong
2,1676,marriage,0.2421052631578947,female,0.2285714285714285,0.05590062088711872,two-strong
2,1677,marriage,0.2421052631578947,female,0.2285714285714285,0.05590062088711872,two-strong
2,1678,marriage,0.2421052631578947,female,0.2285714285714285,0.05590062088711872,two-strong
2,1679,marriage,0.2421052631578947,female,0.2285714285714285,0.05590062088711872,two-strong
2,1680,marriage,0.2421052631578947,female,0.2285714285714285,0.05590062088711872,two-strong
2,1681,marriage,0.2421052631578947,female,0.2285714285714285,0.05590062088711872,two-strong
2,1682,marriage,0.2421052631578947,female,0.2285714285714285,0.05590062088711872,two-strong
2,1683,marriage,0.2421052631578947,female,0.2285714285714285,0.05590062088711872,two-strong
2,1684,marriage,0.2421052631578947,female,0.2285714285714285,0.05590062088711872,two-strong
2,1685,marriage,0.2421052631578947,female,0.2285714285714285,0.05590062088711872,two-strong
2,1686,marriage,0.2421052631578947,female,0.2285714285714285,0.05590062088711872,two-strong
2,1687,marriage,0.2421052631578947,female,0.2285714285714285,0.05590062088711872,two-strong
2,1688,marriage,0.2421052631578947,female,0.2285714285714285,0.05590062088711872,two-strong
2,1689,marriage,0.2421052631578947,female,0.2285714285714285,0.05590062088711872,two-strong
2,1690,marriage,0.2421052631578947,female,0.2336466165413533,0.034937888054449355,two-strong
2,1691,marriage,0.2421052631578947,female,0.2285714285714285,0.05590062088711872,two-strong
2,1692,marriage,0.2421052631578947,female,0.2285714285714285,0.05590062088711872,two-strong
2,1693,marriage,0.2421052631578947,female,0.2285714285714285,0.05590062088711872,two-strong
2,1694,marriage,0.2421052631578947,female,0.2285714285714285,0.05590062088711872,two-strong
2,1695,marriage,0.2421052631578947,female,0.2285714285714285,0.05590062088711872,two-strong
2,1696,marriage,0.2421052631578947,female,0.2285714285714285,0.05590062088711872,two-strong
2,1697,marriage,0.2421052631578947,female,0.2285714285714285,0.05590062088711872,two-strong
2,1698,marriage,0.2421052631578947,female,0.2285714285714285,0.05590062088711872,two-strong
2,1699,female,0.2332393483709273,family,0.2134453781512605,0.08486548377472912,two-strong
2,1700,marriage,0.2421052631578947,female,0.2285714285714285,0.05590062088711872,two-strong
2,1701,marriage,0.2421052631578947,female,0.2336466165413533,0.034937888054449355,two-strong
2,1702,marriage,0.2421052631578947,female,0.2285714285714285,0.05590062088711872,two-strong
2,1703,marriage,0.2421052631578947,female,0.2285714285714285,0.05590062088711872,two-strong
2,1704,marriage,0.2421052631578947,female,0.2285714285714285,0.05590062088711872,two-strong
2,1705,wealth,0.246234436190931,marriage,0.243932653259519,0.009347932635544374,two-strong
2,1706,marriage,0.2421052631578947,female,0.2285714285714285,0.05590062088711872,two-strong
2,1707,marriage,0.2421052631578947,female,0.2285714285714285,0.05590062088711872,two-strong
2,1708,marriage,0.2421052631578947,female,0.2387218045112781,0.01397515522177988,two-strong
2,1709,marriage,0.2421052631578947,female,0.2285714285714285,0.05590062088711872,two-strong
2,1710,marriage,0.2421052631578947,female,0.2285714285714285,0.05590062088711872,two-strong
2,1711,marriage,0.2421052631578947,female,0.2285714285714285,0.05590062088711872,two-strong
2,1712,marriage,0.2421052631578947,female,0.2285714285714285,0.05590062088711872,two-strong
2,1713,marriage,0.2421052631578947,female,0.2285714285714285,0.05590062088711872,two-strong
2,1714,marriage,0.2421052631578947,female,0.2285714285714285,0.05590062088711872,two-strong
2,1715,marriage,0.2421052631578947,female,0.2285714285714285,0.05590062088711872,two-strong
2,1716,marriage,0.2421052631578947,female,0.2285714285714285,0.05590062088711872,two-strong
2,1717,female,0.3037284672217969,male,0.2560458545837412,0.1569909232322458,two-strong
2,1718,marriage,0.2421052631578947,female,0.2285714285714285,0.05590062088711872,two-strong
2,1719,marriage,0.2421052631578947,female,0.2285714285714285,0.05590062088711872,two-strong
2,1720,marriage,0.2421052631578947,female,0.2285714285714285,0.05590062088711872,two-strong
2,1721,marriage,0.2421052631578947,female,0.2285714285714285,0.05590062088711872,two-strong
2,1722,marriage,0.2426718971341397,female,0.2285714285714285,0.05810507385126642,two-strong
2,1723,marriage,0.2421052631578947,female,0.2285714285714285,0.05590062088711872,two-strong
2,1724,marriage,0.2421052631578947,female,0.2285714285714285,0.05590062088711872,two-strong
2,1725,marriage,0.2421052631578947,female,0.2285714285714285,0.05590062088711872,two-strong
2,1726,marriage,0.2421052631578947,female,0.2285714285714285,0.05590062088711872,two-strong
2,1727,female,0.3002692306779072,male,0.2710982044231685,0.09714956837812087,two-strong
2,1728,marriage,0.2421052631578947,female,0.2285714285714285,0.05590062088711872,two-strong
2,1729,marriage,0.2468126838836221,female,0.2285714285714285,0.07390728446876531,two-strong
2,1730,marriage,0.2421052631578947,female,0.2285714285714285,0.05590062088711872,two-strong
2,1731,marriage,0.2421052631578947,female,0.2285714285714285,0.05590062088711872,two-strong
2,1732,marriage,0.2421052631578947,female,0.2285714285714285,0.05590062088711872,two-strong
2,1733,marriage,0.2421052631578947,female,0.2285714285714285,0.05590062088711872,two-strong
2,1734,marriage,0.2421052631578947,female,0.2285714285714285,0.05590062088711872,two-strong
2,1735,marriage,0.2421052631578947,female,0.2285714285714285,0.05590062088711872,two-strong
2,1736,marriage,0.2421052631578947,female,0.2285714285714285,0.05590062088711872,two-strong
2,1737,marriage,0.2376593784501614,female,0.2256646852104686,0.05047010249476891,two-strong
2,1738,marriage,0.2421052631578947,female,0.2285714285714285,0.05590062088711872,two-strong
2,1739,family,0.1858469703670942,,,0.999999994619229,dominant
2,1740,marriage,0.2421052631578947,female,0.2285714285714285,0.05590062088711872,two-strong
2,1741,marriage,0.2421052631578947,female,0.2285714285714285,0.05590062088711872,two-strong
2,1742,marriage,0.2421052631578947,female,0.2285714285714285,0.05590062088711872,two-strong
2,1743,marriage,0.2421052631578947,female,0.2285714285714285,0.05590062088711872,two-strong
2,1744,marriage,0.2421052631578947,female,0.2285714285714285,0.05590062088711872,two-strong
2,1745,marriage,0.2421052631578947,female,0.2285714285714285,0.05590062088711872,two-strong
2,1746,marriage,0.2421052631578947,female,0.2285714285714285,0.05590062088711872,two-strong
2,1747,marriage,0.2421052631578947,female,0.2285714285714285,0.05590062088711872,two-strong
2,1748,marriage,0.2421052631578947,female,0.2292606516290727,0.05305383000860774,two-strong
2,1749,marriage,0.2421052631578947,female,0.2285714285714285,0.05590062088711872,two-strong
2,1750,marriage,0.2421052631578947,female,0.2285714285714285,0.05590062088711872,two-strong
2,1751,marriage,0.2421052631578947,female,0.2285714285714285,0.05590062088711872,two-strong
2,1752,marriage,0.2421052631578947,female,0.2285714285714285,0.05590062088711872,two-strong
2,1753,marriage,0.2421052631578947,female,0.2285714285714285,0.05590062088711872,two-strong
2,1754,marriage,0.2421052631578947,female,0.2285714285714285,0.05590062088711872,two-strong
2,1755,marriage,0.2421052631578947,female,0.2285714285714285,0.05590062088711872,two-strong
2,1756,marriage,0.2421052631578947,female,0.2285714285714285,0.05590062088711872,two-strong
2,1757,marriage,0.2421052631578947,female,0.2285714285714285,0.05590062088711872,two-strong
2,1758,female,0.2539473684210526,emotion,0.1821040203815323,0.2829064471244897,leaning
2,1759,marriage,0.2421052631578947,female,0.2285714285714285,0.05590062088711872,two-strong
2,1760,marriage,0.2421052631578947,female,0.2285714285714285,0.05590062088711872,two-strong
2,1761,marriage,0.2421052631578947,female,0.2285714285714285,0.05590062088711872,two-strong
2,1762,female,0.2336466165413533,,,0.9999999957200322,dominant
2,1763,marriage,0.2421052631578947,female,0.2285714285714285,0.05590062088711872,two-strong
2,1764,marriage,0.2421052631578947,female,0.2285714285714285,0.05590062088711872,two-strong
2,1765,marriage,0.2421542987904544,female,0.2285714285714285,0.05609179862087796,two-strong
2,1766,marriage,0.2421052631578947,female,0.2285714285714285,0.05590062088711872,two-strong
2,1767,marriage,0.2421052631578947,female,0.2285714285714285,0.05590062088711872,two-strong
2,1768,marriage,0.2421052631578947,female,0.2285714285714285,0.05590062088711872,two-strong
2,1769,female,0.3375933929083654,marriage,0.2217787115660482,0.3430596789869452,leaning
2,1770,marriage,0.2421052631578947,female,0.2285714285714285,0.05590062088711872,two-strong
2,1771,marriage,0.2421052631578947,female,0.2285714285714285,0.05590062088711872,two-strong
2,1772,marriage,0.2421052631578947,female,0.2285714285714285,0.05590062088711872,two-strong
2,1773,marriage,0.2421052631578947,female,0.2285714285714285,0.05590062088711872,two-strong
2,1774,marriage,0.2421052631578947,female,0.2285714285714285,0.05590062088711872,two-strong
2,1775,marriage,0.2421052631578947,female,0.2285714285714285,0.05590062088711872,two-strong
2,1776,marriage,0.2421052631578947,female,0.2285714285714285,0.05590062088711872,two-strong
2,1777,marriage,0.2421052631578947,female,0.2285714285714285,0.05590062088711872,two-strong
2,1778,marriage,0.2421052631578947,female,0.2285714285714285,0.05590062088711872,two-strong
2,1779,marriage,0.2421052631578947,female,0.2285714285714285,0.05590062088711872,two-strong
2,1780,marriage,0.2421052631578947,female,0.2285714285714285,0.05590062088711872,two-strong
2,1781,marriage,0.2421052631578947,female,0.2285714285714285,0.05590062088711872,two-strong
2,1782,marriage,0.2421052631578947,female,0.2285714285714285,0.05590062088711872,two-strong
2,1783,marriage,0.2421052631578947,female,0.2285714285714285,0.05590062088711872,two-strong
2,1784,marriage,0.2421052631578947,female,0.2285714285714285,0.05590062088711872,two-strong
2,1785,marriage,0.2421052631578947,female,0.2285714285714285,0.05590062088711872,two-strong
2,1786,family,0.1858469703670942,,,0.999999994619229,dominant
2,1787,marriage,0.2421052631578947,female,0.2285714285714285,0.05590062088711872,two-strong
2,1788,marriage,0.2421052631578947,female,0.2285714285714285,0.05590062088711872,two-strong
2,1789,marriage,0.2421052631578947,female,0.2285714285714285,0.05590062088711872,two-strong
2,1790,marriage,0.2421052631578947,female,0.2285714285714285,0.05590062088711872,two-strong
2,1791,marriage,0.2421052631578947,female,0.2285714285714285,0.05590062088711872,two-strong
2,1792,marriage,0.2421052631578947,female,0.2285714285714285,0.05590062088711872,two-strong
2,1793,marriage,0.2421052631578947,female,0.2285714285714285,0.05590062088711872,two-strong
2,1794,marriage,0.2421052631578947,female,0.2285714285714285,0.05590062088711872,two-strong
2,1795,marriage,0.2421052631578947,female,0.2285714285714285,0.05590062088711872,two-strong
2,1796,marriage,0.2421052631578947,female,0.2285714285714285,0.05590062088711872,two-strong
2,1797,marriage,0.2421052631578947,female,0.2285714285714285,0.05590062088711872,two-strong
2,1798,marriage,0.2421052631578947,female,0.2285714285714285,0.05590062088711872,two-strong
2,1799,marriage,0.2421052631578947,female,0.2285714285714285,0.05590062088711872,two-strong
2,1800,marriage,0.2421052631578947,female,0.2285714285714285,0.05590062088711872,two-strong
2,1801,marriage,0.2421052631578947,female,0.2285714285714285,0.05590062088711872,two-strong
2,1802,marriage,0.2421052631578947,female,0.2285714285714285,0.05590062088711872,two-strong
2,1803,marriage,0.2583471067452761,female,0.2568315821605296,0.005866233990282519,two-strong
2,1804,marriage,0.2421052631578947,female,0.2285714285714285,0.05590062088711872,two-strong
2,1805,marriage,0.2421052631578947,female,0.2285714285714285,0.05590062088711872,two-strong
2,1806,marriage,0.2421052631578947,female,0.2285714285714285,0.05590062088711872,two-strong
2,1807,marriage,0.2421052631578947,female,0.2285714285714285,0.05590062088711872,two-strong
2,1808,marriage,0.2421052631578947,female,0.2285714285714285,0.05590062088711872,two-strong
2,1809,marriage,0.2421052631578947,female,0.2285714285714285,0.05590062088711872,two-strong
2,1810,marriage,0.2421052631578947,female,0.2285714285714285,0.05590062088711872,two-strong
2,1811,marriage,0.2421052631578947,female,0.2285714285714285,0.05590062088711872,two-strong
2,1812,marriage,0.2421052631578947,female,0.2285714285714285,0.05590062088711872,two-strong
2,1813,marriage,0.2421052631578947,female,0.2285714285714285,0.05590062088711872,two-strong
2,1814,marriage,0.2421052631578947,female,0.2285714285714285,0.05590062088711872,two-strong
2,1815,marriage,0.2421052631578947,female,0.2285714285714285,0.05590062088711872,two-strong
2,1816,marriage,0.2421052631578947,female,0.2285714285714285,0.05590062088711872,two-strong
2,1817,marriage,0.2421052631578947,female,0.2285714285714285,0.05590062088711872,two-strong
2,1818,marriage,0.2421052631578947,female,0.2285714285714285,0.05590062088711872,two-strong
2,1819,marriage,0.2421052631578947,female,0.2285714285714285,0.05590062088711872,two-strong
2,1820,marriage,0.2426718971341397,female,0.2285714285714285,0.05810507385126642,two-strong
2,1821,marriage,0.2421052631578947,female,0.2285714285714285,0.05590062088711872,two-strong
2,1822,marriage,0.2429612568971836,female,0.2280075187969925,0.06154782959890349,two-strong
2,1823,marriage,0.2421052631578947,female,0.2285714285714285,0.05590062088711872,two-strong
2,1824,marriage,0.2421052631578947,female,0.2285714285714285,0.05590062088711872,two-strong
2,1825,marriage,0.2421052631578947,female,0.2285714285714285,0.05590062088711872,two-strong
2,1826,marriage,0.2421052631578947,female,0.2285714285714285,0.05590062088711872,two-strong
2,1827,marriage,0.2421052631578947,female,0.2285714285714285,0.05590062088711872,two-strong
2,1828,marriage,0.2421052631578947,female,0.2285714285714285,0.05590062088711872,two-strong
2,1829,marriage,0.2421052631578947,female,0.2285714285714285,0.05590062088711872,two-strong
2,1830,marriage,0.2421052631578947,female,0.2285714285714285,0.05590062088711872,two-strong
2,1831,marriage,0.2421052631578947,female,0.2285714285714285,0.05590062088711872,two-strong
2,1832,marriage,0.2421052631578947,female,0.2285714285714285,0.05590062088711872,two-strong
2,1833,marriage,0.2421052631578947,female,0.2285714285714285,0.05590062088711872,two-strong
2,1834,marriage,0.2421052631578947,female,0.2285714285714285,0.05590062088711872,two-strong
2,1835,marriage,0.2421052631578947,female,0.2285714285714285,0.05590062088711872,two-strong
2,1836,marriage,0.2421052631578947,female,0.2285714285714285,0.05590062088711872,two-strong
2,1837,marriage,0.2421052631578947,female,0.2285714285714285,0.05590062088711872,two-strong
2,1838,marriage,0.2421052631578947,female,0.2285714285714285,0.05590062088711872,two-strong
2,1839,marriage,0.2421052631578947,female,0.2285714285714285,0.05590062088711872,two-strong
2,1840,marriage,0.2421052631578947,female,0.2285714285714285,0.05590062088711872,two-strong
2,1841,marriage,0.2421052631578947,female,0.2285714285714285,0.05590062088711872,two-strong
2,1842,marriage,0.2421052631578947,female,0.2285714285714285,0.05590062088711872,two-strong
2,1843,male,0.2740954675240675,family,0.2625010035509023,0.04230082327007584,two-strong
2,1844,marriage,0.2421052631578947,female,0.2285714285714285,0.05590062088711872,two-strong
2,1845,marriage,0.2421052631578947,female,0.2285714285714285,0.05590062088711872,two-strong
2,1846,marriage,0.2421052631578947,female,0.2285714285714285,0.05590062088711872,two-strong
2,1847,marriage,0.2421052631578947,female,0.2285714285714285,0.05590062088711872,two-strong
2,1848,marriage,0.2421052631578947,female,0.2285714285714285,0.05590062088711872,two-strong
2,1849,marriage,0.2421052631578947,female,0.2285714285714285,0.05590062088711872,two-strong
2,1850,marriage,0.2421052631578947,female,0.2285714285714285,0.05590062088711872,two-strong
2,1851,marriage,0.2421052631578947,female,0.2285714285714285,0.05590062088711872,two-strong
2,1852,marriage,0.2421052631578947,female,0.2285714285714285,0.05590062088711872,two-strong
2,1853,marriage,0.2421052631578947,female,0.2285714285714285,0.05590062088711872,two-strong
2,1854,marriage,0.2421052631578947,female,0.2285714285714285,0.05590062088711872,two-strong
2,1855,marriage,0.2421052631578947,female,0.2285714285714285,0.05590062088711872,two-strong
2,1856,marriage,0.2421052631578947,female,0.2285714285714285,0.05590062088711872,two-strong
2,1857,marriage,0.2421052631578947,female,0.2285714285714285,0.05590062088711872,two-strong
2,1858,marriage,0.2421052631578947,female,0.2285714285714285,0.05590062088711872,two-strong
2,1859,marriage,0.2421052631578947,female,0.2285714285714285,0.05590062088711872,two-strong
2,1860,marriage,0.2421052631578947,female,0.2285714285714285,0.05590062088711872,two-strong
2,1861,marriage,0.2421052631578947,female,0.2285714285714285,0.05590062088711872,two-strong
2,1862,marriage,0.2421052631578947,female,0.2285714285714285,0.05590062088711872,two-strong
2,1863,marriage,0.2421052631578947,female,0.2285714285714285,0.05590062088711872,two-strong
2,1864,marriage,0.2421052631578947,female,0.2285714285714285,0.05590062088711872,two-strong
2,1865,marriage,0.2421052631578947,female,0.2285714285714285,0.05590062088711872,two-strong
2,1866,marriage,0.2421052631578947,female,0.2285714285714285,0.05590062088711872,two-strong
2,1867,marriage,0.2421052631578947,female,0.2336466165413533,0.034937888054449355,two-strong
2,1868,marriage,0.2421052631578947,female,0.2285714285714285,0.05590062088711872,two-strong
2,1869,marriage,0.2421052631578947,female,0.2285714285714285,0.05590062088711872,two-strong
2,1870,marriage,0.2421052631578947,female,0.2285714285714285,0.05590062088711872,two-strong
2,1871,marriage,0.2421052631578947,female,0.2285714285714285,0.05590062088711872,two-strong
2,1872,marriage,0.2421052631578947,female,0.2285714285714285,0.05590062088711872,two-strong
2,1873,marriage,0.2421052631578947,female,0.2285714285714285,0.05590062088711872,two-strong
2,1874,marriage,0.2421052631578947,female,0.2285714285714285,0.05590062088711872,two-strong
2,1875,marriage,0.2421052631578947,female,0.2285714285714285,0.05590062088711872,two-strong
2,1876,marriage,0.2421052631578947,female,0.2285714285714285,0.05590062088711872,two-strong
2,1877,marriage,0.2421052631578947,female,0.2285714285714285,0.05590062088711872,two-strong
2,1878,marriage,0.2421052631578947,female,0.2285714285714285,0.05590062088711872,two-strong
2,1879,marriage,0.2421052631578947,female,0.2285714285714285,0.05590062088711872,two-strong
2,1880,marriage,0.2421052631578947,female,0.2285714285714285,0.05590062088711872,two-strong
2,1881,marriage,0.2421052631578947,female,0.2285714285714285,0.05590062088711872,two-strong
2,1882,marriage,0.2421052631578947,female,0.2285714285714285,0.05590062088711872,two-strong
2,1883,marriage,0.2952418724927042,female,0.2399388537159435,0.18731427938228185,two-strong
2,1884,marriage,0.2421052631578947,female,0.2285714285714285,0.05590062088711872,two-strong
2,1885,marriage,0.2421052631578947,female,0.2285714285714285,0.05590062088711872,two-strong
2,1886,marriage,0.2515201046093495,female,0.2285714285714285,0.09123992685325878,two-strong
2,1887,marriage,0.2421052631578947,female,0.2285714285714285,0.05590062088711872,two-strong
2,1888,marriage,0.2421052631578947,female,0.2285714285714285,0.05590062088711872,two-strong
2,1889,marriage,0.2421052631578947,female,0.2285714285714285,0.05590062088711872,two-strong
2,1890,marriage,0.2421052631578947,female,0.2285714285714285,0.05590062088711872,two-strong
2,1891,marriage,0.2421052631578947,female,0.2285714285714285,0.05590062088711872,two-strong
2,1892,marriage,0.2421052631578947,female,0.2285714285714285,0.05590062088711872,two-strong
2,1893,marriage,0.2421052631578947,female,0.2285714285714285,0.05590062088711872,two-strong
2,1894,marriage,0.2421052631578947,female,0.2285714285714285,0.05590062088711872,two-strong
2,1895,marriage,0.2421052631578947,female,0.2285714285714285,0.05590062088711872,two-strong
2,1896,marriage,0.2421052631578947,female,0.2285714285714285,0.05590062088711872,two-strong
2,1897,marriage,0.2421052631578947,female,0.2285714285714285,0.05590062088711872,two-strong
2,1898,society,0.2976557632064549,marriage,0.2404153803599063,0.19230396226039995,two-strong
2,1899,duty,0.2883002765153539,female,0.2407878878295998,0.16480174453950613,two-strong
2,1900,marriage,0.2421052631578947,female,0.2285714285714285,0.05590062088711872,two-strong
2,1901,marriage,0.2421052631578947,female,0.2285714285714285,0.05590062088711872,two-strong
2,1902,marriage,0.2421052631578947,female,0.2285714285714285,0.05590062088711872,two-strong
2,1903,marriage,0.2421052631578947,female,0.2285714285714285,0.05590062088711872,two-strong
2,1904,marriage,0.2421052631578947,female,0.2285714285714285,0.05590062088711872,two-strong
2,1905,marriage,0.2437070938215103,female,0.2336466165413533,0.041281019280646016,two-strong
2,1906,marriage,0.2421052631578947,female,0.2292606516290727,0.05305383000860774,two-strong
2,1907,marriage,0.2421052631578947,female,0.2285714285714285,0.05590062088711872,two-strong
2,1908,marriage,0.2421052631578947,female,0.2285714285714285,0.05590062088711872,two-strong
2,1909,marriage,0.2421052631578947,female,0.2285714285714285,0.05590062088711872,two-strong
2,1910,marriage,0.2421052631578947,female,0.2285714285714285,0.05590062088711872,two-strong
2,1911,marriage,0.2421052631578947,female,0.2285714285714285,0.05590062088711872,two-strong
2,1912,marriage,0.2421052631578947,female,0.2285714285714285,0.05590062088711872,two-strong
2,1913,marriage,0.2421052631578947,female,0.2285714285714285,0.05590062088711872,two-strong
2,1914,marriage,0.2421052631578947,female,0.2285714285714285,0.05590062088711872,two-strong
2,1915,marriage,0.2421052631578947,female,0.2285714285714285,0.05590062088711872,two-strong
2,1916,marriage,0.2421052631578947,female,0.2285714285714285,0.05590062088711872,two-strong
2,1917,marriage,0.2421052631578947,female,0.2336466165413533,0.034937888054449355,two-strong
2,1918,marriage,0.2421052631578947,female,0.2285714285714285,0.05590062088711872,two-strong
2,1919,marriage,0.2421052631578947,female,0.2285714285714285,0.05590062088711872,two-strong
2,1920,marriage,0.2421052631578947,female,0.2285714285714285,0.05590062088711872,two-strong
2,1921,marriage,0.2389582046904701,female,0.2278574039264828,0.04645498877894371,two-strong
2,1922,marriage,0.2421052631578947,female,0.2285714285714285,0.05590062088711872,two-strong
2,1923,marriage,0.2421052631578947,female,0.2285714285714285,0.05590062088711872,two-strong
2,1924,marriage,0.2421052631578947,female,0.2285714285714285,0.05590062088711872,two-strong
2,1925,marriage,0.2421052631578947,female,0.2285714285714285,0.05590062088711872,two-strong
2,1926,male,0.2240601503759398,love,0.1508080546193068,0.3269304930251824,leaning
2,1927,marriage,0.2421052631578947,female,0.2336466165413533,0.034937888054449355,two-strong
2,1928,marriage,0.2421052631578947,female,0.2285714285714285,0.05590062088711872,two-strong
2,1929,marriage,0.2421052631578947,female,0.2285714285714285,0.05590062088711872,two-strong
2,1930,marriage,0.2421052631578947,female,0.2285714285714285,0.05590062088711872,two-strong
2,1931,marriage,0.2421052631578947,male,0.2360902255639098,0.02484472039427473,two-strong
2,1932,marriage,0.2421052631578947,female,0.2285714285714285,0.05590062088711872,two-strong
2,1933,marriage,0.2421052631578947,female,0.2285714285714285,0.05590062088711872,two-strong
2,1934,marriage,0.2421052631578947,female,0.2285714285714285,0.05590062088711872,two-strong
2,1935,marriage,0.2421052631578947,female,0.2285714285714285,0.05590062088711872,two-strong
2,1936,marriage,0.2421052631578947,female,0.2285714285714285,0.05590062088711872,two-strong
2,1937,marriage,0.2421052631578947,female,0.2285714285714285,0.05590062088711872,two-strong
2,1938,marriage,0.2421052631578947,female,0.2285714285714285,0.05590062088711872,two-strong
2,1939,marriage,0.2421052631578947,female,0.2285714285714285,0.05590062088711872,two-strong
2,1940,marriage,0.2421052631578947,female,0.2285714285714285,0.05590062088711872,two-strong
2,1941,marriage,0.2421052631578947,female,0.2285714285714285,0.05590062088711872,two-strong
2,1942,marriage,0.2421052631578947,female,0.2285714285714285,0.05590062088711872,two-strong
2,1943,marriage,0.2421052631578947,female,0.2285714285714285,0.05590062088711872,two-strong
2,1944,marriage,0.2421052631578947,female,0.2285714285714285,0.05590062088711872,two-strong
2,1945,marriage,0.2421052631578947,female,0.2285714285714285,0.05590062088711872,two-strong
2,1946,marriage,0.2421052631578947,female,0.2285714285714285,0.05590062088711872,two-strong
2,1947,marriage,0.2421052631578947,female,0.2285714285714285,0.05590062088711872,two-strong
2,1948,marriage,0.2421052631578947,female,0.2285714285714285,0.05590062088711872,two-strong
2,1949,marriage,0.2421052631578947,female,0.2285714285714285,0.05590062088711872,two-strong
2,1950,marriage,0.2421052631578947,female,0.2285714285714285,0.05590062088711872,two-strong
2,1951,marriage,0.2421052631578947,female,0.2285714285714285,0.05590062088711872,two-strong
2,1952,marriage,0.2421052631578947,female,0.2285714285714285,0.05590062088711872,two-strong
2,1953,marriage,0.2421052631578947,female,0.2285714285714285,0.05590062088711872,two-strong
2,1954,marriage,0.2421052631578947,female,0.2336466165413533,0.034937888054449355,two-strong
2,1955,marriage,0.2421052631578947,female,0.2285714285714285,0.05590062088711872,two-strong
2,1956,marriage,0.2421052631578947,female,0.2285714285714285,0.05590062088711872,two-strong
2,1957,marriage,0.2421052631578947,female,0.2285714285714285,0.05590062088711872,two-strong
2,1958,marriage,0.2421052631578947,female,0.2285714285714285,0.05590062088711872,two-strong
2,1959,marriage,0.2421052631578947,female,0.2285714285714285,0.05590062088711872,two-strong
2,1960,marriage,0.2421052631578947,female,0.2285714285714285,0.05590062088711872,two-strong
2,1961,marriage,0.2421052631578947,female,0.2285714285714285,0.05590062088711872,two-strong
2,1962,marriage,0.2421052631578947,female,0.2285714285714285,0.05590062088711872,two-strong
2,1963,marriage,0.2421052631578947,female,0.2285714285714285,0.05590062088711872,two-strong
2,1964,marriage,0.2421052631578947,female,0.2285714285714285,0.05590062088711872,two-strong
2,1965,marriage,0.2421052631578947,female,0.2285714285714285,0.05590062088711872,two-strong
2,1966,marriage,0.2421052631578947,female,0.2285714285714285,0.05590062088711872,two-strong
2,1967,marriage,0.2421052631578947,female,0.2285714285714285,0.05590062088711872,two-strong
2,1968,marriage,0.2421052631578947,female,0.2336466165413533,0.034937888054449355,two-strong
2,1969,marriage,0.2421052631578947,female,0.2285714285714285,0.05590062088711872,two-strong
2,1970,marriage,0.2421052631578947,female,0.2285714285714285,0.05590062088711872,two-strong
2,1971,marriage,0.2421052631578947,female,0.2285714285714285,0.05590062088711872,two-strong
2,1972,marriage,0.2702921617825125,female,0.2186784965595392,0.19095509352412718,two-strong
2,1973,marriage,0.2421052631578947,female,0.2285714285714285,0.05590062088711872,two-strong
2,1974,marriage,0.2421052631578947,female,0.2285714285714285,0.05590062088711872,two-strong
2,1975,marriage,0.2421052631578947,female,0.2285714285714285,0.05590062088711872,two-strong
2,1976,marriage,0.2421052631578947,female,0.2285714285714285,0.05590062088711872,two-strong
2,1977,marriage,0.2421052631578947,female,0.2285714285714285,0.05590062088711872,two-strong
2,1978,marriage,0.2421052631578947,female,0.2285714285714285,0.05590062088711872,two-strong
2,1979,marriage,0.2421052631578947,female,0.2285714285714285,0.05590062088711872,two-strong
2,1980,marriage,0.3217354036406863,female,0.2133421437089554,0.33690187143931005,leaning
2,1981,marriage,0.2421052631578947,female,0.2285714285714285,0.05590062088711872,two-strong
2,1982,marriage,0.2421052631578947,female,0.2285714285714285,0.05590062088711872,two-strong
2,1983,marriage,0.2421052631578947,female,0.2285714285714285,0.05590062088711872,two-strong
2,1984,marriage,0.2421052631578947,female,0.2285714285714285,0.05590062088711872,two-strong
2,1985,marriage,0.2421052631578947,female,0.2285714285714285,0.05590062088711872,two-strong
2,1986,marriage,0.2421052631578947,female,0.2285714285714285,0.05590062088711872,two-strong
2,1987,marriage,0.2421052631578947,female,0.2303571428571428,0.048524844520068375,two-strong
2,1988,marriage,0.2421052631578947,female,0.2285714285714285,0.05590062088711872,two-strong
2,1989,marriage,0.2421052631578947,female,0.2285714285714285,0.05590062088711872,two-strong
2,1990,marriage,0.2421052631578947,female,0.2285714285714285,0.05590062088711872,two-strong
2,1991,marriage,0.2421052631578947,female,0.2285714285714285,0.05590062088711872,two-strong
2,1992,marriage,0.2890701259991492,female,0.2215143194103123,0.23370040789111265,leaning
2,1993,marriage,0.2421052631578947,female,0.2285714285714285,0.05590062088711872,two-strong
2,1994,marriage,0.2421052631578947,female,0.2285714285714285,0.05590062088711872,two-strong
2,1995,marriage,0.2421052631578947,female,0.2285714285714285,0.05590062088711872,two-strong
2,1996,marriage,0.2421052631578947,female,0.2285714285714285,0.05590062088711872,two-strong
2,1997,marriage,0.2421052631578947,female,0.2285714285714285,0.05590062088711872,two-strong
2,1998,marriage,0.2426718971341397,female,0.2285714285714285,0.05810507385126642,two-strong
2,1999,marriage,0.2421052631578947,female,0.2285714285714285,0.05590062088711872,two-strong
2,2000,marriage,0.2421052631578947,female,0.2285714285714285,0.05590062088711872,two-strong
2,2001,marriage,0.2421052631578947,female,0.2285714285714285,0.05590062088711872,two-strong
2,2002,marriage,0.2421052631578947,female,0.2285714285714285,0.05590062088711872,two-strong
2,2003,marriage,0.2421052631578947,female,0.2285714285714285,0.05590062088711872,two-strong
2,2004,marriage,0.2421052631578947,female,0.2303571428571428,0.048524844520068375,two-strong
2,2005,marriage,0.2421052631578947,female,0.2285714285714285,0.05590062088711872,two-strong
2,2006,marriage,0.2421052631578947,female,0.2285714285714285,0.05590062088711872,two-strong
2,2007,marriage,0.2482360144668088,female,0.2286340852130325,0.0789648883821906,two-strong
2,2008,marriage,0.2421052631578947,female,0.2285714285714285,0.05590062088711872,two-strong
2,2009,marriage,0.2421052631578947,female,0.2285714285714285,0.05590062088711872,two-strong
2,2010,marriage,0.2421052631578947,female,0.2285714285714285,0.05590062088711872,two-strong
2,2011,marriage,0.2421052631578947,female,0.2285714285714285,0.05590062088711872,two-strong
2,2012,marriage,0.2421052631578947,female,0.2285714285714285,0.05590062088711872,two-strong
2,2013,marriage,0.2421052631578947,female,0.2285714285714285,0.05590062088711872,two-strong
2,2014,marriage,0.2421052631578947,female,0.2285714285714285,0.05590062088711872,two-strong
2,2015,marriage,0.2421052631578947,female,0.2285714285714285,0.05590062088711872,two-strong
2,2016,marriage,0.2421052631578947,female,0.2285714285714285,0.05590062088711872,two-strong
2,2017,marriage,0.2421052631578947,female,0.2285714285714285,0.05590062088711872,two-strong
2,2018,marriage,0.2421052631578947,female,0.2285714285714285,0.05590062088711872,two-strong
2,2019,marriage,0.2421052631578947,female,0.2285714285714285,0.05590062088711872,two-strong
2,2020,male,0.2631752836332764,society,0.2219677645918591,0.1565782254167151,two-strong
2,2021,society,0.2713085684713893,marriage,0.2342167687739218,0.13671444204558741,two-strong
2,2022,marriage,0.2421052631578947,female,0.2285714285714285,0.05590062088711872,two-strong
2,2023,marriage,0.2421052631578947,female,0.2285714285714285,0.05590062088711872,two-strong
2,2024,marriage,0.2421052631578947,female,0.2285714285714285,0.05590062088711872,two-strong
2,2025,emotion,0.3042517667830255,love,0.2396607020790238,0.21229478853862985,leaning
2,2026,marriage,0.2421052631578947,female,0.2285714285714285,0.05590062088711872,two-strong
2,2027,marriage,0.2421052631578947,female,0.2285714285714285,0.05590062088711872,two-strong
2,2028,marriage,0.2421052631578947,female,0.2285714285714285,0.05590062088711872,two-strong
2,2029,marriage,0.2421052631578947,female,0.2285714285714285,0.05590062088711872,two-strong
2,2030,marriage,0.2421052631578947,female,0.2285714285714285,0.05590062088711872,two-strong
2,2031,marriage,0.2421052631578947,female,0.2285714285714285,0.05590062088711872,two-strong
2,2032,marriage,0.2421052631578947,female,0.2285714285714285,0.05590062088711872,two-strong
2,2033,marriage,0.2421052631578947,female,0.2285714285714285,0.05590062088711872,two-strong
2,2034,marriage,0.2421052631578947,female,0.2285714285714285,0.05590062088711872,two-strong
2,2035,marriage,0.2421052631578947,female,0.2285714285714285,0.05590062088711872,two-strong
2,2036,marriage,0.2421052631578947,female,0.2285714285714285,0.05590062088711872,two-strong
2,2037,marriage,0.2421052631578947,female,0.2285714285714285,0.05590062088711872,two-strong
2,2038,marriage,0.2421052631578947,female,0.2285714285714285,0.05590062088711872,two-strong
2,2039,marriage,0.2421052631578947,female,0.2285714285714285,0.05590062088711872,two-strong
2,2040,marriage,0.2421052631578947,female,0.2285714285714285,0.05590062088711872,two-strong
2,2041,marriage,0.2421052631578947,female,0.2285714285714285,0.05590062088711872,two-strong
2,2042,marriage,0.2421052631578947,female,0.2285714285714285,0.05590062088711872,two-strong
2,2043,marriage,0.2421052631578947,female,0.2285714285714285,0.05590062088711872,two-strong
2,2044,marriage,0.2399392631204624,male,0.225078683199919,0.06193475659357942,two-strong
2,2045,female,0.3094448674354408,love,0.1469971654592772,0.5249649244387289,dominant
2,2046,marriage,0.2421052631578947,female,0.2285714285714285,0.05590062088711872,two-strong
2,2047,marriage,0.2421052631578947,female,0.2285714285714285,0.05590062088711872,two-strong
2,2048,marriage,0.2421052631578947,female,0.2285714285714285,0.05590062088711872,two-strong
2,2049,marriage,0.2421052631578947,female,0.2285714285714285,0.05590062088711872,two-strong
2,2050,marriage,0.2421052631578947,female,0.2285714285714285,0.05590062088711872,two-strong
2,2051,marriage,0.2421052631578947,female,0.2285714285714285,0.05590062088711872,two-strong
2,2052,marriage,0.2421052631578947,female,0.2285714285714285,0.05590062088711872,two-strong
2,2053,marriage,0.2421052631578947,female,0.2285714285714285,0.05590062088711872,two-strong
2,2054,marriage,0.2421052631578947,female,0.2285714285714285,0.05590062088711872,two-strong
2,2055,marriage,0.2421052631578947,female,0.2285714285714285,0.05590062088711872,two-strong
2,2056,marriage,0.2421052631578947,female,0.2285714285714285,0.05590062088711872,two-strong
2,2057,female,0.2587273262866852,marriage,0.2274652454826322,0.1208302235867523,two-strong
2,2058,marriage,0.2421052631578947,female,0.2285714285714285,0.05590062088711872,two-strong
2,2059,marriage,0.2421052631578947,female,0.2285714285714285,0.05590062088711872,two-strong
2,2060,marriage,0.2421052631578947,female,0.2285714285714285,0.05590062088711872,two-strong
2,2061,marriage,0.2421052631578947,female,0.2285714285714285,0.05590062088711872,two-strong
2,2062,marriage,0.2421052631578947,female,0.2285714285714285,0.05590062088711872,two-strong
2,2063,marriage,0.2421052631578947,female,0.2285714285714285,0.05590062088711872,two-strong
2,2064,marriage,0.2421052631578947,female,0.2285714285714285,0.05590062088711872,two-strong
2,2065,marriage,0.2421052631578947,female,0.2285714285714285,0.05590062088711872,two-strong
2,2066,marriage,0.2421052631578947,female,0.2285714285714285,0.05590062088711872,two-strong
2,2067,marriage,0.2421052631578947,female,0.2285714285714285,0.05590062088711872,two-strong
2,2068,marriage,0.2421052631578947,female,0.2285714285714285,0.05590062088711872,two-strong
2,2069,marriage,0.2421052631578947,female,0.2285714285714285,0.05590062088711872,two-strong
2,2070,marriage,0.2421052631578947,female,0.2285714285714285,0.05590062088711872,two-strong
2,2071,marriage,0.2421052631578947,female,0.2285714285714285,0.05590062088711872,two-strong
2,2072,marriage,0.2421052631578947,female,0.2285714285714285,0.05590062088711872,two-strong
2,2073,marriage,0.2421052631578947,female,0.2285714285714285,0.05590062088711872,two-strong
2,2074,marriage,0.2421052631578947,female,0.2285714285714285,0.05590062088711872,two-strong
2,2075,marriage,0.2421052631578947,female,0.2285714285714285,0.05590062088711872,two-strong
2,2076,marriage,0.2421052631578947,female,0.2285714285714285,0.05590062088711872,two-strong
2,2077,marriage,0.2421052631578947,female,0.2285714285714285,0.05590062088711872,two-strong
2,2078,marriage,0.2421052631578947,female,0.2285714285714285,0.05590062088711872,two-strong
2,2079,marriage,0.2421052631578947,female,0.2285714285714285,0.05590062088711872,two-strong
2,2080,marriage,0.2421052631578947,female,0.2285714285714285,0.05590062088711872,two-strong
2,2081,marriage,0.2421052631578947,female,0.2285714285714285,0.05590062088711872,two-strong
2,2082,marriage,0.2421052631578947,female,0.2285714285714285,0.05590062088711872,two-strong
2,2083,marriage,0.2421052631578947,female,0.2285714285714285,0.05590062088711872,two-strong
2,2084,marriage,0.2421052631578947,female,0.2285714285714285,0.05590062088711872,two-strong
2,2085,marriage,0.2418437397842432,female,0.2310463659147869,0.04464607533129834,two-strong
2,2086,marriage,0.2421052631578947,female,0.2285714285714285,0.05590062088711872,two-strong
2,2087,marriage,0.2421052631578947,female,0.2285714285714285,0.05590062088711872,two-strong
2,2088,marriage,0.2421052631578947,female,0.2285714285714285,0.05590062088711872,two-strong
2,2089,marriage,0.2421052631578947,female,0.2285714285714285,0.05590062088711872,two-strong
2,2090,marriage,0.2421542987904544,female,0.2292606516290727,0.053245584210311656,two-strong
2,2091,marriage,0.2421052631578947,female,0.2285714285714285,0.05590062088711872,two-strong
2,2092,marriage,0.2421052631578947,female,0.2285714285714285,0.05590062088711872,two-strong
2,2093,marriage,0.2421052631578947,female,0.2285714285714285,0.05590062088711872,two-strong
2,2094,marriage,0.2421052631578947,female,0.2285714285714285,0.05590062088711872,two-strong
2,2095,marriage,0.2421052631578947,female,0.2285714285714285,0.05590062088711872,two-strong
2,2096,marriage,0.2421052631578947,female,0.2285714285714285,0.05590062088711872,two-strong
2,2097,marriage,0.2421052631578947,female,0.2285714285714285,0.05590062088711872,two-strong
2,2098,marriage,0.2421052631578947,female,0.2285714285714285,0.05590062088711872,two-strong
2,2099,marriage,0.2421052631578947,female,0.2336466165413533,0.034937888054449355,two-strong
2,2100,marriage,0.2421052631578947,female,0.2285714285714285,0.05590062088711872,two-strong
2,2101,marriage,0.2421052631578947,female,0.2285714285714285,0.05590062088711872,two-strong
2,2102,marriage,0.2421052631578947,female,0.2285714285714285,0.05590062088711872,two-strong
2,2103,marriage,0.2421052631578947,female,0.2285714285714285,0.05590062088711872,two-strong
2,2104,marriage,0.2421052631578947,female,0.2285714285714285,0.05590062088711872,two-strong
2,2105,female,0.2418954583428267,marriage,0.240610843879886,0.00531061834079358,two-strong
2,2106,marriage,0.2421052631578947,female,0.2285714285714285,0.05590062088711872,two-strong
2,2107,marriage,0.2506374632232755,female,0.2285714285714285,0.0880396500987175,two-strong
2,2108,marriage,0.2421052631578947,female,0.2285714285714285,0.05590062088711872,two-strong
2,2109,marriage,0.2421052631578947,female,0.2285714285714285,0.05590062088711872,two-strong
2,2110,marriage,0.2421052631578947,female,0.2285714285714285,0.05590062088711872,two-strong
2,2111,marriage,0.2421052631578947,female,0.2285714285714285,0.05590062088711872,two-strong
2,2112,marriage,0.2421052631578947,female,0.2285714285714285,0.05590062088711872,two-strong
2,2113,marriage,0.2421052631578947,female,0.2285714285714285,0.05590062088711872,two-strong
2,2114,marriage,0.2421052631578947,female,0.2285714285714285,0.05590062088711872,two-strong
2,2115,marriage,0.2421052631578947,female,0.2285714285714285,0.05590062088711872,two-strong
2,2116,marriage,0.2421052631578947,female,0.2285714285714285,0.05590062088711872,two-strong
2,2117,marriage,0.2421052631578947,female,0.2285714285714285,0.05590062088711872,two-strong
2,2118,marriage,0.2421052631578947,female,0.2285714285714285,0.05590062088711872,two-strong
2,2119,marriage,0.2421052631578947,female,0.2285714285714285,0.05590062088711872,two-strong
2,2120,marriage,0.2421052631578947,female,0.2285714285714285,0.05590062088711872,two-strong
2,2121,marriage,0.2421052631578947,female,0.2285714285714285,0.05590062088711872,two-strong
2,2122,marriage,0.2421052631578947,female,0.2285714285714285,0.05590062088711872,two-strong
2,2123,marriage,0.2421052631578947,female,0.2285714285714285,0.05590062088711872,two-strong
2,2124,marriage,0.2421052631578947,female,0.2336466165413533,0.034937888054449355,two-strong
2,2125,marriage,0.2421052631578947,female,0.2285714285714285,0.05590062088711872,two-strong
2,2126,love,0.1427784798182298,,,0.9999999929961434,dominant
2,2127,marriage,0.2421052631578947,female,0.2285714285714285,0.05590062088711872,two-strong
2,2128,marriage,0.2421052631578947,female,0.2285714285714285,0.05590062088711872,two-strong
2,2129,marriage,0.2421052631578947,female,0.2285714285714285,0.05590062088711872,two-strong
2,2130,marriage,0.2421052631578947,female,0.2285714285714285,0.05590062088711872,two-strong
2,2131,marriage,0.2421052631578947,female,0.2285714285714285,0.05590062088711872,two-strong
2,2132,marriage,0.2421052631578947,female,0.2285714285714285,0.05590062088711872,two-strong
2,2133,marriage,0.2421052631578947,female,0.2285714285714285,0.05590062088711872,two-strong
2,2134,marriage,0.2421052631578947,female,0.2285714285714285,0.05590062088711872,two-strong
2,2135,marriage,0.2421052631578947,female,0.2285714285714285,0.05590062088711872,two-strong
2,2136,marriage,0.2421052631578947,female,0.2285714285714285,0.05590062088711872,two-strong
2,2137,marriage,0.2421052631578947,female,0.2285714285714285,0.05590062088711872,two-strong
2,2138,marriage,0.2421052631578947,female,0.2285714285714285,0.05590062088711872,two-strong
2,2139,marriage,0.2421052631578947,female,0.2285714285714285,0.05590062088711872,two-strong
2,2140,marriage,0.2421052631578947,female,0.2285714285714285,0.05590062088711872,two-strong
2,2141,marriage,0.2421052631578947,female,0.2285714285714285,0.05590062088711872,two-strong
2,2142,marriage,0.2421052631578947,female,0.2285714285714285,0.05590062088711872,two-strong
2,2143,marriage,0.2421052631578947,female,0.2285714285714285,0.05590062088711872,two-strong
2,2144,marriage,0.2421052631578947,female,0.2285714285714285,0.05590062088711872,two-strong
2,2145,marriage,0.2421052631578947,female,0.2285714285714285,0.05590062088711872,two-strong
2,2146,marriage,0.2421052631578947,female,0.2285714285714285,0.05590062088711872,two-strong
2,2147,marriage,0.2421052631578947,female,0.2285714285714285,0.05590062088711872,two-strong
2,2148,marriage,0.2421052631578947,female,0.2285714285714285,0.05590062088711872,two-strong
2,2149,male,0.2060150375939849,,,0.9999999951459855,dominant
2,2150,marriage,0.2421052631578947,female,0.2285714285714285,0.05590062088711872,two-strong
2,2151,marriage,0.2468126838836221,female,0.2285714285714285,0.07390728446876531,two-strong
2,2152,marriage,0.2421052631578947,female,0.2285714285714285,0.05590062088711872,two-strong
2,2153,marriage,0.2421052631578947,female,0.2285714285714285,0.05590062088711872,two-strong
2,2154,marriage,0.2421052631578947,female,0.2285714285714285,0.05590062088711872,two-strong
2,2155,marriage,0.2421052631578947,female,0.2285714285714285,0.05590062088711872,two-strong
2,2156,marriage,0.2421052631578947,female,0.2285714285714285,0.05590062088711872,two-strong
2,2157,marriage,0.2421052631578947,female,0.2285714285714285,0.05590062088711872,two-strong
2,2158,marriage,0.2421052631578947,female,0.2285714285714285,0.05590062088711872,two-strong
2,2159,marriage,0.2421052631578947,female,0.2285714285714285,0.05590062088711872,two-strong
2,2160,marriage,0.2421052631578947,female,0.2285714285714285,0.05590062088711872,two-strong
2,2161,marriage,0.2421052631578947,female,0.2285714285714285,0.05590062088711872,two-strong
2,2162,marriage,0.2421052631578947,female,0.2285714285714285,0.05590062088711872,two-strong
2,2163,marriage,0.2421052631578947,female,0.2285714285714285,0.05590062088711872,two-strong
2,2164,marriage,0.2421052631578947,female,0.2285714285714285,0.05590062088711872,two-strong
2,2165,marriage,0.2421052631578947,female,0.2285714285714285,0.05590062088711872,two-strong
2,2166,marriage,0.2421052631578947,female,0.2285714285714285,0.05590062088711872,two-strong
2,2167,marriage,0.2421052631578947,female,0.2285714285714285,0.05590062088711872,two-strong
2,2168,marriage,0.2421052631578947,female,0.2285714285714285,0.05590062088711872,two-strong
2,2169,marriage,0.2421052631578947,female,0.2285714285714285,0.05590062088711872,two-strong
2,2170,marriage,0.2421052631578947,female,0.2285714285714285,0.05590062088711872,two-strong
2,2171,marriage,0.2421052631578947,female,0.2285714285714285,0.05590062088711872,two-strong
2,2172,marriage,0.2421052631578947,female,0.2285714285714285,0.05590062088711872,two-strong
2,2173,marriage,0.2421052631578947,female,0.2285714285714285,0.05590062088711872,two-strong
2,2174,marriage,0.2421052631578947,female,0.2285714285714285,0.05590062088711872,two-strong
2,2175,marriage,0.2421052631578947,female,0.2285714285714285,0.05590062088711872,two-strong
2,2176,marriage,0.2421052631578947,female,0.2285714285714285,0.05590062088711872,two-strong
2,2177,marriage,0.2421052631578947,female,0.2285714285714285,0.05590062088711872,two-strong
2,2178,marriage,0.2421052631578947,female,0.2285714285714285,0.05590062088711872,two-strong
2,2179,marriage,0.2421052631578947,female,0.2285714285714285,0.05590062088711872,two-strong
2,2180,marriage,0.2421052631578947,female,0.2285714285714285,0.05590062088711872,two-strong
2,2181,marriage,0.2421052631578947,female,0.2285714285714285,0.05590062088711872,two-strong
2,2182,marriage,0.2421052631578947,female,0.2285714285714285,0.05590062088711872,two-strong
2,2183,marriage,0.2421542987904544,female,0.2285714285714285,0.05609179862087796,two-strong
2,2184,marriage,0.2421052631578947,female,0.2285714285714285,0.05590062088711872,two-strong
2,2185,marriage,0.2421052631578947,female,0.2285714285714285,0.05590062088711872,two-strong
2,2186,marriage,0.2421052631578947,female,0.2285714285714285,0.05590062088711872,two-strong
2,2187,marriage,0.2421052631578947,female,0.2285714285714285,0.05590062088711872,two-strong
2,2188,marriage,0.2421052631578947,female,0.2285714285714285,0.05590062088711872,two-strong
2,2189,marriage,0.2421052631578947,female,0.2285714285714285,0.05590062088711872,two-strong
2,2190,marriage,0.2421052631578947,female,0.2285714285714285,0.05590062088711872,two-strong
2,2191,marriage,0.2421052631578947,female,0.2285714285714285,0.05590062088711872,two-strong
2,2192,marriage,0.2421052631578947,female,0.2285714285714285,0.05590062088711872,two-strong
2,2193,marriage,0.2421052631578947,female,0.2285714285714285,0.05590062088711872,two-strong
2,2194,marriage,0.2421052631578947,female,0.2285714285714285,0.05590062088711872,two-strong
2,2195,marriage,0.2421052631578947,female,0.2285714285714285,0.05590062088711872,two-strong
2,2196,marriage,0.2421052631578947,female,0.2303571428571428,0.048524844520068375,two-strong
2,2197,marriage,0.2421052631578947,female,0.2285714285714285,0.05590062088711872,two-strong
2,2198,marriage,0.2421052631578947,female,0.2285714285714285,0.05590062088711872,two-strong
2,2199,marriage,0.2421052631578947,female,0.2336466165413533,0.034937888054449355,two-strong
2,2200,marriage,0.2421052631578947,female,0.2387218045112781,0.01397515522177988,two-strong
2,2201,marriage,0.2421052631578947,female,0.2285714285714285,0.05590062088711872,two-strong
2,2202,marriage,0.2421052631578947,female,0.2285714285714285,0.05590062088711872,two-strong
2,2203,marriage,0.2421052631578947,female,0.2285714285714285,0.05590062088711872,two-strong
2,2204,marriage,0.2421052631578947,female,0.2285714285714285,0.05590062088711872,two-strong
2,2205,marriage,0.2421052631578947,female,0.2285714285714285,0.05590062088711872,two-strong
2,2206,male,0.2870572933528914,female,0.24801085814848,0.1360231423222779,two-strong
2,2207,marriage,0.2421052631578947,female,0.2285714285714285,0.05590062088711872,two-strong
2,2208,marriage,0.2421052631578947,female,0.2285714285714285,0.05590062088711872,two-strong
2,2209,marriage,0.2421052631578947,female,0.2285714285714285,0.05590062088711872,two-strong
2,2210,marriage,0.2421052631578947,female,0.2285714285714285,0.05590062088711872,two-strong
2,2211,marriage,0.2421052631578947,female,0.2285714285714285,0.05590062088711872,two-strong
2,2212,marriage,0.2421052631578947,female,0.2285714285714285,0.05590062088711872,two-strong
2,2213,marriage,0.2421052631578947,female,0.2285714285714285,0.05590062088711872,two-strong
2,2214,female,0.3036462955259015,male,0.2242885890133801,0.26134916651536383,leaning
2,2215,marriage,0.2421052631578947,female,0.2285714285714285,0.05590062088711872,two-strong
2,2216,marriage,0.2421052631578947,female,0.2285714285714285,0.05590062088711872,two-strong
2,2217,marriage,0.2421052631578947,female,0.2285714285714285,0.05590062088711872,two-strong
2,2218,marriage,0.2421052631578947,female,0.2285714285714285,0.05590062088711872,two-strong
2,2219,marriage,0.2421052631578947,female,0.2285714285714285,0.05590062088711872,two-strong
2,2220,marriage,0.2421052631578947,female,0.2285714285714285,0.05590062088711872,two-strong
2,2221,marriage,0.2421052631578947,female,0.2285714285714285,0.05590062088711872,two-strong
2,2222,marriage,0.2421052631578947,female,0.2285714285714285,0.05590062088711872,two-strong
2,2223,marriage,0.2421052631578947,female,0.2285714285714285,0.05590062088711872,two-strong
2,2224,marriage,0.2421052631578947,female,0.2285714285714285,0.05590062088711872,two-strong
2,2225,marriage,0.2421052631578947,female,0.2285714285714285,0.05590062088711872,two-strong
2,2226,marriage,0.2421052631578947,female,0.2285714285714285,0.05590062088711872,two-strong
2,2227,marriage,0.2421052631578947,female,0.2285714285714285,0.05590062088711872,two-strong
2,2228,marriage,0.2421052631578947,female,0.2285714285714285,0.05590062088711872,two-strong
2,2229,marriage,0.2421052631578947,female,0.2285714285714285,0.05590062088711872,two-strong
2,2230,marriage,0.2421052631578947,female,0.2285714285714285,0.05590062088711872,two-strong
2,2231,marriage,0.2421052631578947,female,0.2285714285714285,0.05590062088711872,two-strong
2,2232,marriage,0.2421052631578947,female,0.2285714285714285,0.05590062088711872,two-strong
2,2233,marriage,0.2421052631578947,female,0.2285714285714285,0.05590062088711872,two-strong
2,2234,marriage,0.2421052631578947,female,0.2285714285714285,0.05590062088711872,two-strong
2,2235,emotion,0.2515881019571946,female,0.2407251843332267,0.043177389933323394,two-strong
2,2236,male,0.2481931617050356,marriage,0.2244465825941458,0.09567781340983741,two-strong
2,2237,marriage,0.2421052631578947,female,0.2285714285714285,0.05590062088711872,two-strong
2,2238,marriage,0.2421052631578947,female,0.2285714285714285,0.05590062088711872,two-strong
2,2239,marriage,0.2421052631578947,female,0.2285714285714285,0.05590062088711872,two-strong
2,2240,marriage,0.2421052631578947,female,0.2285714285714285,0.05590062088711872,two-strong
2,2241,marriage,0.2421052631578947,female,0.2285714285714285,0.05590062088711872,two-strong
2,2242,male,0.2818616380648536,family,0.2404969886893506,0.1467551580014242,two-strong
2,2243,family,0.2378406853754941,female,0.2104733172844561,0.11506596498730004,two-strong
2,2244,marriage,0.2421052631578947,female,0.2285714285714285,0.05590062088711872,two-strong
2,2245,marriage,0.2421052631578947,female,0.2285714285714285,0.05590062088711872,two-strong
2,2246,female,0.2676335749206183,male,0.2624207710351587,0.01947739130835262,two-strong
2,2247,marriage,0.2421052631578947,female,0.2292606516290727,0.05305383000860774,two-strong
2,2248,marriage,0.2421052631578947,female,0.2285714285714285,0.05590062088711872,two-strong
2,2249,marriage,0.2421542987904544,female,0.2365288220551378,0.023230959517070403,two-strong
2,2250,marriage,0.2421052631578947,female,0.2285714285714285,0.05590062088711872,two-strong
2,2251,marriage,0.2418437397842432,female,0.2336466165413533,0.03389429561546035,two-strong
2,2252,marriage,0.2421052631578947,female,0.2285714285714285,0.05590062088711872,two-strong
2,2253,marriage,0.2421052631578947,female,0.2285714285714285,0.05590062088711872,two-strong
2,2254,marriage,0.2421052631578947,female,0.2285714285714285,0.05590062088711872,two-strong
2,2255,wealth,0.3072349081726722,marriage,0.2847242864239739,0.07326843752656653,two-strong
2,2256,marriage,0.2421052631578947,female,0.2285714285714285,0.05590062088711872,two-strong
2,2257,marriage,0.2421052631578947,female,0.2285714285714285,0.05590062088711872,two-strong
2,2258,marriage,0.2421052631578947,female,0.2285714285714285,0.05590062088711872,two-strong
2,2259,marriage,0.2421052631578947,female,0.2285714285714285,0.05590062088711872,two-strong
2,2260,marriage,0.2421052631578947,female,0.2285714285714285,0.05590062088711872,two-strong
2,2261,marriage,0.2421052631578947,female,0.2285714285714285,0.05590062088711872,two-strong
2,2262,marriage,0.2421052631578947,female,0.2285714285714285,0.05590062088711872,two-strong
2,2263,marriage,0.2494497112346082,female,0.2292606516290727,0.08093438723452064,two-strong
2,2264,marriage,0.2546747303040209,female,0.2336466165413533,0.08256851260820623,two-strong
2,2265,marriage,0.2421052631578947,female,0.2285714285714285,0.05590062088711872,two-strong
2,2266,marriage,0.2421052631578947,female,0.2285714285714285,0.05590062088711872,two-strong
2,2267,marriage,0.2421052631578947,female,0.2285714285714285,0.05590062088711872,two-strong
2,2268,marriage,0.2421052631578947,female,0.2285714285714285,0.05590062088711872,two-strong
2,2269,marriage,0.2421052631578947,female,0.2285714285714285,0.05590062088711872,two-strong
2,2270,marriage,0.2421052631578947,female,0.2285714285714285,0.05590062088711872,two-strong
2,2271,marriage,0.2468126838836221,female,0.2285714285714285,0.07390728446876531,two-strong
2,2272,marriage,0.2421052631578947,female,0.2285714285714285,0.05590062088711872,two-strong
2,2273,marriage,0.2421052631578947,female,0.2285714285714285,0.05590062088711872,two-strong
2,2274,marriage,0.2421052631578947,female,0.2285714285714285,0.05590062088711872,two-strong
2,2275,marriage,0.2421052631578947,female,0.2285714285714285,0.05590062088711872,two-strong
2,2276,marriage,0.2421052631578947,female,0.2285714285714285,0.05590062088711872,two-strong
2,2277,marriage,0.2421052631578947,female,0.2303571428571428,0.048524844520068375,two-strong
2,2278,marriage,0.2421052631578947,female,0.2285714285714285,0.05590062088711872,two-strong
2,2279,marriage,0.2421052631578947,female,0.2285714285714285,0.05590062088711872,two-strong
2,2280,marriage,0.2421052631578947,female,0.2285714285714285,0.05590062088711872,two-strong
2,2281,marriage,0.2421052631578947,female,0.2285714285714285,0.05590062088711872,two-strong
2,2282,marriage,0.2736533261654142,female,0.2700134310657684,0.013301117648920825,two-strong
2,2283,marriage,0.2421052631578947,female,0.2285714285714285,0.05590062088711872,two-strong
2,2284,marriage,0.2421052631578947,female,0.2285714285714285,0.05590062088711872,two-strong
2,2285,marriage,0.2421052631578947,female,0.2285714285714285,0.05590062088711872,two-strong
2,2286,marriage,0.2395923389557213,wealth,0.219954916639512,0.08196181196710403,two-strong
2,2287,marriage,0.2421052631578947,female,0.2285714285714285,0.05590062088711872,two-strong
2,2288,marriage,0.2421052631578947,female,0.2285714285714285,0.05590062088711872,two-strong
2,2289,marriage,0.2421052631578947,female,0.2285714285714285,0.05590062088711872,two-strong
2,2290,marriage,0.2421052631578947,female,0.2285714285714285,0.05590062088711872,two-strong
2,2291,marriage,0.2421052631578947,female,0.2285714285714285,0.05590062088711872,two-strong
2,2292,marriage,0.2421052631578947,female,0.2285714285714285,0.05590062088711872,two-strong
2,2293,marriage,0.2421052631578947,female,0.2285714285714285,0.05590062088711872,two-strong
2,2294,marriage,0.2421052631578947,female,0.2285714285714285,0.05590062088711872,two-strong
2,2295,marriage,0.2421052631578947,female,0.2285714285714285,0.05590062088711872,two-strong
2,2296,marriage,0.2421052631578947,female,0.2285714285714285,0.05590062088711872,two-strong
2,2297,marriage,0.2421052631578947,female,0.2285714285714285,0.05590062088711872,two-strong
2,2298,marriage,0.2421052631578947,female,0.2285714285714285,0.05590062088711872,two-strong
2,2299,marriage,0.2421052631578947,female,0.2285714285714285,0.05590062088711872,two-strong
2,2300,marriage,0.2468126838836221,female,0.2285714285714285,0.07390728446876531,two-strong
2,2301,marriage,0.2421052631578947,female,0.2285714285714285,0.05590062088711872,two-strong
2,2302,marriage,0.2441476403008462,female,0.2194316241579635,0.1012338927838622,two-strong
2,2303,female,0.2729729737465121,family,0.2462402719521053,0.09793167920462194,two-strong
2,2304,marriage,0.2421052631578947,female,0.2285714285714285,0.05590062088711872,two-strong
2,2305,marriage,0.2421052631578947,female,0.2285714285714285,0.05590062088711872,two-strong
2,2306,marriage,0.2421052631578947,female,0.2285714285714285,0.05590062088711872,two-strong
2,2307,marriage,0.2421052631578947,female,0.2285714285714285,0.05590062088711872,two-strong
2,2308,marriage,0.2421052631578947,female,0.2285714285714285,0.05590062088711872,two-strong
2,2309,marriage,0.2421052631578947,female,0.2285714285714285,0.05590062088711872,two-strong
2,2310,marriage,0.2421052631578947,female,0.2285714285714285,0.05590062088711872,two-strong
2,2311,marriage,0.2421052631578947,female,0.2285714285714285,0.05590062088711872,two-strong
2,2312,marriage,0.2389563077475313,female,0.2284140567035303,0.04411790213557153,two-strong
2,2313,marriage,0.2421052631578947,female,0.2285714285714285,0.05590062088711872,two-strong
2,2314,marriage,0.2421052631578947,female,0.2285714285714285,0.05590062088711872,two-strong
2,2315,society,0.2864981786572201,marriage,0.2326408338491717,0.18798494591653553,two-strong
2,2316,marriage,0.2421052631578947,female,0.2285714285714285,0.05590062088711872,two-strong
2,2317,marriage,0.2421052631578947,female,0.2285714285714285,0.05590062088711872,two-strong
2,2318,marriage,0.2421052631578947,female,0.2285714285714285,0.05590062088711872,two-strong
2,2319,marriage,0.2421052631578947,female,0.2285714285714285,0.05590062088711872,two-strong
2,2320,marriage,0.2421052631578947,female,0.2285714285714285,0.05590062088711872,two-strong
2,2321,marriage,0.2421052631578947,female,0.2285714285714285,0.05590062088711872,two-strong
2,2322,marriage,0.2421052631578947,female,0.2285714285714285,0.05590062088711872,two-strong
2,2323,marriage,0.2421052631578947,female,0.2285714285714285,0.05590062088711872,two-strong
2,2324,marriage,0.2421052631578947,female,0.2285714285714285,0.05590062088711872,two-strong
2,2325,marriage,0.2421052631578947,female,0.2285714285714285,0.05590062088711872,two-strong
2,2326,marriage,0.2421052631578947,female,0.2285714285714285,0.05590062088711872,two-strong
2,2327,marriage,0.2421052631578947,female,0.2285714285714285,0.05590062088711872,two-strong
2,2328,marriage,0.2421052631578947,female,0.2285714285714285,0.05590062088711872,two-strong
2,2329,marriage,0.2421052631578947,female,0.2285714285714285,0.05590062088711872,two-strong
2,2330,marriage,0.2421052631578947,female,0.2285714285714285,0.05590062088711872,two-strong
2,2331,marriage,0.2421052631578947,female,0.2285714285714285,0.05590062088711872,two-strong
2,2332,marriage,0.2421052631578947,female,0.2285714285714285,0.05590062088711872,two-strong
2,2333,marriage,0.2421052631578947,female,0.2285714285714285,0.05590062088711872,two-strong
2,2334,marriage,0.2421052631578947,female,0.2285714285714285,0.05590062088711872,two-strong
2,2335,marriage,0.2421052631578947,female,0.2285714285714285,0.05590062088711872,two-strong
2,2336,marriage,0.2421052631578947,female,0.2285714285714285,0.05590062088711872,two-strong
2,2337,marriage,0.2468126838836221,female,0.2336466165413533,0.05334437064479448,two-strong
2,2338,marriage,0.2421052631578947,female,0.2285714285714285,0.05590062088711872,two-strong
2,2339,marriage,0.2421052631578947,female,0.2285714285714285,0.05590062088711872,two-strong
2,2340,marriage,0.2933455213236299,female,0.2582660299957973,0.11958420585377671,two-strong
2,2341,marriage,0.2421052631578947,female,0.2285714285714285,0.05590062088711872,two-strong
2,2342,marriage,0.2421052631578947,female,0.2285714285714285,0.05590062088711872,two-strong
2,2343,marriage,0.2421052631578947,female,0.2285714285714285,0.05590062088711872,two-strong
2,2344,marriage,0.2414888152057161,female,0.2341191520467836,0.030517616818555023,two-strong
2,2345,marriage,0.2421052631578947,female,0.2285714285714285,0.05590062088711872,two-strong
2,2346,marriage,0.2421052631578947,female,0.2285714285714285,0.05590062088711872,two-strong
2,2347,marriage,0.2421052631578947,female,0.2285714285714285,0.05590062088711872,two-strong
2,2348,marriage,0.2421052631578947,female,0.2285714285714285,0.05590062088711872,two-strong
2,2349,marriage,0.2421052631578947,female,0.2285714285714285,0.05590062088711872,two-strong
2,2350,marriage,0.2421052631578947,female,0.2285714285714285,0.05590062088711872,two-strong
2,2351,marriage,0.2421052631578947,female,0.2285714285714285,0.05590062088711872,two-strong
2,2352,marriage,0.2421052631578947,female,0.2285714285714285,0.05590062088711872,two-strong
2,2353,marriage,0.2421052631578947,female,0.2285714285714285,0.05590062088711872,two-strong
2,2354,female,0.2685826427643836,family,0.257973285803267,0.03950127533342675,two-strong
2,2355,female,0.2574386857157406,marriage,0.2513874707655634,0.023505460765727237,two-strong
2,2356,marriage,0.2421052631578947,female,0.2285714285714285,0.05590062088711872,two-strong
2,2357,marriage,0.2421052631578947,female,0.2285714285714285,0.05590062088711872,two-strong
2,2358,female,0.2303571428571428,family,0.2065457762052189,0.1033671726138896,two-strong
2,2359,marriage,0.2421052631578947,female,0.2285714285714285,0.05590062088711872,two-strong
2,2360,marriage,0.2421052631578947,female,0.2285714285714285,0.05590062088711872,two-strong
2,2361,marriage,0.2421052631578947,female,0.2285714285714285,0.05590062088711872,two-strong
2,2362,marriage,0.2421052631578947,female,0.2285714285714285,0.05590062088711872,two-strong
2,2363,female,0.3692111793142827,marriage,0.2634222929718825,0.286526768372371,leaning
2,2364,marriage,0.2421052631578947,female,0.2285714285714285,0.05590062088711872,two-strong
2,2365,marriage,0.2421052631578947,female,0.2285714285714285,0.05590062088711872,two-strong
2,2366,marriage,0.2421052631578947,female,0.2285714285714285,0.05590062088711872,two-strong
2,2367,marriage,0.2421052631578947,female,0.2285714285714285,0.05590062088711872,two-strong
2,2368,marriage,0.2421052631578947,female,0.2285714285714285,0.05590062088711872,two-strong
2,2369,marriage,0.2421052631578947,female,0.2285714285714285,0.05590062088711872,two-strong
2,2370,marriage,0.2421052631578947,female,0.2285714285714285,0.05590062088711872,two-strong
2,2371,marriage,0.2421052631578947,female,0.2285714285714285,0.05590062088711872,two-strong
2,2372,marriage,0.2421052631578947,female,0.2285714285714285,0.05590062088711872,two-strong
2,2373,marriage,0.2421052631578947,female,0.2285714285714285,0.05590062088711872,two-strong
2,2374,marriage,0.2421052631578947,female,0.2285714285714285,0.05590062088711872,two-strong
2,2375,marriage,0.2421052631578947,female,0.2285714285714285,0.05590062088711872,two-strong
2,2376,marriage,0.2421052631578947,female,0.2285714285714285,0.05590062088711872,two-strong
2,2377,marriage,0.2421052631578947,female,0.2285714285714285,0.05590062088711872,two-strong
2,2378,marriage,0.2421052631578947,female,0.2285714285714285,0.05590062088711872,two-strong
2,2379,marriage,0.2421052631578947,female,0.2285714285714285,0.05590062088711872,two-strong
2,2380,marriage,0.2421052631578947,female,0.2285714285714285,0.05590062088711872,two-strong
2,2381,marriage,0.2421052631578947,female,0.2285714285714285,0.05590062088711872,two-strong
2,2382,emotion,0.1887155906294662,,,0.9999999947010207,dominant
2,2383,marriage,0.2421052631578947,female,0.2285714285714285,0.05590062088711872,two-strong
2,2384,marriage,0.2421052631578947,female,0.2285714285714285,0.05590062088711872,two-strong
2,2385,marriage,0.2421052631578947,female,0.2285714285714285,0.05590062088711872,two-strong
2,2386,marriage,0.2421052631578947,female,0.2285714285714285,0.05590062088711872,two-strong
2,2387,marriage,0.2421052631578947,female,0.2285714285714285,0.05590062088711872,two-strong
2,2388,marriage,0.2421052631578947,female,0.2285714285714285,0.05590062088711872,two-strong
2,2389,marriage,0.2421052631578947,female,0.2285714285714285,0.05590062088711872,two-strong
2,2390,marriage,0.2421052631578947,female,0.2285714285714285,0.05590062088711872,two-strong
2,2391,marriage,0.2421052631578947,female,0.2285714285714285,0.05590062088711872,two-strong
2,2392,marriage,0.2421052631578947,female,0.2285714285714285,0.05590062088711872,two-strong
2,2393,marriage,0.2421052631578947,female,0.2285714285714285,0.05590062088711872,two-strong
2,2394,marriage,0.2421052631578947,female,0.2285714285714285,0.05590062088711872,two-strong
2,2395,marriage,0.2421052631578947,female,0.2285714285714285,0.05590062088711872,two-strong
2,2396,marriage,0.2421052631578947,female,0.2285714285714285,0.05590062088711872,two-strong
2,2397,marriage,0.2421052631578947,female,0.2285714285714285,0.05590062088711872,two-strong
2,2398,marriage,0.2421052631578947,female,0.2285714285714285,0.05590062088711872,two-strong
2,2399,marriage,0.2421052631578947,female,0.2336466165413533,0.034937888054449355,two-strong
2,2400,marriage,0.2421052631578947,female,0.2285714285714285,0.05590062088711872,two-strong
2,2401,marriage,0.2421052631578947,female,0.2285714285714285,0.05590062088711872,two-strong
2,2402,marriage,0.2421052631578947,female,0.2285714285714285,0.05590062088711872,two-strong
2,2403,female,0.25156492298803,,,0.9999999960248829,dominant
2,2404,marriage,0.2421052631578947,female,0.2285714285714285,0.05590062088711872,two-strong
2,2405,marriage,0.2421052631578947,female,0.2285714285714285,0.05590062088711872,two-strong
2,2406,marriage,0.2421052631578947,female,0.2285714285714285,0.05590062088711872,two-strong
2,2407,marriage,0.2421052631578947,female,0.2285714285714285,0.05590062088711872,two-strong
2,2408,marriage,0.2421052631578947,female,0.2285714285714285,0.05590062088711872,two-strong
2,2409,marriage,0.2421052631578947,female,0.2285714285714285,0.05590062088711872,two-strong
2,2410,marriage,0.2421052631578947,female,0.2285714285714285,0.05590062088711872,two-strong
2,2411,marriage,0.2421052631578947,female,0.2285714285714285,0.05590062088711872,two-strong
2,2412,marriage,0.2421052631578947,female,0.2285714285714285,0.05590062088711872,two-strong
2,2413,marriage,0.2421052631578947,female,0.2285714285714285,0.05590062088711872,two-strong
2,2414,marriage,0.2421052631578947,female,0.2285714285714285,0.05590062088711872,two-strong
2,2415,marriage,0.2421052631578947,female,0.2285714285714285,0.05590062088711872,two-strong
2,2416,marriage,0.2421052631578947,female,0.2285714285714285,0.05590062088711872,two-strong
2,2417,male,0.3239287767508221,,,0.9999999969129015,dominant
2,2418,marriage,0.2421052631578947,female,0.2285714285714285,0.05590062088711872,two-strong
2,2419,marriage,0.2421052631578947,female,0.2285714285714285,0.05590062088711872,two-strong
2,2420,marriage,0.2421052631578947,female,0.2285714285714285,0.05590062088711872,two-strong
2,2421,marriage,0.2421052631578947,female,0.2285714285714285,0.05590062088711872,two-strong
2,2422,marriage,0.2421052631578947,female,0.2285714285714285,0.05590062088711872,two-strong
2,2423,marriage,0.2421052631578947,female,0.2285714285714285,0.05590062088711872,two-strong
2,2424,marriage,0.2421052631578947,female,0.2285714285714285,0.05590062088711872,two-strong
2,2425,marriage,0.2421052631578947,female,0.2285714285714285,0.05590062088711872,two-strong
2,2426,marriage,0.2421052631578947,female,0.2285714285714285,0.05590062088711872,two-strong
2,2427,marriage,0.2421052631578947,female,0.2285714285714285,0.05590062088711872,two-strong
2,2428,marriage,0.2421052631578947,female,0.2285714285714285,0.05590062088711872,two-strong
2,2429,marriage,0.2421052631578947,female,0.2285714285714285,0.05590062088711872,two-strong
2,2430,marriage,0.2421052631578947,female,0.2285714285714285,0.05590062088711872,two-strong
2,2431,marriage,0.2421052631578947,female,0.2285714285714285,0.05590062088711872,two-strong
2,2432,marriage,0.2421052631578947,female,0.2303571428571428,0.048524844520068375,two-strong
2,2433,female,0.2590225563909774,duty,0.1480141530296329,0.4285665483326406,leaning
2,2434,marriage,0.2421052631578947,female,0.2285714285714285,0.05590062088711872,two-strong
2,2435,marriage,0.2421052631578947,female,0.2285714285714285,0.05590062088711872,two-strong
2,2436,marriage,0.2421052631578947,female,0.2285714285714285,0.05590062088711872,two-strong
2,2437,female,0.2875172981258508,marriage,0.2446333224365261,0.1491526799246737,two-strong
2,2438,marriage,0.2421052631578947,female,0.2285714285714285,0.05590062088711872,two-strong
2,2439,marriage,0.2421052631578947,female,0.2285714285714285,0.05590062088711872,two-strong
2,2440,marriage,0.2421052631578947,female,0.2285714285714285,0.05590062088711872,two-strong
2,2441,love,0.1408175611442399,,,0.9999999928986131,dominant
2,2442,marriage,0.2468126838836221,female,0.2285714285714285,0.07390728446876531,two-strong
2,2443,marriage,0.2421052631578947,female,0.2285714285714285,0.05590062088711872,two-strong
2,2444,marriage,0.2421052631578947,female,0.2285714285714285,0.05590062088711872,two-strong
2,2445,marriage,0.2515201046093495,female,0.2285714285714285,0.09123992685325878,two-strong
2,2446,marriage,0.2421052631578947,female,0.2285714285714285,0.05590062088711872,two-strong
2,2447,marriage,0.2421052631578947,female,0.2285714285714285,0.05590062088711872,two-strong
2,2448,marriage,0.2421052631578947,female,0.2285714285714285,0.05590062088711872,two-strong
2,2449,marriage,0.2421052631578947,female,0.2285714285714285,0.05590062088711872,two-strong
2,2450,marriage,0.2421052631578947,female,0.2285714285714285,0.05590062088711872,two-strong
2,2451,marriage,0.2421052631578947,female,0.2285714285714285,0.05590062088711872,two-strong
2,2452,marriage,0.2421052631578947,female,0.2285714285714285,0.05590062088711872,two-strong
2,2453,marriage,0.2421052631578947,female,0.2285714285714285,0.05590062088711872,two-strong
2,2454,marriage,0.2421052631578947,female,0.2285714285714285,0.05590062088711872,two-strong
2,2455,marriage,0.2421052631578947,female,0.2285714285714285,0.05590062088711872,two-strong
2,2456,marriage,0.2421052631578947,female,0.2285714285714285,0.05590062088711872,two-strong
2,2457,marriage,0.2421052631578947,female,0.2285714285714285,0.05590062088711872,two-strong
2,2458,marriage,0.2421052631578947,female,0.2285714285714285,0.05590062088711872,two-strong
2,2459,marriage,0.2421052631578947,female,0.2365288220551378,0.023033126198859076,two-strong
2,2460,marriage,0.2421052631578947,female,0.2285714285714285,0.05590062088711872,two-strong
2,2461,marriage,0.2421052631578947,female,0.2285714285714285,0.05590062088711872,two-strong
2,2462,marriage,0.3116441411154939,family,0.2185794352556325,0.2986249163168035,leaning
2,2463,marriage,0.2421052631578947,female,0.2285714285714285,0.05590062088711872,two-strong
2,2464,marriage,0.2421052631578947,female,0.2285714285714285,0.05590062088711872,two-strong
2,2465,marriage,0.2421052631578947,female,0.2285714285714285,0.05590062088711872,two-strong
2,2466,marriage,0.2515201046093495,female,0.2285714285714285,0.09123992685325878,two-strong
2,2467,marriage,0.2421052631578947,female,0.2285714285714285,0.05590062088711872,two-strong
2,2468,marriage,0.2421052631578947,female,0.2285714285714285,0.05590062088711872,two-strong
2,2469,marriage,0.2421052631578947,female,0.2285714285714285,0.05590062088711872,two-strong
2,2470,marriage,0.2646071700991609,female,0.2340225563909774,0.11558497670768711,two-strong
2,2471,marriage,0.2421052631578947,female,0.2285714285714285,0.05590062088711872,two-strong
2,2472,marriage,0.2421052631578947,female,0.2336466165413533,0.034937888054449355,two-strong
2,2473,marriage,0.2421052631578947,female,0.2285714285714285,0.05590062088711872,two-strong
2,2474,marriage,0.2421052631578947,female,0.2285714285714285,0.05590062088711872,two-strong
2,2475,marriage,0.2421052631578947,female,0.2285714285714285,0.05590062088711872,two-strong
2,2476,marriage,0.2421052631578947,female,0.2285714285714285,0.05590062088711872,two-strong
2,2477,marriage,0.2421052631578947,female,0.2285714285714285,0.05590062088711872,two-strong
2,2478,marriage,0.2421052631578947,female,0.2285714285714285,0.05590062088711872,two-strong
2,2479,marriage,0.2421052631578947,female,0.2285714285714285,0.05590062088711872,two-strong
2,2480,marriage,0.2421052631578947,female,0.2285714285714285,0.05590062088711872,two-strong
2,2481,marriage,0.2421052631578947,female,0.2285714285714285,0.05590062088711872,two-strong
2,2482,marriage,0.2421052631578947,female,0.2285714285714285,0.05590062088711872,two-strong
2,2483,marriage,0.2421052631578947,female,0.2285714285714285,0.05590062088711872,two-strong
2,2484,marriage,0.2421052631578947,female,0.2285714285714285,0.05590062088711872,two-strong
2,2485,marriage,0.2421052631578947,female,0.2285714285714285,0.05590062088711872,two-strong
2,2486,marriage,0.2421052631578947,female,0.2285714285714285,0.05590062088711872,two-strong
2,2487,marriage,0.2421052631578947,female,0.2285714285714285,0.05590062088711872,two-strong
2,2488,marriage,0.2421052631578947,female,0.2285714285714285,0.05590062088711872,two-strong
2,2489,marriage,0.2421052631578947,female,0.2285714285714285,0.05590062088711872,two-strong
2,2490,marriage,0.2421052631578947,female,0.2285714285714285,0.05590062088711872,two-strong
2,2491,marriage,0.2421052631578947,female,0.2285714285714285,0.05590062088711872,two-strong
2,2492,marriage,0.2421052631578947,female,0.2285714285714285,0.05590062088711872,two-strong
2,2493,marriage,0.2421052631578947,female,0.2285714285714285,0.05590062088711872,two-strong
2,2494,marriage,0.2421052631578947,female,0.2285714285714285,0.05590062088711872,two-strong
2,2495,marriage,0.2421052631578947,female,0.2285714285714285,0.05590062088711872,two-strong
2,2496,marriage,0.2421052631578947,female,0.2387218045112781,0.01397515522177988,two-strong
2,2497,marriage,0.2421052631578947,female,0.2285714285714285,0.05590062088711872,two-strong
2,2498,marriage,0.2421052631578947,female,0.2285714285714285,0.05590062088711872,two-strong
2,2499,marriage,0.2421052631578947,female,0.2285714285714285,0.05590062088711872,two-strong
2,2500,marriage,0.2421052631578947,female,0.2285714285714285,0.05590062088711872,two-strong
2,2501,marriage,0.2421052631578947,female,0.2285714285714285,0.05590062088711872,two-strong
2,2502,female,0.244407894736842,marriage,0.2421052631578947,0.00942126510277131,two-strong
2,2503,marriage,0.2421052631578947,female,0.2285714285714285,0.05590062088711872,two-strong
2,2504,marriage,0.2421052631578947,female,0.2285714285714285,0.05590062088711872,two-strong
2,2505,marriage,0.2421052631578947,female,0.2285714285714285,0.05590062088711872,two-strong
2,2506,marriage,0.2421052631578947,female,0.2303571428571428,0.048524844520068375,two-strong
2,2507,marriage,0.2421052631578947,female,0.2285714285714285,0.05590062088711872,two-strong
2,2508,marriage,0.2421052631578947,female,0.2285714285714285,0.05590062088711872,two-strong
2,2509,marriage,0.2515201046093495,female,0.2285714285714285,0.09123992685325878,two-strong
2,2510,marriage,0.2421052631578947,female,0.2285714285714285,0.05590062088711872,two-strong
2,2511,marriage,0.2421052631578947,female,0.2285714285714285,0.05590062088711872,two-strong
2,2512,marriage,0.2421052631578947,female,0.2285714285714285,0.05590062088711872,two-strong
2,2513,marriage,0.2421052631578947,female,0.2285714285714285,0.05590062088711872,two-strong
2,2514,marriage,0.2421052631578947,female,0.2285714285714285,0.05590062088711872,two-strong
2,2515,marriage,0.2421052631578947,female,0.2285714285714285,0.05590062088711872,two-strong
2,2516,marriage,0.2421052631578947,female,0.2285714285714285,0.05590062088711872,two-strong
2,2517,marriage,0.2421052631578947,female,0.2285714285714285,0.05590062088711872,two-strong
2,2518,marriage,0.2421052631578947,female,0.2285714285714285,0.05590062088711872,two-strong
2,2519,marriage,0.2421052631578947,female,0.2336466165413533,0.034937888054449355,two-strong
2,2520,marriage,0.2421052631578947,female,0.2285714285714285,0.05590062088711872,two-strong
2,2521,marriage,0.2421052631578947,female,0.2285714285714285,0.05590062088711872,two-strong
2,2522,marriage,0.2421052631578947,female,0.2285714285714285,0.05590062088711872,two-strong
2,2523,marriage,0.2421052631578947,female,0.2285714285714285,0.05590062088711872,two-strong
2,2524,marriage,0.2421052631578947,female,0.2285714285714285,0.05590062088711872,two-strong
2,2525,marriage,0.2421052631578947,female,0.2285714285714285,0.05590062088711872,two-strong
2,2526,female,0.2617009928358661,male,0.2320191909079681,0.11341875891581013,two-strong
2,2527,marriage,0.2468126838836221,female,0.2285714285714285,0.07390728446876531,two-strong
2,2528,marriage,0.2421052631578947,female,0.2285714285714285,0.05590062088711872,two-strong
2,2529,marriage,0.2421052631578947,female,0.2285714285714285,0.05590062088711872,two-strong
2,2530,marriage,0.2421052631578947,female,0.2285714285714285,0.05590062088711872,two-strong
2,2531,marriage,0.2421052631578947,female,0.2285714285714285,0.05590062088711872,two-strong
2,2532,marriage,0.2421052631578947,female,0.2285714285714285,0.05590062088711872,two-strong
2,2533,marriage,0.2421052631578947,female,0.2285714285714285,0.05590062088711872,two-strong
2,2534,marriage,0.2421052631578947,female,0.2285714285714285,0.05590062088711872,two-strong
2,2535,marriage,0.2421052631578947,female,0.2285714285714285,0.05590062088711872,two-strong
2,2536,marriage,0.2421052631578947,female,0.2336466165413533,0.034937888054449355,two-strong
2,2537,marriage,0.2421052631578947,female,0.2285714285714285,0.05590062088711872,two-strong
2,2538,marriage,0.2421052631578947,female,0.2285714285714285,0.05590062088711872,two-strong
2,2539,marriage,0.2421052631578947,female,0.2285714285714285,0.05590062088711872,two-strong
2,2540,marriage,0.2421052631578947,female,0.2285714285714285,0.05590062088711872,two-strong
2,2541,marriage,0.2421052631578947,female,0.2285714285714285,0.05590062088711872,two-strong
2,2542,marriage,0.2421052631578947,female,0.2285714285714285,0.05590062088711872,two-strong
2,2543,marriage,0.2421052631578947,female,0.2285714285714285,0.05590062088711872,two-strong
2,2544,marriage,0.2421052631578947,female,0.2336466165413533,0.034937888054449355,two-strong
2,2545,marriage,0.2421052631578947,female,0.2285714285714285,0.05590062088711872,two-strong
2,2546,marriage,0.2421052631578947,female,0.2285714285714285,0.05590062088711872,two-strong
2,2547,marriage,0.2421052631578947,female,0.2285714285714285,0.05590062088711872,two-strong
2,2548,marriage,0.2562275253350768,female,0.2303571428571428,0.10096644512776705,two-strong
2,2549,marriage,0.2421052631578947,female,0.2285714285714285,0.05590062088711872,two-strong
2,2550,marriage,0.2421052631578947,female,0.2285714285714285,0.05590062088711872,two-strong
2,2551,marriage,0.2421052631578947,female,0.2285714285714285,0.05590062088711872,two-strong
2,2552,marriage,0.2421052631578947,female,0.2285714285714285,0.05590062088711872,two-strong
2,2553,marriage,0.2421052631578947,female,0.2285714285714285,0.05590062088711872,two-strong
2,2554,marriage,0.2421052631578947,female,0.2285714285714285,0.05590062088711872,two-strong
2,2555,marriage,0.2421052631578947,female,0.2285714285714285,0.05590062088711872,two-strong
2,2556,marriage,0.2421052631578947,female,0.2285714285714285,0.05590062088711872,two-strong
2,2557,marriage,0.2421052631578947,female,0.2285714285714285,0.05590062088711872,two-strong
2,2558,marriage,0.2437070938215103,female,0.2303571428571428,0.05477867180742083,two-strong
2,2559,marriage,0.2421052631578947,female,0.2285714285714285,0.05590062088711872,two-strong
2,2560,marriage,0.2421052631578947,female,0.2285714285714285,0.05590062088711872,two-strong
2,2561,marriage,0.2421052631578947,female,0.2285714285714285,0.05590062088711872,two-strong
2,2562,marriage,0.2421052631578947,female,0.2285714285714285,0.05590062088711872,two-strong
2,2563,marriage,0.2421052631578947,female,0.2285714285714285,0.05590062088711872,two-strong
2,2564,marriage,0.2421052631578947,female,0.2285714285714285,0.05590062088711872,two-strong
2,2565,marriage,0.2437070938215103,female,0.2285714285714285,0.06210596889338432,two-strong
2,2566,marriage,0.2421052631578947,female,0.2285714285714285,0.05590062088711872,two-strong
2,2567,female,0.3130995922998754,marriage,0.2954845124362991,0.056260308989623045,two-strong
2,2568,marriage,0.2421052631578947,female,0.2285714285714285,0.05590062088711872,two-strong
2,2569,marriage,0.2421052631578947,female,0.2285714285714285,0.05590062088711872,two-strong
2,2570,marriage,0.2421052631578947,female,0.2285714285714285,0.05590062088711872,two-strong
2,2571,marriage,0.2421052631578947,female,0.2285714285714285,0.05590062088711872,two-strong
2,2572,marriage,0.2421052631578947,female,0.2285714285714285,0.05590062088711872,two-strong
2,2573,marriage,0.2421052631578947,female,0.2285714285714285,0.05590062088711872,two-strong
2,2574,marriage,0.2421052631578947,female,0.2285714285714285,0.05590062088711872,two-strong
2,2575,marriage,0.2421052631578947,female,0.2285714285714285,0.05590062088711872,two-strong
2,2576,marriage,0.2421052631578947,female,0.2285714285714285,0.05590062088711872,two-strong
2,2577,marriage,0.2421052631578947,female,0.2285714285714285,0.05590062088711872,two-strong
2,2578,marriage,0.2421052631578947,female,0.2285714285714285,0.05590062088711872,two-strong
2,2579,marriage,0.2421052631578947,female,0.2285714285714285,0.05590062088711872,two-strong
2,2580,marriage,0.2421052631578947,female,0.2285714285714285,0.05590062088711872,two-strong
2,2581,marriage,0.2421052631578947,female,0.2285714285714285,0.05590062088711872,two-strong
2,2582,marriage,0.2421052631578947,female,0.2285714285714285,0.05590062088711872,two-strong
2,2583,marriage,0.2521068339963404,male,0.2332859459573303,0.0746544140276216,two-strong
2,2584,marriage,0.2421052631578947,female,0.2285714285714285,0.05590062088711872,two-strong
2,2585,marriage,0.2421052631578947,female,0.2285714285714285,0.05590062088711872,two-strong
2,2586,marriage,0.2656423667865316,female,0.2285714285714285,0.13955205460633835,two-strong
2,2587,marriage,0.2421052631578947,female,0.2285714285714285,0.05590062088711872,two-strong
2,2588,marriage,0.2421052631578947,female,0.2285714285714285,0.05590062088711872,two-strong
2,2589,marriage,0.2421052631578947,female,0.2285714285714285,0.05590062088711872,two-strong
2,2590,marriage,0.2421052631578947,female,0.2285714285714285,0.05590062088711872,two-strong
2,2591,marriage,0.2421052631578947,female,0.2285714285714285,0.05590062088711872,two-strong
2,2592,marriage,0.2421052631578947,female,0.2285714285714285,0.05590062088711872,two-strong
2,2593,marriage,0.2421052631578947,female,0.2285714285714285,0.05590062088711872,two-strong
2,2594,marriage,0.2421052631578947,female,0.2285714285714285,0.05590062088711872,two-strong
2,2595,marriage,0.2421052631578947,female,0.2336466165413533,0.034937888054449355,two-strong
2,2596,marriage,0.2421052631578947,female,0.2336466165413533,0.034937888054449355,two-strong
2,2597,marriage,0.2421052631578947,female,0.2285714285714285,0.05590062088711872,two-strong
2,2598,marriage,0.2421052631578947,female,0.2285714285714285,0.05590062088711872,two-strong
2,2599,marriage,0.2415196742312485,female,0.2274827694235588,0.05811909441435674,two-strong
2,2600,marriage,0.2421052631578947,female,0.2285714285714285,0.05590062088711872,two-strong
2,2601,marriage,0.2421052631578947,female,0.2285714285714285,0.05590062088711872,two-strong
2,2602,marriage,0.2421052631578947,female,0.2285714285714285,0.05590062088711872,two-strong
2,2603,marriage,0.2421052631578947,female,0.2285714285714285,0.05590062088711872,two-strong
2,2604,marriage,0.2421052631578947,female,0.2285714285714285,0.05590062088711872,two-strong
2,2605,marriage,0.2421052631578947,female,0.2285714285714285,0.05590062088711872,two-strong
2,2606,marriage,0.2421052631578947,female,0.2285714285714285,0.05590062088711872,two-strong
2,2607,marriage,0.2437070938215103,female,0.2285714285714285,0.06210596889338432,two-strong
2,2608,marriage,0.2421052631578947,female,0.2285714285714285,0.05590062088711872,two-strong
2,2609,marriage,0.2421052631578947,female,0.2285714285714285,0.05590062088711872,two-strong
2,2610,marriage,0.2421052631578947,female,0.2285714285714285,0.05590062088711872,two-strong
2,2611,marriage,0.2421052631578947,female,0.2285714285714285,0.05590062088711872,two-strong
2,2612,marriage,0.2421052631578947,female,0.2285714285714285,0.05590062088711872,two-strong
2,2613,marriage,0.2421052631578947,female,0.2285714285714285,0.05590062088711872,two-strong
2,2614,marriage,0.2421052631578947,female,0.2285714285714285,0.05590062088711872,two-strong
2,2615,marriage,0.2425241034628954,female,0.2271666031019577,0.06332360403906705,two-strong
2,2616,marriage,0.2421052631578947,female,0.2285714285714285,0.05590062088711872,two-strong
2,2617,marriage,0.2421052631578947,female,0.2285714285714285,0.05590062088711872,two-strong
2,2618,marriage,0.2421052631578947,female,0.2285714285714285,0.05590062088711872,two-strong
2,2619,marriage,0.2421052631578947,female,0.2285714285714285,0.05590062088711872,two-strong
2,2620,marriage,0.2421052631578947,female,0.2285714285714285,0.05590062088711872,two-strong
2,2621,marriage,0.2421052631578947,female,0.2285714285714285,0.05590062088711872,two-strong
2,2622,marriage,0.2421052631578947,female,0.2285714285714285,0.05590062088711872,two-strong
2,2623,marriage,0.2421052631578947,female,0.2285714285714285,0.05590062088711872,two-strong
2,2624,marriage,0.2421052631578947,female,0.2285714285714285,0.05590062088711872,two-strong
2,2625,marriage,0.2545780325244825,female,0.1930682518731304,0.24161464286523676,leaning
2,2626,marriage,0.2421052631578947,female,0.2285714285714285,0.05590062088711872,two-strong
2,2627,marriage,0.2421052631578947,female,0.2285714285714285,0.05590062088711872,two-strong
2,2628,marriage,0.2421052631578947,female,0.2285714285714285,0.05590062088711872,two-strong
2,2629,marriage,0.2421052631578947,female,0.2285714285714285,0.05590062088711872,two-strong
2,2630,marriage,0.2867042364277787,female,0.2110906506047743,0.263733757482575,leaning
2,2631,marriage,0.2421052631578947,female,0.2336466165413533,0.034937888054449355,two-strong
2,2632,marriage,0.2421052631578947,female,0.2285714285714285,0.05590062088711872,two-strong
2,2633,marriage,0.2421052631578947,female,0.2285714285714285,0.05590062088711872,two-strong
2,2634,marriage,0.2421052631578947,female,0.2285714285714285,0.05590062088711872,two-strong
2,2635,marriage,0.2421052631578947,female,0.2285714285714285,0.05590062088711872,two-strong
2,2636,marriage,0.2421052631578947,female,0.2285714285714285,0.05590062088711872,two-strong
2,2637,marriage,0.2421052631578947,female,0.2285714285714285,0.05590062088711872,two-strong
2,2638,marriage,0.2421052631578947,female,0.2285714285714285,0.05590062088711872,two-strong
2,2639,marriage,0.2421052631578947,female,0.2285714285714285,0.05590062088711872,two-strong
2,2640,marriage,0.2421052631578947,female,0.2285714285714285,0.05590062088711872,two-strong
2,2641,marriage,0.2421052631578947,female,0.2285714285714285,0.05590062088711872,two-strong
2,2642,marriage,0.2421052631578947,female,0.2285714285714285,0.05590062088711872,two-strong
2,2643,marriage,0.2421052631578947,female,0.2285714285714285,0.05590062088711872,two-strong
2,2644,marriage,0.2421052631578947,female,0.2285714285714285,0.05590062088711872,two-strong
2,2645,marriage,0.2421052631578947,female,0.2285714285714285,0.05590062088711872,two-strong
2,2646,marriage,0.2421052631578947,female,0.2285714285714285,0.05590062088711872,two-strong
2,2647,marriage,0.2421052631578947,female,0.2285714285714285,0.05590062088711872,two-strong
2,2648,marriage,0.2421052631578947,female,0.2285714285714285,0.05590062088711872,two-strong
2,2649,marriage,0.2421052631578947,female,0.2285714285714285,0.05590062088711872,two-strong
2,2650,marriage,0.2421052631578947,female,0.2285714285714285,0.05590062088711872,two-strong
2,2651,marriage,0.2421052631578947,female,0.2285714285714285,0.05590062088711872,two-strong
2,2652,marriage,0.2421052631578947,female,0.2285714285714285,0.05590062088711872,two-strong
2,2653,marriage,0.2421052631578947,female,0.2285714285714285,0.05590062088711872,two-strong
2,2654,marriage,0.2421052631578947,female,0.2285714285714285,0.05590062088711872,two-strong
2,2655,marriage,0.2421052631578947,female,0.2285714285714285,0.05590062088711872,two-strong
2,2656,marriage,0.2421052631578947,female,0.2285714285714285,0.05590062088711872,two-strong
2,2657,marriage,0.2421052631578947,female,0.2387218045112781,0.01397515522177988,two-strong
2,2658,marriage,0.2421052631578947,female,0.2285714285714285,0.05590062088711872,two-strong
2,2659,marriage,0.2421052631578947,female,0.2285714285714285,0.05590062088711872,two-strong
2,2660,marriage,0.2421052631578947,female,0.2285714285714285,0.05590062088711872,two-strong
2,2661,marriage,0.2421052631578947,female,0.2285714285714285,0.05590062088711872,two-strong
2,2662,marriage,0.2421052631578947,female,0.2285714285714285,0.05590062088711872,two-strong
2,2663,marriage,0.2421052631578947,female,0.2285714285714285,0.05590062088711872,two-strong
2,2664,marriage,0.2421052631578947,female,0.2285714285714285,0.05590062088711872,two-strong
2,2665,marriage,0.2421052631578947,female,0.2285714285714285,0.05590062088711872,two-strong
2,2666,marriage,0.2421052631578947,female,0.2285714285714285,0.05590062088711872,two-strong
2,2667,marriage,0.2421052631578947,female,0.2285714285714285,0.05590062088711872,two-strong
2,2668,marriage,0.2421052631578947,female,0.2336466165413533,0.034937888054449355,two-strong
2,2669,marriage,0.2421052631578947,female,0.2285714285714285,0.05590062088711872,two-strong
2,2670,marriage,0.2421052631578947,female,0.2285714285714285,0.05590062088711872,two-strong
2,2671,marriage,0.2421052631578947,female,0.2285714285714285,0.05590062088711872,two-strong
2,2672,marriage,0.2421052631578947,female,0.2285714285714285,0.05590062088711872,two-strong
2,2673,marriage,0.2421052631578947,female,0.2285714285714285,0.05590062088711872,two-strong
2,2674,marriage,0.2421052631578947,female,0.2285714285714285,0.05590062088711872,two-strong
2,2675,marriage,0.2421052631578947,female,0.2285714285714285,0.05590062088711872,two-strong
2,2676,marriage,0.2421052631578947,female,0.2285714285714285,0.05590062088711872,two-strong
2,2677,marriage,0.2421052631578947,female,0.2285714285714285,0.05590062088711872,two-strong
2,2678,marriage,0.2421052631578947,female,0.2285714285714285,0.05590062088711872,two-strong
2,2679,marriage,0.2421052631578947,female,0.2285714285714285,0.05590062088711872,two-strong
2,2680,marriage,0.2421052631578947,female,0.2285714285714285,0.05590062088711872,two-strong
2,2681,marriage,0.2421052631578947,female,0.2285714285714285,0.05590062088711872,two-strong
2,2682,marriage,0.2421052631578947,female,0.2285714285714285,0.05590062088711872,two-strong
2,2683,marriage,0.2421052631578947,female,0.2285714285714285,0.05590062088711872,two-strong
2,2684,marriage,0.2421052631578947,female,0.2387218045112781,0.01397515522177988,two-strong
2,2685,marriage,0.2421052631578947,female,0.2285714285714285,0.05590062088711872,two-strong
2,2686,marriage,0.2421052631578947,female,0.2285714285714285,0.05590062088711872,two-strong
2,2687,marriage,0.2421052631578947,female,0.2285714285714285,0.05590062088711872,two-strong
