layer,neuron,primary_concept,primary_AP,secondary_concept,secondary_AP,polarity_score,polarity_flag
7,0,marriage,0.2421052631578947,female,0.2285714285714285,0.05590062088711872,two-strong
7,1,marriage,0.2421052631578947,female,0.2285714285714285,0.05590062088711872,two-strong
7,2,society,0.3722299835026939,emotion,0.194570067772116,0.4772853427375949,leaning
7,3,marriage,0.2421052631578947,female,0.2285714285714285,0.05590062088711872,two-strong
7,4,marriage,0.2421052631578947,female,0.2285714285714285,0.05590062088711872,two-strong
7,5,marriage,0.2421052631578947,female,0.2285714285714285,0.05590062088711872,two-strong
7,6,marriage,0.2421052631578947,female,0.2285714285714285,0.05590062088711872,two-strong
7,7,marriage,0.2421052631578947,female,0.2285714285714285,0.05590062088711872,two-strong
7,8,marriage,0.2421052631578947,female,0.2285714285714285,0.05590062088711872,two-strong
7,9,marriage,0.2421052631578947,female,0.2285714285714285,0.05590062088711872,two-strong
7,10,marriage,0.2421052631578947,female,0.2285714285714285,0.05590062088711872,two-strong
7,11,society,0.2012588641957866,class,0.1576955803563991,0.21645398724179776,leaning
7,12,marriage,0.2421052631578947,female,0.2285714285714285,0.05590062088711872,two-strong
7,13,marriage,0.2421052631578947,female,0.2285714285714285,0.05590062088711872,two-strong
7,14,marriage,0.2421052631578947,female,0.2285714285714285,0.05590062088711872,two-strong
7,15,marriage,0.2421052631578947,female,0.2285714285714285,0.05590062088711872,two-strong
7,16,family,0.2013162677249364,emotion,0.1880817746846455,0.06573980892907146,two-strong
7,17,marriage,0.2556570454268663,female,0.2268929900508847,0.11251031715337399,two-strong
7,18,marriage,0.2421052631578947,female,0.2285714285714285,0.05590062088711872,two-strong
7,19,female,0.346352620406469,duty,0.1306405391690403,0.622810592168943,dominant
7,20,marriage,0.2426718971341397,female,0.2285714285714285,0.05810507385126642,two-strong
7,21,marriage,0.2421052631578947,female,0.2285714285714285,0.05590062088711872,two-strong
7,22,marriage,0.2421052631578947,female,0.2285714285714285,0.05590062088711872,two-strong
7,23,marriage,0.2421052631578947,female,0.2285714285714285,0.05590062088711872,two-strong
7,24,marriage,0.2421052631578947,female,0.2285714285714285,0.05590062088711872,two-strong
7,25,marriage,0.2421052631578947,female,0.2285714285714285,0.05590062088711872,two-strong
7,26,marriage,0.2421052631578947,female,0.2285714285714285,0.05590062088711872,two-strong
7,27,marriage,0.2421052631578947,female,0.2285714285714285,0.05590062088711872,two-strong
7,28,marriage,0.2421052631578947,female,0.2285714285714285,0.05590062088711872,two-strong
7,29,marriage,0.2421052631578947,female,0.2285714285714285,0.05590062088711872,two-strong
7,30,marriage,0.2421052631578947,female,0.2285714285714285,0.05590062088711872,two-strong
7,31,marriage,0.2421052631578947,female,0.2285714285714285,0.05590062088711872,two-strong
7,32,marriage,0.2421052631578947,female,0.2285714285714285,0.05590062088711872,two-strong
7,33,marriage,0.2421052631578947,female,0.2285714285714285,0.05590062088711872,two-strong
7,34,marriage,0.2421052631578947,female,0.2285714285714285,0.05590062088711872,two-strong
7,35,marriage,0.2421052631578947,female,0.2285714285714285,0.05590062088711872,two-strong
7,36,marriage,0.2421052631578947,female,0.2285714285714285,0.05590062088711872,two-strong
7,37,marriage,0.2421052631578947,female,0.2285714285714285,0.05590062088711872,two-strong
7,38,marriage,0.2421052631578947,female,0.2285714285714285,0.05590062088711872,two-strong
7,39,marriage,0.2421052631578947,female,0.2285714285714285,0.05590062088711872,two-strong
7,40,marriage,0.2421052631578947,female,0.2285714285714285,0.05590062088711872,two-strong
7,41,marriage,0.2421052631578947,female,0.2285714285714285,0.05590062088711872,two-strong
7,42,marriage,0.2421052631578947,female,0.2285714285714285,0.05590062088711872,two-strong
7,43,marriage,0.2421052631578947,female,0.2285714285714285,0.05590062088711872,two-strong
7,44,marriage,0.2421052631578947,female,0.2285714285714285,0.05590062088711872,two-strong
7,45,marriage,0.2421052631578947,female,0.2285714285714285,0.05590062088711872,two-strong
7,46,marriage,0.2403781726267929,female,0.2278900375939849,0.0519520339321525,two-strong
7,47,marriage,0.2421052631578947,female,0.2285714285714285,0.05590062088711872,two-strong
7,48,marriage,0.2421052631578947,female,0.2285714285714285,0.05590062088711872,two-strong
7,49,marriage,0.2421052631578947,female,0.2285714285714285,0.05590062088711872,two-strong
7,50,marriage,0.2421052631578947,female,0.2285714285714285,0.05590062088711872,two-strong
7,51,marriage,0.2421052631578947,female,0.2285714285714285,0.05590062088711872,two-strong
7,52,male,0.2120300751879699,family,0.1858469703670942,0.12348769236711372,two-strong
7,53,marriage,0.2421052631578947,female,0.2285714285714285,0.05590062088711872,two-strong
7,54,marriage,0.2421052631578947,female,0.2285714285714285,0.05590062088711872,two-strong
7,55,marriage,0.2421052631578947,female,0.2285714285714285,0.05590062088711872,two-strong
7,56,marriage,0.2421052631578947,female,0.2285714285714285,0.05590062088711872,two-strong
7,57,marriage,0.2421052631578947,female,0.2336466165413533,0.034937888054449355,two-strong
7,58,marriage,0.2421052631578947,female,0.2285714285714285,0.05590062088711872,two-strong
7,59,marriage,0.2421052631578947,female,0.2285714285714285,0.05590062088711872,two-strong
7,60,marriage,0.2421052631578947,female,0.2285714285714285,0.05590062088711872,two-strong
7,61,marriage,0.2421052631578947,female,0.2285714285714285,0.05590062088711872,two-strong
7,62,marriage,0.2421052631578947,female,0.2285714285714285,0.05590062088711872,two-strong
7,63,marriage,0.2421052631578947,female,0.2285714285714285,0.05590062088711872,two-strong
7,64,marriage,0.2421052631578947,female,0.2285714285714285,0.05590062088711872,two-strong
7,65,marriage,0.2421052631578947,female,0.2285714285714285,0.05590062088711872,two-strong
7,66,marriage,0.2421052631578947,female,0.2285714285714285,0.05590062088711872,two-strong
7,67,marriage,0.2421052631578947,female,0.2285714285714285,0.05590062088711872,two-strong
7,68,marriage,0.2421052631578947,female,0.2285714285714285,0.05590062088711872,two-strong
7,69,marriage,0.2421052631578947,female,0.2285714285714285,0.05590062088711872,two-strong
7,70,marriage,0.2421052631578947,female,0.2285714285714285,0.05590062088711872,two-strong
7,71,marriage,0.2421052631578947,female,0.2285714285714285,0.05590062088711872,two-strong
7,72,marriage,0.2421052631578947,female,0.2285714285714285,0.05590062088711872,two-strong
7,73,marriage,0.2421052631578947,female,0.2285714285714285,0.05590062088711872,two-strong
7,74,marriage,0.2421052631578947,female,0.2285714285714285,0.05590062088711872,two-strong
7,75,marriage,0.2421052631578947,female,0.2285714285714285,0.05590062088711872,two-strong
7,76,marriage,0.2421052631578947,female,0.2285714285714285,0.05590062088711872,two-strong
7,77,marriage,0.2421052631578947,female,0.2285714285714285,0.05590062088711872,two-strong
7,78,marriage,0.2421052631578947,female,0.2285714285714285,0.05590062088711872,two-strong
7,79,marriage,0.2421052631578947,female,0.2285714285714285,0.05590062088711872,two-strong
7,80,marriage,0.2421052631578947,female,0.2285714285714285,0.05590062088711872,two-strong
7,81,marriage,0.2421052631578947,female,0.2285714285714285,0.05590062088711872,two-strong
7,82,marriage,0.2421052631578947,female,0.2285714285714285,0.05590062088711872,two-strong
7,83,marriage,0.2421052631578947,female,0.2285714285714285,0.05590062088711872,two-strong
7,84,marriage,0.2421052631578947,female,0.2285714285714285,0.05590062088711872,two-strong
7,85,marriage,0.2421052631578947,female,0.2285714285714285,0.05590062088711872,two-strong
7,86,marriage,0.2421052631578947,female,0.2285714285714285,0.05590062088711872,two-strong
7,87,marriage,0.2421052631578947,female,0.2285714285714285,0.05590062088711872,two-strong
7,88,marriage,0.2421052631578947,female,0.2285714285714285,0.05590062088711872,two-strong
7,89,marriage,0.2421052631578947,female,0.2285714285714285,0.05590062088711872,two-strong
7,90,marriage,0.2421052631578947,female,0.2285714285714285,0.05590062088711872,two-strong
7,91,marriage,0.2421052631578947,female,0.2285714285714285,0.05590062088711872,two-strong
7,92,marriage,0.2421052631578947,female,0.2285714285714285,0.05590062088711872,two-strong
7,93,marriage,0.2421052631578947,female,0.2285714285714285,0.05590062088711872,two-strong
7,94,marriage,0.2421052631578947,female,0.2336466165413533,0.034937888054449355,two-strong
7,95,marriage,0.2421052631578947,female,0.2285714285714285,0.05590062088711872,two-strong
7,96,marriage,0.2421052631578947,female,0.2285714285714285,0.05590062088711872,two-strong
7,97,marriage,0.2421052631578947,female,0.2285714285714285,0.05590062088711872,two-strong
7,98,marriage,0.2952749359506363,female,0.253512981654072,0.14143413161932544,two-strong
7,99,marriage,0.2421052631578947,female,0.2285714285714285,0.05590062088711872,two-strong
7,100,marriage,0.2421052631578947,female,0.2285714285714285,0.05590062088711872,two-strong
7,101,marriage,0.2498846953217125,family,0.2063666120178832,0.17415265498212912,two-strong
7,102,marriage,0.2421052631578947,female,0.2285714285714285,0.05590062088711872,two-strong
7,103,marriage,0.2421052631578947,female,0.2285714285714285,0.05590062088711872,two-strong
7,104,marriage,0.2421052631578947,female,0.2285714285714285,0.05590062088711872,two-strong
7,105,marriage,0.2421052631578947,female,0.2285714285714285,0.05590062088711872,two-strong
7,106,marriage,0.2421052631578947,female,0.2285714285714285,0.05590062088711872,two-strong
7,107,marriage,0.2421052631578947,female,0.2285714285714285,0.05590062088711872,two-strong
7,108,marriage,0.2421052631578947,female,0.2285714285714285,0.05590062088711872,two-strong
7,109,marriage,0.2421052631578947,female,0.2285714285714285,0.05590062088711872,two-strong
7,110,marriage,0.2421052631578947,female,0.2285714285714285,0.05590062088711872,two-strong
7,111,marriage,0.2421052631578947,female,0.2285714285714285,0.05590062088711872,two-strong
7,112,marriage,0.2421052631578947,female,0.2285714285714285,0.05590062088711872,two-strong
7,113,marriage,0.2421052631578947,female,0.2285714285714285,0.05590062088711872,two-strong
7,114,marriage,0.2421052631578947,female,0.2285714285714285,0.05590062088711872,two-strong
7,115,marriage,0.2421052631578947,female,0.2285714285714285,0.05590062088711872,two-strong
7,116,female,0.2691729323308271,,,0.9999999962849161,dominant
7,117,marriage,0.2468126838836221,male,0.2060150375939849,0.16529801257530274,two-strong
7,118,marriage,0.2421052631578947,female,0.2285714285714285,0.05590062088711872,two-strong
7,119,marriage,0.2421052631578947,female,0.2285714285714285,0.05590062088711872,two-strong
7,120,marriage,0.2421052631578947,female,0.2285714285714285,0.05590062088711872,two-strong
7,121,family,0.520283263490767,female,0.347617695164215,0.3318683880703916,leaning
7,122,marriage,0.2421052631578947,female,0.2285714285714285,0.05590062088711872,two-strong
7,123,marriage,0.2421052631578947,female,0.2285714285714285,0.05590062088711872,two-strong
7,124,marriage,0.2421052631578947,female,0.2285714285714285,0.05590062088711872,two-strong
7,125,marriage,0.2421052631578947,female,0.2285714285714285,0.05590062088711872,two-strong
7,126,marriage,0.2421052631578947,female,0.2285714285714285,0.05590062088711872,two-strong
7,127,marriage,0.2421052631578947,female,0.2285714285714285,0.05590062088711872,two-strong
7,128,marriage,0.2421052631578947,female,0.2285714285714285,0.05590062088711872,two-strong
7,129,marriage,0.2421052631578947,female,0.2285714285714285,0.05590062088711872,two-strong
7,130,marriage,0.2421052631578947,female,0.2285714285714285,0.05590062088711872,two-strong
7,131,marriage,0.2421052631578947,female,0.2285714285714285,0.05590062088711872,two-strong
7,132,marriage,0.2421052631578947,female,0.2285714285714285,0.05590062088711872,two-strong
7,133,marriage,0.251524750057945,society,0.2032437008551914,0.19195347177435776,two-strong
7,134,marriage,0.2421052631578947,female,0.2285714285714285,0.05590062088711872,two-strong
7,135,marriage,0.2421052631578947,female,0.2285714285714285,0.05590062088711872,two-strong
7,136,marriage,0.2421052631578947,female,0.2285714285714285,0.05590062088711872,two-strong
7,137,marriage,0.2421052631578947,female,0.2285714285714285,0.05590062088711872,two-strong
7,138,marriage,0.2421052631578947,female,0.2285714285714285,0.05590062088711872,two-strong
7,139,marriage,0.2421052631578947,female,0.2285714285714285,0.05590062088711872,two-strong
7,140,marriage,0.2421052631578947,female,0.2285714285714285,0.05590062088711872,two-strong
7,141,marriage,0.2421052631578947,female,0.2285714285714285,0.05590062088711872,two-strong
7,142,marriage,0.2421052631578947,female,0.2285714285714285,0.05590062088711872,two-strong
7,143,marriage,0.2421052631578947,female,0.2285714285714285,0.05590062088711872,two-strong
7,144,marriage,0.2421052631578947,female,0.2285714285714285,0.05590062088711872,two-strong
7,145,emotion,0.1954762940408873,,,0.9999999948842901,dominant
7,146,marriage,0.2421052631578947,female,0.2285714285714285,0.05590062088711872,two-strong
7,147,marriage,0.2421052631578947,female,0.2285714285714285,0.05590062088711872,two-strong
7,148,marriage,0.2421052631578947,female,0.2285714285714285,0.05590062088711872,two-strong
7,149,marriage,0.2421052631578947,female,0.2285714285714285,0.05590062088711872,two-strong
7,150,marriage,0.2421052631578947,female,0.2285714285714285,0.05590062088711872,two-strong
7,151,marriage,0.2421052631578947,female,0.2285714285714285,0.05590062088711872,two-strong
7,152,marriage,0.2421052631578947,female,0.2285714285714285,0.05590062088711872,two-strong
7,153,marriage,0.2421052631578947,female,0.2285714285714285,0.05590062088711872,two-strong
7,154,marriage,0.2421052631578947,female,0.2285714285714285,0.05590062088711872,two-strong
7,155,marriage,0.2421052631578947,female,0.2285714285714285,0.05590062088711872,two-strong
7,156,marriage,0.2421052631578947,female,0.2285714285714285,0.05590062088711872,two-strong
7,157,marriage,0.2421052631578947,female,0.2285714285714285,0.05590062088711872,two-strong
7,158,marriage,0.2421052631578947,female,0.2285714285714285,0.05590062088711872,two-strong
7,159,marriage,0.2421052631578947,female,0.2285714285714285,0.05590062088711872,two-strong
7,160,marriage,0.2421052631578947,female,0.2285714285714285,0.05590062088711872,two-strong
7,161,marriage,0.2421052631578947,female,0.2285714285714285,0.05590062088711872,two-strong
7,162,marriage,0.2421052631578947,female,0.2285714285714285,0.05590062088711872,two-strong
7,163,marriage,0.2421052631578947,female,0.2285714285714285,0.05590062088711872,two-strong
7,164,marriage,0.2421052631578947,female,0.2285714285714285,0.05590062088711872,two-strong
7,165,marriage,0.2421052631578947,female,0.2285714285714285,0.05590062088711872,two-strong
7,166,marriage,0.2421052631578947,female,0.2285714285714285,0.05590062088711872,two-strong
7,167,marriage,0.2421052631578947,female,0.2285714285714285,0.05590062088711872,two-strong
7,168,marriage,0.2421052631578947,female,0.2285714285714285,0.05590062088711872,two-strong
7,169,marriage,0.2421052631578947,female,0.2285714285714285,0.05590062088711872,two-strong
7,170,marriage,0.2421052631578947,female,0.2285714285714285,0.05590062088711872,two-strong
7,171,marriage,0.2421052631578947,female,0.2285714285714285,0.05590062088711872,two-strong
7,172,marriage,0.2421052631578947,female,0.2285714285714285,0.05590062088711872,two-strong
7,173,marriage,0.2421052631578947,female,0.2285714285714285,0.05590062088711872,two-strong
7,174,marriage,0.2421052631578947,female,0.2285714285714285,0.05590062088711872,two-strong
7,175,marriage,0.2421052631578947,female,0.2285714285714285,0.05590062088711872,two-strong
7,176,marriage,0.2421052631578947,female,0.2285714285714285,0.05590062088711872,two-strong
7,177,marriage,0.2421052631578947,female,0.2285714285714285,0.05590062088711872,two-strong
7,178,marriage,0.2421052631578947,female,0.2285714285714285,0.05590062088711872,two-strong
7,179,marriage,0.2421052631578947,female,0.2285714285714285,0.05590062088711872,two-strong
7,180,marriage,0.2421052631578947,female,0.2285714285714285,0.05590062088711872,two-strong
7,181,marriage,0.2421052631578947,female,0.2285714285714285,0.05590062088711872,two-strong
7,182,marriage,0.2421052631578947,female,0.2285714285714285,0.05590062088711872,two-strong
7,183,marriage,0.2421052631578947,female,0.2285714285714285,0.05590062088711872,two-strong
7,184,marriage,0.2421052631578947,female,0.2285714285714285,0.05590062088711872,two-strong
7,185,marriage,0.2421052631578947,female,0.2285714285714285,0.05590062088711872,two-strong
7,186,marriage,0.2421052631578947,female,0.2285714285714285,0.05590062088711872,two-strong
7,187,marriage,0.2421052631578947,female,0.2285714285714285,0.05590062088711872,two-strong
7,188,marriage,0.2421052631578947,female,0.2285714285714285,0.05590062088711872,two-strong
7,189,marriage,0.2421052631578947,female,0.2285714285714285,0.05590062088711872,two-strong
7,190,marriage,0.2421052631578947,female,0.2285714285714285,0.05590062088711872,two-strong
7,191,marriage,0.2421052631578947,female,0.2285714285714285,0.05590062088711872,two-strong
7,192,marriage,0.2421052631578947,female,0.2285714285714285,0.05590062088711872,two-strong
7,193,marriage,0.2421052631578947,female,0.2285714285714285,0.05590062088711872,two-strong
7,194,marriage,0.2421052631578947,female,0.2285714285714285,0.05590062088711872,two-strong
7,195,marriage,0.2421052631578947,female,0.2285714285714285,0.05590062088711872,two-strong
7,196,marriage,0.2421052631578947,female,0.2285714285714285,0.05590062088711872,two-strong
7,197,marriage,0.2421052631578947,female,0.2285714285714285,0.05590062088711872,two-strong
7,198,marriage,0.2421052631578947,female,0.2285714285714285,0.05590062088711872,two-strong
7,199,family,0.271926736726803,wealth,0.2267709288428738,0.16605872692554396,two-strong
7,200,marriage,0.2421052631578947,female,0.2285714285714285,0.05590062088711872,two-strong
7,201,marriage,0.2421052631578947,female,0.2285714285714285,0.05590062088711872,two-strong
7,202,marriage,0.2421052631578947,female,0.2285714285714285,0.05590062088711872,two-strong
7,203,marriage,0.2421052631578947,female,0.2285714285714285,0.05590062088711872,two-strong
7,204,marriage,0.2421052631578947,female,0.2285714285714285,0.05590062088711872,two-strong
7,205,marriage,0.2421052631578947,female,0.2285714285714285,0.05590062088711872,two-strong
7,206,marriage,0.2421052631578947,female,0.2285714285714285,0.05590062088711872,two-strong
7,207,marriage,0.2421052631578947,female,0.2285714285714285,0.05590062088711872,two-strong
7,208,marriage,0.2421542987904544,female,0.2332393483709273,0.036815164658408055,two-strong
7,209,marriage,0.2421052631578947,female,0.2285714285714285,0.05590062088711872,two-strong
7,210,marriage,0.2421052631578947,female,0.2285714285714285,0.05590062088711872,two-strong
7,211,marriage,0.2421052631578947,female,0.2285714285714285,0.05590062088711872,two-strong
7,212,marriage,0.2421052631578947,female,0.2285714285714285,0.05590062088711872,two-strong
7,213,marriage,0.2421052631578947,female,0.2285714285714285,0.05590062088711872,two-strong
7,214,marriage,0.2421052631578947,female,0.2285714285714285,0.05590062088711872,two-strong
7,215,marriage,0.2421052631578947,female,0.2285714285714285,0.05590062088711872,two-strong
7,216,marriage,0.2421052631578947,female,0.2285714285714285,0.05590062088711872,two-strong
7,217,marriage,0.2421052631578947,female,0.2285714285714285,0.05590062088711872,two-strong
7,218,marriage,0.2421052631578947,female,0.2285714285714285,0.05590062088711872,two-strong
7,219,marriage,0.2421052631578947,female,0.2285714285714285,0.05590062088711872,two-strong
7,220,marriage,0.2421052631578947,female,0.2285714285714285,0.05590062088711872,two-strong
7,221,marriage,0.2421052631578947,female,0.2285714285714285,0.05590062088711872,two-strong
7,222,marriage,0.2421052631578947,female,0.2285714285714285,0.05590062088711872,two-strong
7,223,marriage,0.2421052631578947,female,0.2285714285714285,0.05590062088711872,two-strong
7,224,marriage,0.2421052631578947,female,0.2285714285714285,0.05590062088711872,two-strong
7,225,marriage,0.2421052631578947,female,0.2336466165413533,0.034937888054449355,two-strong
7,226,marriage,0.2421052631578947,female,0.2285714285714285,0.05590062088711872,two-strong
7,227,marriage,0.2421052631578947,female,0.2285714285714285,0.05590062088711872,two-strong
7,228,marriage,0.2421542987904544,female,0.2285714285714285,0.05609179862087796,two-strong
7,229,marriage,0.2421052631578947,female,0.2285714285714285,0.05590062088711872,two-strong
7,230,marriage,0.2421052631578947,female,0.2285714285714285,0.05590062088711872,two-strong
7,231,marriage,0.2421052631578947,female,0.2285714285714285,0.05590062088711872,two-strong
7,232,marriage,0.2421052631578947,female,0.2285714285714285,0.05590062088711872,two-strong
7,233,marriage,0.2421052631578947,female,0.2285714285714285,0.05590062088711872,two-strong
7,234,marriage,0.2421052631578947,female,0.2285714285714285,0.05590062088711872,two-strong
7,235,marriage,0.2421052631578947,female,0.2285714285714285,0.05590062088711872,two-strong
7,236,marriage,0.2421052631578947,female,0.2285714285714285,0.05590062088711872,two-strong
7,237,marriage,0.2421052631578947,female,0.2285714285714285,0.05590062088711872,two-strong
7,238,marriage,0.2421052631578947,female,0.2285714285714285,0.05590062088711872,two-strong
7,239,marriage,0.2421052631578947,female,0.2285714285714285,0.05590062088711872,two-strong
7,240,marriage,0.2421052631578947,female,0.2285714285714285,0.05590062088711872,two-strong
7,241,marriage,0.2421052631578947,female,0.2285714285714285,0.05590062088711872,two-strong
7,242,marriage,0.2421052631578947,female,0.2285714285714285,0.05590062088711872,two-strong
7,243,marriage,0.2421052631578947,female,0.2285714285714285,0.05590062088711872,two-strong
7,244,marriage,0.2421052631578947,female,0.2285714285714285,0.05590062088711872,two-strong
7,245,marriage,0.2421052631578947,female,0.2285714285714285,0.05590062088711872,two-strong
7,246,marriage,0.2421052631578947,female,0.2285714285714285,0.05590062088711872,two-strong
7,247,marriage,0.2421052631578947,female,0.2285714285714285,0.05590062088711872,two-strong
7,248,marriage,0.2421052631578947,female,0.2285714285714285,0.05590062088711872,two-strong
7,249,marriage,0.2421052631578947,female,0.2285714285714285,0.05590062088711872,two-strong
7,250,marriage,0.2421052631578947,female,0.2285714285714285,0.05590062088711872,two-strong
7,251,marriage,0.2421052631578947,female,0.2285714285714285,0.05590062088711872,two-strong
7,252,marriage,0.2421052631578947,female,0.2285714285714285,0.05590062088711872,two-strong
7,253,marriage,0.2421052631578947,female,0.2285714285714285,0.05590062088711872,two-strong
7,254,marriage,0.2421052631578947,female,0.2285714285714285,0.05590062088711872,two-strong
7,255,marriage,0.2421052631578947,female,0.2285714285714285,0.05590062088711872,two-strong
7,256,marriage,0.2421052631578947,female,0.2285714285714285,0.05590062088711872,two-strong
7,257,marriage,0.2421052631578947,female,0.2285714285714285,0.05590062088711872,two-strong
7,258,marriage,0.2421052631578947,female,0.2285714285714285,0.05590062088711872,two-strong
7,259,marriage,0.2421052631578947,female,0.2285714285714285,0.05590062088711872,two-strong
7,260,marriage,0.2421052631578947,female,0.2285714285714285,0.05590062088711872,two-strong
7,261,marriage,0.2421052631578947,female,0.2285714285714285,0.05590062088711872,two-strong
7,262,marriage,0.2421052631578947,female,0.2285714285714285,0.05590062088711872,two-strong
7,263,marriage,0.2421052631578947,female,0.2285714285714285,0.05590062088711872,two-strong
7,264,marriage,0.2421052631578947,female,0.2285714285714285,0.05590062088711872,two-strong
7,265,marriage,0.2421052631578947,female,0.2285714285714285,0.05590062088711872,two-strong
7,266,marriage,0.2421052631578947,female,0.2285714285714285,0.05590062088711872,two-strong
7,267,marriage,0.2421052631578947,female,0.2285714285714285,0.05590062088711872,two-strong
7,268,marriage,0.2421052631578947,female,0.2285714285714285,0.05590062088711872,two-strong
7,269,marriage,0.2421052631578947,female,0.2336466165413533,0.034937888054449355,two-strong
7,270,marriage,0.2421052631578947,female,0.2285714285714285,0.05590062088711872,two-strong
7,271,marriage,0.2421052631578947,female,0.2285714285714285,0.05590062088711872,two-strong
7,272,marriage,0.2421052631578947,female,0.2285714285714285,0.05590062088711872,two-strong
7,273,marriage,0.2421052631578947,female,0.2285714285714285,0.05590062088711872,two-strong
7,274,marriage,0.2421052631578947,female,0.2285714285714285,0.05590062088711872,two-strong
7,275,marriage,0.2421052631578947,female,0.2285714285714285,0.05590062088711872,two-strong
7,276,marriage,0.2421052631578947,female,0.2285714285714285,0.05590062088711872,two-strong
7,277,marriage,0.2421052631578947,female,0.2285714285714285,0.05590062088711872,two-strong
7,278,marriage,0.2421052631578947,female,0.2285714285714285,0.05590062088711872,two-strong
7,279,marriage,0.2421052631578947,female,0.2285714285714285,0.05590062088711872,two-strong
7,280,marriage,0.2421052631578947,female,0.2285714285714285,0.05590062088711872,two-strong
7,281,marriage,0.2421052631578947,female,0.2285714285714285,0.05590062088711872,two-strong
7,282,marriage,0.2421052631578947,female,0.2285714285714285,0.05590062088711872,two-strong
7,283,marriage,0.2421052631578947,female,0.2285714285714285,0.05590062088711872,two-strong
7,284,marriage,0.2421052631578947,female,0.2285714285714285,0.05590062088711872,two-strong
7,285,marriage,0.2421052631578947,female,0.2285714285714285,0.05590062088711872,two-strong
7,286,marriage,0.2421052631578947,female,0.2285714285714285,0.05590062088711872,two-strong
7,287,marriage,0.2421052631578947,female,0.2285714285714285,0.05590062088711872,two-strong
7,288,family,0.1889922429240014,class,0.166654019494963,0.11819650883673923,two-strong
7,289,marriage,0.2421052631578947,female,0.2285714285714285,0.05590062088711872,two-strong
7,290,marriage,0.2421052631578947,female,0.2285714285714285,0.05590062088711872,two-strong
7,291,marriage,0.2421052631578947,female,0.2285714285714285,0.05590062088711872,two-strong
7,292,marriage,0.2421052631578947,female,0.2285714285714285,0.05590062088711872,two-strong
7,293,marriage,0.2421052631578947,female,0.2285714285714285,0.05590062088711872,two-strong
7,294,marriage,0.2421052631578947,female,0.2285714285714285,0.05590062088711872,two-strong
7,295,marriage,0.2421052631578947,female,0.2285714285714285,0.05590062088711872,two-strong
7,296,marriage,0.2421052631578947,female,0.2285714285714285,0.05590062088711872,two-strong
7,297,marriage,0.2723655716130787,female,0.2490045997954907,0.08577064859358903,two-strong
7,298,marriage,0.2421052631578947,female,0.2285714285714285,0.05590062088711872,two-strong
7,299,marriage,0.2421052631578947,female,0.2285714285714285,0.05590062088711872,two-strong
7,300,marriage,0.2421052631578947,female,0.2285714285714285,0.05590062088711872,two-strong
7,301,marriage,0.2421052631578947,female,0.2285714285714285,0.05590062088711872,two-strong
7,302,marriage,0.2421052631578947,female,0.2285714285714285,0.05590062088711872,two-strong
7,303,marriage,0.2421052631578947,female,0.2285714285714285,0.05590062088711872,two-strong
7,304,marriage,0.2421052631578947,female,0.2285714285714285,0.05590062088711872,two-strong
7,305,marriage,0.2421052631578947,female,0.2285714285714285,0.05590062088711872,two-strong
7,306,marriage,0.2421052631578947,female,0.2285714285714285,0.05590062088711872,two-strong
7,307,marriage,0.2421052631578947,female,0.2285714285714285,0.05590062088711872,two-strong
7,308,marriage,0.2421052631578947,female,0.2285714285714285,0.05590062088711872,two-strong
7,309,marriage,0.2421052631578947,female,0.2285714285714285,0.05590062088711872,two-strong
7,310,marriage,0.2421052631578947,female,0.2285714285714285,0.05590062088711872,two-strong
7,311,marriage,0.2421052631578947,female,0.2285714285714285,0.05590062088711872,two-strong
7,312,marriage,0.2421052631578947,female,0.2285714285714285,0.05590062088711872,two-strong
7,313,marriage,0.2421052631578947,female,0.2285714285714285,0.05590062088711872,two-strong
7,314,marriage,0.2421052631578947,female,0.2285714285714285,0.05590062088711872,two-strong
7,315,marriage,0.2421052631578947,female,0.2285714285714285,0.05590062088711872,two-strong
7,316,female,0.2285685246985556,wealth,0.21169112010588,0.07383958286073962,two-strong
7,317,marriage,0.2421052631578947,female,0.2285714285714285,0.05590062088711872,two-strong
7,318,marriage,0.2421052631578947,female,0.2285714285714285,0.05590062088711872,two-strong
7,319,marriage,0.2421052631578947,female,0.2285714285714285,0.05590062088711872,two-strong
7,320,marriage,0.2421052631578947,female,0.2285714285714285,0.05590062088711872,two-strong
7,321,marriage,0.2421052631578947,female,0.2285714285714285,0.05590062088711872,two-strong
7,322,marriage,0.2421052631578947,female,0.2285714285714285,0.05590062088711872,two-strong
7,323,marriage,0.2421052631578947,female,0.2285714285714285,0.05590062088711872,two-strong
7,324,marriage,0.2421052631578947,female,0.2285714285714285,0.05590062088711872,two-strong
7,325,marriage,0.2421052631578947,female,0.2285714285714285,0.05590062088711872,two-strong
7,326,marriage,0.2421052631578947,female,0.2285714285714285,0.05590062088711872,two-strong
7,327,marriage,0.2421052631578947,female,0.2285714285714285,0.05590062088711872,two-strong
7,328,marriage,0.2421052631578947,female,0.2285714285714285,0.05590062088711872,two-strong
7,329,marriage,0.2421052631578947,female,0.2285714285714285,0.05590062088711872,two-strong
7,330,marriage,0.2421052631578947,female,0.2285714285714285,0.05590062088711872,two-strong
7,331,marriage,0.2426718971341397,female,0.2285714285714285,0.05810507385126642,two-strong
7,332,marriage,0.2421052631578947,female,0.2285714285714285,0.05590062088711872,two-strong
7,333,marriage,0.2421052631578947,female,0.2285714285714285,0.05590062088711872,two-strong
7,334,marriage,0.2421052631578947,female,0.2285714285714285,0.05590062088711872,two-strong
7,335,marriage,0.2421052631578947,female,0.2285714285714285,0.05590062088711872,two-strong
7,336,marriage,0.2421052631578947,female,0.2285714285714285,0.05590062088711872,two-strong
7,337,marriage,0.2421052631578947,female,0.2285714285714285,0.05590062088711872,two-strong
7,338,marriage,0.2421052631578947,female,0.2285714285714285,0.05590062088711872,two-strong
7,339,marriage,0.2421052631578947,female,0.2285714285714285,0.05590062088711872,two-strong
7,340,marriage,0.2421052631578947,female,0.2285714285714285,0.05590062088711872,two-strong
7,341,marriage,0.2421052631578947,female,0.2285714285714285,0.05590062088711872,two-strong
7,342,marriage,0.2421052631578947,female,0.2285714285714285,0.05590062088711872,two-strong
7,343,marriage,0.2421052631578947,female,0.2285714285714285,0.05590062088711872,two-strong
7,344,marriage,0.2421052631578947,female,0.2285714285714285,0.05590062088711872,two-strong
7,345,marriage,0.2421052631578947,female,0.2285714285714285,0.05590062088711872,two-strong
7,346,class,0.152413455762738,duty,0.146797202338998,0.03684880287495084,two-strong
7,347,love,0.1391634669103769,,,0.999999992814206,dominant
7,348,marriage,0.2421052631578947,female,0.2285714285714285,0.05590062088711872,two-strong
7,349,marriage,0.2421052631578947,female,0.2285714285714285,0.05590062088711872,two-strong
7,350,marriage,0.2421052631578947,female,0.2285714285714285,0.05590062088711872,two-strong
7,351,marriage,0.2421052631578947,female,0.2285714285714285,0.05590062088711872,two-strong
7,352,marriage,0.2421052631578947,female,0.2285714285714285,0.05590062088711872,two-strong
7,353,marriage,0.2421052631578947,female,0.2285714285714285,0.05590062088711872,two-strong
7,354,marriage,0.2421052631578947,female,0.2285714285714285,0.05590062088711872,two-strong
7,355,marriage,0.2421052631578947,female,0.2285714285714285,0.05590062088711872,two-strong
7,356,marriage,0.2421052631578947,female,0.2285714285714285,0.05590062088711872,two-strong
7,357,marriage,0.2421052631578947,female,0.2285714285714285,0.05590062088711872,two-strong
7,358,wealth,0.2134670008354219,society,0.2043132640762211,0.04288127289227634,two-strong
7,359,marriage,0.2421052631578947,female,0.2285714285714285,0.05590062088711872,two-strong
7,360,marriage,0.2421052631578947,female,0.2285714285714285,0.05590062088711872,two-strong
7,361,marriage,0.2421052631578947,female,0.2285714285714285,0.05590062088711872,two-strong
7,362,marriage,0.2421052631578947,female,0.2285714285714285,0.05590062088711872,two-strong
7,363,marriage,0.2421052631578947,female,0.2285714285714285,0.05590062088711872,two-strong
7,364,marriage,0.2421052631578947,female,0.2285714285714285,0.05590062088711872,two-strong
7,365,marriage,0.2421052631578947,female,0.2285714285714285,0.05590062088711872,two-strong
7,366,marriage,0.2421052631578947,female,0.2285714285714285,0.05590062088711872,two-strong
7,367,marriage,0.2421052631578947,female,0.2285714285714285,0.05590062088711872,two-strong
7,368,female,0.2773530819374582,family,0.2168982090629679,0.21797079821219298,leaning
7,369,marriage,0.2421052631578947,female,0.2285714285714285,0.05590062088711872,two-strong
7,370,marriage,0.2421052631578947,female,0.2285714285714285,0.05590062088711872,two-strong
7,371,marriage,0.2421052631578947,female,0.2285714285714285,0.05590062088711872,two-strong
7,372,marriage,0.2421052631578947,female,0.2285714285714285,0.05590062088711872,two-strong
7,373,marriage,0.2421052631578947,female,0.2285714285714285,0.05590062088711872,two-strong
7,374,marriage,0.2421052631578947,female,0.2285714285714285,0.05590062088711872,two-strong
7,375,marriage,0.2421052631578947,female,0.2285714285714285,0.05590062088711872,two-strong
7,376,marriage,0.2426718971341397,female,0.2285714285714285,0.05810507385126642,two-strong
7,377,marriage,0.2421052631578947,female,0.2285714285714285,0.05590062088711872,two-strong
7,378,marriage,0.2421052631578947,female,0.2285714285714285,0.05590062088711872,two-strong
7,379,marriage,0.2421052631578947,female,0.2285714285714285,0.05590062088711872,two-strong
7,380,marriage,0.2421052631578947,female,0.2285714285714285,0.05590062088711872,two-strong
7,381,marriage,0.2421052631578947,female,0.2285714285714285,0.05590062088711872,two-strong
7,382,marriage,0.2421052631578947,female,0.2285714285714285,0.05590062088711872,two-strong
7,383,marriage,0.2421052631578947,female,0.2285714285714285,0.05590062088711872,two-strong
7,384,marriage,0.2421052631578947,female,0.2285714285714285,0.05590062088711872,two-strong
7,385,marriage,0.2421052631578947,female,0.2285714285714285,0.05590062088711872,two-strong
7,386,marriage,0.2421052631578947,female,0.2285714285714285,0.05590062088711872,two-strong
7,387,marriage,0.2421052631578947,female,0.2285714285714285,0.05590062088711872,two-strong
7,388,marriage,0.2421052631578947,female,0.2285714285714285,0.05590062088711872,two-strong
7,389,marriage,0.2468126838836221,female,0.2285714285714285,0.07390728446876531,two-strong
7,390,marriage,0.2421052631578947,female,0.2285714285714285,0.05590062088711872,two-strong
7,391,marriage,0.2421052631578947,female,0.2285714285714285,0.05590062088711872,two-strong
7,392,marriage,0.2421052631578947,female,0.2285714285714285,0.05590062088711872,two-strong
7,393,marriage,0.2421052631578947,female,0.2285714285714285,0.05590062088711872,two-strong
7,394,marriage,0.2421052631578947,female,0.2285714285714285,0.05590062088711872,two-strong
7,395,emotion,0.2016793015596843,,,0.999999995041633,dominant
7,396,marriage,0.2421052631578947,female,0.2285714285714285,0.05590062088711872,two-strong
7,397,marriage,0.2421052631578947,female,0.2285714285714285,0.05590062088711872,two-strong
7,398,marriage,0.2421052631578947,female,0.2285714285714285,0.05590062088711872,two-strong
7,399,marriage,0.2421052631578947,female,0.2285714285714285,0.05590062088711872,two-strong
7,400,marriage,0.2421052631578947,female,0.2285714285714285,0.05590062088711872,two-strong
7,401,female,0.2246668698846712,family,0.2027510578577231,0.09754803607959711,two-strong
7,402,wealth,0.2047088309007813,,,0.9999999951150129,dominant
7,403,wealth,0.2042586466165413,emotion,0.1887155906294662,0.07609497158844601,two-strong
7,404,marriage,0.2421052631578947,female,0.2285714285714285,0.05590062088711872,two-strong
7,405,marriage,0.243199216813458,female,0.2281453838616904,0.06189918325853497,two-strong
7,406,marriage,0.2421052631578947,female,0.2285714285714285,0.05590062088711872,two-strong
7,407,duty,0.1380804953560371,,,0.9999999927578476,dominant
7,408,marriage,0.2421052631578947,female,0.2285714285714285,0.05590062088711872,two-strong
7,409,marriage,0.2421052631578947,female,0.2285714285714285,0.05590062088711872,two-strong
7,410,marriage,0.2421052631578947,female,0.2285714285714285,0.05590062088711872,two-strong
7,411,marriage,0.2407956031382804,female,0.2253644053315106,0.0640842172430533,two-strong
7,412,marriage,0.2421052631578947,female,0.2285714285714285,0.05590062088711872,two-strong
7,413,marriage,0.2421052631578947,female,0.2285714285714285,0.05590062088711872,two-strong
7,414,marriage,0.2421052631578947,female,0.2285714285714285,0.05590062088711872,two-strong
7,415,marriage,0.2421052631578947,female,0.2285714285714285,0.05590062088711872,two-strong
7,416,marriage,0.2421052631578947,female,0.2285714285714285,0.05590062088711872,two-strong
7,417,marriage,0.2421052631578947,female,0.2285714285714285,0.05590062088711872,two-strong
7,418,marriage,0.2421052631578947,female,0.2285714285714285,0.05590062088711872,two-strong
7,419,marriage,0.2421052631578947,female,0.2285714285714285,0.05590062088711872,two-strong
7,420,marriage,0.2421052631578947,female,0.2285714285714285,0.05590062088711872,two-strong
7,421,marriage,0.2421052631578947,female,0.2336466165413533,0.034937888054449355,two-strong
7,422,marriage,0.2421052631578947,female,0.2285714285714285,0.05590062088711872,two-strong
7,423,marriage,0.2421052631578947,female,0.2285714285714285,0.05590062088711872,two-strong
7,424,marriage,0.2421052631578947,female,0.2285714285714285,0.05590062088711872,two-strong
7,425,marriage,0.2437070938215103,female,0.2296273772666961,0.05777310900663804,two-strong
7,426,marriage,0.2421052631578947,female,0.2285714285714285,0.05590062088711872,two-strong
7,427,marriage,0.2421052631578947,female,0.2285714285714285,0.05590062088711872,two-strong
7,428,marriage,0.2421052631578947,female,0.2285714285714285,0.05590062088711872,two-strong
7,429,marriage,0.2421052631578947,female,0.2285714285714285,0.05590062088711872,two-strong
7,430,marriage,0.2421052631578947,female,0.2285714285714285,0.05590062088711872,two-strong
7,431,marriage,0.2421052631578947,female,0.2285714285714285,0.05590062088711872,two-strong
7,432,marriage,0.2421052631578947,female,0.2285714285714285,0.05590062088711872,two-strong
7,433,marriage,0.2421052631578947,female,0.2285714285714285,0.05590062088711872,two-strong
7,434,marriage,0.2421052631578947,female,0.2285714285714285,0.05590062088711872,two-strong
7,435,female,0.3286594476215753,male,0.2848459687552014,0.13330965852383433,two-strong
7,436,marriage,0.2421052631578947,female,0.2285714285714285,0.05590062088711872,two-strong
7,437,marriage,0.2421052631578947,female,0.2285714285714285,0.05590062088711872,two-strong
7,438,marriage,0.2421052631578947,female,0.2285714285714285,0.05590062088711872,two-strong
7,439,marriage,0.2421052631578947,female,0.2285714285714285,0.05590062088711872,two-strong
7,440,marriage,0.2421052631578947,female,0.2285714285714285,0.05590062088711872,two-strong
7,441,marriage,0.2421052631578947,female,0.2285714285714285,0.05590062088711872,two-strong
7,442,marriage,0.2421052631578947,female,0.2285714285714285,0.05590062088711872,two-strong
7,443,marriage,0.2547590980085259,female,0.2387360446570973,0.06289492078511542,two-strong
7,444,marriage,0.2421052631578947,female,0.2285714285714285,0.05590062088711872,two-strong
7,445,marriage,0.2421052631578947,female,0.2285714285714285,0.05590062088711872,two-strong
7,446,marriage,0.2421052631578947,female,0.2285714285714285,0.05590062088711872,two-strong
7,447,marriage,0.2421052631578947,female,0.2285714285714285,0.05590062088711872,two-strong
7,448,marriage,0.2421052631578947,female,0.2285714285714285,0.05590062088711872,two-strong
7,449,marriage,0.2474467326096078,female,0.2439645941479085,0.01407227491308501,two-strong
7,450,society,0.3391012943711544,marriage,0.2777878198019799,0.18081167900601916,two-strong
7,451,marriage,0.2421052631578947,female,0.2285714285714285,0.05590062088711872,two-strong
7,452,marriage,0.2421052631578947,female,0.2285714285714285,0.05590062088711872,two-strong
7,453,marriage,0.2421052631578947,female,0.2285714285714285,0.05590062088711872,two-strong
7,454,marriage,0.2421052631578947,female,0.2285714285714285,0.05590062088711872,two-strong
7,455,marriage,0.2421052631578947,female,0.2285714285714285,0.05590062088711872,two-strong
7,456,marriage,0.2421052631578947,female,0.2285714285714285,0.05590062088711872,two-strong
7,457,marriage,0.2421052631578947,female,0.2285714285714285,0.05590062088711872,two-strong
7,458,marriage,0.2421052631578947,female,0.2285714285714285,0.05590062088711872,two-strong
7,459,marriage,0.2421052631578947,female,0.2285714285714285,0.05590062088711872,two-strong
7,460,marriage,0.2421052631578947,female,0.2285714285714285,0.05590062088711872,two-strong
7,461,marriage,0.2421052631578947,female,0.2285714285714285,0.05590062088711872,two-strong
7,462,marriage,0.2421052631578947,female,0.2285714285714285,0.05590062088711872,two-strong
7,463,marriage,0.2421052631578947,female,0.2285714285714285,0.05590062088711872,two-strong
7,464,marriage,0.2421052631578947,female,0.2285714285714285,0.05590062088711872,two-strong
7,465,marriage,0.2421052631578947,female,0.2285714285714285,0.05590062088711872,two-strong
7,466,marriage,0.2421052631578947,female,0.2285714285714285,0.05590062088711872,two-strong
7,467,marriage,0.2421052631578947,female,0.2285714285714285,0.05590062088711872,two-strong
7,468,marriage,0.2468126838836221,female,0.2285714285714285,0.07390728446876531,two-strong
7,469,wealth,0.1993847077562257,male,0.1954738582994181,0.019614590713619463,two-strong
7,470,marriage,0.2421542987904544,female,0.2285714285714285,0.05609179862087796,two-strong
7,471,marriage,0.2421052631578947,female,0.2285714285714285,0.05590062088711872,two-strong
7,472,marriage,0.2421052631578947,female,0.2285714285714285,0.05590062088711872,two-strong
7,473,marriage,0.2421052631578947,female,0.2285714285714285,0.05590062088711872,two-strong
7,474,marriage,0.2421052631578947,female,0.2285714285714285,0.05590062088711872,two-strong
7,475,marriage,0.2421052631578947,female,0.2285714285714285,0.05590062088711872,two-strong
7,476,marriage,0.2421052631578947,female,0.2285714285714285,0.05590062088711872,two-strong
7,477,marriage,0.2421052631578947,female,0.2285714285714285,0.05590062088711872,two-strong
7,478,marriage,0.2421052631578947,female,0.2285714285714285,0.05590062088711872,two-strong
7,479,male,0.3988239580568651,love,0.1467022080810963,0.6321629988629163,dominant
7,480,marriage,0.2421052631578947,female,0.2285714285714285,0.05590062088711872,two-strong
7,481,marriage,0.2421052631578947,female,0.2285714285714285,0.05590062088711872,two-strong
7,482,marriage,0.2421052631578947,female,0.2285714285714285,0.05590062088711872,two-strong
7,483,female,0.261606778322246,male,0.2223094963361178,0.15021507503718773,two-strong
7,484,marriage,0.2421052631578947,female,0.2285714285714285,0.05590062088711872,two-strong
7,485,marriage,0.2468126838836221,female,0.2285714285714285,0.07390728446876531,two-strong
7,486,marriage,0.2421052631578947,female,0.2285714285714285,0.05590062088711872,two-strong
7,487,marriage,0.2421052631578947,female,0.2285714285714285,0.05590062088711872,two-strong
7,488,marriage,0.2421052631578947,female,0.2285714285714285,0.05590062088711872,two-strong
7,489,wealth,0.1976557171569267,duty,0.1381288061783417,0.3011646287476704,leaning
7,490,marriage,0.2421052631578947,female,0.2285714285714285,0.05590062088711872,two-strong
7,491,marriage,0.2421052631578947,female,0.2285714285714285,0.05590062088711872,two-strong
7,492,marriage,0.2421052631578947,female,0.2285714285714285,0.05590062088711872,two-strong
7,493,wealth,0.1934744687806472,class,0.1490519227361332,0.22960417513937784,leaning
7,494,marriage,0.2421052631578947,female,0.2285714285714285,0.05590062088711872,two-strong
7,495,marriage,0.250884912007828,wealth,0.2140211313590624,0.14693502373981082,two-strong
7,496,marriage,0.2421052631578947,female,0.2285714285714285,0.05590062088711872,two-strong
7,497,marriage,0.2421052631578947,female,0.2285714285714285,0.05590062088711872,two-strong
7,498,marriage,0.2421052631578947,female,0.2285714285714285,0.05590062088711872,two-strong
7,499,female,0.2424733709273182,marriage,0.2413779012749264,0.004517896722779786,two-strong
7,500,marriage,0.2468126838836221,female,0.2292606516290727,0.07111478999884303,two-strong
7,501,marriage,0.2421052631578947,female,0.2285714285714285,0.05590062088711872,two-strong
7,502,marriage,0.2421052631578947,female,0.2285714285714285,0.05590062088711872,two-strong
7,503,marriage,0.2421052631578947,female,0.2285714285714285,0.05590062088711872,two-strong
7,504,marriage,0.2421052631578947,female,0.2285714285714285,0.05590062088711872,two-strong
7,505,marriage,0.2421052631578947,female,0.2285714285714285,0.05590062088711872,two-strong
7,506,marriage,0.2468126838836221,female,0.2285714285714285,0.07390728446876531,two-strong
7,507,marriage,0.2421052631578947,female,0.2285714285714285,0.05590062088711872,two-strong
7,508,marriage,0.2421052631578947,female,0.2285714285714285,0.05590062088711872,two-strong
7,509,marriage,0.2421052631578947,female,0.2285714285714285,0.05590062088711872,two-strong
7,510,marriage,0.2421052631578947,female,0.2285714285714285,0.05590062088711872,two-strong
7,511,marriage,0.2421052631578947,female,0.2285714285714285,0.05590062088711872,two-strong
7,512,female,0.2336466165413533,male,0.2022556390977443,0.13435237271540248,two-strong
7,513,marriage,0.2421052631578947,female,0.2285714285714285,0.05590062088711872,two-strong
7,514,marriage,0.2421052631578947,female,0.2285714285714285,0.05590062088711872,two-strong
7,515,marriage,0.2421052631578947,female,0.2285714285714285,0.05590062088711872,two-strong
7,516,marriage,0.2421052631578947,female,0.2285714285714285,0.05590062088711872,two-strong
7,517,marriage,0.2421052631578947,female,0.2285714285714285,0.05590062088711872,two-strong
7,518,marriage,0.2588349265461913,family,0.2579778952573514,0.0033111114367938613,two-strong
7,519,marriage,0.2421052631578947,female,0.2285714285714285,0.05590062088711872,two-strong
7,520,marriage,0.2421052631578947,female,0.2285714285714285,0.05590062088711872,two-strong
7,521,marriage,0.2421052631578947,female,0.2285714285714285,0.05590062088711872,two-strong
7,522,marriage,0.2421052631578947,female,0.2285714285714285,0.05590062088711872,two-strong
7,523,marriage,0.2421052631578947,female,0.2285714285714285,0.05590062088711872,two-strong
7,524,marriage,0.2421052631578947,female,0.2285714285714285,0.05590062088711872,two-strong
7,525,marriage,0.2421052631578947,female,0.2285714285714285,0.05590062088711872,two-strong
7,526,marriage,0.2421052631578947,female,0.2285714285714285,0.05590062088711872,two-strong
7,527,marriage,0.2421052631578947,female,0.2285714285714285,0.05590062088711872,two-strong
7,528,marriage,0.2421052631578947,female,0.2285714285714285,0.05590062088711872,two-strong
7,529,marriage,0.2421052631578947,female,0.2285714285714285,0.05590062088711872,two-strong
7,530,marriage,0.2421052631578947,female,0.2285714285714285,0.05590062088711872,two-strong
7,531,marriage,0.2421052631578947,female,0.2285714285714285,0.05590062088711872,two-strong
7,532,marriage,0.2421052631578947,female,0.2285714285714285,0.05590062088711872,two-strong
7,533,marriage,0.2421052631578947,female,0.2285714285714285,0.05590062088711872,two-strong
7,534,marriage,0.2567059942345984,female,0.2349865047233468,0.08460842331088753,two-strong
7,535,marriage,0.2421052631578947,female,0.2285714285714285,0.05590062088711872,two-strong
7,536,marriage,0.2421052631578947,female,0.2285714285714285,0.05590062088711872,two-strong
7,537,marriage,0.2421052631578947,female,0.2285714285714285,0.05590062088711872,two-strong
7,538,marriage,0.2421052631578947,female,0.2285714285714285,0.05590062088711872,two-strong
7,539,marriage,0.2421052631578947,female,0.2285714285714285,0.05590062088711872,two-strong
7,540,marriage,0.2421052631578947,female,0.2285714285714285,0.05590062088711872,two-strong
7,541,marriage,0.2421052631578947,female,0.2285714285714285,0.05590062088711872,two-strong
7,542,marriage,0.2421052631578947,female,0.2285714285714285,0.05590062088711872,two-strong
7,543,marriage,0.2421052631578947,female,0.2285714285714285,0.05590062088711872,two-strong
7,544,marriage,0.2421052631578947,female,0.2285714285714285,0.05590062088711872,two-strong
7,545,marriage,0.2421052631578947,female,0.2285714285714285,0.05590062088711872,two-strong
7,546,marriage,0.2421052631578947,female,0.2285714285714285,0.05590062088711872,two-strong
7,547,marriage,0.2421052631578947,female,0.2285714285714285,0.05590062088711872,two-strong
7,548,marriage,0.2421052631578947,female,0.2285714285714285,0.05590062088711872,two-strong
7,549,marriage,0.2421052631578947,female,0.2285714285714285,0.05590062088711872,two-strong
7,550,marriage,0.2421052631578947,female,0.2285714285714285,0.05590062088711872,two-strong
7,551,marriage,0.2421052631578947,female,0.2285714285714285,0.05590062088711872,two-strong
7,552,society,0.2826885961740888,emotion,0.2015991302642887,0.28685085539500055,leaning
7,553,marriage,0.2421052631578947,female,0.2285714285714285,0.05590062088711872,two-strong
7,554,marriage,0.2421052631578947,female,0.2285714285714285,0.05590062088711872,two-strong
7,555,marriage,0.2421052631578947,female,0.2285714285714285,0.05590062088711872,two-strong
7,556,marriage,0.2421052631578947,female,0.2285714285714285,0.05590062088711872,two-strong
7,557,marriage,0.2421052631578947,female,0.2285714285714285,0.05590062088711872,two-strong
7,558,marriage,0.2421052631578947,female,0.2285714285714285,0.05590062088711872,two-strong
7,559,marriage,0.2421052631578947,female,0.2285714285714285,0.05590062088711872,two-strong
7,560,marriage,0.2421052631578947,female,0.2285714285714285,0.05590062088711872,two-strong
7,561,marriage,0.2421052631578947,female,0.2285714285714285,0.05590062088711872,two-strong
7,562,marriage,0.2421052631578947,female,0.2285714285714285,0.05590062088711872,two-strong
7,563,marriage,0.2421052631578947,female,0.2285714285714285,0.05590062088711872,two-strong
7,564,marriage,0.2421052631578947,female,0.2285714285714285,0.05590062088711872,two-strong
7,565,marriage,0.2421052631578947,female,0.2285714285714285,0.05590062088711872,two-strong
7,566,marriage,0.2421052631578947,female,0.2336466165413533,0.034937888054449355,two-strong
7,567,marriage,0.2421052631578947,female,0.2285714285714285,0.05590062088711872,two-strong
7,568,marriage,0.2421052631578947,female,0.2285714285714285,0.05590062088711872,two-strong
7,569,marriage,0.2421052631578947,female,0.2285714285714285,0.05590062088711872,two-strong
7,570,marriage,0.2421052631578947,female,0.2285714285714285,0.05590062088711872,two-strong
7,571,marriage,0.2421052631578947,female,0.2285714285714285,0.05590062088711872,two-strong
7,572,marriage,0.2421052631578947,female,0.2285714285714285,0.05590062088711872,two-strong
7,573,marriage,0.2421052631578947,female,0.2285714285714285,0.05590062088711872,two-strong
7,574,marriage,0.2421052631578947,female,0.2285714285714285,0.05590062088711872,two-strong
7,575,marriage,0.2421052631578947,female,0.2285714285714285,0.05590062088711872,two-strong
7,576,marriage,0.2427209327666993,female,0.2285714285714285,0.058295359925036906,two-strong
7,577,marriage,0.2421052631578947,female,0.2285714285714285,0.05590062088711872,two-strong
7,578,marriage,0.2421052631578947,female,0.2285714285714285,0.05590062088711872,two-strong
7,579,marriage,0.2421052631578947,female,0.2285714285714285,0.05590062088711872,two-strong
7,580,marriage,0.2421052631578947,female,0.2285714285714285,0.05590062088711872,two-strong
7,581,marriage,0.2421052631578947,female,0.2285714285714285,0.05590062088711872,two-strong
7,582,marriage,0.2421052631578947,female,0.2285714285714285,0.05590062088711872,two-strong
7,583,marriage,0.2421052631578947,female,0.2285714285714285,0.05590062088711872,two-strong
7,584,marriage,0.2421052631578947,female,0.2285714285714285,0.05590062088711872,two-strong
7,585,marriage,0.2421052631578947,female,0.2285714285714285,0.05590062088711872,two-strong
7,586,marriage,0.2421052631578947,female,0.2285714285714285,0.05590062088711872,two-strong
7,587,marriage,0.2421052631578947,female,0.2285714285714285,0.05590062088711872,two-strong
7,588,marriage,0.2421052631578947,female,0.2285714285714285,0.05590062088711872,two-strong
7,589,marriage,0.2421052631578947,female,0.2285714285714285,0.05590062088711872,two-strong
7,590,marriage,0.2421052631578947,female,0.2285714285714285,0.05590062088711872,two-strong
7,591,marriage,0.2421052631578947,female,0.2285714285714285,0.05590062088711872,two-strong
7,592,marriage,0.2421052631578947,female,0.2285714285714285,0.05590062088711872,two-strong
7,593,marriage,0.2421052631578947,female,0.2285714285714285,0.05590062088711872,two-strong
7,594,marriage,0.2421052631578947,female,0.2285714285714285,0.05590062088711872,two-strong
7,595,marriage,0.2421052631578947,female,0.2285714285714285,0.05590062088711872,two-strong
7,596,marriage,0.2421052631578947,female,0.2285714285714285,0.05590062088711872,two-strong
7,597,emotion,0.2567071122802781,,,0.9999999961045098,dominant
7,598,marriage,0.2421052631578947,female,0.2285714285714285,0.05590062088711872,two-strong
7,599,marriage,0.2421052631578947,female,0.2285714285714285,0.05590062088711872,two-strong
7,600,marriage,0.2421052631578947,female,0.2285714285714285,0.05590062088711872,two-strong
7,601,marriage,0.2421052631578947,female,0.2285714285714285,0.05590062088711872,two-strong
7,602,marriage,0.2421052631578947,female,0.2285714285714285,0.05590062088711872,two-strong
7,603,marriage,0.2421052631578947,female,0.2285714285714285,0.05590062088711872,two-strong
7,604,marriage,0.2421052631578947,female,0.2285714285714285,0.05590062088711872,two-strong
7,605,marriage,0.2421052631578947,female,0.2285714285714285,0.05590062088711872,two-strong
7,606,marriage,0.2421052631578947,female,0.2285714285714285,0.05590062088711872,two-strong
7,607,marriage,0.2421052631578947,female,0.2285714285714285,0.05590062088711872,two-strong
7,608,marriage,0.2421052631578947,female,0.2285714285714285,0.05590062088711872,two-strong
7,609,marriage,0.2421052631578947,female,0.2285714285714285,0.05590062088711872,two-strong
7,610,marriage,0.2421052631578947,female,0.2285714285714285,0.05590062088711872,two-strong
7,611,marriage,0.2421052631578947,female,0.2285714285714285,0.05590062088711872,two-strong
7,612,marriage,0.2409406219801773,female,0.2285714285714285,0.05133710229414666,two-strong
7,613,marriage,0.2421052631578947,female,0.2285714285714285,0.05590062088711872,two-strong
7,614,marriage,0.2421052631578947,female,0.2285714285714285,0.05590062088711872,two-strong
7,615,marriage,0.2421052631578947,female,0.2285714285714285,0.05590062088711872,two-strong
7,616,marriage,0.2421052631578947,female,0.2285714285714285,0.05590062088711872,two-strong
7,617,marriage,0.2421052631578947,female,0.2285714285714285,0.05590062088711872,two-strong
7,618,marriage,0.2421052631578947,female,0.2285714285714285,0.05590062088711872,two-strong
7,619,marriage,0.2421052631578947,female,0.2285714285714285,0.05590062088711872,two-strong
7,620,marriage,0.2453579601176855,female,0.2278482664995822,0.07136386990803527,two-strong
7,621,marriage,0.2421052631578947,female,0.2285714285714285,0.05590062088711872,two-strong
7,622,marriage,0.2421052631578947,female,0.2285714285714285,0.05590062088711872,two-strong
7,623,marriage,0.2421052631578947,female,0.2285714285714285,0.05590062088711872,two-strong
7,624,marriage,0.2421052631578947,female,0.2285714285714285,0.05590062088711872,two-strong
7,625,marriage,0.2510781426052499,female,0.2295091576976587,0.08590546591543387,two-strong
7,626,marriage,0.2421052631578947,female,0.2285714285714285,0.05590062088711872,two-strong
7,627,marriage,0.2421052631578947,female,0.2285714285714285,0.05590062088711872,two-strong
7,628,marriage,0.2421052631578947,female,0.2285714285714285,0.05590062088711872,two-strong
7,629,marriage,0.2421052631578947,female,0.2285714285714285,0.05590062088711872,two-strong
7,630,marriage,0.2421052631578947,female,0.2285714285714285,0.05590062088711872,two-strong
7,631,marriage,0.2421052631578947,female,0.2285714285714285,0.05590062088711872,two-strong
7,632,marriage,0.2421052631578947,female,0.2285714285714285,0.05590062088711872,two-strong
7,633,marriage,0.2421052631578947,female,0.2285714285714285,0.05590062088711872,two-strong
7,634,marriage,0.2421052631578947,female,0.2285714285714285,0.05590062088711872,two-strong
7,635,marriage,0.2421052631578947,female,0.2285714285714285,0.05590062088711872,two-strong
7,636,marriage,0.2421052631578947,female,0.2285714285714285,0.05590062088711872,two-strong
7,637,marriage,0.2421052631578947,female,0.2285714285714285,0.05590062088711872,two-strong
7,638,marriage,0.2421052631578947,female,0.2285714285714285,0.05590062088711872,two-strong
7,639,marriage,0.2421052631578947,female,0.2285714285714285,0.05590062088711872,two-strong
7,640,female,0.2469205402973843,emotion,0.1838542078906563,0.25541144562279516,leaning
7,641,marriage,0.2421052631578947,female,0.2285714285714285,0.05590062088711872,two-strong
7,642,marriage,0.2421052631578947,female,0.2285714285714285,0.05590062088711872,two-strong
7,643,marriage,0.2421052631578947,female,0.2285714285714285,0.05590062088711872,two-strong
7,644,marriage,0.2421052631578947,female,0.2285714285714285,0.05590062088711872,two-strong
7,645,marriage,0.2421052631578947,female,0.2285714285714285,0.05590062088711872,two-strong
7,646,marriage,0.2421052631578947,female,0.2285714285714285,0.05590062088711872,two-strong
7,647,marriage,0.2421052631578947,female,0.2285714285714285,0.05590062088711872,two-strong
7,648,marriage,0.2421052631578947,female,0.2285714285714285,0.05590062088711872,two-strong
7,649,marriage,0.2421052631578947,female,0.2285714285714285,0.05590062088711872,two-strong
7,650,marriage,0.2421052631578947,female,0.2285714285714285,0.05590062088711872,two-strong
7,651,marriage,0.2421052631578947,female,0.2285714285714285,0.05590062088711872,two-strong
7,652,marriage,0.2421052631578947,female,0.2285714285714285,0.05590062088711872,two-strong
7,653,marriage,0.2421052631578947,female,0.2285714285714285,0.05590062088711872,two-strong
7,654,marriage,0.2421052631578947,female,0.2285714285714285,0.05590062088711872,two-strong
7,655,marriage,0.2421052631578947,female,0.2285714285714285,0.05590062088711872,two-strong
7,656,marriage,0.2421052631578947,female,0.2285714285714285,0.05590062088711872,two-strong
7,657,marriage,0.2421052631578947,female,0.2285714285714285,0.05590062088711872,two-strong
7,658,marriage,0.2421052631578947,female,0.2285714285714285,0.05590062088711872,two-strong
7,659,marriage,0.2421052631578947,female,0.2285714285714285,0.05590062088711872,two-strong
7,660,marriage,0.2421052631578947,female,0.2285714285714285,0.05590062088711872,two-strong
7,661,marriage,0.2421052631578947,female,0.2285714285714285,0.05590062088711872,two-strong
7,662,marriage,0.2421052631578947,female,0.2285714285714285,0.05590062088711872,two-strong
7,663,marriage,0.2421052631578947,female,0.2285714285714285,0.05590062088711872,two-strong
7,664,marriage,0.2421052631578947,female,0.2285714285714285,0.05590062088711872,two-strong
7,665,marriage,0.2421052631578947,female,0.2285714285714285,0.05590062088711872,two-strong
7,666,marriage,0.2421052631578947,female,0.2285714285714285,0.05590062088711872,two-strong
7,667,female,0.2535677263234326,marriage,0.2357457550471288,0.07028485629628801,two-strong
7,668,marriage,0.2421052631578947,female,0.2285714285714285,0.05590062088711872,two-strong
7,669,marriage,0.2421052631578947,female,0.2285714285714285,0.05590062088711872,two-strong
7,670,female,0.4370341197238341,male,0.3667965150556336,0.16071423565709253,two-strong
7,671,marriage,0.2421052631578947,female,0.2285714285714285,0.05590062088711872,two-strong
7,672,marriage,0.2421052631578947,female,0.2285714285714285,0.05590062088711872,two-strong
7,673,marriage,0.2421052631578947,female,0.2285714285714285,0.05590062088711872,two-strong
7,674,marriage,0.2421052631578947,female,0.2285714285714285,0.05590062088711872,two-strong
7,675,marriage,0.2421052631578947,female,0.2285714285714285,0.05590062088711872,two-strong
7,676,marriage,0.2421052631578947,female,0.2285714285714285,0.05590062088711872,two-strong
7,677,marriage,0.2421052631578947,female,0.2285714285714285,0.05590062088711872,two-strong
7,678,marriage,0.2421052631578947,female,0.2285714285714285,0.05590062088711872,two-strong
7,679,marriage,0.2421052631578947,female,0.2285714285714285,0.05590062088711872,two-strong
7,680,wealth,0.1914406015037593,class,0.1509916767226709,0.21128707417379822,leaning
7,681,marriage,0.2421052631578947,female,0.2285714285714285,0.05590062088711872,two-strong
7,682,marriage,0.2421052631578947,female,0.2285714285714285,0.05590062088711872,two-strong
7,683,marriage,0.2421052631578947,female,0.2285714285714285,0.05590062088711872,two-strong
7,684,marriage,0.2421052631578947,female,0.2285714285714285,0.05590062088711872,two-strong
7,685,marriage,0.2421052631578947,female,0.2285714285714285,0.05590062088711872,two-strong
7,686,marriage,0.2421052631578947,female,0.2285714285714285,0.05590062088711872,two-strong
7,687,marriage,0.2421052631578947,female,0.2285714285714285,0.05590062088711872,two-strong
7,688,marriage,0.2421052631578947,female,0.2285714285714285,0.05590062088711872,two-strong
7,689,marriage,0.2421052631578947,female,0.2285714285714285,0.05590062088711872,two-strong
7,690,marriage,0.2421052631578947,female,0.2285714285714285,0.05590062088711872,two-strong
7,691,marriage,0.2421052631578947,female,0.2285714285714285,0.05590062088711872,two-strong
7,692,marriage,0.2421052631578947,female,0.2285714285714285,0.05590062088711872,two-strong
7,693,marriage,0.2421052631578947,female,0.2285714285714285,0.05590062088711872,two-strong
7,694,marriage,0.2421052631578947,female,0.2285714285714285,0.05590062088711872,two-strong
7,695,wealth,0.2009624060150376,,,0.999999995023945,dominant
7,696,marriage,0.2421052631578947,female,0.2285714285714285,0.05590062088711872,two-strong
7,697,marriage,0.2421052631578947,female,0.2285714285714285,0.05590062088711872,two-strong
7,698,marriage,0.2421052631578947,female,0.2285714285714285,0.05590062088711872,two-strong
7,699,marriage,0.2421052631578947,female,0.2285714285714285,0.05590062088711872,two-strong
7,700,marriage,0.2421052631578947,female,0.2285714285714285,0.05590062088711872,two-strong
7,701,marriage,0.2421052631578947,female,0.2285714285714285,0.05590062088711872,two-strong
7,702,marriage,0.2695148720058206,emotion,0.1898403032374324,0.29562215947417303,leaning
7,703,marriage,0.2421052631578947,female,0.2285714285714285,0.05590062088711872,two-strong
7,704,marriage,0.2421052631578947,female,0.2285714285714285,0.05590062088711872,two-strong
7,705,marriage,0.2421052631578947,female,0.2285714285714285,0.05590062088711872,two-strong
7,706,marriage,0.2421052631578947,female,0.2285714285714285,0.05590062088711872,two-strong
7,707,marriage,0.2421052631578947,female,0.2285714285714285,0.05590062088711872,two-strong
7,708,marriage,0.241636700446769,female,0.2285714285714285,0.05406989831062017,two-strong
7,709,marriage,0.2421052631578947,female,0.2285714285714285,0.05590062088711872,two-strong
7,710,marriage,0.2421052631578947,female,0.2285714285714285,0.05590062088711872,two-strong
7,711,marriage,0.2421052631578947,female,0.2285714285714285,0.05590062088711872,two-strong
7,712,wealth,0.2054586466165413,,,0.9999999951328405,dominant
7,713,marriage,0.2421052631578947,female,0.2285714285714285,0.05590062088711872,two-strong
7,714,marriage,0.2421052631578947,female,0.2285714285714285,0.05590062088711872,two-strong
7,715,marriage,0.2421052631578947,female,0.2285714285714285,0.05590062088711872,two-strong
7,716,female,0.2387218045112781,,,0.9999999958110236,dominant
7,717,marriage,0.2421052631578947,female,0.2285714285714285,0.05590062088711872,two-strong
7,718,marriage,0.2421052631578947,female,0.2285714285714285,0.05590062088711872,two-strong
7,719,marriage,0.2421052631578947,female,0.2285714285714285,0.05590062088711872,two-strong
7,720,marriage,0.2421052631578947,female,0.2285714285714285,0.05590062088711872,two-strong
7,721,marriage,0.2421052631578947,female,0.2285714285714285,0.05590062088711872,two-strong
7,722,marriage,0.2421052631578947,female,0.2285714285714285,0.05590062088711872,two-strong
7,723,duty,0.1483414418398938,,,0.9999999932587955,dominant
7,724,marriage,0.2421052631578947,female,0.2285714285714285,0.05590062088711872,two-strong
7,725,marriage,0.2421052631578947,female,0.2285714285714285,0.05590062088711872,two-strong
7,726,marriage,0.2421052631578947,female,0.2285714285714285,0.05590062088711872,two-strong
7,727,marriage,0.2421052631578947,female,0.2285714285714285,0.05590062088711872,two-strong
7,728,marriage,0.2421052631578947,female,0.2285714285714285,0.05590062088711872,two-strong
7,729,marriage,0.2421052631578947,female,0.2285714285714285,0.05590062088711872,two-strong
7,730,marriage,0.2421052631578947,female,0.2285714285714285,0.05590062088711872,two-strong
7,731,marriage,0.2655090269112328,female,0.2264939692982456,0.14694437292742835,two-strong
7,732,marriage,0.2421052631578947,female,0.2285714285714285,0.05590062088711872,two-strong
7,733,marriage,0.2421052631578947,female,0.2285714285714285,0.05590062088711872,two-strong
7,734,marriage,0.2421052631578947,female,0.2285714285714285,0.05590062088711872,two-strong
7,735,marriage,0.2421052631578947,female,0.2285714285714285,0.05590062088711872,two-strong
7,736,marriage,0.2421052631578947,female,0.2285714285714285,0.05590062088711872,two-strong
7,737,marriage,0.2421052631578947,female,0.2285714285714285,0.05590062088711872,two-strong
7,738,marriage,0.2421052631578947,female,0.2285714285714285,0.05590062088711872,two-strong
7,739,marriage,0.2421052631578947,female,0.2285714285714285,0.05590062088711872,two-strong
7,740,marriage,0.2421052631578947,female,0.2285714285714285,0.05590062088711872,two-strong
7,741,marriage,0.2421052631578947,female,0.2285714285714285,0.05590062088711872,two-strong
7,742,marriage,0.2421052631578947,female,0.2285714285714285,0.05590062088711872,two-strong
7,743,marriage,0.2421052631578947,female,0.2285714285714285,0.05590062088711872,two-strong
7,744,marriage,0.2421052631578947,female,0.2285714285714285,0.05590062088711872,two-strong
7,745,marriage,0.2421052631578947,female,0.2285714285714285,0.05590062088711872,two-strong
7,746,marriage,0.2421052631578947,female,0.2285714285714285,0.05590062088711872,two-strong
7,747,marriage,0.2421052631578947,female,0.2285714285714285,0.05590062088711872,two-strong
7,748,marriage,0.2421052631578947,female,0.2285714285714285,0.05590062088711872,two-strong
7,749,marriage,0.2421052631578947,female,0.2285714285714285,0.05590062088711872,two-strong
7,750,marriage,0.2421052631578947,female,0.2285714285714285,0.05590062088711872,two-strong
7,751,marriage,0.2421052631578947,female,0.2285714285714285,0.05590062088711872,two-strong
7,752,marriage,0.2421052631578947,female,0.2285714285714285,0.05590062088711872,two-strong
7,753,marriage,0.2421052631578947,female,0.2285714285714285,0.05590062088711872,two-strong
7,754,emotion,0.2002789342502261,love,0.1334193130926343,0.33383251750394116,leaning
7,755,marriage,0.2421052631578947,female,0.2285714285714285,0.05590062088711872,two-strong
7,756,emotion,0.2103669770795087,wealth,0.1990040252957645,0.05401490237431436,two-strong
7,757,marriage,0.2421052631578947,female,0.2285714285714285,0.05590062088711872,two-strong
7,758,marriage,0.2421052631578947,female,0.2285714285714285,0.05590062088711872,two-strong
7,759,marriage,0.2421052631578947,female,0.2285714285714285,0.05590062088711872,two-strong
7,760,marriage,0.2421052631578947,female,0.2285714285714285,0.05590062088711872,two-strong
7,761,marriage,0.2421052631578947,female,0.2285714285714285,0.05590062088711872,two-strong
7,762,marriage,0.2421052631578947,female,0.2285714285714285,0.05590062088711872,two-strong
7,763,marriage,0.2421052631578947,female,0.2285714285714285,0.05590062088711872,two-strong
7,764,marriage,0.2421052631578947,female,0.2285714285714285,0.05590062088711872,two-strong
7,765,marriage,0.2421052631578947,female,0.2285714285714285,0.05590062088711872,two-strong
7,766,marriage,0.2421052631578947,female,0.2285714285714285,0.05590062088711872,two-strong
7,767,marriage,0.2421052631578947,female,0.2285714285714285,0.05590062088711872,two-strong
7,768,marriage,0.2421052631578947,female,0.2285714285714285,0.05590062088711872,two-strong
7,769,marriage,0.2421052631578947,female,0.2285714285714285,0.05590062088711872,two-strong
7,770,marriage,0.2421052631578947,female,0.2285714285714285,0.05590062088711872,two-strong
7,771,marriage,0.2421052631578947,female,0.2285714285714285,0.05590062088711872,two-strong
7,772,marriage,0.2421052631578947,female,0.2285714285714285,0.05590062088711872,two-strong
7,773,marriage,0.2421052631578947,female,0.2285714285714285,0.05590062088711872,two-strong
7,774,marriage,0.2421052631578947,female,0.2285714285714285,0.05590062088711872,two-strong
7,775,marriage,0.2421052631578947,female,0.2285714285714285,0.05590062088711872,two-strong
7,776,marriage,0.2421052631578947,female,0.2285714285714285,0.05590062088711872,two-strong
7,777,marriage,0.2421052631578947,female,0.2285714285714285,0.05590062088711872,two-strong
7,778,marriage,0.2468126838836221,female,0.2285714285714285,0.07390728446876531,two-strong
7,779,marriage,0.2421052631578947,female,0.2285714285714285,0.05590062088711872,two-strong
7,780,marriage,0.2421052631578947,female,0.2285714285714285,0.05590062088711872,two-strong
7,781,marriage,0.2421052631578947,female,0.2285714285714285,0.05590062088711872,two-strong
7,782,marriage,0.2421052631578947,female,0.2285714285714285,0.05590062088711872,two-strong
7,783,marriage,0.2421052631578947,female,0.2285714285714285,0.05590062088711872,two-strong
7,784,marriage,0.2421052631578947,female,0.2285714285714285,0.05590062088711872,two-strong
7,785,marriage,0.2421052631578947,female,0.2285714285714285,0.05590062088711872,two-strong
7,786,marriage,0.2421052631578947,female,0.2285714285714285,0.05590062088711872,two-strong
7,787,marriage,0.2421052631578947,female,0.2285714285714285,0.05590062088711872,two-strong
7,788,marriage,0.2421052631578947,female,0.2285714285714285,0.05590062088711872,two-strong
7,789,marriage,0.2421052631578947,female,0.2285714285714285,0.05590062088711872,two-strong
7,790,marriage,0.2421052631578947,female,0.2285714285714285,0.05590062088711872,two-strong
7,791,marriage,0.2421052631578947,female,0.2285714285714285,0.05590062088711872,two-strong
7,792,marriage,0.2421052631578947,female,0.2285714285714285,0.05590062088711872,two-strong
7,793,marriage,0.2421052631578947,female,0.2285714285714285,0.05590062088711872,two-strong
7,794,marriage,0.2421052631578947,female,0.2285714285714285,0.05590062088711872,two-strong
7,795,marriage,0.2421052631578947,female,0.2285714285714285,0.05590062088711872,two-strong
7,796,marriage,0.2421052631578947,female,0.2285714285714285,0.05590062088711872,two-strong
7,797,marriage,0.2421052631578947,female,0.2285714285714285,0.05590062088711872,two-strong
7,798,marriage,0.2421052631578947,female,0.2285714285714285,0.05590062088711872,two-strong
7,799,marriage,0.2421052631578947,female,0.2285714285714285,0.05590062088711872,two-strong
7,800,marriage,0.2421052631578947,female,0.2285714285714285,0.05590062088711872,two-strong
7,801,marriage,0.2421052631578947,female,0.2285714285714285,0.05590062088711872,two-strong
7,802,marriage,0.2421052631578947,female,0.2285714285714285,0.05590062088711872,two-strong
7,803,marriage,0.2421052631578947,female,0.2285714285714285,0.05590062088711872,two-strong
7,804,marriage,0.2421052631578947,female,0.2285714285714285,0.05590062088711872,two-strong
7,805,marriage,0.2421052631578947,female,0.2285714285714285,0.05590062088711872,two-strong
7,806,marriage,0.2421052631578947,female,0.2285714285714285,0.05590062088711872,two-strong
7,807,marriage,0.2421052631578947,female,0.2285714285714285,0.05590062088711872,two-strong
7,808,marriage,0.2421052631578947,female,0.2285714285714285,0.05590062088711872,two-strong
7,809,marriage,0.2421052631578947,female,0.2285714285714285,0.05590062088711872,two-strong
7,810,marriage,0.2421052631578947,female,0.2285714285714285,0.05590062088711872,two-strong
7,811,marriage,0.2421052631578947,female,0.2285714285714285,0.05590062088711872,two-strong
7,812,marriage,0.2421052631578947,female,0.2285714285714285,0.05590062088711872,two-strong
7,813,marriage,0.2421052631578947,female,0.2285714285714285,0.05590062088711872,two-strong
7,814,marriage,0.2421052631578947,female,0.2285714285714285,0.05590062088711872,two-strong
7,815,marriage,0.2421052631578947,female,0.2285714285714285,0.05590062088711872,two-strong
7,816,marriage,0.2421052631578947,female,0.2285714285714285,0.05590062088711872,two-strong
7,817,marriage,0.2421052631578947,female,0.2285714285714285,0.05590062088711872,two-strong
7,818,marriage,0.2421052631578947,female,0.2285714285714285,0.05590062088711872,two-strong
7,819,marriage,0.2421052631578947,female,0.2285714285714285,0.05590062088711872,two-strong
7,820,marriage,0.2421052631578947,female,0.2285714285714285,0.05590062088711872,two-strong
7,821,marriage,0.2421052631578947,female,0.2285714285714285,0.05590062088711872,two-strong
7,822,marriage,0.2421052631578947,female,0.2285714285714285,0.05590062088711872,two-strong
7,823,marriage,0.2421052631578947,female,0.2285714285714285,0.05590062088711872,two-strong
7,824,marriage,0.2421052631578947,female,0.2285714285714285,0.05590062088711872,two-strong
7,825,marriage,0.2421052631578947,female,0.2285714285714285,0.05590062088711872,two-strong
7,826,marriage,0.2421052631578947,female,0.2285714285714285,0.05590062088711872,two-strong
7,827,marriage,0.2421052631578947,female,0.2285714285714285,0.05590062088711872,two-strong
7,828,marriage,0.2421052631578947,female,0.2285714285714285,0.05590062088711872,two-strong
7,829,marriage,0.2421052631578947,female,0.2285714285714285,0.05590062088711872,two-strong
7,830,marriage,0.2421052631578947,female,0.2285714285714285,0.05590062088711872,two-strong
7,831,marriage,0.2421052631578947,female,0.2285714285714285,0.05590062088711872,two-strong
7,832,marriage,0.2421052631578947,female,0.2285714285714285,0.05590062088711872,two-strong
7,833,marriage,0.2421052631578947,female,0.2285714285714285,0.05590062088711872,two-strong
7,834,marriage,0.2421052631578947,female,0.2285714285714285,0.05590062088711872,two-strong
7,835,marriage,0.2421052631578947,female,0.2285714285714285,0.05590062088711872,two-strong
7,836,marriage,0.2421052631578947,female,0.2285714285714285,0.05590062088711872,two-strong
7,837,marriage,0.2421052631578947,female,0.2285714285714285,0.05590062088711872,two-strong
7,838,marriage,0.2421052631578947,female,0.2285714285714285,0.05590062088711872,two-strong
7,839,marriage,0.2421052631578947,female,0.2285714285714285,0.05590062088711872,two-strong
7,840,marriage,0.2421052631578947,female,0.2285714285714285,0.05590062088711872,two-strong
7,841,marriage,0.2421052631578947,female,0.2285714285714285,0.05590062088711872,two-strong
7,842,marriage,0.2421052631578947,female,0.2285714285714285,0.05590062088711872,two-strong
7,843,marriage,0.2421052631578947,female,0.2285714285714285,0.05590062088711872,two-strong
7,844,marriage,0.2421052631578947,female,0.2285714285714285,0.05590062088711872,two-strong
7,845,marriage,0.2421052631578947,female,0.2285714285714285,0.05590062088711872,two-strong
7,846,marriage,0.2421052631578947,female,0.2285714285714285,0.05590062088711872,two-strong
7,847,marriage,0.2421052631578947,female,0.2285714285714285,0.05590062088711872,two-strong
7,848,marriage,0.2421052631578947,female,0.2285714285714285,0.05590062088711872,two-strong
7,849,marriage,0.2421052631578947,female,0.2285714285714285,0.05590062088711872,two-strong
7,850,marriage,0.2421052631578947,female,0.2285714285714285,0.05590062088711872,two-strong
7,851,marriage,0.2421052631578947,female,0.2285714285714285,0.05590062088711872,two-strong
7,852,marriage,0.252355312834516,duty,0.1485701566488308,0.4112659829059242,leaning
7,853,marriage,0.2421052631578947,female,0.2285714285714285,0.05590062088711872,two-strong
7,854,marriage,0.2421052631578947,female,0.2285714285714285,0.05590062088711872,two-strong
7,855,marriage,0.2421542987904544,female,0.2285714285714285,0.05609179862087796,two-strong
7,856,marriage,0.2421052631578947,female,0.2285714285714285,0.05590062088711872,two-strong
7,857,marriage,0.2421052631578947,female,0.2285714285714285,0.05590062088711872,two-strong
7,858,society,0.2001773626101305,love,0.1647972068745041,0.17674403887411316,two-strong
7,859,marriage,0.2421052631578947,female,0.2285714285714285,0.05590062088711872,two-strong
7,860,marriage,0.2421052631578947,female,0.2285714285714285,0.05590062088711872,two-strong
7,861,marriage,0.2421052631578947,female,0.2285714285714285,0.05590062088711872,two-strong
7,862,marriage,0.2421052631578947,female,0.2285714285714285,0.05590062088711872,two-strong
7,863,marriage,0.2499914382228864,female,0.2379803675856307,0.04804592779093885,two-strong
7,864,marriage,0.2421052631578947,female,0.2285714285714285,0.05590062088711872,two-strong
7,865,marriage,0.2421052631578947,female,0.2285714285714285,0.05590062088711872,two-strong
7,866,marriage,0.2421052631578947,female,0.2285714285714285,0.05590062088711872,two-strong
7,867,marriage,0.2421052631578947,female,0.2285714285714285,0.05590062088711872,two-strong
7,868,marriage,0.2421052631578947,female,0.2285714285714285,0.05590062088711872,two-strong
7,869,marriage,0.2421052631578947,female,0.2285714285714285,0.05590062088711872,two-strong
7,870,marriage,0.2421052631578947,female,0.2285714285714285,0.05590062088711872,two-strong
7,871,marriage,0.2421052631578947,female,0.2285714285714285,0.05590062088711872,two-strong
7,872,marriage,0.2421052631578947,female,0.2285714285714285,0.05590062088711872,two-strong
7,873,marriage,0.2421052631578947,female,0.2285714285714285,0.05590062088711872,two-strong
7,874,marriage,0.2421052631578947,female,0.2285714285714285,0.05590062088711872,two-strong
7,875,marriage,0.2421052631578947,female,0.2285714285714285,0.05590062088711872,two-strong
7,876,marriage,0.2421052631578947,female,0.2285714285714285,0.05590062088711872,two-strong
7,877,marriage,0.2421052631578947,female,0.2285714285714285,0.05590062088711872,two-strong
7,878,marriage,0.2421052631578947,female,0.2285714285714285,0.05590062088711872,two-strong
7,879,marriage,0.2421052631578947,female,0.2285714285714285,0.05590062088711872,two-strong
7,880,marriage,0.2421052631578947,female,0.2285714285714285,0.05590062088711872,two-strong
7,881,marriage,0.2421052631578947,female,0.2285714285714285,0.05590062088711872,two-strong
7,882,male,0.2689615022159789,female,0.2355467243335646,0.12423628468339536,two-strong
7,883,marriage,0.2421052631578947,female,0.2285714285714285,0.05590062088711872,two-strong
7,884,marriage,0.2421052631578947,female,0.2285714285714285,0.05590062088711872,two-strong
7,885,marriage,0.2421052631578947,female,0.2285714285714285,0.05590062088711872,two-strong
7,886,marriage,0.2421052631578947,female,0.2285714285714285,0.05590062088711872,two-strong
7,887,marriage,0.2421052631578947,female,0.2285714285714285,0.05590062088711872,two-strong
7,888,marriage,0.2421052631578947,female,0.2285714285714285,0.05590062088711872,two-strong
7,889,marriage,0.2421052631578947,female,0.2285714285714285,0.05590062088711872,two-strong
7,890,family,0.1846110373974151,scandal,0.1544400216226841,0.1634301829221142,two-strong
7,891,marriage,0.2421052631578947,female,0.2285714285714285,0.05590062088711872,two-strong
7,892,marriage,0.2421052631578947,female,0.2285714285714285,0.05590062088711872,two-strong
7,893,marriage,0.2421052631578947,female,0.2285714285714285,0.05590062088711872,two-strong
7,894,marriage,0.2421052631578947,female,0.2285714285714285,0.05590062088711872,two-strong
7,895,society,0.2031223095907708,emotion,0.1845833592245075,0.0912698871549054,two-strong
7,896,marriage,0.2421052631578947,female,0.2285714285714285,0.05590062088711872,two-strong
7,897,marriage,0.2421052631578947,female,0.2285714285714285,0.05590062088711872,two-strong
7,898,marriage,0.2421052631578947,female,0.2285714285714285,0.05590062088711872,two-strong
7,899,marriage,0.2421052631578947,female,0.2285714285714285,0.05590062088711872,two-strong
7,900,marriage,0.2421052631578947,female,0.2285714285714285,0.05590062088711872,two-strong
7,901,marriage,0.2421052631578947,female,0.2285714285714285,0.05590062088711872,two-strong
7,902,marriage,0.2421052631578947,female,0.2285714285714285,0.05590062088711872,two-strong
7,903,marriage,0.2421052631578947,female,0.2285714285714285,0.05590062088711872,two-strong
7,904,marriage,0.2421052631578947,female,0.2285714285714285,0.05590062088711872,two-strong
7,905,marriage,0.2421052631578947,female,0.2285714285714285,0.05590062088711872,two-strong
7,906,marriage,0.2421052631578947,female,0.2285714285714285,0.05590062088711872,two-strong
7,907,marriage,0.2421052631578947,female,0.2285714285714285,0.05590062088711872,two-strong
7,908,marriage,0.2421052631578947,female,0.2285714285714285,0.05590062088711872,two-strong
7,909,marriage,0.2421052631578947,female,0.2285714285714285,0.05590062088711872,two-strong
7,910,marriage,0.2421052631578947,female,0.2285714285714285,0.05590062088711872,two-strong
7,911,marriage,0.2421052631578947,female,0.2285714285714285,0.05590062088711872,two-strong
7,912,marriage,0.2421052631578947,female,0.2285714285714285,0.05590062088711872,two-strong
7,913,marriage,0.2421052631578947,female,0.2285714285714285,0.05590062088711872,two-strong
7,914,marriage,0.2421052631578947,female,0.2285714285714285,0.05590062088711872,two-strong
7,915,society,0.2333434279972668,family,0.2073859367991106,0.11124157774530789,two-strong
7,916,marriage,0.2421052631578947,female,0.2285714285714285,0.05590062088711872,two-strong
7,917,marriage,0.2421052631578947,female,0.2285714285714285,0.05590062088711872,two-strong
7,918,marriage,0.2421052631578947,female,0.2285714285714285,0.05590062088711872,two-strong
7,919,marriage,0.2421052631578947,female,0.2285714285714285,0.05590062088711872,two-strong
7,920,marriage,0.2421052631578947,female,0.2285714285714285,0.05590062088711872,two-strong
7,921,marriage,0.2421052631578947,female,0.2285714285714285,0.05590062088711872,two-strong
7,922,marriage,0.2421052631578947,female,0.2285714285714285,0.05590062088711872,two-strong
7,923,marriage,0.2421052631578947,female,0.2285714285714285,0.05590062088711872,two-strong
7,924,marriage,0.2421052631578947,female,0.2285714285714285,0.05590062088711872,two-strong
7,925,marriage,0.2421052631578947,female,0.2285714285714285,0.05590062088711872,two-strong
7,926,marriage,0.2421052631578947,female,0.2285714285714285,0.05590062088711872,two-strong
7,927,marriage,0.2421052631578947,female,0.2285714285714285,0.05590062088711872,two-strong
7,928,marriage,0.2421052631578947,female,0.2285714285714285,0.05590062088711872,two-strong
7,929,marriage,0.2421052631578947,female,0.2285714285714285,0.05590062088711872,two-strong
7,930,society,0.2438921155122751,marriage,0.231950319337766,0.04896343656072243,two-strong
7,931,marriage,0.2421052631578947,female,0.2285714285714285,0.05590062088711872,two-strong
7,932,marriage,0.2421052631578947,female,0.2285714285714285,0.05590062088711872,two-strong
7,933,marriage,0.2421052631578947,female,0.2285714285714285,0.05590062088711872,two-strong
7,934,marriage,0.2421052631578947,female,0.2285714285714285,0.05590062088711872,two-strong
7,935,marriage,0.2421052631578947,female,0.2285714285714285,0.05590062088711872,two-strong
7,936,marriage,0.2421052631578947,female,0.2285714285714285,0.05590062088711872,two-strong
7,937,marriage,0.2421052631578947,female,0.2285714285714285,0.05590062088711872,two-strong
7,938,marriage,0.2421052631578947,female,0.2285714285714285,0.05590062088711872,two-strong
7,939,marriage,0.2421052631578947,female,0.2285714285714285,0.05590062088711872,two-strong
7,940,marriage,0.2421052631578947,female,0.2285714285714285,0.05590062088711872,two-strong
7,941,male,0.2387619732777293,family,0.2143577612516581,0.10221146855522349,two-strong
7,942,male,0.2349705855262633,society,0.2330689769536436,0.008092964318353747,two-strong
7,943,female,0.2742481203007518,,,0.9999999963536668,dominant
7,944,marriage,0.2421052631578947,female,0.2285714285714285,0.05590062088711872,two-strong
7,945,marriage,0.2421052631578947,female,0.2285714285714285,0.05590062088711872,two-strong
7,946,marriage,0.2421052631578947,female,0.2285714285714285,0.05590062088711872,two-strong
7,947,marriage,0.2421052631578947,female,0.2285714285714285,0.05590062088711872,two-strong
7,948,marriage,0.2421052631578947,female,0.2285714285714285,0.05590062088711872,two-strong
7,949,marriage,0.2421052631578947,female,0.2285714285714285,0.05590062088711872,two-strong
7,950,marriage,0.2421052631578947,female,0.2285714285714285,0.05590062088711872,two-strong
7,951,marriage,0.2421052631578947,female,0.2285714285714285,0.05590062088711872,two-strong
7,952,marriage,0.2421052631578947,female,0.2285714285714285,0.05590062088711872,two-strong
7,953,marriage,0.2421052631578947,female,0.2285714285714285,0.05590062088711872,two-strong
7,954,marriage,0.2421052631578947,female,0.2285714285714285,0.05590062088711872,two-strong
7,955,marriage,0.2421052631578947,female,0.2285714285714285,0.05590062088711872,two-strong
7,956,marriage,0.2421052631578947,female,0.2285714285714285,0.05590062088711872,two-strong
7,957,marriage,0.2421052631578947,female,0.2285714285714285,0.05590062088711872,two-strong
7,958,marriage,0.2421052631578947,female,0.2285714285714285,0.05590062088711872,two-strong
7,959,marriage,0.2421052631578947,female,0.2285714285714285,0.05590062088711872,two-strong
7,960,marriage,0.2421052631578947,female,0.2285714285714285,0.05590062088711872,two-strong
7,961,marriage,0.2421052631578947,female,0.2285714285714285,0.05590062088711872,two-strong
7,962,marriage,0.2421052631578947,female,0.2285714285714285,0.05590062088711872,two-strong
7,963,marriage,0.2421052631578947,female,0.2285714285714285,0.05590062088711872,two-strong
7,964,marriage,0.2421052631578947,female,0.2285714285714285,0.05590062088711872,two-strong
7,965,male,0.3103344450195828,marriage,0.2403454031410562,0.22552779034432457,leaning
7,966,marriage,0.2421052631578947,female,0.2285714285714285,0.05590062088711872,two-strong
7,967,marriage,0.2421052631578947,female,0.2285714285714285,0.05590062088711872,two-strong
7,968,marriage,0.2421052631578947,female,0.2285714285714285,0.05590062088711872,two-strong
7,969,marriage,0.2421052631578947,female,0.2285714285714285,0.05590062088711872,two-strong
7,970,family,0.1799798672863688,duty,0.1585505600830742,0.11906502325692396,two-strong
7,971,marriage,0.2421052631578947,female,0.2285714285714285,0.05590062088711872,two-strong
7,972,marriage,0.2421052631578947,female,0.2285714285714285,0.05590062088711872,two-strong
7,973,wealth,0.2065862674700769,,,0.9999999951594072,dominant
7,974,marriage,0.2421052631578947,female,0.2285714285714285,0.05590062088711872,two-strong
7,975,marriage,0.2421052631578947,female,0.2285714285714285,0.05590062088711872,two-strong
7,976,marriage,0.2439346962407043,society,0.24246168011252,0.006038567472550988,two-strong
7,977,marriage,0.2421052631578947,female,0.2285714285714285,0.05590062088711872,two-strong
7,978,marriage,0.2421052631578947,female,0.2285714285714285,0.05590062088711872,two-strong
7,979,marriage,0.2421052631578947,female,0.2285714285714285,0.05590062088711872,two-strong
7,980,marriage,0.2421052631578947,female,0.2285714285714285,0.05590062088711872,two-strong
7,981,marriage,0.2421052631578947,female,0.2285714285714285,0.05590062088711872,two-strong
7,982,marriage,0.2421052631578947,female,0.2285714285714285,0.05590062088711872,two-strong
7,983,marriage,0.2421052631578947,female,0.2285714285714285,0.05590062088711872,two-strong
7,984,marriage,0.2421052631578947,female,0.2285714285714285,0.05590062088711872,two-strong
7,985,marriage,0.2421052631578947,female,0.2285714285714285,0.05590062088711872,two-strong
7,986,emotion,0.2758378744938581,society,0.2105281523107682,0.2367685078278675,leaning
7,987,marriage,0.2421052631578947,female,0.2285714285714285,0.05590062088711872,two-strong
7,988,marriage,0.2421052631578947,female,0.2285714285714285,0.05590062088711872,two-strong
7,989,marriage,0.2421052631578947,female,0.2285714285714285,0.05590062088711872,two-strong
7,990,marriage,0.2421052631578947,female,0.2285714285714285,0.05590062088711872,two-strong
7,991,marriage,0.2421052631578947,female,0.2285714285714285,0.05590062088711872,two-strong
7,992,marriage,0.2421052631578947,female,0.2285714285714285,0.05590062088711872,two-strong
7,993,female,0.2500469497273633,marriage,0.2454070099497254,0.018556274188270463,two-strong
7,994,marriage,0.2421052631578947,female,0.2285714285714285,0.05590062088711872,two-strong
7,995,marriage,0.2421052631578947,female,0.2285714285714285,0.05590062088711872,two-strong
7,996,society,0.2851406285139063,marriage,0.2389533540771867,0.1619806848131653,two-strong
7,997,marriage,0.2421052631578947,female,0.2285714285714285,0.05590062088711872,two-strong
7,998,marriage,0.2421052631578947,female,0.2285714285714285,0.05590062088711872,two-strong
7,999,marriage,0.2421052631578947,female,0.2285714285714285,0.05590062088711872,two-strong
7,1000,marriage,0.2421052631578947,female,0.2285714285714285,0.05590062088711872,two-strong
7,1001,marriage,0.2421052631578947,female,0.2285714285714285,0.05590062088711872,two-strong
7,1002,marriage,0.2421052631578947,female,0.2285714285714285,0.05590062088711872,two-strong
7,1003,marriage,0.2421052631578947,female,0.2285714285714285,0.05590062088711872,two-strong
7,1004,male,0.3008585877833755,female,0.2373176000705013,0.21119884916639373,leaning
7,1005,marriage,0.2421052631578947,female,0.2285714285714285,0.05590062088711872,two-strong
7,1006,marriage,0.2421052631578947,female,0.2285714285714285,0.05590062088711872,two-strong
7,1007,marriage,0.2421052631578947,female,0.2285714285714285,0.05590062088711872,two-strong
7,1008,marriage,0.2421052631578947,female,0.2285714285714285,0.05590062088711872,two-strong
7,1009,marriage,0.2421052631578947,female,0.2285714285714285,0.05590062088711872,two-strong
7,1010,marriage,0.2421052631578947,female,0.2285714285714285,0.05590062088711872,two-strong
7,1011,marriage,0.2421052631578947,female,0.2285714285714285,0.05590062088711872,two-strong
7,1012,marriage,0.2421052631578947,female,0.2285714285714285,0.05590062088711872,two-strong
7,1013,marriage,0.2421052631578947,female,0.2285714285714285,0.05590062088711872,two-strong
7,1014,marriage,0.2421052631578947,female,0.2285714285714285,0.05590062088711872,two-strong
7,1015,marriage,0.2421052631578947,female,0.2285714285714285,0.05590062088711872,two-strong
7,1016,marriage,0.2421052631578947,female,0.2285714285714285,0.05590062088711872,two-strong
7,1017,marriage,0.2421052631578947,female,0.2285714285714285,0.05590062088711872,two-strong
7,1018,female,0.2539473684210526,emotion,0.1825172435220282,0.28127924719941094,leaning
7,1019,marriage,0.2421052631578947,female,0.2285714285714285,0.05590062088711872,two-strong
7,1020,marriage,0.2421052631578947,female,0.2285714285714285,0.05590062088711872,two-strong
7,1021,marriage,0.2421052631578947,female,0.2285714285714285,0.05590062088711872,two-strong
7,1022,marriage,0.2421052631578947,female,0.2285714285714285,0.05590062088711872,two-strong
7,1023,marriage,0.2437070938215103,female,0.2285714285714285,0.06210596889338432,two-strong
7,1024,emotion,0.2435147132306338,wealth,0.2387335463708292,0.019633995731676224,two-strong
7,1025,marriage,0.2418437397842432,female,0.2281641604010025,0.05656371067897387,two-strong
7,1026,marriage,0.2421052631578947,female,0.2285714285714285,0.05590062088711872,two-strong
7,1027,marriage,0.2421052631578947,female,0.2285714285714285,0.05590062088711872,two-strong
7,1028,marriage,0.2421052631578947,female,0.2285714285714285,0.05590062088711872,two-strong
7,1029,marriage,0.2421052631578947,female,0.2285714285714285,0.05590062088711872,two-strong
7,1030,marriage,0.2421052631578947,female,0.2285714285714285,0.05590062088711872,two-strong
7,1031,marriage,0.2421052631578947,female,0.2285714285714285,0.05590062088711872,two-strong
7,1032,marriage,0.2421052631578947,female,0.2285714285714285,0.05590062088711872,two-strong
7,1033,marriage,0.2421052631578947,female,0.2285714285714285,0.05590062088711872,two-strong
7,1034,marriage,0.2421052631578947,female,0.2285714285714285,0.05590062088711872,two-strong
7,1035,society,0.2095330393771499,male,0.1813707072212125,0.13440520934190844,two-strong
7,1036,marriage,0.2421052631578947,female,0.2285714285714285,0.05590062088711872,two-strong
7,1037,marriage,0.2421052631578947,female,0.2285714285714285,0.05590062088711872,two-strong
7,1038,marriage,0.2421052631578947,female,0.2285714285714285,0.05590062088711872,two-strong
7,1039,marriage,0.2421052631578947,female,0.2285714285714285,0.05590062088711872,two-strong
7,1040,marriage,0.2421052631578947,female,0.2285714285714285,0.05590062088711872,two-strong
7,1041,marriage,0.2421052631578947,female,0.2285714285714285,0.05590062088711872,two-strong
7,1042,marriage,0.2421052631578947,female,0.2285714285714285,0.05590062088711872,two-strong
7,1043,marriage,0.2421052631578947,female,0.2285714285714285,0.05590062088711872,two-strong
7,1044,society,0.3927501715896749,male,0.184641273572069,0.5298760192653749,dominant
7,1045,marriage,0.2421052631578947,female,0.2285714285714285,0.05590062088711872,two-strong
7,1046,marriage,0.2421052631578947,female,0.2285714285714285,0.05590062088711872,two-strong
7,1047,marriage,0.2421052631578947,female,0.2285714285714285,0.05590062088711872,two-strong
7,1048,marriage,0.2421052631578947,female,0.2285714285714285,0.05590062088711872,two-strong
7,1049,marriage,0.2421052631578947,female,0.2285714285714285,0.05590062088711872,two-strong
7,1050,marriage,0.2421052631578947,female,0.2285714285714285,0.05590062088711872,two-strong
7,1051,marriage,0.2421052631578947,female,0.2285714285714285,0.05590062088711872,two-strong
7,1052,marriage,0.2421052631578947,female,0.2285714285714285,0.05590062088711872,two-strong
7,1053,female,0.2483489102011995,marriage,0.2455437860602947,0.011295093372212293,two-strong
7,1054,marriage,0.2421052631578947,female,0.2285714285714285,0.05590062088711872,two-strong
7,1055,marriage,0.2421052631578947,female,0.2285714285714285,0.05590062088711872,two-strong
7,1056,marriage,0.2421052631578947,female,0.2285714285714285,0.05590062088711872,two-strong
7,1057,marriage,0.2421052631578947,female,0.2285714285714285,0.05590062088711872,two-strong
7,1058,marriage,0.2421052631578947,female,0.2285714285714285,0.05590062088711872,two-strong
7,1059,marriage,0.2421052631578947,female,0.2285714285714285,0.05590062088711872,two-strong
7,1060,marriage,0.2421052631578947,female,0.2285714285714285,0.05590062088711872,two-strong
7,1061,society,0.2586496212149085,marriage,0.2423935332402151,0.06284984232911973,two-strong
7,1062,marriage,0.2421052631578947,female,0.2285714285714285,0.05590062088711872,two-strong
7,1063,marriage,0.2421052631578947,female,0.2285714285714285,0.05590062088711872,two-strong
7,1064,marriage,0.2421052631578947,female,0.2285714285714285,0.05590062088711872,two-strong
7,1065,marriage,0.2421052631578947,female,0.2285714285714285,0.05590062088711872,two-strong
7,1066,marriage,0.2421052631578947,female,0.2285714285714285,0.05590062088711872,two-strong
7,1067,male,0.2027845587995964,emotion,0.1900854843873547,0.06262347796494792,two-strong
7,1068,marriage,0.2421052631578947,female,0.2285714285714285,0.05590062088711872,two-strong
7,1069,marriage,0.2421052631578947,female,0.2285714285714285,0.05590062088711872,two-strong
7,1070,marriage,0.2421052631578947,female,0.2285714285714285,0.05590062088711872,two-strong
7,1071,female,0.2455396303258145,family,0.1967761919125147,0.19859701731242732,two-strong
7,1072,marriage,0.2421052631578947,female,0.2285714285714285,0.05590062088711872,two-strong
7,1073,emotion,0.26017050569008,marriage,0.2299411706930361,0.11619047593681954,two-strong
7,1074,marriage,0.2421052631578947,female,0.2285714285714285,0.05590062088711872,two-strong
7,1075,marriage,0.2421052631578947,female,0.2285714285714285,0.05590062088711872,two-strong
7,1076,marriage,0.2421052631578947,female,0.2285714285714285,0.05590062088711872,two-strong
7,1077,marriage,0.2421052631578947,female,0.2285714285714285,0.05590062088711872,two-strong
7,1078,wealth,0.1944661654135338,,,0.9999999948577173,dominant
7,1079,marriage,0.2421052631578947,female,0.2285714285714285,0.05590062088711872,two-strong
7,1080,marriage,0.2421052631578947,female,0.2285714285714285,0.05590062088711872,two-strong
7,1081,marriage,0.2421052631578947,female,0.2285714285714285,0.05590062088711872,two-strong
7,1082,marriage,0.2421052631578947,female,0.2285714285714285,0.05590062088711872,two-strong
7,1083,marriage,0.2421052631578947,female,0.2285714285714285,0.05590062088711872,two-strong
7,1084,marriage,0.2421052631578947,female,0.2285714285714285,0.05590062088711872,two-strong
7,1085,marriage,0.2421052631578947,female,0.2285714285714285,0.05590062088711872,two-strong
7,1086,marriage,0.2421052631578947,female,0.2285714285714285,0.05590062088711872,two-strong
7,1087,marriage,0.2421052631578947,female,0.2285714285714285,0.05590062088711872,two-strong
7,1088,marriage,0.2421052631578947,female,0.2285714285714285,0.05590062088711872,two-strong
7,1089,marriage,0.2421052631578947,female,0.2285714285714285,0.05590062088711872,two-strong
7,1090,marriage,0.2421052631578947,female,0.2285714285714285,0.05590062088711872,two-strong
7,1091,marriage,0.2421052631578947,female,0.2285714285714285,0.05590062088711872,two-strong
7,1092,marriage,0.2421052631578947,female,0.2285714285714285,0.05590062088711872,two-strong
7,1093,marriage,0.2421052631578947,female,0.2285714285714285,0.05590062088711872,two-strong
7,1094,marriage,0.2421052631578947,female,0.2285714285714285,0.05590062088711872,two-strong
7,1095,marriage,0.2421052631578947,female,0.2285714285714285,0.05590062088711872,two-strong
7,1096,marriage,0.2753889545907704,female,0.2585686609538334,0.06107831594354874,two-strong
7,1097,marriage,0.2421052631578947,female,0.2285714285714285,0.05590062088711872,two-strong
7,1098,marriage,0.2421052631578947,female,0.2285714285714285,0.05590062088711872,two-strong
7,1099,marriage,0.2421052631578947,female,0.2285714285714285,0.05590062088711872,two-strong
7,1100,marriage,0.2421052631578947,female,0.2285714285714285,0.05590062088711872,two-strong
7,1101,marriage,0.2421052631578947,female,0.2285714285714285,0.05590062088711872,two-strong
7,1102,marriage,0.2421052631578947,female,0.2285714285714285,0.05590062088711872,two-strong
7,1103,marriage,0.2421052631578947,female,0.2285714285714285,0.05590062088711872,two-strong
7,1104,marriage,0.2421052631578947,female,0.2285714285714285,0.05590062088711872,two-strong
7,1105,marriage,0.2421052631578947,female,0.2285714285714285,0.05590062088711872,two-strong
7,1106,marriage,0.2421052631578947,female,0.2285714285714285,0.05590062088711872,two-strong
7,1107,marriage,0.2421052631578947,female,0.2285714285714285,0.05590062088711872,two-strong
7,1108,marriage,0.2421052631578947,female,0.2285714285714285,0.05590062088711872,two-strong
7,1109,marriage,0.2421052631578947,female,0.2285714285714285,0.05590062088711872,two-strong
7,1110,marriage,0.2421052631578947,female,0.2285714285714285,0.05590062088711872,two-strong
7,1111,marriage,0.2421052631578947,female,0.2285714285714285,0.05590062088711872,two-strong
7,1112,marriage,0.2421052631578947,female,0.2285714285714285,0.05590062088711872,two-strong
7,1113,marriage,0.2421052631578947,female,0.2285714285714285,0.05590062088711872,two-strong
7,1114,marriage,0.2421052631578947,female,0.2285714285714285,0.05590062088711872,two-strong
7,1115,marriage,0.2421052631578947,female,0.2285714285714285,0.05590062088711872,two-strong
7,1116,marriage,0.2421052631578947,female,0.2285714285714285,0.05590062088711872,two-strong
7,1117,marriage,0.2421052631578947,female,0.2285714285714285,0.05590062088711872,two-strong
7,1118,marriage,0.2421052631578947,female,0.2285714285714285,0.05590062088711872,two-strong
7,1119,marriage,0.2421052631578947,female,0.2285714285714285,0.05590062088711872,two-strong
7,1120,female,0.2272918114310459,love,0.185892808798773,0.1821403164041917,two-strong
7,1121,marriage,0.2421052631578947,female,0.2285714285714285,0.05590062088711872,two-strong
7,1122,marriage,0.2421052631578947,female,0.2285714285714285,0.05590062088711872,two-strong
7,1123,female,0.3246710526315789,marriage,0.2536589922009994,0.21872002334757126,leaning
7,1124,marriage,0.2421052631578947,female,0.2285714285714285,0.05590062088711872,two-strong
7,1125,marriage,0.2421052631578947,female,0.2285714285714285,0.05590062088711872,two-strong
7,1126,emotion,0.2001708817498291,,,0.9999999950042684,dominant
7,1127,marriage,0.2421052631578947,female,0.2285714285714285,0.05590062088711872,two-strong
7,1128,marriage,0.2421052631578947,female,0.2292606516290727,0.05305383000860774,two-strong
7,1129,marriage,0.2421052631578947,female,0.2285714285714285,0.05590062088711872,two-strong
7,1130,marriage,0.2421052631578947,female,0.2285714285714285,0.05590062088711872,two-strong
7,1131,marriage,0.2421052631578947,female,0.2285714285714285,0.05590062088711872,two-strong
7,1132,marriage,0.2421052631578947,female,0.2285714285714285,0.05590062088711872,two-strong
7,1133,marriage,0.2421052631578947,female,0.2285714285714285,0.05590062088711872,two-strong
7,1134,marriage,0.2421052631578947,female,0.2285714285714285,0.05590062088711872,two-strong
7,1135,wealth,0.1971450742240215,society,0.19710854745005,0.0001852786529412441,two-strong
7,1136,marriage,0.2421052631578947,female,0.2285714285714285,0.05590062088711872,two-strong
7,1137,marriage,0.2421052631578947,female,0.2285714285714285,0.05590062088711872,two-strong
7,1138,marriage,0.2421052631578947,female,0.2285714285714285,0.05590062088711872,two-strong
7,1139,marriage,0.2421052631578947,female,0.2285714285714285,0.05590062088711872,two-strong
7,1140,marriage,0.2421052631578947,female,0.2285714285714285,0.05590062088711872,two-strong
7,1141,marriage,0.2421052631578947,female,0.2285714285714285,0.05590062088711872,two-strong
7,1142,marriage,0.2421052631578947,female,0.2285714285714285,0.05590062088711872,two-strong
7,1143,marriage,0.2421052631578947,female,0.2285714285714285,0.05590062088711872,two-strong
7,1144,marriage,0.2421052631578947,female,0.2285714285714285,0.05590062088711872,two-strong
7,1145,marriage,0.2421052631578947,female,0.2285714285714285,0.05590062088711872,two-strong
7,1146,marriage,0.2421052631578947,female,0.2285714285714285,0.05590062088711872,two-strong
7,1147,marriage,0.2421052631578947,female,0.2285714285714285,0.05590062088711872,two-strong
7,1148,marriage,0.2421052631578947,female,0.2285714285714285,0.05590062088711872,two-strong
7,1149,marriage,0.2421052631578947,female,0.2285714285714285,0.05590062088711872,two-strong
7,1150,marriage,0.2421052631578947,female,0.2285714285714285,0.05590062088711872,two-strong
7,1151,marriage,0.2421052631578947,female,0.2285714285714285,0.05590062088711872,two-strong
7,1152,marriage,0.2421052631578947,female,0.2285714285714285,0.05590062088711872,two-strong
7,1153,marriage,0.2421052631578947,female,0.2285714285714285,0.05590062088711872,two-strong
7,1154,marriage,0.2421052631578947,female,0.2285714285714285,0.05590062088711872,two-strong
7,1155,marriage,0.2421052631578947,female,0.2285714285714285,0.05590062088711872,two-strong
7,1156,marriage,0.2421052631578947,female,0.2285714285714285,0.05590062088711872,two-strong
7,1157,marriage,0.2421052631578947,female,0.2285714285714285,0.05590062088711872,two-strong
7,1158,marriage,0.2421052631578947,female,0.2285714285714285,0.05590062088711872,two-strong
7,1159,marriage,0.2421052631578947,female,0.2285714285714285,0.05590062088711872,two-strong
7,1160,marriage,0.2421052631578947,female,0.2285714285714285,0.05590062088711872,two-strong
7,1161,marriage,0.2421052631578947,female,0.2285714285714285,0.05590062088711872,two-strong
7,1162,marriage,0.2421052631578947,female,0.2285714285714285,0.05590062088711872,two-strong
7,1163,marriage,0.2421052631578947,female,0.2285714285714285,0.05590062088711872,two-strong
7,1164,marriage,0.2421052631578947,female,0.2285714285714285,0.05590062088711872,two-strong
7,1165,male,0.2880158392545446,female,0.2462502351382478,0.14501148297741157,two-strong
7,1166,marriage,0.2421052631578947,female,0.2285714285714285,0.05590062088711872,two-strong
7,1167,marriage,0.2421542987904544,female,0.2285714285714285,0.05609179862087796,two-strong
7,1168,marriage,0.2421052631578947,female,0.2285714285714285,0.05590062088711872,two-strong
7,1169,marriage,0.2421052631578947,female,0.2285714285714285,0.05590062088711872,two-strong
7,1170,marriage,0.2421052631578947,female,0.2285714285714285,0.05590062088711872,two-strong
7,1171,marriage,0.2421052631578947,female,0.2285714285714285,0.05590062088711872,two-strong
7,1172,marriage,0.2421052631578947,female,0.2285714285714285,0.05590062088711872,two-strong
7,1173,marriage,0.2421052631578947,female,0.2285714285714285,0.05590062088711872,two-strong
7,1174,marriage,0.2421052631578947,female,0.2285714285714285,0.05590062088711872,two-strong
7,1175,marriage,0.2421052631578947,female,0.2285714285714285,0.05590062088711872,two-strong
7,1176,marriage,0.2421052631578947,female,0.2285714285714285,0.05590062088711872,two-strong
7,1177,female,0.2818529575845297,male,0.2789998317818997,0.010122745622250962,two-strong
7,1178,marriage,0.2421052631578947,female,0.2285714285714285,0.05590062088711872,two-strong
7,1179,marriage,0.2421052631578947,female,0.2285714285714285,0.05590062088711872,two-strong
7,1180,family,0.2885953075865728,female,0.260715378583144,0.09660562099908639,two-strong
7,1181,marriage,0.2421052631578947,female,0.2285714285714285,0.05590062088711872,two-strong
7,1182,marriage,0.2421052631578947,female,0.2285714285714285,0.05590062088711872,two-strong
7,1183,marriage,0.2421052631578947,female,0.2285714285714285,0.05590062088711872,two-strong
7,1184,marriage,0.2421052631578947,female,0.2285714285714285,0.05590062088711872,two-strong
7,1185,marriage,0.2421052631578947,female,0.2285714285714285,0.05590062088711872,two-strong
7,1186,marriage,0.2421052631578947,female,0.2285714285714285,0.05590062088711872,two-strong
7,1187,marriage,0.2421052631578947,female,0.2285714285714285,0.05590062088711872,two-strong
7,1188,marriage,0.2573450799137298,female,0.2285714285714285,0.1118096030440431,two-strong
7,1189,marriage,0.2421052631578947,female,0.2285714285714285,0.05590062088711872,two-strong
7,1190,marriage,0.2421052631578947,female,0.2285714285714285,0.05590062088711872,two-strong
7,1191,marriage,0.2421052631578947,female,0.2285714285714285,0.05590062088711872,two-strong
7,1192,marriage,0.2421052631578947,female,0.2285714285714285,0.05590062088711872,two-strong
7,1193,marriage,0.2421052631578947,female,0.2285714285714285,0.05590062088711872,two-strong
7,1194,marriage,0.2421052631578947,female,0.2285714285714285,0.05590062088711872,two-strong
7,1195,marriage,0.2421052631578947,female,0.2285714285714285,0.05590062088711872,two-strong
7,1196,marriage,0.2421052631578947,female,0.2285714285714285,0.05590062088711872,two-strong
7,1197,marriage,0.2421052631578947,female,0.2285714285714285,0.05590062088711872,two-strong
7,1198,marriage,0.2421052631578947,female,0.2285714285714285,0.05590062088711872,two-strong
7,1199,marriage,0.2421052631578947,female,0.2285714285714285,0.05590062088711872,two-strong
7,1200,marriage,0.2421052631578947,female,0.2285714285714285,0.05590062088711872,two-strong
7,1201,marriage,0.2421052631578947,female,0.2285714285714285,0.05590062088711872,two-strong
7,1202,marriage,0.2421052631578947,female,0.2285714285714285,0.05590062088711872,two-strong
7,1203,marriage,0.2421052631578947,female,0.2285714285714285,0.05590062088711872,two-strong
7,1204,marriage,0.2421052631578947,female,0.2285714285714285,0.05590062088711872,two-strong
7,1205,marriage,0.2421052631578947,female,0.2285714285714285,0.05590062088711872,two-strong
7,1206,marriage,0.2421052631578947,female,0.2285714285714285,0.05590062088711872,two-strong
7,1207,marriage,0.2421052631578947,female,0.2285714285714285,0.05590062088711872,two-strong
7,1208,marriage,0.2421052631578947,female,0.2285714285714285,0.05590062088711872,two-strong
7,1209,marriage,0.2421052631578947,female,0.2285714285714285,0.05590062088711872,two-strong
7,1210,marriage,0.2421052631578947,female,0.2285714285714285,0.05590062088711872,two-strong
7,1211,marriage,0.2421052631578947,female,0.2285714285714285,0.05590062088711872,two-strong
7,1212,marriage,0.2421052631578947,female,0.2285714285714285,0.05590062088711872,two-strong
7,1213,marriage,0.2421052631578947,female,0.2285714285714285,0.05590062088711872,two-strong
7,1214,marriage,0.2421052631578947,female,0.2285714285714285,0.05590062088711872,two-strong
7,1215,marriage,0.2421052631578947,female,0.2285714285714285,0.05590062088711872,two-strong
7,1216,marriage,0.2421052631578947,female,0.2285714285714285,0.05590062088711872,two-strong
7,1217,marriage,0.2421052631578947,female,0.2285714285714285,0.05590062088711872,two-strong
7,1218,female,0.2843984962406015,marriage,0.2496022665359049,0.12235025867685557,two-strong
7,1219,marriage,0.2421052631578947,female,0.2285714285714285,0.05590062088711872,two-strong
7,1220,marriage,0.2421052631578947,female,0.2285714285714285,0.05590062088711872,two-strong
7,1221,marriage,0.2421052631578947,female,0.2285714285714285,0.05590062088711872,two-strong
7,1222,marriage,0.2421052631578947,female,0.2285714285714285,0.05590062088711872,two-strong
7,1223,marriage,0.2421052631578947,female,0.2285714285714285,0.05590062088711872,two-strong
7,1224,family,0.2131504709614335,duty,0.1316350498284572,0.3824313424355229,leaning
7,1225,marriage,0.2421052631578947,female,0.2285714285714285,0.05590062088711872,two-strong
7,1226,marriage,0.2421052631578947,female,0.2285714285714285,0.05590062088711872,two-strong
7,1227,marriage,0.2421052631578947,female,0.2285714285714285,0.05590062088711872,two-strong
7,1228,marriage,0.2421052631578947,female,0.2285714285714285,0.05590062088711872,two-strong
7,1229,marriage,0.2421052631578947,female,0.2285714285714285,0.05590062088711872,two-strong
7,1230,marriage,0.2421052631578947,female,0.2285714285714285,0.05590062088711872,two-strong
7,1231,marriage,0.2421052631578947,female,0.2285714285714285,0.05590062088711872,two-strong
7,1232,marriage,0.2421052631578947,female,0.2285714285714285,0.05590062088711872,two-strong
7,1233,marriage,0.2421052631578947,female,0.2285714285714285,0.05590062088711872,two-strong
7,1234,marriage,0.2421052631578947,female,0.2285714285714285,0.05590062088711872,two-strong
7,1235,marriage,0.2421052631578947,female,0.2285714285714285,0.05590062088711872,two-strong
7,1236,marriage,0.2421052631578947,female,0.2285714285714285,0.05590062088711872,two-strong
7,1237,marriage,0.2421052631578947,female,0.2285714285714285,0.05590062088711872,two-strong
7,1238,marriage,0.2421052631578947,female,0.2285714285714285,0.05590062088711872,two-strong
7,1239,marriage,0.2421052631578947,female,0.2285714285714285,0.05590062088711872,two-strong
7,1240,marriage,0.2421052631578947,female,0.2285714285714285,0.05590062088711872,two-strong
7,1241,marriage,0.2421052631578947,female,0.2285714285714285,0.05590062088711872,two-strong
7,1242,marriage,0.2421052631578947,female,0.2285714285714285,0.05590062088711872,two-strong
7,1243,marriage,0.2421052631578947,female,0.2285714285714285,0.05590062088711872,two-strong
7,1244,marriage,0.2421052631578947,female,0.2285714285714285,0.05590062088711872,two-strong
7,1245,marriage,0.2421052631578947,female,0.2285714285714285,0.05590062088711872,two-strong
7,1246,marriage,0.2421052631578947,female,0.2285714285714285,0.05590062088711872,two-strong
7,1247,marriage,0.2421052631578947,female,0.2285714285714285,0.05590062088711872,two-strong
7,1248,marriage,0.2421052631578947,female,0.2285714285714285,0.05590062088711872,two-strong
7,1249,marriage,0.2421052631578947,female,0.2285714285714285,0.05590062088711872,two-strong
7,1250,marriage,0.2421052631578947,female,0.2285714285714285,0.05590062088711872,two-strong
7,1251,marriage,0.2421052631578947,female,0.2285714285714285,0.05590062088711872,two-strong
7,1252,marriage,0.2421052631578947,female,0.2285714285714285,0.05590062088711872,two-strong
7,1253,marriage,0.247179329397663,male,0.2056704260651629,0.16793031709293987,two-strong
7,1254,marriage,0.2421052631578947,female,0.2285714285714285,0.05590062088711872,two-strong
7,1255,marriage,0.2421052631578947,female,0.2285714285714285,0.05590062088711872,two-strong
7,1256,marriage,0.2421052631578947,female,0.2285714285714285,0.05590062088711872,two-strong
7,1257,marriage,0.2421052631578947,female,0.2285714285714285,0.05590062088711872,two-strong
7,1258,marriage,0.2421052631578947,female,0.2285714285714285,0.05590062088711872,two-strong
7,1259,marriage,0.2421052631578947,female,0.2285714285714285,0.05590062088711872,two-strong
7,1260,marriage,0.2421052631578947,female,0.2285714285714285,0.05590062088711872,two-strong
7,1261,marriage,0.2421052631578947,female,0.2285714285714285,0.05590062088711872,two-strong
7,1262,marriage,0.2421052631578947,female,0.2285714285714285,0.05590062088711872,two-strong
7,1263,marriage,0.2421052631578947,female,0.2285714285714285,0.05590062088711872,two-strong
7,1264,marriage,0.2421052631578947,female,0.2285714285714285,0.05590062088711872,two-strong
7,1265,marriage,0.2421052631578947,female,0.2285714285714285,0.05590062088711872,two-strong
7,1266,marriage,0.2421052631578947,female,0.2285714285714285,0.05590062088711872,two-strong
7,1267,marriage,0.2421052631578947,female,0.2285714285714285,0.05590062088711872,two-strong
7,1268,family,0.2636492300715635,male,0.2518330922969869,0.04481764550024144,two-strong
7,1269,marriage,0.2421052631578947,female,0.2285714285714285,0.05590062088711872,two-strong
7,1270,marriage,0.2421052631578947,female,0.2285714285714285,0.05590062088711872,two-strong
7,1271,marriage,0.2421052631578947,female,0.2285714285714285,0.05590062088711872,two-strong
7,1272,marriage,0.2421052631578947,female,0.2285714285714285,0.05590062088711872,two-strong
7,1273,marriage,0.2421052631578947,female,0.2285714285714285,0.05590062088711872,two-strong
7,1274,marriage,0.2421052631578947,female,0.2285714285714285,0.05590062088711872,two-strong
7,1275,marriage,0.2421052631578947,female,0.2285714285714285,0.05590062088711872,two-strong
7,1276,marriage,0.2421052631578947,female,0.2285714285714285,0.05590062088711872,two-strong
7,1277,marriage,0.2421052631578947,female,0.2285714285714285,0.05590062088711872,two-strong
7,1278,marriage,0.2421052631578947,female,0.2285714285714285,0.05590062088711872,two-strong
7,1279,marriage,0.2421052631578947,female,0.2285714285714285,0.05590062088711872,two-strong
7,1280,female,0.2849624648565377,male,0.2800258989814348,0.017323565264164162,two-strong
7,1281,love,0.1421873649641344,scandal,0.1156798245614035,0.18642683351639844,two-strong
7,1282,marriage,0.2421052631578947,female,0.2285714285714285,0.05590062088711872,two-strong
7,1283,marriage,0.2421052631578947,female,0.2285714285714285,0.05590062088711872,two-strong
7,1284,marriage,0.2421052631578947,female,0.2285714285714285,0.05590062088711872,two-strong
7,1285,marriage,0.2421052631578947,female,0.2285714285714285,0.05590062088711872,two-strong
7,1286,marriage,0.2421052631578947,female,0.2285714285714285,0.05590062088711872,two-strong
7,1287,marriage,0.2421052631578947,female,0.2285714285714285,0.05590062088711872,two-strong
7,1288,marriage,0.2421052631578947,female,0.2285714285714285,0.05590062088711872,two-strong
7,1289,marriage,0.2421052631578947,female,0.2285714285714285,0.05590062088711872,two-strong
7,1290,marriage,0.2421052631578947,female,0.2285714285714285,0.05590062088711872,two-strong
7,1291,marriage,0.2421052631578947,female,0.2285714285714285,0.05590062088711872,two-strong
7,1292,marriage,0.2421052631578947,female,0.2285714285714285,0.05590062088711872,two-strong
7,1293,marriage,0.2421052631578947,female,0.2285714285714285,0.05590062088711872,two-strong
7,1294,marriage,0.2421052631578947,female,0.2285714285714285,0.05590062088711872,two-strong
7,1295,marriage,0.2421052631578947,female,0.2285714285714285,0.05590062088711872,two-strong
7,1296,marriage,0.2421052631578947,female,0.2285714285714285,0.05590062088711872,two-strong
7,1297,marriage,0.2421052631578947,female,0.2285714285714285,0.05590062088711872,two-strong
7,1298,male,0.2060150375939849,class,0.1574694311536417,0.23564108121260524,leaning
7,1299,marriage,0.2421052631578947,female,0.2285714285714285,0.05590062088711872,two-strong
7,1300,marriage,0.2421052631578947,female,0.2285714285714285,0.05590062088711872,two-strong
7,1301,marriage,0.2421052631578947,female,0.2285714285714285,0.05590062088711872,two-strong
7,1302,marriage,0.2421052631578947,female,0.2303571428571428,0.048524844520068375,two-strong
7,1303,marriage,0.2421052631578947,female,0.2285714285714285,0.05590062088711872,two-strong
7,1304,marriage,0.2421052631578947,female,0.2285714285714285,0.05590062088711872,two-strong
7,1305,marriage,0.2421052631578947,female,0.2285714285714285,0.05590062088711872,two-strong
7,1306,marriage,0.2421052631578947,female,0.2285714285714285,0.05590062088711872,two-strong
7,1307,emotion,0.1845833592245075,love,0.1408175611442399,0.23710586927789995,leaning
7,1308,marriage,0.2421052631578947,female,0.2285714285714285,0.05590062088711872,two-strong
7,1309,marriage,0.2421052631578947,female,0.2285714285714285,0.05590062088711872,two-strong
7,1310,marriage,0.2421052631578947,female,0.2285714285714285,0.05590062088711872,two-strong
7,1311,marriage,0.2421052631578947,female,0.2285714285714285,0.05590062088711872,two-strong
7,1312,marriage,0.2468126838836221,female,0.2336466165413533,0.05334437064479448,two-strong
7,1313,marriage,0.2421052631578947,female,0.2285714285714285,0.05590062088711872,two-strong
7,1314,wealth,0.2054586466165413,class,0.167256525151262,0.18593581681009613,two-strong
7,1315,marriage,0.2421052631578947,female,0.2285714285714285,0.05590062088711872,two-strong
7,1316,marriage,0.2421052631578947,female,0.2285714285714285,0.05590062088711872,two-strong
7,1317,love,0.237467217386265,society,0.2011442338205203,0.15295999090982576,two-strong
7,1318,marriage,0.2421052631578947,female,0.2285714285714285,0.05590062088711872,two-strong
7,1319,marriage,0.2421052631578947,female,0.2285714285714285,0.05590062088711872,two-strong
7,1320,marriage,0.2421052631578947,female,0.2285714285714285,0.05590062088711872,two-strong
7,1321,marriage,0.2421052631578947,female,0.2285714285714285,0.05590062088711872,two-strong
7,1322,marriage,0.2421052631578947,female,0.2285714285714285,0.05590062088711872,two-strong
7,1323,marriage,0.2421052631578947,female,0.2285714285714285,0.05590062088711872,two-strong
7,1324,marriage,0.2421052631578947,female,0.2285714285714285,0.05590062088711872,two-strong
7,1325,marriage,0.2421052631578947,female,0.2285714285714285,0.05590062088711872,two-strong
7,1326,marriage,0.2421052631578947,female,0.2285714285714285,0.05590062088711872,two-strong
7,1327,marriage,0.2421052631578947,female,0.2285714285714285,0.05590062088711872,two-strong
7,1328,marriage,0.2504645169904866,female,0.2314520754823936,0.0759087221640518,two-strong
7,1329,marriage,0.2421052631578947,female,0.2285714285714285,0.05590062088711872,two-strong
7,1330,marriage,0.2421052631578947,female,0.2285714285714285,0.05590062088711872,two-strong
7,1331,marriage,0.2421052631578947,female,0.2285714285714285,0.05590062088711872,two-strong
7,1332,marriage,0.2421052631578947,female,0.2285714285714285,0.05590062088711872,two-strong
7,1333,marriage,0.2421052631578947,female,0.2285714285714285,0.05590062088711872,two-strong
7,1334,marriage,0.2421052631578947,female,0.2285714285714285,0.05590062088711872,two-strong
7,1335,marriage,0.2421052631578947,female,0.2285714285714285,0.05590062088711872,two-strong
7,1336,marriage,0.2421052631578947,female,0.2285714285714285,0.05590062088711872,two-strong
7,1337,marriage,0.2421052631578947,female,0.2285714285714285,0.05590062088711872,two-strong
7,1338,marriage,0.2421052631578947,female,0.2285714285714285,0.05590062088711872,two-strong
7,1339,marriage,0.2421052631578947,female,0.2285714285714285,0.05590062088711872,two-strong
7,1340,marriage,0.2421052631578947,female,0.2285714285714285,0.05590062088711872,two-strong
7,1341,marriage,0.2421052631578947,female,0.2285714285714285,0.05590062088711872,two-strong
7,1342,marriage,0.2421052631578947,female,0.2285714285714285,0.05590062088711872,two-strong
7,1343,marriage,0.2421052631578947,female,0.2285714285714285,0.05590062088711872,two-strong
7,1344,female,0.2504409194218445,male,0.2149093596462017,0.14187601497308497,two-strong
7,1345,marriage,0.2421052631578947,female,0.2285714285714285,0.05590062088711872,two-strong
7,1346,marriage,0.2421052631578947,female,0.2285714285714285,0.05590062088711872,two-strong
7,1347,marriage,0.2421052631578947,female,0.2285714285714285,0.05590062088711872,two-strong
7,1348,marriage,0.2421052631578947,female,0.2285714285714285,0.05590062088711872,two-strong
7,1349,marriage,0.2421052631578947,female,0.2285714285714285,0.05590062088711872,two-strong
7,1350,marriage,0.2421052631578947,female,0.2287124060150376,0.05531832275287766,two-strong
7,1351,marriage,0.2421052631578947,female,0.2285714285714285,0.05590062088711872,two-strong
7,1352,marriage,0.2421052631578947,female,0.2336466165413533,0.034937888054449355,two-strong
7,1353,marriage,0.2421052631578947,female,0.2285714285714285,0.05590062088711872,two-strong
7,1354,marriage,0.2421052631578947,female,0.2285714285714285,0.05590062088711872,two-strong
7,1355,marriage,0.2421052631578947,female,0.2285714285714285,0.05590062088711872,two-strong
7,1356,marriage,0.2421052631578947,female,0.2285714285714285,0.05590062088711872,two-strong
7,1357,marriage,0.2421052631578947,female,0.2285714285714285,0.05590062088711872,two-strong
7,1358,marriage,0.2421052631578947,female,0.2285714285714285,0.05590062088711872,two-strong
7,1359,marriage,0.2421052631578947,female,0.2285714285714285,0.05590062088711872,two-strong
7,1360,marriage,0.2421052631578947,female,0.2285714285714285,0.05590062088711872,two-strong
7,1361,marriage,0.2421052631578947,female,0.2285714285714285,0.05590062088711872,two-strong
7,1362,marriage,0.2421052631578947,female,0.2285714285714285,0.05590062088711872,two-strong
7,1363,marriage,0.2421052631578947,female,0.2285714285714285,0.05590062088711872,two-strong
7,1364,marriage,0.2421052631578947,female,0.2285714285714285,0.05590062088711872,two-strong
7,1365,marriage,0.2421052631578947,female,0.2285714285714285,0.05590062088711872,two-strong
7,1366,marriage,0.2421052631578947,female,0.2285714285714285,0.05590062088711872,two-strong
7,1367,marriage,0.2421052631578947,female,0.2285714285714285,0.05590062088711872,two-strong
7,1368,marriage,0.2421052631578947,female,0.2285714285714285,0.05590062088711872,two-strong
7,1369,marriage,0.2421052631578947,female,0.2285714285714285,0.05590062088711872,two-strong
7,1370,marriage,0.2421052631578947,female,0.2285714285714285,0.05590062088711872,two-strong
7,1371,marriage,0.2421052631578947,female,0.2285714285714285,0.05590062088711872,two-strong
7,1372,marriage,0.2421052631578947,female,0.2285714285714285,0.05590062088711872,two-strong
7,1373,marriage,0.2421052631578947,female,0.2285714285714285,0.05590062088711872,two-strong
7,1374,marriage,0.2421052631578947,female,0.2285714285714285,0.05590062088711872,two-strong
7,1375,marriage,0.2421052631578947,female,0.2285714285714285,0.05590062088711872,two-strong
7,1376,marriage,0.2421052631578947,female,0.2285714285714285,0.05590062088711872,two-strong
7,1377,marriage,0.2421052631578947,female,0.2285714285714285,0.05590062088711872,two-strong
7,1378,marriage,0.2421052631578947,female,0.2285714285714285,0.05590062088711872,two-strong
7,1379,marriage,0.2421052631578947,female,0.2285714285714285,0.05590062088711872,two-strong
7,1380,marriage,0.2421052631578947,female,0.2285714285714285,0.05590062088711872,two-strong
7,1381,marriage,0.2421052631578947,female,0.2285714285714285,0.05590062088711872,two-strong
7,1382,marriage,0.2421052631578947,female,0.2285714285714285,0.05590062088711872,two-strong
7,1383,marriage,0.2421052631578947,female,0.2285714285714285,0.05590062088711872,two-strong
7,1384,marriage,0.2421052631578947,female,0.2285714285714285,0.05590062088711872,two-strong
7,1385,marriage,0.2421052631578947,female,0.2285714285714285,0.05590062088711872,two-strong
7,1386,marriage,0.2421052631578947,female,0.2285714285714285,0.05590062088711872,two-strong
7,1387,marriage,0.2421052631578947,female,0.2285714285714285,0.05590062088711872,two-strong
7,1388,marriage,0.2421052631578947,female,0.2285714285714285,0.05590062088711872,two-strong
7,1389,marriage,0.2421052631578947,female,0.2285714285714285,0.05590062088711872,two-strong
7,1390,marriage,0.2421052631578947,female,0.2285714285714285,0.05590062088711872,two-strong
7,1391,marriage,0.2421052631578947,female,0.2285714285714285,0.05590062088711872,two-strong
7,1392,marriage,0.2421052631578947,female,0.2285714285714285,0.05590062088711872,two-strong
7,1393,marriage,0.2421052631578947,female,0.2285714285714285,0.05590062088711872,two-strong
7,1394,marriage,0.2421052631578947,female,0.2285714285714285,0.05590062088711872,two-strong
7,1395,marriage,0.2421052631578947,female,0.2285714285714285,0.05590062088711872,two-strong
7,1396,marriage,0.2421052631578947,female,0.2285714285714285,0.05590062088711872,two-strong
7,1397,marriage,0.2421052631578947,female,0.2285714285714285,0.05590062088711872,two-strong
7,1398,marriage,0.2421052631578947,female,0.2285714285714285,0.05590062088711872,two-strong
7,1399,marriage,0.2421052631578947,female,0.2285714285714285,0.05590062088711872,two-strong
7,1400,marriage,0.2421052631578947,female,0.2285714285714285,0.05590062088711872,two-strong
7,1401,marriage,0.2421052631578947,female,0.2285714285714285,0.05590062088711872,two-strong
7,1402,marriage,0.2421052631578947,female,0.2285714285714285,0.05590062088711872,two-strong
7,1403,marriage,0.2421052631578947,female,0.2285714285714285,0.05590062088711872,two-strong
7,1404,marriage,0.2421052631578947,female,0.2285714285714285,0.05590062088711872,two-strong
7,1405,male,0.2842105263157894,family,0.2150827942513037,0.24322720455628,leaning
7,1406,marriage,0.2421052631578947,female,0.2285714285714285,0.05590062088711872,two-strong
7,1407,marriage,0.2421052631578947,female,0.2285714285714285,0.05590062088711872,two-strong
7,1408,marriage,0.2421052631578947,female,0.2285714285714285,0.05590062088711872,two-strong
7,1409,emotion,0.3908396950773643,marriage,0.2561724992690095,0.34455864427265925,leaning
7,1410,marriage,0.2421052631578947,female,0.2285714285714285,0.05590062088711872,two-strong
7,1411,marriage,0.2421052631578947,female,0.2285714285714285,0.05590062088711872,two-strong
7,1412,marriage,0.2421052631578947,female,0.2285714285714285,0.05590062088711872,two-strong
7,1413,marriage,0.2421052631578947,female,0.2285714285714285,0.05590062088711872,two-strong
7,1414,marriage,0.2421052631578947,female,0.2285714285714285,0.05590062088711872,two-strong
7,1415,marriage,0.2421052631578947,female,0.2285714285714285,0.05590062088711872,two-strong
7,1416,marriage,0.2421052631578947,female,0.2285714285714285,0.05590062088711872,two-strong
7,1417,marriage,0.2421052631578947,female,0.2285714285714285,0.05590062088711872,two-strong
7,1418,marriage,0.2421052631578947,female,0.2285714285714285,0.05590062088711872,two-strong
7,1419,female,0.3792278240192829,male,0.2759832687503383,0.2722494196297301,leaning
7,1420,marriage,0.2421052631578947,female,0.2285714285714285,0.05590062088711872,two-strong
7,1421,marriage,0.2421052631578947,female,0.2285714285714285,0.05590062088711872,two-strong
7,1422,marriage,0.2421052631578947,female,0.2285714285714285,0.05590062088711872,two-strong
7,1423,marriage,0.2421052631578947,female,0.2285714285714285,0.05590062088711872,two-strong
7,1424,marriage,0.2421052631578947,female,0.2285714285714285,0.05590062088711872,two-strong
7,1425,marriage,0.2421052631578947,female,0.2285714285714285,0.05590062088711872,two-strong
7,1426,marriage,0.2421052631578947,female,0.2285714285714285,0.05590062088711872,two-strong
7,1427,marriage,0.2421052631578947,female,0.2285714285714285,0.05590062088711872,two-strong
7,1428,marriage,0.2421052631578947,female,0.2285714285714285,0.05590062088711872,two-strong
7,1429,marriage,0.2421052631578947,female,0.2285714285714285,0.05590062088711872,two-strong
7,1430,marriage,0.2421052631578947,female,0.2285714285714285,0.05590062088711872,two-strong
7,1431,female,0.2336466165413533,male,0.2022556390977443,0.13435237271540248,two-strong
7,1432,marriage,0.2421052631578947,female,0.2285714285714285,0.05590062088711872,two-strong
7,1433,marriage,0.2421052631578947,female,0.2285714285714285,0.05590062088711872,two-strong
7,1434,marriage,0.2421052631578947,female,0.2285714285714285,0.05590062088711872,two-strong
7,1435,marriage,0.2421052631578947,female,0.2285714285714285,0.05590062088711872,two-strong
7,1436,marriage,0.2421052631578947,female,0.2285714285714285,0.05590062088711872,two-strong
7,1437,marriage,0.2421052631578947,female,0.2285714285714285,0.05590062088711872,two-strong
7,1438,marriage,0.2421052631578947,female,0.2285714285714285,0.05590062088711872,two-strong
7,1439,marriage,0.2421052631578947,female,0.2285714285714285,0.05590062088711872,two-strong
7,1440,marriage,0.2421052631578947,female,0.2285714285714285,0.05590062088711872,two-strong
7,1441,marriage,0.2421052631578947,female,0.2285714285714285,0.05590062088711872,two-strong
7,1442,marriage,0.2421052631578947,female,0.2285714285714285,0.05590062088711872,two-strong
7,1443,marriage,0.2421052631578947,female,0.2285714285714285,0.05590062088711872,two-strong
7,1444,marriage,0.2421052631578947,female,0.2285714285714285,0.05590062088711872,two-strong
7,1445,marriage,0.2421052631578947,female,0.2285714285714285,0.05590062088711872,two-strong
7,1446,marriage,0.2421052631578947,female,0.2285714285714285,0.05590062088711872,two-strong
7,1447,marriage,0.2421052631578947,female,0.2285714285714285,0.05590062088711872,two-strong
7,1448,marriage,0.2421052631578947,female,0.2285714285714285,0.05590062088711872,two-strong
7,1449,marriage,0.2421052631578947,female,0.2285714285714285,0.05590062088711872,two-strong
7,1450,marriage,0.2421052631578947,female,0.2285714285714285,0.05590062088711872,two-strong
7,1451,wealth,0.1944661654135338,,,0.9999999948577173,dominant
7,1452,marriage,0.2421052631578947,female,0.2285714285714285,0.05590062088711872,two-strong
7,1453,marriage,0.2421052631578947,female,0.2285714285714285,0.05590062088711872,two-strong
7,1454,marriage,0.2421052631578947,female,0.2285714285714285,0.05590062088711872,two-strong
7,1455,marriage,0.2421052631578947,female,0.2285714285714285,0.05590062088711872,two-strong
7,1456,marriage,0.2421052631578947,female,0.2285714285714285,0.05590062088711872,two-strong
7,1457,marriage,0.2421052631578947,female,0.2285714285714285,0.05590062088711872,two-strong
7,1458,marriage,0.2468126838836221,female,0.2336466165413533,0.05334437064479448,two-strong
7,1459,love,0.1408175611442399,,,0.9999999928986131,dominant
7,1460,marriage,0.2421052631578947,female,0.2285714285714285,0.05590062088711872,two-strong
7,1461,marriage,0.2421052631578947,female,0.2285714285714285,0.05590062088711872,two-strong
7,1462,marriage,0.2421052631578947,female,0.2285714285714285,0.05590062088711872,two-strong
7,1463,marriage,0.2421052631578947,female,0.2285714285714285,0.05590062088711872,two-strong
7,1464,marriage,0.2421052631578947,female,0.2285714285714285,0.05590062088711872,two-strong
7,1465,marriage,0.2421052631578947,female,0.2285714285714285,0.05590062088711872,two-strong
7,1466,marriage,0.2421052631578947,female,0.2285714285714285,0.05590062088711872,two-strong
7,1467,marriage,0.2437070938215103,female,0.2303571428571428,0.05477867180742083,two-strong
7,1468,marriage,0.2421052631578947,female,0.2285714285714285,0.05590062088711872,two-strong
7,1469,marriage,0.2421052631578947,female,0.2285714285714285,0.05590062088711872,two-strong
7,1470,marriage,0.2421052631578947,female,0.2285714285714285,0.05590062088711872,two-strong
7,1471,marriage,0.2421052631578947,female,0.2285714285714285,0.05590062088711872,two-strong
7,1472,marriage,0.2421052631578947,female,0.2285714285714285,0.05590062088711872,two-strong
7,1473,marriage,0.2421052631578947,female,0.2285714285714285,0.05590062088711872,two-strong
7,1474,marriage,0.2421052631578947,female,0.2285714285714285,0.05590062088711872,two-strong
7,1475,marriage,0.2421052631578947,female,0.2285714285714285,0.05590062088711872,two-strong
7,1476,male,0.3149143575128235,class,0.1499125874125874,0.5239575955807588,dominant
7,1477,marriage,0.2421052631578947,female,0.2285714285714285,0.05590062088711872,two-strong
7,1478,marriage,0.2421052631578947,female,0.2285714285714285,0.05590062088711872,two-strong
7,1479,marriage,0.2421052631578947,female,0.2285714285714285,0.05590062088711872,two-strong
7,1480,marriage,0.2421052631578947,female,0.2285714285714285,0.05590062088711872,two-strong
7,1481,marriage,0.2421052631578947,female,0.2285714285714285,0.05590062088711872,two-strong
7,1482,marriage,0.2421052631578947,female,0.2285714285714285,0.05590062088711872,two-strong
7,1483,marriage,0.2421052631578947,female,0.2285714285714285,0.05590062088711872,two-strong
7,1484,marriage,0.2421052631578947,female,0.2285714285714285,0.05590062088711872,two-strong
7,1485,marriage,0.2421052631578947,female,0.2285714285714285,0.05590062088711872,two-strong
7,1486,marriage,0.2421052631578947,female,0.2285714285714285,0.05590062088711872,two-strong
7,1487,marriage,0.2421052631578947,female,0.2285714285714285,0.05590062088711872,two-strong
7,1488,marriage,0.2421052631578947,female,0.2285714285714285,0.05590062088711872,two-strong
7,1489,marriage,0.2421052631578947,female,0.2285714285714285,0.05590062088711872,two-strong
7,1490,marriage,0.2421052631578947,female,0.2285714285714285,0.05590062088711872,two-strong
7,1491,marriage,0.2421052631578947,female,0.2285714285714285,0.05590062088711872,two-strong
7,1492,marriage,0.2421052631578947,female,0.2285714285714285,0.05590062088711872,two-strong
7,1493,marriage,0.2421052631578947,female,0.2285714285714285,0.05590062088711872,two-strong
7,1494,marriage,0.2421052631578947,female,0.2285714285714285,0.05590062088711872,two-strong
7,1495,marriage,0.2421052631578947,female,0.2285714285714285,0.05590062088711872,two-strong
7,1496,marriage,0.2421052631578947,female,0.2285714285714285,0.05590062088711872,two-strong
7,1497,marriage,0.2421052631578947,female,0.2285714285714285,0.05590062088711872,two-strong
7,1498,marriage,0.2421052631578947,female,0.2285714285714285,0.05590062088711872,two-strong
7,1499,marriage,0.2421052631578947,female,0.2285714285714285,0.05590062088711872,two-strong
7,1500,marriage,0.2421052631578947,female,0.2285714285714285,0.05590062088711872,two-strong
7,1501,male,0.2120300751879699,family,0.1927465723131357,0.09094701667578005,two-strong
7,1502,marriage,0.2421052631578947,female,0.2285714285714285,0.05590062088711872,two-strong
7,1503,marriage,0.2421052631578947,female,0.2285714285714285,0.05590062088711872,two-strong
7,1504,marriage,0.2421052631578947,female,0.2285714285714285,0.05590062088711872,two-strong
7,1505,marriage,0.2421052631578947,female,0.2285714285714285,0.05590062088711872,two-strong
7,1506,marriage,0.2421052631578947,female,0.2285714285714285,0.05590062088711872,two-strong
7,1507,marriage,0.2421052631578947,female,0.2285714285714285,0.05590062088711872,two-strong
7,1508,marriage,0.2421052631578947,female,0.2285714285714285,0.05590062088711872,two-strong
7,1509,marriage,0.2421052631578947,female,0.2285714285714285,0.05590062088711872,two-strong
7,1510,marriage,0.2421052631578947,female,0.2285714285714285,0.05590062088711872,two-strong
7,1511,marriage,0.2418732106947209,society,0.2328533949867819,0.037291503448192174,two-strong
7,1512,marriage,0.2421052631578947,female,0.2285714285714285,0.05590062088711872,two-strong
7,1513,marriage,0.2421052631578947,female,0.2285714285714285,0.05590062088711872,two-strong
7,1514,marriage,0.2421052631578947,female,0.2285714285714285,0.05590062088711872,two-strong
7,1515,marriage,0.2421052631578947,female,0.2285714285714285,0.05590062088711872,two-strong
7,1516,marriage,0.2421052631578947,female,0.2285714285714285,0.05590062088711872,two-strong
7,1517,marriage,0.2421052631578947,female,0.2285714285714285,0.05590062088711872,two-strong
7,1518,marriage,0.2421052631578947,female,0.2285714285714285,0.05590062088711872,two-strong
7,1519,marriage,0.2421052631578947,female,0.2285714285714285,0.05590062088711872,two-strong
7,1520,marriage,0.2421052631578947,female,0.2285714285714285,0.05590062088711872,two-strong
7,1521,marriage,0.2421052631578947,female,0.2285714285714285,0.05590062088711872,two-strong
7,1522,marriage,0.2421052631578947,female,0.2285714285714285,0.05590062088711872,two-strong
7,1523,marriage,0.2421052631578947,female,0.2285714285714285,0.05590062088711872,two-strong
7,1524,marriage,0.2421052631578947,female,0.2285714285714285,0.05590062088711872,two-strong
7,1525,marriage,0.2421052631578947,female,0.2285714285714285,0.05590062088711872,two-strong
7,1526,marriage,0.2421052631578947,female,0.2285714285714285,0.05590062088711872,two-strong
7,1527,marriage,0.2368498921937508,society,0.20452931406542,0.1364601760740147,two-strong
7,1528,marriage,0.2421052631578947,female,0.2285714285714285,0.05590062088711872,two-strong
7,1529,marriage,0.2421052631578947,female,0.2285714285714285,0.05590062088711872,two-strong
7,1530,marriage,0.2421052631578947,female,0.2285714285714285,0.05590062088711872,two-strong
7,1531,marriage,0.2468126838836221,female,0.2285714285714285,0.07390728446876531,two-strong
7,1532,emotion,0.3379570166594097,female,0.2200774690027237,0.3488004139493384,leaning
7,1533,marriage,0.2421052631578947,female,0.2285714285714285,0.05590062088711872,two-strong
7,1534,marriage,0.2421052631578947,female,0.2285714285714285,0.05590062088711872,two-strong
7,1535,marriage,0.2421052631578947,female,0.2285714285714285,0.05590062088711872,two-strong
7,1536,marriage,0.2421052631578947,female,0.2285714285714285,0.05590062088711872,two-strong
7,1537,marriage,0.2421052631578947,female,0.2285714285714285,0.05590062088711872,two-strong
7,1538,marriage,0.2421052631578947,female,0.2285714285714285,0.05590062088711872,two-strong
7,1539,marriage,0.2421052631578947,female,0.2285714285714285,0.05590062088711872,two-strong
7,1540,marriage,0.2421052631578947,female,0.2285714285714285,0.05590062088711872,two-strong
7,1541,marriage,0.2516726599106461,female,0.2303571428571428,0.08469540146464759,two-strong
7,1542,male,0.2140350877192982,,,0.9999999953278689,dominant
7,1543,marriage,0.2421052631578947,female,0.2299498746867168,0.050207039130097116,two-strong
7,1544,marriage,0.2421052631578947,female,0.2285714285714285,0.05590062088711872,two-strong
7,1545,marriage,0.2421052631578947,female,0.2285714285714285,0.05590062088711872,two-strong
7,1546,marriage,0.2421052631578947,female,0.2285714285714285,0.05590062088711872,two-strong
7,1547,marriage,0.2421052631578947,female,0.2285714285714285,0.05590062088711872,two-strong
7,1548,marriage,0.2421052631578947,female,0.2285714285714285,0.05590062088711872,two-strong
7,1549,marriage,0.2421052631578947,female,0.2285714285714285,0.05590062088711872,two-strong
7,1550,marriage,0.2421052631578947,female,0.2285714285714285,0.05590062088711872,two-strong
7,1551,marriage,0.2421052631578947,female,0.2285714285714285,0.05590062088711872,two-strong
7,1552,marriage,0.2421052631578947,female,0.2285714285714285,0.05590062088711872,two-strong
7,1553,marriage,0.2421052631578947,female,0.2285714285714285,0.05590062088711872,two-strong
7,1554,marriage,0.2421052631578947,female,0.2285714285714285,0.05590062088711872,two-strong
7,1555,marriage,0.2421052631578947,female,0.2285714285714285,0.05590062088711872,two-strong
7,1556,marriage,0.2421052631578947,female,0.2285714285714285,0.05590062088711872,two-strong
7,1557,marriage,0.2421052631578947,female,0.2285714285714285,0.05590062088711872,two-strong
7,1558,marriage,0.2421052631578947,female,0.2285714285714285,0.05590062088711872,two-strong
7,1559,marriage,0.2421052631578947,female,0.2285714285714285,0.05590062088711872,two-strong
7,1560,marriage,0.2421052631578947,female,0.2285714285714285,0.05590062088711872,two-strong
7,1561,marriage,0.2421052631578947,female,0.2285714285714285,0.05590062088711872,two-strong
7,1562,marriage,0.2421052631578947,female,0.2285714285714285,0.05590062088711872,two-strong
7,1563,marriage,0.2421052631578947,female,0.2285714285714285,0.05590062088711872,two-strong
7,1564,marriage,0.2421052631578947,female,0.2285714285714285,0.05590062088711872,two-strong
7,1565,marriage,0.2421052631578947,female,0.2285714285714285,0.05590062088711872,two-strong
7,1566,marriage,0.2421052631578947,female,0.2285714285714285,0.05590062088711872,two-strong
7,1567,marriage,0.2421052631578947,female,0.2285714285714285,0.05590062088711872,two-strong
7,1568,marriage,0.2421052631578947,female,0.2285714285714285,0.05590062088711872,two-strong
7,1569,marriage,0.2421052631578947,female,0.2310463659147869,0.04567805364155775,two-strong
7,1570,marriage,0.2421052631578947,female,0.2285714285714285,0.05590062088711872,two-strong
7,1571,marriage,0.2421052631578947,female,0.2285714285714285,0.05590062088711872,two-strong
7,1572,marriage,0.2421052631578947,female,0.2285714285714285,0.05590062088711872,two-strong
7,1573,marriage,0.2421052631578947,female,0.2285714285714285,0.05590062088711872,two-strong
7,1574,marriage,0.2421052631578947,female,0.2285714285714285,0.05590062088711872,two-strong
7,1575,marriage,0.2421052631578947,female,0.2285714285714285,0.05590062088711872,two-strong
7,1576,marriage,0.2421052631578947,female,0.2285714285714285,0.05590062088711872,two-strong
7,1577,marriage,0.2421052631578947,female,0.2285714285714285,0.05590062088711872,two-strong
7,1578,marriage,0.2421052631578947,female,0.2285714285714285,0.05590062088711872,two-strong
7,1579,marriage,0.2421052631578947,female,0.2285714285714285,0.05590062088711872,two-strong
7,1580,marriage,0.2421052631578947,female,0.2303571428571428,0.048524844520068375,two-strong
7,1581,marriage,0.2421052631578947,female,0.2285714285714285,0.05590062088711872,two-strong
7,1582,marriage,0.2421052631578947,female,0.2285714285714285,0.05590062088711872,two-strong
7,1583,marriage,0.2421052631578947,female,0.2285714285714285,0.05590062088711872,two-strong
7,1584,marriage,0.2421052631578947,female,0.2285714285714285,0.05590062088711872,two-strong
7,1585,marriage,0.2421052631578947,female,0.2285714285714285,0.05590062088711872,two-strong
7,1586,marriage,0.2421052631578947,female,0.2285714285714285,0.05590062088711872,two-strong
7,1587,marriage,0.2421052631578947,female,0.2285714285714285,0.05590062088711872,two-strong
7,1588,marriage,0.2421052631578947,female,0.2285714285714285,0.05590062088711872,two-strong
7,1589,marriage,0.2421052631578947,female,0.2285714285714285,0.05590062088711872,two-strong
7,1590,male,0.2309197579106104,female,0.2192154628126442,0.05068555048378062,two-strong
7,1591,marriage,0.2421052631578947,female,0.2285714285714285,0.05590062088711872,two-strong
7,1592,marriage,0.2421052631578947,female,0.2285714285714285,0.05590062088711872,two-strong
7,1593,marriage,0.2421052631578947,female,0.2285714285714285,0.05590062088711872,two-strong
7,1594,marriage,0.2421052631578947,female,0.2285714285714285,0.05590062088711872,two-strong
7,1595,marriage,0.2421052631578947,female,0.2285714285714285,0.05590062088711872,two-strong
7,1596,marriage,0.2421052631578947,female,0.2285714285714285,0.05590062088711872,two-strong
7,1597,marriage,0.2421052631578947,female,0.2285714285714285,0.05590062088711872,two-strong
7,1598,marriage,0.2421052631578947,female,0.2285714285714285,0.05590062088711872,two-strong
7,1599,marriage,0.2421052631578947,female,0.2285714285714285,0.05590062088711872,two-strong
7,1600,marriage,0.2421052631578947,female,0.2285714285714285,0.05590062088711872,two-strong
7,1601,marriage,0.2421052631578947,female,0.2285714285714285,0.05590062088711872,two-strong
7,1602,marriage,0.2421052631578947,female,0.2285714285714285,0.05590062088711872,two-strong
7,1603,marriage,0.2421052631578947,female,0.2285714285714285,0.05590062088711872,two-strong
7,1604,marriage,0.2421052631578947,female,0.2285714285714285,0.05590062088711872,two-strong
7,1605,marriage,0.2421052631578947,female,0.2285714285714285,0.05590062088711872,two-strong
7,1606,marriage,0.2421052631578947,female,0.2285714285714285,0.05590062088711872,two-strong
7,1607,marriage,0.2421052631578947,female,0.2285714285714285,0.05590062088711872,two-strong
7,1608,marriage,0.2421052631578947,female,0.2285714285714285,0.05590062088711872,two-strong
7,1609,marriage,0.2421052631578947,female,0.2285714285714285,0.05590062088711872,two-strong
7,1610,marriage,0.2421052631578947,female,0.2285714285714285,0.05590062088711872,two-strong
7,1611,emotion,0.1955119081080179,love,0.1468254335307677,0.24902050621556523,leaning
7,1612,marriage,0.2421052631578947,female,0.2285714285714285,0.05590062088711872,two-strong
7,1613,marriage,0.2421052631578947,female,0.2285714285714285,0.05590062088711872,two-strong
7,1614,marriage,0.2421052631578947,female,0.2285714285714285,0.05590062088711872,two-strong
7,1615,marriage,0.2421052631578947,female,0.2285714285714285,0.05590062088711872,two-strong
7,1616,marriage,0.2421052631578947,female,0.2285714285714285,0.05590062088711872,two-strong
7,1617,marriage,0.2421052631578947,female,0.2285714285714285,0.05590062088711872,two-strong
7,1618,marriage,0.2413047669340575,female,0.2394501879699248,0.007685629173475442,two-strong
7,1619,marriage,0.2421052631578947,female,0.2285714285714285,0.05590062088711872,two-strong
7,1620,marriage,0.2421052631578947,female,0.2285714285714285,0.05590062088711872,two-strong
7,1621,marriage,0.2421052631578947,female,0.2285714285714285,0.05590062088711872,two-strong
7,1622,marriage,0.2421052631578947,female,0.2285714285714285,0.05590062088711872,two-strong
7,1623,marriage,0.2421052631578947,female,0.2285714285714285,0.05590062088711872,two-strong
7,1624,marriage,0.2421052631578947,female,0.2285714285714285,0.05590062088711872,two-strong
7,1625,marriage,0.2421052631578947,female,0.2285714285714285,0.05590062088711872,two-strong
7,1626,marriage,0.2421052631578947,female,0.2285714285714285,0.05590062088711872,two-strong
7,1627,female,0.2460830384785493,duty,0.2140449812131655,0.13019205766180603,two-strong
7,1628,marriage,0.2421052631578947,female,0.2285714285714285,0.05590062088711872,two-strong
7,1629,marriage,0.2421052631578947,female,0.2285714285714285,0.05590062088711872,two-strong
7,1630,marriage,0.2421052631578947,female,0.2285714285714285,0.05590062088711872,two-strong
7,1631,marriage,0.2421052631578947,female,0.2285714285714285,0.05590062088711872,two-strong
7,1632,marriage,0.2421052631578947,female,0.2285714285714285,0.05590062088711872,two-strong
7,1633,marriage,0.2421052631578947,female,0.2285714285714285,0.05590062088711872,two-strong
7,1634,marriage,0.2421052631578947,female,0.2285714285714285,0.05590062088711872,two-strong
7,1635,marriage,0.2421052631578947,female,0.2285714285714285,0.05590062088711872,two-strong
7,1636,marriage,0.2421052631578947,female,0.2285714285714285,0.05590062088711872,two-strong
7,1637,marriage,0.2421052631578947,female,0.2285714285714285,0.05590062088711872,two-strong
7,1638,marriage,0.2421052631578947,female,0.2285714285714285,0.05590062088711872,two-strong
7,1639,marriage,0.2421052631578947,female,0.2285714285714285,0.05590062088711872,two-strong
7,1640,marriage,0.2421052631578947,female,0.2285714285714285,0.05590062088711872,two-strong
7,1641,marriage,0.2421052631578947,female,0.2285714285714285,0.05590062088711872,two-strong
7,1642,marriage,0.2421052631578947,female,0.2285714285714285,0.05590062088711872,two-strong
7,1643,marriage,0.2421052631578947,female,0.2285714285714285,0.05590062088711872,two-strong
7,1644,marriage,0.2421052631578947,female,0.2285714285714285,0.05590062088711872,two-strong
7,1645,marriage,0.2421052631578947,female,0.2285714285714285,0.05590062088711872,two-strong
7,1646,marriage,0.2421052631578947,female,0.2285714285714285,0.05590062088711872,two-strong
7,1647,marriage,0.2421052631578947,female,0.2285714285714285,0.05590062088711872,two-strong
7,1648,marriage,0.2421052631578947,female,0.2285714285714285,0.05590062088711872,two-strong
7,1649,marriage,0.2421052631578947,female,0.2285714285714285,0.05590062088711872,two-strong
7,1650,marriage,0.2421052631578947,female,0.2285714285714285,0.05590062088711872,two-strong
7,1651,marriage,0.2421052631578947,female,0.2285714285714285,0.05590062088711872,two-strong
7,1652,marriage,0.2421052631578947,female,0.2285714285714285,0.05590062088711872,two-strong
7,1653,marriage,0.2421052631578947,female,0.2285714285714285,0.05590062088711872,two-strong
7,1654,marriage,0.2421052631578947,female,0.2285714285714285,0.05590062088711872,two-strong
7,1655,marriage,0.2421052631578947,female,0.2285714285714285,0.05590062088711872,two-strong
7,1656,marriage,0.2421052631578947,female,0.2285714285714285,0.05590062088711872,two-strong
7,1657,marriage,0.2421052631578947,female,0.2285714285714285,0.05590062088711872,two-strong
7,1658,marriage,0.2421052631578947,female,0.2285714285714285,0.05590062088711872,two-strong
7,1659,marriage,0.2421052631578947,female,0.2285714285714285,0.05590062088711872,two-strong
7,1660,marriage,0.2421052631578947,female,0.2285714285714285,0.05590062088711872,two-strong
7,1661,marriage,0.2421052631578947,female,0.2285714285714285,0.05590062088711872,two-strong
7,1662,marriage,0.2546747303040209,female,0.2285714285714285,0.1024966301090596,two-strong
7,1663,marriage,0.2421052631578947,female,0.2285714285714285,0.05590062088711872,two-strong
7,1664,marriage,0.2421052631578947,female,0.2285714285714285,0.05590062088711872,two-strong
7,1665,marriage,0.2421052631578947,female,0.2285714285714285,0.05590062088711872,two-strong
7,1666,marriage,0.2421052631578947,female,0.2285714285714285,0.05590062088711872,two-strong
7,1667,marriage,0.2421052631578947,female,0.2285714285714285,0.05590062088711872,two-strong
7,1668,family,0.2513514822846874,female,0.2486976870018767,0.010558104723038161,two-strong
7,1669,marriage,0.2421052631578947,female,0.2285714285714285,0.05590062088711872,two-strong
7,1670,marriage,0.2421052631578947,female,0.2285714285714285,0.05590062088711872,two-strong
7,1671,marriage,0.2421052631578947,female,0.2285714285714285,0.05590062088711872,two-strong
7,1672,marriage,0.2421052631578947,female,0.2285714285714285,0.05590062088711872,two-strong
7,1673,marriage,0.2421052631578947,female,0.2285714285714285,0.05590062088711872,two-strong
7,1674,marriage,0.2421052631578947,female,0.2285714285714285,0.05590062088711872,two-strong
7,1675,marriage,0.2421052631578947,female,0.2285714285714285,0.05590062088711872,two-strong
7,1676,marriage,0.2421052631578947,female,0.2285714285714285,0.05590062088711872,two-strong
7,1677,marriage,0.2421052631578947,female,0.2285714285714285,0.05590062088711872,two-strong
7,1678,marriage,0.2421052631578947,female,0.2285714285714285,0.05590062088711872,two-strong
7,1679,marriage,0.2421052631578947,female,0.2285714285714285,0.05590062088711872,two-strong
7,1680,marriage,0.2421052631578947,female,0.2285714285714285,0.05590062088711872,two-strong
7,1681,marriage,0.2421052631578947,female,0.2285714285714285,0.05590062088711872,two-strong
7,1682,marriage,0.2421052631578947,female,0.2285714285714285,0.05590062088711872,two-strong
7,1683,marriage,0.2421052631578947,female,0.2285714285714285,0.05590062088711872,two-strong
7,1684,marriage,0.2421052631578947,female,0.2285714285714285,0.05590062088711872,two-strong
7,1685,marriage,0.2421052631578947,female,0.2285714285714285,0.05590062088711872,two-strong
7,1686,marriage,0.2421052631578947,female,0.2285714285714285,0.05590062088711872,two-strong
7,1687,marriage,0.2421052631578947,female,0.2285714285714285,0.05590062088711872,two-strong
7,1688,marriage,0.2421052631578947,female,0.2285714285714285,0.05590062088711872,two-strong
7,1689,marriage,0.2421052631578947,female,0.2285714285714285,0.05590062088711872,two-strong
7,1690,marriage,0.2421052631578947,female,0.2285714285714285,0.05590062088711872,two-strong
7,1691,family,0.2225427012910427,love,0.1528971735208604,0.3129535457833142,leaning
7,1692,marriage,0.2421052631578947,female,0.2285714285714285,0.05590062088711872,two-strong
7,1693,marriage,0.2421052631578947,female,0.2285714285714285,0.05590062088711872,two-strong
7,1694,marriage,0.2421052631578947,female,0.2285714285714285,0.05590062088711872,two-strong
7,1695,marriage,0.2421052631578947,female,0.2285714285714285,0.05590062088711872,two-strong
7,1696,marriage,0.2421052631578947,female,0.2285714285714285,0.05590062088711872,two-strong
7,1697,marriage,0.2421052631578947,female,0.2285714285714285,0.05590062088711872,two-strong
7,1698,marriage,0.2421052631578947,female,0.2285714285714285,0.05590062088711872,two-strong
7,1699,marriage,0.2426718971341397,female,0.2285714285714285,0.05810507385126642,two-strong
7,1700,marriage,0.2421052631578947,female,0.2285714285714285,0.05590062088711872,two-strong
7,1701,marriage,0.2421052631578947,female,0.2285714285714285,0.05590062088711872,two-strong
7,1702,marriage,0.2421052631578947,female,0.2285714285714285,0.05590062088711872,two-strong
7,1703,marriage,0.2421052631578947,female,0.2285714285714285,0.05590062088711872,two-strong
7,1704,marriage,0.2421052631578947,female,0.2285714285714285,0.05590062088711872,two-strong
7,1705,marriage,0.2421052631578947,female,0.2285714285714285,0.05590062088711872,two-strong
7,1706,marriage,0.2421052631578947,female,0.2285714285714285,0.05590062088711872,two-strong
7,1707,marriage,0.2421052631578947,female,0.2285714285714285,0.05590062088711872,two-strong
7,1708,marriage,0.2421052631578947,female,0.2285714285714285,0.05590062088711872,two-strong
7,1709,marriage,0.2421052631578947,female,0.2285714285714285,0.05590062088711872,two-strong
7,1710,marriage,0.2421052631578947,female,0.2285714285714285,0.05590062088711872,two-strong
7,1711,wealth,0.1944661654135338,,,0.9999999948577173,dominant
7,1712,marriage,0.2404268493770048,emotion,0.1979214506383732,0.1767913969341627,two-strong
7,1713,marriage,0.2421052631578947,female,0.2285714285714285,0.05590062088711872,two-strong
7,1714,marriage,0.2421052631578947,female,0.2285714285714285,0.05590062088711872,two-strong
7,1715,marriage,0.2421052631578947,female,0.2285714285714285,0.05590062088711872,two-strong
7,1716,marriage,0.2421052631578947,female,0.2285714285714285,0.05590062088711872,two-strong
7,1717,marriage,0.2421052631578947,female,0.2285714285714285,0.05590062088711872,two-strong
7,1718,marriage,0.2421052631578947,female,0.2285714285714285,0.05590062088711872,two-strong
7,1719,marriage,0.2421052631578947,female,0.2285714285714285,0.05590062088711872,two-strong
7,1720,marriage,0.2421052631578947,female,0.2285714285714285,0.05590062088711872,two-strong
7,1721,marriage,0.2421052631578947,female,0.2285714285714285,0.05590062088711872,two-strong
7,1722,marriage,0.2421052631578947,female,0.2285714285714285,0.05590062088711872,two-strong
7,1723,society,0.1939959873266422,emotion,0.1878356673050017,0.03175488356629317,two-strong
7,1724,marriage,0.2421052631578947,female,0.2285714285714285,0.05590062088711872,two-strong
7,1725,marriage,0.2421052631578947,female,0.2285714285714285,0.05590062088711872,two-strong
7,1726,marriage,0.2421052631578947,female,0.2285714285714285,0.05590062088711872,two-strong
7,1727,marriage,0.2421052631578947,female,0.2285714285714285,0.05590062088711872,two-strong
7,1728,marriage,0.2421052631578947,female,0.2285714285714285,0.05590062088711872,two-strong
7,1729,marriage,0.2422523700555737,female,0.2283834586466165,0.05724984795205834,two-strong
7,1730,marriage,0.2421052631578947,female,0.2285714285714285,0.05590062088711872,two-strong
7,1731,marriage,0.2421052631578947,female,0.2285714285714285,0.05590062088711872,two-strong
7,1732,marriage,0.2421052631578947,female,0.2285714285714285,0.05590062088711872,two-strong
7,1733,marriage,0.2421052631578947,female,0.2285714285714285,0.05590062088711872,two-strong
7,1734,marriage,0.2421052631578947,female,0.2285714285714285,0.05590062088711872,two-strong
7,1735,marriage,0.2421052631578947,female,0.2285714285714285,0.05590062088711872,two-strong
7,1736,marriage,0.2421052631578947,female,0.2285714285714285,0.05590062088711872,two-strong
7,1737,marriage,0.2421052631578947,female,0.2285714285714285,0.05590062088711872,two-strong
7,1738,marriage,0.2421052631578947,female,0.2285714285714285,0.05590062088711872,two-strong
7,1739,marriage,0.2421052631578947,female,0.2285714285714285,0.05590062088711872,two-strong
7,1740,marriage,0.2421052631578947,female,0.2285714285714285,0.05590062088711872,two-strong
7,1741,marriage,0.2409610983981693,female,0.2275375939849624,0.05570818047698895,two-strong
7,1742,marriage,0.2421052631578947,female,0.2283834586466165,0.05667701839943975,two-strong
7,1743,marriage,0.2421052631578947,female,0.2285714285714285,0.05590062088711872,two-strong
7,1744,marriage,0.2421052631578947,female,0.2285714285714285,0.05590062088711872,two-strong
7,1745,marriage,0.2421052631578947,female,0.2285714285714285,0.05590062088711872,two-strong
7,1746,marriage,0.2421052631578947,female,0.2285714285714285,0.05590062088711872,two-strong
7,1747,marriage,0.2421052631578947,female,0.2285714285714285,0.05590062088711872,two-strong
7,1748,marriage,0.2421052631578947,female,0.2285714285714285,0.05590062088711872,two-strong
7,1749,marriage,0.2421052631578947,female,0.2285714285714285,0.05590062088711872,two-strong
7,1750,marriage,0.2421052631578947,female,0.2285714285714285,0.05590062088711872,two-strong
7,1751,marriage,0.2421052631578947,female,0.2285714285714285,0.05590062088711872,two-strong
7,1752,marriage,0.2421052631578947,female,0.2285714285714285,0.05590062088711872,two-strong
7,1753,marriage,0.2421052631578947,female,0.2285714285714285,0.05590062088711872,two-strong
7,1754,marriage,0.2421052631578947,female,0.2285714285714285,0.05590062088711872,two-strong
7,1755,marriage,0.2421052631578947,female,0.2285714285714285,0.05590062088711872,two-strong
7,1756,marriage,0.2421052631578947,female,0.2285714285714285,0.05590062088711872,two-strong
7,1757,marriage,0.2421052631578947,female,0.2285714285714285,0.05590062088711872,two-strong
7,1758,marriage,0.2421052631578947,female,0.2285714285714285,0.05590062088711872,two-strong
7,1759,marriage,0.2421052631578947,female,0.2285714285714285,0.05590062088711872,two-strong
7,1760,marriage,0.2421052631578947,female,0.2285714285714285,0.05590062088711872,two-strong
7,1761,marriage,0.2421052631578947,female,0.2285714285714285,0.05590062088711872,two-strong
7,1762,marriage,0.2421052631578947,female,0.2285714285714285,0.05590062088711872,two-strong
7,1763,marriage,0.2421052631578947,female,0.2285714285714285,0.05590062088711872,two-strong
7,1764,marriage,0.2421052631578947,female,0.2285714285714285,0.05590062088711872,two-strong
7,1765,marriage,0.2421052631578947,female,0.2285714285714285,0.05590062088711872,two-strong
7,1766,marriage,0.2421052631578947,female,0.2285714285714285,0.05590062088711872,two-strong
7,1767,marriage,0.2421052631578947,female,0.2285714285714285,0.05590062088711872,two-strong
7,1768,marriage,0.2421052631578947,female,0.2285714285714285,0.05590062088711872,two-strong
7,1769,marriage,0.2421052631578947,female,0.2285714285714285,0.05590062088711872,two-strong
7,1770,wealth,0.2336050615926042,emotion,0.2047186691774023,0.12365482192300918,two-strong
7,1771,marriage,0.2421052631578947,female,0.2285714285714285,0.05590062088711872,two-strong
7,1772,marriage,0.2421052631578947,female,0.2285714285714285,0.05590062088711872,two-strong
7,1773,male,0.6527723618134995,family,0.2439530262562851,0.6262816241103888,dominant
7,1774,marriage,0.2421052631578947,female,0.2285714285714285,0.05590062088711872,two-strong
7,1775,marriage,0.2421052631578947,female,0.2285714285714285,0.05590062088711872,two-strong
7,1776,marriage,0.2421052631578947,female,0.2285714285714285,0.05590062088711872,two-strong
7,1777,marriage,0.2421052631578947,female,0.2285714285714285,0.05590062088711872,two-strong
7,1778,female,0.2178162934351017,wealth,0.200031488639636,0.08165047909565226,two-strong
7,1779,marriage,0.2512910960703396,male,0.2467941365734332,0.01789541909496169,two-strong
7,1780,marriage,0.2421052631578947,female,0.2285714285714285,0.05590062088711872,two-strong
7,1781,marriage,0.2421052631578947,female,0.2285714285714285,0.05590062088711872,two-strong
7,1782,marriage,0.2421052631578947,female,0.2285714285714285,0.05590062088711872,two-strong
7,1783,marriage,0.2421052631578947,female,0.2285714285714285,0.05590062088711872,two-strong
7,1784,marriage,0.2421052631578947,female,0.2285714285714285,0.05590062088711872,two-strong
7,1785,marriage,0.2421052631578947,female,0.2285714285714285,0.05590062088711872,two-strong
7,1786,marriage,0.2421052631578947,female,0.2285714285714285,0.05590062088711872,two-strong
7,1787,marriage,0.2421052631578947,female,0.2285714285714285,0.05590062088711872,two-strong
7,1788,marriage,0.2421052631578947,female,0.2285714285714285,0.05590062088711872,two-strong
7,1789,marriage,0.2421052631578947,female,0.2285714285714285,0.05590062088711872,two-strong
7,1790,marriage,0.2616191024563891,family,0.185907345394298,0.2893968982456663,leaning
7,1791,marriage,0.2421052631578947,female,0.2285714285714285,0.05590062088711872,two-strong
7,1792,marriage,0.2421052631578947,female,0.2285714285714285,0.05590062088711872,two-strong
7,1793,marriage,0.2421052631578947,female,0.2285714285714285,0.05590062088711872,two-strong
7,1794,marriage,0.2421052631578947,female,0.2285714285714285,0.05590062088711872,two-strong
7,1795,marriage,0.2421052631578947,female,0.2285714285714285,0.05590062088711872,two-strong
7,1796,marriage,0.2421052631578947,female,0.2285714285714285,0.05590062088711872,two-strong
7,1797,marriage,0.2421052631578947,female,0.2285714285714285,0.05590062088711872,two-strong
7,1798,female,0.3952462501538884,emotion,0.1942283407904461,0.5085890347513412,dominant
7,1799,marriage,0.2421052631578947,female,0.2285714285714285,0.05590062088711872,two-strong
7,1800,marriage,0.2421052631578947,female,0.2285714285714285,0.05590062088711872,two-strong
7,1801,marriage,0.2421052631578947,female,0.2336466165413533,0.034937888054449355,two-strong
7,1802,marriage,0.2421052631578947,female,0.2285714285714285,0.05590062088711872,two-strong
7,1803,marriage,0.2421052631578947,female,0.2285714285714285,0.05590062088711872,two-strong
7,1804,society,0.201417395384099,duty,0.1547423384433861,0.2317329971424339,leaning
7,1805,marriage,0.2421052631578947,female,0.2285714285714285,0.05590062088711872,two-strong
7,1806,marriage,0.2421052631578947,female,0.2285714285714285,0.05590062088711872,two-strong
7,1807,marriage,0.2421052631578947,female,0.2285714285714285,0.05590062088711872,two-strong
7,1808,marriage,0.2421052631578947,female,0.2285714285714285,0.05590062088711872,two-strong
7,1809,marriage,0.2421052631578947,female,0.2285714285714285,0.05590062088711872,two-strong
7,1810,marriage,0.2421052631578947,female,0.2285714285714285,0.05590062088711872,two-strong
7,1811,marriage,0.2421052631578947,female,0.2285714285714285,0.05590062088711872,two-strong
7,1812,marriage,0.2421052631578947,female,0.2285714285714285,0.05590062088711872,two-strong
7,1813,marriage,0.2421052631578947,female,0.2285714285714285,0.05590062088711872,two-strong
7,1814,marriage,0.2421052631578947,female,0.2285714285714285,0.05590062088711872,two-strong
7,1815,marriage,0.2421052631578947,female,0.2285714285714285,0.05590062088711872,two-strong
7,1816,marriage,0.2421052631578947,female,0.2285714285714285,0.05590062088711872,two-strong
7,1817,marriage,0.2421052631578947,female,0.2285714285714285,0.05590062088711872,two-strong
7,1818,marriage,0.2421052631578947,female,0.2285714285714285,0.05590062088711872,two-strong
7,1819,marriage,0.2421052631578947,female,0.2285714285714285,0.05590062088711872,two-strong
7,1820,marriage,0.2421052631578947,female,0.2285714285714285,0.05590062088711872,two-strong
7,1821,marriage,0.2421052631578947,female,0.2285714285714285,0.05590062088711872,two-strong
7,1822,marriage,0.2421052631578947,female,0.2285714285714285,0.05590062088711872,two-strong
7,1823,society,0.2061040004591632,wealth,0.1940033720665299,0.058711273468559366,two-strong
7,1824,marriage,0.2421052631578947,female,0.2285714285714285,0.05590062088711872,two-strong
7,1825,marriage,0.2421052631578947,female,0.2285714285714285,0.05590062088711872,two-strong
7,1826,marriage,0.2421052631578947,female,0.2285714285714285,0.05590062088711872,two-strong
7,1827,marriage,0.2421052631578947,female,0.2285714285714285,0.05590062088711872,two-strong
7,1828,emotion,0.1957052685149782,wealth,0.1956996306354111,2.8808011051828722e-05,two-strong
7,1829,marriage,0.2421052631578947,female,0.2285714285714285,0.05590062088711872,two-strong
7,1830,female,0.3073975830521906,male,0.2816401310843257,0.08379197919620535,two-strong
7,1831,marriage,0.2421052631578947,female,0.2285714285714285,0.05590062088711872,two-strong
7,1832,male,0.2731135859532688,class,0.1488172564423881,0.4551085535416751,leaning
7,1833,female,0.248754078218269,male,0.2225433645086225,0.105367975439904,two-strong
7,1834,marriage,0.2421052631578947,female,0.2285714285714285,0.05590062088711872,two-strong
7,1835,marriage,0.2468126838836221,female,0.2285714285714285,0.07390728446876531,two-strong
7,1836,marriage,0.2421052631578947,female,0.2285714285714285,0.05590062088711872,two-strong
7,1837,marriage,0.2421052631578947,female,0.2285714285714285,0.05590062088711872,two-strong
7,1838,marriage,0.2421052631578947,female,0.2285714285714285,0.05590062088711872,two-strong
7,1839,marriage,0.2421052631578947,female,0.2285714285714285,0.05590062088711872,two-strong
7,1840,marriage,0.2421052631578947,female,0.2285714285714285,0.05590062088711872,two-strong
7,1841,marriage,0.2421052631578947,female,0.2285714285714285,0.05590062088711872,two-strong
7,1842,marriage,0.2421052631578947,female,0.2285714285714285,0.05590062088711872,two-strong
7,1843,marriage,0.2421052631578947,female,0.2285714285714285,0.05590062088711872,two-strong
7,1844,marriage,0.2421052631578947,female,0.2285714285714285,0.05590062088711872,two-strong
7,1845,marriage,0.2421052631578947,female,0.2285714285714285,0.05590062088711872,two-strong
7,1846,marriage,0.2421052631578947,female,0.2285714285714285,0.05590062088711872,two-strong
7,1847,marriage,0.2421052631578947,female,0.2285714285714285,0.05590062088711872,two-strong
7,1848,marriage,0.2421052631578947,female,0.2285714285714285,0.05590062088711872,two-strong
7,1849,female,0.2335991019214703,duty,0.2303440456172654,0.013934369881973184,two-strong
7,1850,marriage,0.2421052631578947,female,0.2285714285714285,0.05590062088711872,two-strong
7,1851,marriage,0.2421052631578947,female,0.2285714285714285,0.05590062088711872,two-strong
7,1852,marriage,0.2421052631578947,female,0.2285714285714285,0.05590062088711872,two-strong
7,1853,marriage,0.2421052631578947,female,0.2285714285714285,0.05590062088711872,two-strong
7,1854,society,0.3188347685405137,marriage,0.2327822597852597,0.269896877555945,leaning
7,1855,marriage,0.2421052631578947,female,0.2285714285714285,0.05590062088711872,two-strong
7,1856,marriage,0.2421052631578947,female,0.2285714285714285,0.05590062088711872,two-strong
7,1857,marriage,0.2421052631578947,female,0.2285714285714285,0.05590062088711872,two-strong
7,1858,duty,0.1380804953560371,,,0.9999999927578476,dominant
7,1859,marriage,0.2421052631578947,female,0.2336466165413533,0.034937888054449355,two-strong
7,1860,marriage,0.2421052631578947,female,0.2285714285714285,0.05590062088711872,two-strong
7,1861,marriage,0.2421052631578947,female,0.2285714285714285,0.05590062088711872,two-strong
7,1862,marriage,0.3909962422043662,wealth,0.3271957134449432,0.16317427563127682,two-strong
7,1863,marriage,0.2421052631578947,female,0.2285714285714285,0.05590062088711872,two-strong
7,1864,marriage,0.2421052631578947,female,0.2285714285714285,0.05590062088711872,two-strong
7,1865,marriage,0.2421052631578947,female,0.2285714285714285,0.05590062088711872,two-strong
7,1866,marriage,0.2421052631578947,female,0.2285714285714285,0.05590062088711872,two-strong
7,1867,marriage,0.2421052631578947,female,0.2285714285714285,0.05590062088711872,two-strong
7,1868,marriage,0.2421052631578947,female,0.2285714285714285,0.05590062088711872,two-strong
7,1869,marriage,0.2421052631578947,female,0.2285714285714285,0.05590062088711872,two-strong
7,1870,marriage,0.2421052631578947,female,0.2285714285714285,0.05590062088711872,two-strong
7,1871,marriage,0.2421052631578947,female,0.2285714285714285,0.05590062088711872,two-strong
7,1872,marriage,0.2421052631578947,female,0.2285714285714285,0.05590062088711872,two-strong
7,1873,marriage,0.2421052631578947,female,0.2285714285714285,0.05590062088711872,two-strong
7,1874,marriage,0.2421052631578947,female,0.2285714285714285,0.05590062088711872,two-strong
7,1875,marriage,0.2421052631578947,female,0.2285714285714285,0.05590062088711872,two-strong
7,1876,marriage,0.2421052631578947,female,0.2285714285714285,0.05590062088711872,two-strong
7,1877,marriage,0.2421052631578947,female,0.2285714285714285,0.05590062088711872,two-strong
7,1878,marriage,0.2421052631578947,female,0.2285714285714285,0.05590062088711872,two-strong
7,1879,marriage,0.2421052631578947,female,0.2285714285714285,0.05590062088711872,two-strong
7,1880,marriage,0.2421052631578947,female,0.2285714285714285,0.05590062088711872,two-strong
7,1881,marriage,0.2421052631578947,female,0.2285714285714285,0.05590062088711872,two-strong
7,1882,marriage,0.2421052631578947,female,0.2285714285714285,0.05590062088711872,two-strong
7,1883,marriage,0.2421052631578947,female,0.2285714285714285,0.05590062088711872,two-strong
7,1884,marriage,0.2421052631578947,female,0.2285714285714285,0.05590062088711872,two-strong
7,1885,marriage,0.2421052631578947,female,0.2285714285714285,0.05590062088711872,two-strong
7,1886,marriage,0.2421052631578947,female,0.2285714285714285,0.05590062088711872,two-strong
7,1887,marriage,0.2421052631578947,female,0.2285714285714285,0.05590062088711872,two-strong
7,1888,marriage,0.2421052631578947,female,0.2285714285714285,0.05590062088711872,two-strong
7,1889,marriage,0.2421052631578947,female,0.2285714285714285,0.05590062088711872,two-strong
7,1890,marriage,0.2421052631578947,female,0.2285714285714285,0.05590062088711872,two-strong
7,1891,society,0.199305515697641,class,0.1523531049846839,0.23558008574437428,leaning
7,1892,marriage,0.2421052631578947,female,0.2285714285714285,0.05590062088711872,two-strong
7,1893,marriage,0.2421052631578947,female,0.2285714285714285,0.05590062088711872,two-strong
7,1894,marriage,0.2421052631578947,female,0.2285714285714285,0.05590062088711872,two-strong
7,1895,marriage,0.2421052631578947,female,0.2285714285714285,0.05590062088711872,two-strong
7,1896,marriage,0.2421052631578947,female,0.2285714285714285,0.05590062088711872,two-strong
7,1897,marriage,0.2421052631578947,female,0.2285714285714285,0.05590062088711872,two-strong
7,1898,marriage,0.2421052631578947,female,0.2285714285714285,0.05590062088711872,two-strong
7,1899,marriage,0.2421052631578947,female,0.2285714285714285,0.05590062088711872,two-strong
7,1900,marriage,0.2421052631578947,female,0.2285714285714285,0.05590062088711872,two-strong
7,1901,marriage,0.2421052631578947,female,0.2285714285714285,0.05590062088711872,two-strong
7,1902,marriage,0.2362481683360376,class,0.1836119449471527,0.22280055560564171,leaning
7,1903,marriage,0.2421052631578947,female,0.2285714285714285,0.05590062088711872,two-strong
7,1904,marriage,0.2421052631578947,female,0.2285714285714285,0.05590062088711872,two-strong
7,1905,marriage,0.2421052631578947,female,0.2285714285714285,0.05590062088711872,two-strong
7,1906,marriage,0.2421052631578947,female,0.2285714285714285,0.05590062088711872,two-strong
7,1907,marriage,0.2421052631578947,female,0.2285714285714285,0.05590062088711872,two-strong
7,1908,marriage,0.2421052631578947,female,0.2285714285714285,0.05590062088711872,two-strong
7,1909,marriage,0.2421052631578947,female,0.2285714285714285,0.05590062088711872,two-strong
7,1910,marriage,0.2421052631578947,female,0.2285714285714285,0.05590062088711872,two-strong
7,1911,marriage,0.2421052631578947,female,0.2285714285714285,0.05590062088711872,two-strong
7,1912,marriage,0.2421052631578947,female,0.2285714285714285,0.05590062088711872,two-strong
7,1913,marriage,0.2421052631578947,female,0.2285714285714285,0.05590062088711872,two-strong
7,1914,marriage,0.2421052631578947,female,0.2285714285714285,0.05590062088711872,two-strong
7,1915,marriage,0.2421052631578947,female,0.2285714285714285,0.05590062088711872,two-strong
7,1916,marriage,0.2421052631578947,female,0.2285714285714285,0.05590062088711872,two-strong
7,1917,marriage,0.2421052631578947,female,0.2285714285714285,0.05590062088711872,two-strong
7,1918,marriage,0.2421052631578947,female,0.2285714285714285,0.05590062088711872,two-strong
7,1919,marriage,0.2421052631578947,female,0.2285714285714285,0.05590062088711872,two-strong
7,1920,marriage,0.2421052631578947,female,0.2285714285714285,0.05590062088711872,two-strong
7,1921,marriage,0.2421052631578947,female,0.2285714285714285,0.05590062088711872,two-strong
7,1922,marriage,0.2421052631578947,female,0.2285714285714285,0.05590062088711872,two-strong
7,1923,marriage,0.2421052631578947,female,0.2285714285714285,0.05590062088711872,two-strong
7,1924,marriage,0.2421052631578947,female,0.2285714285714285,0.05590062088711872,two-strong
7,1925,marriage,0.2421052631578947,female,0.2285714285714285,0.05590062088711872,two-strong
7,1926,marriage,0.2421052631578947,female,0.2285714285714285,0.05590062088711872,two-strong
7,1927,marriage,0.2421052631578947,female,0.2285714285714285,0.05590062088711872,two-strong
7,1928,marriage,0.2421052631578947,female,0.2285714285714285,0.05590062088711872,two-strong
7,1929,marriage,0.2421052631578947,female,0.2285714285714285,0.05590062088711872,two-strong
7,1930,marriage,0.2421052631578947,female,0.2285714285714285,0.05590062088711872,two-strong
7,1931,marriage,0.2421052631578947,female,0.2285714285714285,0.05590062088711872,two-strong
7,1932,marriage,0.2421052631578947,female,0.2285714285714285,0.05590062088711872,two-strong
7,1933,marriage,0.2421052631578947,female,0.2285714285714285,0.05590062088711872,two-strong
7,1934,marriage,0.2421052631578947,female,0.2285714285714285,0.05590062088711872,two-strong
7,1935,marriage,0.2421052631578947,female,0.2285714285714285,0.05590062088711872,two-strong
7,1936,marriage,0.2421052631578947,female,0.2285714285714285,0.05590062088711872,two-strong
7,1937,marriage,0.2421052631578947,female,0.2285714285714285,0.05590062088711872,two-strong
7,1938,marriage,0.2454069957502452,female,0.2274139295607439,0.07331928766404783,two-strong
7,1939,marriage,0.2421052631578947,female,0.2285714285714285,0.05590062088711872,two-strong
7,1940,marriage,0.2421052631578947,female,0.2285714285714285,0.05590062088711872,two-strong
7,1941,marriage,0.2421052631578947,female,0.2292606516290727,0.05305383000860774,two-strong
7,1942,marriage,0.2421052631578947,female,0.2285714285714285,0.05590062088711872,two-strong
7,1943,marriage,0.2421052631578947,female,0.2285714285714285,0.05590062088711872,two-strong
7,1944,marriage,0.2421052631578947,female,0.2285714285714285,0.05590062088711872,two-strong
7,1945,marriage,0.2421052631578947,female,0.2285714285714285,0.05590062088711872,two-strong
7,1946,marriage,0.2421052631578947,female,0.2285714285714285,0.05590062088711872,two-strong
7,1947,marriage,0.2421052631578947,female,0.2285714285714285,0.05590062088711872,two-strong
7,1949,marriage,0.2421052631578947,female,0.2285714285714285,0.05590062088711872,two-strong
7,1950,marriage,0.2421052631578947,female,0.2285714285714285,0.05590062088711872,two-strong
7,1951,marriage,0.2421052631578947,female,0.2285714285714285,0.05590062088711872,two-strong
7,1952,marriage,0.2421052631578947,female,0.2285714285714285,0.05590062088711872,two-strong
7,1953,marriage,0.2421052631578947,female,0.2285714285714285,0.05590062088711872,two-strong
7,1954,marriage,0.2421052631578947,female,0.2285714285714285,0.05590062088711872,two-strong
7,1955,female,0.3031257368684091,class,0.1609433598222031,0.4690541227084097,leaning
7,1956,marriage,0.2421052631578947,female,0.2285714285714285,0.05590062088711872,two-strong
7,1957,marriage,0.2421052631578947,female,0.2285714285714285,0.05590062088711872,two-strong
7,1958,marriage,0.2421052631578947,female,0.2285714285714285,0.05590062088711872,two-strong
7,1959,male,0.3793082664052735,marriage,0.2312564353013697,0.3903206015431169,leaning
7,1960,marriage,0.2421052631578947,female,0.2285714285714285,0.05590062088711872,two-strong
7,1961,female,0.2625946421999053,marriage,0.2423464788453346,0.07710805943271425,two-strong
7,1962,marriage,0.2421052631578947,female,0.2285714285714285,0.05590062088711872,two-strong
7,1963,marriage,0.2421052631578947,female,0.2285714285714285,0.05590062088711872,two-strong
7,1964,society,0.2028769607619997,class,0.160049850398297,0.2110989340127457,leaning
7,1965,marriage,0.2421052631578947,female,0.2285714285714285,0.05590062088711872,two-strong
7,1966,marriage,0.2421052631578947,female,0.2285714285714285,0.05590062088711872,two-strong
7,1967,marriage,0.2642332822457046,emotion,0.1885892416992896,0.28627748789722035,leaning
7,1968,society,0.2068396181292927,,,0.9999999951653363,dominant
7,1969,marriage,0.2421052631578947,female,0.2285714285714285,0.05590062088711872,two-strong
7,1970,marriage,0.2421052631578947,female,0.2285714285714285,0.05590062088711872,two-strong
7,1971,marriage,0.2421052631578947,female,0.2285714285714285,0.05590062088711872,two-strong
7,1972,marriage,0.2421052631578947,female,0.2285714285714285,0.05590062088711872,two-strong
7,1973,marriage,0.2421052631578947,female,0.2285714285714285,0.05590062088711872,two-strong
7,1974,marriage,0.2421052631578947,female,0.2285714285714285,0.05590062088711872,two-strong
7,1975,marriage,0.2421052631578947,female,0.2285714285714285,0.05590062088711872,two-strong
7,1976,society,0.2028468116857028,wealth,0.1903993316624895,0.061363941875191265,two-strong
7,1977,marriage,0.2421052631578947,female,0.2285714285714285,0.05590062088711872,two-strong
7,1978,marriage,0.2421052631578947,female,0.2285714285714285,0.05590062088711872,two-strong
7,1979,marriage,0.2421052631578947,female,0.2285714285714285,0.05590062088711872,two-strong
7,1980,marriage,0.2733413771438334,male,0.2460492075279551,0.09984646232930398,two-strong
7,1981,marriage,0.2421052631578947,female,0.2285714285714285,0.05590062088711872,two-strong
7,1982,wealth,0.1944661654135338,,,0.9999999948577173,dominant
7,1983,marriage,0.2421052631578947,female,0.2285714285714285,0.05590062088711872,two-strong
7,1984,marriage,0.2421052631578947,female,0.2285714285714285,0.05590062088711872,two-strong
7,1985,marriage,0.2421052631578947,female,0.2285714285714285,0.05590062088711872,two-strong
7,1986,marriage,0.2421052631578947,female,0.2285714285714285,0.05590062088711872,two-strong
7,1987,marriage,0.2421052631578947,female,0.2285714285714285,0.05590062088711872,two-strong
7,1988,marriage,0.2421052631578947,female,0.2285714285714285,0.05590062088711872,two-strong
7,1989,marriage,0.2507101621864545,love,0.1435441791521646,0.42744969598456184,leaning
7,1990,marriage,0.2421052631578947,female,0.2285714285714285,0.05590062088711872,two-strong
7,1991,marriage,0.2421052631578947,female,0.2285714285714285,0.05590062088711872,two-strong
7,1992,marriage,0.2421052631578947,female,0.2285714285714285,0.05590062088711872,two-strong
7,1993,marriage,0.2421052631578947,female,0.2285714285714285,0.05590062088711872,two-strong
7,1994,marriage,0.2421052631578947,female,0.2285714285714285,0.05590062088711872,two-strong
7,1995,marriage,0.2421052631578947,female,0.2285714285714285,0.05590062088711872,two-strong
7,1996,marriage,0.2421052631578947,female,0.2285714285714285,0.05590062088711872,two-strong
7,1997,marriage,0.2421052631578947,female,0.2285714285714285,0.05590062088711872,two-strong
7,1998,marriage,0.2421052631578947,female,0.2285714285714285,0.05590062088711872,two-strong
7,1999,marriage,0.2421052631578947,female,0.2285714285714285,0.05590062088711872,two-strong
7,2000,marriage,0.2421052631578947,female,0.2285714285714285,0.05590062088711872,two-strong
7,2001,marriage,0.2421052631578947,female,0.2285714285714285,0.05590062088711872,two-strong
7,2002,marriage,0.2421052631578947,female,0.2285714285714285,0.05590062088711872,two-strong
7,2003,marriage,0.2421052631578947,female,0.2285714285714285,0.05590062088711872,two-strong
7,2004,marriage,0.2421052631578947,female,0.2285714285714285,0.05590062088711872,two-strong
7,2005,marriage,0.2421052631578947,female,0.2285714285714285,0.05590062088711872,two-strong
7,2006,marriage,0.2421052631578947,female,0.2285714285714285,0.05590062088711872,two-strong
7,2007,marriage,0.2421052631578947,female,0.2285714285714285,0.05590062088711872,two-strong
7,2008,marriage,0.2421052631578947,female,0.2285714285714285,0.05590062088711872,two-strong
7,2009,marriage,0.2421052631578947,female,0.2285714285714285,0.05590062088711872,two-strong
7,2010,male,0.2308521991792668,family,0.2257367319397395,0.02215905776750196,two-strong
7,2011,marriage,0.2421052631578947,female,0.2285714285714285,0.05590062088711872,two-strong
7,2012,marriage,0.2421052631578947,female,0.2285714285714285,0.05590062088711872,two-strong
7,2013,marriage,0.2421052631578947,female,0.2285714285714285,0.05590062088711872,two-strong
7,2014,marriage,0.2421052631578947,female,0.2285714285714285,0.05590062088711872,two-strong
7,2015,marriage,0.2463441211724964,female,0.2285714285714285,0.07214579525718501,two-strong
7,2016,marriage,0.2421052631578947,female,0.231625939849624,0.04328416131190092,two-strong
7,2017,marriage,0.2421052631578947,female,0.2285714285714285,0.05590062088711872,two-strong
7,2018,marriage,0.2421052631578947,female,0.2285714285714285,0.05590062088711872,two-strong
7,2019,marriage,0.2421052631578947,female,0.2285714285714285,0.05590062088711872,two-strong
7,2020,marriage,0.2437070938215103,female,0.2303571428571428,0.05477867180742083,two-strong
7,2021,marriage,0.2421052631578947,female,0.2285714285714285,0.05590062088711872,two-strong
7,2022,female,0.2534190590111643,duty,0.1380804953560371,0.45512979035612394,leaning
7,2023,marriage,0.2437070938215103,female,0.2285714285714285,0.06210596889338432,two-strong
7,2024,marriage,0.2421052631578947,female,0.2285714285714285,0.05590062088711872,two-strong
7,2025,marriage,0.2421052631578947,female,0.2285714285714285,0.05590062088711872,two-strong
7,2026,marriage,0.2421052631578947,female,0.2285714285714285,0.05590062088711872,two-strong
7,2027,marriage,0.2421052631578947,female,0.2285714285714285,0.05590062088711872,two-strong
7,2028,marriage,0.2421052631578947,female,0.2285714285714285,0.05590062088711872,two-strong
7,2029,society,0.2391898325446769,wealth,0.2058031748261487,0.13958226076649738,two-strong
7,2030,marriage,0.2421052631578947,female,0.2285714285714285,0.05590062088711872,two-strong
7,2031,marriage,0.2421052631578947,female,0.2285714285714285,0.05590062088711872,two-strong
7,2032,marriage,0.2515201046093495,female,0.2285714285714285,0.09123992685325878,two-strong
7,2033,female,0.2336466165413533,wealth,0.1904661654135338,0.1848109404801332,two-strong
7,2034,marriage,0.2421052631578947,female,0.2285714285714285,0.05590062088711872,two-strong
7,2035,marriage,0.2421052631578947,female,0.2303571428571428,0.048524844520068375,two-strong
7,2036,marriage,0.2421052631578947,female,0.2285714285714285,0.05590062088711872,two-strong
7,2037,marriage,0.2421052631578947,female,0.2285714285714285,0.05590062088711872,two-strong
7,2038,marriage,0.2421052631578947,female,0.2285714285714285,0.05590062088711872,two-strong
7,2039,marriage,0.2421052631578947,female,0.2285714285714285,0.05590062088711872,two-strong
7,2040,marriage,0.2421052631578947,female,0.2285714285714285,0.05590062088711872,two-strong
7,2041,marriage,0.2421052631578947,female,0.2285714285714285,0.05590062088711872,two-strong
7,2042,female,0.2333390293916609,male,0.2023630504833512,0.13275095407877685,two-strong
7,2043,marriage,0.2421052631578947,female,0.2285714285714285,0.05590062088711872,two-strong
7,2044,marriage,0.2421052631578947,female,0.2285714285714285,0.05590062088711872,two-strong
7,2045,marriage,0.2421052631578947,female,0.2285714285714285,0.05590062088711872,two-strong
7,2046,marriage,0.2421052631578947,female,0.2285714285714285,0.05590062088711872,two-strong
7,2047,marriage,0.2407540590606952,female,0.2276159147869674,0.05457081085326493,two-strong
7,2048,wealth,0.2036695207360653,,,0.9999999950900852,dominant
7,2049,marriage,0.2421052631578947,female,0.2285714285714285,0.05590062088711872,two-strong
7,2050,male,0.2034343576432372,society,0.1975926968726914,0.028715212167234307,two-strong
7,2051,marriage,0.2421052631578947,female,0.2285714285714285,0.05590062088711872,two-strong
7,2052,marriage,0.2421052631578947,female,0.2285714285714285,0.05590062088711872,two-strong
7,2053,marriage,0.2421052631578947,female,0.2285714285714285,0.05590062088711872,two-strong
7,2054,marriage,0.2421052631578947,female,0.2285714285714285,0.05590062088711872,two-strong
7,2055,marriage,0.2421052631578947,female,0.2285714285714285,0.05590062088711872,two-strong
7,2056,wealth,0.2165654135338346,,,0.9999999953824575,dominant
7,2057,marriage,0.2421052631578947,female,0.2285714285714285,0.05590062088711872,two-strong
7,2058,marriage,0.2421052631578947,female,0.2303571428571428,0.048524844520068375,two-strong
7,2059,marriage,0.2421052631578947,female,0.2285714285714285,0.05590062088711872,two-strong
7,2060,marriage,0.2421052631578947,female,0.2285714285714285,0.05590062088711872,two-strong
7,2061,marriage,0.2421052631578947,female,0.2285714285714285,0.05590062088711872,two-strong
7,2062,marriage,0.2421052631578947,female,0.2285714285714285,0.05590062088711872,two-strong
7,2063,marriage,0.2421052631578947,female,0.2285714285714285,0.05590062088711872,two-strong
7,2064,marriage,0.2421052631578947,female,0.2285714285714285,0.05590062088711872,two-strong
7,2065,marriage,0.2421052631578947,female,0.2285714285714285,0.05590062088711872,two-strong
7,2066,marriage,0.2421052631578947,female,0.2285714285714285,0.05590062088711872,two-strong
7,2067,marriage,0.2421052631578947,female,0.2285714285714285,0.05590062088711872,two-strong
7,2068,marriage,0.2421052631578947,female,0.2285714285714285,0.05590062088711872,two-strong
7,2069,marriage,0.2421052631578947,female,0.2285714285714285,0.05590062088711872,two-strong
7,2070,marriage,0.2421052631578947,female,0.2285714285714285,0.05590062088711872,two-strong
7,2071,male,0.2081815209961663,wealth,0.1998455943781021,0.040041625875987745,two-strong
7,2072,society,0.2807382808332257,wealth,0.1880480273027308,0.33016606401245313,leaning
7,2073,marriage,0.2421052631578947,female,0.2285714285714285,0.05590062088711872,two-strong
7,2074,marriage,0.2421052631578947,female,0.2285714285714285,0.05590062088711872,two-strong
7,2075,marriage,0.2421052631578947,female,0.2285714285714285,0.05590062088711872,two-strong
7,2076,marriage,0.2421052631578947,female,0.2285714285714285,0.05590062088711872,two-strong
7,2077,marriage,0.2421052631578947,female,0.2285714285714285,0.05590062088711872,two-strong
7,2078,marriage,0.2421052631578947,female,0.2285714285714285,0.05590062088711872,two-strong
7,2079,marriage,0.2421052631578947,female,0.2285714285714285,0.05590062088711872,two-strong
7,2080,marriage,0.2421052631578947,female,0.2285714285714285,0.05590062088711872,two-strong
7,2081,marriage,0.2421052631578947,female,0.231265664160401,0.04477225654384946,two-strong
7,2082,marriage,0.2421052631578947,female,0.2285714285714285,0.05590062088711872,two-strong
7,2083,marriage,0.2421052631578947,female,0.2285714285714285,0.05590062088711872,two-strong
7,2084,marriage,0.2421052631578947,female,0.2285714285714285,0.05590062088711872,two-strong
7,2085,marriage,0.2421052631578947,female,0.2285714285714285,0.05590062088711872,two-strong
7,2086,marriage,0.2421052631578947,female,0.2285714285714285,0.05590062088711872,two-strong
7,2087,marriage,0.2421052631578947,female,0.2285714285714285,0.05590062088711872,two-strong
7,2088,marriage,0.2421052631578947,female,0.2285714285714285,0.05590062088711872,two-strong
7,2089,marriage,0.2421052631578947,female,0.2285714285714285,0.05590062088711872,two-strong
7,2090,marriage,0.2421052631578947,female,0.2285714285714285,0.05590062088711872,two-strong
7,2091,female,0.2265360951021187,emotion,0.2094404150326401,0.07546558965054356,two-strong
7,2092,marriage,0.2421052631578947,female,0.2285714285714285,0.05590062088711872,two-strong
7,2093,marriage,0.2421052631578947,female,0.2285714285714285,0.05590062088711872,two-strong
7,2094,marriage,0.2421052631578947,female,0.2285714285714285,0.05590062088711872,two-strong
7,2095,marriage,0.2421052631578947,female,0.2285714285714285,0.05590062088711872,two-strong
7,2096,marriage,0.2421052631578947,female,0.2285714285714285,0.05590062088711872,two-strong
7,2097,marriage,0.2421052631578947,female,0.2285714285714285,0.05590062088711872,two-strong
7,2098,marriage,0.2468126838836221,,,0.9999999959483444,dominant
7,2099,marriage,0.2421052631578947,female,0.2285714285714285,0.05590062088711872,two-strong
7,2100,marriage,0.2421052631578947,female,0.2285714285714285,0.05590062088711872,two-strong
7,2101,marriage,0.2421052631578947,female,0.2285714285714285,0.05590062088711872,two-strong
7,2102,marriage,0.2421052631578947,female,0.2285714285714285,0.05590062088711872,two-strong
7,2103,marriage,0.2421052631578947,female,0.2285714285714285,0.05590062088711872,two-strong
7,2104,female,0.2492779182891412,marriage,0.2420037389479056,0.029181001518221745,two-strong
7,2105,marriage,0.2421052631578947,female,0.2285714285714285,0.05590062088711872,two-strong
7,2106,marriage,0.2421052631578947,female,0.2285714285714285,0.05590062088711872,two-strong
7,2107,marriage,0.2421052631578947,female,0.2285714285714285,0.05590062088711872,two-strong
7,2108,marriage,0.2421052631578947,female,0.2285714285714285,0.05590062088711872,two-strong
7,2109,marriage,0.2421052631578947,female,0.2285714285714285,0.05590062088711872,two-strong
7,2110,marriage,0.2421052631578947,female,0.2285714285714285,0.05590062088711872,two-strong
7,2111,marriage,0.2421052631578947,female,0.2285714285714285,0.05590062088711872,two-strong
7,2112,marriage,0.2421052631578947,female,0.2285714285714285,0.05590062088711872,two-strong
7,2113,marriage,0.2421052631578947,female,0.2285714285714285,0.05590062088711872,two-strong
7,2114,marriage,0.2421052631578947,female,0.2285714285714285,0.05590062088711872,two-strong
7,2115,marriage,0.2421052631578947,female,0.2285714285714285,0.05590062088711872,two-strong
7,2116,marriage,0.2421052631578947,female,0.2285714285714285,0.05590062088711872,two-strong
7,2117,marriage,0.2421052631578947,female,0.2285714285714285,0.05590062088711872,two-strong
7,2118,marriage,0.2421052631578947,female,0.2285714285714285,0.05590062088711872,two-strong
7,2119,marriage,0.2421052631578947,female,0.2285714285714285,0.05590062088711872,two-strong
7,2120,marriage,0.2421052631578947,female,0.2285714285714285,0.05590062088711872,two-strong
7,2121,marriage,0.2421052631578947,female,0.2285714285714285,0.05590062088711872,two-strong
7,2122,marriage,0.2421052631578947,female,0.2285714285714285,0.05590062088711872,two-strong
7,2123,marriage,0.2421052631578947,female,0.2285714285714285,0.05590062088711872,two-strong
7,2124,marriage,0.2421052631578947,female,0.2285714285714285,0.05590062088711872,two-strong
7,2125,marriage,0.2421052631578947,female,0.2285714285714285,0.05590062088711872,two-strong
7,2126,marriage,0.2421052631578947,female,0.2285714285714285,0.05590062088711872,two-strong
7,2127,marriage,0.2421052631578947,female,0.2285714285714285,0.05590062088711872,two-strong
7,2128,marriage,0.2421052631578947,female,0.2285714285714285,0.05590062088711872,two-strong
7,2129,marriage,0.2421052631578947,female,0.2285714285714285,0.05590062088711872,two-strong
7,2130,marriage,0.2421052631578947,female,0.2285714285714285,0.05590062088711872,two-strong
7,2131,marriage,0.2421052631578947,female,0.2285714285714285,0.05590062088711872,two-strong
7,2132,marriage,0.2421052631578947,female,0.2285714285714285,0.05590062088711872,two-strong
7,2133,marriage,0.2421052631578947,female,0.2285714285714285,0.05590062088711872,two-strong
7,2134,marriage,0.2421052631578947,female,0.2285714285714285,0.05590062088711872,two-strong
7,2135,marriage,0.2421052631578947,female,0.2285714285714285,0.05590062088711872,two-strong
7,2136,marriage,0.2421052631578947,female,0.2285714285714285,0.05590062088711872,two-strong
7,2137,marriage,0.2421052631578947,female,0.2285714285714285,0.05590062088711872,two-strong
7,2138,marriage,0.2421052631578947,female,0.2285714285714285,0.05590062088711872,two-strong
7,2139,marriage,0.2421052631578947,female,0.2285714285714285,0.05590062088711872,two-strong
7,2140,marriage,0.2421052631578947,female,0.2285714285714285,0.05590062088711872,two-strong
7,2141,marriage,0.2421052631578947,female,0.2285714285714285,0.05590062088711872,two-strong
7,2142,marriage,0.2421052631578947,female,0.2285714285714285,0.05590062088711872,two-strong
7,2143,marriage,0.2421052631578947,female,0.2285714285714285,0.05590062088711872,two-strong
7,2144,marriage,0.2421052631578947,female,0.2285714285714285,0.05590062088711872,two-strong
7,2145,marriage,0.2421052631578947,female,0.2285714285714285,0.05590062088711872,two-strong
7,2146,marriage,0.2421052631578947,female,0.2285714285714285,0.05590062088711872,two-strong
7,2147,marriage,0.2421052631578947,female,0.2285714285714285,0.05590062088711872,two-strong
7,2148,marriage,0.2421052631578947,female,0.2285714285714285,0.05590062088711872,two-strong
7,2149,family,0.1905393736441945,,,0.999999994751741,dominant
7,2150,marriage,0.3091460045421417,wealth,0.1848420964115081,0.4020880292877953,leaning
7,2151,marriage,0.2437070938215103,love,0.1408175611442399,0.4221852168588941,leaning
7,2152,marriage,0.2421052631578947,female,0.2285714285714285,0.05590062088711872,two-strong
7,2153,marriage,0.2421052631578947,female,0.2285714285714285,0.05590062088711872,two-strong
7,2154,emotion,0.1933822158702541,,,0.9999999948288937,dominant
7,2155,marriage,0.2421052631578947,female,0.2285714285714285,0.05590062088711872,two-strong
7,2156,marriage,0.2421052631578947,female,0.2285714285714285,0.05590062088711872,two-strong
7,2157,marriage,0.2421052631578947,female,0.2285714285714285,0.05590062088711872,two-strong
7,2158,society,0.1916741879190663,class,0.185344580716251,0.03302274155174817,two-strong
7,2159,marriage,0.2421052631578947,female,0.2285714285714285,0.05590062088711872,two-strong
7,2160,marriage,0.2421052631578947,female,0.2285714285714285,0.05590062088711872,two-strong
7,2161,marriage,0.2421052631578947,female,0.2285714285714285,0.05590062088711872,two-strong
7,2162,love,0.1408175611442399,,,0.9999999928986131,dominant
7,2163,marriage,0.2421052631578947,female,0.2285714285714285,0.05590062088711872,two-strong
7,2164,marriage,0.2421052631578947,female,0.2285714285714285,0.05590062088711872,two-strong
7,2165,marriage,0.2421052631578947,female,0.2285714285714285,0.05590062088711872,two-strong
7,2166,marriage,0.2421052631578947,female,0.2285714285714285,0.05590062088711872,two-strong
7,2167,marriage,0.2421052631578947,female,0.2285714285714285,0.05590062088711872,two-strong
7,2168,marriage,0.2421052631578947,female,0.2285714285714285,0.05590062088711872,two-strong
7,2169,marriage,0.2421052631578947,female,0.2285714285714285,0.05590062088711872,two-strong
7,2170,marriage,0.2421052631578947,female,0.2285714285714285,0.05590062088711872,two-strong
7,2171,marriage,0.2421052631578947,female,0.2285714285714285,0.05590062088711872,two-strong
7,2172,marriage,0.2421052631578947,female,0.2285714285714285,0.05590062088711872,two-strong
7,2173,male,0.2643172558218878,female,0.2573622849381953,0.026312965590359363,two-strong
7,2174,marriage,0.2421052631578947,female,0.2285714285714285,0.05590062088711872,two-strong
7,2175,marriage,0.2421052631578947,female,0.2285714285714285,0.05590062088711872,two-strong
7,2176,marriage,0.2421052631578947,female,0.2285714285714285,0.05590062088711872,two-strong
7,2177,marriage,0.2421052631578947,female,0.2285714285714285,0.05590062088711872,two-strong
7,2178,marriage,0.2408297080493876,female,0.2290883458646616,0.04875379466707815,two-strong
7,2179,marriage,0.2421052631578947,female,0.2285714285714285,0.05590062088711872,two-strong
7,2180,marriage,0.2421052631578947,female,0.2285714285714285,0.05590062088711872,two-strong
7,2181,marriage,0.2421052631578947,female,0.2285714285714285,0.05590062088711872,two-strong
7,2182,marriage,0.2421052631578947,female,0.2285714285714285,0.05590062088711872,two-strong
7,2183,marriage,0.2437070938215103,female,0.2285714285714285,0.06210596889338432,two-strong
7,2184,marriage,0.2421052631578947,female,0.2285714285714285,0.05590062088711872,two-strong
7,2185,marriage,0.2421052631578947,female,0.2285714285714285,0.05590062088711872,two-strong
7,2186,marriage,0.2421052631578947,female,0.2285714285714285,0.05590062088711872,two-strong
7,2187,marriage,0.2421052631578947,female,0.2285714285714285,0.05590062088711872,two-strong
7,2188,marriage,0.2421052631578947,female,0.2285714285714285,0.05590062088711872,two-strong
7,2189,marriage,0.2421052631578947,female,0.2285714285714285,0.05590062088711872,two-strong
7,2190,marriage,0.2421052631578947,female,0.2285714285714285,0.05590062088711872,two-strong
7,2191,marriage,0.2421052631578947,female,0.2285714285714285,0.05590062088711872,two-strong
7,2192,marriage,0.2421052631578947,female,0.2285714285714285,0.05590062088711872,two-strong
7,2193,marriage,0.2421052631578947,female,0.2285714285714285,0.05590062088711872,two-strong
7,2194,marriage,0.2421052631578947,female,0.2285714285714285,0.05590062088711872,two-strong
7,2195,marriage,0.2421052631578947,female,0.2285714285714285,0.05590062088711872,two-strong
7,2196,marriage,0.2421052631578947,female,0.2285714285714285,0.05590062088711872,two-strong
7,2197,marriage,0.2421052631578947,female,0.2285714285714285,0.05590062088711872,two-strong
7,2198,marriage,0.2421052631578947,female,0.2285714285714285,0.05590062088711872,two-strong
7,2199,marriage,0.2421052631578947,female,0.2285714285714285,0.05590062088711872,two-strong
7,2200,marriage,0.2421052631578947,female,0.2285714285714285,0.05590062088711872,two-strong
7,2201,marriage,0.2421052631578947,female,0.2285714285714285,0.05590062088711872,two-strong
7,2202,marriage,0.2421052631578947,female,0.2285714285714285,0.05590062088711872,two-strong
7,2203,marriage,0.2424425688727748,female,0.2285714285714285,0.05721412831346147,two-strong
7,2204,marriage,0.2421052631578947,female,0.2285714285714285,0.05590062088711872,two-strong
7,2205,marriage,0.2421052631578947,female,0.2285714285714285,0.05590062088711872,two-strong
7,2206,marriage,0.2421052631578947,female,0.2285714285714285,0.05590062088711872,two-strong
7,2207,marriage,0.2421052631578947,female,0.2285714285714285,0.05590062088711872,two-strong
7,2208,marriage,0.2421052631578947,female,0.2285714285714285,0.05590062088711872,two-strong
7,2209,marriage,0.2421052631578947,female,0.2285714285714285,0.05590062088711872,two-strong
7,2210,marriage,0.2421052631578947,female,0.2285714285714285,0.05590062088711872,two-strong
7,2211,marriage,0.2421052631578947,female,0.2285714285714285,0.05590062088711872,two-strong
7,2212,marriage,0.2421052631578947,female,0.2285714285714285,0.05590062088711872,two-strong
7,2213,marriage,0.2421052631578947,female,0.2285714285714285,0.05590062088711872,two-strong
7,2214,marriage,0.2421052631578947,female,0.2285714285714285,0.05590062088711872,two-strong
7,2215,marriage,0.2421052631578947,female,0.2285714285714285,0.05590062088711872,two-strong
7,2216,marriage,0.2421052631578947,female,0.2285714285714285,0.05590062088711872,two-strong
7,2217,marriage,0.2421052631578947,female,0.2285714285714285,0.05590062088711872,two-strong
7,2218,marriage,0.2421052631578947,female,0.2285714285714285,0.05590062088711872,two-strong
7,2219,marriage,0.2421052631578947,female,0.2285714285714285,0.05590062088711872,two-strong
7,2220,marriage,0.2421052631578947,female,0.2285714285714285,0.05590062088711872,two-strong
7,2221,marriage,0.2421052631578947,female,0.2285714285714285,0.05590062088711872,two-strong
7,2222,marriage,0.2421052631578947,female,0.2285714285714285,0.05590062088711872,two-strong
7,2223,marriage,0.2421052631578947,female,0.2285714285714285,0.05590062088711872,two-strong
7,2224,duty,0.1434011499336576,,,0.9999999930265553,dominant
7,2225,marriage,0.2421052631578947,female,0.2285714285714285,0.05590062088711872,two-strong
7,2226,female,0.247537141924372,marriage,0.2375735734803262,0.04025080166288375,two-strong
7,2227,marriage,0.2421052631578947,female,0.2285714285714285,0.05590062088711872,two-strong
7,2228,male,0.2615530668162247,female,0.2286941311612364,0.125630090785538,two-strong
7,2229,marriage,0.2421052631578947,female,0.2285714285714285,0.05590062088711872,two-strong
7,2230,marriage,0.2421052631578947,female,0.2285714285714285,0.05590062088711872,two-strong
7,2231,marriage,0.2421052631578947,female,0.2285714285714285,0.05590062088711872,two-strong
7,2232,marriage,0.2421052631578947,female,0.2285714285714285,0.05590062088711872,two-strong
7,2233,marriage,0.2421052631578947,female,0.2285714285714285,0.05590062088711872,two-strong
7,2234,marriage,0.2421052631578947,female,0.2285714285714285,0.05590062088711872,two-strong
7,2235,marriage,0.2421052631578947,female,0.2285714285714285,0.05590062088711872,two-strong
7,2236,marriage,0.2421052631578947,female,0.2285714285714285,0.05590062088711872,two-strong
7,2237,marriage,0.2421052631578947,female,0.2285714285714285,0.05590062088711872,two-strong
7,2238,marriage,0.2452020084542968,female,0.2236483455670542,0.08790165682251463,two-strong
7,2239,marriage,0.2421052631578947,female,0.2285714285714285,0.05590062088711872,two-strong
7,2240,marriage,0.2421052631578947,female,0.2285714285714285,0.05590062088711872,two-strong
7,2241,marriage,0.2421052631578947,female,0.2285714285714285,0.05590062088711872,two-strong
7,2242,marriage,0.2421052631578947,female,0.2285714285714285,0.05590062088711872,two-strong
7,2243,marriage,0.2421052631578947,female,0.2285714285714285,0.05590062088711872,two-strong
7,2244,marriage,0.2421052631578947,female,0.2285714285714285,0.05590062088711872,two-strong
7,2245,marriage,0.2421052631578947,female,0.2285714285714285,0.05590062088711872,two-strong
7,2246,marriage,0.2421052631578947,female,0.2285714285714285,0.05590062088711872,two-strong
7,2247,marriage,0.2421052631578947,female,0.2285714285714285,0.05590062088711872,two-strong
7,2248,marriage,0.2421052631578947,female,0.2285714285714285,0.05590062088711872,two-strong
7,2249,marriage,0.2421052631578947,female,0.2285714285714285,0.05590062088711872,two-strong
7,2250,marriage,0.2421052631578947,female,0.2285714285714285,0.05590062088711872,two-strong
7,2251,marriage,0.2421052631578947,female,0.2285714285714285,0.05590062088711872,two-strong
7,2252,marriage,0.2421052631578947,female,0.2285714285714285,0.05590062088711872,two-strong
7,2253,marriage,0.2418437397842432,female,0.2285714285714285,0.0548796969885417,two-strong
7,2254,marriage,0.2421052631578947,female,0.2285714285714285,0.05590062088711872,two-strong
7,2255,marriage,0.2421052631578947,female,0.2285714285714285,0.05590062088711872,two-strong
7,2256,marriage,0.2421052631578947,female,0.2285714285714285,0.05590062088711872,two-strong
7,2257,marriage,0.2421052631578947,female,0.2285714285714285,0.05590062088711872,two-strong
7,2258,male,0.2120300751879699,,,0.999999995283688,dominant
7,2259,marriage,0.2421052631578947,female,0.2285714285714285,0.05590062088711872,two-strong
7,2260,marriage,0.2421052631578947,female,0.2285714285714285,0.05590062088711872,two-strong
7,2261,marriage,0.2421052631578947,female,0.2285714285714285,0.05590062088711872,two-strong
7,2262,marriage,0.2421052631578947,female,0.2285714285714285,0.05590062088711872,two-strong
7,2263,marriage,0.2421052631578947,female,0.2285714285714285,0.05590062088711872,two-strong
7,2264,marriage,0.2421052631578947,female,0.2303571428571428,0.048524844520068375,two-strong
7,2265,marriage,0.2421052631578947,female,0.2285714285714285,0.05590062088711872,two-strong
7,2266,marriage,0.2421052631578947,female,0.2285714285714285,0.05590062088711872,two-strong
7,2267,marriage,0.2421052631578947,female,0.2285714285714285,0.05590062088711872,two-strong
7,2268,marriage,0.2421052631578947,female,0.2285714285714285,0.05590062088711872,two-strong
7,2269,marriage,0.2421052631578947,female,0.2285714285714285,0.05590062088711872,two-strong
7,2270,marriage,0.2421052631578947,female,0.2285714285714285,0.05590062088711872,two-strong
7,2271,marriage,0.2421052631578947,female,0.2285714285714285,0.05590062088711872,two-strong
7,2272,marriage,0.2421052631578947,female,0.2285714285714285,0.05590062088711872,two-strong
7,2273,marriage,0.2421052631578947,female,0.2285714285714285,0.05590062088711872,two-strong
7,2274,marriage,0.2421052631578947,female,0.2285714285714285,0.05590062088711872,two-strong
7,2275,marriage,0.2421052631578947,female,0.2285714285714285,0.05590062088711872,two-strong
7,2276,marriage,0.2421052631578947,female,0.2285714285714285,0.05590062088711872,two-strong
7,2277,marriage,0.2421052631578947,female,0.2285714285714285,0.05590062088711872,two-strong
7,2278,marriage,0.2421052631578947,female,0.2285714285714285,0.05590062088711872,two-strong
7,2279,marriage,0.2421052631578947,female,0.2285714285714285,0.05590062088711872,two-strong
7,2280,marriage,0.2421052631578947,female,0.2285714285714285,0.05590062088711872,two-strong
7,2281,marriage,0.2421052631578947,female,0.2285714285714285,0.05590062088711872,two-strong
7,2282,marriage,0.2421052631578947,female,0.2285714285714285,0.05590062088711872,two-strong
7,2283,marriage,0.2421052631578947,female,0.2285714285714285,0.05590062088711872,two-strong
7,2284,marriage,0.2421052631578947,female,0.2285714285714285,0.05590062088711872,two-strong
7,2285,emotion,0.2179632019969028,,,0.9999999954120696,dominant
7,2286,marriage,0.2421052631578947,female,0.2285714285714285,0.05590062088711872,two-strong
7,2287,marriage,0.2421052631578947,female,0.2285714285714285,0.05590062088711872,two-strong
7,2288,marriage,0.2421052631578947,female,0.2285714285714285,0.05590062088711872,two-strong
7,2289,marriage,0.2421052631578947,female,0.2285714285714285,0.05590062088711872,two-strong
7,2290,marriage,0.2421052631578947,female,0.2285714285714285,0.05590062088711872,two-strong
7,2291,marriage,0.2421052631578947,female,0.2285714285714285,0.05590062088711872,two-strong
7,2292,marriage,0.2421052631578947,female,0.2285714285714285,0.05590062088711872,two-strong
7,2293,marriage,0.2421052631578947,female,0.2285714285714285,0.05590062088711872,two-strong
7,2294,marriage,0.2421052631578947,female,0.2285714285714285,0.05590062088711872,two-strong
7,2295,marriage,0.2421052631578947,female,0.2285714285714285,0.05590062088711872,two-strong
7,2296,marriage,0.2421052631578947,female,0.2285714285714285,0.05590062088711872,two-strong
7,2297,marriage,0.2421052631578947,female,0.2285714285714285,0.05590062088711872,two-strong
7,2298,marriage,0.2468126838836221,female,0.2285714285714285,0.07390728446876531,two-strong
7,2299,marriage,0.2421052631578947,female,0.2285714285714285,0.05590062088711872,two-strong
7,2300,marriage,0.2421052631578947,female,0.2285714285714285,0.05590062088711872,two-strong
7,2301,marriage,0.2487028837466604,female,0.2422152857828127,0.026085736683176222,two-strong
7,2302,marriage,0.2515201046093495,female,0.2303571428571428,0.08414023881286102,two-strong
7,2303,marriage,0.2421052631578947,female,0.2285714285714285,0.05590062088711872,two-strong
7,2304,marriage,0.2421052631578947,female,0.2285714285714285,0.05590062088711872,two-strong
7,2305,marriage,0.2421052631578947,female,0.2285714285714285,0.05590062088711872,two-strong
7,2306,marriage,0.2421052631578947,female,0.2285714285714285,0.05590062088711872,two-strong
7,2307,marriage,0.2421052631578947,female,0.2285714285714285,0.05590062088711872,two-strong
7,2308,marriage,0.2421052631578947,female,0.2285714285714285,0.05590062088711872,two-strong
7,2309,society,0.2097252287880094,wealth,0.2093134861642592,0.0019632479323845454,two-strong
7,2310,marriage,0.2421052631578947,female,0.2285714285714285,0.05590062088711872,two-strong
7,2311,marriage,0.2421052631578947,female,0.2285714285714285,0.05590062088711872,two-strong
7,2312,marriage,0.2421052631578947,female,0.2285714285714285,0.05590062088711872,two-strong
7,2313,male,0.2065618591934381,family,0.1858469703670942,0.10028418996103705,two-strong
7,2314,marriage,0.2421052631578947,female,0.2285714285714285,0.05590062088711872,two-strong
7,2315,marriage,0.2421052631578947,female,0.2285714285714285,0.05590062088711872,two-strong
7,2316,marriage,0.2421052631578947,female,0.2285714285714285,0.05590062088711872,two-strong
7,2317,marriage,0.2421052631578947,female,0.2285714285714285,0.05590062088711872,two-strong
7,2318,marriage,0.2421052631578947,female,0.2285714285714285,0.05590062088711872,two-strong
7,2319,marriage,0.2421052631578947,female,0.2285714285714285,0.05590062088711872,two-strong
7,2320,marriage,0.2421052631578947,female,0.2285714285714285,0.05590062088711872,two-strong
7,2321,marriage,0.2421052631578947,female,0.2285714285714285,0.05590062088711872,two-strong
7,2322,marriage,0.2421052631578947,female,0.2285714285714285,0.05590062088711872,two-strong
7,2323,marriage,0.2421052631578947,female,0.2285714285714285,0.05590062088711872,two-strong
7,2324,marriage,0.2421052631578947,female,0.2285714285714285,0.05590062088711872,two-strong
7,2325,marriage,0.2421052631578947,female,0.2285714285714285,0.05590062088711872,two-strong
7,2326,marriage,0.2421052631578947,female,0.2285714285714285,0.05590062088711872,two-strong
7,2327,marriage,0.2421052631578947,female,0.2285714285714285,0.05590062088711872,two-strong
7,2328,marriage,0.2421052631578947,female,0.2285714285714285,0.05590062088711872,two-strong
7,2329,society,0.2153819663662974,class,0.1574694311536417,0.26888293351952053,leaning
7,2330,marriage,0.2421052631578947,female,0.2285714285714285,0.05590062088711872,two-strong
7,2331,marriage,0.2421052631578947,female,0.2285714285714285,0.05590062088711872,two-strong
7,2332,family,0.2091678369106368,society,0.1969864473279499,0.05823739301589565,two-strong
7,2333,marriage,0.2421052631578947,female,0.2285714285714285,0.05590062088711872,two-strong
7,2334,marriage,0.2421052631578947,female,0.2285714285714285,0.05590062088711872,two-strong
7,2335,marriage,0.2429111315839004,female,0.2346766172424066,0.03389928758678707,two-strong
7,2336,marriage,0.2421052631578947,female,0.2285714285714285,0.05590062088711872,two-strong
7,2337,marriage,0.2421052631578947,female,0.2285714285714285,0.05590062088711872,two-strong
7,2338,love,0.3894854232310977,wealth,0.2490809272447482,0.36048716396391184,leaning
7,2339,marriage,0.2421052631578947,female,0.2285714285714285,0.05590062088711872,two-strong
7,2340,marriage,0.2421052631578947,female,0.2285714285714285,0.05590062088711872,two-strong
7,2341,marriage,0.2421052631578947,female,0.2285714285714285,0.05590062088711872,two-strong
7,2342,marriage,0.2421052631578947,female,0.2285714285714285,0.05590062088711872,two-strong
7,2343,marriage,0.2421052631578947,female,0.2285714285714285,0.05590062088711872,two-strong
7,2344,marriage,0.2421052631578947,female,0.2285714285714285,0.05590062088711872,two-strong
7,2345,marriage,0.2421052631578947,female,0.2285714285714285,0.05590062088711872,two-strong
7,2346,marriage,0.2421052631578947,female,0.2285714285714285,0.05590062088711872,two-strong
7,2347,marriage,0.2421052631578947,female,0.2285714285714285,0.05590062088711872,two-strong
7,2348,marriage,0.2421052631578947,female,0.2285714285714285,0.05590062088711872,two-strong
7,2349,marriage,0.2421052631578947,female,0.2285714285714285,0.05590062088711872,two-strong
7,2350,marriage,0.2421052631578947,female,0.2285714285714285,0.05590062088711872,two-strong
7,2351,male,0.2255367445416773,emotion,0.2142692377765625,0.04995862974812965,two-strong
7,2352,marriage,0.2421052631578947,female,0.2285714285714285,0.05590062088711872,two-strong
7,2353,family,0.3313281340196219,male,0.2429840168186032,0.26663632774737583,leaning
7,2354,marriage,0.2421052631578947,female,0.2285714285714285,0.05590062088711872,two-strong
7,2355,marriage,0.2421052631578947,female,0.2336466165413533,0.034937888054449355,two-strong
7,2356,marriage,0.2421052631578947,female,0.2285714285714285,0.05590062088711872,two-strong
7,2357,marriage,0.2421052631578947,female,0.2285714285714285,0.05590062088711872,two-strong
7,2358,marriage,0.2421052631578947,female,0.2285714285714285,0.05590062088711872,two-strong
7,2359,marriage,0.2421052631578947,female,0.2285714285714285,0.05590062088711872,two-strong
7,2360,marriage,0.2421052631578947,female,0.2285714285714285,0.05590062088711872,two-strong
7,2361,marriage,0.2421052631578947,female,0.2285714285714285,0.05590062088711872,two-strong
7,2362,marriage,0.2421052631578947,female,0.2285714285714285,0.05590062088711872,two-strong
7,2363,marriage,0.2421052631578947,female,0.2285714285714285,0.05590062088711872,two-strong
7,2364,marriage,0.2421052631578947,female,0.2285714285714285,0.05590062088711872,two-strong
7,2365,marriage,0.2421052631578947,female,0.2285714285714285,0.05590062088711872,two-strong
7,2366,marriage,0.2421052631578947,female,0.2285714285714285,0.05590062088711872,two-strong
7,2367,marriage,0.2421052631578947,female,0.2285714285714285,0.05590062088711872,two-strong
7,2368,marriage,0.2421052631578947,female,0.2285714285714285,0.05590062088711872,two-strong
7,2369,marriage,0.2421052631578947,female,0.2285714285714285,0.05590062088711872,two-strong
7,2370,marriage,0.2421052631578947,female,0.2285714285714285,0.05590062088711872,two-strong
7,2371,marriage,0.2421052631578947,female,0.2285714285714285,0.05590062088711872,two-strong
7,2372,marriage,0.2421052631578947,female,0.2285714285714285,0.05590062088711872,two-strong
7,2373,marriage,0.2421052631578947,female,0.2285714285714285,0.05590062088711872,two-strong
7,2374,marriage,0.2421052631578947,female,0.2285714285714285,0.05590062088711872,two-strong
7,2375,marriage,0.2421052631578947,female,0.2285714285714285,0.05590062088711872,two-strong
7,2376,female,0.2948393828192578,male,0.2257974913454932,0.23416780546552968,leaning
7,2377,marriage,0.2421052631578947,female,0.2285714285714285,0.05590062088711872,two-strong
7,2378,marriage,0.2421052631578947,female,0.2285714285714285,0.05590062088711872,two-strong
7,2379,marriage,0.2468126838836221,female,0.2285714285714285,0.07390728446876531,two-strong
7,2380,marriage,0.2421052631578947,female,0.2285714285714285,0.05590062088711872,two-strong
7,2381,marriage,0.2421052631578947,female,0.2285714285714285,0.05590062088711872,two-strong
7,2382,society,0.1982258445094925,emotion,0.192893390501046,0.02690090182105503,two-strong
7,2383,marriage,0.2421052631578947,female,0.2285714285714285,0.05590062088711872,two-strong
7,2384,wealth,0.1901443609022556,class,0.1566906432935141,0.17593851994380197,two-strong
7,2385,marriage,0.2421052631578947,female,0.2285714285714285,0.05590062088711872,two-strong
7,2386,marriage,0.2421052631578947,female,0.2285714285714285,0.05590062088711872,two-strong
7,2387,marriage,0.2421052631578947,female,0.2285714285714285,0.05590062088711872,two-strong
7,2388,marriage,0.2421052631578947,female,0.2285714285714285,0.05590062088711872,two-strong
7,2389,marriage,0.2421052631578947,female,0.2285714285714285,0.05590062088711872,two-strong
7,2390,marriage,0.2421052631578947,female,0.2285714285714285,0.05590062088711872,two-strong
7,2391,society,0.2348624865002533,wealth,0.2088850184274156,0.11060714015817306,two-strong
7,2392,marriage,0.2421052631578947,female,0.2285714285714285,0.05590062088711872,two-strong
7,2393,marriage,0.2421052631578947,female,0.2285714285714285,0.05590062088711872,two-strong
7,2394,marriage,0.2421052631578947,female,0.2285714285714285,0.05590062088711872,two-strong
7,2395,marriage,0.2421052631578947,female,0.2285714285714285,0.05590062088711872,two-strong
7,2396,marriage,0.2421052631578947,female,0.2285714285714285,0.05590062088711872,two-strong
7,2397,marriage,0.2421052631578947,female,0.2285714285714285,0.05590062088711872,two-strong
7,2398,marriage,0.2421052631578947,female,0.2285714285714285,0.05590062088711872,two-strong
7,2399,marriage,0.2421052631578947,female,0.2285714285714285,0.05590062088711872,two-strong
7,2400,marriage,0.2421052631578947,female,0.2285714285714285,0.05590062088711872,two-strong
7,2401,marriage,0.2421052631578947,female,0.2285714285714285,0.05590062088711872,two-strong
7,2402,marriage,0.2421052631578947,female,0.2285714285714285,0.05590062088711872,two-strong
7,2403,marriage,0.2421052631578947,female,0.2285714285714285,0.05590062088711872,two-strong
7,2404,marriage,0.2421052631578947,female,0.2285714285714285,0.05590062088711872,two-strong
7,2405,marriage,0.2421052631578947,female,0.2285714285714285,0.05590062088711872,two-strong
7,2406,marriage,0.2421052631578947,female,0.2285714285714285,0.05590062088711872,two-strong
7,2407,marriage,0.2421052631578947,female,0.2285714285714285,0.05590062088711872,two-strong
7,2408,marriage,0.2421052631578947,female,0.2285714285714285,0.05590062088711872,two-strong
7,2409,marriage,0.2421052631578947,female,0.2285714285714285,0.05590062088711872,two-strong
7,2410,marriage,0.2421052631578947,female,0.2285714285714285,0.05590062088711872,two-strong
7,2411,marriage,0.2421052631578947,female,0.2285714285714285,0.05590062088711872,two-strong
7,2412,marriage,0.2421052631578947,female,0.2285714285714285,0.05590062088711872,two-strong
7,2413,marriage,0.2421052631578947,female,0.2285714285714285,0.05590062088711872,two-strong
7,2414,marriage,0.2421052631578947,female,0.2285714285714285,0.05590062088711872,two-strong
7,2415,marriage,0.2421052631578947,female,0.2285714285714285,0.05590062088711872,two-strong
7,2416,marriage,0.2421052631578947,female,0.2285714285714285,0.05590062088711872,two-strong
7,2417,marriage,0.2421052631578947,female,0.2285714285714285,0.05590062088711872,two-strong
7,2418,marriage,0.2421052631578947,female,0.2285714285714285,0.05590062088711872,two-strong
7,2419,marriage,0.2421052631578947,female,0.2285714285714285,0.05590062088711872,two-strong
7,2420,marriage,0.2421052631578947,female,0.2285714285714285,0.05590062088711872,two-strong
7,2421,marriage,0.2421052631578947,female,0.2285714285714285,0.05590062088711872,two-strong
7,2422,marriage,0.2421052631578947,female,0.2285714285714285,0.05590062088711872,two-strong
7,2423,marriage,0.2437070938215103,emotion,0.1887155906294662,0.22564588541141803,leaning
7,2424,emotion,0.2022369974523084,,,0.9999999950553063,dominant
7,2425,marriage,0.2421052631578947,female,0.2285714285714285,0.05590062088711872,two-strong
7,2426,marriage,0.2421052631578947,female,0.2285714285714285,0.05590062088711872,two-strong
7,2427,marriage,0.2421052631578947,female,0.2285714285714285,0.05590062088711872,two-strong
7,2428,marriage,0.2421052631578947,female,0.2285714285714285,0.05590062088711872,two-strong
7,2429,female,0.2932522815641142,emotion,0.2130033917686838,0.27365137312404536,leaning
7,2430,marriage,0.2421052631578947,female,0.2285714285714285,0.05590062088711872,two-strong
7,2431,female,0.2380156941012204,male,0.2167606516290727,0.08930101211648502,two-strong
7,2432,marriage,0.2421052631578947,female,0.2285714285714285,0.05590062088711872,two-strong
7,2433,marriage,0.2421052631578947,female,0.2285714285714285,0.05590062088711872,two-strong
7,2434,marriage,0.2421052631578947,female,0.2285714285714285,0.05590062088711872,two-strong
7,2435,marriage,0.2421052631578947,female,0.2285714285714285,0.05590062088711872,two-strong
7,2436,marriage,0.2421052631578947,female,0.2285714285714285,0.05590062088711872,two-strong
7,2437,marriage,0.2421052631578947,female,0.2285714285714285,0.05590062088711872,two-strong
7,2438,marriage,0.2421052631578947,female,0.2285714285714285,0.05590062088711872,two-strong
7,2439,marriage,0.2421052631578947,female,0.2285714285714285,0.05590062088711872,two-strong
7,2440,marriage,0.2421052631578947,female,0.2285714285714285,0.05590062088711872,two-strong
7,2441,marriage,0.2421052631578947,female,0.2285714285714285,0.05590062088711872,two-strong
7,2442,marriage,0.2421052631578947,female,0.2285714285714285,0.05590062088711872,two-strong
7,2443,marriage,0.2421052631578947,female,0.2285714285714285,0.05590062088711872,two-strong
7,2444,marriage,0.2421052631578947,female,0.2285714285714285,0.05590062088711872,two-strong
7,2445,wealth,0.2452117769435524,family,0.2086368280127825,0.14915657493087234,two-strong
7,2446,marriage,0.2421052631578947,female,0.2285714285714285,0.05590062088711872,two-strong
7,2447,female,0.2728091740510647,,,0.999999996334434,dominant
7,2448,marriage,0.2421052631578947,female,0.2285714285714285,0.05590062088711872,two-strong
7,2449,marriage,0.2421052631578947,female,0.2285714285714285,0.05590062088711872,two-strong
7,2450,marriage,0.2421052631578947,female,0.2285714285714285,0.05590062088711872,two-strong
7,2451,marriage,0.2421052631578947,female,0.2285714285714285,0.05590062088711872,two-strong
7,2452,marriage,0.2421052631578947,female,0.2285714285714285,0.05590062088711872,two-strong
7,2453,marriage,0.2421052631578947,female,0.2285714285714285,0.05590062088711872,two-strong
7,2454,marriage,0.2421052631578947,female,0.2285714285714285,0.05590062088711872,two-strong
7,2455,marriage,0.2421052631578947,female,0.2285714285714285,0.05590062088711872,two-strong
7,2456,marriage,0.2421052631578947,female,0.2285714285714285,0.05590062088711872,two-strong
7,2457,marriage,0.2421052631578947,female,0.2285714285714285,0.05590062088711872,two-strong
7,2458,marriage,0.2421052631578947,female,0.2285714285714285,0.05590062088711872,two-strong
7,2459,marriage,0.2468126838836221,female,0.2285714285714285,0.07390728446876531,two-strong
7,2460,marriage,0.2421052631578947,female,0.2285714285714285,0.05590062088711872,two-strong
7,2461,marriage,0.2421052631578947,female,0.2285714285714285,0.05590062088711872,two-strong
7,2462,marriage,0.2421052631578947,female,0.2285714285714285,0.05590062088711872,two-strong
7,2463,marriage,0.2421052631578947,female,0.2285714285714285,0.05590062088711872,two-strong
7,2464,marriage,0.2421052631578947,female,0.2285714285714285,0.05590062088711872,two-strong
7,2465,marriage,0.2421052631578947,female,0.2285714285714285,0.05590062088711872,two-strong
7,2466,marriage,0.2421052631578947,female,0.2285714285714285,0.05590062088711872,two-strong
7,2467,marriage,0.2421052631578947,female,0.2285714285714285,0.05590062088711872,two-strong
7,2468,marriage,0.2421052631578947,female,0.2285714285714285,0.05590062088711872,two-strong
7,2469,marriage,0.2421052631578947,female,0.2285714285714285,0.05590062088711872,two-strong
7,2470,marriage,0.2421052631578947,female,0.2285714285714285,0.05590062088711872,two-strong
7,2471,marriage,0.2421052631578947,female,0.2285714285714285,0.05590062088711872,two-strong
7,2472,marriage,0.2421052631578947,female,0.2285714285714285,0.05590062088711872,two-strong
7,2473,marriage,0.2421052631578947,female,0.2285714285714285,0.05590062088711872,two-strong
7,2474,marriage,0.2421052631578947,female,0.2285714285714285,0.05590062088711872,two-strong
7,2475,marriage,0.2421052631578947,female,0.2285714285714285,0.05590062088711872,two-strong
7,2476,marriage,0.2421052631578947,female,0.2285714285714285,0.05590062088711872,two-strong
7,2477,marriage,0.2421052631578947,female,0.2285714285714285,0.05590062088711872,two-strong
7,2478,marriage,0.2421052631578947,female,0.2285714285714285,0.05590062088711872,two-strong
7,2479,marriage,0.2421052631578947,female,0.2285714285714285,0.05590062088711872,two-strong
7,2480,marriage,0.2437070938215103,female,0.2285714285714285,0.06210596889338432,two-strong
7,2481,marriage,0.2421052631578947,female,0.2285714285714285,0.05590062088711872,two-strong
7,2482,marriage,0.2421052631578947,female,0.2285714285714285,0.05590062088711872,two-strong
7,2483,marriage,0.2421052631578947,female,0.2285714285714285,0.05590062088711872,two-strong
7,2484,marriage,0.2421052631578947,female,0.2285714285714285,0.05590062088711872,two-strong
7,2485,marriage,0.2421052631578947,female,0.2285714285714285,0.05590062088711872,two-strong
7,2486,marriage,0.2421052631578947,female,0.2285714285714285,0.05590062088711872,two-strong
7,2487,marriage,0.2421052631578947,female,0.2285714285714285,0.05590062088711872,two-strong
7,2488,marriage,0.2421052631578947,female,0.2285714285714285,0.05590062088711872,two-strong
7,2489,marriage,0.2421052631578947,female,0.2285714285714285,0.05590062088711872,two-strong
7,2490,marriage,0.2421052631578947,female,0.2285714285714285,0.05590062088711872,two-strong
7,2491,marriage,0.2421052631578947,female,0.2285714285714285,0.05590062088711872,two-strong
7,2492,marriage,0.2421052631578947,female,0.2285714285714285,0.05590062088711872,two-strong
7,2493,marriage,0.2421052631578947,female,0.2285714285714285,0.05590062088711872,two-strong
7,2494,marriage,0.2421052631578947,female,0.2285714285714285,0.05590062088711872,two-strong
7,2495,marriage,0.2421052631578947,female,0.2285714285714285,0.05590062088711872,two-strong
7,2496,marriage,0.2421052631578947,female,0.2285714285714285,0.05590062088711872,two-strong
7,2497,marriage,0.2421052631578947,female,0.2285714285714285,0.05590062088711872,two-strong
7,2498,marriage,0.2421052631578947,female,0.2285714285714285,0.05590062088711872,two-strong
7,2499,marriage,0.2421052631578947,female,0.2285714285714285,0.05590062088711872,two-strong
7,2500,marriage,0.2421052631578947,female,0.2285714285714285,0.05590062088711872,two-strong
7,2501,marriage,0.2426718971341397,female,0.2285714285714285,0.05810507385126642,two-strong
7,2502,marriage,0.2421052631578947,female,0.2285714285714285,0.05590062088711872,two-strong
7,2503,marriage,0.2421052631578947,female,0.2285714285714285,0.05590062088711872,two-strong
7,2504,marriage,0.2421052631578947,female,0.2285714285714285,0.05590062088711872,two-strong
7,2505,marriage,0.2421052631578947,female,0.2285714285714285,0.05590062088711872,two-strong
7,2506,marriage,0.2485670698485343,female,0.2389724310776942,0.03859979818761532,two-strong
7,2507,marriage,0.2421052631578947,female,0.2285714285714285,0.05590062088711872,two-strong
7,2508,marriage,0.2421052631578947,female,0.2285714285714285,0.05590062088711872,two-strong
7,2509,family,0.2195415008108506,emotion,0.1868864497833615,0.14874204083573947,two-strong
7,2510,marriage,0.2421052631578947,female,0.2285714285714285,0.05590062088711872,two-strong
7,2511,marriage,0.2421052631578947,female,0.2285714285714285,0.05590062088711872,two-strong
7,2512,marriage,0.2421052631578947,female,0.2285714285714285,0.05590062088711872,two-strong
7,2513,marriage,0.2421052631578947,female,0.2285714285714285,0.05590062088711872,two-strong
7,2514,marriage,0.2421052631578947,female,0.2285714285714285,0.05590062088711872,two-strong
7,2515,marriage,0.2421052631578947,female,0.2285714285714285,0.05590062088711872,two-strong
7,2516,marriage,0.2421052631578947,female,0.2285714285714285,0.05590062088711872,two-strong
7,2517,marriage,0.2421052631578947,female,0.2285714285714285,0.05590062088711872,two-strong
7,2518,marriage,0.2421052631578947,female,0.2285714285714285,0.05590062088711872,two-strong
7,2519,marriage,0.2421052631578947,female,0.2285714285714285,0.05590062088711872,two-strong
7,2520,marriage,0.2421052631578947,female,0.2285714285714285,0.05590062088711872,two-strong
7,2521,marriage,0.2421052631578947,female,0.2285714285714285,0.05590062088711872,two-strong
7,2522,marriage,0.2421052631578947,female,0.2285714285714285,0.05590062088711872,two-strong
7,2523,society,0.2487707323224263,wealth,0.2023781123820349,0.18648745099875932,two-strong
7,2524,marriage,0.2421052631578947,female,0.2285714285714285,0.05590062088711872,two-strong
7,2525,marriage,0.2421052631578947,female,0.2285714285714285,0.05590062088711872,two-strong
7,2526,marriage,0.2421052631578947,female,0.2285714285714285,0.05590062088711872,two-strong
7,2527,marriage,0.2421052631578947,female,0.2285714285714285,0.05590062088711872,two-strong
7,2528,emotion,0.1916215321545225,family,0.181883314733865,0.05082005795666326,two-strong
7,2529,marriage,0.2421052631578947,female,0.2285714285714285,0.05590062088711872,two-strong
7,2530,marriage,0.2421052631578947,female,0.2285714285714285,0.05590062088711872,two-strong
7,2531,marriage,0.2421052631578947,female,0.2285714285714285,0.05590062088711872,two-strong
7,2532,marriage,0.2421052631578947,female,0.2285714285714285,0.05590062088711872,two-strong
7,2533,marriage,0.2421052631578947,female,0.2285714285714285,0.05590062088711872,two-strong
7,2534,marriage,0.2442737277977552,female,0.237468671679198,0.027858321695295347,two-strong
7,2535,family,0.1989367676895319,love,0.1538342152906581,0.22671803053794698,leaning
7,2536,marriage,0.2421052631578947,female,0.2285714285714285,0.05590062088711872,two-strong
7,2537,marriage,0.2421052631578947,female,0.2285714285714285,0.05590062088711872,two-strong
7,2538,marriage,0.2421052631578947,female,0.2285714285714285,0.05590062088711872,two-strong
7,2539,marriage,0.2421052631578947,female,0.2285714285714285,0.05590062088711872,two-strong
7,2540,marriage,0.2421052631578947,female,0.2285714285714285,0.05590062088711872,two-strong
7,2541,emotion,0.2001708817498291,,,0.9999999950042684,dominant
7,2542,marriage,0.2421052631578947,female,0.2285714285714285,0.05590062088711872,two-strong
7,2543,marriage,0.2421052631578947,female,0.2285714285714285,0.05590062088711872,two-strong
7,2544,marriage,0.2421052631578947,female,0.2285714285714285,0.05590062088711872,two-strong
7,2545,marriage,0.2421052631578947,female,0.2285714285714285,0.05590062088711872,two-strong
7,2546,marriage,0.2421052631578947,female,0.2285714285714285,0.05590062088711872,two-strong
7,2547,marriage,0.2421052631578947,female,0.2285714285714285,0.05590062088711872,two-strong
7,2548,marriage,0.2421052631578947,female,0.2285714285714285,0.05590062088711872,two-strong
7,2549,marriage,0.2421052631578947,female,0.2285714285714285,0.05590062088711872,two-strong
7,2550,marriage,0.2421052631578947,female,0.2285714285714285,0.05590062088711872,two-strong
7,2551,marriage,0.2421052631578947,female,0.2285714285714285,0.05590062088711872,two-strong
7,2552,marriage,0.2418437397842432,female,0.2285714285714285,0.0548796969885417,two-strong
7,2553,marriage,0.2421052631578947,female,0.2285714285714285,0.05590062088711872,two-strong
7,2554,love,0.1431452193702647,,,0.9999999930140874,dominant
7,2555,marriage,0.2421052631578947,female,0.2285714285714285,0.05590062088711872,two-strong
7,2556,marriage,0.2421052631578947,female,0.2285714285714285,0.05590062088711872,two-strong
7,2557,class,0.2312365464995771,female,0.2162097358350292,0.06498458322024278,two-strong
7,2558,marriage,0.2421052631578947,female,0.2285714285714285,0.05590062088711872,two-strong
7,2559,marriage,0.2421052631578947,female,0.2285714285714285,0.05590062088711872,two-strong
7,2560,marriage,0.2421052631578947,female,0.2285714285714285,0.05590062088711872,two-strong
7,2561,marriage,0.2421052631578947,female,0.2336466165413533,0.034937888054449355,two-strong
7,2562,marriage,0.2421052631578947,female,0.2285714285714285,0.05590062088711872,two-strong
7,2563,marriage,0.2421052631578947,female,0.2285714285714285,0.05590062088711872,two-strong
7,2564,marriage,0.2421052631578947,female,0.2285714285714285,0.05590062088711872,two-strong
7,2565,marriage,0.2421052631578947,female,0.2285714285714285,0.05590062088711872,two-strong
7,2566,marriage,0.2421052631578947,female,0.2285714285714285,0.05590062088711872,two-strong
7,2567,marriage,0.2421052631578947,female,0.2285714285714285,0.05590062088711872,two-strong
7,2568,marriage,0.2421052631578947,female,0.2285714285714285,0.05590062088711872,two-strong
7,2569,marriage,0.2421052631578947,female,0.2285714285714285,0.05590062088711872,two-strong
7,2570,marriage,0.2421052631578947,female,0.2285714285714285,0.05590062088711872,two-strong
7,2571,marriage,0.2421052631578947,female,0.2285714285714285,0.05590062088711872,two-strong
7,2572,marriage,0.2421052631578947,female,0.2285714285714285,0.05590062088711872,two-strong
7,2573,marriage,0.2421052631578947,female,0.2285714285714285,0.05590062088711872,two-strong
7,2574,marriage,0.2421052631578947,female,0.2285714285714285,0.05590062088711872,two-strong
7,2575,marriage,0.2421052631578947,female,0.2285714285714285,0.05590062088711872,two-strong
7,2576,marriage,0.2421052631578947,female,0.2285714285714285,0.05590062088711872,two-strong
7,2577,marriage,0.2421052631578947,female,0.2285714285714285,0.05590062088711872,two-strong
7,2578,marriage,0.2421052631578947,female,0.2285714285714285,0.05590062088711872,two-strong
7,2579,marriage,0.2421052631578947,female,0.2285714285714285,0.05590062088711872,two-strong
7,2580,marriage,0.2421052631578947,female,0.2285714285714285,0.05590062088711872,two-strong
7,2581,marriage,0.2421052631578947,female,0.2285714285714285,0.05590062088711872,two-strong
7,2582,marriage,0.2421052631578947,female,0.2285714285714285,0.05590062088711872,two-strong
7,2583,marriage,0.2421052631578947,female,0.2285714285714285,0.05590062088711872,two-strong
7,2584,marriage,0.2421052631578947,female,0.2285714285714285,0.05590062088711872,two-strong
7,2585,marriage,0.2421052631578947,female,0.2285714285714285,0.05590062088711872,two-strong
7,2586,marriage,0.2421052631578947,female,0.2285714285714285,0.05590062088711872,two-strong
7,2587,marriage,0.2421052631578947,female,0.2285714285714285,0.05590062088711872,two-strong
7,2588,marriage,0.2421052631578947,female,0.2285714285714285,0.05590062088711872,two-strong
7,2589,marriage,0.2421052631578947,female,0.2285714285714285,0.05590062088711872,two-strong
7,2590,marriage,0.2421052631578947,female,0.2285714285714285,0.05590062088711872,two-strong
7,2591,marriage,0.2421052631578947,female,0.2285714285714285,0.05590062088711872,two-strong
7,2592,marriage,0.2421052631578947,female,0.2285714285714285,0.05590062088711872,two-strong
7,2593,marriage,0.2421052631578947,female,0.2285714285714285,0.05590062088711872,two-strong
7,2594,marriage,0.2421052631578947,female,0.2285714285714285,0.05590062088711872,two-strong
7,2595,marriage,0.2421052631578947,female,0.2285714285714285,0.05590062088711872,two-strong
7,2596,marriage,0.2421052631578947,female,0.2285714285714285,0.05590062088711872,two-strong
7,2597,marriage,0.2421052631578947,female,0.2285714285714285,0.05590062088711872,two-strong
7,2598,marriage,0.2421052631578947,female,0.2285714285714285,0.05590062088711872,two-strong
7,2599,marriage,0.2421052631578947,female,0.2285714285714285,0.05590062088711872,two-strong
7,2600,marriage,0.2334808399774104,wealth,0.2206897482080868,0.054784331407137454,two-strong
7,2601,marriage,0.2421052631578947,female,0.2285714285714285,0.05590062088711872,two-strong
7,2602,marriage,0.2421052631578947,female,0.2285714285714285,0.05590062088711872,two-strong
7,2603,marriage,0.2421052631578947,female,0.2285714285714285,0.05590062088711872,two-strong
7,2604,marriage,0.2421052631578947,female,0.2285714285714285,0.05590062088711872,two-strong
7,2605,marriage,0.2421052631578947,female,0.2285714285714285,0.05590062088711872,two-strong
7,2606,marriage,0.2421052631578947,female,0.2285714285714285,0.05590062088711872,two-strong
7,2607,marriage,0.2421052631578947,female,0.2285714285714285,0.05590062088711872,two-strong
7,2608,marriage,0.2421052631578947,female,0.2285714285714285,0.05590062088711872,two-strong
7,2609,marriage,0.2421052631578947,female,0.2285714285714285,0.05590062088711872,two-strong
7,2610,marriage,0.2421052631578947,female,0.2285714285714285,0.05590062088711872,two-strong
7,2611,marriage,0.2421052631578947,female,0.2285714285714285,0.05590062088711872,two-strong
7,2612,marriage,0.2421052631578947,female,0.2285714285714285,0.05590062088711872,two-strong
7,2613,marriage,0.2421052631578947,female,0.2285714285714285,0.05590062088711872,two-strong
7,2614,marriage,0.2421052631578947,female,0.2285714285714285,0.05590062088711872,two-strong
7,2615,marriage,0.2494987468671679,female,0.2310463659147869,0.07395780984923006,two-strong
7,2616,marriage,0.2502883991125054,society,0.2034827612532481,0.18700682028499127,two-strong
7,2617,marriage,0.2421052631578947,female,0.2285714285714285,0.05590062088711872,two-strong
7,2618,marriage,0.2421052631578947,female,0.2285714285714285,0.05590062088711872,two-strong
7,2619,marriage,0.2421052631578947,female,0.2285714285714285,0.05590062088711872,two-strong
7,2620,marriage,0.2421052631578947,female,0.2285714285714285,0.05590062088711872,two-strong
7,2621,marriage,0.2421052631578947,female,0.2285714285714285,0.05590062088711872,two-strong
7,2622,marriage,0.2421052631578947,female,0.2285714285714285,0.05590062088711872,two-strong
7,2623,marriage,0.2421052631578947,female,0.2285714285714285,0.05590062088711872,two-strong
7,2624,marriage,0.2421052631578947,female,0.2285714285714285,0.05590062088711872,two-strong
7,2625,marriage,0.2421052631578947,female,0.2285714285714285,0.05590062088711872,two-strong
7,2626,marriage,0.2421052631578947,female,0.2285714285714285,0.05590062088711872,two-strong
7,2627,marriage,0.2421052631578947,female,0.2285714285714285,0.05590062088711872,two-strong
7,2628,marriage,0.2421052631578947,female,0.2285714285714285,0.05590062088711872,two-strong
7,2629,marriage,0.2421052631578947,female,0.2285714285714285,0.05590062088711872,two-strong
7,2630,wealth,0.2080180754917596,emotion,0.203474960423161,0.021840001336511653,two-strong
7,2631,marriage,0.2421052631578947,female,0.2285714285714285,0.05590062088711872,two-strong
7,2632,marriage,0.2421052631578947,female,0.2285714285714285,0.05590062088711872,two-strong
7,2633,marriage,0.2426718971341397,female,0.2292606516290727,0.055264930171905535,two-strong
7,2634,marriage,0.2421052631578947,female,0.2285714285714285,0.05590062088711872,two-strong
7,2635,marriage,0.2421052631578947,female,0.2285714285714285,0.05590062088711872,two-strong
7,2636,marriage,0.2421052631578947,female,0.2285714285714285,0.05590062088711872,two-strong
7,2637,marriage,0.2421052631578947,female,0.2285714285714285,0.05590062088711872,two-strong
7,2638,marriage,0.2421052631578947,female,0.2285714285714285,0.05590062088711872,two-strong
7,2639,marriage,0.2421052631578947,female,0.2285714285714285,0.05590062088711872,two-strong
7,2640,marriage,0.2421052631578947,female,0.2285714285714285,0.05590062088711872,two-strong
7,2641,marriage,0.2426718971341397,female,0.2283416875522138,0.05905178841105334,two-strong
7,2642,marriage,0.2421052631578947,female,0.2285714285714285,0.05590062088711872,two-strong
7,2643,marriage,0.2421052631578947,female,0.2285714285714285,0.05590062088711872,two-strong
7,2644,marriage,0.2421052631578947,female,0.2285714285714285,0.05590062088711872,two-strong
7,2645,marriage,0.2421052631578947,female,0.2285714285714285,0.05590062088711872,two-strong
7,2646,marriage,0.2421052631578947,female,0.2285714285714285,0.05590062088711872,two-strong
7,2647,marriage,0.2421052631578947,female,0.2285714285714285,0.05590062088711872,two-strong
7,2648,marriage,0.2421052631578947,female,0.2285714285714285,0.05590062088711872,two-strong
7,2649,marriage,0.2421052631578947,female,0.2285714285714285,0.05590062088711872,two-strong
7,2650,marriage,0.2421052631578947,female,0.2285714285714285,0.05590062088711872,two-strong
7,2651,marriage,0.2421052631578947,female,0.2285714285714285,0.05590062088711872,two-strong
7,2652,marriage,0.2421052631578947,female,0.2285714285714285,0.05590062088711872,two-strong
7,2653,marriage,0.2421052631578947,female,0.2285714285714285,0.05590062088711872,two-strong
7,2654,marriage,0.2421052631578947,female,0.2285714285714285,0.05590062088711872,two-strong
7,2655,marriage,0.2421052631578947,female,0.2285714285714285,0.05590062088711872,two-strong
7,2656,marriage,0.2421052631578947,female,0.2303571428571428,0.048524844520068375,two-strong
7,2657,marriage,0.2421052631578947,female,0.2285714285714285,0.05590062088711872,two-strong
7,2658,marriage,0.2421052631578947,female,0.2285714285714285,0.05590062088711872,two-strong
7,2659,marriage,0.2421052631578947,female,0.2285714285714285,0.05590062088711872,two-strong
7,2660,marriage,0.2421052631578947,female,0.2285714285714285,0.05590062088711872,two-strong
7,2661,marriage,0.2421052631578947,female,0.2285714285714285,0.05590062088711872,two-strong
7,2662,marriage,0.2421052631578947,female,0.2285714285714285,0.05590062088711872,two-strong
7,2663,marriage,0.2421052631578947,female,0.2285714285714285,0.05590062088711872,two-strong
7,2664,marriage,0.2421052631578947,female,0.2285714285714285,0.05590062088711872,two-strong
7,2665,marriage,0.2421052631578947,female,0.2285714285714285,0.05590062088711872,two-strong
7,2666,marriage,0.2421052631578947,female,0.2285714285714285,0.05590062088711872,two-strong
7,2667,family,0.2666151014448228,female,0.2452040661999827,0.08030691078076202,two-strong
7,2668,marriage,0.2421052631578947,female,0.2285714285714285,0.05590062088711872,two-strong
7,2669,marriage,0.2421052631578947,female,0.2285714285714285,0.05590062088711872,two-strong
7,2670,marriage,0.2421052631578947,female,0.2285714285714285,0.05590062088711872,two-strong
7,2671,marriage,0.2421052631578947,female,0.2285714285714285,0.05590062088711872,two-strong
7,2672,marriage,0.2420208370007253,female,0.236781210303316,0.021649485807472463,two-strong
7,2673,marriage,0.2421052631578947,female,0.2285714285714285,0.05590062088711872,two-strong
7,2674,marriage,0.2421052631578947,female,0.2285714285714285,0.05590062088711872,two-strong
7,2675,marriage,0.2468126838836221,female,0.2285714285714285,0.07390728446876531,two-strong
7,2676,marriage,0.2421052631578947,female,0.2285714285714285,0.05590062088711872,two-strong
7,2677,marriage,0.2421052631578947,female,0.2285714285714285,0.05590062088711872,two-strong
7,2678,marriage,0.2421052631578947,female,0.2285714285714285,0.05590062088711872,two-strong
7,2679,marriage,0.2421052631578947,female,0.2285714285714285,0.05590062088711872,two-strong
7,2680,marriage,0.2421052631578947,female,0.2285714285714285,0.05590062088711872,two-strong
7,2681,marriage,0.2421052631578947,female,0.2285714285714285,0.05590062088711872,two-strong
7,2682,marriage,0.2421052631578947,female,0.2285714285714285,0.05590062088711872,two-strong
7,2683,marriage,0.2468126838836221,female,0.2285714285714285,0.07390728446876531,two-strong
7,2684,marriage,0.2421052631578947,female,0.2285714285714285,0.05590062088711872,two-strong
7,2685,marriage,0.2421052631578947,female,0.2285714285714285,0.05590062088711872,two-strong
7,2686,marriage,0.2421052631578947,female,0.2285714285714285,0.05590062088711872,two-strong
7,2687,marriage,0.2421052631578947,female,0.2285714285714285,0.05590062088711872,two-strong
7,2688,marriage,0.241636700446769,female,0.2299498746867168,0.04836527601179298,two-strong
7,2689,marriage,0.2421052631578947,female,0.2285714285714285,0.05590062088711872,two-strong
7,2690,marriage,0.2409154782800045,emotion,0.2100150098381843,0.12826269417875832,two-strong
7,2691,marriage,0.2421052631578947,female,0.2285714285714285,0.05590062088711872,two-strong
7,2692,marriage,0.2421052631578947,female,0.2285714285714285,0.05590062088711872,two-strong
7,2693,marriage,0.2421052631578947,female,0.2285714285714285,0.05590062088711872,two-strong
7,2694,society,0.2037499613684828,emotion,0.1913830516982782,0.06069650038923187,two-strong
7,2695,marriage,0.2421052631578947,female,0.2285714285714285,0.05590062088711872,two-strong
7,2696,marriage,0.2421052631578947,female,0.2336466165413533,0.034937888054449355,two-strong
7,2697,marriage,0.2421052631578947,female,0.2285714285714285,0.05590062088711872,two-strong
7,2698,marriage,0.2421052631578947,female,0.2285714285714285,0.05590062088711872,two-strong
7,2699,marriage,0.2421052631578947,female,0.2285714285714285,0.05590062088711872,two-strong
7,2700,marriage,0.2385346367594419,female,0.2212170494694225,0.07259988508454644,two-strong
7,2701,marriage,0.2421052631578947,female,0.2285714285714285,0.05590062088711872,two-strong
7,2702,marriage,0.2421052631578947,female,0.2285714285714285,0.05590062088711872,two-strong
7,2703,marriage,0.2421052631578947,female,0.2285714285714285,0.05590062088711872,two-strong
7,2704,marriage,0.2421052631578947,female,0.2285714285714285,0.05590062088711872,two-strong
7,2705,marriage,0.2421052631578947,female,0.2285714285714285,0.05590062088711872,two-strong
7,2706,marriage,0.2421052631578947,female,0.2285714285714285,0.05590062088711872,two-strong
7,2707,marriage,0.2421052631578947,female,0.2285714285714285,0.05590062088711872,two-strong
7,2708,marriage,0.2421052631578947,female,0.2285714285714285,0.05590062088711872,two-strong
7,2709,marriage,0.2421052631578947,female,0.2285714285714285,0.05590062088711872,two-strong
7,2710,marriage,0.2421052631578947,female,0.2285714285714285,0.05590062088711872,two-strong
7,2711,marriage,0.2453089244851258,female,0.2285714285714285,0.06823027690736093,two-strong
7,2712,marriage,0.2421052631578947,female,0.2285714285714285,0.05590062088711872,two-strong
7,2713,marriage,0.2421052631578947,female,0.2285714285714285,0.05590062088711872,two-strong
7,2714,marriage,0.2421052631578947,female,0.2285714285714285,0.05590062088711872,two-strong
7,2715,marriage,0.2421052631578947,female,0.2285714285714285,0.05590062088711872,two-strong
7,2716,marriage,0.2421052631578947,female,0.2285714285714285,0.05590062088711872,two-strong
7,2717,marriage,0.2421052631578947,female,0.2285714285714285,0.05590062088711872,two-strong
7,2718,marriage,0.2421052631578947,female,0.2285714285714285,0.05590062088711872,two-strong
7,2719,marriage,0.2421052631578947,female,0.2285714285714285,0.05590062088711872,two-strong
7,2720,marriage,0.2421052631578947,female,0.2285714285714285,0.05590062088711872,two-strong
7,2721,marriage,0.2421052631578947,female,0.2285714285714285,0.05590062088711872,two-strong
7,2722,marriage,0.2421052631578947,female,0.2285714285714285,0.05590062088711872,two-strong
7,2723,marriage,0.2421052631578947,female,0.2285714285714285,0.05590062088711872,two-strong
7,2724,marriage,0.2421052631578947,female,0.2285714285714285,0.05590062088711872,two-strong
7,2725,marriage,0.2421052631578947,female,0.2285714285714285,0.05590062088711872,two-strong
7,2726,wealth,0.2999458511758036,marriage,0.2803775690013356,0.06523938248360464,two-strong
7,2727,marriage,0.2421052631578947,female,0.2285714285714285,0.05590062088711872,two-strong
7,2728,marriage,0.2421052631578947,female,0.2285714285714285,0.05590062088711872,two-strong
7,2729,marriage,0.2421052631578947,female,0.2285714285714285,0.05590062088711872,two-strong
7,2730,marriage,0.2421052631578947,female,0.2285714285714285,0.05590062088711872,two-strong
7,2731,marriage,0.2421052631578947,female,0.2285714285714285,0.05590062088711872,two-strong
7,2732,marriage,0.2421052631578947,female,0.2285714285714285,0.05590062088711872,two-strong
7,2733,marriage,0.2421052631578947,female,0.2285714285714285,0.05590062088711872,two-strong
7,2734,marriage,0.2421052631578947,female,0.2285714285714285,0.05590062088711872,two-strong
7,2735,marriage,0.2421052631578947,female,0.2285714285714285,0.05590062088711872,two-strong
7,2736,society,0.2759405168582665,marriage,0.2607165640032756,0.05517113968312002,two-strong
7,2737,marriage,0.2421052631578947,female,0.2285714285714285,0.05590062088711872,two-strong
7,2738,marriage,0.2421052631578947,female,0.2285714285714285,0.05590062088711872,two-strong
7,2739,marriage,0.2421052631578947,female,0.2285714285714285,0.05590062088711872,two-strong
7,2740,marriage,0.2421052631578947,female,0.2285714285714285,0.05590062088711872,two-strong
7,2741,marriage,0.2421052631578947,female,0.2285714285714285,0.05590062088711872,two-strong
7,2742,marriage,0.2421052631578947,female,0.2285714285714285,0.05590062088711872,two-strong
7,2743,marriage,0.2421052631578947,female,0.2285714285714285,0.05590062088711872,two-strong
7,2744,marriage,0.2421052631578947,female,0.2285714285714285,0.05590062088711872,two-strong
7,2745,marriage,0.2421052631578947,female,0.2285714285714285,0.05590062088711872,two-strong
7,2746,marriage,0.2421052631578947,female,0.2285714285714285,0.05590062088711872,two-strong
7,2747,marriage,0.2421052631578947,female,0.2285714285714285,0.05590062088711872,two-strong
7,2748,marriage,0.2421052631578947,female,0.2285714285714285,0.05590062088711872,two-strong
7,2749,marriage,0.2421052631578947,female,0.2285714285714285,0.05590062088711872,two-strong
7,2750,marriage,0.2421052631578947,female,0.2285714285714285,0.05590062088711872,two-strong
7,2751,marriage,0.2421052631578947,female,0.2285714285714285,0.05590062088711872,two-strong
7,2752,marriage,0.2421052631578947,female,0.2285714285714285,0.05590062088711872,two-strong
7,2753,marriage,0.2421052631578947,female,0.2285714285714285,0.05590062088711872,two-strong
7,2754,marriage,0.2421052631578947,female,0.2285714285714285,0.05590062088711872,two-strong
7,2755,marriage,0.2421052631578947,female,0.2285714285714285,0.05590062088711872,two-strong
7,2756,marriage,0.2421052631578947,female,0.2285714285714285,0.05590062088711872,two-strong
7,2757,marriage,0.2421052631578947,female,0.2285714285714285,0.05590062088711872,two-strong
7,2758,marriage,0.2421052631578947,female,0.2285714285714285,0.05590062088711872,two-strong
7,2759,female,0.2820289851089713,male,0.2421963789656825,0.14123585909676012,two-strong
7,2760,wealth,0.212340506712441,society,0.2086314866546112,0.01746732216941239,two-strong
7,2761,marriage,0.2421052631578947,female,0.2285714285714285,0.05590062088711872,two-strong
7,2762,marriage,0.2421052631578947,female,0.2285714285714285,0.05590062088711872,two-strong
7,2763,marriage,0.2418437397842432,female,0.2277255639097744,0.058377263884055224,two-strong
7,2764,marriage,0.2421052631578947,female,0.2285714285714285,0.05590062088711872,two-strong
7,2765,marriage,0.2421052631578947,female,0.2285714285714285,0.05590062088711872,two-strong
7,2766,marriage,0.2421052631578947,female,0.2285714285714285,0.05590062088711872,two-strong
7,2767,marriage,0.2421052631578947,female,0.2285714285714285,0.05590062088711872,two-strong
7,2768,marriage,0.2393813758271761,duty,0.1594485619281486,0.33391408704586006,leaning
7,2769,marriage,0.2421052631578947,female,0.2285714285714285,0.05590062088711872,two-strong
7,2770,marriage,0.2421052631578947,female,0.2285714285714285,0.05590062088711872,two-strong
7,2771,marriage,0.2421052631578947,female,0.2285714285714285,0.05590062088711872,two-strong
7,2772,marriage,0.2421052631578947,female,0.2285714285714285,0.05590062088711872,two-strong
7,2773,female,0.2336707152496626,male,0.2130803198472371,0.08811714079065833,two-strong
7,2774,marriage,0.2421052631578947,female,0.2285714285714285,0.05590062088711872,two-strong
7,2775,marriage,0.2421052631578947,female,0.2285714285714285,0.05590062088711872,two-strong
7,2776,marriage,0.2421052631578947,female,0.2285714285714285,0.05590062088711872,two-strong
7,2777,marriage,0.2421052631578947,female,0.2285714285714285,0.05590062088711872,two-strong
7,2778,marriage,0.2421052631578947,female,0.2285714285714285,0.05590062088711872,two-strong
7,2779,marriage,0.2421052631578947,female,0.2285714285714285,0.05590062088711872,two-strong
7,2780,marriage,0.2421052631578947,female,0.2285714285714285,0.05590062088711872,two-strong
7,2781,marriage,0.2421052631578947,female,0.2285714285714285,0.05590062088711872,two-strong
7,2782,marriage,0.2421052631578947,female,0.2285714285714285,0.05590062088711872,two-strong
7,2783,marriage,0.2421052631578947,female,0.2285714285714285,0.05590062088711872,two-strong
7,2784,marriage,0.2421052631578947,female,0.2285714285714285,0.05590062088711872,two-strong
7,2785,marriage,0.2421052631578947,female,0.2285714285714285,0.05590062088711872,two-strong
7,2786,marriage,0.2421052631578947,female,0.2285714285714285,0.05590062088711872,two-strong
7,2787,marriage,0.2576096996968197,society,0.2279963556819476,0.11495430465067762,two-strong
7,2788,marriage,0.2421052631578947,female,0.2285714285714285,0.05590062088711872,two-strong
7,2789,marriage,0.2421052631578947,female,0.2285714285714285,0.05590062088711872,two-strong
7,2790,marriage,0.2421052631578947,female,0.2285714285714285,0.05590062088711872,two-strong
7,2791,marriage,0.2421052631578947,female,0.2285714285714285,0.05590062088711872,two-strong
7,2792,marriage,0.2479693821251875,duty,0.1376971841368126,0.4447008602376686,leaning
7,2793,marriage,0.2421052631578947,female,0.2285714285714285,0.05590062088711872,two-strong
7,2794,marriage,0.2421052631578947,female,0.2285714285714285,0.05590062088711872,two-strong
7,2795,marriage,0.2421052631578947,female,0.2285714285714285,0.05590062088711872,two-strong
7,2796,marriage,0.2421052631578947,female,0.2285714285714285,0.05590062088711872,two-strong
7,2797,marriage,0.2421052631578947,female,0.2285714285714285,0.05590062088711872,two-strong
7,2798,marriage,0.2421052631578947,female,0.2285714285714285,0.05590062088711872,two-strong
7,2799,marriage,0.2421052631578947,female,0.2285714285714285,0.05590062088711872,two-strong
7,2800,marriage,0.2421052631578947,female,0.2285714285714285,0.05590062088711872,two-strong
7,2801,marriage,0.2421052631578947,female,0.2285714285714285,0.05590062088711872,two-strong
7,2802,marriage,0.2421052631578947,female,0.2285714285714285,0.05590062088711872,two-strong
7,2803,marriage,0.2421052631578947,female,0.2285714285714285,0.05590062088711872,two-strong
7,2804,marriage,0.2421052631578947,female,0.2285714285714285,0.05590062088711872,two-strong
7,2805,marriage,0.2421052631578947,female,0.2285714285714285,0.05590062088711872,two-strong
7,2806,marriage,0.2421052631578947,female,0.2285714285714285,0.05590062088711872,two-strong
7,2807,wealth,0.1949624060150376,,,0.999999994870806,dominant
7,2808,marriage,0.2421052631578947,female,0.2285714285714285,0.05590062088711872,two-strong
7,2809,marriage,0.2421052631578947,female,0.2285714285714285,0.05590062088711872,two-strong
7,2810,marriage,0.2421052631578947,female,0.2285714285714285,0.05590062088711872,two-strong
7,2811,marriage,0.2421052631578947,female,0.2285714285714285,0.05590062088711872,two-strong
7,2812,marriage,0.2421052631578947,female,0.2285714285714285,0.05590062088711872,two-strong
7,2813,marriage,0.2421052631578947,female,0.2285714285714285,0.05590062088711872,two-strong
7,2814,marriage,0.2421052631578947,female,0.2285714285714285,0.05590062088711872,two-strong
7,2815,marriage,0.2421052631578947,female,0.2285714285714285,0.05590062088711872,two-strong
7,2816,marriage,0.2421052631578947,female,0.2285714285714285,0.05590062088711872,two-strong
7,2817,marriage,0.2421052631578947,female,0.2285714285714285,0.05590062088711872,two-strong
7,2818,marriage,0.2421052631578947,female,0.2285714285714285,0.05590062088711872,two-strong
7,2819,marriage,0.2421052631578947,female,0.2285714285714285,0.05590062088711872,two-strong
7,2820,marriage,0.2421052631578947,female,0.2285714285714285,0.05590062088711872,two-strong
7,2821,marriage,0.2421052631578947,female,0.2285714285714285,0.05590062088711872,two-strong
7,2822,marriage,0.2421052631578947,female,0.2285714285714285,0.05590062088711872,two-strong
7,2823,marriage,0.2421052631578947,female,0.2285714285714285,0.05590062088711872,two-strong
7,2824,female,0.2336466165413533,society,0.2031223095907708,0.13064305091076261,two-strong
7,2825,marriage,0.2421052631578947,female,0.2285714285714285,0.05590062088711872,two-strong
7,2826,marriage,0.2421052631578947,female,0.2285714285714285,0.05590062088711872,two-strong
7,2827,marriage,0.2421052631578947,female,0.2285714285714285,0.05590062088711872,two-strong
7,2828,marriage,0.2421052631578947,female,0.2285714285714285,0.05590062088711872,two-strong
7,2829,marriage,0.2421052631578947,female,0.2285714285714285,0.05590062088711872,two-strong
7,2830,marriage,0.2421052631578947,female,0.2285714285714285,0.05590062088711872,two-strong
7,2831,marriage,0.2421052631578947,female,0.2285714285714285,0.05590062088711872,two-strong
7,2832,marriage,0.2421052631578947,female,0.2285714285714285,0.05590062088711872,two-strong
7,2833,marriage,0.2421052631578947,female,0.2285714285714285,0.05590062088711872,two-strong
7,2834,marriage,0.2421052631578947,female,0.2285714285714285,0.05590062088711872,two-strong
7,2835,marriage,0.2421052631578947,female,0.2285714285714285,0.05590062088711872,two-strong
7,2836,marriage,0.2421052631578947,female,0.2285714285714285,0.05590062088711872,two-strong
7,2837,marriage,0.2421052631578947,female,0.2285714285714285,0.05590062088711872,two-strong
7,2838,female,0.2701000473775082,duty,0.1302784301015171,0.5176660208537539,dominant
7,2839,marriage,0.2421052631578947,female,0.2285714285714285,0.05590062088711872,two-strong
7,2840,marriage,0.2421052631578947,female,0.2285714285714285,0.05590062088711872,two-strong
7,2841,marriage,0.2421052631578947,female,0.2285714285714285,0.05590062088711872,two-strong
7,2842,marriage,0.2421052631578947,female,0.2285714285714285,0.05590062088711872,two-strong
7,2843,marriage,0.2421052631578947,female,0.2285714285714285,0.05590062088711872,two-strong
7,2844,marriage,0.2421052631578947,female,0.2285714285714285,0.05590062088711872,two-strong
7,2845,marriage,0.2421052631578947,female,0.2285714285714285,0.05590062088711872,two-strong
7,2846,marriage,0.2421052631578947,female,0.2285714285714285,0.05590062088711872,two-strong
7,2847,male,0.3567055643765944,family,0.2933596089416775,0.177586114665856,two-strong
7,2848,marriage,0.2421052631578947,female,0.2285714285714285,0.05590062088711872,two-strong
7,2849,marriage,0.2421052631578947,female,0.2285714285714285,0.05590062088711872,two-strong
7,2850,marriage,0.2421052631578947,female,0.2285714285714285,0.05590062088711872,two-strong
7,2851,male,0.2095238095238095,family,0.1996461742591773,0.04714325899256086,two-strong
7,2852,marriage,0.2421052631578947,female,0.2285714285714285,0.05590062088711872,two-strong
7,2853,marriage,0.2421052631578947,female,0.2285714285714285,0.05590062088711872,two-strong
7,2854,marriage,0.2421052631578947,female,0.2285714285714285,0.05590062088711872,two-strong
7,2855,scandal,0.1208881578947368,,,0.9999999917278912,dominant
7,2856,marriage,0.2973965077852359,duty,0.196089210441845,0.34064723139218056,leaning
7,2857,marriage,0.2421052631578947,female,0.2285714285714285,0.05590062088711872,two-strong
7,2858,marriage,0.2421052631578947,female,0.2285714285714285,0.05590062088711872,two-strong
7,2859,marriage,0.2421052631578947,female,0.2285714285714285,0.05590062088711872,two-strong
7,2860,marriage,0.2421052631578947,female,0.2285714285714285,0.05590062088711872,two-strong
7,2861,marriage,0.2421052631578947,female,0.2285714285714285,0.05590062088711872,two-strong
7,2862,marriage,0.2421052631578947,female,0.2285714285714285,0.05590062088711872,two-strong
7,2863,wealth,0.1936124927703875,class,0.1590912790912791,0.17830054769114456,two-strong
7,2864,marriage,0.2421542987904544,female,0.2285714285714285,0.05609179862087796,two-strong
7,2865,marriage,0.2468126838836221,female,0.2285714285714285,0.07390728446876531,two-strong
7,2866,marriage,0.2421052631578947,female,0.2285714285714285,0.05590062088711872,two-strong
7,2867,marriage,0.2421052631578947,female,0.2285714285714285,0.05590062088711872,two-strong
7,2868,marriage,0.2421052631578947,female,0.2285714285714285,0.05590062088711872,two-strong
7,2869,marriage,0.2421052631578947,female,0.2285714285714285,0.05590062088711872,two-strong
7,2870,marriage,0.2421052631578947,female,0.2285714285714285,0.05590062088711872,two-strong
7,2871,female,0.2927365488280383,male,0.259786922115401,0.11255726943558236,two-strong
7,2872,female,0.2303571428571428,male,0.2060150375939849,0.10567115417203546,two-strong
7,2873,marriage,0.2421052631578947,female,0.2285714285714285,0.05590062088711872,two-strong
7,2874,marriage,0.2421052631578947,female,0.2336466165413533,0.034937888054449355,two-strong
7,2875,marriage,0.2421052631578947,female,0.2285714285714285,0.05590062088711872,two-strong
7,2876,marriage,0.2421052631578947,female,0.2285714285714285,0.05590062088711872,two-strong
7,2877,marriage,0.2421052631578947,female,0.2285714285714285,0.05590062088711872,two-strong
7,2878,marriage,0.2421052631578947,female,0.2285714285714285,0.05590062088711872,two-strong
7,2879,marriage,0.2421052631578947,female,0.2285714285714285,0.05590062088711872,two-strong
7,2880,wealth,0.1968404647983595,,,0.9999999949197438,dominant
7,2881,marriage,0.2421052631578947,female,0.2285714285714285,0.05590062088711872,two-strong
7,2882,marriage,0.2421052631578947,female,0.2285714285714285,0.05590062088711872,two-strong
7,2883,marriage,0.2421052631578947,female,0.2285714285714285,0.05590062088711872,two-strong
7,2884,marriage,0.2421052631578947,female,0.2285714285714285,0.05590062088711872,two-strong
7,2885,marriage,0.2421052631578947,female,0.2285714285714285,0.05590062088711872,two-strong
7,2886,marriage,0.2421052631578947,female,0.2285714285714285,0.05590062088711872,two-strong
7,2887,marriage,0.2421052631578947,female,0.2285714285714285,0.05590062088711872,two-strong
7,2888,marriage,0.2421052631578947,female,0.2285714285714285,0.05590062088711872,two-strong
7,2889,marriage,0.2635907733978999,female,0.2344460911895122,0.11056791450672211,two-strong
7,2890,marriage,0.2421052631578947,female,0.2285714285714285,0.05590062088711872,two-strong
7,2891,marriage,0.2421052631578947,female,0.2285714285714285,0.05590062088711872,two-strong
7,2892,marriage,0.2421052631578947,female,0.2285714285714285,0.05590062088711872,two-strong
7,2893,marriage,0.2421052631578947,female,0.2285714285714285,0.05590062088711872,two-strong
7,2894,marriage,0.2421052631578947,female,0.2285714285714285,0.05590062088711872,two-strong
7,2895,marriage,0.2421052631578947,female,0.2285714285714285,0.05590062088711872,two-strong
7,2896,marriage,0.2421052631578947,female,0.2285714285714285,0.05590062088711872,two-strong
7,2897,marriage,0.2421052631578947,female,0.2285714285714285,0.05590062088711872,two-strong
7,2898,marriage,0.2421052631578947,female,0.2285714285714285,0.05590062088711872,two-strong
7,2899,class,0.2681476611463848,female,0.2228194770564093,0.16904187687912903,two-strong
7,2900,marriage,0.2421052631578947,female,0.2285714285714285,0.05590062088711872,two-strong
7,2901,marriage,0.2421052631578947,female,0.2285714285714285,0.05590062088711872,two-strong
7,2902,marriage,0.2421052631578947,female,0.2285714285714285,0.05590062088711872,two-strong
7,2903,marriage,0.2421052631578947,female,0.2285714285714285,0.05590062088711872,two-strong
7,2904,marriage,0.2421052631578947,female,0.2285714285714285,0.05590062088711872,two-strong
7,2905,marriage,0.2421052631578947,female,0.2285714285714285,0.05590062088711872,two-strong
7,2906,marriage,0.2421052631578947,female,0.2285714285714285,0.05590062088711872,two-strong
7,2907,marriage,0.2421052631578947,female,0.2285714285714285,0.05590062088711872,two-strong
7,2908,marriage,0.2421052631578947,female,0.2285714285714285,0.05590062088711872,two-strong
7,2909,marriage,0.2421052631578947,female,0.2285714285714285,0.05590062088711872,two-strong
7,2910,marriage,0.2421052631578947,female,0.2285714285714285,0.05590062088711872,two-strong
7,2911,marriage,0.2421052631578947,female,0.2285714285714285,0.05590062088711872,two-strong
7,2912,marriage,0.2421052631578947,female,0.2285714285714285,0.05590062088711872,two-strong
7,2913,marriage,0.2421052631578947,female,0.2285714285714285,0.05590062088711872,two-strong
7,2914,marriage,0.2421052631578947,female,0.2285714285714285,0.05590062088711872,two-strong
7,2915,marriage,0.2421052631578947,female,0.2285714285714285,0.05590062088711872,two-strong
7,2916,marriage,0.2421052631578947,female,0.2285714285714285,0.05590062088711872,two-strong
7,2917,marriage,0.2421052631578947,female,0.2285714285714285,0.05590062088711872,two-strong
7,2918,marriage,0.2421052631578947,female,0.2285714285714285,0.05590062088711872,two-strong
7,2919,marriage,0.2421052631578947,female,0.2285714285714285,0.05590062088711872,two-strong
7,2920,marriage,0.2421052631578947,female,0.2285714285714285,0.05590062088711872,two-strong
7,2921,marriage,0.2421052631578947,female,0.2285714285714285,0.05590062088711872,two-strong
7,2922,marriage,0.2421052631578947,female,0.2285714285714285,0.05590062088711872,two-strong
7,2923,marriage,0.2421052631578947,female,0.2285714285714285,0.05590062088711872,two-strong
7,2924,marriage,0.2421052631578947,female,0.2285714285714285,0.05590062088711872,two-strong
7,2925,marriage,0.2421052631578947,female,0.2285714285714285,0.05590062088711872,two-strong
7,2926,marriage,0.2421052631578947,female,0.2285714285714285,0.05590062088711872,two-strong
7,2927,marriage,0.2421052631578947,female,0.2285714285714285,0.05590062088711872,two-strong
7,2928,marriage,0.2421052631578947,female,0.2285714285714285,0.05590062088711872,two-strong
7,2929,marriage,0.2421052631578947,female,0.2285714285714285,0.05590062088711872,two-strong
7,2930,marriage,0.2421052631578947,female,0.2285714285714285,0.05590062088711872,two-strong
7,2931,marriage,0.2421052631578947,female,0.2285714285714285,0.05590062088711872,two-strong
7,2932,male,0.2060150375939849,,,0.9999999951459855,dominant
7,2933,marriage,0.2421052631578947,female,0.2285714285714285,0.05590062088711872,two-strong
7,2934,marriage,0.2421052631578947,female,0.2285714285714285,0.05590062088711872,two-strong
7,2935,marriage,0.2421052631578947,female,0.2285714285714285,0.05590062088711872,two-strong
7,2936,marriage,0.2421052631578947,female,0.2285714285714285,0.05590062088711872,two-strong
7,2937,marriage,0.2421052631578947,female,0.2285714285714285,0.05590062088711872,two-strong
7,2938,marriage,0.2421052631578947,female,0.2285714285714285,0.05590062088711872,two-strong
7,2939,marriage,0.2421052631578947,female,0.2285714285714285,0.05590062088711872,two-strong
7,2940,marriage,0.2421052631578947,female,0.2285714285714285,0.05590062088711872,two-strong
7,2941,marriage,0.2421052631578947,female,0.2285714285714285,0.05590062088711872,two-strong
7,2942,marriage,0.2421052631578947,female,0.2285714285714285,0.05590062088711872,two-strong
7,2943,marriage,0.2421052631578947,female,0.2285714285714285,0.05590062088711872,two-strong
7,2944,marriage,0.2421052631578947,female,0.2285714285714285,0.05590062088711872,two-strong
7,2945,marriage,0.2421052631578947,female,0.2285714285714285,0.05590062088711872,two-strong
7,2946,marriage,0.2421052631578947,female,0.2285714285714285,0.05590062088711872,two-strong
7,2947,marriage,0.2421052631578947,female,0.2285714285714285,0.05590062088711872,two-strong
7,2948,marriage,0.2421052631578947,female,0.2285714285714285,0.05590062088711872,two-strong
7,2949,marriage,0.2421052631578947,female,0.2285714285714285,0.05590062088711872,two-strong
7,2950,marriage,0.2436526097853329,female,0.2285714285714285,0.0618962430375576,two-strong
7,2951,marriage,0.2437070938215103,female,0.2285714285714285,0.06210596889338432,two-strong
7,2952,marriage,0.2421052631578947,female,0.2285714285714285,0.05590062088711872,two-strong
7,2953,marriage,0.2421052631578947,female,0.2285714285714285,0.05590062088711872,two-strong
7,2954,marriage,0.2421052631578947,female,0.2285714285714285,0.05590062088711872,two-strong
7,2955,marriage,0.2421052631578947,female,0.2285714285714285,0.05590062088711872,two-strong
7,2956,marriage,0.2421052631578947,female,0.2285714285714285,0.05590062088711872,two-strong
7,2957,marriage,0.2421052631578947,female,0.2285714285714285,0.05590062088711872,two-strong
7,2958,marriage,0.2421052631578947,female,0.2285714285714285,0.05590062088711872,two-strong
7,2959,marriage,0.2421052631578947,female,0.2285714285714285,0.05590062088711872,two-strong
7,2960,female,0.2332706766917293,male,0.2210347296813462,0.05245385803076843,two-strong
7,2961,marriage,0.2421052631578947,female,0.2285714285714285,0.05590062088711872,two-strong
7,2962,marriage,0.2421052631578947,female,0.2285714285714285,0.05590062088711872,two-strong
7,2963,society,0.4673460412175101,emotion,0.1908313270236825,0.5916701741642938,dominant
7,2964,marriage,0.2421052631578947,female,0.2285714285714285,0.05590062088711872,two-strong
7,2965,marriage,0.2421052631578947,female,0.2285714285714285,0.05590062088711872,two-strong
7,2966,female,0.2505182127740144,duty,0.1270052474366959,0.4930298818461805,leaning
7,2967,marriage,0.2421052631578947,female,0.2285714285714285,0.05590062088711872,two-strong
7,2968,marriage,0.2421052631578947,female,0.2285714285714285,0.05590062088711872,two-strong
7,2969,marriage,0.2421052631578947,female,0.2285714285714285,0.05590062088711872,two-strong
7,2970,marriage,0.2421052631578947,female,0.2285714285714285,0.05590062088711872,two-strong
7,2971,marriage,0.2421052631578947,female,0.2285714285714285,0.05590062088711872,two-strong
7,2972,marriage,0.2421052631578947,female,0.2285714285714285,0.05590062088711872,two-strong
7,2973,marriage,0.2437070938215103,female,0.2387218045112781,0.020456069667907598,two-strong
7,2974,female,0.2947250322056824,marriage,0.2548587551472837,0.1352660024320937,two-strong
7,2975,marriage,0.2421052631578947,female,0.2285714285714285,0.05590062088711872,two-strong
7,2976,marriage,0.2421052631578947,female,0.2285714285714285,0.05590062088711872,two-strong
7,2977,marriage,0.2421052631578947,female,0.2285714285714285,0.05590062088711872,two-strong
7,2978,marriage,0.2421052631578947,female,0.2285714285714285,0.05590062088711872,two-strong
7,2979,marriage,0.2421052631578947,female,0.2285714285714285,0.05590062088711872,two-strong
7,2980,marriage,0.2421052631578947,female,0.2285714285714285,0.05590062088711872,two-strong
7,2981,marriage,0.2421052631578947,female,0.2285714285714285,0.05590062088711872,two-strong
7,2982,marriage,0.2421052631578947,female,0.2285714285714285,0.05590062088711872,two-strong
7,2983,marriage,0.2421052631578947,female,0.2285714285714285,0.05590062088711872,two-strong
7,2984,marriage,0.2421052631578947,female,0.2285714285714285,0.05590062088711872,two-strong
7,2985,marriage,0.2421052631578947,female,0.2285714285714285,0.05590062088711872,two-strong
7,2986,marriage,0.2421052631578947,female,0.2285714285714285,0.05590062088711872,two-strong
7,2987,marriage,0.2421052631578947,female,0.2285714285714285,0.05590062088711872,two-strong
7,2988,marriage,0.2421052631578947,female,0.2285714285714285,0.05590062088711872,two-strong
7,2989,marriage,0.2421052631578947,female,0.2285714285714285,0.05590062088711872,two-strong
7,2990,marriage,0.2421052631578947,female,0.2285714285714285,0.05590062088711872,two-strong
7,2991,marriage,0.2421052631578947,female,0.2285714285714285,0.05590062088711872,two-strong
7,2992,wealth,0.1944661654135338,,,0.9999999948577173,dominant
7,2993,marriage,0.2421052631578947,female,0.2285714285714285,0.05590062088711872,two-strong
7,2994,marriage,0.2421052631578947,female,0.2285714285714285,0.05590062088711872,two-strong
7,2995,marriage,0.2421052631578947,female,0.2285714285714285,0.05590062088711872,two-strong
7,2996,marriage,0.2421052631578947,female,0.2285714285714285,0.05590062088711872,two-strong
7,2997,marriage,0.2421052631578947,female,0.2285714285714285,0.05590062088711872,two-strong
7,2998,marriage,0.2421052631578947,female,0.2285714285714285,0.05590062088711872,two-strong
7,2999,marriage,0.2421052631578947,female,0.2285714285714285,0.05590062088711872,two-strong
7,3000,marriage,0.2421052631578947,female,0.2285714285714285,0.05590062088711872,two-strong
7,3001,marriage,0.2421052631578947,female,0.2285714285714285,0.05590062088711872,two-strong
7,3002,marriage,0.2421052631578947,female,0.2285714285714285,0.05590062088711872,two-strong
7,3003,marriage,0.2421052631578947,female,0.2285714285714285,0.05590062088711872,two-strong
7,3004,marriage,0.2421052631578947,female,0.2285714285714285,0.05590062088711872,two-strong
7,3005,marriage,0.2421052631578947,female,0.2285714285714285,0.05590062088711872,two-strong
7,3006,marriage,0.2421052631578947,female,0.2285714285714285,0.05590062088711872,two-strong
7,3007,marriage,0.2421052631578947,female,0.2285714285714285,0.05590062088711872,two-strong
7,3008,marriage,0.2421052631578947,female,0.2285714285714285,0.05590062088711872,two-strong
7,3009,marriage,0.2421052631578947,female,0.2285714285714285,0.05590062088711872,two-strong
7,3010,marriage,0.2421052631578947,female,0.2285714285714285,0.05590062088711872,two-strong
7,3011,marriage,0.2421052631578947,female,0.2285714285714285,0.05590062088711872,two-strong
7,3012,marriage,0.2421052631578947,female,0.2285714285714285,0.05590062088711872,two-strong
7,3013,marriage,0.2421052631578947,female,0.2285714285714285,0.05590062088711872,two-strong
7,3014,marriage,0.2421052631578947,female,0.2285714285714285,0.05590062088711872,two-strong
7,3015,marriage,0.2421052631578947,female,0.2285714285714285,0.05590062088711872,two-strong
7,3016,marriage,0.2421052631578947,female,0.2285714285714285,0.05590062088711872,two-strong
7,3017,marriage,0.2421052631578947,female,0.2285714285714285,0.05590062088711872,two-strong
7,3018,marriage,0.2421052631578947,female,0.2285714285714285,0.05590062088711872,two-strong
7,3019,marriage,0.2421052631578947,female,0.2285714285714285,0.05590062088711872,two-strong
7,3020,marriage,0.2421052631578947,female,0.2285714285714285,0.05590062088711872,two-strong
7,3021,marriage,0.2421052631578947,female,0.2285714285714285,0.05590062088711872,two-strong
7,3022,marriage,0.2421052631578947,female,0.2285714285714285,0.05590062088711872,two-strong
7,3023,marriage,0.2421052631578947,female,0.2285714285714285,0.05590062088711872,two-strong
7,3024,marriage,0.2421052631578947,female,0.2285714285714285,0.05590062088711872,two-strong
7,3025,marriage,0.2421052631578947,female,0.2285714285714285,0.05590062088711872,two-strong
7,3026,marriage,0.2421052631578947,female,0.2285714285714285,0.05590062088711872,two-strong
7,3027,marriage,0.2421052631578947,female,0.2285714285714285,0.05590062088711872,two-strong
7,3028,marriage,0.2421052631578947,female,0.2285714285714285,0.05590062088711872,two-strong
7,3029,marriage,0.2446878064727035,female,0.2303884711779448,0.05843910018423729,two-strong
7,3030,wealth,0.1945624060150375,,,0.9999999948602609,dominant
7,3031,marriage,0.2421052631578947,female,0.2285714285714285,0.05590062088711872,two-strong
7,3032,marriage,0.2421052631578947,female,0.2285714285714285,0.05590062088711872,two-strong
7,3033,marriage,0.2437070938215103,female,0.2285714285714285,0.06210596889338432,two-strong
7,3034,marriage,0.2421052631578947,female,0.2285714285714285,0.05590062088711872,two-strong
7,3035,marriage,0.2421052631578947,female,0.2285714285714285,0.05590062088711872,two-strong
7,3036,marriage,0.2421052631578947,female,0.2285714285714285,0.05590062088711872,two-strong
7,3037,marriage,0.2421052631578947,female,0.2285714285714285,0.05590062088711872,two-strong
7,3038,marriage,0.2421052631578947,female,0.2285714285714285,0.05590062088711872,two-strong
7,3039,marriage,0.2421052631578947,female,0.2285714285714285,0.05590062088711872,two-strong
7,3040,marriage,0.2421052631578947,female,0.2285714285714285,0.05590062088711872,two-strong
7,3041,marriage,0.2421052631578947,female,0.2285714285714285,0.05590062088711872,two-strong
7,3042,marriage,0.2421052631578947,female,0.2285714285714285,0.05590062088711872,two-strong
7,3043,female,0.2303571428571428,male,0.2060150375939849,0.10567115417203546,two-strong
7,3044,marriage,0.2421052631578947,female,0.2285714285714285,0.05590062088711872,two-strong
7,3045,marriage,0.2421052631578947,female,0.2285714285714285,0.05590062088711872,two-strong
7,3046,marriage,0.2435981257491555,female,0.2285714285714285,0.061686423365647135,two-strong
7,3047,female,0.2739140531114083,male,0.2296996524541542,0.16141705762666314,two-strong
7,3048,marriage,0.2421052631578947,female,0.2285714285714285,0.05590062088711872,two-strong
7,3049,marriage,0.2321674127288009,female,0.2250075134631749,0.030839380732343442,two-strong
7,3050,marriage,0.2421052631578947,female,0.2285714285714285,0.05590062088711872,two-strong
7,3051,marriage,0.2421052631578947,female,0.2285714285714285,0.05590062088711872,two-strong
7,3052,marriage,0.2421052631578947,female,0.2285714285714285,0.05590062088711872,two-strong
7,3053,marriage,0.2421052631578947,female,0.2285714285714285,0.05590062088711872,two-strong
7,3054,marriage,0.2421052631578947,female,0.2285714285714285,0.05590062088711872,two-strong
7,3055,marriage,0.2421052631578947,female,0.2285714285714285,0.05590062088711872,two-strong
7,3056,marriage,0.2421052631578947,female,0.2285714285714285,0.05590062088711872,two-strong
7,3057,marriage,0.2421052631578947,female,0.2285714285714285,0.05590062088711872,two-strong
7,3058,marriage,0.2421052631578947,female,0.2285714285714285,0.05590062088711872,two-strong
7,3059,marriage,0.2421052631578947,female,0.2285714285714285,0.05590062088711872,two-strong
7,3060,marriage,0.2421052631578947,female,0.2285714285714285,0.05590062088711872,two-strong
7,3061,marriage,0.2421052631578947,female,0.2285714285714285,0.05590062088711872,two-strong
7,3062,love,0.1408175611442399,,,0.9999999928986131,dominant
7,3063,marriage,0.2421052631578947,female,0.2285714285714285,0.05590062088711872,two-strong
7,3064,marriage,0.2421052631578947,female,0.2285714285714285,0.05590062088711872,two-strong
7,3065,marriage,0.2421052631578947,female,0.2285714285714285,0.05590062088711872,two-strong
7,3066,marriage,0.2421052631578947,female,0.2285714285714285,0.05590062088711872,two-strong
7,3067,marriage,0.2421052631578947,female,0.2285714285714285,0.05590062088711872,two-strong
7,3068,marriage,0.2421052631578947,female,0.2285714285714285,0.05590062088711872,two-strong
7,3069,marriage,0.2421052631578947,female,0.2285714285714285,0.05590062088711872,two-strong
7,3070,marriage,0.2421052631578947,female,0.2285714285714285,0.05590062088711872,two-strong
7,3071,marriage,0.2421052631578947,female,0.2285714285714285,0.05590062088711872,two-strong
7,3072,marriage,0.2421052631578947,female,0.2285714285714285,0.05590062088711872,two-strong
7,3073,marriage,0.2421052631578947,female,0.2285714285714285,0.05590062088711872,two-strong
7,3074,marriage,0.2421052631578947,female,0.2285714285714285,0.05590062088711872,two-strong
7,3075,marriage,0.2421052631578947,female,0.2285714285714285,0.05590062088711872,two-strong
7,3076,marriage,0.2421052631578947,female,0.2285714285714285,0.05590062088711872,two-strong
7,3077,marriage,0.2421052631578947,female,0.2285714285714285,0.05590062088711872,two-strong
7,3078,marriage,0.2421052631578947,female,0.2285714285714285,0.05590062088711872,two-strong
7,3079,marriage,0.2421052631578947,female,0.2285714285714285,0.05590062088711872,two-strong
7,3080,marriage,0.2421052631578947,female,0.2285714285714285,0.05590062088711872,two-strong
7,3081,marriage,0.2421052631578947,female,0.2285714285714285,0.05590062088711872,two-strong
7,3082,marriage,0.2421052631578947,female,0.2285714285714285,0.05590062088711872,two-strong
7,3083,marriage,0.2421052631578947,female,0.2285714285714285,0.05590062088711872,two-strong
7,3084,marriage,0.2421052631578947,female,0.2285714285714285,0.05590062088711872,two-strong
7,3085,marriage,0.2421052631578947,female,0.2285714285714285,0.05590062088711872,two-strong
7,3086,marriage,0.2421052631578947,female,0.2285714285714285,0.05590062088711872,two-strong
7,3087,marriage,0.2421052631578947,female,0.2285714285714285,0.05590062088711872,two-strong
7,3088,marriage,0.2421052631578947,female,0.2285714285714285,0.05590062088711872,two-strong
7,3089,marriage,0.2421052631578947,female,0.2285714285714285,0.05590062088711872,two-strong
7,3090,marriage,0.2421052631578947,female,0.2285714285714285,0.05590062088711872,two-strong
7,3091,marriage,0.2421052631578947,female,0.2285714285714285,0.05590062088711872,two-strong
7,3092,marriage,0.2421052631578947,female,0.2285714285714285,0.05590062088711872,two-strong
7,3093,marriage,0.2421052631578947,female,0.2285714285714285,0.05590062088711872,two-strong
7,3094,marriage,0.2421052631578947,female,0.2285714285714285,0.05590062088711872,two-strong
7,3095,marriage,0.2421052631578947,female,0.2285714285714285,0.05590062088711872,two-strong
7,3096,marriage,0.2421052631578947,female,0.2285714285714285,0.05590062088711872,two-strong
7,3097,marriage,0.2421052631578947,female,0.2285714285714285,0.05590062088711872,two-strong
7,3098,marriage,0.2421052631578947,female,0.2285714285714285,0.05590062088711872,two-strong
7,3099,marriage,0.2421052631578947,female,0.2285714285714285,0.05590062088711872,two-strong
7,3100,marriage,0.2421052631578947,female,0.2303571428571428,0.048524844520068375,two-strong
7,3101,marriage,0.2421052631578947,female,0.2285714285714285,0.05590062088711872,two-strong
7,3102,marriage,0.2421052631578947,female,0.2285714285714285,0.05590062088711872,two-strong
7,3103,marriage,0.2421052631578947,female,0.2285714285714285,0.05590062088711872,two-strong
7,3104,marriage,0.2421052631578947,female,0.2285714285714285,0.05590062088711872,two-strong
7,3105,marriage,0.2421052631578947,female,0.2285714285714285,0.05590062088711872,two-strong
7,3106,marriage,0.2421052631578947,female,0.2285714285714285,0.05590062088711872,two-strong
7,3107,marriage,0.2421052631578947,female,0.2285714285714285,0.05590062088711872,two-strong
7,3108,marriage,0.2421052631578947,female,0.2285714285714285,0.05590062088711872,two-strong
7,3109,marriage,0.2421052631578947,female,0.2285714285714285,0.05590062088711872,two-strong
7,3110,marriage,0.2421052631578947,female,0.2285714285714285,0.05590062088711872,two-strong
7,3111,marriage,0.2421052631578947,female,0.2285714285714285,0.05590062088711872,two-strong
7,3112,marriage,0.2421052631578947,female,0.2285714285714285,0.05590062088711872,two-strong
7,3113,marriage,0.2421052631578947,female,0.2285714285714285,0.05590062088711872,two-strong
7,3114,marriage,0.2421052631578947,female,0.2285714285714285,0.05590062088711872,two-strong
7,3115,marriage,0.2421052631578947,female,0.2285714285714285,0.05590062088711872,two-strong
7,3116,marriage,0.2445847494556222,female,0.2336466165413533,0.04472123831879506,two-strong
7,3117,marriage,0.2421052631578947,female,0.2285714285714285,0.05590062088711872,two-strong
7,3118,marriage,0.2421052631578947,female,0.2285714285714285,0.05590062088711872,two-strong
7,3119,marriage,0.2421052631578947,female,0.2285714285714285,0.05590062088711872,two-strong
7,3120,marriage,0.2421052631578947,female,0.2285714285714285,0.05590062088711872,two-strong
7,3121,marriage,0.2421052631578947,female,0.2285714285714285,0.05590062088711872,two-strong
7,3122,marriage,0.2421052631578947,female,0.2285714285714285,0.05590062088711872,two-strong
7,3123,marriage,0.2421052631578947,female,0.2285714285714285,0.05590062088711872,two-strong
7,3124,marriage,0.2421052631578947,female,0.2285714285714285,0.05590062088711872,two-strong
7,3125,marriage,0.2421052631578947,female,0.2285714285714285,0.05590062088711872,two-strong
7,3126,wealth,0.2138486593557801,class,0.1530644793802688,0.2842392366376513,leaning
7,3127,marriage,0.2421052631578947,female,0.2285714285714285,0.05590062088711872,two-strong
7,3128,marriage,0.2421052631578947,female,0.2285714285714285,0.05590062088711872,two-strong
7,3129,marriage,0.2421052631578947,female,0.2285714285714285,0.05590062088711872,two-strong
7,3130,marriage,0.2421052631578947,female,0.2285714285714285,0.05590062088711872,two-strong
7,3131,marriage,0.2421052631578947,female,0.2285714285714285,0.05590062088711872,two-strong
7,3132,marriage,0.2421052631578947,female,0.2285714285714285,0.05590062088711872,two-strong
7,3133,marriage,0.2421052631578947,female,0.2285714285714285,0.05590062088711872,two-strong
7,3134,marriage,0.2421052631578947,female,0.2285714285714285,0.05590062088711872,two-strong
7,3135,marriage,0.2421052631578947,female,0.2285714285714285,0.05590062088711872,two-strong
7,3136,marriage,0.2421052631578947,female,0.2285714285714285,0.05590062088711872,two-strong
7,3137,marriage,0.2468126838836221,female,0.2285714285714285,0.07390728446876531,two-strong
7,3138,marriage,0.2421052631578947,female,0.2285714285714285,0.05590062088711872,two-strong
7,3139,marriage,0.2421052631578947,female,0.2285714285714285,0.05590062088711872,two-strong
7,3140,marriage,0.2421052631578947,female,0.2285714285714285,0.05590062088711872,two-strong
7,3141,marriage,0.2421052631578947,female,0.2285714285714285,0.05590062088711872,two-strong
7,3142,marriage,0.2421052631578947,female,0.2285714285714285,0.05590062088711872,two-strong
7,3143,marriage,0.2421052631578947,female,0.2285714285714285,0.05590062088711872,two-strong
7,3144,marriage,0.2421052631578947,female,0.2285714285714285,0.05590062088711872,two-strong
7,3145,marriage,0.2421052631578947,female,0.2285714285714285,0.05590062088711872,two-strong
7,3146,marriage,0.2421052631578947,female,0.2285714285714285,0.05590062088711872,two-strong
7,3147,marriage,0.2421052631578947,female,0.2285714285714285,0.05590062088711872,two-strong
7,3148,marriage,0.2421052631578947,female,0.2285714285714285,0.05590062088711872,two-strong
7,3149,marriage,0.2421052631578947,female,0.2285714285714285,0.05590062088711872,two-strong
7,3150,marriage,0.2421052631578947,female,0.2285714285714285,0.05590062088711872,two-strong
7,3151,marriage,0.2421052631578947,female,0.2285714285714285,0.05590062088711872,two-strong
7,3152,marriage,0.2421052631578947,female,0.2285714285714285,0.05590062088711872,two-strong
7,3153,marriage,0.2421052631578947,female,0.2285714285714285,0.05590062088711872,two-strong
7,3154,marriage,0.2421052631578947,female,0.2285714285714285,0.05590062088711872,two-strong
7,3155,marriage,0.2421052631578947,female,0.2285714285714285,0.05590062088711872,two-strong
7,3156,marriage,0.2421052631578947,female,0.2285714285714285,0.05590062088711872,two-strong
7,3157,marriage,0.2421052631578947,female,0.2285714285714285,0.05590062088711872,two-strong
7,3158,marriage,0.2421052631578947,female,0.2285714285714285,0.05590062088711872,two-strong
7,3159,marriage,0.2421052631578947,female,0.2285714285714285,0.05590062088711872,two-strong
7,3160,marriage,0.2421052631578947,female,0.2285714285714285,0.05590062088711872,two-strong
7,3161,wealth,0.1944661654135338,class,0.1574694311536417,0.1902476659164363,two-strong
7,3162,marriage,0.2421052631578947,female,0.2285714285714285,0.05590062088711872,two-strong
7,3163,marriage,0.2421052631578947,female,0.2285714285714285,0.05590062088711872,two-strong
7,3164,marriage,0.2421052631578947,female,0.2285714285714285,0.05590062088711872,two-strong
7,3165,marriage,0.2421052631578947,female,0.2285714285714285,0.05590062088711872,two-strong
7,3166,marriage,0.2421052631578947,female,0.2285714285714285,0.05590062088711872,two-strong
7,3167,marriage,0.2421052631578947,female,0.2285714285714285,0.05590062088711872,two-strong
7,3168,marriage,0.2421052631578947,female,0.2285714285714285,0.05590062088711872,two-strong
7,3169,marriage,0.2421052631578947,female,0.2285714285714285,0.05590062088711872,two-strong
7,3170,marriage,0.2421052631578947,female,0.2285714285714285,0.05590062088711872,two-strong
7,3171,marriage,0.2421052631578947,female,0.2285714285714285,0.05590062088711872,two-strong
7,3172,marriage,0.2437070938215103,female,0.2303571428571428,0.05477867180742083,two-strong
7,3173,marriage,0.2421052631578947,female,0.2285714285714285,0.05590062088711872,two-strong
7,3174,marriage,0.2421052631578947,female,0.2285714285714285,0.05590062088711872,two-strong
7,3175,marriage,0.2421052631578947,female,0.2285714285714285,0.05590062088711872,two-strong
7,3176,marriage,0.2421052631578947,female,0.2285714285714285,0.05590062088711872,two-strong
7,3177,marriage,0.2421052631578947,female,0.2285714285714285,0.05590062088711872,two-strong
7,3178,marriage,0.2421052631578947,female,0.2285714285714285,0.05590062088711872,two-strong
7,3179,marriage,0.2421052631578947,female,0.2285714285714285,0.05590062088711872,two-strong
7,3180,marriage,0.2421052631578947,female,0.2285714285714285,0.05590062088711872,two-strong
7,3181,marriage,0.2421052631578947,female,0.2285714285714285,0.05590062088711872,two-strong
7,3182,marriage,0.2421052631578947,female,0.2285714285714285,0.05590062088711872,two-strong
7,3183,marriage,0.2421052631578947,female,0.2285714285714285,0.05590062088711872,two-strong
7,3184,marriage,0.2421052631578947,female,0.2285714285714285,0.05590062088711872,two-strong
7,3185,marriage,0.2421052631578947,female,0.2285714285714285,0.05590062088711872,two-strong
7,3186,marriage,0.2421052631578947,female,0.2285714285714285,0.05590062088711872,two-strong
7,3187,marriage,0.2421052631578947,female,0.2285714285714285,0.05590062088711872,two-strong
7,3188,marriage,0.2421052631578947,female,0.2285714285714285,0.05590062088711872,two-strong
7,3189,male,0.2568207536150771,female,0.230406490771733,0.10285096655421716,two-strong
7,3190,marriage,0.2421052631578947,female,0.2285714285714285,0.05590062088711872,two-strong
7,3191,marriage,0.2421052631578947,female,0.2285714285714285,0.05590062088711872,two-strong
7,3192,marriage,0.2421052631578947,female,0.2285714285714285,0.05590062088711872,two-strong
7,3193,marriage,0.2421052631578947,female,0.2285714285714285,0.05590062088711872,two-strong
7,3194,marriage,0.2421052631578947,female,0.2285714285714285,0.05590062088711872,two-strong
7,3195,female,0.2742481203007518,scandal,0.1102391395154553,0.5980313739521937,dominant
7,3196,marriage,0.2421052631578947,female,0.2285714285714285,0.05590062088711872,two-strong
7,3197,marriage,0.2421052631578947,female,0.2285714285714285,0.05590062088711872,two-strong
7,3198,marriage,0.2421052631578947,female,0.2285714285714285,0.05590062088711872,two-strong
7,3199,marriage,0.2421052631578947,female,0.2285714285714285,0.05590062088711872,two-strong
7,3200,marriage,0.2421052631578947,female,0.2285714285714285,0.05590062088711872,two-strong
7,3201,marriage,0.2421052631578947,female,0.2285714285714285,0.05590062088711872,two-strong
7,3202,marriage,0.2421052631578947,female,0.2285714285714285,0.05590062088711872,two-strong
7,3203,marriage,0.2411661564979642,female,0.2336466165413533,0.031179913610699585,two-strong
7,3204,marriage,0.2421052631578947,female,0.2285714285714285,0.05590062088711872,two-strong
7,3205,marriage,0.2421052631578947,female,0.2285714285714285,0.05590062088711872,two-strong
7,3206,marriage,0.2421052631578947,female,0.2285714285714285,0.05590062088711872,two-strong
7,3207,male,0.266516024444371,emotion,0.2562331827333265,0.03858245182029697,two-strong
7,3208,marriage,0.2421052631578947,female,0.2285714285714285,0.05590062088711872,two-strong
7,3209,marriage,0.2421052631578947,female,0.2285714285714285,0.05590062088711872,two-strong
7,3210,marriage,0.2421052631578947,female,0.2285714285714285,0.05590062088711872,two-strong
7,3211,marriage,0.2421052631578947,female,0.2285714285714285,0.05590062088711872,two-strong
7,3212,marriage,0.2421052631578947,female,0.2285714285714285,0.05590062088711872,two-strong
7,3213,marriage,0.2421052631578947,female,0.2285714285714285,0.05590062088711872,two-strong
7,3214,marriage,0.2421052631578947,female,0.2285714285714285,0.05590062088711872,two-strong
7,3215,marriage,0.2421052631578947,female,0.2285714285714285,0.05590062088711872,two-strong
7,3216,marriage,0.2421052631578947,female,0.2285714285714285,0.05590062088711872,two-strong
7,3217,marriage,0.2421052631578947,female,0.2285714285714285,0.05590062088711872,two-strong
7,3218,marriage,0.2421052631578947,female,0.2285714285714285,0.05590062088711872,two-strong
7,3219,marriage,0.2340981755885471,family,0.2267839148361087,0.03124441573628309,two-strong
7,3220,marriage,0.2421052631578947,female,0.2285714285714285,0.05590062088711872,two-strong
7,3221,marriage,0.2421052631578947,female,0.2285714285714285,0.05590062088711872,two-strong
7,3222,marriage,0.2421052631578947,female,0.2285714285714285,0.05590062088711872,two-strong
7,3223,marriage,0.2421052631578947,female,0.2285714285714285,0.05590062088711872,two-strong
7,3224,marriage,0.2437070938215103,female,0.2365288220551378,0.029454504685757325,two-strong
7,3225,marriage,0.2421052631578947,female,0.2285714285714285,0.05590062088711872,two-strong
7,3226,marriage,0.2421052631578947,female,0.2285714285714285,0.05590062088711872,two-strong
7,3227,marriage,0.2421052631578947,female,0.2285714285714285,0.05590062088711872,two-strong
7,3228,marriage,0.2421052631578947,female,0.2285714285714285,0.05590062088711872,two-strong
7,3229,marriage,0.2421052631578947,female,0.2285714285714285,0.05590062088711872,two-strong
7,3230,marriage,0.2421052631578947,female,0.2285714285714285,0.05590062088711872,two-strong
7,3231,marriage,0.2421052631578947,female,0.2285714285714285,0.05590062088711872,two-strong
7,3232,marriage,0.2581399150049036,wealth,0.1891328320802005,0.26732434097248337,leaning
7,3233,marriage,0.2421052631578947,female,0.2285714285714285,0.05590062088711872,two-strong
7,3234,emotion,0.2812144229842706,scandal,0.1107566100923274,0.6061488969053648,dominant
7,3235,marriage,0.2421052631578947,female,0.2285714285714285,0.05590062088711872,two-strong
7,3236,marriage,0.2421052631578947,female,0.2285714285714285,0.05590062088711872,two-strong
7,3237,marriage,0.2421052631578947,female,0.2285714285714285,0.05590062088711872,two-strong
7,3238,marriage,0.2421052631578947,female,0.2285714285714285,0.05590062088711872,two-strong
7,3239,marriage,0.2421052631578947,female,0.2285714285714285,0.05590062088711872,two-strong
7,3240,marriage,0.2421052631578947,female,0.2285714285714285,0.05590062088711872,two-strong
7,3241,marriage,0.2421052631578947,female,0.2285714285714285,0.05590062088711872,two-strong
7,3242,marriage,0.2421052631578947,female,0.2285714285714285,0.05590062088711872,two-strong
7,3243,marriage,0.2421052631578947,female,0.2285714285714285,0.05590062088711872,two-strong
7,3244,marriage,0.2421052631578947,female,0.2285714285714285,0.05590062088711872,two-strong
7,3245,marriage,0.2421052631578947,female,0.2285714285714285,0.05590062088711872,two-strong
7,3246,marriage,0.2421052631578947,female,0.2285714285714285,0.05590062088711872,two-strong
7,3247,marriage,0.2421052631578947,female,0.2285714285714285,0.05590062088711872,two-strong
7,3248,marriage,0.2421052631578947,female,0.2285714285714285,0.05590062088711872,two-strong
7,3249,marriage,0.2421052631578947,female,0.2285714285714285,0.05590062088711872,two-strong
7,3250,marriage,0.2421052631578947,female,0.2285714285714285,0.05590062088711872,two-strong
7,3251,marriage,0.2421052631578947,female,0.2285714285714285,0.05590062088711872,two-strong
7,3252,marriage,0.2421052631578947,female,0.2285714285714285,0.05590062088711872,two-strong
7,3253,marriage,0.2421052631578947,female,0.2285714285714285,0.05590062088711872,two-strong
7,3254,marriage,0.2421052631578947,female,0.2285714285714285,0.05590062088711872,two-strong
7,3255,marriage,0.2421052631578947,female,0.2285714285714285,0.05590062088711872,two-strong
7,3256,marriage,0.2421052631578947,female,0.2285714285714285,0.05590062088711872,two-strong
7,3257,wealth,0.2009624060150375,,,0.999999995023945,dominant
7,3258,marriage,0.2421052631578947,female,0.2285714285714285,0.05590062088711872,two-strong
7,3259,marriage,0.2421052631578947,female,0.2285714285714285,0.05590062088711872,two-strong
7,3260,marriage,0.2421052631578947,female,0.2285714285714285,0.05590062088711872,two-strong
7,3261,marriage,0.2421052631578947,female,0.2285714285714285,0.05590062088711872,two-strong
7,3262,marriage,0.2421052631578947,female,0.2285714285714285,0.05590062088711872,two-strong
7,3263,marriage,0.2421052631578947,female,0.2285714285714285,0.05590062088711872,two-strong
7,3264,emotion,0.2030958312385019,,,0.9999999950762161,dominant
7,3265,marriage,0.2421052631578947,female,0.2285714285714285,0.05590062088711872,two-strong
7,3266,marriage,0.2421052631578947,female,0.2285714285714285,0.05590062088711872,two-strong
7,3267,marriage,0.2421052631578947,female,0.2285714285714285,0.05590062088711872,two-strong
7,3268,marriage,0.2421052631578947,female,0.2285714285714285,0.05590062088711872,two-strong
7,3269,marriage,0.2421052631578947,female,0.2285714285714285,0.05590062088711872,two-strong
7,3270,marriage,0.2421052631578947,female,0.2285714285714285,0.05590062088711872,two-strong
7,3271,marriage,0.2421052631578947,female,0.2285714285714285,0.05590062088711872,two-strong
7,3272,marriage,0.2421052631578947,female,0.2285714285714285,0.05590062088711872,two-strong
7,3273,marriage,0.2421052631578947,female,0.2285714285714285,0.05590062088711872,two-strong
7,3274,marriage,0.2421052631578947,female,0.2285714285714285,0.05590062088711872,two-strong
7,3275,marriage,0.2421052631578947,female,0.2285714285714285,0.05590062088711872,two-strong
7,3276,marriage,0.2421052631578947,female,0.2285714285714285,0.05590062088711872,two-strong
7,3277,marriage,0.2421052631578947,female,0.2285714285714285,0.05590062088711872,two-strong
7,3278,marriage,0.2421052631578947,female,0.2285714285714285,0.05590062088711872,two-strong
7,3279,marriage,0.2421052631578947,female,0.2285714285714285,0.05590062088711872,two-strong
7,3280,marriage,0.2421052631578947,female,0.2285714285714285,0.05590062088711872,two-strong
7,3281,marriage,0.2421052631578947,female,0.2285714285714285,0.05590062088711872,two-strong
7,3282,marriage,0.2421052631578947,female,0.2285714285714285,0.05590062088711872,two-strong
7,3283,marriage,0.2421052631578947,female,0.2285714285714285,0.05590062088711872,two-strong
7,3284,marriage,0.2421052631578947,female,0.2285714285714285,0.05590062088711872,two-strong
7,3285,marriage,0.2421052631578947,female,0.2285714285714285,0.05590062088711872,two-strong
7,3286,marriage,0.2421052631578947,female,0.2285714285714285,0.05590062088711872,two-strong
7,3287,marriage,0.2421052631578947,female,0.2285714285714285,0.05590062088711872,two-strong
7,3288,marriage,0.2421052631578947,female,0.2285714285714285,0.05590062088711872,two-strong
7,3289,marriage,0.2421052631578947,female,0.2285714285714285,0.05590062088711872,two-strong
7,3290,marriage,0.2421052631578947,female,0.2285714285714285,0.05590062088711872,two-strong
7,3291,marriage,0.2421052631578947,female,0.2285714285714285,0.05590062088711872,two-strong
7,3292,marriage,0.2421052631578947,female,0.2285714285714285,0.05590062088711872,two-strong
7,3293,marriage,0.2421052631578947,female,0.2285714285714285,0.05590062088711872,two-strong
7,3294,marriage,0.2421052631578947,female,0.2285714285714285,0.05590062088711872,two-strong
7,3295,marriage,0.2421052631578947,female,0.2285714285714285,0.05590062088711872,two-strong
7,3296,marriage,0.2424103737604881,female,0.2285714285714285,0.057088914625593346,two-strong
7,3297,marriage,0.2421052631578947,female,0.2285714285714285,0.05590062088711872,two-strong
7,3298,marriage,0.2421052631578947,female,0.2285714285714285,0.05590062088711872,two-strong
7,3299,marriage,0.2421052631578947,female,0.2285714285714285,0.05590062088711872,two-strong
7,3300,marriage,0.2421052631578947,female,0.2285714285714285,0.05590062088711872,two-strong
7,3301,marriage,0.2421052631578947,female,0.2285714285714285,0.05590062088711872,two-strong
7,3302,marriage,0.2421052631578947,female,0.2285714285714285,0.05590062088711872,two-strong
7,3303,marriage,0.2421052631578947,female,0.2285714285714285,0.05590062088711872,two-strong
7,3304,marriage,0.2421052631578947,female,0.2285714285714285,0.05590062088711872,two-strong
7,3305,marriage,0.2704631264289667,female,0.2542758032295646,0.059850388307195225,two-strong
7,3306,marriage,0.2421052631578947,female,0.2285714285714285,0.05590062088711872,two-strong
7,3307,marriage,0.2421052631578947,female,0.2285714285714285,0.05590062088711872,two-strong
7,3308,marriage,0.2421052631578947,female,0.2285714285714285,0.05590062088711872,two-strong
7,3309,emotion,0.208485835528019,class,0.1471258581772316,0.294312450057206,leaning
7,3310,marriage,0.2421052631578947,female,0.2285714285714285,0.05590062088711872,two-strong
7,3311,marriage,0.2421052631578947,female,0.2285714285714285,0.05590062088711872,two-strong
7,3312,marriage,0.2421052631578947,female,0.2285714285714285,0.05590062088711872,two-strong
7,3313,marriage,0.2421052631578947,female,0.2285714285714285,0.05590062088711872,two-strong
7,3314,marriage,0.2421052631578947,female,0.2285714285714285,0.05590062088711872,two-strong
7,3315,wealth,0.2038311122634171,,,0.9999999950939776,dominant
7,3316,marriage,0.2421052631578947,female,0.2285714285714285,0.05590062088711872,two-strong
7,3317,marriage,0.2421052631578947,female,0.2285714285714285,0.05590062088711872,two-strong
7,3318,marriage,0.2421052631578947,female,0.2285714285714285,0.05590062088711872,two-strong
7,3319,marriage,0.2421052631578947,female,0.2285714285714285,0.05590062088711872,two-strong
7,3320,marriage,0.2421052631578947,female,0.2285714285714285,0.05590062088711872,two-strong
7,3321,marriage,0.309738740030714,class,0.1443435193288494,0.5339829953188318,dominant
7,3322,marriage,0.2421052631578947,female,0.2285714285714285,0.05590062088711872,two-strong
7,3323,marriage,0.2421052631578947,female,0.2285714285714285,0.05590062088711872,two-strong
7,3324,marriage,0.2421052631578947,female,0.2285714285714285,0.05590062088711872,two-strong
7,3325,marriage,0.2421052631578947,female,0.2285714285714285,0.05590062088711872,two-strong
7,3326,wealth,0.2337217400032942,emotion,0.1923217109186449,0.1771338383281417,two-strong
7,3327,marriage,0.2421052631578947,female,0.2285714285714285,0.05590062088711872,two-strong
7,3328,marriage,0.2421052631578947,female,0.2285714285714285,0.05590062088711872,two-strong
7,3329,marriage,0.2421052631578947,female,0.2285714285714285,0.05590062088711872,two-strong
7,3330,society,0.2038930312132401,,,0.9999999950954676,dominant
7,3331,marriage,0.2421052631578947,female,0.2285714285714285,0.05590062088711872,two-strong
7,3332,marriage,0.2421052631578947,female,0.2285714285714285,0.05590062088711872,two-strong
7,3333,marriage,0.2421052631578947,female,0.2285714285714285,0.05590062088711872,two-strong
7,3334,marriage,0.2421052631578947,female,0.2285714285714285,0.05590062088711872,two-strong
7,3335,marriage,0.2421052631578947,female,0.2285714285714285,0.05590062088711872,two-strong
7,3336,marriage,0.2421052631578947,female,0.2285714285714285,0.05590062088711872,two-strong
7,3337,marriage,0.2421052631578947,female,0.2285714285714285,0.05590062088711872,two-strong
7,3338,marriage,0.2421052631578947,female,0.2285714285714285,0.05590062088711872,two-strong
7,3339,family,0.187704555506413,,,0.9999999946724788,dominant
7,3340,marriage,0.2421052631578947,female,0.2285714285714285,0.05590062088711872,two-strong
7,3341,marriage,0.2421052631578947,female,0.2285714285714285,0.05590062088711872,two-strong
7,3342,marriage,0.2421052631578947,female,0.2285714285714285,0.05590062088711872,two-strong
7,3343,marriage,0.2421052631578947,female,0.2285714285714285,0.05590062088711872,two-strong
7,3344,marriage,0.2421052631578947,female,0.2285714285714285,0.05590062088711872,two-strong
7,3345,marriage,0.2421052631578947,female,0.2285714285714285,0.05590062088711872,two-strong
7,3346,female,0.2336466165413533,male,0.2022556390977443,0.13435237271540248,two-strong
7,3347,marriage,0.2421052631578947,female,0.2285714285714285,0.05590062088711872,two-strong
7,3348,marriage,0.2421052631578947,female,0.2285714285714285,0.05590062088711872,two-strong
7,3349,marriage,0.2421052631578947,female,0.2285714285714285,0.05590062088711872,two-strong
7,3350,marriage,0.2421052631578947,female,0.2285714285714285,0.05590062088711872,two-strong
7,3351,marriage,0.2421052631578947,female,0.2285714285714285,0.05590062088711872,two-strong
7,3352,marriage,0.2421052631578947,female,0.2285714285714285,0.05590062088711872,two-strong
7,3353,marriage,0.2421052631578947,female,0.2285714285714285,0.05590062088711872,two-strong
7,3354,marriage,0.2421052631578947,female,0.2285714285714285,0.05590062088711872,two-strong
7,3355,marriage,0.2421052631578947,female,0.2285714285714285,0.05590062088711872,two-strong
7,3356,marriage,0.2442737277977552,female,0.2285714285714285,0.06428157175808004,two-strong
7,3357,marriage,0.2421052631578947,female,0.2285714285714285,0.05590062088711872,two-strong
7,3358,marriage,0.2421052631578947,female,0.2285714285714285,0.05590062088711872,two-strong
7,3359,marriage,0.2421052631578947,female,0.2285714285714285,0.05590062088711872,two-strong
7,3360,marriage,0.2421052631578947,female,0.2285714285714285,0.05590062088711872,two-strong
7,3361,marriage,0.2421052631578947,female,0.2285714285714285,0.05590062088711872,two-strong
7,3362,marriage,0.2421052631578947,female,0.2285714285714285,0.05590062088711872,two-strong
7,3363,marriage,0.2421052631578947,female,0.2285714285714285,0.05590062088711872,two-strong
7,3364,marriage,0.2421052631578947,female,0.2285714285714285,0.05590062088711872,two-strong
7,3365,marriage,0.2421052631578947,female,0.2285714285714285,0.05590062088711872,two-strong
7,3366,marriage,0.2421052631578947,female,0.2285714285714285,0.05590062088711872,two-strong
7,3367,marriage,0.2421052631578947,female,0.2285714285714285,0.05590062088711872,two-strong
7,3368,marriage,0.2421052631578947,female,0.2285714285714285,0.05590062088711872,two-strong
7,3369,marriage,0.2421052631578947,female,0.2285714285714285,0.05590062088711872,two-strong
7,3370,male,0.3486734968027121,family,0.3382868350067493,0.0297890773500653,two-strong
7,3371,marriage,0.2421052631578947,female,0.2285714285714285,0.05590062088711872,two-strong
7,3372,marriage,0.2421052631578947,female,0.2285714285714285,0.05590062088711872,two-strong
7,3373,marriage,0.2421052631578947,female,0.2285714285714285,0.05590062088711872,two-strong
7,3374,marriage,0.2421052631578947,female,0.2285714285714285,0.05590062088711872,two-strong
7,3375,marriage,0.2421052631578947,female,0.2285714285714285,0.05590062088711872,two-strong
7,3376,marriage,0.2421052631578947,female,0.2285714285714285,0.05590062088711872,two-strong
7,3377,marriage,0.2426718971341397,family,0.1975453339230429,0.1859571032248347,two-strong
7,3378,marriage,0.2399051977770513,female,0.2388343360286084,0.004463687131007405,two-strong
7,3379,marriage,0.2421052631578947,female,0.2285714285714285,0.05590062088711872,two-strong
7,3380,marriage,0.2421052631578947,female,0.2285714285714285,0.05590062088711872,two-strong
7,3381,marriage,0.2421052631578947,female,0.2285714285714285,0.05590062088711872,two-strong
7,3382,marriage,0.2421052631578947,female,0.2285714285714285,0.05590062088711872,two-strong
7,3383,marriage,0.2421052631578947,female,0.2285714285714285,0.05590062088711872,two-strong
7,3384,marriage,0.2421052631578947,female,0.2285714285714285,0.05590062088711872,two-strong
7,3385,marriage,0.2421052631578947,female,0.2285714285714285,0.05590062088711872,two-strong
7,3386,marriage,0.2421052631578947,female,0.2285714285714285,0.05590062088711872,two-strong
7,3387,marriage,0.2421052631578947,female,0.2285714285714285,0.05590062088711872,two-strong
7,3388,marriage,0.2421052631578947,female,0.2285714285714285,0.05590062088711872,two-strong
7,3389,emotion,0.1909757100260533,,,0.999999994763732,dominant
7,3390,marriage,0.2421052631578947,female,0.2285714285714285,0.05590062088711872,two-strong
7,3391,marriage,0.2421052631578947,female,0.2285714285714285,0.05590062088711872,two-strong
7,3392,marriage,0.2421052631578947,female,0.2285714285714285,0.05590062088711872,two-strong
7,3393,wealth,0.2460424251378997,marriage,0.2428382956898138,0.013022670514109137,two-strong
7,3394,marriage,0.2421052631578947,female,0.2285714285714285,0.05590062088711872,two-strong
7,3395,marriage,0.2421052631578947,female,0.2285714285714285,0.05590062088711872,two-strong
7,3396,marriage,0.2421052631578947,female,0.2285714285714285,0.05590062088711872,two-strong
7,3397,marriage,0.2421052631578947,female,0.2285714285714285,0.05590062088711872,two-strong
7,3398,marriage,0.2421052631578947,female,0.2285714285714285,0.05590062088711872,two-strong
7,3399,marriage,0.2421052631578947,female,0.2285714285714285,0.05590062088711872,two-strong
7,3400,marriage,0.2421052631578947,female,0.2285714285714285,0.05590062088711872,two-strong
7,3401,marriage,0.2421052631578947,female,0.2285714285714285,0.05590062088711872,two-strong
7,3402,marriage,0.2421052631578947,female,0.2285714285714285,0.05590062088711872,two-strong
7,3403,marriage,0.2421052631578947,female,0.2336466165413533,0.034937888054449355,two-strong
7,3404,love,0.141868080162091,,,0.9999999929511981,dominant
7,3405,marriage,0.2421052631578947,female,0.2285714285714285,0.05590062088711872,two-strong
7,3406,marriage,0.2421052631578947,female,0.2285714285714285,0.05590062088711872,two-strong
7,3407,marriage,0.2421052631578947,female,0.2285714285714285,0.05590062088711872,two-strong
7,3408,marriage,0.2421052631578947,female,0.2285714285714285,0.05590062088711872,two-strong
7,3409,marriage,0.2421052631578947,female,0.2285714285714285,0.05590062088711872,two-strong
7,3410,marriage,0.2421052631578947,female,0.2285714285714285,0.05590062088711872,two-strong
7,3411,marriage,0.2421052631578947,female,0.2285714285714285,0.05590062088711872,two-strong
7,3412,marriage,0.2421052631578947,female,0.2285714285714285,0.05590062088711872,two-strong
7,3413,marriage,0.2421052631578947,female,0.2285714285714285,0.05590062088711872,two-strong
7,3414,love,0.1431452193702647,,,0.9999999930140874,dominant
7,3415,marriage,0.2468126838836221,female,0.2285714285714285,0.07390728446876531,two-strong
7,3416,marriage,0.2421052631578947,female,0.2285714285714285,0.05590062088711872,two-strong
7,3417,marriage,0.2421052631578947,female,0.2285714285714285,0.05590062088711872,two-strong
7,3418,marriage,0.2421052631578947,female,0.2285714285714285,0.05590062088711872,two-strong
7,3419,marriage,0.2421052631578947,female,0.2285714285714285,0.05590062088711872,two-strong
7,3420,marriage,0.2421052631578947,female,0.2285714285714285,0.05590062088711872,two-strong
7,3421,marriage,0.2421052631578947,female,0.2285714285714285,0.05590062088711872,two-strong
7,3422,marriage,0.2421052631578947,female,0.2285714285714285,0.05590062088711872,two-strong
7,3423,marriage,0.2421052631578947,female,0.2285714285714285,0.05590062088711872,two-strong
7,3424,marriage,0.2421052631578947,female,0.2285714285714285,0.05590062088711872,two-strong
7,3425,marriage,0.2421052631578947,female,0.2285714285714285,0.05590062088711872,two-strong
7,3426,marriage,0.2421052631578947,female,0.2285714285714285,0.05590062088711872,two-strong
7,3427,marriage,0.2633649340743162,female,0.2310463659147869,0.12271401335340895,two-strong
7,3428,female,0.2334566989150852,society,0.2056218513185326,0.11922916586534849,two-strong
7,3429,marriage,0.2421052631578947,female,0.2285714285714285,0.05590062088711872,two-strong
7,3430,female,0.2343358395989974,male,0.2022556390977443,0.1368983951377276,two-strong
7,3431,marriage,0.2421052631578947,female,0.2285714285714285,0.05590062088711872,two-strong
7,3432,male,0.1997670549679361,duty,0.1950323714176157,0.023701022810689754,two-strong
7,3433,marriage,0.2421052631578947,female,0.2285714285714285,0.05590062088711872,two-strong
7,3434,marriage,0.2468126838836221,female,0.2336466165413533,0.05334437064479448,two-strong
7,3435,marriage,0.2421052631578947,female,0.2285714285714285,0.05590062088711872,two-strong
7,3436,marriage,0.2421052631578947,female,0.2285714285714285,0.05590062088711872,two-strong
7,3437,marriage,0.2421052631578947,female,0.2285714285714285,0.05590062088711872,two-strong
7,3438,marriage,0.2421052631578947,female,0.2285714285714285,0.05590062088711872,two-strong
7,3439,marriage,0.2421052631578947,female,0.2285714285714285,0.05590062088711872,two-strong
7,3440,marriage,0.2421052631578947,female,0.2285714285714285,0.05590062088711872,two-strong
7,3441,duty,0.1380804953560371,,,0.9999999927578476,dominant
7,3442,marriage,0.2421052631578947,female,0.2285714285714285,0.05590062088711872,two-strong
7,3443,marriage,0.2421052631578947,female,0.2285714285714285,0.05590062088711872,two-strong
7,3444,marriage,0.2421052631578947,female,0.2285714285714285,0.05590062088711872,two-strong
7,3445,marriage,0.2421052631578947,female,0.2285714285714285,0.05590062088711872,two-strong
7,3446,marriage,0.2421052631578947,female,0.2285714285714285,0.05590062088711872,two-strong
7,3447,marriage,0.2421052631578947,female,0.2285714285714285,0.05590062088711872,two-strong
7,3448,female,0.2283255236328916,wealth,0.1949413452717049,0.14621308070949474,two-strong
7,3449,marriage,0.2421052631578947,female,0.2285714285714285,0.05590062088711872,two-strong
7,3450,marriage,0.2421052631578947,female,0.2285714285714285,0.05590062088711872,two-strong
7,3451,marriage,0.2421052631578947,female,0.2285714285714285,0.05590062088711872,two-strong
7,3452,marriage,0.2421052631578947,female,0.2285714285714285,0.05590062088711872,two-strong
7,3453,marriage,0.2421052631578947,female,0.2285714285714285,0.05590062088711872,two-strong
7,3454,marriage,0.2421052631578947,female,0.2285714285714285,0.05590062088711872,two-strong
7,3455,marriage,0.2421052631578947,female,0.2285714285714285,0.05590062088711872,two-strong
7,3456,marriage,0.2421052631578947,female,0.2285714285714285,0.05590062088711872,two-strong
7,3457,marriage,0.2421052631578947,female,0.2285714285714285,0.05590062088711872,two-strong
7,3458,marriage,0.2421052631578947,female,0.2285714285714285,0.05590062088711872,two-strong
7,3459,marriage,0.2421052631578947,female,0.2285714285714285,0.05590062088711872,two-strong
7,3460,marriage,0.2421052631578947,female,0.2285714285714285,0.05590062088711872,two-strong
7,3461,marriage,0.2421052631578947,female,0.2285714285714285,0.05590062088711872,two-strong
7,3462,male,0.206974901280673,family,0.2059708897440949,0.004850885423859757,two-strong
7,3463,marriage,0.2421052631578947,female,0.2285714285714285,0.05590062088711872,two-strong
7,3464,marriage,0.2421052631578947,female,0.2285714285714285,0.05590062088711872,two-strong
7,3465,marriage,0.2421052631578947,female,0.2285714285714285,0.05590062088711872,two-strong
7,3466,marriage,0.2421052631578947,female,0.2285714285714285,0.05590062088711872,two-strong
7,3467,marriage,0.2421052631578947,female,0.2285714285714285,0.05590062088711872,two-strong
7,3468,marriage,0.2421052631578947,female,0.2285714285714285,0.05590062088711872,two-strong
7,3469,marriage,0.2421052631578947,female,0.2285714285714285,0.05590062088711872,two-strong
7,3470,marriage,0.2421052631578947,female,0.2285714285714285,0.05590062088711872,two-strong
7,3471,marriage,0.2421052631578947,female,0.2285714285714285,0.05590062088711872,two-strong
7,3472,female,0.2389485644319747,family,0.1923612871652436,0.1949678048182041,two-strong
7,3473,marriage,0.2421052631578947,female,0.2285714285714285,0.05590062088711872,two-strong
7,3474,marriage,0.2421052631578947,female,0.2285714285714285,0.05590062088711872,two-strong
7,3475,marriage,0.2468126838836221,female,0.2336466165413533,0.05334437064479448,two-strong
7,3476,marriage,0.2421052631578947,female,0.2285714285714285,0.05590062088711872,two-strong
7,3477,marriage,0.2421052631578947,female,0.2285714285714285,0.05590062088711872,two-strong
7,3478,marriage,0.2421052631578947,female,0.2285714285714285,0.05590062088711872,two-strong
7,3479,marriage,0.2421052631578947,female,0.2285714285714285,0.05590062088711872,two-strong
7,3480,marriage,0.2421052631578947,female,0.2285714285714285,0.05590062088711872,two-strong
7,3481,marriage,0.2421052631578947,female,0.2285714285714285,0.05590062088711872,two-strong
7,3482,emotion,0.1887155906294662,,,0.9999999947010207,dominant
7,3483,marriage,0.2421052631578947,female,0.2285714285714285,0.05590062088711872,two-strong
7,3484,marriage,0.2421052631578947,female,0.2285714285714285,0.05590062088711872,two-strong
7,3485,marriage,0.2421052631578947,female,0.2285714285714285,0.05590062088711872,two-strong
7,3486,marriage,0.2421052631578947,female,0.2285714285714285,0.05590062088711872,two-strong
7,3487,marriage,0.2421052631578947,female,0.2285714285714285,0.05590062088711872,two-strong
7,3488,marriage,0.2854116683505373,society,0.2708634235103256,0.05097284520046649,two-strong
7,3489,marriage,0.2421052631578947,female,0.2285714285714285,0.05590062088711872,two-strong
7,3490,marriage,0.2421052631578947,female,0.2285714285714285,0.05590062088711872,two-strong
7,3491,marriage,0.2421052631578947,female,0.2285714285714285,0.05590062088711872,two-strong
7,3492,marriage,0.2421052631578947,female,0.2285714285714285,0.05590062088711872,two-strong
7,3493,marriage,0.2421052631578947,female,0.2285714285714285,0.05590062088711872,two-strong
7,3494,marriage,0.2421052631578947,female,0.2285714285714285,0.05590062088711872,two-strong
7,3495,marriage,0.2421052631578947,female,0.2285714285714285,0.05590062088711872,two-strong
7,3496,marriage,0.2421052631578947,female,0.2285714285714285,0.05590062088711872,two-strong
7,3497,marriage,0.2421052631578947,female,0.2285714285714285,0.05590062088711872,two-strong
7,3498,marriage,0.2421052631578947,female,0.2285714285714285,0.05590062088711872,two-strong
7,3499,marriage,0.2421052631578947,female,0.2285714285714285,0.05590062088711872,two-strong
7,3500,marriage,0.2421052631578947,female,0.2285714285714285,0.05590062088711872,two-strong
7,3501,marriage,0.2421052631578947,female,0.2285714285714285,0.05590062088711872,two-strong
7,3502,class,0.1574694311536417,,,0.9999999936495612,dominant
7,3503,male,0.3714144191614879,,,0.9999999973075897,dominant
7,3504,marriage,0.2421052631578947,female,0.2285714285714285,0.05590062088711872,two-strong
7,3505,marriage,0.2421052631578947,female,0.2285714285714285,0.05590062088711872,two-strong
7,3506,marriage,0.2421052631578947,female,0.2285714285714285,0.05590062088711872,two-strong
7,3507,marriage,0.2421052631578947,female,0.2285714285714285,0.05590062088711872,two-strong
7,3508,marriage,0.2421052631578947,female,0.2285714285714285,0.05590062088711872,two-strong
7,3509,marriage,0.2421052631578947,female,0.2285714285714285,0.05590062088711872,two-strong
7,3510,marriage,0.2421052631578947,female,0.2285714285714285,0.05590062088711872,two-strong
7,3511,marriage,0.2421052631578947,female,0.2285714285714285,0.05590062088711872,two-strong
7,3512,love,0.1541486946205639,,,0.9999999935127573,dominant
7,3513,marriage,0.2421052631578947,female,0.2285714285714285,0.05590062088711872,two-strong
7,3514,marriage,0.2421052631578947,female,0.2285714285714285,0.05590062088711872,two-strong
7,3515,marriage,0.2395566547740558,male,0.2268001100032318,0.053250638057227136,two-strong
7,3516,marriage,0.2421052631578947,female,0.2285714285714285,0.05590062088711872,two-strong
7,3517,marriage,0.2468126838836221,male,0.2022556390977443,0.18052980059305898,two-strong
7,3518,marriage,0.2421052631578947,female,0.2285714285714285,0.05590062088711872,two-strong
7,3519,marriage,0.2421052631578947,female,0.2285714285714285,0.05590062088711872,two-strong
7,3520,marriage,0.2421052631578947,female,0.2285714285714285,0.05590062088711872,two-strong
7,3521,marriage,0.2421052631578947,female,0.2285714285714285,0.05590062088711872,two-strong
7,3522,marriage,0.2421052631578947,female,0.2285714285714285,0.05590062088711872,two-strong
7,3523,marriage,0.2421052631578947,female,0.2285714285714285,0.05590062088711872,two-strong
7,3524,marriage,0.2421052631578947,female,0.2285714285714285,0.05590062088711872,two-strong
7,3525,marriage,0.2421052631578947,female,0.2285714285714285,0.05590062088711872,two-strong
7,3526,marriage,0.2421052631578947,female,0.2285714285714285,0.05590062088711872,two-strong
7,3527,marriage,0.2421052631578947,female,0.2285714285714285,0.05590062088711872,two-strong
7,3528,marriage,0.2421052631578947,female,0.2285714285714285,0.05590062088711872,two-strong
7,3529,marriage,0.2421052631578947,female,0.2285714285714285,0.05590062088711872,two-strong
7,3530,marriage,0.2421052631578947,female,0.2285714285714285,0.05590062088711872,two-strong
7,3531,marriage,0.2421052631578947,female,0.2285714285714285,0.05590062088711872,two-strong
7,3532,marriage,0.2421052631578947,female,0.2285714285714285,0.05590062088711872,two-strong
7,3533,marriage,0.2421052631578947,female,0.2285714285714285,0.05590062088711872,two-strong
7,3534,marriage,0.2421052631578947,female,0.2285714285714285,0.05590062088711872,two-strong
7,3535,marriage,0.2437070938215103,female,0.2285714285714285,0.06210596889338432,two-strong
7,3536,marriage,0.2421052631578947,female,0.2285714285714285,0.05590062088711872,two-strong
7,3537,marriage,0.2421052631578947,female,0.2285714285714285,0.05590062088711872,two-strong
7,3538,marriage,0.2421052631578947,female,0.2285714285714285,0.05590062088711872,two-strong
7,3539,marriage,0.2421052631578947,female,0.2285714285714285,0.05590062088711872,two-strong
7,3540,marriage,0.2421052631578947,female,0.2285714285714285,0.05590062088711872,two-strong
7,3541,marriage,0.2421052631578947,female,0.2285714285714285,0.05590062088711872,two-strong
7,3542,marriage,0.2421052631578947,female,0.2285714285714285,0.05590062088711872,two-strong
7,3543,marriage,0.2421052631578947,female,0.2285714285714285,0.05590062088711872,two-strong
7,3544,marriage,0.2421052631578947,female,0.2285714285714285,0.05590062088711872,two-strong
7,3545,marriage,0.2421052631578947,female,0.2285714285714285,0.05590062088711872,two-strong
7,3546,marriage,0.2421052631578947,female,0.2285714285714285,0.05590062088711872,two-strong
7,3547,marriage,0.2421052631578947,female,0.2285714285714285,0.05590062088711872,two-strong
7,3548,marriage,0.2421052631578947,female,0.2285714285714285,0.05590062088711872,two-strong
7,3549,marriage,0.2421052631578947,female,0.2285714285714285,0.05590062088711872,two-strong
7,3550,marriage,0.2421052631578947,female,0.2285714285714285,0.05590062088711872,two-strong
7,3551,marriage,0.2421052631578947,female,0.2285714285714285,0.05590062088711872,two-strong
7,3552,marriage,0.2421052631578947,female,0.2285714285714285,0.05590062088711872,two-strong
7,3553,marriage,0.2421052631578947,female,0.2285714285714285,0.05590062088711872,two-strong
7,3554,marriage,0.2421052631578947,female,0.2285714285714285,0.05590062088711872,two-strong
7,3555,marriage,0.2421052631578947,female,0.2285714285714285,0.05590062088711872,two-strong
7,3556,marriage,0.2421052631578947,female,0.2285714285714285,0.05590062088711872,two-strong
7,3557,marriage,0.2421052631578947,female,0.2285714285714285,0.05590062088711872,two-strong
7,3558,marriage,0.2421052631578947,female,0.2285714285714285,0.05590062088711872,two-strong
7,3559,marriage,0.2421052631578947,female,0.2285714285714285,0.05590062088711872,two-strong
7,3560,marriage,0.2421052631578947,female,0.2285714285714285,0.05590062088711872,two-strong
7,3561,marriage,0.2421052631578947,female,0.2285714285714285,0.05590062088711872,two-strong
7,3562,marriage,0.2421052631578947,female,0.2285714285714285,0.05590062088711872,two-strong
7,3563,marriage,0.2421052631578947,female,0.2285714285714285,0.05590062088711872,two-strong
7,3564,marriage,0.2421052631578947,female,0.2285714285714285,0.05590062088711872,two-strong
7,3565,duty,0.1380804953560371,,,0.9999999927578476,dominant
7,3566,marriage,0.2421052631578947,female,0.2285714285714285,0.05590062088711872,two-strong
7,3567,marriage,0.2421052631578947,female,0.2285714285714285,0.05590062088711872,two-strong
7,3568,marriage,0.2421052631578947,female,0.2285714285714285,0.05590062088711872,two-strong
7,3569,marriage,0.2421052631578947,female,0.2285714285714285,0.05590062088711872,two-strong
7,3570,marriage,0.2421052631578947,female,0.2285714285714285,0.05590062088711872,two-strong
7,3571,marriage,0.2421052631578947,female,0.2285714285714285,0.05590062088711872,two-strong
7,3572,male,0.2300751879699248,love,0.1508080546193068,0.3445270813663429,leaning
7,3573,marriage,0.2421052631578947,female,0.2285714285714285,0.05590062088711872,two-strong
7,3574,marriage,0.2421052631578947,female,0.2285714285714285,0.05590062088711872,two-strong
7,3575,marriage,0.2421052631578947,female,0.2285714285714285,0.05590062088711872,two-strong
7,3576,marriage,0.2421052631578947,female,0.2285714285714285,0.05590062088711872,two-strong
7,3577,class,0.1577659837591897,love,0.1431526789894428,0.0926264605900461,two-strong
7,3578,marriage,0.2421052631578947,female,0.2285714285714285,0.05590062088711872,two-strong
7,3579,marriage,0.2421052631578947,female,0.2285714285714285,0.05590062088711872,two-strong
7,3580,marriage,0.2421052631578947,female,0.2285714285714285,0.05590062088711872,two-strong
7,3581,marriage,0.2421052631578947,female,0.2285714285714285,0.05590062088711872,two-strong
7,3582,marriage,0.2421052631578947,female,0.2276657552973342,0.05964144526466567,two-strong
7,3583,marriage,0.2421052631578947,female,0.2285714285714285,0.05590062088711872,two-strong
7,3584,marriage,0.2421052631578947,female,0.2285714285714285,0.05590062088711872,two-strong
7,3585,marriage,0.2421052631578947,female,0.2285714285714285,0.05590062088711872,two-strong
7,3586,marriage,0.2421052631578947,female,0.2285714285714285,0.05590062088711872,two-strong
7,3587,marriage,0.2421052631578947,female,0.2285714285714285,0.05590062088711872,two-strong
7,3588,marriage,0.2421052631578947,female,0.2285714285714285,0.05590062088711872,two-strong
7,3589,marriage,0.2421052631578947,female,0.2285714285714285,0.05590062088711872,two-strong
7,3590,marriage,0.2421052631578947,female,0.2285714285714285,0.05590062088711872,two-strong
7,3591,marriage,0.2421052631578947,female,0.2285714285714285,0.05590062088711872,two-strong
7,3592,marriage,0.2421052631578947,female,0.2285714285714285,0.05590062088711872,two-strong
7,3593,marriage,0.2421052631578947,female,0.2285714285714285,0.05590062088711872,two-strong
7,3594,marriage,0.2421052631578947,female,0.2285714285714285,0.05590062088711872,two-strong
7,3595,marriage,0.2421052631578947,female,0.2285714285714285,0.05590062088711872,two-strong
7,3596,marriage,0.2421052631578947,female,0.2285714285714285,0.05590062088711872,two-strong
7,3597,marriage,0.2421052631578947,female,0.2285714285714285,0.05590062088711872,two-strong
7,3598,marriage,0.2421052631578947,female,0.2285714285714285,0.05590062088711872,two-strong
7,3599,marriage,0.2421052631578947,female,0.2285714285714285,0.05590062088711872,two-strong
7,3600,marriage,0.2421052631578947,female,0.2285714285714285,0.05590062088711872,two-strong
7,3601,marriage,0.2693387537557999,female,0.2403145401152442,0.10776100033161197,two-strong
7,3602,marriage,0.2421052631578947,female,0.2285714285714285,0.05590062088711872,two-strong
7,3603,marriage,0.2421052631578947,female,0.2285714285714285,0.05590062088711872,two-strong
7,3604,marriage,0.2421052631578947,female,0.2285714285714285,0.05590062088711872,two-strong
7,3605,marriage,0.2421052631578947,female,0.2285714285714285,0.05590062088711872,two-strong
7,3606,marriage,0.2421052631578947,female,0.2285714285714285,0.05590062088711872,two-strong
7,3607,marriage,0.2421052631578947,female,0.2285714285714285,0.05590062088711872,two-strong
7,3608,emotion,0.2024422335704051,family,0.2008783429708071,0.0077251202196848626,two-strong
7,3609,marriage,0.2421052631578947,female,0.2285714285714285,0.05590062088711872,two-strong
7,3610,marriage,0.2421052631578947,female,0.2285714285714285,0.05590062088711872,two-strong
7,3611,marriage,0.2421052631578947,female,0.2285714285714285,0.05590062088711872,two-strong
7,3612,marriage,0.2421052631578947,female,0.2285714285714285,0.05590062088711872,two-strong
7,3613,marriage,0.2421052631578947,female,0.2285714285714285,0.05590062088711872,two-strong
7,3614,marriage,0.2421052631578947,female,0.2285714285714285,0.05590062088711872,two-strong
7,3615,marriage,0.2421052631578947,female,0.2285714285714285,0.05590062088711872,two-strong
7,3616,marriage,0.2421052631578947,female,0.2285714285714285,0.05590062088711872,two-strong
7,3617,marriage,0.2421052631578947,female,0.2285714285714285,0.05590062088711872,two-strong
7,3618,marriage,0.2421052631578947,female,0.2285714285714285,0.05590062088711872,two-strong
7,3619,marriage,0.2468126838836221,female,0.2285714285714285,0.07390728446876531,two-strong
7,3620,marriage,0.2421052631578947,female,0.2285714285714285,0.05590062088711872,two-strong
7,3621,emotion,0.1887155906294662,,,0.9999999947010207,dominant
7,3622,female,0.3697702152107003,marriage,0.2419722768614595,0.3456144728444535,leaning
7,3623,marriage,0.2421052631578947,female,0.2285714285714285,0.05590062088711872,two-strong
7,3624,marriage,0.2421052631578947,female,0.2285714285714285,0.05590062088711872,two-strong
7,3625,female,0.2387331966279335,love,0.208452164894996,0.12684047310475266,two-strong
7,3626,marriage,0.2421052631578947,female,0.2285714285714285,0.05590062088711872,two-strong
7,3627,marriage,0.2421052631578947,female,0.2285714285714285,0.05590062088711872,two-strong
7,3628,marriage,0.2421052631578947,female,0.2285714285714285,0.05590062088711872,two-strong
7,3629,marriage,0.2421052631578947,female,0.2285714285714285,0.05590062088711872,two-strong
7,3630,emotion,0.1887155906294662,,,0.9999999947010207,dominant
7,3631,marriage,0.2421052631578947,female,0.2285714285714285,0.05590062088711872,two-strong
7,3632,marriage,0.2421052631578947,female,0.2285714285714285,0.05590062088711872,two-strong
7,3633,marriage,0.2421052631578947,female,0.2285714285714285,0.05590062088711872,two-strong
7,3634,marriage,0.2421052631578947,female,0.2285714285714285,0.05590062088711872,two-strong
7,3635,marriage,0.2421052631578947,female,0.2285714285714285,0.05590062088711872,two-strong
7,3636,marriage,0.2421052631578947,female,0.2285714285714285,0.05590062088711872,two-strong
7,3637,marriage,0.2421052631578947,female,0.2285714285714285,0.05590062088711872,two-strong
7,3638,marriage,0.2421052631578947,female,0.2285714285714285,0.05590062088711872,two-strong
7,3639,marriage,0.2421052631578947,female,0.2285714285714285,0.05590062088711872,two-strong
7,3640,marriage,0.2421052631578947,female,0.2285714285714285,0.05590062088711872,two-strong
7,3641,marriage,0.2421052631578947,female,0.2285714285714285,0.05590062088711872,two-strong
7,3642,marriage,0.2421052631578947,female,0.2285714285714285,0.05590062088711872,two-strong
7,3643,society,0.4404934594124162,marriage,0.2533892405916747,0.42476049166669433,leaning
7,3644,marriage,0.2421052631578947,female,0.2285714285714285,0.05590062088711872,two-strong
7,3645,marriage,0.2421052631578947,female,0.2285714285714285,0.05590062088711872,two-strong
7,3646,marriage,0.2421052631578947,female,0.2285714285714285,0.05590062088711872,two-strong
7,3647,marriage,0.2421052631578947,female,0.2285714285714285,0.05590062088711872,two-strong
7,3648,marriage,0.2421052631578947,female,0.2285714285714285,0.05590062088711872,two-strong
7,3649,marriage,0.2421052631578947,female,0.2285714285714285,0.05590062088711872,two-strong
7,3650,emotion,0.1944256895464415,wealth,0.1908801023537865,0.018236207276363384,two-strong
7,3651,marriage,0.2421052631578947,female,0.2285714285714285,0.05590062088711872,two-strong
7,3652,marriage,0.2421052631578947,female,0.2285714285714285,0.05590062088711872,two-strong
7,3653,marriage,0.2421052631578947,female,0.2285714285714285,0.05590062088711872,two-strong
7,3654,marriage,0.2421052631578947,female,0.2285714285714285,0.05590062088711872,two-strong
7,3655,marriage,0.2421052631578947,female,0.2285714285714285,0.05590062088711872,two-strong
7,3656,marriage,0.2421052631578947,female,0.2285714285714285,0.05590062088711872,two-strong
7,3657,wealth,0.1978215538847117,emotion,0.1945311466842567,0.01663320866309348,two-strong
7,3658,marriage,0.2421052631578947,female,0.2285714285714285,0.05590062088711872,two-strong
7,3659,marriage,0.2421052631578947,female,0.2285714285714285,0.05590062088711872,two-strong
7,3660,marriage,0.2421052631578947,female,0.2285714285714285,0.05590062088711872,two-strong
7,3661,marriage,0.2421052631578947,female,0.2285714285714285,0.05590062088711872,two-strong
7,3662,marriage,0.2421052631578947,female,0.2285714285714285,0.05590062088711872,two-strong
7,3663,emotion,0.1954762940408873,duty,0.1380804953560371,0.29362025033697753,leaning
7,3664,marriage,0.2421052631578947,female,0.2285714285714285,0.05590062088711872,two-strong
7,3665,marriage,0.2421052631578947,female,0.2285714285714285,0.05590062088711872,two-strong
7,3666,marriage,0.2421052631578947,female,0.2285714285714285,0.05590062088711872,two-strong
7,3667,marriage,0.2421052631578947,female,0.2285714285714285,0.05590062088711872,two-strong
7,3668,marriage,0.2421052631578947,female,0.2285714285714285,0.05590062088711872,two-strong
7,3669,marriage,0.2421052631578947,female,0.2285714285714285,0.05590062088711872,two-strong
7,3670,marriage,0.2421052631578947,female,0.2285714285714285,0.05590062088711872,two-strong
7,3671,marriage,0.2421052631578947,female,0.2285714285714285,0.05590062088711872,two-strong
7,3672,marriage,0.2421052631578947,female,0.2285714285714285,0.05590062088711872,two-strong
7,3673,marriage,0.2421052631578947,female,0.2285714285714285,0.05590062088711872,two-strong
7,3674,marriage,0.2421052631578947,female,0.2285714285714285,0.05590062088711872,two-strong
7,3675,marriage,0.2421052631578947,female,0.2285714285714285,0.05590062088711872,two-strong
7,3676,marriage,0.2421052631578947,female,0.2285714285714285,0.05590062088711872,two-strong
7,3677,marriage,0.2421052631578947,female,0.2285714285714285,0.05590062088711872,two-strong
7,3678,marriage,0.2421052631578947,female,0.2285714285714285,0.05590062088711872,two-strong
7,3679,marriage,0.2421052631578947,female,0.2387218045112781,0.01397515522177988,two-strong
7,3680,marriage,0.2421052631578947,female,0.2285714285714285,0.05590062088711872,two-strong
7,3681,marriage,0.2421052631578947,female,0.2285714285714285,0.05590062088711872,two-strong
7,3682,marriage,0.2421052631578947,female,0.2285714285714285,0.05590062088711872,two-strong
7,3683,marriage,0.2421052631578947,female,0.2285714285714285,0.05590062088711872,two-strong
7,3684,marriage,0.2421052631578947,female,0.2285714285714285,0.05590062088711872,two-strong
7,3685,love,0.1408175611442399,,,0.9999999928986131,dominant
7,3686,marriage,0.2421052631578947,female,0.2285714285714285,0.05590062088711872,two-strong
7,3687,marriage,0.2421052631578947,female,0.2285714285714285,0.05590062088711872,two-strong
7,3688,marriage,0.2421052631578947,female,0.2285714285714285,0.05590062088711872,two-strong
7,3689,marriage,0.2421052631578947,female,0.2285714285714285,0.05590062088711872,two-strong
7,3690,marriage,0.2421052631578947,female,0.2285714285714285,0.05590062088711872,two-strong
7,3691,marriage,0.2421052631578947,female,0.2285714285714285,0.05590062088711872,two-strong
7,3692,marriage,0.2421052631578947,female,0.2285714285714285,0.05590062088711872,two-strong
7,3693,marriage,0.2421052631578947,female,0.2285714285714285,0.05590062088711872,two-strong
7,3694,marriage,0.2421052631578947,female,0.2285714285714285,0.05590062088711872,two-strong
7,3695,marriage,0.2421052631578947,female,0.2285714285714285,0.05590062088711872,two-strong
7,3696,marriage,0.2421052631578947,female,0.2285714285714285,0.05590062088711872,two-strong
7,3697,marriage,0.2421052631578947,female,0.2285714285714285,0.05590062088711872,two-strong
7,3698,marriage,0.2421052631578947,female,0.2285714285714285,0.05590062088711872,two-strong
7,3699,marriage,0.2421052631578947,female,0.2285714285714285,0.05590062088711872,two-strong
7,3700,marriage,0.2421052631578947,female,0.2285714285714285,0.05590062088711872,two-strong
7,3701,marriage,0.2421052631578947,female,0.2285714285714285,0.05590062088711872,two-strong
7,3702,marriage,0.2421052631578947,female,0.2285714285714285,0.05590062088711872,two-strong
7,3703,marriage,0.2421052631578947,female,0.2285714285714285,0.05590062088711872,two-strong
7,3704,marriage,0.2421052631578947,female,0.2285714285714285,0.05590062088711872,two-strong
7,3705,marriage,0.2421052631578947,female,0.2285714285714285,0.05590062088711872,two-strong
7,3706,marriage,0.2421052631578947,female,0.2285714285714285,0.05590062088711872,two-strong
7,3707,marriage,0.2421052631578947,female,0.2285714285714285,0.05590062088711872,two-strong
7,3708,marriage,0.2421052631578947,female,0.2285714285714285,0.05590062088711872,two-strong
7,3709,marriage,0.2421052631578947,female,0.2285714285714285,0.05590062088711872,two-strong
7,3710,marriage,0.2421052631578947,female,0.2285714285714285,0.05590062088711872,two-strong
7,3711,marriage,0.2421052631578947,female,0.2285714285714285,0.05590062088711872,two-strong
7,3712,marriage,0.2421052631578947,female,0.2285714285714285,0.05590062088711872,two-strong
7,3713,marriage,0.2421052631578947,female,0.2285714285714285,0.05590062088711872,two-strong
7,3714,marriage,0.2421052631578947,female,0.2285714285714285,0.05590062088711872,two-strong
7,3715,marriage,0.2421052631578947,female,0.2285714285714285,0.05590062088711872,two-strong
7,3716,marriage,0.2421052631578947,female,0.2285714285714285,0.05590062088711872,two-strong
7,3717,marriage,0.2421052631578947,female,0.2285714285714285,0.05590062088711872,two-strong
7,3718,marriage,0.2421052631578947,female,0.2285714285714285,0.05590062088711872,two-strong
7,3719,marriage,0.2421052631578947,female,0.2285714285714285,0.05590062088711872,two-strong
7,3720,marriage,0.2421052631578947,female,0.2285714285714285,0.05590062088711872,two-strong
7,3721,marriage,0.2421052631578947,female,0.2285714285714285,0.05590062088711872,two-strong
7,3722,duty,0.1385375202712663,,,0.9999999927817389,dominant
7,3723,marriage,0.2421052631578947,female,0.2285714285714285,0.05590062088711872,two-strong
7,3724,male,0.3255506813644147,family,0.2231086506070476,0.31467306415501717,leaning
7,3725,marriage,0.2421052631578947,female,0.2285714285714285,0.05590062088711872,two-strong
7,3726,marriage,0.2421052631578947,female,0.2285714285714285,0.05590062088711872,two-strong
7,3727,marriage,0.2421052631578947,female,0.2285714285714285,0.05590062088711872,two-strong
7,3728,marriage,0.2484949832775919,emotion,0.2438391087912619,0.018736291599064897,two-strong
7,3729,marriage,0.2421052631578947,female,0.2285714285714285,0.05590062088711872,two-strong
7,3730,marriage,0.2421052631578947,female,0.2285714285714285,0.05590062088711872,two-strong
7,3731,marriage,0.2421052631578947,female,0.2285714285714285,0.05590062088711872,two-strong
7,3732,marriage,0.2421052631578947,female,0.2285714285714285,0.05590062088711872,two-strong
7,3733,marriage,0.247226585662349,female,0.2280794863031705,0.07744757397524066,two-strong
7,3734,marriage,0.2421052631578947,female,0.2285714285714285,0.05590062088711872,two-strong
7,3735,marriage,0.2421052631578947,female,0.2285714285714285,0.05590062088711872,two-strong
7,3736,marriage,0.2421052631578947,female,0.2285714285714285,0.05590062088711872,two-strong
7,3737,marriage,0.2421052631578947,female,0.2285714285714285,0.05590062088711872,two-strong
7,3738,marriage,0.2421052631578947,female,0.2285714285714285,0.05590062088711872,two-strong
7,3739,marriage,0.2421052631578947,female,0.2285714285714285,0.05590062088711872,two-strong
7,3740,marriage,0.2421052631578947,female,0.2285714285714285,0.05590062088711872,two-strong
7,3741,marriage,0.2421052631578947,female,0.2285714285714285,0.05590062088711872,two-strong
7,3742,marriage,0.243974015383078,female,0.2247494032279567,0.07879778527290221,two-strong
7,3743,marriage,0.2421052631578947,female,0.2285714285714285,0.05590062088711872,two-strong
7,3744,marriage,0.2468126838836221,female,0.2285714285714285,0.07390728446876531,two-strong
7,3745,marriage,0.2421052631578947,female,0.2285714285714285,0.05590062088711872,two-strong
7,3746,marriage,0.2421052631578947,female,0.2285714285714285,0.05590062088711872,two-strong
7,3747,marriage,0.2421052631578947,female,0.2285714285714285,0.05590062088711872,two-strong
7,3748,marriage,0.2421052631578947,female,0.2285714285714285,0.05590062088711872,two-strong
7,3749,marriage,0.2421052631578947,female,0.2285714285714285,0.05590062088711872,two-strong
7,3750,marriage,0.2421052631578947,female,0.2285714285714285,0.05590062088711872,two-strong
7,3751,marriage,0.2421052631578947,female,0.2285714285714285,0.05590062088711872,two-strong
7,3752,marriage,0.2421052631578947,female,0.2285714285714285,0.05590062088711872,two-strong
7,3753,marriage,0.2421052631578947,female,0.2285714285714285,0.05590062088711872,two-strong
7,3754,marriage,0.2421052631578947,female,0.2285714285714285,0.05590062088711872,two-strong
7,3755,marriage,0.2421052631578947,female,0.2285714285714285,0.05590062088711872,two-strong
7,3756,marriage,0.2421052631578947,female,0.2285714285714285,0.05590062088711872,two-strong
7,3757,marriage,0.2421052631578947,female,0.2285714285714285,0.05590062088711872,two-strong
7,3758,society,0.4850944154278827,emotion,0.1903154307392379,0.6076734233704967,dominant
7,3759,marriage,0.2421052631578947,female,0.2285714285714285,0.05590062088711872,two-strong
7,3760,marriage,0.2421052631578947,female,0.2285714285714285,0.05590062088711872,two-strong
7,3761,marriage,0.2421052631578947,female,0.2285714285714285,0.05590062088711872,two-strong
7,3762,marriage,0.2421052631578947,female,0.2285714285714285,0.05590062088711872,two-strong
7,3763,marriage,0.2421052631578947,female,0.2285714285714285,0.05590062088711872,two-strong
7,3764,marriage,0.2421052631578947,female,0.2285714285714285,0.05590062088711872,two-strong
7,3765,marriage,0.2421052631578947,female,0.2285714285714285,0.05590062088711872,two-strong
7,3766,marriage,0.2421052631578947,female,0.2285714285714285,0.05590062088711872,two-strong
7,3767,marriage,0.2421052631578947,female,0.2285714285714285,0.05590062088711872,two-strong
7,3768,emotion,0.1845833592245075,love,0.1474373932177924,0.2012422244428464,leaning
7,3769,marriage,0.2421052631578947,female,0.2285714285714285,0.05590062088711872,two-strong
7,3770,marriage,0.2421052631578947,female,0.2285714285714285,0.05590062088711872,two-strong
7,3771,marriage,0.2421052631578947,female,0.2285714285714285,0.05590062088711872,two-strong
7,3772,marriage,0.2421052631578947,female,0.2285714285714285,0.05590062088711872,two-strong
7,3773,marriage,0.2421052631578947,female,0.2285714285714285,0.05590062088711872,two-strong
7,3774,marriage,0.2421052631578947,female,0.2285714285714285,0.05590062088711872,two-strong
7,3775,marriage,0.2421052631578947,female,0.2285714285714285,0.05590062088711872,two-strong
7,3776,female,0.2332393483709273,male,0.2082706766917293,0.10705171209978638,two-strong
7,3777,marriage,0.2421052631578947,female,0.2285714285714285,0.05590062088711872,two-strong
7,3778,marriage,0.2421052631578947,female,0.2285714285714285,0.05590062088711872,two-strong
7,3779,marriage,0.2421052631578947,female,0.2285714285714285,0.05590062088711872,two-strong
7,3780,marriage,0.2421052631578947,female,0.2285714285714285,0.05590062088711872,two-strong
7,3781,marriage,0.2421052631578947,female,0.2285714285714285,0.05590062088711872,two-strong
7,3782,society,0.245415137871382,duty,0.1723933471079688,0.2975439538865722,leaning
7,3783,marriage,0.2421052631578947,female,0.2285714285714285,0.05590062088711872,two-strong
7,3784,marriage,0.2421052631578947,female,0.2285714285714285,0.05590062088711872,two-strong
7,3785,marriage,0.2421052631578947,female,0.2285714285714285,0.05590062088711872,two-strong
7,3786,marriage,0.2421052631578947,female,0.2285714285714285,0.05590062088711872,two-strong
7,3787,marriage,0.2421052631578947,female,0.2285714285714285,0.05590062088711872,two-strong
7,3788,marriage,0.2421052631578947,female,0.2285714285714285,0.05590062088711872,two-strong
7,3789,marriage,0.2421052631578947,female,0.2285714285714285,0.05590062088711872,two-strong
7,3790,marriage,0.2421052631578947,female,0.2285714285714285,0.05590062088711872,two-strong
7,3791,marriage,0.2421052631578947,female,0.2285714285714285,0.05590062088711872,two-strong
7,3792,marriage,0.2421052631578947,female,0.2285714285714285,0.05590062088711872,two-strong
7,3793,marriage,0.2421052631578947,female,0.2285714285714285,0.05590062088711872,two-strong
7,3794,marriage,0.2421052631578947,female,0.2285714285714285,0.05590062088711872,two-strong
7,3795,marriage,0.2421052631578947,female,0.2285714285714285,0.05590062088711872,two-strong
7,3796,marriage,0.2421052631578947,female,0.2285714285714285,0.05590062088711872,two-strong
7,3797,marriage,0.2421052631578947,female,0.2285714285714285,0.05590062088711872,two-strong
7,3798,marriage,0.2421052631578947,female,0.2285714285714285,0.05590062088711872,two-strong
7,3799,marriage,0.2421052631578947,female,0.2285714285714285,0.05590062088711872,two-strong
7,3800,marriage,0.2421052631578947,female,0.2285714285714285,0.05590062088711872,two-strong
7,3801,marriage,0.2421052631578947,female,0.2285714285714285,0.05590062088711872,two-strong
7,3802,marriage,0.2421052631578947,female,0.2285714285714285,0.05590062088711872,two-strong
7,3803,female,0.2444078947368421,marriage,0.2421052631578947,0.009421265102771761,two-strong
7,3804,marriage,0.2477544301516926,family,0.217171319971764,0.1234412237866433,two-strong
7,3805,marriage,0.2421052631578947,female,0.2285714285714285,0.05590062088711872,two-strong
7,3806,marriage,0.2421052631578947,female,0.2285714285714285,0.05590062088711872,two-strong
7,3807,marriage,0.2421052631578947,female,0.2285714285714285,0.05590062088711872,two-strong
7,3808,marriage,0.2421052631578947,female,0.2285714285714285,0.05590062088711872,two-strong
7,3809,marriage,0.2421052631578947,female,0.2285714285714285,0.05590062088711872,two-strong
7,3810,marriage,0.2421052631578947,female,0.2285714285714285,0.05590062088711872,two-strong
7,3811,marriage,0.2421052631578947,female,0.2285714285714285,0.05590062088711872,two-strong
7,3812,marriage,0.2421052631578947,female,0.2285714285714285,0.05590062088711872,two-strong
7,3813,marriage,0.2468126838836221,female,0.2285714285714285,0.07390728446876531,two-strong
7,3814,marriage,0.2437070938215103,female,0.2285714285714285,0.06210596889338432,two-strong
7,3815,marriage,0.2421052631578947,female,0.2285714285714285,0.05590062088711872,two-strong
7,3816,marriage,0.2421052631578947,female,0.2285714285714285,0.05590062088711872,two-strong
7,3817,marriage,0.2421052631578947,female,0.2285714285714285,0.05590062088711872,two-strong
7,3818,marriage,0.2421052631578947,female,0.2285714285714285,0.05590062088711872,two-strong
7,3819,marriage,0.2421052631578947,female,0.2285714285714285,0.05590062088711872,two-strong
7,3820,marriage,0.2421052631578947,female,0.2285714285714285,0.05590062088711872,two-strong
7,3821,marriage,0.2421052631578947,female,0.2285714285714285,0.05590062088711872,two-strong
7,3822,marriage,0.2421052631578947,female,0.2285714285714285,0.05590062088711872,two-strong
7,3823,marriage,0.2421052631578947,female,0.2285714285714285,0.05590062088711872,two-strong
7,3824,marriage,0.2421052631578947,female,0.2285714285714285,0.05590062088711872,two-strong
7,3825,marriage,0.2421052631578947,female,0.2285714285714285,0.05590062088711872,two-strong
7,3826,marriage,0.2421052631578947,female,0.2285714285714285,0.05590062088711872,two-strong
7,3827,marriage,0.2421052631578947,female,0.2285714285714285,0.05590062088711872,two-strong
7,3828,marriage,0.2421052631578947,female,0.2285714285714285,0.05590062088711872,two-strong
7,3829,marriage,0.2421052631578947,female,0.2285714285714285,0.05590062088711872,two-strong
7,3830,marriage,0.2421052631578947,female,0.2285714285714285,0.05590062088711872,two-strong
7,3831,marriage,0.2421052631578947,female,0.2285714285714285,0.05590062088711872,two-strong
7,3832,marriage,0.2421052631578947,female,0.2285714285714285,0.05590062088711872,two-strong
7,3833,marriage,0.2421052631578947,female,0.2285714285714285,0.05590062088711872,two-strong
7,3834,emotion,0.3413212381087515,marriage,0.2715029138587125,0.2045531196134956,leaning
7,3835,marriage,0.2421052631578947,female,0.2285714285714285,0.05590062088711872,two-strong
7,3836,marriage,0.2421052631578947,female,0.2285714285714285,0.05590062088711872,two-strong
7,3837,marriage,0.2421052631578947,female,0.2285714285714285,0.05590062088711872,two-strong
7,3838,marriage,0.2421052631578947,female,0.2285714285714285,0.05590062088711872,two-strong
7,3839,marriage,0.2421052631578947,female,0.2285714285714285,0.05590062088711872,two-strong
7,3840,marriage,0.2421052631578947,female,0.2285714285714285,0.05590062088711872,two-strong
7,3841,marriage,0.2421052631578947,female,0.2285714285714285,0.05590062088711872,two-strong
7,3842,marriage,0.2421052631578947,female,0.2285714285714285,0.05590062088711872,two-strong
7,3843,marriage,0.2421052631578947,female,0.2285714285714285,0.05590062088711872,two-strong
7,3844,marriage,0.2421052631578947,female,0.2285714285714285,0.05590062088711872,two-strong
7,3845,marriage,0.2421052631578947,female,0.2285714285714285,0.05590062088711872,two-strong
7,3846,marriage,0.2421052631578947,female,0.2285714285714285,0.05590062088711872,two-strong
7,3847,society,0.2414873491277985,male,0.202845265943486,0.1600170077805838,two-strong
7,3848,marriage,0.2421052631578947,female,0.2285714285714285,0.05590062088711872,two-strong
7,3849,marriage,0.2421052631578947,female,0.2285714285714285,0.05590062088711872,two-strong
7,3850,marriage,0.2421052631578947,female,0.2285714285714285,0.05590062088711872,two-strong
7,3851,marriage,0.2421052631578947,female,0.2285714285714285,0.05590062088711872,two-strong
7,3852,marriage,0.2421052631578947,female,0.2285714285714285,0.05590062088711872,two-strong
7,3853,marriage,0.2421052631578947,female,0.2285714285714285,0.05590062088711872,two-strong
7,3854,marriage,0.2421052631578947,female,0.2285714285714285,0.05590062088711872,two-strong
7,3855,wealth,0.2499437066915974,marriage,0.2431361789567085,0.02723624370367681,two-strong
7,3856,marriage,0.2390104580277989,female,0.2372553349940068,0.00734328966577973,two-strong
7,3857,marriage,0.2421052631578947,female,0.2285714285714285,0.05590062088711872,two-strong
7,3858,marriage,0.2421052631578947,female,0.2285714285714285,0.05590062088711872,two-strong
7,3859,marriage,0.2421052631578947,female,0.2285714285714285,0.05590062088711872,two-strong
7,3860,marriage,0.2421052631578947,female,0.2285714285714285,0.05590062088711872,two-strong
7,3861,marriage,0.2421052631578947,female,0.2285714285714285,0.05590062088711872,two-strong
7,3862,marriage,0.2421052631578947,female,0.2285714285714285,0.05590062088711872,two-strong
7,3863,marriage,0.2421052631578947,female,0.2285714285714285,0.05590062088711872,two-strong
7,3864,marriage,0.2421052631578947,female,0.2285714285714285,0.05590062088711872,two-strong
7,3865,marriage,0.2421052631578947,female,0.2285714285714285,0.05590062088711872,two-strong
7,3866,marriage,0.2421052631578947,female,0.2285714285714285,0.05590062088711872,two-strong
7,3867,society,0.2699632227956857,marriage,0.2426718971341397,0.10109275359002486,two-strong
7,3868,marriage,0.2421052631578947,female,0.2285714285714285,0.05590062088711872,two-strong
7,3869,marriage,0.2421052631578947,female,0.2285714285714285,0.05590062088711872,two-strong
7,3870,female,0.2355753230971525,male,0.2129648030815423,0.09598000173517963,two-strong
7,3871,marriage,0.2421052631578947,female,0.2285714285714285,0.05590062088711872,two-strong
7,3872,marriage,0.2421052631578947,female,0.2285714285714285,0.05590062088711872,two-strong
7,3873,marriage,0.2421052631578947,female,0.2285714285714285,0.05590062088711872,two-strong
7,3874,marriage,0.2421052631578947,female,0.2285714285714285,0.05590062088711872,two-strong
7,3875,marriage,0.2421052631578947,female,0.2285714285714285,0.05590062088711872,two-strong
7,3876,marriage,0.2421052631578947,female,0.2285714285714285,0.05590062088711872,two-strong
7,3877,marriage,0.2421052631578947,female,0.2285714285714285,0.05590062088711872,two-strong
7,3878,marriage,0.2421052631578947,female,0.2285714285714285,0.05590062088711872,two-strong
7,3879,marriage,0.2421052631578947,female,0.2285714285714285,0.05590062088711872,two-strong
7,3880,marriage,0.2421052631578947,female,0.2285714285714285,0.05590062088711872,two-strong
7,3881,marriage,0.2421052631578947,female,0.2285714285714285,0.05590062088711872,two-strong
7,3882,marriage,0.2421052631578947,female,0.2285714285714285,0.05590062088711872,two-strong
7,3883,emotion,0.2069003575828707,male,0.1932907770956797,0.0657784287103586,two-strong
7,3884,marriage,0.2421052631578947,female,0.2285714285714285,0.05590062088711872,two-strong
7,3885,society,0.2471393980962003,marriage,0.2461455670184013,0.00402133808463362,two-strong
7,3886,marriage,0.2421052631578947,female,0.2285714285714285,0.05590062088711872,two-strong
7,3887,marriage,0.2421052631578947,female,0.2285714285714285,0.05590062088711872,two-strong
7,3888,marriage,0.2421052631578947,female,0.2285714285714285,0.05590062088711872,two-strong
7,3889,marriage,0.2421052631578947,female,0.2285714285714285,0.05590062088711872,two-strong
7,3890,marriage,0.2421052631578947,female,0.2285714285714285,0.05590062088711872,two-strong
7,3891,marriage,0.2437070938215103,female,0.2285714285714285,0.06210596889338432,two-strong
7,3892,marriage,0.2421052631578947,female,0.2285714285714285,0.05590062088711872,two-strong
7,3893,marriage,0.2421052631578947,female,0.2285714285714285,0.05590062088711872,two-strong
7,3894,marriage,0.2421052631578947,female,0.2285714285714285,0.05590062088711872,two-strong
7,3895,marriage,0.2421052631578947,female,0.2285714285714285,0.05590062088711872,two-strong
7,3896,marriage,0.2421052631578947,female,0.2285714285714285,0.05590062088711872,two-strong
7,3897,marriage,0.2421052631578947,female,0.2285714285714285,0.05590062088711872,two-strong
7,3898,marriage,0.2421052631578947,female,0.2285714285714285,0.05590062088711872,two-strong
7,3899,marriage,0.2421052631578947,female,0.2285714285714285,0.05590062088711872,two-strong
7,3900,marriage,0.32392435210276,wealth,0.2058330216130275,0.36456453291818364,leaning
7,3901,marriage,0.2421052631578947,female,0.2285714285714285,0.05590062088711872,two-strong
7,3902,marriage,0.2421052631578947,female,0.2285714285714285,0.05590062088711872,two-strong
7,3903,marriage,0.2421052631578947,female,0.2285714285714285,0.05590062088711872,two-strong
7,3904,marriage,0.2421052631578947,female,0.2285714285714285,0.05590062088711872,two-strong
7,3905,marriage,0.2421052631578947,female,0.2285714285714285,0.05590062088711872,two-strong
7,3906,female,0.2431997195734404,marriage,0.2322671219051547,0.04495316706165505,two-strong
7,3907,marriage,0.2421052631578947,female,0.2285714285714285,0.05590062088711872,two-strong
7,3908,marriage,0.2421052631578947,female,0.2285714285714285,0.05590062088711872,two-strong
7,3909,marriage,0.2421052631578947,female,0.2285714285714285,0.05590062088711872,two-strong
7,3910,marriage,0.2421052631578947,female,0.2285714285714285,0.05590062088711872,two-strong
7,3911,marriage,0.2421052631578947,female,0.2285714285714285,0.05590062088711872,two-strong
7,3912,society,0.203799575274063,wealth,0.190416951469583,0.06566561152454742,two-strong
7,3913,marriage,0.2421052631578947,female,0.2285714285714285,0.05590062088711872,two-strong
7,3914,marriage,0.2421052631578947,female,0.2285714285714285,0.05590062088711872,two-strong
7,3915,marriage,0.2421052631578947,female,0.2285714285714285,0.05590062088711872,two-strong
7,3916,marriage,0.2421052631578947,female,0.2285714285714285,0.05590062088711872,two-strong
7,3917,marriage,0.2421052631578947,female,0.2285714285714285,0.05590062088711872,two-strong
7,3918,marriage,0.2421052631578947,female,0.2285714285714285,0.05590062088711872,two-strong
7,3919,marriage,0.2421052631578947,female,0.2285714285714285,0.05590062088711872,two-strong
7,3920,marriage,0.2421052631578947,female,0.2285714285714285,0.05590062088711872,two-strong
7,3921,marriage,0.2421052631578947,female,0.2285714285714285,0.05590062088711872,two-strong
7,3922,marriage,0.2421052631578947,female,0.2285714285714285,0.05590062088711872,two-strong
7,3923,marriage,0.2421052631578947,female,0.2285714285714285,0.05590062088711872,two-strong
7,3924,marriage,0.2421052631578947,female,0.2285714285714285,0.05590062088711872,two-strong
7,3925,marriage,0.2421052631578947,female,0.2285714285714285,0.05590062088711872,two-strong
7,3926,marriage,0.2421052631578947,female,0.2285714285714285,0.05590062088711872,two-strong
7,3927,marriage,0.2421052631578947,female,0.2285714285714285,0.05590062088711872,two-strong
7,3928,marriage,0.2421052631578947,female,0.2285714285714285,0.05590062088711872,two-strong
7,3929,marriage,0.2421052631578947,female,0.2285714285714285,0.05590062088711872,two-strong
7,3930,marriage,0.2421052631578947,female,0.2285714285714285,0.05590062088711872,two-strong
7,3931,marriage,0.2421052631578947,female,0.2285714285714285,0.05590062088711872,two-strong
7,3932,marriage,0.2421052631578947,female,0.2285714285714285,0.05590062088711872,two-strong
7,3933,marriage,0.2421052631578947,female,0.2285714285714285,0.05590062088711872,two-strong
7,3934,female,0.2966752031319243,male,0.2290135553416594,0.22806640679069826,leaning
7,3935,marriage,0.2421052631578947,female,0.2285714285714285,0.05590062088711872,two-strong
7,3936,marriage,0.2421052631578947,female,0.2285714285714285,0.05590062088711872,two-strong
7,3937,marriage,0.2421052631578947,female,0.2285714285714285,0.05590062088711872,two-strong
7,3938,marriage,0.2421052631578947,female,0.2285714285714285,0.05590062088711872,two-strong
7,3939,marriage,0.2421052631578947,female,0.2285714285714285,0.05590062088711872,two-strong
7,3940,marriage,0.2421052631578947,female,0.2285714285714285,0.05590062088711872,two-strong
7,3941,marriage,0.2421052631578947,female,0.2285714285714285,0.05590062088711872,two-strong
7,3942,marriage,0.2421052631578947,female,0.2285714285714285,0.05590062088711872,two-strong
7,3943,marriage,0.2421052631578947,female,0.2285714285714285,0.05590062088711872,two-strong
7,3944,marriage,0.2421052631578947,female,0.2285714285714285,0.05590062088711872,two-strong
7,3945,female,0.258229385913046,marriage,0.23516671293023,0.08931079943500748,two-strong
7,3946,society,0.2839062844031964,female,0.2373124527071895,0.16411694313084862,two-strong
7,3947,marriage,0.2421052631578947,female,0.2285714285714285,0.05590062088711872,two-strong
7,3948,marriage,0.2421052631578947,female,0.2285714285714285,0.05590062088711872,two-strong
7,3949,female,0.4222204189988807,male,0.4045874888215339,0.041762381311149135,two-strong
7,3950,marriage,0.2421052631578947,female,0.2285714285714285,0.05590062088711872,two-strong
7,3951,marriage,0.2421052631578947,female,0.2285714285714285,0.05590062088711872,two-strong
7,3952,marriage,0.2421052631578947,female,0.2285714285714285,0.05590062088711872,two-strong
7,3953,marriage,0.2421052631578947,female,0.2285714285714285,0.05590062088711872,two-strong
7,3954,marriage,0.2421052631578947,female,0.2285714285714285,0.05590062088711872,two-strong
7,3955,marriage,0.2421052631578947,female,0.2285714285714285,0.05590062088711872,two-strong
7,3956,marriage,0.2421052631578947,female,0.2285714285714285,0.05590062088711872,two-strong
7,3957,marriage,0.2421052631578947,female,0.2285714285714285,0.05590062088711872,two-strong
7,3958,marriage,0.2421052631578947,female,0.2285714285714285,0.05590062088711872,two-strong
7,3959,marriage,0.2421052631578947,female,0.2285714285714285,0.05590062088711872,two-strong
7,3960,marriage,0.2421052631578947,female,0.2285714285714285,0.05590062088711872,two-strong
7,3961,marriage,0.2421052631578947,female,0.2285714285714285,0.05590062088711872,two-strong
7,3962,marriage,0.2421052631578947,female,0.2285714285714285,0.05590062088711872,two-strong
7,3963,marriage,0.2421052631578947,female,0.2285714285714285,0.05590062088711872,two-strong
7,3964,marriage,0.2421052631578947,female,0.2285714285714285,0.05590062088711872,two-strong
7,3965,marriage,0.2421052631578947,female,0.2285714285714285,0.05590062088711872,two-strong
7,3966,marriage,0.2421052631578947,female,0.2285714285714285,0.05590062088711872,two-strong
7,3967,marriage,0.2421052631578947,female,0.2285714285714285,0.05590062088711872,two-strong
7,3968,marriage,0.2421052631578947,female,0.2285714285714285,0.05590062088711872,two-strong
7,3969,marriage,0.2421052631578947,female,0.2285714285714285,0.05590062088711872,two-strong
7,3970,marriage,0.2421052631578947,female,0.2285714285714285,0.05590062088711872,two-strong
7,3971,marriage,0.2421052631578947,female,0.2285714285714285,0.05590062088711872,two-strong
7,3972,marriage,0.2421052631578947,female,0.2285714285714285,0.05590062088711872,two-strong
7,3973,marriage,0.2421052631578947,female,0.2285714285714285,0.05590062088711872,two-strong
7,3974,marriage,0.2421052631578947,female,0.2285714285714285,0.05590062088711872,two-strong
7,3975,marriage,0.2421052631578947,female,0.2285714285714285,0.05590062088711872,two-strong
7,3976,marriage,0.2421052631578947,female,0.2285714285714285,0.05590062088711872,two-strong
7,3977,marriage,0.2421052631578947,female,0.2285714285714285,0.05590062088711872,two-strong
7,3978,marriage,0.2421052631578947,female,0.2285714285714285,0.05590062088711872,two-strong
7,3979,marriage,0.2500194997359317,emotion,0.2061250540302935,0.1755640883068521,two-strong
7,3980,marriage,0.2421052631578947,female,0.2285714285714285,0.05590062088711872,two-strong
7,3981,marriage,0.2421052631578947,female,0.2285714285714285,0.05590062088711872,two-strong
7,3982,marriage,0.2421052631578947,female,0.2285714285714285,0.05590062088711872,two-strong
7,3983,marriage,0.2421052631578947,female,0.2285714285714285,0.05590062088711872,two-strong
7,3984,marriage,0.2421052631578947,female,0.2285714285714285,0.05590062088711872,two-strong
7,3985,marriage,0.2421052631578947,female,0.2285714285714285,0.05590062088711872,two-strong
7,3986,marriage,0.2421052631578947,female,0.2285714285714285,0.05590062088711872,two-strong
7,3987,marriage,0.2421052631578947,female,0.2285714285714285,0.05590062088711872,two-strong
7,3988,marriage,0.2421052631578947,female,0.2285714285714285,0.05590062088711872,two-strong
7,3989,marriage,0.2967214003761855,,,0.9999999966298352,dominant
7,3990,marriage,0.2421052631578947,female,0.2285714285714285,0.05590062088711872,two-strong
7,3991,marriage,0.2412226217718208,female,0.2336466165413533,0.03140669454387724,two-strong
7,3992,marriage,0.2421052631578947,female,0.2285714285714285,0.05590062088711872,two-strong
7,3993,marriage,0.2421052631578947,female,0.2285714285714285,0.05590062088711872,two-strong
7,3994,marriage,0.2421052631578947,female,0.2285714285714285,0.05590062088711872,two-strong
7,3995,marriage,0.2421052631578947,female,0.2285714285714285,0.05590062088711872,two-strong
7,3996,marriage,0.2421052631578947,female,0.2285714285714285,0.05590062088711872,two-strong
7,3997,marriage,0.2421052631578947,female,0.2285714285714285,0.05590062088711872,two-strong
7,3998,marriage,0.2421052631578947,female,0.2285714285714285,0.05590062088711872,two-strong
7,3999,marriage,0.2421052631578947,female,0.2285714285714285,0.05590062088711872,two-strong
7,4000,marriage,0.2421052631578947,female,0.2285714285714285,0.05590062088711872,two-strong
7,4001,marriage,0.2437070938215103,female,0.2387218045112781,0.020456069667907598,two-strong
7,4002,marriage,0.2421052631578947,female,0.2285714285714285,0.05590062088711872,two-strong
7,4003,marriage,0.2421052631578947,female,0.2285714285714285,0.05590062088711872,two-strong
7,4004,marriage,0.2421052631578947,female,0.2285714285714285,0.05590062088711872,two-strong
7,4005,marriage,0.2421052631578947,female,0.2285714285714285,0.05590062088711872,two-strong
7,4006,marriage,0.2421052631578947,female,0.2285714285714285,0.05590062088711872,two-strong
7,4007,marriage,0.2421052631578947,female,0.2285714285714285,0.05590062088711872,two-strong
7,4008,marriage,0.2421052631578947,female,0.2285714285714285,0.05590062088711872,two-strong
7,4009,marriage,0.2421052631578947,female,0.2285714285714285,0.05590062088711872,two-strong
7,4010,marriage,0.2421052631578947,female,0.2285714285714285,0.05590062088711872,two-strong
7,4011,marriage,0.2421052631578947,female,0.2285714285714285,0.05590062088711872,two-strong
7,4012,marriage,0.2421052631578947,female,0.2285714285714285,0.05590062088711872,two-strong
7,4013,marriage,0.2421052631578947,female,0.2285714285714285,0.05590062088711872,two-strong
7,4014,marriage,0.2421052631578947,female,0.2285714285714285,0.05590062088711872,two-strong
7,4015,marriage,0.2421052631578947,female,0.2285714285714285,0.05590062088711872,two-strong
7,4016,female,0.2656975433629853,marriage,0.253810231452017,0.04474001421228171,two-strong
7,4017,marriage,0.2421052631578947,female,0.2285714285714285,0.05590062088711872,two-strong
7,4018,marriage,0.2421052631578947,female,0.2285714285714285,0.05590062088711872,two-strong
7,4019,marriage,0.2421052631578947,female,0.2285714285714285,0.05590062088711872,two-strong
7,4020,marriage,0.2421052631578947,female,0.2285714285714285,0.05590062088711872,two-strong
7,4021,marriage,0.2421052631578947,female,0.2285714285714285,0.05590062088711872,two-strong
7,4022,marriage,0.2421052631578947,female,0.2285714285714285,0.05590062088711872,two-strong
7,4023,marriage,0.2421052631578947,female,0.2285714285714285,0.05590062088711872,two-strong
7,4024,marriage,0.2421052631578947,female,0.2285714285714285,0.05590062088711872,two-strong
7,4025,marriage,0.2421052631578947,female,0.2285714285714285,0.05590062088711872,two-strong
7,4026,female,0.2303571428571428,male,0.2060150375939849,0.10567115417203546,two-strong
7,4027,marriage,0.2421052631578947,female,0.2285714285714285,0.05590062088711872,two-strong
7,4028,marriage,0.2421052631578947,female,0.2285714285714285,0.05590062088711872,two-strong
7,4029,wealth,0.2013982681155856,society,0.1953600133516766,0.0299816616618663,two-strong
7,4030,marriage,0.2421052631578947,female,0.2290726817042606,0.05383022752092912,two-strong
7,4031,marriage,0.2421052631578947,female,0.2285714285714285,0.05590062088711872,two-strong
7,4032,marriage,0.2421052631578947,female,0.2285714285714285,0.05590062088711872,two-strong
7,4033,marriage,0.2421052631578947,female,0.2285714285714285,0.05590062088711872,two-strong
7,4034,marriage,0.2421052631578947,female,0.2285714285714285,0.05590062088711872,two-strong
7,4035,marriage,0.2421052631578947,female,0.2285714285714285,0.05590062088711872,two-strong
7,4036,marriage,0.2421052631578947,female,0.2285714285714285,0.05590062088711872,two-strong
7,4037,marriage,0.2421052631578947,female,0.2285714285714285,0.05590062088711872,two-strong
7,4038,marriage,0.2421052631578947,female,0.2285714285714285,0.05590062088711872,two-strong
7,4039,marriage,0.2421052631578947,female,0.2285714285714285,0.05590062088711872,two-strong
7,4040,marriage,0.2421052631578947,female,0.2285714285714285,0.05590062088711872,two-strong
7,4041,marriage,0.2421052631578947,female,0.2285714285714285,0.05590062088711872,two-strong
7,4042,marriage,0.2421052631578947,female,0.2285714285714285,0.05590062088711872,two-strong
7,4043,marriage,0.2421052631578947,female,0.2285714285714285,0.05590062088711872,two-strong
7,4044,marriage,0.2421052631578947,female,0.2285714285714285,0.05590062088711872,two-strong
7,4045,marriage,0.2421052631578947,female,0.2285714285714285,0.05590062088711872,two-strong
7,4046,marriage,0.2421052631578947,female,0.2285714285714285,0.05590062088711872,two-strong
7,4047,marriage,0.2483674779460831,wealth,0.196024961920698,0.21074625489413573,leaning
7,4048,marriage,0.2421052631578947,female,0.2285714285714285,0.05590062088711872,two-strong
7,4049,marriage,0.2468126838836221,female,0.2336466165413533,0.05334437064479448,two-strong
7,4050,marriage,0.2421052631578947,female,0.2285714285714285,0.05590062088711872,two-strong
7,4051,marriage,0.2421052631578947,female,0.2285714285714285,0.05590062088711872,two-strong
7,4052,marriage,0.2421052631578947,female,0.2285714285714285,0.05590062088711872,two-strong
7,4053,marriage,0.2421052631578947,female,0.2285714285714285,0.05590062088711872,two-strong
7,4054,female,0.3979395849521345,male,0.2798736066928567,0.29669322285890687,leaning
7,4055,marriage,0.2421052631578947,female,0.2285714285714285,0.05590062088711872,two-strong
7,4056,marriage,0.2421052631578947,female,0.2285714285714285,0.05590062088711872,two-strong
7,4057,marriage,0.2421052631578947,female,0.2285714285714285,0.05590062088711872,two-strong
7,4058,marriage,0.2415118062715316,female,0.2276725467514941,0.05730262083823518,two-strong
7,4059,marriage,0.2421052631578947,female,0.2285714285714285,0.05590062088711872,two-strong
7,4060,marriage,0.2421052631578947,female,0.2285714285714285,0.05590062088711872,two-strong
7,4061,marriage,0.2421052631578947,female,0.2285714285714285,0.05590062088711872,two-strong
7,4062,marriage,0.2421052631578947,female,0.2285714285714285,0.05590062088711872,two-strong
7,4063,marriage,0.2421052631578947,female,0.2285714285714285,0.05590062088711872,two-strong
7,4064,marriage,0.2421052631578947,female,0.2285714285714285,0.05590062088711872,two-strong
7,4065,marriage,0.2421052631578947,female,0.2285714285714285,0.05590062088711872,two-strong
7,4066,marriage,0.2421052631578947,female,0.2285714285714285,0.05590062088711872,two-strong
7,4067,marriage,0.2421052631578947,female,0.2285714285714285,0.05590062088711872,two-strong
7,4068,marriage,0.2421052631578947,female,0.2287124060150376,0.05531832275287766,two-strong
7,4069,marriage,0.2421052631578947,female,0.2285714285714285,0.05590062088711872,two-strong
7,4070,marriage,0.2421052631578947,female,0.2285714285714285,0.05590062088711872,two-strong
7,4071,marriage,0.2421052631578947,female,0.2285714285714285,0.05590062088711872,two-strong
7,4072,marriage,0.2594963832310001,female,0.2347764068998487,0.09526135173099766,two-strong
7,4073,marriage,0.2421052631578947,female,0.2285714285714285,0.05590062088711872,two-strong
7,4074,marriage,0.2421052631578947,female,0.2285714285714285,0.05590062088711872,two-strong
7,4075,marriage,0.2421052631578947,female,0.2285714285714285,0.05590062088711872,two-strong
7,4076,marriage,0.2421052631578947,female,0.2285714285714285,0.05590062088711872,two-strong
7,4077,marriage,0.2421052631578947,female,0.2285714285714285,0.05590062088711872,two-strong
7,4078,marriage,0.2421052631578947,female,0.2285714285714285,0.05590062088711872,two-strong
7,4079,marriage,0.2421052631578947,female,0.2285714285714285,0.05590062088711872,two-strong
7,4080,marriage,0.2421052631578947,female,0.2285714285714285,0.05590062088711872,two-strong
7,4081,marriage,0.2421052631578947,female,0.2285714285714285,0.05590062088711872,two-strong
7,4082,marriage,0.2421052631578947,female,0.2285714285714285,0.05590062088711872,two-strong
7,4083,marriage,0.2421052631578947,female,0.2285714285714285,0.05590062088711872,two-strong
7,4084,marriage,0.2421052631578947,female,0.2285714285714285,0.05590062088711872,two-strong
7,4085,marriage,0.2421052631578947,female,0.2285714285714285,0.05590062088711872,two-strong
7,4086,society,0.2467109740756533,class,0.2427347287360814,0.01611701845997156,two-strong
7,4087,marriage,0.2421052631578947,female,0.2285714285714285,0.05590062088711872,two-strong
7,4088,marriage,0.2421052631578947,female,0.2285714285714285,0.05590062088711872,two-strong
7,4089,marriage,0.2414174906492657,female,0.2292606516290727,0.05035608205993053,two-strong
7,4090,marriage,0.2421052631578947,female,0.2285714285714285,0.05590062088711872,two-strong
7,4091,marriage,0.2421052631578947,female,0.2285714285714285,0.05590062088711872,two-strong
7,4092,marriage,0.2421052631578947,female,0.2285714285714285,0.05590062088711872,two-strong
7,4093,marriage,0.2421052631578947,female,0.2285714285714285,0.05590062088711872,two-strong
7,4094,marriage,0.2421052631578947,female,0.2285714285714285,0.05590062088711872,two-strong
7,4095,marriage,0.2421052631578947,female,0.2285714285714285,0.05590062088711872,two-strong
7,4096,marriage,0.2421052631578947,female,0.2285714285714285,0.05590062088711872,two-strong
7,4097,marriage,0.2421052631578947,female,0.2285714285714285,0.05590062088711872,two-strong
7,4098,female,0.4018908865594196,male,0.2324388382054849,0.4216369507230522,leaning
7,4099,marriage,0.256559488784072,female,0.2285714285714285,0.10908994337414313,two-strong
7,4100,marriage,0.2421052631578947,female,0.2285714285714285,0.05590062088711872,two-strong
7,4101,marriage,0.2421052631578947,female,0.2285714285714285,0.05590062088711872,two-strong
7,4102,marriage,0.2421052631578947,female,0.2285714285714285,0.05590062088711872,two-strong
7,4103,marriage,0.2421052631578947,female,0.2285714285714285,0.05590062088711872,two-strong
7,4104,marriage,0.2421052631578947,female,0.2285714285714285,0.05590062088711872,two-strong
7,4105,marriage,0.2421052631578947,female,0.2285714285714285,0.05590062088711872,two-strong
7,4106,marriage,0.2421052631578947,female,0.2285714285714285,0.05590062088711872,two-strong
7,4107,marriage,0.2421052631578947,female,0.2285714285714285,0.05590062088711872,two-strong
7,4108,marriage,0.2421052631578947,female,0.2285714285714285,0.05590062088711872,two-strong
7,4109,marriage,0.2468126838836221,female,0.2285714285714285,0.07390728446876531,two-strong
7,4110,marriage,0.2421052631578947,female,0.2285714285714285,0.05590062088711872,two-strong
7,4111,marriage,0.2421052631578947,female,0.2285714285714285,0.05590062088711872,two-strong
7,4112,marriage,0.2421052631578947,female,0.2285714285714285,0.05590062088711872,two-strong
7,4113,marriage,0.2421052631578947,female,0.2285714285714285,0.05590062088711872,two-strong
7,4114,marriage,0.2421052631578947,female,0.2285714285714285,0.05590062088711872,two-strong
7,4115,marriage,0.2421052631578947,female,0.2285714285714285,0.05590062088711872,two-strong
7,4116,marriage,0.2421052631578947,female,0.2285714285714285,0.05590062088711872,two-strong
7,4117,marriage,0.2421052631578947,female,0.2285714285714285,0.05590062088711872,two-strong
7,4118,marriage,0.2421052631578947,female,0.2285714285714285,0.05590062088711872,two-strong
7,4119,marriage,0.2421052631578947,female,0.2285714285714285,0.05590062088711872,two-strong
7,4120,marriage,0.2421052631578947,female,0.2285714285714285,0.05590062088711872,two-strong
7,4121,marriage,0.2421052631578947,female,0.2285714285714285,0.05590062088711872,two-strong
7,4122,marriage,0.2421052631578947,female,0.2285714285714285,0.05590062088711872,two-strong
7,4123,marriage,0.2421052631578947,female,0.2285714285714285,0.05590062088711872,two-strong
7,4124,marriage,0.2421052631578947,female,0.2285714285714285,0.05590062088711872,two-strong
7,4125,marriage,0.2421052631578947,female,0.2285714285714285,0.05590062088711872,two-strong
7,4126,marriage,0.2421052631578947,female,0.2285714285714285,0.05590062088711872,two-strong
7,4127,marriage,0.2421052631578947,female,0.2285714285714285,0.05590062088711872,two-strong
7,4128,marriage,0.2421052631578947,female,0.2285714285714285,0.05590062088711872,two-strong
7,4129,marriage,0.2421052631578947,female,0.2285714285714285,0.05590062088711872,two-strong
7,4130,marriage,0.2421052631578947,female,0.2285714285714285,0.05590062088711872,two-strong
7,4131,marriage,0.2421052631578947,female,0.2285714285714285,0.05590062088711872,two-strong
7,4132,marriage,0.2421052631578947,female,0.2285714285714285,0.05590062088711872,two-strong
7,4133,marriage,0.2421052631578947,female,0.2285714285714285,0.05590062088711872,two-strong
7,4134,marriage,0.2421052631578947,female,0.2285714285714285,0.05590062088711872,two-strong
7,4135,marriage,0.2763003582178623,duty,0.2057191084208021,0.2554511691438194,leaning
7,4136,marriage,0.2421052631578947,female,0.2285714285714285,0.05590062088711872,two-strong
7,4137,marriage,0.2427591785733007,female,0.2253581847397903,0.07168006525683698,two-strong
7,4138,marriage,0.2421052631578947,female,0.2285714285714285,0.05590062088711872,two-strong
7,4139,marriage,0.2421052631578947,female,0.2285714285714285,0.05590062088711872,two-strong
7,4140,marriage,0.2421052631578947,female,0.2285714285714285,0.05590062088711872,two-strong
7,4141,marriage,0.2421052631578947,female,0.2285714285714285,0.05590062088711872,two-strong
7,4142,marriage,0.2421052631578947,female,0.2285714285714285,0.05590062088711872,two-strong
7,4143,marriage,0.2421052631578947,female,0.2285714285714285,0.05590062088711872,two-strong
7,4144,marriage,0.2421052631578947,female,0.2285714285714285,0.05590062088711872,two-strong
7,4145,marriage,0.2421052631578947,female,0.2285714285714285,0.05590062088711872,two-strong
7,4146,marriage,0.2421052631578947,female,0.2285714285714285,0.05590062088711872,two-strong
7,4147,marriage,0.2421052631578947,female,0.2285714285714285,0.05590062088711872,two-strong
7,4148,marriage,0.2421052631578947,female,0.2285714285714285,0.05590062088711872,two-strong
7,4149,marriage,0.2421052631578947,female,0.2285714285714285,0.05590062088711872,two-strong
7,4150,marriage,0.2421052631578947,female,0.2285714285714285,0.05590062088711872,two-strong
7,4151,society,0.3167728905391747,class,0.1985831340627047,0.3731056527665458,leaning
7,4152,marriage,0.2421052631578947,female,0.2285714285714285,0.05590062088711872,two-strong
7,4153,marriage,0.2421052631578947,female,0.2285714285714285,0.05590062088711872,two-strong
7,4154,marriage,0.2421052631578947,female,0.2285714285714285,0.05590062088711872,two-strong
7,4155,marriage,0.2421052631578947,female,0.2285714285714285,0.05590062088711872,two-strong
7,4156,marriage,0.2434149750927044,female,0.2263502822713349,0.07010535298728053,two-strong
7,4157,marriage,0.2421052631578947,female,0.2285714285714285,0.05590062088711872,two-strong
7,4158,marriage,0.2421052631578947,female,0.2285714285714285,0.05590062088711872,two-strong
7,4159,marriage,0.2421052631578947,female,0.2285714285714285,0.05590062088711872,two-strong
7,4160,marriage,0.2421052631578947,female,0.2285714285714285,0.05590062088711872,two-strong
7,4161,marriage,0.2421052631578947,female,0.2285714285714285,0.05590062088711872,two-strong
7,4162,marriage,0.2421052631578947,female,0.2285714285714285,0.05590062088711872,two-strong
7,4163,marriage,0.2421052631578947,female,0.2285714285714285,0.05590062088711872,two-strong
7,4164,society,0.212920580285661,emotion,0.2081807823417242,0.022260872647053866,two-strong
7,4165,marriage,0.2421052631578947,female,0.2285714285714285,0.05590062088711872,two-strong
7,4166,marriage,0.2421052631578947,female,0.2285714285714285,0.05590062088711872,two-strong
7,4167,marriage,0.2421052631578947,female,0.2285714285714285,0.05590062088711872,two-strong
7,4168,marriage,0.2421052631578947,female,0.2285714285714285,0.05590062088711872,two-strong
7,4169,marriage,0.2421052631578947,female,0.2285714285714285,0.05590062088711872,two-strong
7,4170,marriage,0.2421052631578947,female,0.2285714285714285,0.05590062088711872,two-strong
7,4171,marriage,0.2421052631578947,female,0.2285714285714285,0.05590062088711872,two-strong
7,4172,marriage,0.2421052631578947,female,0.2285714285714285,0.05590062088711872,two-strong
7,4173,marriage,0.2421052631578947,female,0.2285714285714285,0.05590062088711872,two-strong
7,4174,marriage,0.2421052631578947,female,0.2285714285714285,0.05590062088711872,two-strong
7,4175,marriage,0.2421052631578947,female,0.2285714285714285,0.05590062088711872,two-strong
7,4176,marriage,0.2421052631578947,female,0.2285714285714285,0.05590062088711872,two-strong
7,4177,female,0.2324736119144013,male,0.2136877547403863,0.0808085568874095,two-strong
7,4178,marriage,0.2421052631578947,female,0.2285714285714285,0.05590062088711872,two-strong
7,4179,marriage,0.2421052631578947,female,0.2285714285714285,0.05590062088711872,two-strong
7,4180,marriage,0.2421052631578947,female,0.2285714285714285,0.05590062088711872,two-strong
7,4181,female,0.2336466165413533,male,0.2057644110275689,0.11933494183304195,two-strong
7,4182,marriage,0.2421052631578947,female,0.2285714285714285,0.05590062088711872,two-strong
7,4183,marriage,0.2421052631578947,female,0.2285714285714285,0.05590062088711872,two-strong
7,4184,marriage,0.2421052631578947,female,0.2285714285714285,0.05590062088711872,two-strong
7,4185,marriage,0.2421052631578947,female,0.2285714285714285,0.05590062088711872,two-strong
7,4186,marriage,0.2421052631578947,female,0.2285714285714285,0.05590062088711872,two-strong
7,4187,marriage,0.2421052631578947,female,0.2285714285714285,0.05590062088711872,two-strong
7,4188,marriage,0.2421052631578947,female,0.2285714285714285,0.05590062088711872,two-strong
7,4189,marriage,0.2421052631578947,female,0.2285714285714285,0.05590062088711872,two-strong
7,4190,marriage,0.2421052631578947,female,0.2285714285714285,0.05590062088711872,two-strong
7,4191,marriage,0.2421052631578947,female,0.2285714285714285,0.05590062088711872,two-strong
7,4192,marriage,0.2421052631578947,female,0.2285714285714285,0.05590062088711872,two-strong
7,4193,marriage,0.2421052631578947,female,0.2285714285714285,0.05590062088711872,two-strong
7,4194,marriage,0.2421052631578947,female,0.2285714285714285,0.05590062088711872,two-strong
7,4195,marriage,0.2421052631578947,female,0.2285714285714285,0.05590062088711872,two-strong
7,4196,marriage,0.2421052631578947,female,0.2285714285714285,0.05590062088711872,two-strong
7,4197,marriage,0.2421052631578947,female,0.2285714285714285,0.05590062088711872,two-strong
7,4198,marriage,0.2421052631578947,female,0.2285714285714285,0.05590062088711872,two-strong
7,4199,marriage,0.2421052631578947,female,0.2285714285714285,0.05590062088711872,two-strong
7,4200,marriage,0.2421052631578947,female,0.2285714285714285,0.05590062088711872,two-strong
7,4201,marriage,0.2421052631578947,female,0.2285714285714285,0.05590062088711872,two-strong
7,4202,marriage,0.2421052631578947,female,0.2285714285714285,0.05590062088711872,two-strong
7,4203,marriage,0.2421052631578947,female,0.2285714285714285,0.05590062088711872,two-strong
7,4204,marriage,0.2421052631578947,female,0.2285714285714285,0.05590062088711872,two-strong
7,4205,marriage,0.2421052631578947,female,0.2285714285714285,0.05590062088711872,two-strong
7,4206,marriage,0.2421052631578947,female,0.2285714285714285,0.05590062088711872,two-strong
7,4207,marriage,0.2421052631578947,female,0.2285714285714285,0.05590062088711872,two-strong
7,4208,marriage,0.2421052631578947,female,0.2285714285714285,0.05590062088711872,two-strong
7,4209,marriage,0.2421052631578947,female,0.2285714285714285,0.05590062088711872,two-strong
7,4210,marriage,0.2421052631578947,female,0.2285714285714285,0.05590062088711872,two-strong
7,4211,marriage,0.2421052631578947,female,0.2285714285714285,0.05590062088711872,two-strong
7,4212,marriage,0.2421052631578947,female,0.2285714285714285,0.05590062088711872,two-strong
7,4213,marriage,0.2421052631578947,female,0.2285714285714285,0.05590062088711872,two-strong
7,4214,marriage,0.2421052631578947,female,0.2285714285714285,0.05590062088711872,two-strong
7,4215,marriage,0.2421052631578947,female,0.2285714285714285,0.05590062088711872,two-strong
7,4216,marriage,0.2426718971341397,female,0.2366697994987468,0.024733385618779642,two-strong
7,4217,marriage,0.2421052631578947,female,0.2285714285714285,0.05590062088711872,two-strong
7,4218,marriage,0.2421052631578947,female,0.2285714285714285,0.05590062088711872,two-strong
7,4219,love,0.208974374706273,emotion,0.187261461055175,0.10390227786404259,two-strong
7,4220,marriage,0.2421052631578947,female,0.2285714285714285,0.05590062088711872,two-strong
7,4221,marriage,0.2421052631578947,female,0.2285714285714285,0.05590062088711872,two-strong
7,4222,marriage,0.2421052631578947,female,0.2285714285714285,0.05590062088711872,two-strong
7,4223,marriage,0.2421052631578947,female,0.2285714285714285,0.05590062088711872,two-strong
7,4224,marriage,0.2421052631578947,female,0.2285714285714285,0.05590062088711872,two-strong
7,4225,marriage,0.2421052631578947,female,0.2285714285714285,0.05590062088711872,two-strong
7,4226,marriage,0.2421052631578947,female,0.2285714285714285,0.05590062088711872,two-strong
7,4227,marriage,0.2421052631578947,female,0.2285714285714285,0.05590062088711872,two-strong
7,4228,marriage,0.2421052631578947,female,0.2285714285714285,0.05590062088711872,two-strong
7,4229,marriage,0.2421052631578947,female,0.2285714285714285,0.05590062088711872,two-strong
7,4230,marriage,0.2421052631578947,female,0.2285714285714285,0.05590062088711872,two-strong
7,4231,marriage,0.2421052631578947,female,0.2285714285714285,0.05590062088711872,two-strong
7,4232,marriage,0.2421052631578947,female,0.2285714285714285,0.05590062088711872,two-strong
7,4233,marriage,0.2549206868101932,female,0.2474739480279646,0.02921198293554436,two-strong
7,4234,marriage,0.2421052631578947,female,0.2285714285714285,0.05590062088711872,two-strong
7,4235,marriage,0.2421052631578947,female,0.2285714285714285,0.05590062088711872,two-strong
7,4236,marriage,0.2421052631578947,female,0.2285714285714285,0.05590062088711872,two-strong
7,4237,marriage,0.2421052631578947,female,0.2285714285714285,0.05590062088711872,two-strong
7,4238,marriage,0.2421052631578947,female,0.2285714285714285,0.05590062088711872,two-strong
7,4239,marriage,0.2421052631578947,female,0.2285714285714285,0.05590062088711872,two-strong
7,4240,marriage,0.2421052631578947,female,0.2285714285714285,0.05590062088711872,two-strong
7,4241,marriage,0.2421052631578947,female,0.2285714285714285,0.05590062088711872,two-strong
7,4242,wealth,0.1942957393483709,emotion,0.1887155906294662,0.02871987161890195,two-strong
7,4243,marriage,0.2421052631578947,female,0.2285714285714285,0.05590062088711872,two-strong
7,4244,marriage,0.2421052631578947,female,0.2285714285714285,0.05590062088711872,two-strong
7,4245,marriage,0.2421052631578947,female,0.2285714285714285,0.05590062088711872,two-strong
7,4246,marriage,0.2421052631578947,female,0.2285714285714285,0.05590062088711872,two-strong
7,4247,marriage,0.2421052631578947,female,0.2285714285714285,0.05590062088711872,two-strong
7,4248,marriage,0.2421052631578947,female,0.2285714285714285,0.05590062088711872,two-strong
7,4249,marriage,0.2421052631578947,female,0.2285714285714285,0.05590062088711872,two-strong
7,4250,marriage,0.2421052631578947,female,0.2285714285714285,0.05590062088711872,two-strong
7,4251,marriage,0.2421052631578947,female,0.2285714285714285,0.05590062088711872,two-strong
7,4252,marriage,0.2421052631578947,female,0.2285714285714285,0.05590062088711872,two-strong
7,4253,marriage,0.2421052631578947,female,0.2285714285714285,0.05590062088711872,two-strong
7,4254,marriage,0.2421052631578947,female,0.2285714285714285,0.05590062088711872,two-strong
7,4255,marriage,0.2421052631578947,female,0.2285714285714285,0.05590062088711872,two-strong
7,4256,male,0.3267536106545032,family,0.2100824636255264,0.35706153770793025,leaning
7,4257,female,0.2977193714843705,marriage,0.2862780019165674,0.03843004730370295,two-strong
7,4258,marriage,0.2421052631578947,female,0.2285714285714285,0.05590062088711872,two-strong
7,4259,marriage,0.2421052631578947,female,0.2285714285714285,0.05590062088711872,two-strong
7,4260,emotion,0.2314418311463062,,,0.9999999956792599,dominant
7,4261,marriage,0.2421052631578947,female,0.2285714285714285,0.05590062088711872,two-strong
7,4262,marriage,0.2421052631578947,female,0.2285714285714285,0.05590062088711872,two-strong
7,4263,marriage,0.2421052631578947,female,0.2285714285714285,0.05590062088711872,two-strong
7,4264,marriage,0.2421052631578947,female,0.2285714285714285,0.05590062088711872,two-strong
7,4265,marriage,0.2421052631578947,female,0.2285714285714285,0.05590062088711872,two-strong
7,4266,marriage,0.2421052631578947,female,0.2285714285714285,0.05590062088711872,two-strong
7,4267,marriage,0.2421052631578947,female,0.2285714285714285,0.05590062088711872,two-strong
7,4268,marriage,0.2421052631578947,female,0.2285714285714285,0.05590062088711872,two-strong
7,4269,marriage,0.2421052631578947,female,0.2285714285714285,0.05590062088711872,two-strong
7,4270,marriage,0.2421052631578947,female,0.2285714285714285,0.05590062088711872,two-strong
7,4271,marriage,0.2421052631578947,female,0.2285714285714285,0.05590062088711872,two-strong
7,4272,marriage,0.2421052631578947,female,0.2285714285714285,0.05590062088711872,two-strong
7,4273,marriage,0.2421052631578947,female,0.2285714285714285,0.05590062088711872,two-strong
7,4274,marriage,0.2421052631578947,female,0.2354323308270676,0.027562111687398902,two-strong
7,4275,marriage,0.2421052631578947,female,0.2285714285714285,0.05590062088711872,two-strong
7,4276,marriage,0.2421052631578947,female,0.2285714285714285,0.05590062088711872,two-strong
7,4277,marriage,0.2421052631578947,female,0.2285714285714285,0.05590062088711872,two-strong
7,4278,marriage,0.2421052631578947,female,0.2285714285714285,0.05590062088711872,two-strong
7,4279,marriage,0.2421052631578947,female,0.2285714285714285,0.05590062088711872,two-strong
7,4280,marriage,0.2421052631578947,female,0.2285714285714285,0.05590062088711872,two-strong
7,4281,marriage,0.2421052631578947,female,0.2285714285714285,0.05590062088711872,two-strong
7,4282,marriage,0.2421052631578947,female,0.2285714285714285,0.05590062088711872,two-strong
7,4283,marriage,0.2421052631578947,female,0.2285714285714285,0.05590062088711872,two-strong
7,4284,marriage,0.2421052631578947,female,0.2277986633249791,0.05909247732666073,two-strong
7,4285,marriage,0.2421052631578947,female,0.2285714285714285,0.05590062088711872,two-strong
7,4286,marriage,0.2421052631578947,female,0.2285714285714285,0.05590062088711872,two-strong
7,4287,marriage,0.2421052631578947,female,0.2285714285714285,0.05590062088711872,two-strong
7,4288,marriage,0.2421052631578947,female,0.2285714285714285,0.05590062088711872,two-strong
7,4289,marriage,0.2421052631578947,female,0.2285714285714285,0.05590062088711872,two-strong
7,4290,marriage,0.2421052631578947,female,0.2285714285714285,0.05590062088711872,two-strong
7,4291,marriage,0.2421052631578947,female,0.2285714285714285,0.05590062088711872,two-strong
7,4292,marriage,0.2421052631578947,female,0.2285714285714285,0.05590062088711872,two-strong
7,4293,marriage,0.2421052631578947,female,0.2285714285714285,0.05590062088711872,two-strong
7,4294,marriage,0.2421052631578947,female,0.2285714285714285,0.05590062088711872,two-strong
7,4295,marriage,0.2421052631578947,female,0.2285714285714285,0.05590062088711872,two-strong
7,4296,marriage,0.2421052631578947,female,0.2285714285714285,0.05590062088711872,two-strong
7,4297,marriage,0.2421052631578947,female,0.2285714285714285,0.05590062088711872,two-strong
7,4298,marriage,0.2421052631578947,female,0.2285714285714285,0.05590062088711872,two-strong
7,4299,marriage,0.2421052631578947,female,0.2285714285714285,0.05590062088711872,two-strong
7,4300,marriage,0.2421052631578947,female,0.2285714285714285,0.05590062088711872,two-strong
7,4301,marriage,0.2421052631578947,female,0.2285714285714285,0.05590062088711872,two-strong
7,4302,marriage,0.2421052631578947,female,0.2285714285714285,0.05590062088711872,two-strong
7,4303,marriage,0.2421052631578947,female,0.2285714285714285,0.05590062088711872,two-strong
7,4304,marriage,0.2421052631578947,female,0.2285714285714285,0.05590062088711872,two-strong
7,4305,marriage,0.2421052631578947,female,0.2285714285714285,0.05590062088711872,two-strong
7,4306,marriage,0.2421052631578947,female,0.2285714285714285,0.05590062088711872,two-strong
7,4307,marriage,0.2421052631578947,female,0.2285714285714285,0.05590062088711872,two-strong
7,4308,marriage,0.2421052631578947,female,0.2285714285714285,0.05590062088711872,two-strong
7,4309,marriage,0.2421052631578947,female,0.2285714285714285,0.05590062088711872,two-strong
7,4310,marriage,0.2421052631578947,female,0.2285714285714285,0.05590062088711872,two-strong
7,4311,marriage,0.2421052631578947,female,0.2285714285714285,0.05590062088711872,two-strong
7,4312,marriage,0.2421052631578947,female,0.2285714285714285,0.05590062088711872,two-strong
7,4313,marriage,0.2421052631578947,female,0.2285714285714285,0.05590062088711872,two-strong
7,4314,marriage,0.2421052631578947,female,0.2285714285714285,0.05590062088711872,two-strong
7,4315,love,0.1614856055043947,class,0.1557469594753384,0.03553657910000869,two-strong
7,4316,marriage,0.2421052631578947,female,0.2285714285714285,0.05590062088711872,two-strong
7,4317,marriage,0.2421052631578947,female,0.2285714285714285,0.05590062088711872,two-strong
7,4318,marriage,0.2421052631578947,female,0.2285714285714285,0.05590062088711872,two-strong
7,4319,marriage,0.2421052631578947,female,0.2285714285714285,0.05590062088711872,two-strong
7,4320,marriage,0.2421052631578947,female,0.2285714285714285,0.05590062088711872,two-strong
7,4321,marriage,0.2421052631578947,female,0.2285714285714285,0.05590062088711872,two-strong
7,4322,marriage,0.2421052631578947,female,0.2285714285714285,0.05590062088711872,two-strong
7,4323,marriage,0.2421052631578947,female,0.2285714285714285,0.05590062088711872,two-strong
7,4324,female,0.2649551919379432,marriage,0.2547177388497231,0.038638431557813935,two-strong
7,4325,wealth,0.1980275122194626,family,0.1899017906757844,0.04103329588688488,two-strong
7,4326,marriage,0.2421052631578947,female,0.2285714285714285,0.05590062088711872,two-strong
7,4327,marriage,0.2421052631578947,female,0.2285714285714285,0.05590062088711872,two-strong
7,4328,emotion,0.2203219693095962,love,0.1877619237762285,0.147783924987664,two-strong
7,4329,marriage,0.2421052631578947,female,0.2285714285714285,0.05590062088711872,two-strong
7,4330,marriage,0.2421052631578947,female,0.2285714285714285,0.05590062088711872,two-strong
7,4331,marriage,0.2421052631578947,female,0.2285714285714285,0.05590062088711872,two-strong
7,4332,marriage,0.2421052631578947,female,0.2285714285714285,0.05590062088711872,two-strong
7,4333,marriage,0.2421052631578947,female,0.2285714285714285,0.05590062088711872,two-strong
7,4334,marriage,0.2421052631578947,female,0.2285714285714285,0.05590062088711872,two-strong
7,4335,marriage,0.2421052631578947,female,0.2285714285714285,0.05590062088711872,two-strong
7,4336,marriage,0.2421052631578947,female,0.2285714285714285,0.05590062088711872,two-strong
7,4337,marriage,0.2421052631578947,female,0.2285714285714285,0.05590062088711872,two-strong
7,4338,marriage,0.2421052631578947,female,0.2285714285714285,0.05590062088711872,two-strong
7,4339,marriage,0.2421052631578947,female,0.2285714285714285,0.05590062088711872,two-strong
7,4340,marriage,0.3220902095979771,wealth,0.2637172014684863,0.1812318605434119,two-strong
7,4341,marriage,0.2421052631578947,female,0.2285714285714285,0.05590062088711872,two-strong
7,4342,marriage,0.2421052631578947,female,0.2285714285714285,0.05590062088711872,two-strong
7,4343,marriage,0.2421052631578947,female,0.2285714285714285,0.05590062088711872,two-strong
7,4344,marriage,0.2421052631578947,female,0.2285714285714285,0.05590062088711872,two-strong
7,4345,marriage,0.2421052631578947,female,0.2285714285714285,0.05590062088711872,two-strong
7,4346,marriage,0.2421052631578947,female,0.2285714285714285,0.05590062088711872,two-strong
7,4347,marriage,0.2421052631578947,female,0.2285714285714285,0.05590062088711872,two-strong
7,4348,marriage,0.2421052631578947,female,0.2285714285714285,0.05590062088711872,two-strong
7,4349,society,0.3788803184006207,marriage,0.2986380355479112,0.2117879413204962,leaning
7,4350,marriage,0.2421052631578947,female,0.2285714285714285,0.05590062088711872,two-strong
7,4351,marriage,0.2421052631578947,female,0.2285714285714285,0.05590062088711872,two-strong
7,4352,marriage,0.2526043369292797,female,0.2285244360902255,0.09532655312433995,two-strong
7,4353,marriage,0.2421052631578947,female,0.2285714285714285,0.05590062088711872,two-strong
7,4354,marriage,0.2421052631578947,female,0.2285714285714285,0.05590062088711872,two-strong
7,4355,emotion,0.1954762940408873,,,0.9999999948842901,dominant
7,4356,emotion,0.2543431926827632,female,0.2394901088896631,0.05839780329103678,two-strong
7,4357,marriage,0.2421052631578947,female,0.2285714285714285,0.05590062088711872,two-strong
7,4358,marriage,0.2421052631578947,female,0.2285714285714285,0.05590062088711872,two-strong
7,4359,marriage,0.2421052631578947,female,0.2285714285714285,0.05590062088711872,two-strong
7,4360,marriage,0.2421052631578947,female,0.2285714285714285,0.05590062088711872,two-strong
7,4361,marriage,0.2421052631578947,female,0.2285714285714285,0.05590062088711872,two-strong
7,4362,marriage,0.2421052631578947,female,0.2285714285714285,0.05590062088711872,two-strong
7,4363,marriage,0.2421052631578947,female,0.2285714285714285,0.05590062088711872,two-strong
7,4364,marriage,0.2421052631578947,female,0.2285714285714285,0.05590062088711872,two-strong
7,4365,marriage,0.2421052631578947,female,0.2285714285714285,0.05590062088711872,two-strong
7,4366,marriage,0.2421052631578947,female,0.2285714285714285,0.05590062088711872,two-strong
7,4367,marriage,0.2421052631578947,female,0.2285714285714285,0.05590062088711872,two-strong
7,4368,marriage,0.2421052631578947,female,0.2285714285714285,0.05590062088711872,two-strong
7,4369,marriage,0.2421052631578947,female,0.2285714285714285,0.05590062088711872,two-strong
7,4370,female,0.2387218045112781,family,0.1899454518649565,0.2043229881822305,leaning
7,4371,marriage,0.2421052631578947,female,0.2285714285714285,0.05590062088711872,two-strong
7,4372,marriage,0.2421052631578947,female,0.2285714285714285,0.05590062088711872,two-strong
7,4373,marriage,0.2421052631578947,female,0.2285714285714285,0.05590062088711872,two-strong
7,4374,marriage,0.2421052631578947,female,0.2285714285714285,0.05590062088711872,two-strong
7,4375,marriage,0.2421052631578947,female,0.2285714285714285,0.05590062088711872,two-strong
7,4376,marriage,0.2421052631578947,female,0.2285714285714285,0.05590062088711872,two-strong
7,4377,marriage,0.2421052631578947,female,0.2285714285714285,0.05590062088711872,two-strong
7,4378,marriage,0.2421052631578947,female,0.2285714285714285,0.05590062088711872,two-strong
7,4379,emotion,0.1892779469334493,,,0.9999999947167644,dominant
7,4380,marriage,0.2421052631578947,female,0.2285714285714285,0.05590062088711872,two-strong
7,4381,marriage,0.2421052631578947,female,0.2285714285714285,0.05590062088711872,two-strong
7,4382,marriage,0.2421052631578947,female,0.2285714285714285,0.05590062088711872,two-strong
7,4383,female,0.2834286734683265,male,0.2452604863955224,0.1346659336582737,two-strong
7,4384,marriage,0.2421052631578947,female,0.2285714285714285,0.05590062088711872,two-strong
7,4385,marriage,0.2421052631578947,female,0.2285714285714285,0.05590062088711872,two-strong
7,4386,marriage,0.2421052631578947,female,0.2285714285714285,0.05590062088711872,two-strong
7,4387,marriage,0.2421052631578947,female,0.2285714285714285,0.05590062088711872,two-strong
7,4388,marriage,0.2421052631578947,female,0.2285714285714285,0.05590062088711872,two-strong
7,4389,marriage,0.2421052631578947,female,0.2285714285714285,0.05590062088711872,two-strong
7,4390,marriage,0.2421052631578947,female,0.2285714285714285,0.05590062088711872,two-strong
7,4391,marriage,0.2421052631578947,female,0.2285714285714285,0.05590062088711872,two-strong
7,4392,marriage,0.2421052631578947,female,0.2285714285714285,0.05590062088711872,two-strong
7,4393,marriage,0.2421052631578947,female,0.2285714285714285,0.05590062088711872,two-strong
7,4394,marriage,0.2421052631578947,female,0.2285714285714285,0.05590062088711872,two-strong
7,4395,marriage,0.2421052631578947,female,0.2285714285714285,0.05590062088711872,two-strong
7,4396,family,0.2065457762052189,male,0.2022556390977443,0.02077087784376262,two-strong
7,4397,marriage,0.2421052631578947,female,0.2285714285714285,0.05590062088711872,two-strong
7,4398,marriage,0.2421052631578947,female,0.2285714285714285,0.05590062088711872,two-strong
7,4399,marriage,0.2421052631578947,female,0.2285714285714285,0.05590062088711872,two-strong
7,4400,marriage,0.2413779012749264,female,0.2381683375104427,0.013296841733374766,two-strong
7,4401,marriage,0.2421052631578947,female,0.2285714285714285,0.05590062088711872,two-strong
7,4402,marriage,0.2421052631578947,female,0.2285714285714285,0.05590062088711872,two-strong
7,4403,marriage,0.2421052631578947,female,0.2285714285714285,0.05590062088711872,two-strong
7,4404,marriage,0.2421052631578947,female,0.2285714285714285,0.05590062088711872,two-strong
7,4405,marriage,0.2421052631578947,female,0.2285714285714285,0.05590062088711872,two-strong
7,4406,marriage,0.2421052631578947,female,0.2285714285714285,0.05590062088711872,two-strong
7,4407,marriage,0.2421052631578947,female,0.2285714285714285,0.05590062088711872,two-strong
7,4408,marriage,0.2421052631578947,female,0.2285714285714285,0.05590062088711872,two-strong
7,4409,marriage,0.2421052631578947,female,0.2285714285714285,0.05590062088711872,two-strong
7,4410,marriage,0.2421052631578947,female,0.2285714285714285,0.05590062088711872,two-strong
7,4411,marriage,0.2421052631578947,female,0.2285714285714285,0.05590062088711872,two-strong
7,4412,marriage,0.2421052631578947,female,0.2285714285714285,0.05590062088711872,two-strong
7,4413,marriage,0.2421052631578947,female,0.2285714285714285,0.05590062088711872,two-strong
7,4414,marriage,0.2421052631578947,female,0.2285714285714285,0.05590062088711872,two-strong
7,4415,marriage,0.355824805779572,wealth,0.1986121650132276,0.4418259710142559,leaning
7,4416,marriage,0.2421052631578947,female,0.2285714285714285,0.05590062088711872,two-strong
7,4417,marriage,0.2421052631578947,female,0.2285714285714285,0.05590062088711872,two-strong
7,4418,marriage,0.2421052631578947,female,0.2285714285714285,0.05590062088711872,two-strong
7,4419,marriage,0.2421052631578947,female,0.2285714285714285,0.05590062088711872,two-strong
7,4420,marriage,0.2421052631578947,female,0.2285714285714285,0.05590062088711872,two-strong
7,4421,marriage,0.2421052631578947,female,0.2285714285714285,0.05590062088711872,two-strong
7,4422,marriage,0.2421052631578947,female,0.2285714285714285,0.05590062088711872,two-strong
7,4423,marriage,0.2421052631578947,female,0.2285714285714285,0.05590062088711872,two-strong
7,4424,marriage,0.2421052631578947,female,0.2285714285714285,0.05590062088711872,two-strong
7,4425,marriage,0.2484145145472376,female,0.2336466165413533,0.059448611420116815,two-strong
7,4426,marriage,0.2421052631578947,female,0.2285714285714285,0.05590062088711872,two-strong
7,4427,marriage,0.2421052631578947,female,0.2285714285714285,0.05590062088711872,two-strong
7,4428,marriage,0.2471896143520857,society,0.2358421499040222,0.04590591086078066,two-strong
7,4429,marriage,0.2421052631578947,female,0.2285714285714285,0.05590062088711872,two-strong
7,4430,marriage,0.2421052631578947,female,0.2285714285714285,0.05590062088711872,two-strong
7,4431,marriage,0.2421052631578947,female,0.2285714285714285,0.05590062088711872,two-strong
7,4432,marriage,0.2421052631578947,female,0.2285714285714285,0.05590062088711872,two-strong
7,4433,marriage,0.2421052631578947,female,0.2285714285714285,0.05590062088711872,two-strong
7,4434,marriage,0.2421052631578947,female,0.2285714285714285,0.05590062088711872,two-strong
7,4435,marriage,0.2421052631578947,female,0.2285714285714285,0.05590062088711872,two-strong
7,4436,class,0.3040026478602493,love,0.2265074720850738,0.25491612019078225,leaning
7,4437,marriage,0.2421052631578947,female,0.2285714285714285,0.05590062088711872,two-strong
7,4438,marriage,0.2437070938215103,female,0.2285714285714285,0.06210596889338432,two-strong
7,4439,emotion,0.1927214731042482,,,0.9999999948111646,dominant
7,4440,marriage,0.2421052631578947,female,0.2285714285714285,0.05590062088711872,two-strong
7,4441,marriage,0.2421052631578947,female,0.2285714285714285,0.05590062088711872,two-strong
7,4442,marriage,0.2421052631578947,female,0.2285714285714285,0.05590062088711872,two-strong
7,4443,marriage,0.2421052631578947,female,0.2285714285714285,0.05590062088711872,two-strong
7,4444,marriage,0.2421052631578947,female,0.2285714285714285,0.05590062088711872,two-strong
7,4445,marriage,0.2421052631578947,female,0.2285714285714285,0.05590062088711872,two-strong
7,4446,marriage,0.2421052631578947,female,0.2285714285714285,0.05590062088711872,two-strong
7,4447,marriage,0.2421052631578947,female,0.2285714285714285,0.05590062088711872,two-strong
7,4448,marriage,0.2421052631578947,female,0.2285714285714285,0.05590062088711872,two-strong
7,4449,marriage,0.2421052631578947,female,0.2285714285714285,0.05590062088711872,two-strong
7,4450,marriage,0.2421052631578947,female,0.2285714285714285,0.05590062088711872,two-strong
7,4451,marriage,0.2421052631578947,female,0.2285714285714285,0.05590062088711872,two-strong
7,4452,marriage,0.2421052631578947,female,0.2285714285714285,0.05590062088711872,two-strong
7,4453,female,0.2363522442469811,male,0.2022556390977443,0.14426182037579904,two-strong
7,4454,marriage,0.2421052631578947,female,0.2285714285714285,0.05590062088711872,two-strong
7,4455,marriage,0.2421052631578947,female,0.2285714285714285,0.05590062088711872,two-strong
7,4456,marriage,0.2421052631578947,female,0.2285714285714285,0.05590062088711872,two-strong
7,4457,marriage,0.2421052631578947,female,0.2285714285714285,0.05590062088711872,two-strong
7,4458,marriage,0.2468126838836221,female,0.2383145363408521,0.03443156718941363,two-strong
7,4459,marriage,0.2421052631578947,female,0.2285714285714285,0.05590062088711872,two-strong
7,4460,marriage,0.2421052631578947,female,0.2285714285714285,0.05590062088711872,two-strong
7,4461,marriage,0.2421052631578947,female,0.2285714285714285,0.05590062088711872,two-strong
7,4462,marriage,0.2421052631578947,female,0.2285714285714285,0.05590062088711872,two-strong
7,4463,marriage,0.2421052631578947,female,0.2285714285714285,0.05590062088711872,two-strong
7,4464,society,0.2119494490652685,emotion,0.1911661686454413,0.09805772278921747,two-strong
7,4465,marriage,0.2421052631578947,female,0.2285714285714285,0.05590062088711872,two-strong
7,4466,marriage,0.2421052631578947,female,0.2285714285714285,0.05590062088711872,two-strong
7,4467,marriage,0.2421052631578947,female,0.2285714285714285,0.05590062088711872,two-strong
7,4468,marriage,0.2421052631578947,female,0.2285714285714285,0.05590062088711872,two-strong
7,4469,marriage,0.2421052631578947,female,0.2285714285714285,0.05590062088711872,two-strong
7,4470,marriage,0.2421052631578947,female,0.2285714285714285,0.05590062088711872,two-strong
7,4471,marriage,0.2421052631578947,female,0.2285714285714285,0.05590062088711872,two-strong
7,4472,marriage,0.2421052631578947,female,0.2285714285714285,0.05590062088711872,two-strong
7,4473,society,0.3879986538674289,class,0.2044083529875597,0.47317251896813456,leaning
7,4474,marriage,0.2421052631578947,female,0.2285714285714285,0.05590062088711872,two-strong
7,4475,marriage,0.2421052631578947,female,0.2285714285714285,0.05590062088711872,two-strong
7,4476,marriage,0.2421052631578947,female,0.2285714285714285,0.05590062088711872,two-strong
7,4477,female,0.4240639854686051,family,0.2139199049515033,0.49554804751772874,leaning
7,4478,marriage,0.2421052631578947,female,0.2285714285714285,0.05590062088711872,two-strong
7,4479,marriage,0.2421052631578947,female,0.2285714285714285,0.05590062088711872,two-strong
