layer,neuron,concept,AP,AUROC,ΔP,P(fire|1),P(fire|0),lift,label_support,neuron_fires_total
5,4,female,0.2154297646013611,0.5024109982558737,-0.05165282011827528,0.07895290851436164,0.13060572863263692,0.6045133650747665,152,79
5,4,male,0.29223343662156376,0.6156015037593985,0.14285961609106168,0.2330867205004436,0.09022710440938192,2.5833337113456523,133,79
5,4,family,0.2041177398261897,0.5250176993874474,0.07024747699963987,0.17647602561301493,0.10622854861337505,1.661286235338189,119,79
5,4,marriage,0.2640525923218392,0.5274943310657596,0.007163258809488454,0.12422827045626762,0.11706501164677917,1.0611904334835842,161,79
5,4,love,0.12554999926658755,0.4877798989778467,-0.04409935862221365,0.08046941449621849,0.12456877311843213,0.6459838407420715,87,79
5,4,wealth,0.15988745967526186,0.4161555555555555,-0.05762415347622786,0.07200684789043375,0.1296310013666616,0.5554755199815723,125,79
5,4,emotion,0.17644858028516572,0.512799282936315,-0.0542906355316842,0.07438720021156675,0.12867783574325095,0.5780886800071178,121,79
5,4,scandal,0.09006736924270486,0.4398304290800076,-0.08648374499422015,0.04167939779450571,0.12816314278872587,0.32520580322291315,72,79
5,4,duty,0.11283560697119821,0.43537525354969575,-0.041776459171241315,0.08236276793487213,0.12413922710611344,0.663470925784043,85,79
5,4,class,0.14433603520013205,0.47880750972623765,-0.0327588862217634,0.09091735520494536,0.12367624142670876,0.7351238536634247,99,79
5,4,society,0.16657997813779468,0.44884495525631124,-0.10990926637842127,0.0305415184501,0.14045078482852127,0.21745352642330334,131,79
5,60,female,0.3615033234089021,0.6220247255565816,0.13986556091931507,0.2236878462125498,0.08382228529323472,2.66859636941842,152,77
5,60,male,0.2721086668199605,0.5828763638419356,0.10902549600958511,0.2030119847821837,0.0939864887725986,2.160012438290077,133,77
5,60,family,0.26134140422996355,0.5994397759103642,0.08414518248177302,0.1848792457269626,0.10073406324518958,1.8353200473520652,119,77
5,60,marriage,0.2542012832917302,0.530525978507345,0.027521941187372237,0.1366504763915976,0.10912853520422537,1.2521974764401895,161,77
5,60,love,0.11173891848548226,0.41981863739410574,-0.08031142237376204,0.045987448564400825,0.12629887093816286,0.36411607025808335,87,77
5,60,wealth,0.2285349263596763,0.5487111111111111,0.015041555476608168,0.12800595190476954,0.11296439642816138,1.133153063718094,125,77
5,60,emotion,0.16256299406935623,0.47737907146329606,-0.09102439744146978,0.041329895373630195,0.13235429281509997,0.31226713160755676,121,77
5,60,scandal,0.10823414712692686,0.5248032602585723,-0.036386560936116016,0.08334490708591429,0.1197314680220303,0.6960985984894373,72,77
5,60,duty,0.12289814109827255,0.48973630831643006,-0.011351073083719992,0.10589162607938636,0.11724269916310635,0.903183113612629,85,77
5,60,class,0.17598835089866985,0.5713852303958311,-0.005490161296061613,0.11111896729359003,0.11660912858965164,0.9529182546562504,99,77
5,60,society,0.16718143629183596,0.4297252480201275,-0.07764559183252254,0.05344193218424146,0.131087524016764,0.4076812998390252,131,77
5,125,female,0.32067045055417104,0.6110341643582641,0.02363934492121545,0.07237404770989854,0.04873470278868309,1.485061846426604,152,36
5,125,male,0.2540682396489127,0.5953276047261009,0.02632048156558079,0.07519435797957924,0.04887387641399845,1.538538857468313,133,36
5,125,family,0.2932150975392944,0.5903284390679349,0.09782819109358412,0.1344599250432766,0.0366317339496925,3.670585870280234,119,36
5,125,marriage,0.2617218176356205,0.5234644582470669,0.0269186039405142,0.07453944671494764,0.04762084277443344,1.565269373044379,161,36
5,125,love,0.11508453704363993,0.3848387225072585,-0.03582558469214209,0.02299947127652238,0.05882505596866447,0.390980865167098,87,36
5,125,wealth,0.16068817650514053,0.3993777777777778,-0.04695683773656271,0.016007743876097984,0.06296458161266069,0.25423410218650555,125,36
5,125,emotion,0.1497418772378798,0.36544421487603307,-0.06616980119560845,8.26432620948414e-06,0.06617806552181793,0.00012488014184450032,121,36
5,125,scandal,0.08872870193924136,0.4041127974517519,-0.06069585615206423,1.3888503097136193e-05,0.060709744655161366,0.0002287689262373905,72,36
5,125,duty,0.10781196462490669,0.3863083164300203,-0.048570150131968436,0.01177619350132938,0.060346343633297814,0.19514344684565754,85,36
5,125,class,0.12576946295542119,0.4002034479066281,-0.05172809725209235,0.010110906850366658,0.061839004102459,0.16350371415184384,99,36
5,125,society,0.16686760419454164,0.4441776024244503,-0.05790359361850463,0.007641104715958534,0.06554469833446316,0.1165785320553423,131,36
5,210,female,0.21453982449684636,0.4883361547142711,-0.031184819996725475,0.05263746529650925,0.08382228529323472,0.627965046666768,152,51
5,210,male,0.23772425488861118,0.5540660862683023,0.0733121077308422,0.13534382941609902,0.06203172168525682,2.1818486693088928,133,51
5,210,family,0.16290220902265812,0.4445162680456798,-0.05246081858745706,0.03362128367590461,0.08608210226336167,0.3905722884491397,119,51
5,210,marriage,0.24449511176205352,0.4907879818594104,-0.027428848953972892,0.05590613781195264,0.08333498676592553,0.6708603430671088,161,51
5,210,love,0.15856475432689315,0.5941017380583065,0.017567466793916672,0.09196340314015769,0.07439593634624102,1.2361347629381394,87,51
5,210,wealth,0.17325195859558,0.4801185185185185,-0.045179361648419104,0.04000735988224189,0.085186721530661,0.4696431458202382,125,51
5,210,emotion,0.16891006532338385,0.49195582158483225,-0.012922791271206824,0.06612287400208261,0.07904566527328943,0.8365148648270012,121,51
5,210,scandal,0.11489389901338312,0.5248969458497282,-0.008116690199774387,0.0694564039887781,0.07757309418855249,0.8953671980527039,72,51
5,210,duty,0.1293120057116712,0.5208215010141988,-0.03396644674421834,0.047069480718100756,0.0810359274623191,0.5808470661288692,85,51
5,210,class,0.13006094364122803,0.39795481314915937,-0.05449460188388329,0.030312518939011334,0.08480712082289463,0.3574289357370885,99,51
5,210,society,0.20488848296625228,0.5419489950538925,-0.028956635611384778,0.05344193218424146,0.08239856779562624,0.648578411170268,131,51
5,221,female,0.22080251996555472,0.4732930645326767,-0.05384512395826608,0.006585439665267561,0.06043056362353364,0.1089753143158506,152,32
5,221,male,0.19429507011124586,0.48908926451467016,-0.031949382486198996,0.02256357047262447,0.05451295295882347,0.41391209331943585,133,32
5,221,family,0.17649300825402467,0.5005771539384986,-0.027897126492291948,0.02521806356195694,0.05311519005424889,0.47478063310563023,119,32
5,221,marriage,0.23581281366625167,0.4950581681948142,-0.03890191832166302,0.018639520005962657,0.057541438327625684,0.32393211826771245,161,32
5,221,love,0.13161981881278936,0.5031221413514696,-0.0024570204858792855,0.045987448564400825,0.04844446905028011,0.9492817129592556,87,32
5,221,wealth,0.19329741219854607,0.49985925925925934,0.019560844207392007,0.06400697588838579,0.04444613168099378,1.4401022871089721,125,32
5,221,emotion,0.17897057802274677,0.4698058458920759,-0.03861177756109317,0.016536916745177765,0.05514869430627094,0.299860530750544,121,32
5,221,scandal,0.14232689174650273,0.5378255574292674,-0.00722600218728188,0.04167939779450571,0.04890539998178759,0.8522453105214334,72,32
5,221,duty,0.13344328272346848,0.4988539553752536,0.025769183101083143,0.070598338862615,0.04482915576153186,1.5748308809692326,85,32
5,221,class,0.18556186245606346,0.5568047970874825,0.08588244237441753,0.12121977333791237,0.03533733096349483,3.4303601893337072,99,32
5,221,society,0.3270697145225391,0.6109085970780799,0.11119111295101082,0.1374101158760935,0.02621900292508268,5.240859702540322,131,32
5,263,female,0.24147718553478725,0.516973171232174,0.012187452429459306,0.03947974368758306,0.02729229125812375,1.4465529226823368,152,20
5,263,male,0.22892856886458474,0.5277714964101985,0.04699718036014093,0.06767567405001428,0.02067849368987335,3.272756471612997,133,20
5,263,family,0.2470817652459806,0.567303844614769,0.08619325211053529,0.10084704458748592,0.014653792476950634,6.8819757574176865,119,20
5,263,marriage,0.24685905491895413,0.4969806763285024,-0.00689726691569818,0.024850622973627657,0.03174788988932584,0.7827488081719755,161,20
5,263,love,0.1297338173018754,0.4573241061130335,-0.03459219250379035,1.1493988643939221e-05,0.03460368649243429,0.0003321608131584504,87,20
5,263,wealth,0.19019699770221696,0.4807555555555556,-0.027179034841110304,0.008007871874050014,0.03518690671516032,0.22758101297867805,125,20
5,263,emotion,0.18059870751258314,0.4522514584346135,-0.03675814462081645,8.26432620948414e-06,0.03676640894702594,0.00022477926036145745,121,20
5,263,scandal,0.10827067669172932,0.45193929173693087,-0.033714496898638445,1.3888503097136193e-05,0.03372838540173558,0.0004117749169223425,72,20
5,263,duty,0.12781954887218044,0.4508620689655172,-0.03447259941794897,1.1764429072257124e-05,0.03448436384702122,0.00034115256190037535,85,20
5,263,class,0.14561645498178008,0.46648463432915727,-0.03532723015745051,1.0100806044322337e-05,0.03533733096349483,0.00028583952915037973,99,20
5,263,society,0.1916321168609108,0.474047231037539,-0.037447282427946676,7.63347124471382e-06,0.03745491589919139,0.0002038042553627737,131,20
5,347,female,0.29270093963934996,0.5728172771109059,0.0545843388043892,0.10526835173221405,0.05068401292782485,2.076953770018991,152,42
5,347,male,0.17644457747961007,0.4627734750409859,-0.050746304302282386,0.02256357047262447,0.07330987477490686,0.3077835085873034,133,42
5,347,family,0.24118715329864374,0.5330901591405793,0.03566564417383239,0.09244382447353826,0.05677818029970587,1.6281575771527323,119,42
5,347,marriage,0.2659421629906211,0.5506753426008084,-0.017766999036530284,0.04969503484428764,0.06746203388081792,0.7366370680632744,161,42
5,347,love,0.12849679652344834,0.476971721751581,-0.019757998683186555,0.045987448564400825,0.06574544724758738,0.6994773096686009,87,42
5,347,wealth,0.16756929842575025,0.4404296296296296,-0.038364473705133545,0.03200748788019392,0.07037196158532746,0.45483296413344027,125,42
5,347,emotion,0.1796915138067245,0.4735354885755955,0.0036212655521136727,0.06612287400208261,0.06250160844996894,1.057938757751402,121,42
5,347,scandal,0.0932108239067655,0.3747423646243208,-0.0396641897711483,0.027790894697369516,0.06745508446851782,0.41199110364953884,72,42
5,347,duty,0.12747915778462487,0.5101622718052738,-0.004960697814443485,0.05883390979035788,0.06379460760480136,0.922239543409428,85,42
5,347,class,0.13297621250244052,0.3744333797337331,-0.026726013746918166,0.04041332498333367,0.06713933873025184,0.6019321272302341,99,42
5,347,society,0.17181284556616536,0.43402807559253226,-0.06913950659261334,0.007641104715958534,0.07678061130857187,0.09951867516592634,131,42
5,383,female,0.24714028142089078,0.525854108956602,0.02412630696515891,0.11184721253667715,0.08772090557151824,1.2750348597828127,152,62
5,383,male,0.2510087158746438,0.5922748600825372,0.03383874151080382,0.12030646155696907,0.08646772004616525,1.3913453655461936,133,62
5,383,family,0.17642058579624093,0.5110044017607043,-0.062372549700794276,0.04202450378985228,0.10439705349064655,0.40254492233552275,119,62
5,383,marriage,0.23942199428385372,0.4791851523217983,0.00811239537712831,0.09938385858560764,0.09127146320847933,1.0888820567882138,161,62
5,383,love,0.2811334468550486,0.6553712762995665,0.183673601268258,0.2528792441553068,0.06920564288704883,3.6540263712943077,87,62
5,383,wealth,0.2591904259690949,0.6030074074074074,0.1019295323453965,0.17600518391705736,0.07407565157166085,2.376019382622828,125,62
5,383,emotion,0.36171837395492984,0.6745108167233838,0.1891128992326138,0.24793805061073373,0.05882515137811994,4.214830642981391,121,62
5,383,scandal,0.12223125640592025,0.5615748547873337,-0.011091536636029325,0.08334490708591429,0.09443644372194361,0.8825502507319152,72,62
5,383,duty,0.13037786797810244,0.5265314401622718,-0.039443337529478956,0.05883390979035788,0.09827724731983684,0.5986523981312596,85,62
5,383,class,0.2065708514370831,0.6066852268265696,0.1040846016180089,0.18182460960384642,0.07774000798583751,2.3388807682478228,99,62
5,383,society,0.17926533672534214,0.4386311004374303,-0.04004968599018548,0.061075403428955274,0.10112508941914075,0.6039589559738978,131,62
5,404,female,0.34058153006726705,0.5858854006360932,0.12451504814927543,0.19079354219023434,0.06627849404095891,2.878664413670122,152,63
5,404,male,0.26793550252506226,0.5793713607326587,0.11654443432975525,0.18797461692305378,0.07143018259329853,2.6315852780426416,133,63
5,404,family,0.15943946952134988,0.4402068519715578,-0.09490819053355123,0.01681484344800928,0.11172303398156051,0.1505047155328238,119,63
5,404,marriage,0.24235323785448565,0.5360531893916988,-0.0184573899684205,0.08075054968261262,0.09920793965103313,0.8139524917646825,161,63
5,404,love,0.14079053735671976,0.5304856222407828,-0.01641779350652199,0.08046941449621849,0.09688720800274048,0.8305473566036895,87,63
5,404,wealth,0.17562535409998709,0.5164296296296297,-0.06740150156641941,0.04000735988224189,0.10740886144866131,0.3724772736837165,125,63
5,404,emotion,0.17042320169620545,0.46600024307243554,-0.04508408844770947,0.057858547792598476,0.10294263624030794,0.562046494097666,121,63
5,404,scandal,0.10081433825890088,0.5144275810380364,-0.07507722379126965,0.027790894697369516,0.10286811848863917,0.2701604258482535,72,63
5,404,duty,0.12361787952500926,0.4841075050709939,-0.027678908457221832,0.070598338862615,0.09827724731983684,0.7183589364498477,85,63
5,404,class,0.1567766718933946,0.5531552271834957,0.00737714938005167,0.10101816124926769,0.09364101186921601,1.0787811796531652,99,63
5,404,society,0.1794612423658623,0.4228207107527804,-0.0514284615596022,0.05344193218424146,0.10487039374384366,0.5095998048245063,131,63
5,425,female,0.21234394763735548,0.41033138401559455,-0.07504454178797638,0.07895290851436164,0.15399745030233802,0.5126897124520137,152,91
5,425,male,0.18064756273148666,0.4000367460003392,-0.020672331755838033,0.12030646155696907,0.1409787933128071,0.8533656639348364,133,91
5,425,family,0.17213365066594075,0.40379228614522733,-0.0029040406564827537,0.1344599250432766,0.13736396569975937,0.9788587884554159,119,91
5,425,marriage,0.22667487975227169,0.47792812777284827,-0.01664617051817295,0.12422827045626762,0.14087444097444057,0.8818368299890895,161,91
5,425,love,0.14091766829372881,0.47544048045181564,0.014483986323037296,0.1494333463598538,0.1349493600368165,1.1073290478589781,87,91
5,425,wealth,0.16237656766981023,0.4437185185185185,-0.040439425413369534,0.10400633589862562,0.14444576131199516,0.7200372994902733,125,91
5,425,emotion,0.16334037421368547,0.45532024793388426,-0.035939158981143665,0.10744450504950331,0.14338366403064698,0.7493496959722599,121,91
5,425,scandal,0.10136800725729364,0.3965711073636875,-0.10671976443428949,0.04167939779450571,0.1483991622287952,0.28086006125806434,72,91
5,425,duty,0.16296370874170657,0.586551724137931,0.03195388440579966,0.16471377144067198,0.13275988703487232,1.2406893009495072,85,91
5,425,class,0.12596097762540995,0.4569368597637149,-0.08956297749369457,0.06061493707197835,0.15017791456567292,0.4036208469592762,99,91
5,425,society,0.16133040962488066,0.41182777253623815,-0.08485047529131234,0.0687088746736691,0.15355934996498144,0.44744181770039027,131,91
5,484,female,0.24736192773889254,0.5126064430081051,0.044594307086708675,0.08553176931882474,0.04093746223211606,2.0893275902587445,152,34
5,484,male,0.24026898628783186,0.5575498897619989,-0.01691201462706906,0.03760093833175441,0.05451295295882347,0.6897615390504829,133,34
5,484,family,0.20428733871936808,0.5803860005540677,-0.011090686264396611,0.04202450378985228,0.05311519005424889,0.7911955835259105,119,34
5,484,marriage,0.22721657991085797,0.4582224194025436,-0.02647971238633303,0.031061725941292653,0.057541438327625684,0.5398149028513263,161,34
5,484,love,0.12286532081748305,0.47810523803842025,-0.005917216125340741,0.045987448564400825,0.051904664689741566,0.8859983748744606,87,34
5,484,wealth,0.16161544036688208,0.4141037037037037,-0.04325314775022933,0.016007743876097984,0.05926089162632731,0.27012323703742996,125,34
5,484,emotion,0.1534749034737935,0.3349386242100146,-0.04228823463294217,0.016536916745177765,0.05882515137811994,0.28111983322575124,121,34
5,484,scandal,0.09858138220354816,0.44959715195802885,-0.0417483481949107,0.013902391600233327,0.05565073979514403,0.24981503662232726,72,34
5,484,duty,0.16019014640282764,0.5367139959432048,0.04929804124559738,0.09412719700712924,0.04482915576153186,2.099687031933816,85,34
5,484,class,0.12830828600325805,0.42549166577435127,-0.04819454083356378,0.010110906850366658,0.05830544768393044,0.17341272988767242,99,34
5,484,society,0.16574974403794762,0.44287674757697915,-0.06366441270086699,7.63347124471382e-06,0.06367204617211171,0.00011988732424210021,131,34
5,501,female,0.33325980152961643,0.5934903047091412,0.12817018740558722,0.17105695977684504,0.04288677237125782,3.9885715411751694,152,48
5,501,male,0.27798095678699514,0.6099341398609305,0.12594306483153375,0.17293724906392385,0.04699418423239011,3.679971296130069,133,48
5,501,family,0.2882125475346167,0.5804552590266877,0.09631968009419456,0.15126636527117193,0.05494668517697738,2.7529661667706837,119,48
5,501,marriage,0.238302569754104,0.47878462979394654,-0.021476491622057545,0.05590613781195264,0.07738262943401018,0.7224636616788193,161,48
5,501,love,0.1300895917955809,0.44561110448236096,-0.06981084499258076,0.011505482632583159,0.08131632762516393,0.14149043578895232,87,48
5,501,wealth,0.1820127401599138,0.4624666666666667,-0.05932726065934836,0.02400761587814595,0.08333487653749432,0.2880860556270972,125,48
5,501,emotion,0.17771472005580913,0.45444670636849777,-0.057920879390476535,0.024801242954661906,0.08272212234513844,0.29981391012775016,121,48
5,501,scandal,0.10500377998988081,0.47780822559490344,-0.03420736144070766,0.04167939779450571,0.07588675923521337,0.5492314893138325,72,48
5,501,duty,0.1241401942111381,0.4779817444219067,-0.04228261184497193,0.035305051645843626,0.07758766349081556,0.4550343451129679,85,48
5,501,class,0.14642952077162605,0.4485580183460042,-0.07292943576326369,0.010110906850366658,0.08304034261363034,0.12175897319317276,99,48
5,501,society,0.1943223397233542,0.44214054950395976,-0.08988154297378732,7.63347124471382e-06,0.08988917644503204,8.492091647203852e-05,131,48
5,548,female,0.2658353641152621,0.549720426797989,0.07358950350961802,0.17105695977684504,0.09746745626722703,1.7550161492478296,152,76
5,548,male,0.21338995923578144,0.5503702866188026,-0.0018753251428862555,0.11278777762740409,0.11466310277029035,0.9836449119327704,133,76
5,548,family,0.17174890620078626,0.48846461661587715,-0.026605189998936227,0.09244382447353826,0.11904901447247448,0.7765190235500506,119,76
5,548,marriage,0.3035100248917981,0.5769989155082322,0.07867739276783138,0.1739170941975876,0.09523970142975623,1.82609869187834,161,76
5,548,love,0.21615993899195096,0.6416597064789404,0.1991244911830376,0.28736121008712445,0.08823671890408684,3.256707793002014,87,76
5,548,wealth,0.3531137937898864,0.6718592592592593,0.2631863253501413,0.3280027519559687,0.06481642660582738,5.060488044884269,125,76
5,548,emotion,0.2890783543308447,0.6406325960136121,0.18358280922048803,0.264466703029702,0.08088389380921394,3.269707856180205,121,76
5,548,scandal,0.1150222222665389,0.5321927112610081,0.04317396426959963,0.15278742257159525,0.10961345830199562,1.3938746659124404,72,76
5,548,duty,0.12839492629724583,0.48132860040567954,-0.036604063213986,0.08236276793487213,0.11896683114885813,0.6923170697143541,85,76
5,548,class,0.1943346605849353,0.5652907163507871,0.07934970668830901,0.18182460960384642,0.1024749029155374,1.77433307501581,99,76
5,548,society,0.20560462403977886,0.5191197072361837,-0.018736199227779443,0.09924275965252438,0.11797895888030382,0.8411903325267555,131,76
5,686,female,0.360718489714163,0.6046347594131527,0.16057704206283657,0.2171089854080867,0.05653194334525012,3.840465629817907,152,62
5,686,male,0.30651107870070887,0.6428854090112499,0.19361113540075003,0.2481240883595735,0.05451295295882347,4.5516537792851395,133,62
5,686,family,0.29375882337714465,0.6085511127527934,0.1627911855060811,0.2268953462967009,0.06410416079061981,3.539479239643402,119,62
5,686,marriage,0.23680911500603824,0.4903504880212955,-0.032863715014388936,0.06832834374728264,0.10119205876167157,0.6752342484456701,161,62
5,686,love,0.12513193535083908,0.45255140595792065,-0.09403221446881095,0.011505482632583159,0.10553769710139412,0.10901775335708132,87,62
5,686,wealth,0.17739775828824667,0.4866518518518519,-0.08525309056368205,0.02400761587814595,0.109260706441828,0.21972781121187632,125,62
5,686,emotion,0.1738815428917673,0.4634479824987846,-0.06345096940260225,0.041329895373630195,0.10478086477623244,0.3944412509049139,121,62
5,686,scandal,0.10555463609064976,0.4562254075323215,-0.05781605078745523,0.04167939779450571,0.09949544858196094,0.41890758208655887,72,62
5,686,duty,0.1239934312872277,0.46312373225152126,-0.039443337529478956,0.05883390979035788,0.09827724731983684,0.5986523981312596,85,62
5,686,class,0.14240425491813144,0.45252882178677234,-0.08579674643937697,0.020211712894688996,0.10600845933406597,0.19066132100651398,99,62
5,686,society,0.1906970554070939,0.4289533121765732,-0.11609867324670765,7.63347124471382e-06,0.11610630671795237,6.574553493628426e-05,131,62
5,693,female,0.2535849501616296,0.5480532471529702,0.06628019963923976,0.10526835173221405,0.0389881520929743,2.700008748259795,152,36
5,693,male,0.21657473017116471,0.5274464356379671,0.04511723378792741,0.09023172583870918,0.045114492050781774,2.000060772825337,133,36
5,693,family,0.24126814535508925,0.5654261704681873,0.10806290633026025,0.14286314515722426,0.03480023882696401,4.105234618172374,119,36
5,693,marriage,0.2561961801944138,0.5278517203983043,0.059699492253728,0.09938385858560764,0.03968436633187964,2.5043579567822216,161,36
5,693,love,0.13039951411094786,0.48681541582150095,-0.02260149822847214,0.0344934599204616,0.05709495814893374,0.6041419599587119,87,36
5,693,wealth,0.18533191523007717,0.4912444444444445,-0.027253403746133394,0.03200748788019392,0.05926089162632731,0.5401114799534019,125,36
5,693,emotion,0.1795383736103665,0.46727637335926103,-0.06616980119560845,8.26432620948414e-06,0.06617806552181793,0.00012488014184450032,121,36
5,693,scandal,0.10725591151792524,0.4765786022109799,-0.045121018101588924,0.013902391600233327,0.05902340970182225,0.2355402995223533,72,36
5,693,duty,0.1282765737874097,0.4674442190669371,-0.048570150131968436,0.01177619350132938,0.060346343633297814,0.19514344684565754,85,36
5,693,class,0.14770849683130385,0.47149944676446437,-0.03986051299850573,0.020211712894688996,0.060072225893194726,0.3364568666106681,99,36
5,693,society,0.1936162317529746,0.47568402092803846,-0.029385223397308816,0.0305415184501,0.059926741847408815,0.5096475714858332,131,36
5,737,female,0.22158577252959377,0.4707922950651483,0.010724617013138316,0.13158379495006645,0.12085917793692813,1.0887364716119974,152,82
5,737,male,0.20369944074428956,0.5290717394991238,-0.0037551021213629854,0.12030646155696907,0.12406156367833206,0.9697319458904372,133,82
5,737,family,0.2069532427764032,0.5408932803890787,0.07498770686813057,0.1848792457269626,0.10989153885883203,1.6823792590872557,119,82
5,737,marriage,0.24047271041549567,0.49617963127279896,-0.02337476475733724,0.10559496155327264,0.12896972631060988,0.8187577393018547,161,82
5,737,love,0.17084979647643853,0.630811756751382,0.030054866700613858,0.1494333463598538,0.11937847965923995,1.2517611782722669,87,82
5,737,wealth,0.18144277817940638,0.4746888888888888,-0.06317968845572795,0.07200684789043375,0.1351865363461617,0.5326480715913805,125,82
5,737,emotion,0.18682661405052217,0.4964830456976179,-0.009292547412414504,0.11570883125898745,0.12500137867140196,0.9256604406118751,121,82
5,737,scandal,0.11128932532782576,0.5301433389544687,-0.013668559601860975,0.11112191328018665,0.12479047288204763,0.8904679236557504,72,82
5,737,duty,0.11017915497059554,0.39548681541582154,-0.07392597724451444,0.05883390979035788,0.13275988703487232,0.44316028812574004,85,82
5,737,class,0.13325240035589508,0.437859156940429,-0.07366197361031607,0.06061493707197835,0.13427691068229441,0.4514174236175627,99,82
5,737,society,0.456560235215411,0.6342596563455984,0.24570546660300469,0.32061342574922513,0.07490795914622043,4.280098261909755,131,82
5,771,female,0.22661404794345574,0.5140876680004103,-0.016078275569780198,0.11842607334114025,0.13450434891092045,0.8804627827959006,152,87
5,771,male,0.21415784438496643,0.5383006388150828,0.0714318219711551,0.18797461692305378,0.11654279495189869,1.6129235359339424,133,87
5,771,family,0.2067862795614634,0.5741219564748976,0.0453608007811358,0.16807280549906725,0.12271200471793145,1.3696525118633136,119,87
5,771,marriage,0.26195793903566994,0.5187506161885044,0.02407119423759463,0.1490726823269276,0.12500148808933298,1.1925672614329155,161,87
5,771,love,0.12394399106716188,0.39107306208487447,-0.08438831410739939,0.05748143720834004,0.14186975131573942,0.40517049388496196,87,87
5,771,wealth,0.17306634535700868,0.47252592592592596,-0.0724389134215614,0.07200684789043375,0.14444576131199516,0.4985044021776748,125,87
5,771,emotion,0.16844357122658554,0.426189535731648,-0.05889390907367156,0.08265152642105089,0.14154543549472245,0.5839222305656663,121,87
5,771,scandal,0.10118161351480137,0.45225548060708265,-0.06882474851998242,0.0694564039887781,0.13828115250876052,0.5022839535841701,72,87
5,771,duty,0.12017417821096507,0.4200912778904665,-0.06905807611526439,0.070598338862615,0.1396564149778794,0.5055144718793746,85,87
5,771,class,0.14034466167924628,0.4121247813827319,-0.08249586465663747,0.06061493707197835,0.14311080172861582,0.42355249456641464,99,87
5,771,society,0.18820877011028544,0.4088115047030906,-0.11538436027016763,0.03817498969481382,0.15355934996498144,0.24860088104873365,131,87
5,799,female,0.21886756204793129,0.47710192879860475,-0.057256782192606145,0.04605860449204616,0.1033153866846523,0.44580585689703894,152,60
5,799,male,0.17127516279335617,0.40460879642715813,-0.037588883015365976,0.06015699012044931,0.09774587313581529,0.6154427618263467,133,60
5,799,family,0.16222519435027347,0.4523501708375658,-0.0587095594553373,0.04202450378985228,0.10073406324518958,0.41718265337065036,119,60
5,799,marriage,0.2367312685149061,0.5066609977324263,-0.028895476793112038,0.06832834374728264,0.09722382054039468,0.7027942675652279,161,60
5,799,love,0.1122791562319696,0.33288589269379143,-0.0905720188293495,0.011505482632583159,0.10207750146193266,0.11271320778517621,87,60
5,799,wealth,0.17327649671350578,0.47681481481481486,-0.012587381610846049,0.08000671989248172,0.09259410150332777,0.8640584939283877,125,60
5,799,emotion,0.16394208610658895,0.3606511302868255,-0.0698770670761619,0.033065569164146054,0.10294263624030794,0.32120383129335267,121,60
5,799,scandal,0.10500841552375101,0.5015458122540754,-0.0388685428303017,0.05556790089164191,0.09443644372194361,0.5884158562203621,72,60
5,799,duty,0.11228808779524137,0.45547667342799186,-0.0629721956739932,0.035305051645843626,0.09827724731983684,0.3592393214940831,85,60
5,799,class,0.17140756723525566,0.5726166256201591,-0.022925268752915326,0.07071574311630069,0.09364101186921601,0.7551791859565854,99,60
5,799,society,0.4101587270807966,0.7297295365525917,0.19184258010408395,0.24427871330208695,0.05243613319800301,4.658595102255395,131,60
5,898,female,0.207217821245387,0.46688083512875755,-0.023874541484101883,0.01316430046973066,0.037038841953832544,0.3554187921367526,152,21
5,898,male,0.17485819854757184,0.4394185652100175,-0.039467896822027185,7.518683929564969e-06,0.03947541550595675,0.0001904649725153609,133,21
5,898,family,0.15651661736887892,0.42106073198510174,-0.03845482585230704,8.403220113947665e-06,0.03846322907242099,0.00021847411973412528,119,21
5,898,marriage,0.23496929655270063,0.4792406092871931,-0.008881386026336629,0.024850622973627657,0.033732008999964286,0.7367074689478845,161,21
5,898,love,0.15809077569990165,0.5839895796046614,-0.023098203859851132,0.011505482632583159,0.03460368649243429,0.3324929739716088,87,21
5,898,wealth,0.19488773811981688,0.5233037037037036,0.010375988146581645,0.04000735988224189,0.029631371735660245,1.3501690113368718,125,21
5,898,emotion,0.17236374684871875,0.5090848322800194,-0.03859637315674095,8.26432620948414e-06,0.038604637482950434,0.00021407599573807596,121,21
5,898,scandal,0.1054189083245153,0.44816844669289857,0.011323682299448353,0.04167939779450571,0.030355715495057358,1.373032956509264,72,21
5,898,duty,0.15789316179378682,0.5628803245436105,0.04473463494435265,0.070598338862615,0.025863703918262353,2.729629873702502,85,21
5,898,class,0.19622144665945201,0.6021968804654317,0.03411149715480491,0.06061493707197835,0.026503439917173438,2.287059236805507,99,21
5,898,society,0.31110678305090944,0.6168625096491981,0.07475354629448513,0.09160928840781056,0.01685574211332542,5.434900924946718,131,21
5,947,female,0.20614013318089242,0.40757412537190935,-0.040931370692434264,0.05263746529650925,0.09356883598894351,0.5625533837159902,152,56
5,947,male,0.17226940245212397,0.39003052744643557,-0.07706199484479916,0.02256357047262447,0.09962556531742363,0.22648373839091093,133,56
5,947,family,0.16451063215433934,0.4373595592082987,-0.0411488637277472,0.05042772390379994,0.09157658763154713,0.5506617488974602,119,56
5,947,marriage,0.28761238766425423,0.5178324953169674,0.07738366458908313,0.1428615793592626,0.06547791477017947,2.181828481534724,161,56
5,947,love,0.31954338922515313,0.6612973789921648,0.22050236111398225,0.27586722144318526,0.055364860329203014,4.982713219140775,87,56
5,947,wealth,0.2528852111931254,0.6142962962962963,0.07363373432353801,0.14400569590886547,0.07037196158532746,2.046350459226708,125,56
5,947,emotion,0.21151872408071076,0.5821888672824501,0.008193730285396592,0.09091585263053503,0.08272212234513844,1.09905125801912,121,56
5,947,scandal,0.14164102779634552,0.609799512834926,0.04575098723543125,0.12501041637732285,0.0792594291418916,1.5772308446979828,72,56
5,947,duty,0.21711795921152063,0.6351521298174443,0.09229850390711175,0.16471377144067198,0.07241526753356023,2.2745724354613786,85,56
5,947,class,0.1808897350129605,0.5972445301067209,0.007877012591315014,0.09091735520494536,0.08304034261363034,1.0948576600516964,99,56
5,947,society,0.22727130737090667,0.5834262515367241,0.009210720612184323,0.09160928840781056,0.08239856779562624,1.1117825328459343,131,56
5,975,female,0.2859085037103335,0.5533369241817996,0.03582168047888676,0.16447809897238194,0.12865641849349518,1.2784290196871868,152,91
5,975,male,0.2439632015022335,0.5531827689524563,0.04511630102237513,0.17293724906392385,0.12782094804154873,1.3529648442785522,133,91
5,975,family,0.28326806963556933,0.590020623634069,0.14038197265698338,0.2521050066385439,0.11172303398156051,2.25651772648688,119,91
5,975,marriage,0.23675358494928525,0.5057921719412403,-0.0248413925964764,0.11801716748860262,0.14285856008507902,0.8261119768916312,161,91
5,975,love,0.11113753660789381,0.3993357992284135,-0.11775687831366219,0.0344934599204616,0.1522503382341238,0.2265575257192042,87,91
5,975,wealth,0.16255890625505431,0.37909629629629626,-0.06014285940379886,0.08800659189452968,0.14814945129832854,0.5940392699579884,125,91
5,975,emotion,0.15305357603703962,0.3750151920272241,-0.12686215168982143,0.033065569164146054,0.15992772085396748,0.2067532069323491,121,91
5,975,scandal,0.10449552099812882,0.5166994566235713,-0.07557008833333888,0.0694564039887781,0.14502649232211698,0.47892218088009886,72,91
5,975,duty,0.10930718211486301,0.40505070993914816,-0.10293172617428929,0.047069480718100756,0.15000120689239005,0.31379401334786805,85,91
5,975,class,0.12924646731667586,0.33786629546346864,-0.11329814600086782,0.04041332498333367,0.1537114709842015,0.2629167798883692,99,91
5,975,society,0.1703922510498275,0.35386110872859305,-0.10386272210544287,0.05344193218424146,0.15730465428968432,0.33973522541479134,131,91
5,1299,female,0.2552322171184148,0.5418333846311685,0.05604619957846486,0.11842607334114025,0.06237987376267539,1.8984660627848415,152,50
5,1299,male,0.2358215237405828,0.5797105545819435,0.018801543245410654,0.09023172583870918,0.07143018259329853,1.2632156682448599,133,50
5,1299,family,0.2660263610538517,0.6005479114722811,0.07218725937538528,0.1344599250432766,0.06227266566789133,2.159212611167324,119,50
5,1299,marriage,0.22471363128291405,0.4758700581681948,-0.009054285686727545,0.06832834374728264,0.07738262943401018,0.8829933054248074,161,50
5,1299,love,0.10874060831796133,0.3824722586803484,-0.07327104063204222,0.011505482632583159,0.08477652326462538,0.13571543381808304,87,50
5,1299,wealth,0.17572734992912944,0.4892148148148148,-0.053179233650467075,0.03200748788019392,0.085186721530661,0.37573329862562943,125,50
5,1299,emotion,0.17756508094061713,0.4857346864365581,-0.041392226971508246,0.041329895373630195,0.08272212234513844,0.49962324710059275,121,50
5,1299,scandal,0.11230482137742384,0.5018034476297545,0.009144482804040024,0.08334490708591429,0.07420042428187426,1.123240303427087,72,50
5,1299,duty,0.12513468267085903,0.49572008113590266,0.008223368415560123,0.08236276793487213,0.074139399519312,1.1109176560339844,85,50
5,1299,class,0.12775158955953822,0.4043080986543884,-0.02899265516744578,0.05051413102765601,0.07950678619510179,0.6353436410203273,99,50
5,1299,society,0.1845516640188436,0.4587586128026989,-0.027083983449033323,0.05344193218424146,0.08052591563327478,0.6636612792701312,131,50
5,1320,female,0.197944901456589,0.41290268800656615,-0.01924499081878054,0.01974316127419376,0.0389881520929743,0.5063887415491309,152,23
5,1320,male,0.17144999300423117,0.38259652891627566,-0.015032152851723945,0.02256357047262447,0.037595723324348414,0.600163222751756,133,23
5,1320,family,0.1592177005915385,0.4312032505309816,-0.02164838562441171,0.01681484344800928,0.03846322907242099,0.4371667135879847,119,23
5,1320,marriage,0.23942977070595325,0.489309129448881,-0.012849624247613527,0.024850622973627657,0.037700247221241184,0.6591633955908672,161,23
5,1320,love,0.12318492256418478,0.5116036272521178,-0.00011022657197268942,0.0344934599204616,0.03460368649243429,0.9968146002885097,87,23
5,1320,wealth,0.174210979620444,0.4845481481481481,-0.013031135830181059,0.02400761587814595,0.03703875170832701,0.6481756206729941,125,23
5,1320,emotion,0.18227143057809714,0.4950322070977151,-0.0018626112469553799,0.033065569164146054,0.034928180411101434,0.9466731096215351,121,23
5,1320,scandal,0.10388929823136983,0.5185146149522203,-0.023198663708180474,0.013902391600233327,0.0371010553084138,0.37471687757371736,72,23
5,1320,duty,0.17104228201361776,0.5701217038539553,0.027797809914840203,0.05883390979035788,0.031036099875517677,1.895660538032757,85,23
5,1320,class,0.1695081098665803,0.5356479994289182,0.018710356482689733,0.05051413102765601,0.03180377454496628,1.5883061601586783,99,23
5,1320,society,0.21445546975169344,0.5100208708579924,-0.00504074528673994,0.0305415184501,0.03558226373683994,0.8583354526041759,131,23
5,1323,female,0.2401271839298217,0.5088937621832359,0.04240102860447255,0.11842607334114025,0.0760250447366677,1.5577244807915824,152,57
5,1323,male,0.22554419604992956,0.49467182995081693,0.03383882630767221,0.11278777762740409,0.07894895131973188,1.4286165394293993,133,57
5,1323,family,0.22547652497024867,0.52143164958291,0.07983622398963816,0.15126636527117193,0.07143014128153377,2.1176825714631455,119,57
5,1323,marriage,0.23106871044080027,0.4459479443951494,-0.01474789738289324,0.07453944671494764,0.08928734409784088,0.8348265643609316,161,57
5,1323,love,0.12100091374635853,0.4378455236049795,-0.07215763890648737,0.02299947127652238,0.09515711018300975,0.2416999763028451,87,57
5,1323,wealth,0.175631620468673,0.4470888888888889,-0.05629043160741926,0.04000735988224189,0.09629779148966115,0.41545459415984376,125,57
5,1323,emotion,0.17185586408539572,0.44041686922702966,-0.08456749095920568,0.016536916745177765,0.10110440770438345,0.16356276764279223,121,57
5,1323,scandal,0.09839115361351232,0.47065298857035787,-0.09610889017218559,1.3888503097136193e-05,0.09612277867528272,0.0001444871162527372,72,57
5,1323,duty,0.16379382772219428,0.5453853955375253,0.07708581086335109,0.15294934236841487,0.07586353150506378,2.0161115536282357,85,57
5,1323,class,0.13459645227331793,0.40804690009637,-0.1006980239002288,1.0100806044322337e-05,0.10070812470627313,0.00010029782675114054,99,57
5,1323,society,0.17584693044865826,0.4621251107870887,-0.08772316562081985,0.015274575960672354,0.1029977415814922,0.1483001056721108,131,57
5,1345,female,0.21045893257344223,0.37601313224581934,-0.07406915573672147,6.578860804463099e-06,0.07407573459752594,8.881262994041255e-05,152,38
5,1345,male,0.18339983846988478,0.38478715585957374,-0.07142266390936897,7.518683929564969e-06,0.07143018259329853,0.00010525920075367553,133,38
5,1345,family,0.16773243100940025,0.3885400313971743,-0.04912081246533903,0.01681484344800928,0.06593565591334831,0.25501897592179995,119,38
5,1345,marriage,0.23611517091045994,0.49786798777482005,-0.01802574467227993,0.04348393187662265,0.06150967654890258,0.7069445706049892,161,38
5,1345,love,0.14676585996752628,0.5219743069641649,-0.012837607404263644,0.045987448564400825,0.05882505596866447,0.7817663375979808,87,38
5,1345,wealth,0.19338163150857612,0.5334074074074073,-0.0014019427468228013,0.056007103886337825,0.057409046633160626,0.9755797591143311,125,38
5,1345,emotion,0.21265060527072016,0.5183975449684006,0.051384398677446236,0.09918017884001917,0.04779578016257294,2.0750823294565306,121,38
5,1345,scandal,0.13713346757653927,0.6033820498407345,0.04495534029458467,0.09723341018305048,0.05227806988846581,1.8599273153855151,72,38
5,1345,duty,0.12792928274146131,0.4914807302231238,-0.025041291987454188,0.035305051645843626,0.060346343633297814,0.5850404435402781,85,38
5,1345,class,0.14054400530884556,0.4533319056287255,-0.031526485163447665,0.030312518939011334,0.061839004102459,0.4901844617079754,99,38
5,1345,society,0.18162042872962095,0.42240615261457526,-0.03313052772201171,0.0305415184501,0.06367204617211171,0.479669184292643,131,38
5,1359,female,0.3159571676707509,0.5884502923976608,0.05702109830859705,0.09211063012328784,0.03508953181469079,2.625017358655645,152,32
5,1359,male,0.21575191463526977,0.5685736898637571,-0.031949382486198996,0.02256357047262447,0.05451295295882347,0.41391209331943585,133,32
5,1359,family,0.25167883937733027,0.587758180195155,0.07445002587446958,0.10925026470143359,0.03480023882696401,3.139353877469504,119,32
5,1359,marriage,0.31754352689560517,0.5861185053731638,0.05124552453967489,0.08696165265027762,0.035716128110602735,2.434800669841569,161,32
5,1359,love,0.11046178600612602,0.39482162033170265,-0.055353366340559075,1.1493988643939221e-05,0.055364860329203014,0.00020760440061417339,87,32
5,1359,wealth,0.18301431654961672,0.5041333333333333,-0.00014258978303730713,0.048007231884289854,0.04814982166732716,0.9970386228007341,125,32
5,1359,emotion,0.1632016363041669,0.4252248420029169,-0.008304113324867246,0.041329895373630195,0.04963400869849744,0.832693075908025,121,32
5,1359,scandal,0.08771271858812066,0.3916994566235713,-0.05395051633870778,1.3888503097136193e-05,0.05396440484180492,0.00025736414841584135,72,32
5,1359,duty,0.1147060018785272,0.4513590263691684,-0.02818506113095245,0.023540622573586505,0.051725683704538956,0.4551051022853024,85,32
5,1359,class,0.13312844462809967,0.4850447942320733,-0.03279340016144862,0.020211712894688996,0.053005113056137615,0.381316286843903,99,32
5,1359,society,0.16270958741897493,0.37624724819166877,-0.0599191083761641,7.63347124471382e-06,0.059926741847408815,0.0001273800478594934,131,32
5,1438,female,0.31664436139280655,0.6168564686570227,0.05239154764327571,0.08553176931882474,0.03314022167554903,2.5809051657415276,152,30
5,1438,male,0.2392204931299815,0.569096613714738,0.009403506321710914,0.052638306190884346,0.04323479986917343,1.2174985509114882,133,30
5,1438,family,0.21147661555364333,0.5706821190014467,0.026939439936545788,0.06723416413169526,0.04029472419514948,1.668559978333841,119,30
5,1438,marriage,0.2319747322550932,0.48598171152518976,-0.010348013865475784,0.03727282890895765,0.04762084277443344,0.7826999006448895,161,30
5,1438,love,0.15000795314225335,0.5299586365986557,0.027451348080922068,0.06897542585227927,0.0415240777713572,1.6610947082416982,87,30
5,1438,wealth,0.17517712641499916,0.47377777777777774,-0.025994050782347903,0.02400761587814595,0.050001666660493854,0.4801363130688232,125,30
5,1438,emotion,0.17651689265154094,0.4799389280505591,-0.014730210998426883,0.033065569164146054,0.04779578016257294,0.691809382564418,121,30
5,1438,scandal,0.10314987020306904,0.4951751920554618,-0.03500300838155426,0.013902391600233327,0.04890539998178759,0.2842710949123475,72,30
5,1438,duty,0.15025394609945597,0.5750507099391481,0.0022403249565688954,0.047069480718100756,0.04482915576153186,1.0499747300046494,85,30
5,1438,class,0.14392757276206275,0.47231145376021694,-0.0055246752357468315,0.04041332498333367,0.0459380002190805,0.879736270401865,99,30
5,1438,society,0.18057254748898513,0.4481373473997198,0.0008629363909304355,0.04580846093952764,0.0449455245485972,1.0191996066032825,131,30
5,1443,female,0.203070668608424,0.466290910023597,-0.06018050374075745,0.01974316127419376,0.07992366501495121,0.24702522425934054,152,44
5,1443,male,0.1780742648514564,0.4747936570750183,-0.03570893644315245,0.03760093833175441,0.07330987477490686,0.5129041407681122,133,44
5,1443,family,0.1644187906102736,0.4835857419891033,-0.03964035272835764,0.03362128367590461,0.07326163640426225,0.458920730215762,119,44
5,1443,marriage,0.3448581147596036,0.5821748989450852,0.09299787183844108,0.1366504763915976,0.04365260455315654,3.130408317837382,161,44
5,1443,love,0.1426890880130678,0.560742552599133,0.0032299786046918882,0.06897542585227927,0.06574544724758738,1.0491285516923954,87,44
5,1443,wealth,0.1885253344797077,0.5250074074074075,-0.012513012705822946,0.056007103886337825,0.06852011659216077,0.8173819116345182,125,44
5,1443,emotion,0.18534502332033853,0.5167492100145844,-0.050567965246778535,0.024801242954661906,0.07536920820144044,0.32906333430021156,121,44
5,1443,scandal,0.10089113004392947,0.48928471051152334,-0.043036859677826514,0.027790894697369516,0.07082775437519603,0.39237294676547796,72,44
5,1443,duty,0.1459346129631548,0.5514097363083164,0.005079599272061863,0.070598338862615,0.06551873959055314,1.0775289528267533,85,44
5,1443,class,0.16437309765930413,0.5581700396188028,0.01721076684889973,0.08081654916062302,0.06360578231172329,1.2705849408986358,99,44
5,1443,society,0.17775199406799186,0.4775709752122823,-0.04436644069612043,0.0305415184501,0.07490795914622043,0.4077206053641802,131,44
5,1458,female,0.3087235401737983,0.6187160151841593,0.09893053531846085,0.17105695977684504,0.07212642445838419,2.3716267797687736,152,63
5,1458,male,0.2233372245186402,0.475691107467918,-0.005634455115497761,0.09023172583870918,0.09586618095420694,0.9412258310453564,133,63
5,1458,family,0.2203204039425238,0.5250100040016007,0.0279083923065626,0.11765348481538125,0.08974509250881865,1.3109740212536884,119,63
5,1458,marriage,0.2253302486252024,0.46302868973676425,-0.06762872243824117,0.04348393187662265,0.11111265431486382,0.3913499514916578,161,63
5,1458,love,0.11638139342087474,0.39603468162112715,-0.09576231228854168,0.011505482632583159,0.10726779492112484,0.10725943085653997,87,63
5,1458,wealth,0.1667015210534497,0.4040888888888889,-0.07725321856163408,0.03200748788019392,0.109260706441828,0.29294600888327793,125,63
5,1458,emotion,0.16707864984020573,0.4403864851725815,-0.03498153370230084,0.06612287400208261,0.10110440770438345,0.6540058490304751,121,63
5,1458,scandal,0.10071801578417716,0.5177768409218662,-0.07507722379126965,0.027790894697369516,0.10286811848863917,0.2701604258482535,72,63
5,1458,duty,0.12033858348274767,0.4540567951318458,-0.027678908457221832,0.070598338862615,0.09827724731983684,0.7183589364498477,85,63
5,1458,class,0.1326571640748681,0.4312381768212157,-0.08756352464864124,0.020211712894688996,0.10777523754333024,0.187535776818636,99,63
5,1458,society,0.1739786164523244,0.40715327215027025,-0.07994683178079802,0.0305415184501,0.11048835023089802,0.27642297478420175,131,63
5,1576,female,0.2175610877396876,0.5068995588386171,-0.03995647196230205,0.02632202207865686,0.06627849404095891,0.3971427302194462,152,38
5,1576,male,0.16945466272638934,0.41007829724687656,-0.052625911687022346,0.0150448865430595,0.06767079823008185,0.2223246501642305,133,38
5,1576,family,0.17406629869543147,0.46819497029581064,-0.018416666755310562,0.04202450378985228,0.06044117054516284,0.6952959946028087,119,38
5,1576,marriage,0.2298881552406286,0.47158754806270337,-0.009830522593976494,0.04969503484428764,0.05952555743826413,0.8348520699699974,161,38
5,1576,love,0.12884361157321067,0.4494093783558048,0.040058738450416125,0.09196340314015769,0.051904664689741566,1.7717753055162604,87,38
5,1576,wealth,0.1830111195790087,0.49561481481481484,-0.021105376737252116,0.04000735988224189,0.061112736619494006,0.6546484758273045,125,38
5,1576,emotion,0.22281151718385073,0.5546153378706854,0.02107673444122031,0.07438720021156675,0.05331046577034644,1.3953582872567722,121,38
5,1576,scandal,0.1256740238222954,0.5896571107363687,0.01380566419363407,0.0694564039887781,0.05565073979514403,1.248076921227032,72,38
5,1576,duty,0.11822476408503095,0.4782352941176471,-0.03852985304546308,0.023540622573586505,0.06207047561904959,0.37925635881518155,85,38
5,1576,class,0.1659577024359803,0.5332030552878609,-0.00779131665627443,0.05051413102765601,0.05830544768393044,0.8663706914767733,99,38
5,1576,society,0.19036909614633035,0.5015867570117506,-0.03313052772201171,0.0305415184501,0.06367204617211171,0.479669184292643,131,38
5,1641,female,0.26551197866795384,0.5949074074074074,0.046299161561633384,0.17105695977684504,0.12475779821521166,1.3711123650995711,152,90
5,1641,male,0.17169911589193304,0.4136044999717339,-0.04698776790774964,0.09775040976827415,0.1447381776760238,0.6753602355447602,133,90
5,1641,family,0.17522694713491957,0.5020161910918214,-0.021541976007106597,0.11765348481538125,0.13919546082248785,0.84523937863589,119,90
5,1641,marriage,0.2729625707482347,0.578995366262447,0.02631405898398273,0.1552837852945926,0.12896972631060988,1.204032835732349,161,90
5,1641,love,0.10639996637980384,0.3894722189078471,-0.07635452110292161,0.06897542585227927,0.14532994695520088,0.47461261286407047,87,90
5,1641,wealth,0.18910195671821833,0.5345407407407408,-0.028735863424988184,0.11200620790067359,0.14074207132566177,0.795826058582779,125,90
5,1641,emotion,0.1917677792030243,0.4906113271754983,0.016411843281824073,0.14876613609692405,0.13235429281509997,1.1239993273480562,121,90
5,1641,scandal,0.09692226375984428,0.44315626756604837,-0.058308915329524466,0.08334490708591429,0.14165382241543875,0.5883703359651961,72,90
5,1641,duty,0.14168563303411638,0.500314401622718,0.02018945533354255,0.15294934236841487,0.13275988703487232,1.152074966191311,85,90
5,1641,class,0.13377744108436618,0.46547631794981614,-0.05219344652367046,0.09091735520494536,0.14311080172861582,0.6352934516901013,99,90
5,1641,society,0.301217018518125,0.6298710581239101,0.07862627479114875,0.19847788583380405,0.11985161104265529,1.656030186874247,131,90
5,1652,female,0.2007663474983168,0.45067713142505383,-0.02582385162324364,0.01316430046973066,0.0389881520929743,0.33764874103292597,152,22
5,1652,male,0.17551326453702099,0.4097037707049579,-0.022550836781288913,0.0150448865430595,0.037595723324348414,0.40017547774950474,133,22
5,1652,family,0.158201666274326,0.41254963523871085,-0.01981689050168322,0.01681484344800928,0.0366317339496925,0.45902395640464644,119,22
5,1652,marriage,0.24025805452633348,0.48469387755102045,0.0055249390196318166,0.03727282890895765,0.03174788988932584,1.1740253931117284,161,22
5,1652,love,0.16033020176465468,0.5206419281708626,0.02806804417509794,0.05748143720834004,0.029413393033242103,1.9542606710290802,87,22
5,1652,wealth,0.2924258184722591,0.6115111111111111,0.04793101113427359,0.07200684789043375,0.024075836756160162,2.9908346952476697,125,22
5,1652,emotion,0.20185037853420076,0.5704302382109869,-0.010126937456439528,0.024801242954661906,0.034928180411101434,0.7100639844974322,121,22
5,1652,scandal,0.1251624995782617,0.5857223159078133,-0.005937490704366066,0.027790894697369516,0.03372838540173558,0.8239616087616072,72,22
5,1652,duty,0.14136309416890724,0.5686206896551724,-0.02443230233144362,0.01177619350132938,0.036208495832773,0.32523288333743183,85,22
5,1652,class,0.1644267537424504,0.5548060106363992,0.008609550438367392,0.04041332498333367,0.03180377454496628,1.2707084476694404,99,22
5,1652,society,0.2155090538117825,0.5757783686422506,-0.012674216531453765,0.022908047205386174,0.03558226373683994,0.6438052220107802,131,22
5,1687,female,0.22648820844410544,0.4563711911357341,-0.0053563388228165185,0.03947974368758306,0.044836082510399576,0.8805350841600698,152,29
5,1687,male,0.2132640103608688,0.4898171179829272,0.04887670294801249,0.08271304190914422,0.03383633896113173,2.444503289842123,133,29
5,1687,family,0.24793555385893493,0.5501662203342875,0.07994451124265504,0.10925026470143359,0.029305753458778543,3.7279459424708876,119,29
5,1687,marriage,0.250574126324912,0.49404761904761907,0.016221771480072998,0.05590613781195264,0.03968436633187964,1.408769824948239,161,29
5,1687,love,0.1218497085020016,0.4506820983971682,-0.0501630728813669,1.1493988643939221e-05,0.05017456687001084,0.00022907997738152988,87,29
5,1687,wealth,0.18027704386345175,0.44834074074074076,-0.043845639779610535,0.008007871874050014,0.05185351165366055,0.15443258553792227,125,29
5,1687,emotion,0.1721915269307833,0.43557820855614976,-0.04319964669872831,0.008272590535693625,0.05147223723442194,0.16071946703728335,121,29
5,1687,scandal,0.10541870413250441,0.47646149522203485,-0.017741835377739847,0.027790894697369516,0.045532730075109364,0.6103498439675411,72,29
5,1687,duty,0.12019414463555958,0.4541379310344828,-0.036501226231706034,0.01177619350132938,0.04827741973303541,0.24392756626608206,85,29
5,1687,class,0.13967565947473415,0.4364582217939108,-0.05122823404082902,1.0100806044322337e-05,0.05123833484687334,0.00019713376857994388,99,29
5,1687,society,0.1832233248335622,0.4536052262915631,-0.05430115188910974,7.63347124471382e-06,0.05430878536035446,0.00014055683981740668,131,29
5,1760,female,0.24336984883666388,0.5206473786806197,0.04386337669967085,0.07895290851436164,0.03508953181469079,2.250041662825969,152,30
5,1760,male,0.2437602464808638,0.5236163717564588,0.04699701076640415,0.08271304190914422,0.03571603114274007,2.3158519930801797,133,30
5,1760,family,0.258253487730322,0.5551143534336812,0.10881716182995504,0.1344599250432766,0.025642763213321564,5.243581743490902,119,30
5,1760,marriage,0.2465573608425944,0.4893276151040126,-0.018543235943779234,0.031061725941292653,0.04960496188507189,0.6261818326286062,161,30
5,1760,love,0.1288289008270274,0.4814859006482918,-0.05189317070109763,1.1493988643939221e-05,0.051904664689741566,0.00022144423266045004,87,30
5,1760,wealth,0.18584356543532743,0.4762814814814815,-0.035845767777562564,0.016007743876097984,0.05185351165366055,0.3087108927686139,125,30
5,1760,emotion,0.18195488721804512,0.46691176470588236,-0.05514042998006145,8.26432620948414e-06,0.05514869430627094,0.00014985533770641877,121,30
5,1760,scandal,0.10827067669172932,0.46964586846543,-0.05057784643202956,1.3888503097136193e-05,0.0505917349351267,0.0002745211864086252,72,30
5,1760,duty,0.12665192392746571,0.47537525354969573,-0.0517139192754667,1.1764429072257124e-05,0.051725683704538956,0.0002274388317267878,85,30
5,1760,class,0.14887218045112782,0.46819787985865724,-0.052995012250093294,1.0100806044322337e-05,0.053005113056137615,0.00019056286199095604,99,30
5,1760,society,0.19699248120300752,0.4662921348314607,-0.0561738040514612,7.63347124471382e-06,0.056181437522705914,0.00013587176799263734,131,30
5,1831,female,0.22218748935918384,0.48086590745870517,-0.01266613001431744,0.02632202207865686,0.0389881520929743,0.6751287420653359,152,24
5,1831,male,0.22058371469319027,0.48839674373904685,0.01128328330018765,0.04511962226131938,0.03383633896113173,1.3334664341734916,133,24
5,1831,family,0.1679783646348825,0.44862560408778895,-0.013245165510464046,0.02521806356195694,0.03846322907242099,0.65564083332211,119,24
5,1831,marriage,0.22423916540278124,0.44938627624963023,-0.03941940959316233,0.006217314070632662,0.04563672366379499,0.13623489092467023,161,24
5,1831,love,0.19330293670410237,0.5839398639780455,0.06428010792664632,0.09196340314015769,0.027683295213511375,3.321981809880464,87,24
5,1831,wealth,0.20212607520886022,0.5291481481481481,-0.005031263828133091,0.03200748788019392,0.03703875170832701,0.8641621653824222,125,24
5,1831,emotion,0.2156431417097682,0.5701643777345649,-0.0037008397828798834,0.033065569164146054,0.03676640894702594,0.8993418207061914,121,24
5,1831,scandal,0.11789974021791563,0.5656735994004123,-0.009310160611044286,0.027790894697369516,0.0371010553084138,0.749059412612396,72,24
5,1831,duty,0.171745167204517,0.5734482758620689,0.03956223898709733,0.070598338862615,0.031036099875517677,2.274716834380039,85,24
5,1831,class,0.1745475482811148,0.5269300781668272,0.028811162527012067,0.06061493707197835,0.03180377454496628,1.905903872647916,99,24
5,1831,society,0.20548228642716654,0.5339008491294279,-0.006913397449091394,0.0305415184501,0.03745491589919139,0.8154208257064578,131,24
5,1838,female,0.3520719807688532,0.5687583358982251,0.1410844279925417,0.16447809897238194,0.023393670979840235,7.0308802370988275,152,37
5,1838,male,0.2078265014333419,0.5547939397365594,-0.031949467283067384,0.03008225440218944,0.06203172168525682,0.48494953202071434,133,37
5,1838,family,0.22885473201949258,0.5520208083233293,0.03458840455079868,0.0840406043595906,0.04945219980879192,1.6994310603539604,119,37
5,1838,marriage,0.25295272596748464,0.548475549640146,-0.02423684763994493,0.03727282890895765,0.06150967654890258,0.6059669144694386,161,37
5,1838,love,0.12167561635315592,0.43400747723024297,-0.0640038554392127,1.1493988643939221e-05,0.06401534942785665,0.0001795505100962238,87,37
5,1838,wealth,0.17152536275369104,0.4742814814814815,-0.03895696573451474,0.02400761587814595,0.06296458161266069,0.3812876265175928,125,37
5,1838,emotion,0.17387381906124713,0.4783969372873116,-0.017495256004489743,0.041329895373630195,0.05882515137811994,0.7025888485567127,121,37
5,1838,scandal,0.10475828049275221,0.4733815814127787,-8.283890350212209e-05,0.05556790089164191,0.05565073979514403,0.9985114500758557,72,37
5,1838,duty,0.12929303537556897,0.517870182555781,-0.02331716000170242,0.035305051645843626,0.058622211647546045,0.6022470093333516,85,37
5,1838,class,0.13850431544675146,0.4619249027376236,-0.029759706954183392,0.030312518939011334,0.060072225893194726,0.5046012277354398,99,37
5,1838,society,0.17864075515708427,0.3829516539440204,-0.06928236918792136,7.63347124471382e-06,0.06929000265916607,0.00011016699309642549,131,37
5,1841,female,0.20257705094833395,0.4685159536267569,-0.058718642966681805,0.03290088288311996,0.09161952584980176,0.35910339611119085,152,52
5,1841,male,0.17716410796528975,0.3722228503589801,-0.04134809778484587,0.04511962226131938,0.08646772004616525,0.5218088581115372,133,52
5,1841,family,0.18337817723386043,0.5114045618247299,-0.0031187375268048045,0.07563738424564292,0.07875612177244773,0.9604000621465812,119,52
5,1841,marriage,0.2800893086534744,0.5418022281376319,0.036148808561816265,0.10559496155327264,0.06944615299145637,1.5205300366277013,161,52
5,1841,love,0.15305722953918544,0.5276220021477149,0.05550962836519578,0.12644536907197534,0.07093574070677956,1.782533992178473,87,52
5,1841,wealth,0.20715514496997722,0.517511111111111,-0.007624338660727176,0.07200684789043375,0.07963118655116093,0.9042543632483361,125,52
5,1841,emotion,0.17919362130467884,0.4866006319883326,-0.014761019807131334,0.06612287400208261,0.08088389380921394,0.8175035954281997,121,52
5,1841,scandal,0.10649630089654669,0.5028105677346824,0.02134665094783711,0.09723341018305048,0.07588675923521337,1.281296120188651,72,52
5,1841,duty,0.13495339552534377,0.5382555780933063,0.0047751044440565715,0.08236276793487213,0.07758766349081556,1.0615446351669073,85,52
5,1841,class,0.18023587763225543,0.5569654138558733,0.03867929393554535,0.11111896729359003,0.07243967335804467,1.5339517993521699,99,52
5,1841,society,0.3850920762902673,0.6523286731280556,0.18781155058876503,0.22901177081265933,0.0412002202238943,5.5585084148235735,131,52
5,1877,female,0.20810437392803552,0.4317418179952806,-0.040443921327368154,0.03947974368758306,0.07992366501495121,0.49396813421536245,152,47
5,1877,male,0.191885065785909,0.4460187121940188,-0.022551260765630854,0.052638306190884346,0.0751895669565152,0.7000746023797008,133,47
5,1877,family,0.17008189875012233,0.4029380983162496,-0.014430692386514649,0.058830944017747605,0.07326163640426225,0.8030252517472006,119,47
5,1877,marriage,0.21898760226754047,0.4472973972197575,-0.05227326082463288,0.031061725941292653,0.08333498676592553,0.37273331581808816,161,47
5,1877,love,0.1975441030833207,0.6659408185180766,0.06416011746384942,0.12644536907197534,0.062285251608125924,2.0301012808857113,87,47
5,1877,wealth,0.21951489983853617,0.5402740740740741,0.05089347128117958,0.11200620790067359,0.061112736619494006,1.8327801059904194,125,47
5,1877,emotion,0.2878089095067581,0.6500972289742343,0.10555822507198626,0.1570304623064082,0.05147223723442194,3.0507798133620594,121,47
5,1877,scandal,0.12753887357539662,0.5839305789769533,0.029778325714532664,0.09723341018305048,0.06745508446851782,1.4414541312595812,72,47
5,1877,duty,0.14757579216784528,0.5503448275862068,0.02688432543082432,0.09412719700712924,0.06724287157630492,1.3998093002158167,85,47
5,1877,class,0.16373676034772616,0.54332191169647,-0.035559904793239554,0.04041332498333367,0.07597322977657323,0.5319416470992708,99,47
5,1877,society,0.18214335176374255,0.45224719101123595,-0.05949052059024006,0.022908047205386174,0.08239856779562624,0.27801511382973493,131,47
5,2024,female,0.23664613849599958,0.5380758182004719,0.015110686656487946,0.11842607334114025,0.1033153866846523,1.1462578531643477,152,71
5,2024,male,0.21253056577087598,0.5486177850641643,-0.02067199256836448,0.09023172583870918,0.11090371840707366,0.8136041526281269,133,71
5,2024,family,0.2182050897037473,0.5735217163788593,0.06443000750811549,0.1596695853851196,0.09523957787700411,1.6765045471919904,119,71
5,2024,marriage,0.2696612600626481,0.5747436655821748,0.00664576753798915,0.11180606452093762,0.10516029698294847,1.063196545916978,161,71
5,2024,love,0.13266463481619126,0.4883466571212664,0.009413683326642025,0.11495138042803614,0.10553769710139412,1.0891973539702002,87,71
5,2024,wealth,0.28625907055641414,0.6118074074074074,0.06555949341646694,0.1600054399129614,0.09444594649649446,1.6941483022482722,125,71
5,2024,emotion,0.1603767973909473,0.4128737238697132,-0.04968736198969684,0.06612287400208261,0.11581023599177945,0.5709588054565854,121,71
5,2024,scandal,0.1841626902209704,0.6422147273749297,0.1139049912381964,0.20834143496014002,0.09443644372194361,2.2061550260339042,72,71
5,2024,duty,0.17005420835738755,0.5768559837728194,0.07992508517884406,0.17647820051292912,0.09655311533408506,1.8277835976650378,85,71
5,2024,class,0.20827974233585714,0.6006888674733197,0.11191876624180361,0.20202622169249107,0.09010745545068746,2.242058891573191,99,71
5,2024,society,0.18997087009180139,0.4892357835148813,-0.028385185230152724,0.08397581716309674,0.11236100239324946,0.7473751156868866,131,71
5,2153,female,0.21548143881164278,0.4590386785677644,-0.008036579348996105,0.03290088288311996,0.04093746223211606,0.8036864301887533,152,26
5,2153,male,0.18752659011517286,0.49605687150206346,-0.03946798161889557,0.007526202613494532,0.04699418423239011,0.1601517876364592,133,26
5,2153,family,0.1785483612496065,0.49219687875150064,-0.006673440519244865,0.03362128367590461,0.04029472419514948,0.8343842611315709,119,26
5,2153,marriage,0.22706096369904932,0.45302178842551516,-0.010606759501225436,0.031061725941292653,0.04166848544251809,0.7454488832668764,161,26
5,2153,love,0.1544533721032587,0.5578093306288032,0.00792356643250508,0.045987448564400825,0.038063882131895745,1.2081649581574692,87,26
5,2153,wealth,0.1803692583433059,0.5150962962962963,-0.03829010480011046,0.008007871874050014,0.046297976674160475,0.17296375455531196,125,26
5,2153,emotion,0.21018502517765278,0.5364456733106465,0.012827812636088398,0.049594221583114335,0.03676640894702594,1.3489003414291063,121,26
5,2153,scandal,0.13134111840391,0.5877365561176691,-0.012682830517722513,0.027790894697369516,0.04047372521509203,0.6866403956886103,72,26
5,2153,duty,0.1376385612331733,0.557606490872211,-0.01784026921644181,0.023540622573586505,0.04138089179002832,0.5688766373732498,85,26
5,2153,class,0.20210559186445937,0.6271549416425741,0.025277606108483515,0.06061493707197835,0.03533733096349483,1.7153230144314289,99,26
5,2153,society,0.2734347954144058,0.6228235697744231,0.03687191526153206,0.0687088746736691,0.03183695941213704,2.1581481378940173,131,26
5,2157,female,0.27786258968893013,0.5744203344618857,0.018278863868856285,0.05921632610097235,0.04093746223211606,1.446507010223749,152,30
5,2157,male,0.3597249412652713,0.6069591271411612,0.15037914798931054,0.16541856513435887,0.015039417145048327,10.999001060212185,133,30
5,2157,family,0.29092073268854,0.6184704651091205,0.10881716182995504,0.1344599250432766,0.025642763213321564,5.243581743490902,119,30
5,2157,marriage,0.23020230922449147,0.46471088435374147,-0.05132412425699302,0.006217314070632662,0.057541438327625684,0.10804933368409868,161,30
5,2157,love,0.12950014293026998,0.4206737461718968,-0.05189317070109763,1.1493988643939221e-05,0.051904664689741566,0.00022144423266045004,87,30
5,2157,wealth,0.18180398521603194,0.49428888888888883,-0.025994050782347903,0.02400761587814595,0.050001666660493854,0.4801363130688232,125,30
5,2157,emotion,0.17694984972496933,0.4274808580456976,-0.05514042998006145,8.26432620948414e-06,0.05514869430627094,0.00014985533770641877,121,30
5,2157,scandal,0.10827067669172932,0.41652613827993257,-0.05057784643202956,1.3888503097136193e-05,0.0505917349351267,0.0002745211864086252,72,30
5,2157,duty,0.1254891704965739,0.42806288032454354,-0.0517139192754667,1.1764429072257124e-05,0.051725683704538956,0.0002274388317267878,85,30
5,2157,class,0.14638771303993253,0.514625049077346,-0.029259843742920066,0.020211712894688996,0.04947155663760906,0.4085521917641698,99,30
5,2157,society,0.18776559281156155,0.45239014209337564,-0.04666768064439593,0.007641104715958534,0.05430878536035446,0.1406973966572241,131,30
5,2242,female,0.230384475511855,0.540140556068534,-0.034839471931914605,0.01974316127419376,0.054582633206108365,0.3617114110138348,152,31
5,2242,male,0.19535965809332168,0.4879727514274408,-0.0018745619710707276,0.04511962226131938,0.04699418423239011,0.9601107668395524,133,31
5,2242,family,0.1651174366912631,0.479068550497122,-0.04653506184291577,0.008411623334061612,0.05494668517697738,0.153087002551939,119,31
5,2242,marriage,0.2475169762449313,0.5160578724243321,-0.02872257713272113,0.024850622973627657,0.053573200106348785,0.4638629561764564,161,31
5,2242,love,0.17588552597165924,0.5833035039573639,0.05216942318853122,0.09196340314015769,0.03979397995162647,2.310987824028593,87,31
5,2242,wealth,0.19350688938136829,0.5474962962962964,-0.017994178780299935,0.03200748788019392,0.050001666660493854,0.6401284200561018,125,31
5,2242,emotion,0.19639522850584196,0.5159516285853184,0.0036366699564658947,0.049594221583114335,0.04595755162664844,1.0791310639202556,121,31
5,2242,scandal,0.11155689245735953,0.5202126662919243,0.010035170816532546,0.05556790089164191,0.045532730075109364,1.220394665524304,72,31
5,2242,duty,0.15186759059112506,0.5436105476673428,0.02749331508683491,0.070598338862615,0.04310502377578009,1.6378215965779162,85,31
5,2242,class,0.1462967535307168,0.4951814969482814,-0.031026621952184343,0.020211712894688996,0.05123833484687334,0.3944646709284677,99,31
5,2242,society,0.29597445017650625,0.6030105497898619,0.07503927148510117,0.1068762308972382,0.03183695941213704,3.356986121392527,131,31
5,2246,female,0.2077810933073767,0.43138914537806505,-0.07114543418857017,0.02632202207865686,0.09746745626722703,0.27005959821316744,152,54
5,2246,male,0.626468657414909,0.7692421844083894,0.3872178189659096,0.3909790830213079,0.0037612640553982882,103.94885260879602,133,54
5,2246,family,0.20246394777467097,0.5475113122171946,0.05462656364779514,0.1260567049293289,0.07143014128153377,1.7647550833019634,119,54
5,2246,marriage,0.22519133481495074,0.47485334713595584,-0.07435731667740547,0.024850622973627657,0.09920793965103313,0.250490263791285,161,54
5,2246,love,0.14966189366525517,0.5734697530127669,-0.040519172519955286,0.045987448564400825,0.08650662108435611,0.5316061127740151,87,54
5,2246,wealth,0.18144892792060907,0.5197185185185185,-0.06058661362313385,0.03200748788019392,0.09259410150332777,0.34567523589715826,125,54
5,2246,emotion,0.17134672794444497,0.5144400218765192,-0.05884769586061488,0.033065569164146054,0.09191326502476094,0.35974752017435807,121,54
5,2246,scandal,0.09927037972642673,0.45342655049653363,-0.04432537116074233,0.04167939779450571,0.08600476895524804,0.48461728692868955,72,54
5,2246,duty,0.13011094688899708,0.5155679513184583,-0.025650281643464765,0.05883390979035788,0.08448419143382264,0.6963895705357694,85,54
5,2246,class,0.15883869400814887,0.5588928150765606,-0.02419218375091628,0.06061493707197835,0.08480712082289463,0.7147387681966905,99,54
5,2246,society,0.18066560535056025,0.4656917402864739,-0.06309296231963495,0.0305415184501,0.09363448076973495,0.32617811514201955,131,54
5,2314,female,0.4048128333571269,0.6165679183338463,0.1678873205754602,0.17763582058130814,0.009748500005847932,18.221861871726528,152,32
5,2314,male,0.196120448543933,0.4959226072700549,-0.031949382486198996,0.02256357047262447,0.05451295295882347,0.41391209331943585,133,32
5,2314,family,0.23080531634385903,0.5538600055406778,0.05398059540111727,0.09244382447353826,0.03846322907242099,2.4034337911951122,119,32
5,2314,marriage,0.24756637371415033,0.5084294587400179,-0.014316252086752683,0.03727282890895765,0.051589080995710336,0.7224945315721832,161,32
5,2314,love,0.12773646698084912,0.4727558366145647,-0.055353366340559075,1.1493988643939221e-05,0.055364860329203014,0.00020760440061417339,87,32
5,2314,wealth,0.18254808502380987,0.4839555555555556,-0.049401174759110614,0.008007871874050014,0.057409046633160626,0.13948797869924942,125,32
5,2314,emotion,0.18016040018029372,0.47175042537676226,-0.028509222815684535,0.024801242954661906,0.05331046577034644,0.46522277747556645,121,32
5,2314,scandal,0.10769284321915902,0.4633806445568671,-0.03837567828823248,0.013902391600233327,0.05227806988846581,0.26593161586929015,72,32
5,2314,duty,0.12639753201993983,0.4812880324543611,-0.014696500072943555,0.035305051645843626,0.05000155171878718,0.7060791201780307,85,32
5,2314,class,0.1477425325378542,0.4591141092907878,-0.04466098441503524,0.010110906850366658,0.0547718912654019,0.1846002870557964,99,32
5,2314,society,0.19699248120300752,0.450374531835206,-0.0599191083761641,7.63347124471382e-06,0.059926741847408815,0.0001273800478594934,131,32
5,2425,female,0.18856573628473838,0.3898186621524572,-0.08113595322737335,0.05921632610097235,0.1403522793283457,0.4219121084739736,152,81
5,2425,male,0.16558627707462586,0.43731980326756736,-0.09585917105148772,0.04511962226131938,0.1409787933128071,0.32004545648852906,133,81
5,2425,family,0.15262927854965577,0.39589682026656814,-0.056232096085930966,0.07563738424564292,0.1318694803315739,0.5735776318742288,119,81
5,2425,marriage,0.27347538805792354,0.558963077984817,0.03597590890142534,0.1490726823269276,0.11309677342550227,1.3180984550704697,161,81
5,2425,love,0.14213317226566108,0.44160402497713086,-0.03433546779800517,0.09196340314015769,0.12629887093816286,0.7281411342501685,87,81
5,2425,wealth,0.15714379732894584,0.4231555555555556,-0.08103127745299056,0.056007103886337825,0.13703838133932839,0.40869647859636354,125,81
5,2425,emotion,0.20092049997989292,0.5016027588721439,0.043058454850553235,0.1570304623064082,0.11397200745585495,1.3777985121991763,121,81
5,2425,scandal,0.13842211714362904,0.564795296983324,0.08146680365432996,0.1944529318630038,0.11298612820867385,1.7210336785959073,72,81
5,2425,duty,0.1303625328757127,0.5262576064908722,-0.058713284200753765,0.070598338862615,0.12931162306336877,0.5459550904211645,85,81
5,2425,class,0.13339233690968094,0.4526448227861656,-0.012557274133118732,0.11111896729359003,0.12367624142670876,0.8984665608433879,99,81
5,2425,society,0.21118082591504797,0.5604111273122336,0.009925033588724375,0.12977664463137967,0.11985161104265529,1.082811015232071,131,81
5,2458,female,0.22648125904134414,0.49722991689750684,-0.015346370540497027,0.01974316127419376,0.03508953181469079,0.5626510315924285,152,21
5,2458,male,0.1997415690480741,0.522146531742891,-0.039467896822027185,7.518683929564969e-06,0.03947541550595675,0.0001904649725153609,133,21
5,2458,family,0.1844827772065864,0.49614461169083024,-0.01798539537895473,0.01681484344800928,0.03480023882696401,0.48318184053661084,119,21
5,2458,marriage,0.26307705035523754,0.5455609780143942,0.023899502286877154,0.04969503484428764,0.025795532557410485,1.9264977271455812,161,21
5,2458,love,0.2248441364885634,0.6420474883665434,0.043022228458498624,0.06897542585227927,0.025953197393780644,2.6576850937892793,87,21
5,2458,wealth,0.23786766350621497,0.5828370370370369,0.010375988146581645,0.04000735988224189,0.029631371735660245,1.3501690113368718,125,21
5,2458,emotion,0.23145053815173577,0.5984975085075354,0.0018138458248936201,0.033065569164146054,0.031251723339252434,1.058039865646621,121,21
5,2458,scandal,0.11865949120679606,0.5603452314034102,0.011323682299448353,0.04167939779450571,0.030355715495057358,1.373032956509264,72,21
5,2458,duty,0.13905037602961481,0.5140567951318459,0.017757512828334855,0.047069480718100756,0.0293119678897659,1.6058110084423562,85,21
5,2458,class,0.1784174935409753,0.537878787878788,0.010376328647631675,0.04041332498333367,0.030036996335701997,1.3454516067557964,99,21
5,2458,society,0.21639705008897175,0.5462661177345113,-0.0012954409620370387,0.0305415184501,0.03183695941213704,0.9593101543955076,131,21
5,2478,female,0.29097207778519385,0.5667641325536064,0.10794566830600913,0.2171089854080867,0.10916331710207758,1.9888456229585008,152,89
5,2478,male,0.22694617038876502,0.5534230312623665,0.030078933163245197,0.15789988120479392,0.12782094804154873,1.235320842341371,133,89
5,2478,family,0.25373609930246865,0.6173238526179703,0.0928713867190596,0.2100889060688056,0.11721751934974599,1.7922995404822013,119,89
5,2478,marriage,0.24054233455064536,0.5122128561569556,-0.004482710218592617,0.1304393734239326,0.13492208364252523,0.9667755633582098,161,89
5,2478,love,0.10985596389994304,0.42652030386190987,-0.08784850974686084,0.05748143720834004,0.14532994695520088,0.3955236922068349,87,89
5,2478,wealth,0.1619012209670126,0.4328888888888889,-0.0958460373983241,0.056007103886337825,0.15185314128466193,0.3688241376645532,125,89
5,2478,emotion,0.17087083536173572,0.4256957948468644,-0.06257036614552058,0.08265152642105089,0.14522189256657148,0.5691395764078291,121,89
5,2478,scandal,0.09235853629898348,0.4406970207982013,-0.11892193257808657,0.027790894697369516,0.1467128272754561,0.1894237553271478,72,89
5,2478,duty,0.11144581090712422,0.4092292089249493,-0.07250634008676794,0.070598338862615,0.14310467894938295,0.4933335470260393,85,89
5,2478,class,0.13011542519776137,0.4458543027447622,-0.08602942107516603,0.06061493707197835,0.14664435814714438,0.41334653332345306,99,89
5,2478,society,0.2713798690891685,0.5788232266918261,0.09000505036056551,0.20611135707851788,0.11610630671795237,1.7751951888146118,131,89
5,2513,female,0.2145964969959525,0.4459449061249615,-0.02314361109706406,0.01974316127419376,0.04288677237125782,0.4603554938297251,152,25
5,2513,male,0.1838523938243477,0.44488099949120924,-0.037588289437287245,0.007526202613494532,0.045114492050781774,0.166824500758117,133,25
5,2513,family,0.16545662637872824,0.4538738572352018,-0.015076660633192535,0.02521806356195694,0.04029472419514948,0.6258403318310032,119,25
5,2513,marriage,0.23519728119871525,0.5021443359952676,-0.008622640390586987,0.031061725941292653,0.03968436633187964,0.7827194639002493,161,25
5,2513,love,0.1834024912683696,0.5959312731177664,0.06255001010691559,0.09196340314015769,0.029413393033242103,3.126582609258882,87,25
5,2513,wealth,0.18879773269865266,0.4974666666666667,-0.006883108821299784,0.03200748788019392,0.0388905967014937,0.8230135455376433,125,25
5,2513,emotion,0.19820149344201404,0.532997083130773,0.014666041172012902,0.049594221583114335,0.034928180411101434,1.4198913598697405,121,25
5,2513,scandal,0.10367241130195637,0.49297358066329394,-0.0265713336148587,0.013902391600233327,0.04047372521509203,0.34349177215607146,72,25
5,2513,duty,0.14109436930599867,0.5313387423935091,-0.0026275761726811467,0.035305051645843626,0.03793262781852477,0.9307304469866263,85,25
5,2513,class,0.1530296617187814,0.5357640004283114,-0.03229353695018529,0.010110906850366658,0.042404443800551944,0.23843979413300578,99,25
5,2513,society,0.23497463613054917,0.5832975955627985,0.0102261972026877,0.04580846093952764,0.03558226373683994,1.2873959137909672,131,25
5,2564,female,0.21304530626166343,0.3821688724735816,-0.03946902259723595,0.01316430046973066,0.05263332306696661,0.25011342059347647,152,29
5,2564,male,0.1852349139089071,0.4104669568658488,-0.03570868205254729,0.0150448865430595,0.05075356859560679,0.2964301222370667,133,29
5,2564,family,0.16940342290669344,0.4350509434543048,-0.022402641124106486,0.02521806356195694,0.04762070468606343,0.5295609069138292,119,29
5,2564,marriage,0.23455876822698513,0.48899487331164343,-0.016559116833140784,0.031061725941292653,0.04762084277443344,0.6522716552449745,161,29
5,2564,love,0.13377060997120802,0.4597502286918825,0.015957359436982843,0.05748143720834004,0.0415240777713572,1.3842917240321166,87,29
5,2564,wealth,0.17745500433267614,0.4771259259259259,-0.02414220578918121,0.02400761587814595,0.04814982166732716,0.498602384106816,125,29
5,2564,emotion,0.19966029121284362,0.5360202965483714,-0.012891982462502387,0.033065569164146054,0.04595755162664844,0.7194806510156545,121,29
5,2564,scandal,0.10259162578233956,0.45465617388045726,-0.0021669973272645388,0.04167939779450571,0.04384639512177025,0.9505775258787654,72,29
5,2564,duty,0.15513626335367345,0.5602028397565922,0.017453018000329563,0.05883390979035788,0.04138089179002832,1.4217651491772225,85,29
5,2564,class,0.13621072884012797,0.47167790984045405,-0.03936064978724241,0.010110906850366658,0.04947155663760906,0.2043781828865237,99,29
5,2564,society,0.31282269145477803,0.6197644166166338,0.09779682262393463,0.12214317338666586,0.024346350762731228,5.016898613348766,131,29
5,2602,female,0.2233946538214236,0.4564481378885811,-0.010716819875175684,0.02632202207865686,0.037038841953832544,0.7106599636877299,152,23
5,2602,male,0.18762864949200758,0.45844875346260383,-0.024430528962897248,0.0150448865430595,0.03947541550595675,0.38112041000323715,133,23
5,2602,family,0.18209380199721725,0.4667405423707945,0.039759905795645215,0.06723416413169526,0.027474258336050054,2.4471693942335655,119,23
5,2602,marriage,0.22777086973778307,0.4930432317854678,-0.04563051256082732,6.211102967664998e-06,0.04563672366379499,0.00013609879213253773,161,23
5,2602,love,0.1489802550322083,0.5624726564053614,-0.013334313035642639,0.02299947127652238,0.03633378431216502,0.6330051138710827,87,23
5,2602,wealth,0.20684570215136727,0.5566666666666666,0.006672298160248259,0.04000735988224189,0.03333506172199363,1.2001585662175598,125,23
5,2602,emotion,0.24336353198364122,0.6001686315021877,0.0183424982438619,0.049594221583114335,0.031251723339252434,1.5869275765422075,121,23
5,2602,scandal,0.10313970028320382,0.47977562300918114,-0.023198663708180474,0.013902391600233327,0.0371010553084138,0.37471687757371736,72,23
5,2602,duty,0.12102076494402574,0.4694421906693712,-0.026156434317195394,0.01177619350132938,0.03793262781852477,0.310450242397072,85,23
5,2602,class,0.18352400873420022,0.5666827283435057,0.018710356482689733,0.05051413102765601,0.03180377454496628,1.5883061601586783,99,23
5,2602,society,0.20105301283058924,0.5136875661148754,-0.00504074528673994,0.0305415184501,0.03558226373683994,0.8583354526041759,131,23
5,2606,female,0.22632135437277404,0.47614650661742075,-0.04019995298427377,0.006585439665267561,0.04678539264954133,0.1407584566930286,152,25
5,2606,male,0.34903465637786035,0.5963593193510092,0.15037923278617896,0.15789988120479392,0.007520648418614969,20.99551426881857,133,25
5,2606,family,0.2341876385532238,0.5370301966940624,0.06680106126021669,0.09244382447353826,0.025642763213321564,3.6050648559554648,119,25
5,2606,marriage,0.2396016153701221,0.47941930395346544,-0.04140352870380078,0.006217314070632662,0.04762084277443344,0.13055867364531482,161,25
5,2606,love,0.13047273355803302,0.47820466929165184,-0.030018595138774043,0.011505482632583159,0.0415240777713572,0.27707978719379095,87,25
5,2606,wealth,0.1859502321019941,0.4790888888888889,-0.026586542811729105,0.016007743876097984,0.04259428668782709,0.3758190386669153,125,25
5,2606,emotion,0.1802263924273494,0.47971104764219735,-0.02574417780962167,0.016536916745177765,0.042281094554799434,0.39111846367538045,121,25
5,2606,scandal,0.10958414554905783,0.48800824433202167,-0.0109964955643834,0.027790894697369516,0.038787390261752916,0.7164930279946365,72,25
5,2606,duty,0.12705108359133127,0.47831643002028396,-0.02960469828869894,0.01177619350132938,0.04138089179002832,0.28458046677192556,85,25
5,2606,class,0.14685304006186858,0.48223400078523754,-0.04416112120377191,1.0100806044322337e-05,0.04417122200981623,0.00022867390994636618,99,25
5,2606,society,0.19574317473071995,0.4736684106698687,-0.04681054323970394,7.63347124471382e-06,0.04681817671094866,0.00016304503465991769,131,25
5,2636,female,0.26951102785930464,0.5303298450805376,0.03460378804790552,0.11842607334114025,0.08382228529323472,1.4128232477250957,152,61
5,2636,male,0.29367124540125,0.6175306687772062,0.13910057091531855,0.2030119847821837,0.06391141386686516,3.176458984335796,133,61
5,2636,family,0.2138633786113709,0.5548065379998154,0.08274495873540037,0.1596695853851196,0.07692462664971923,2.0756627927504763,119,61
5,2636,marriage,0.24147422713307243,0.4958715370206054,0.026486958644373643,0.11180606452093762,0.08531910587656398,1.31044580660964,161,61
5,2636,love,0.12499917296539592,0.4427673706399396,-0.05262985725807038,0.045987448564400825,0.0986173058224712,0.46632229688691895,87,61
5,2636,wealth,0.17999732067328297,0.4017777777777778,-0.09325296256573001,0.016007743876097984,0.109260706441828,0.14650961354047468,125,61
5,2636,emotion,0.1753731071440786,0.39932243558580455,-0.09192040510290368,0.016536916745177765,0.10845732184808145,0.15247395439276026,121,61
5,2636,scandal,0.10476249130099125,0.4122400224845419,-0.05612971583411611,0.04167939779450571,0.09780911362862182,0.42613000208073615,72,61
5,2636,duty,0.1212698611990865,0.46156186612576067,-0.06469632765974498,0.035305051645843626,0.10000137930558861,0.3530456468765681,85,61
5,2636,class,0.13919892725110192,0.42194025056215867,-0.09589755248369931,0.010110906850366658,0.10600845933406597,0.09537830201275385,99,61
5,2636,society,0.19170709982703477,0.3844526403064872,-0.1142260210843562,7.63347124471382e-06,0.11423365455560092,6.682331292247644e-05,131,61
5,2669,female,0.2620645251312266,0.5571073150713038,0.03460427536902817,0.06579518690543544,0.03119091153640727,2.109434564825951,152,26
5,2669,male,0.23261246519468728,0.5757391599299,0.016922275048144274,0.052638306190884346,0.03571603114274007,1.4738005457280556,133,26
5,2669,family,0.17996161622717055,0.509680795395081,0.003561274717431291,0.04202450378985228,0.03846322907242099,1.0925890727903607,119,26
5,2669,marriage,0.359623507797324,0.6118875086266391,0.07134546128180903,0.09317275561794262,0.021827294336133587,4.268635139969359,161,26
5,2669,love,0.18108547332288366,0.5718689098357395,0.03437173935984498,0.06897542585227927,0.03460368649243429,1.993297039763861,87,26
5,2669,wealth,0.2439171605018391,0.5912148148148147,0.03067191416639216,0.06400697588838579,0.03333506172199363,1.9201097157181952,125,26
5,2669,emotion,0.18449365712104923,0.4833495381623723,0.002725257890679761,0.041329895373630195,0.038604637482950434,1.0705940546861181,121,26
5,2669,scandal,0.10897108308865966,0.516301292861158,-0.028257668568197815,0.013902391600233327,0.04216006016843114,0.3297526508350073,72,26
5,2669,duty,0.1255142951953197,0.4904462474645031,-0.004351708158432915,0.035305051645843626,0.03965675980427654,0.8902656651526558,85,26
5,2669,class,0.15902220601021733,0.5414391262447801,0.00154243760131028,0.04041332498333367,0.03887088738202339,1.0396810493445008,99,26
5,2669,society,0.2338062668101048,0.5791091288561054,0.008353545040336245,0.04580846093952764,0.03745491589919139,1.2230293364320053,131,26
5,2700,female,0.289793522760709,0.5443726274751206,0.06335647809108844,0.07895290851436164,0.015596430423273204,5.062242216108937,152,20
5,2700,male,0.1972705982794592,0.48746396065351344,-0.01879145241807223,0.0150448865430595,0.03383633896113173,0.4446369496385863,133,20
5,2700,family,0.1837370935156159,0.4973066149536738,0.004315530217126069,0.03362128367590461,0.029305753458778543,1.1472588043862797,119,20
5,2700,marriage,0.2394568377624478,0.48508823819382835,-0.015092488994001629,0.018639520005962657,0.033732008999964286,0.5525766344195454,161,20
5,2700,love,0.12830913841935934,0.4777870580280794,-0.03459219250379035,1.1493988643939221e-05,0.03460368649243429,0.0003321608131584504,87,20
5,2700,wealth,0.1841604790827867,0.49856296296296304,-0.017327317845895647,0.016007743876097984,0.03333506172199363,0.48020741671692396,125,20
5,2700,emotion,0.17995125554934166,0.476300437530384,-0.006450480384590528,0.024801242954661906,0.031251723339252434,0.7935960101988275,121,20
5,2700,scandal,0.11334169742833501,0.5130925613640622,0.013010017252787467,0.04167939779450571,0.028669380541718244,1.4537948503073566,72,20
5,2700,duty,0.12594994981036742,0.48503042596348883,-0.020984038359940067,0.01177619350132938,0.032760231861269445,0.35946612193829547,85,20
5,2700,class,0.14718033944040138,0.46953635292857904,-0.023459645903863898,0.010110906850366658,0.033570552754230557,0.30118380606024725,99,20
5,2700,society,0.1956477548833917,0.45947336821339735,-0.037447282427946676,7.63347124471382e-06,0.03745491589919139,0.0002038042553627737,131,20
5,2724,female,0.2169833763585604,0.46333487226839026,-0.02655526933140414,0.05921632610097235,0.08577159543237649,0.6903955301492429,152,53
5,2724,male,0.19849086966323082,0.46445531121035666,-0.005634285521760984,0.07519435797957924,0.08082864350134022,0.9302934544163436,133,53
5,2724,family,0.1873531316870774,0.48676393634376836,0.025753913060495168,0.10084704458748592,0.07509313152699075,1.3429596360606624,119,53
5,2724,marriage,0.23411012061402076,0.49736271320122255,-0.023201865096946342,0.06211724077961764,0.08531910587656398,0.7280578030055558,161,53
5,2724,love,0.205375017262086,0.6169112675496162,0.08022770347280497,0.1494333463598538,0.06920564288704883,2.1592653449023813,87,53
5,2724,wealth,0.26575916870619787,0.621437037037037,0.06933755230782343,0.1360058239068175,0.06666827159899408,2.040038246721692,125,53
5,2724,emotion,0.24668973527228935,0.5834801895964998,0.06422118962021332,0.13223748367795576,0.06801629405774244,1.9442030105866768,121,53
5,2724,scandal,0.10913995219723015,0.5120385984635563,0.0040854779440226835,0.08334490708591429,0.0792594291418916,1.0515456392659255,72,53
5,2724,duty,0.19726795431361077,0.5898782961460446,0.07049377774834928,0.14118491329615773,0.07069113554780845,1.997208167616392,85,53
5,2724,class,0.30693860438259823,0.6820680301245673,0.16745594251573387,0.22222783378113575,0.0547718912654019,4.057333581932645,99,53
5,2724,society,0.24291972516606963,0.6049975698316037,0.05285317072749979,0.12214317338666586,0.06929000265916607,1.7627820565359047,131,53
5,2783,female,0.24239015976163344,0.5098748332820355,0.029243794316669014,0.05263746529650925,0.023393670979840235,2.250072908164782,152,20
5,2783,male,0.22173045704055236,0.5229803832890496,0.028200428137794317,0.052638306190884346,0.02443787805309003,2.1539638619350003,133,20
5,2783,family,0.17520877445229377,0.49062702003878467,-0.005919185019550091,0.02521806356195694,0.031137248581507033,0.8099001906072234,119,20
5,2783,marriage,0.23585182637824276,0.4766834269939859,-0.00689726691569818,0.024850622973627657,0.03174788988932584,0.7827488081719755,161,20
5,2783,love,0.1298471643918379,0.46267350753688896,-0.021368106040120405,0.011505482632583159,0.03287358867270356,0.3499916831954126,87,20
5,2783,wealth,0.17998940307732367,0.4793481481481482,-0.027179034841110304,0.008007871874050014,0.03518690671516032,0.22758101297867805,125,20
5,2783,emotion,0.17797831474616999,0.4452783179387458,-0.016553035129999172,0.016536916745177765,0.03308995187517694,0.4997564459162449,121,20
5,2783,scandal,0.10357024437271553,0.4443741802510774,-0.033714496898638445,1.3888503097136193e-05,0.03372838540173558,0.0004117749169223425,72,20
5,2783,duty,0.14790100480327048,0.536815415821501,0.019481644814086627,0.047069480718100756,0.02758783590401413,1.7061679241591332,85,20
5,2783,class,0.14206698942610124,0.5068351358104007,-0.023459645903863898,0.010110906850366658,0.033570552754230557,0.30118380606024725,99,20
5,2783,society,0.18644613464282936,0.47389713240129233,-0.027941159020881404,0.007641104715958534,0.03558226373683994,0.214744760823989,131,20
5,2803,female,0.2133979965438307,0.46934954344926644,-0.03362157950093335,0.06579518690543544,0.09941676640636879,0.661811777661667,152,61
5,2803,male,0.18251856097377905,0.4133783707388773,-0.06766370353049422,0.03760093833175441,0.10526464186224864,0.3572038783982424,133,61
5,2803,family,0.1681828441737253,0.44913349955366755,-0.05030633934138964,0.05042772390379994,0.10073406324518958,0.5006025000754394,119,61
5,2803,marriage,0.21966668871564607,0.46205511189983234,-0.09644137253017807,0.018639520005962657,0.11508089253614072,0.16196885160537852,161,61
5,2803,love,0.17636659994818155,0.5529769717217515,0.0796110073786291,0.16092733500379303,0.08131632762516393,1.9790285629182036,87,61
5,2803,wealth,0.19144627475466702,0.5204740740740741,0.005264207386416586,0.09600646389657766,0.09074225651016107,1.0580127449747638,125,61
5,2803,emotion,0.21534737523114728,0.5524732620320855,0.05961791607822596,0.1405018098874399,0.08088389380921394,1.737080193210202,121,61
5,2803,scandal,0.10195486018393372,0.4961354693648117,-0.07170455388459142,0.027790894697369516,0.09949544858196094,0.27931825116801207,72,61
5,2803,duty,0.15084355847207986,0.5615618661257606,0.070189282920344,0.15294934236841487,0.08276005944807087,1.84810575761533,85,61
5,2803,class,0.16099162548550316,0.5344790662811865,-0.0009568784550063741,0.09091735520494536,0.09187423365995173,0.9895849095238433,99,61
5,2803,society,0.17796496533434816,0.4601452382994539,-0.06669540404902985,0.03817498969481382,0.10487039374384366,0.3640206576099637,131,61
5,2861,female,0.20793657387866846,0.4222132451010568,-0.07382567471474975,0.01974316127419376,0.09356883598894351,0.2110014628836004,152,51
5,2861,male,0.1848384227670215,0.46403838543727743,-0.05826515782558414,0.03008225440218944,0.08834741222777358,0.3404995533348746,133,51
5,2861,family,0.16940857248067542,0.47132699233539566,-0.04222610335078091,0.04202450378985228,0.08425060714063319,0.49880357205266346,119,51
5,2861,marriage,0.23005698990470286,0.46760080843931773,-0.027428848953972892,0.05590613781195264,0.08333498676592553,0.6708603430671088,161,51
5,2861,love,0.2985327898987964,0.6842858847392912,0.20270467728529598,0.2528792441553068,0.05017456687001084,5.0399885823710395,87,51
5,2861,wealth,0.27387450433806837,0.6059777777777777,0.06318952529894216,0.12800595190476954,0.06481642660582738,1.9748998611300508,125,51
5,2861,emotion,0.23988754814364646,0.5838979703451628,0.09820531092828824,0.1570304623064082,0.05882515137811994,2.669444253434533,121,51
5,2861,scandal,0.11331857394511033,0.5294641184185873,0.023032985901176223,0.09723341018305048,0.07420042428187426,1.3104158247447153,72,51
5,2861,duty,0.16630507415110987,0.5667038539553751,0.006499236429808347,0.08236276793487213,0.07586353150506378,1.0856701012961525,85,51
5,2861,class,0.23916401446342744,0.6406021344183889,0.09978399341274273,0.16162299751520173,0.061839004102459,2.613609320822831,99,51
5,2861,society,0.19757134703711202,0.5291977585270321,-0.009944388797254233,0.0687088746736691,0.07865326347092333,0.8735667363401385,131,51
5,2953,female,0.19879081247669364,0.35661613829896377,-0.03508344027500899,0.05263746529650925,0.08772090557151824,0.6000561092360616,152,53
5,2953,male,0.16289887180038148,0.3404658262196845,-0.07142291829997413,0.02256357047262447,0.0939864887725986,0.24007249091917046,133,53
5,2953,family,0.1678116779392743,0.3806830424477483,-0.004950232649533287,0.07563738424564292,0.08058761689517621,0.9385732840702953,119,53
5,2953,marriage,0.24219533306253035,0.48295622596864834,0.0013838011379639914,0.08075054968261262,0.07936674854464863,1.0174355276273928,161,53
5,2953,love,0.16043101253520856,0.5859185459173527,0.014107271154455217,0.09196340314015769,0.07785613198570247,1.1811966609883044,87,53
5,2953,wealth,0.18644260150149838,0.5114222222222222,-0.03903133463953783,0.048007231884289854,0.08703856652382769,0.5515627589132666,125,53
5,2953,emotion,0.23770009253211094,0.6018017744287798,0.04401608012939602,0.11570883125898745,0.07169275112959143,1.6139544017249223,121,53
5,2953,scandal,0.13885107898079047,0.6181960839422896,0.019660315994497995,0.09723341018305048,0.07757309418855249,1.2534424622209517,72,53
5,2953,duty,0.2338851565140976,0.6273225152129818,0.1649137051544116,0.22353591680195764,0.058622211647546045,3.813160754529496,85,53
5,2953,class,0.16757062816265011,0.5878306028482706,-0.022425405541651997,0.06061493707197835,0.08304034261363034,0.7299456524797501,99,53
5,2953,society,0.21453688163960127,0.5836907110386826,-0.023195816529022417,0.061075403428955274,0.08427121995797769,0.7247480629648664,131,53
5,3021,female,0.24375072998571104,0.572503077870114,-0.012179167970374008,0.06579518690543544,0.07797435487580945,0.8438054666740661,152,50
5,3021,male,0.2051584022737169,0.54274549154842,-0.0469870895328025,0.03760093833175441,0.08458802786455691,0.44451844168204085,133,50
5,3021,family,0.2094181683531569,0.5958460307199803,-0.019925177754700124,0.058830944017747605,0.07875612177244773,0.7470015370612394,119,50
5,3021,marriage,0.3453165391774333,0.6000813368825791,0.07289793509630693,0.1304393734239326,0.057541438327625684,2.2668771795202365,161,50
5,3021,love,0.11951060965126249,0.483663445094062,-0.060046954168372274,0.02299947127652238,0.08304642544489466,0.2769471551970253,87,50
5,3021,wealth,0.25891539157197085,0.6319407407407408,0.04533793630167951,0.11200620790067359,0.06666827159899408,1.680052672922205,125,50
5,3021,emotion,0.17247480109764407,0.4817543753038406,-0.00098200798987369,0.07438720021156675,0.07536920820144044,0.9869707004452529,121,50
5,3021,scandal,0.09089086113406498,0.4415284804197115,-0.0687297074483365,0.013902391600233327,0.08263209904856982,0.16824444447300654,72,50
5,3021,duty,0.15289872365105106,0.5513488843813388,0.03520049053157791,0.10589162607938636,0.07069113554780845,1.4979477307486997,85,50
5,3021,class,0.15056569729648142,0.5301513366884392,-0.06459540792820563,0.020211712894688996,0.08480712082289463,0.2383256582505545,99,50
5,3021,society,0.17133218175901224,0.4301898390370815,-0.027083983449033323,0.05344193218424146,0.08052591563327478,0.6636612792701312,131,50
5,3046,female,0.23041724873518085,0.4814750692520776,-0.027042231375347572,0.01974316127419376,0.04678539264954133,0.42199413440137756,152,27
5,3046,male,0.20592105263157892,0.4807860817457177,-0.013152545466983991,0.03008225440218944,0.04323479986917343,0.69578798774416,133,27
5,3046,family,0.17763668220324566,0.4728122018037984,-0.02897436611532566,0.01681484344800928,0.04578920956333494,0.3672228371704914,119,27
5,3046,marriage,0.24450215395776226,0.49669722961648427,0.020190009701349904,0.05590613781195264,0.035716128110602735,1.565291109866721,161,27
5,3046,love,0.13028116267680698,0.47132402656803096,-0.0334787907782355,0.011505482632583159,0.044984273410818655,0.2557667771412829,87,27
5,3046,wealth,0.18854660894660893,0.48691851851851853,-0.01058679880763317,0.03200748788019392,0.04259428668782709,0.7514502617223029,125,27
5,3046,emotion,0.1795846497999608,0.4771815751093826,-0.03952318962687931,0.008272590535693625,0.04779578016257294,0.1730820274798756,121,27
5,3046,scandal,0.10709697222855116,0.4808881394041596,-0.02994400352153692,0.013902391600233327,0.04384639512177025,0.31707034435343023,72,27
5,3046,duty,0.13012798589232508,0.5113793103448275,0.007412720913824215,0.047069480718100756,0.03965675980427654,1.1869220014247839,85,27
5,3046,class,0.14887239008818456,0.49287932326801587,-0.03582709336871384,0.010110906850366658,0.0459380002190805,0.2200989769238357,99,27
5,3046,society,0.19351289753057532,0.4849615461589044,-0.02203747734321103,0.022908047205386174,0.0449455245485972,0.5096847224490002,131,27
5,3071,female,0.2614878659330701,0.5715797168359495,0.00439021187289227,0.03947974368758306,0.03508953181469079,1.125114575336942,152,24
5,3071,male,0.27423346368146456,0.607969642150489,0.039478411633707564,0.06767567405001428,0.02819726241630671,2.400079591005856,133,24
5,3071,family,0.1988996094809693,0.5319589374211223,-0.003010450273787886,0.03362128367590461,0.0366317339496925,0.9178185155297304,119,24
5,3071,marriage,0.22387889549130993,0.4736764270925762,-0.031224187514858878,0.012428417038297659,0.04365260455315654,0.284711924184928,161,24
5,3071,love,0.12738752063143688,0.41897347174163785,0.011383762071966536,0.045987448564400825,0.03460368649243429,1.3289754134469602,87,24
5,3071,wealth,0.16873403357517053,0.4055185185185185,-0.005031263828133091,0.03200748788019392,0.03703875170832701,0.8641621653824222,125,24
5,3071,emotion,0.15753534236561592,0.4094327297034516,-0.03400850401910581,0.008272590535693625,0.042281094554799434,0.19565696258823378,121,24
5,3071,scandal,0.10867025456513292,0.4400178002623197,0.006264677439431016,0.04167939779450571,0.035414720355074696,1.1768947312146836,72,24
5,3071,duty,0.11219574562113754,0.45040567951318455,-0.04136912736095606,1.1764429072257124e-05,0.04138089179002832,0.00028429617060132426,85,24
5,3071,class,0.14687054591007498,0.46514616125923547,-0.006791590233747775,0.030312518939011334,0.03710410917275911,0.8169585421673202,99,24
5,3071,society,0.19255408231219387,0.5216356462818424,-0.02592564426322195,0.015274575960672354,0.0412002202238943,0.37074015326362353,131,24
5,3079,female,0.26824851899356095,0.5301118292808044,0.029243794316669014,0.05263746529650925,0.023393670979840235,2.250072908164782,152,20
5,3079,male,0.22100148823688426,0.5656057436825145,0.0094036759154477,0.03760093833175441,0.02819726241630671,1.3334960598400496,133,20
5,3079,family,0.20257029551706254,0.5540831717302306,0.024784960690478374,0.05042772390379994,0.025642763213321564,1.9665479684200295,119,20
5,3079,marriage,0.21540205945851792,0.4198708468894804,-0.023287711072305074,0.012428417038297659,0.035716128110602735,0.3479777259019341,161,20
5,3079,love,0.17534902646825473,0.5769200174999005,0.04475232627822935,0.06897542585227927,0.024223099574049917,2.8475061846884695,87,20
5,3079,wealth,0.22198770027407114,0.5482666666666667,0.03193126713017766,0.056007103886337825,0.024075836756160162,2.326278602536267,125,20
5,3079,emotion,0.1976990670052353,0.5328451628585318,0.013754629106226764,0.041329895373630195,0.02757526626740343,1.4988031292733965,121,20
5,3079,scandal,0.10712334832973087,0.5038645306351883,-0.01813965884816314,0.013902391600233327,0.03204205044839647,0.4338795865198816,72,20
5,3079,duty,0.1347221296768543,0.5103245436105477,0.0059930837560777245,0.035305051645843626,0.0293119678897659,1.2044585944352688,85,20
5,3079,class,0.18981191683832885,0.588767533997216,-0.011592061650277284,0.020211712894688996,0.03180377454496628,0.6355130226909648,99,20
5,3079,society,0.1889258455084394,0.5041598764902651,-0.01843503561381614,0.015274575960672354,0.03370961157448849,0.45312227720176596,131,20
5,3093,female,0.24291154567686693,0.5078357443315892,0.04337592733460475,0.09211063012328784,0.04873470278868309,1.8900418972656017,152,39
5,3093,male,0.31400772654854336,0.5539742212674543,0.10526679002131556,0.14286251334566397,0.037595723324348414,3.7999671427877764,133,39
5,3093,family,0.16561380073686172,0.42954104718810604,-0.050952307588067514,0.01681484344800928,0.06776715103607679,0.24812675744343352,119,39
5,3093,marriage,0.235108017361621,0.5019594794439516,-0.020009863782918372,0.04348393187662265,0.06349379565954102,0.6848532431279148,161,39
5,3093,love,0.12668105570953767,0.46985244402020443,-0.0013436187603244262,0.05748143720834004,0.05882505596866447,0.977159073813422,87,39
5,3093,wealth,0.17663634330324118,0.47524444444444436,-0.05251237271606279,0.016007743876097984,0.06852011659216077,0.23362108344246119,125,39
5,3093,emotion,0.16955216996507086,0.459315751093826,-0.041376822567156024,0.024801242954661906,0.06617806552181793,0.3747653056753455,121,39
5,3093,scandal,0.10429196711360204,0.5077759040659546,-0.050180022961606265,0.013902391600233327,0.06408241456183959,0.21694550205502258,72,39
5,3093,duty,0.12950145359162585,0.5122515212981744,-0.013276862915197057,0.047069480718100756,0.060346343633297814,0.7799889418875884,85,39
5,3093,class,0.14097564489135772,0.47091051861369876,-0.03329326337271195,0.030312518939011334,0.06360578231172329,0.4765686048789909,99,39
5,3093,society,0.18572220921379448,0.46717843154072675,-0.044509303291428444,0.022908047205386174,0.06741735049681462,0.33979453414041766,131,39
5,3140,female,0.23015850462034146,0.5420770493485175,-0.027529680740413683,0.03290088288311996,0.06043056362353364,0.5444411057877812,152,36
5,3140,male,0.23219682401329295,0.5549635366612018,0.007523729343234177,0.06015699012044931,0.052633260777215134,1.1429462896843405,133,36
5,3140,family,0.18018386097416633,0.508095545910672,-0.01475367650985359,0.04202450378985228,0.05677818029970587,0.7401523537260991,119,36
5,3140,marriage,0.216282603367592,0.41823178546781026,-0.02225272852930648,0.03727282890895765,0.05952555743826413,0.6261651383439515,161,36
5,3140,love,0.11754187940943187,0.38794097760808177,-0.02260149822847214,0.0344934599204616,0.05709495814893374,0.6041419599587119,87,36
5,3140,wealth,0.16319289083062494,0.4415555555555556,-0.05680855473177737,0.008007871874050014,0.06481642660582738,0.12354695087751892,125,36
5,3140,emotion,0.18433428469049995,0.45513794360719495,-0.005554472723156602,0.049594221583114335,0.05514869430627094,0.8992818815762192,121,36
5,3140,scandal,0.10082175018436251,0.48524451939291735,-0.045121018101588924,0.013902391600233327,0.05902340970182225,0.2355402995223533,72,36
5,3140,duty,0.1561535158489839,0.5675456389452332,0.03236121621608495,0.08236276793487213,0.05000155171878718,1.6472042387092278,85,36
5,3140,class,0.14191721155207632,0.49860798800728134,-0.03986051299850573,0.020211712894688996,0.060072225893194726,0.3364568666106681,99,36
5,3140,society,0.20453048981027633,0.5070474883494868,0.008639270230952262,0.061075403428955274,0.05243613319800301,1.1647579579746077,131,36
5,3190,female,0.2057554575694592,0.48163537498717557,-0.054332573323332176,0.01974316127419376,0.07407573459752594,0.26652670245117804,152,41
5,3190,male,0.2510848865343021,0.576191418395613,0.06391390121340565,0.11278777762740409,0.04887387641399845,2.3077313669515216,133,41
5,3190,family,0.16683359522752741,0.48225444023763353,-0.05461529783352449,0.01681484344800928,0.07143014128153377,0.23540263460350838,119,41
5,3190,marriage,0.22871166365593543,0.49456521739130443,-0.04856376823910562,0.024850622973627657,0.07341439121273327,0.33849797788664315,161,41
5,3190,love,0.13024589076001813,0.4669092789245516,-0.018027900863455827,0.045987448564400825,0.06401534942785665,0.7183815908949914,87,41
5,3190,wealth,0.16744103952054776,0.4576148148148148,-0.05621606270239617,0.016007743876097984,0.07222380657849416,0.2216408222471469,125,41
5,3190,emotion,0.26706365379480934,0.5883720223626641,0.04586971306967273,0.09918017884001917,0.05331046577034644,1.8604260421473753,121,41
5,3190,scandal,0.13405960528625058,0.5689291736930859,0.03989633543456734,0.09723341018305048,0.057337074748483145,1.6958209083369218,72,41
5,3190,duty,0.10935696369376627,0.43985801217038545,-0.04370224900271841,0.023540622573586505,0.06724287157630492,0.3500835407738845,85,41
5,3190,class,0.13363643959361027,0.4422136559945747,-0.024959235537653883,0.04041332498333367,0.06537256052098755,0.6182001234254999,99,41
5,3190,society,0.19253078326210699,0.5289904794579295,-0.0292423608020008,0.03817498969481382,0.06741735049681462,0.5662487388324654,131,41
5,3366,female,0.2737306659591252,0.5788768338976096,4.142229542640485e-06,0.05263746529650925,0.05263332306696661,1.0000786997343354,152,35
5,3366,male,0.16906500937313307,0.414452484594946,-0.03758845903102402,0.02256357047262447,0.06015202950364849,0.37510904716657617,133,35
5,3366,family,0.22403524347530304,0.5745528980823098,0.028016679559579497,0.07563738424564292,0.04762070468606343,1.5883297977778659,119,35
5,3366,marriage,0.21315572549206746,0.4574706694271912,-0.02846383149697148,0.031061725941292653,0.05952555743826413,0.5218216725309284,161,35
5,3366,love,0.149677322879665,0.5345523604979517,0.01880085898226843,0.06897542585227927,0.05017456687001084,1.374708944266561,87,35
5,3366,wealth,0.15593834227753633,0.4170222222222222,-0.035253275748181365,0.02400761587814595,0.05926089162632731,0.4051173584954159,125,35
5,3366,emotion,0.1767603555578316,0.4537326810889645,-0.0037162441872321053,0.049594221583114335,0.05331046577034644,0.9302905323661695,121,35
5,3366,scandal,0.08874365167456731,0.4056351883080382,-0.04343468314824982,0.013902391600233327,0.057337074748483145,0.2424677516419452,72,35
5,3366,duty,0.12067020466951131,0.47672413793103446,-0.04684601814621667,0.01177619350132938,0.058622211647546045,0.20088279118383373,85,35
5,3366,class,0.148187057173031,0.4964396616340079,0.021244186478691626,0.07071574311630069,0.04947155663760906,1.4294222361524003,99,35
5,3366,society,0.22083743197370043,0.5229150584669926,0.05804253942863008,0.09924275965252438,0.0412002202238943,2.4087919703050322,131,35
5,3480,female,0.22740880405832212,0.49680670975684826,-0.010716819875175684,0.02632202207865686,0.037038841953832544,0.7106599636877299,152,23
5,3480,male,0.19811068763410306,0.49285572954943746,-0.005633776740550631,0.03008225440218944,0.03571603114274007,0.8422619602139624,133,23
5,3480,family,0.17605898568577757,0.4823929571828732,-0.02164838562441171,0.01681484344800928,0.03846322907242099,0.4371667135879847,119,23
5,3480,marriage,0.2682452380565481,0.5161687863551219,0.0445169303005106,0.06832834374728264,0.023811413446772036,2.8695626950980486,161,23
5,3480,love,0.15410932836068952,0.5065028039613412,0.013113859891697263,0.045987448564400825,0.03287358867270356,1.3989178066581875,87,23
5,3480,wealth,0.19636379667241863,0.5158740740740742,0.016524015155462916,0.048007231884289854,0.03148321672882694,1.5248515517414776,125,23
5,3480,emotion,0.1813198937834251,0.482346864365581,-0.011965165992364031,0.024801242954661906,0.03676640894702594,0.6745625603447338,121,23
5,3480,scandal,0.144585716098874,0.5318179688963838,0.05467552654419604,0.08334490708591429,0.028669380541718244,2.9071052638102124,72,23
5,3480,duty,0.19608323247473874,0.5689756592292089,0.10872917626289359,0.12942048422390062,0.020691307961007033,6.254823738622031,85,23
5,3480,class,0.14811759759368273,0.4940839490309455,-0.005024812024483499,0.030312518939011334,0.03533733096349483,0.8578044269802896,99,23
5,3480,society,0.2077163725040855,0.5128727449466791,0.004465378120325325,0.03817498969481382,0.03370961157448849,1.1324660211324495,131,23
5,3497,female,0.2747821631876891,0.45746127013440036,0.06944740220936277,0.15132037736345574,0.08187297515409298,1.848233523660374,152,65
5,3497,male,0.2261524984342847,0.5440810673299791,0.02819966496597881,0.12030646155696907,0.09210679659099026,1.306162693833509,133,65
5,3497,family,0.23521124005656868,0.5332286760858189,0.07541897824448641,0.1596695853851196,0.08425060714063319,1.8951742996546008,119,65
5,3497,marriage,0.2495274241837251,0.5174627822143351,0.018550482201819846,0.11180606452093762,0.09325558231911778,1.1989208767915012,161,65
5,3497,love,0.116351649577979,0.45953147993477306,-0.07277433500066324,0.0344934599204616,0.10726779492112484,0.321563988012464,87,65
5,3497,wealth,0.16123389063681906,0.42223703703703697,-0.04155004056710883,0.06400697588838579,0.10555701645549462,0.6063734845590895,125,65
5,3497,emotion,0.1670129878550736,0.42826324744773947,-0.048760545519558475,0.057858547792598476,0.10661909331215695,0.5426659146561945,121,65
5,3497,scandal,0.11954143701369542,0.5679923177815251,-0.0005757034455713406,0.09723341018305048,0.09780911362862182,0.9941140101856828,72,65
5,3497,duty,0.13203515759933204,0.5245030425963488,-0.017638611370716484,0.08236276793487213,0.10000137930558861,0.8236163191545662,85,65
5,3497,class,0.13312821134817854,0.4695541992361781,-0.055494328306409955,0.05051413102765601,0.10600845933406597,0.47651037798779433,99,65
5,3497,society,0.1788269209236615,0.4805586528290019,-0.05517376588430511,0.05344193218424146,0.10861569806854657,0.49202770072906604,131,65
5,3538,female,0.23866969325937015,0.5240073868882734,0.013649313203534949,0.05263746529650925,0.0389881520929743,1.3500887441301554,152,28
5,3538,male,0.20481987317011527,0.48900446605234893,0.022561266796100897,0.06015699012044931,0.037595723324348414,1.6001019477630123,133,28
5,3538,family,0.17796312173080786,0.5088189121802567,-0.03080586123805415,0.01681484344800928,0.04762070468606343,0.35309942510315634,119,28
5,3538,marriage,0.2197826707197085,0.4757961155476683,-0.006379775644198886,0.03727282890895765,0.04365260455315654,0.8538512029154189,161,28
5,3538,love,0.18045040856065686,0.5860478065465538,0.0573597166477234,0.09196340314015769,0.03460368649243429,2.6576186660807615,87,28
5,3538,wealth,0.1604071837448045,0.43838518518518516,-0.04199379478644384,0.008007871874050014,0.050001666660493854,0.1601520990942659,125,28
5,3538,emotion,0.17785018477005168,0.5170150704910064,-0.021156308671986535,0.024801242954661906,0.04595755162664844,0.5396554445633539,121,28
5,3538,scandal,0.0938889821590408,0.4493160951845606,-0.04720517652535134,1.3888503097136193e-05,0.04721906502844848,0.0002941291422961157,72,28
5,3538,duty,0.11938757000540792,0.48604462474645027,-0.007799972129936467,0.035305051645843626,0.04310502377578009,0.8190472606782746,85,28
5,3538,class,0.1452857188915705,0.5178463075989579,-0.0019911188172182723,0.04041332498333367,0.042404443800551944,0.9530445717544018,99,28
5,3538,society,0.281188028279244,0.6207650741916115,0.02362048752976388,0.061075403428955274,0.03745491589919139,1.6306378471575524,131,28
5,3567,female,0.2970300275620817,0.5886554837385862,0.04703106659091655,0.07237404770989854,0.025342981118981995,2.855782726083251,152,24
5,3567,male,0.27261775055210036,0.6387020182034032,-0.02631022114450559,0.0150448865430595,0.04135510768756509,0.36379754240658146,133,24
5,3567,family,0.26152282514026276,0.5938375350140056,0.03792841067291672,0.06723416413169526,0.029305753458778543,2.2942308657572164,119,24
5,3567,marriage,0.2537791142045207,0.5282707285812875,0.001556700798354918,0.03727282890895765,0.035716128110602735,1.0435853738818126,161,24
5,3567,love,0.11600207459841354,0.40458576939903756,-0.028288497319043315,0.011505482632583159,0.03979397995162647,0.28912621070523953,87,24
5,3567,wealth,0.17452727491365444,0.4434370370370371,-0.014882980823347752,0.02400761587814595,0.0388905967014937,0.617311584643456,125,24
5,3567,emotion,0.16234456410863413,0.41308641225085074,-0.03400850401910581,0.008272590535693625,0.042281094554799434,0.19565696258823378,121,24
5,3567,scandal,0.11530145186570867,0.5388326775341953,-0.009310160611044286,0.027790894697369516,0.0371010553084138,0.749059412612396,72,24
5,3567,duty,0.11338996799270948,0.4576470588235294,-0.027880566302947163,0.01177619350132938,0.03965675980427654,0.2969529926084,85,24
5,3567,class,0.130724597469489,0.42749045222543464,-0.03052675874092101,0.010110906850366658,0.04063766559128767,0.24880629098649643,99,24
5,3567,society,0.16837317896654663,0.41187065786088,-0.044937891077352486,7.63347124471382e-06,0.0449455245485972,0.00016983829471809404,131,24
