layer,neuron,concept,AP,AUROC,ΔP,P(fire|1),P(fire|0),lift,label_support,neuron_fires_total
8,5,female,0.232869726224143,0.48811172668513386,-0.005112857800844799,0.05921632610097235,0.06432918390181715,0.9205204000478405,152,42
8,5,male,0.1949634572778286,0.4797896998134434,-0.0037544237464158525,0.06015699012044931,0.06391141386686516,0.9412558176982595,133,42
8,5,family,0.22421868303366366,0.570482038969434,0.04590035941050854,0.10084704458748592,0.05494668517697738,1.83536175586995,119,42
8,5,marriage,0.22837715344504936,0.4535948437345953,-0.05874310942804753,0.018639520005962657,0.07738262943401018,0.24087473044085508,161,42
8,5,love,0.12421402807235009,0.42629161197947735,-0.07265434453786634,1.1493988643939221e-05,0.07266583852651029,0.0001581759582886772,87,42
8,5,wealth,0.19335797452107492,0.49459259259259253,0.0010423942757250976,0.06400697588838579,0.06296458161266069,1.0165552481730291,125,42
8,5,emotion,0.17408780513881109,0.4609944701020904,-0.03678895342952088,0.033065569164146054,0.06985452259366694,0.4733490107148832,121,42
8,5,scandal,0.10258234233739304,0.4266090500281057,-0.0708138658720989,1.3888503097136193e-05,0.07082775437519603,0.00019608842916815492,72,42
8,5,duty,0.1510085637443484,0.4669979716024341,-0.004960697814443485,0.05883390979035788,0.06379460760480136,0.922239543409428,85,42
8,5,class,0.16952600878521232,0.5418406681657565,0.032611907521014914,0.09091735520494536,0.05830544768393044,1.5593286530658739,99,42
8,5,society,0.2048599493475368,0.4859121708551334,0.006909480663908833,0.0687088746736691,0.06179939400976026,1.1118049905425575,131,42
8,23,female,0.2248793250286085,0.47760849492151436,-0.022900617396215017,0.09211063012328784,0.11501124751950285,0.8008836710241529,152,73
8,23,male,0.1870274825431607,0.4447820679518345,-0.0526265052651011,0.06767567405001428,0.12030217931511537,0.562547365598294,133,73
8,23,family,0.16857859709628542,0.45496660202542555,-0.041580135104103064,0.07563738424564292,0.11721751934974599,0.6452737156065874,119,73
8,23,marriage,0.24453605949242752,0.4780513654737257,0.0026775293167122516,0.11180606452093762,0.10912853520422537,1.0245355562656178,161,73
8,23,love,0.1380973653701977,0.4808296543769638,-0.00727059877648939,0.10345739178409692,0.11072799056058631,0.9343382035507496,87,73
8,23,wealth,0.1715224734455358,0.4515407407407407,-0.06621651750765703,0.056007103886337825,0.12222362139399486,0.4582346951195095,125,73
8,23,emotion,0.1716108505675291,0.4495320855614974,-0.05336381906154586,0.06612287400208261,0.11948669306362847,0.5533911124841139,121,73
8,23,scandal,0.16701701828037058,0.6130316657298107,0.12610715938199352,0.22222993805727623,0.09612277867528272,2.3119383471600483,72,73
8,23,duty,0.12952063720169535,0.5416227180527383,-0.01794310619872179,0.09412719700712924,0.11207030320585103,0.8398941942130401,85,73
8,23,class,0.14586329325482694,0.4552771531570118,-0.034025801219764354,0.08081654916062302,0.11484235038038737,0.7037173036970605,99,73
8,23,society,0.19726437603360797,0.5034880064042084,0.005894004073405457,0.11450970214195202,0.10861569806854657,1.0542647534119012,131,73
8,95,female,0.24045369856860338,0.532599774289525,0.006339522012034027,0.03947974368758306,0.03314022167554903,1.1912938927478587,152,23
8,95,male,0.3235227297097324,0.6206258126519306,0.06015485603766253,0.08271304190914422,0.022558185871481687,3.6666530888924154,133,23
8,95,family,0.2419114426933509,0.6190630098193123,0.019290475322292906,0.05042772390379994,0.031137248581507033,1.6195305044431683,119,23
8,95,marriage,0.2292096044656064,0.4804421768707483,-0.012849624247613527,0.024850622973627657,0.037700247221241184,0.6591633955908672,161,23
8,95,love,0.19490977860144443,0.5766416099908523,0.03956203281903717,0.06897542585227927,0.029413393033242103,2.3450346504390143,87,23
8,95,wealth,0.18924167168716288,0.5151999999999999,-0.013031135830181059,0.02400761587814595,0.03703875170832701,0.6481756206729941,125,23
8,95,emotion,0.1723681769924074,0.472107438016529,-0.03217027548318131,0.008272590535693625,0.04044286601887494,0.2045500566559305,121,23
8,95,scandal,0.09929251141409104,0.4554525014052839,-0.023198663708180474,0.013902391600233327,0.0371010553084138,0.37471687757371736,72,23
8,95,duty,0.12193892578077158,0.45381338742393507,0.0008206877988224046,0.035305051645843626,0.03448436384702122,1.0237988382630263,85,23
8,95,class,0.16650505300374946,0.5252882178677232,0.006842772229103115,0.04041332498333367,0.033570552754230557,1.2038325754715777,99,23
8,95,society,0.24961500036901701,0.5904880349944249,0.061502118562716965,0.08397581716309674,0.022473698600379774,3.73662647402155,131,23
8,132,female,0.22969461267507127,0.5193521083410281,0.0014660030036182936,0.06579518690543544,0.06432918390181715,1.0227890813107936,152,43
8,132,male,0.2051522283796558,0.4534597772627056,-0.015032492039197501,0.052638306190884346,0.06767079823008185,0.7778585086455662,133,43
8,132,family,0.181057904853964,0.47429741127220126,-0.048043572842305315,0.02521806356195694,0.07326163640426225,0.34421922303861574,119,43
8,132,marriage,0.26299609019299647,0.5419501133786848,0.013029770166045056,0.07453944671494764,0.06150967654890258,1.2118328512827417,161,43
8,132,love,0.1501653524712397,0.5711530048124727,0.03140824935176249,0.09196340314015769,0.0605551537883952,1.5186717791188717,87,43
8,132,wealth,0.20904012822449713,0.5669629629629628,0.009042266277773062,0.07200684789043375,0.06296458161266069,1.1436087725041162,125,43
8,132,emotion,0.2139312177063324,0.5757474477394264,0.021988146507006458,0.08265152642105089,0.060663379914044434,1.3624616125379032,121,43
8,132,scandal,0.10009782461895143,0.4482387108862657,-0.056925362774962705,0.013902391600233327,0.07082775437519603,0.19628451759732304,72,43
8,132,duty,0.15248771195525584,0.5229006085192698,0.020292292315822538,0.08236276793487213,0.06207047561904959,1.3269234223213824,85,43
8,132,class,0.15747481639836491,0.5533247671056858,-0.016625207702595825,0.05051413102765601,0.06713933873025184,0.7523775476826796,99,43
8,132,society,0.1821041261224362,0.4443205535065901,-0.04249378853376898,0.0305415184501,0.07303530698386898,0.4181747118065432,131,43
8,147,female,0.2124825766346883,0.45106186518928904,-0.05847467462358742,6.578860804463099e-06,0.058481253484391885,0.00011249520850483209,152,30
8,147,male,0.18824967856943264,0.4559613319011815,-0.03758837423415563,0.0150448865430595,0.052633260777215134,0.28584371024351524,133,30
8,147,family,0.1700264862396281,0.47283528796133834,-0.04470356672018728,0.008411623334061612,0.05311519005424889,0.15836568268535015,119,30
8,147,marriage,0.31311517578266324,0.5597209898452135,0.0716042069175587,0.09938385858560764,0.027779651668048935,3.577577565392495,161,30
8,147,love,0.1340919486131089,0.4959034323668616,0.014227261617252115,0.05748143720834004,0.04325417559108793,1.3289222698502794,87,30
8,147,wealth,0.1802232896038527,0.4727555555555555,-0.006290616791918585,0.04000735988224189,0.046297976674160475,0.8641276089221931,125,30
8,147,emotion,0.17741920087240948,0.48781599416626154,-0.004627656253018246,0.041329895373630195,0.04595755162664844,0.8993058574679551,121,30
8,147,scandal,0.10221644160782344,0.48323027918306166,-0.03500300838155426,0.013902391600233327,0.04890539998178759,0.2842710949123475,72,30
8,147,duty,0.13225546265904686,0.5108519269776876,0.015728886014577788,0.05883390979035788,0.04310502377578009,1.3648968179447023,85,30
8,147,class,0.1471053312372655,0.4834386265481672,-0.0055246752357468315,0.04041332498333367,0.0459380002190805,0.879736270401865,99,30
8,147,society,0.2316541552125551,0.5555650856276982,0.038887430019191524,0.07634234591838292,0.03745491589919139,2.0382463578831,131,30
8,181,female,0.22105948962783645,0.43619190520160045,-0.02899154151448933,0.01974316127419376,0.04873470278868309,0.4051150441892773,152,28
8,181,male,0.19270180877661286,0.4266846627847815,-0.05262574209328557,7.518683929564969e-06,0.052633260777215134,0.00014285042990680422,133,28
8,181,family,0.17803743316945875,0.4774294333117863,-0.00010171552802568096,0.04202450378985228,0.04212621931787796,0.9975854579245355,119,28
8,181,marriage,0.23647406560588632,0.4787661441388149,-0.03096544187910923,0.018639520005962657,0.04960496188507189,0.37575918410686804,161,28
8,181,love,0.15955266969186,0.5180666587121664,0.01768745725671357,0.05748143720834004,0.03979397995162647,1.4444757040328702,87,28
8,181,wealth,0.1931488378443948,0.5194888888888888,-0.002586926805585199,0.04000735988224189,0.04259428668782709,0.9392658732499968,125,28
8,181,emotion,0.19506127914054205,0.5143640617403986,0.019253910309648042,0.057858547792598476,0.038604637482950434,1.4987460461622701,121,28
8,181,scandal,0.10713216429270414,0.48171959902566985,-0.00048066237392543204,0.04167939779450571,0.04216006016843114,0.9885991060498073,72,28
8,181,duty,0.1289414464239254,0.4660750507099392,0.01917714998608134,0.05883390979035788,0.03965675980427654,1.4835783376969118,85,28
8,181,class,0.1642717871539931,0.5209337188135774,-0.0019911188172182723,0.04041332498333367,0.042404443800551944,0.9530445717544018,99,28
8,181,society,0.19598798747429552,0.47856448523315326,-0.014404006098497204,0.0305415184501,0.0449455245485972,0.6795230171670943,131,28
8,259,female,0.20815246491928904,0.45673027598235355,-0.04751023149689736,0.04605860449204616,0.09356883598894351,0.4922429995495123,152,55
8,259,male,0.18191166607057238,0.4242891062242071,-0.056385550440844194,0.03760093833175441,0.0939864887725986,0.40006748653341273,133,55
8,259,family,0.1618956674453367,0.44657863145258103,-0.05978679907837102,0.03362128367590461,0.09340808275427563,0.35993976842443753,119,55
8,259,marriage,0.3218819414363209,0.5679409444937396,0.10395344993463193,0.1614948882622576,0.057541438327625684,2.806584140979271,161,55
8,259,love,0.12771659414766845,0.5221731694706281,-0.055473356803355967,0.0344934599204616,0.08996681672381757,0.3834020272826491,87,55
8,259,wealth,0.2030508135874638,0.5528296296296297,0.026226994340631388,0.10400633589862562,0.07777934155799424,1.3371974333279573,125,55
8,259,emotion,0.1946673072755079,0.5205396208070006,0.02013451356672974,0.09918017884001917,0.07904566527328943,1.2547200215959056,121,55
8,259,scandal,0.11118948221293,0.5204468802698144,0.0007128080373444701,0.08334490708591429,0.08263209904856982,1.008626284997515,72,55
8,259,duty,0.13672581163807118,0.5085192697768762,0.013091269544810144,0.09412719700712924,0.0810359274623191,1.161548956785074,85,55
8,259,class,0.16239542946771862,0.570528607631081,-0.0022237934530073278,0.08081654916062302,0.08304034261363034,0.973220324194381,99,55
8,259,society,0.19834062297466235,0.5097921491265689,-0.02694112085372531,0.061075403428955274,0.08801652428268059,0.6939083760238809,131,55
8,291,female,0.21431451055092585,0.4378654970760234,-0.039713478261453036,0.09868949092775094,0.13840296918920397,0.7130590586689239,152,86
8,291,male,0.18736863457616384,0.3898043982135791,-0.11465600807070275,0.03760093833175441,0.15225694640245716,0.24695712885320706,133,86
8,291,family,0.16644013873269234,0.4152122387416505,-0.08585900217292572,0.058830944017747605,0.14468994619067332,0.4066000822186582,119,86
8,291,marriage,0.23153311922178832,0.5066178645371192,-0.03131124119989104,0.10559496155327264,0.13690620275316367,0.7712942104083097,161,86
8,291,love,0.13566427338232984,0.5120510678916598,0.009910388958020988,0.1379393577159146,0.1280289687578936,1.0774073950067067,87,86
8,291,wealth,0.1766616401370215,0.4402814814814815,-0.05088363443796541,0.08800659189452968,0.1388902263324951,0.6336413599270362,125,86
8,291,emotion,0.17055152953835423,0.40441176470588236,-0.07726079002856437,0.06612287400208261,0.14338366403064698,0.461160442848554,121,86
8,291,scandal,0.14836655124704248,0.5758853288364251,0.10418480498858504,0.22222993805727623,0.11804513306869119,1.8825845020317498,72,86
8,291,duty,0.17525397747507226,0.5698985801217038,0.10801734962460306,0.22353591680195764,0.11551856717735458,1.935064832104695,85,86
8,291,class,0.14920970643194115,0.4942534889531356,-0.009523580925853509,0.12121977333791237,0.13074335426376588,0.9271582025686178,99,86
8,291,society,0.18960348569652596,0.48749178031277696,-0.027956597444228695,0.1068762308972382,0.1348328283414669,0.7926573388031236,131,86
8,470,female,0.2222378203960505,0.47783933518005534,-0.04288019351045336,6.578860804463099e-06,0.04288677237125782,0.00015340069771067148,152,22
8,470,male,0.1951811346548189,0.47858838826389277,-0.03194921289246222,0.007526202613494532,0.03947541550595675,0.19065543748787622,133,22
8,470,family,0.17596651791897971,0.48773355496044574,-0.030051605738359376,0.008411623334061612,0.03846322907242099,0.2186925938538594,119,22
8,470,marriage,0.23796093326312198,0.5041161392093068,-0.019060727215278527,0.018639520005962657,0.037700247221241184,0.4944137341085209,161,22
8,470,love,0.13225019169788507,0.5135027641888398,0.0016198712477580382,0.0344934599204616,0.03287358867270356,1.049275765503929,87,22
8,470,wealth,0.20367186773750354,0.5435555555555555,-0.011179290837014366,0.02400761587814595,0.03518690671516032,0.6822883316173955,125,22
8,470,emotion,0.19118679290181786,0.49778196402527947,-2.4382711030883353e-05,0.033065569164146054,0.03308995187517694,0.9992631384862051,121,22
8,470,scandal,0.11626945704191621,0.5258806445568671,0.04078702344705985,0.0694564039887781,0.028669380541718244,2.4226684593092607,72,22
8,470,duty,0.1364416563734679,0.48206896551724143,-0.02443230233144362,0.01177619350132938,0.036208495832773,0.32523288333743183,85,22
8,470,class,0.1731698047445915,0.5196130920512546,0.008609550438367392,0.04041332498333367,0.03180377454496628,1.2707084476694404,99,22
8,470,society,0.3505147793958777,0.6006804471509849,0.1489298813886559,0.15267705836552115,0.0037471769768652554,40.74455497228753,131,22
8,529,female,0.22374107459039422,0.4862906535344209,-0.019245478139903224,0.07237404770989854,0.09161952584980176,0.7899413038630694,152,58
8,529,male,0.22294882280075878,0.4935977160947482,0.022560758014890547,0.10526909369783911,0.08270833568294857,1.2727749002241011,133,58
8,529,family,0.19065119802165115,0.48066919075322434,0.016596437446852727,0.10084704458748592,0.08425060714063319,1.1969889358536319,119,58
8,529,marriage,0.23517444275458949,0.46349699300009856,-0.02492723857183514,0.06832834374728264,0.09325558231911778,0.7326997703229434,161,58
8,529,love,0.12614263506555645,0.42399475002982934,-0.06066365026254815,0.0344934599204616,0.09515711018300975,0.3624895696575903,87,58
8,529,wealth,0.20153458510839756,0.5198814814814814,0.0009680253707019942,0.08800659189452968,0.08703856652382769,1.0111217981677796,125,58
8,529,emotion,0.1851564852685842,0.46531660184735046,-0.005585281531861053,0.08265152642105089,0.08823680795291194,0.9367012286326317,121,58
8,529,scandal,0.1189438898422709,0.5218287427393666,-0.01992103487314817,0.0694564039887781,0.08937743886192627,0.7771133842322325,72,58
8,529,duty,0.11616727581123495,0.4717444219066937,-0.05952393170248966,0.035305051645843626,0.09482898334833328,0.37230233203899304,85,58
8,529,class,0.16346312827742152,0.5637113181282792,-0.007524128080800163,0.08081654916062302,0.08834067724142318,0.9148282725844112,99,58
8,529,society,0.3105662266698964,0.6274551848357491,0.13855114398639523,0.19847788583380405,0.059926741847408815,3.3120086243946876,131,58
8,547,female,0.217370820386019,0.48453370267774704,-0.017295680679638784,0.01974316127419376,0.037038841953832544,0.5330393779122412,152,22
8,547,male,0.19860766769813276,0.4840720221606648,-0.013152460670115603,0.02256357047262447,0.03571603114274007,0.6317490983759312,133,22
8,547,family,0.18519310187992125,0.5096500138516945,-0.01981689050168322,0.01681484344800928,0.0366317339496925,0.45902395640464644,119,22
8,547,marriage,0.23771290218275865,0.4929138321995465,-0.010865505136975078,0.024850622973627657,0.035716128110602735,0.6957815498918734,161,22
8,547,love,0.1217781490530485,0.4576820586246669,-0.02482830167958186,0.011505482632583159,0.03633378431216502,0.31666072912791293,87,22
8,547,wealth,0.18363490425171164,0.49558518518518513,-0.011179290837014366,0.02400761587814595,0.03518690671516032,0.6822883316173955,125,22
8,547,emotion,0.18779089601744337,0.5190052260573651,-0.010126937456439528,0.024801242954661906,0.034928180411101434,0.7100639844974322,121,22
8,547,scandal,0.10993074760641812,0.46175285741053024,-0.005937490704366066,0.027790894697369516,0.03372838540173558,0.8239616087616072,72,22
8,547,duty,0.1239241253253959,0.4959837728194726,-0.02443230233144362,0.01177619350132938,0.036208495832773,0.32523288333743183,85,22
8,547,class,0.15258078588987564,0.48955991005460964,-0.0032580338152192224,0.030312518939011334,0.033570552754230557,0.9029496523344677,99,22
8,547,society,0.22738836789733508,0.5764216485118792,0.01584415368974205,0.04580846093952764,0.029964307249785587,1.5287675618907113,131,22
8,588,female,0.21350041078106688,0.4232327895762798,-0.08893270646281771,0.006585439665267561,0.09551814612808528,0.06894438315802168,152,50
8,588,male,0.2094113666041939,0.4831039063824976,-0.02819033731045588,0.052638306190884346,0.08082864350134022,0.6512333241044719,133,50
8,588,family,0.17903335602583192,0.49515190691661276,-0.019925177754700124,0.058830944017747605,0.07875612177244773,0.7470015370612394,119,50
8,588,marriage,0.2265027571292724,0.4464408951986591,-0.050030396078244777,0.03727282890895765,0.08730322498720243,0.4269353040966637,161,50
8,588,love,0.1317552428784696,0.49868750745734397,0.0192975646136474,0.09196340314015769,0.07266583852651029,1.265565842267706,87,50
8,588,wealth,0.17775113945881668,0.43943703703703707,-0.043327516655252425,0.04000735988224189,0.08333487653749432,0.4800794282542863,125,50
8,588,emotion,0.21012529087721984,0.5442315872630044,0.049530765737169524,0.11570883125898745,0.06617806552181793,1.748446865964849,121,50
8,588,scandal,0.10897159844530775,0.5130457185684841,-0.02200519329691058,0.05556790089164191,0.07757309418855249,0.71632956596858,72,50
8,588,duty,0.12517565031379066,0.4885598377281947,0.008223368415560123,0.08236276793487213,0.074139399519312,1.1109176560339844,85,50
8,588,class,0.15918582325109748,0.47895028018702934,0.00661009759331406,0.08081654916062302,0.07420645156730896,1.0890771281015814,99,50
8,588,society,0.20856356344510865,0.5115218572204592,0.010940510179227758,0.08397581716309674,0.07303530698386898,1.1497975517580057,131,50
8,657,female,0.2162909630084519,0.4752616189596799,-0.032159231405735025,0.02632202207865686,0.058481253484391885,0.45009332922783324,152,34
8,657,male,0.19107166932640665,0.45447735881056023,-0.03570876684941568,0.02256357047262447,0.05827233732204015,0.38720894869104755,133,34
8,657,family,0.1698882336756968,0.45502816511219873,-0.05202954721110123,0.008411623334061612,0.06044117054516284,0.13917042403467533,119,34
8,657,marriage,0.28123661223996216,0.5608671004633737,0.0308868421617911,0.07453944671494764,0.04365260455315654,1.707560121011155,161,34
8,657,love,0.12929879818370144,0.45899455116732296,-0.005917216125340741,0.045987448564400825,0.051904664689741566,0.8859983748744606,87,34
8,657,wealth,0.20070605772446762,0.5196444444444445,-0.003846279769370693,0.048007231884289854,0.05185351165366055,0.9258241216913803,125,34
8,657,emotion,0.1743862930276001,0.471043996110841,-0.011980570396716246,0.041329895373630195,0.05331046577034644,0.7752679474026352,121,34
8,657,scandal,0.1345884551755131,0.5801246018362376,0.02055100400699051,0.0694564039887781,0.04890539998178759,1.4202195261305193,72,34
8,657,duty,0.13542391404683382,0.5367545638945234,-0.0046562029864382,0.047069480718100756,0.051725683704538956,0.909982765738878,85,34
8,657,class,0.1620045531206927,0.5512545954242067,-0.012591788072803943,0.04041332498333367,0.053005113056137615,0.7624420108258151,99,34
8,657,society,0.19125239444577083,0.5133230408554192,-0.04465216588673646,0.015274575960672354,0.059926741847408815,0.2548874757668463,131,34
8,727,female,0.3015607472738148,0.5768954550117986,0.07139719966962718,0.09868949092775094,0.02729229125812375,3.616020728738166,152,29
8,727,male,0.24458888593558456,0.5550200689694159,0.0770718312815324,0.10526909369783911,0.02819726241630671,3.733309004963114,133,29
8,727,family,0.17373968072211707,0.486486902453289,-0.053106786834134945,8.403220113947665e-06,0.05311519005424889,0.00015820747521014004,119,29
8,727,marriage,0.23669644972888007,0.49626589766341317,-0.02475433891144423,0.024850622973627657,0.04960496188507189,0.5009705083677372,161,29
8,727,love,0.13925082527775878,0.5146163942250328,0.015957359436982843,0.05748143720834004,0.0415240777713572,1.3842917240321166,87,29
8,727,wealth,0.18340443571308568,0.4806370370370371,-0.03399392278439587,0.016007743876097984,0.050001666660493854,0.32014420608154454,125,29
8,727,emotion,0.1791523404283984,0.4822709042294604,-0.02299453720791103,0.024801242954661906,0.04779578016257294,0.5189002642029038,121,29
8,727,scandal,0.10721494596706822,0.463837361813753,-0.048891511478690454,1.3888503097136193e-05,0.04890539998178759,0.00028398710780454294,72,29
8,727,duty,0.1278620564998274,0.4892697768762677,-0.009524104115688235,0.035305051645843626,0.04482915576153186,0.7875466545223574,85,29
8,727,class,0.14661442188981968,0.4777099618089017,-0.027493065533655783,0.020211712894688996,0.04770477842834478,0.4236831940142941,99,29
8,727,society,0.19185805633823977,0.47880035451868375,-0.04479502848204448,0.007641104715958534,0.05243613319800301,0.14572212422604452,131,29
8,731,female,0.21494092361865258,0.4489714784036114,-0.016321269270629234,0.04605860449204616,0.06237987376267539,0.7383568082638007,152,39
8,731,male,0.182995368743416,0.4053083837413081,0.0018846527984091588,0.06015699012044931,0.05827233732204015,1.0323421521083211,133,39
8,731,family,0.16137605524683007,0.4374826853818451,-0.04071759235139137,0.02521806356195694,0.06593565591334831,0.3824647410001607,119,39
8,731,marriage,0.22792512144270122,0.49320960268165237,-0.03640030793952527,0.031061725941292653,0.06746203388081792,0.4604326930864187,161,39
8,731,love,0.12034192001181732,0.4932386747802569,-0.04101587815133427,0.02299947127652238,0.06401534942785665,0.35928057070254377,87,39
8,731,wealth,0.20611820613042844,0.5565777777777778,-0.0032537877399894874,0.056007103886337825,0.05926089162632731,0.9450938443273599,125,39
8,731,emotion,0.216351652300913,0.5599629314535731,0.02934106065070445,0.08265152642105089,0.05331046577034644,1.5503808722203065,121,39
8,731,scandal,0.09092451547844822,0.45683436387483606,-0.06575486101208157,1.3888503097136193e-05,0.0657687495151787,0.00021117176773628187,72,39
8,731,duty,0.15087468813697427,0.5805882352941176,0.013700259200820734,0.070598338862615,0.05689807966179427,1.2407859681911084,85,39
8,731,class,0.16112773984988119,0.5733661705393154,-0.04516084762629856,0.020211712894688996,0.06537256052098755,0.30917731741425275,99,39
8,731,society,0.21292999709270236,0.5851702547388283,-0.0064848096631673555,0.05344193218424146,0.059926741847408815,0.8917877150643133,131,39
8,755,female,0.4455658787337547,0.6432299681953421,0.22904637795476984,0.236845567821476,0.0077991898667061745,30.36797049936865,152,40
8,755,male,0.1974797858742954,0.4894355249024818,-0.009393415494372476,0.052638306190884346,0.06203172168525682,0.8485707757253239,133,40
8,755,family,0.229297100397431,0.5465493889863638,0.04956334965596551,0.10084704458748592,0.05128369493152041,1.966454342265733,119,40
8,755,marriage,0.24099923424115186,0.4922729961549837,-0.02199398289355682,0.04348393187662265,0.06547791477017947,0.6641007434122258,161,40
8,755,love,0.12744513455088943,0.4725868034840711,-0.05597006243473495,0.011505482632583159,0.06747554506731811,0.1705133707468981,87,40
8,755,wealth,0.18526960544733176,0.4969185185185186,-0.014957349728370838,0.048007231884289854,0.06296458161266069,0.7624481995108545,125,40
8,755,emotion,0.1786328278360025,0.4885148274185707,-0.033112496357671876,0.033065569164146054,0.06617806552181793,0.4996454475198459,121,40
8,755,scandal,0.10562302059291356,0.47108628442945477,-0.05186635791494538,0.013902391600233327,0.0657687495151787,0.21138293950401812,72,40
8,755,duty,0.12800707861716784,0.48166328600405683,-0.015000994900948833,0.047069480718100756,0.06207047561904959,0.7583231842176619,85,40
8,755,class,0.1460181647844092,0.5086197665702966,-0.023192457328389614,0.04041332498333367,0.06360578231172329,0.6353718720829199,99,40
8,755,society,0.19192915494843982,0.46573462561111584,-0.055888078860845174,0.015274575960672354,0.07116265482151753,0.21464314391822156,131,40
8,805,female,0.2112237381076021,0.49502410998255875,-0.05189630114024699,0.05921632610097235,0.11111262724121934,0.5329396628511361,152,66
8,805,male,0.17555387728379124,0.4071810164509017,-0.09585891666088255,0.02256357047262447,0.11842248713350702,0.19053450926930998,133,66
8,805,family,0.15936496785197554,0.4454551051189707,-0.05946381495503209,0.05042772390379994,0.10989153885883203,0.45888632033919463,119,66
8,805,marriage,0.25054858239930367,0.5241114561766735,0.008371141012877961,0.10559496155327264,0.09722382054039468,1.0861017491933862,161,66
8,805,love,0.11942482979292555,0.39329037903193736,-0.06128034635672402,0.045987448564400825,0.10726779492112484,0.42871626659042605,87,66
8,805,wealth,0.17282886438488393,0.4174666666666667,-0.033550168565060864,0.07200684789043375,0.10555701645549462,0.6821606967274545,125,66
8,805,emotion,0.1840572493332272,0.46577236266407396,0.010016554416968873,0.10744450504950331,0.09742795063253444,1.10280986463161,121,66
8,805,scandal,0.11544168059367312,0.5339961588907626,0.01331279965156483,0.11112191328018665,0.09780911362862182,1.1361100122119192,72,66
8,805,duty,0.15603887309379205,0.5522210953346856,0.03459150087556734,0.12942048422390062,0.09482898334833328,1.3647777256784281,85,66
8,805,class,0.13462111129532112,0.4003016025984224,-0.04539352226208762,0.06061493707197835,0.10600845933406597,0.5717933969815544,99,66
8,805,society,0.22616483816416286,0.49753409383309033,0.04752093943106146,0.1374101158760935,0.08988917644503204,1.5286614174131659,131,66
8,851,female,0.21435053161131828,0.44185390376526107,-0.04604788340169905,0.006585439665267561,0.05263332306696661,0.1251192074033333,152,28
8,851,male,0.21233610286423765,0.4691333597150772,-0.005633861537419023,0.03760093833175441,0.04323479986917343,0.8696915087999361,133,28
8,851,family,0.21826061810374267,0.5524825314741281,0.010132999708650461,0.05042772390379994,0.04029472419514948,1.251472119732706,119,28
8,851,marriage,0.24039404065788986,0.48897022577146804,-0.006379775644198886,0.03727282890895765,0.04365260455315654,0.8538512029154189,161,28
8,851,love,0.16511164980016294,0.57202799984091,0.01768745725671357,0.05748143720834004,0.03979397995162647,1.4444757040328702,87,28
8,851,wealth,0.21565083480715005,0.5197777777777778,0.017116507184844122,0.056007103886337825,0.0388905967014937,1.4401194282202052,125,28
8,851,emotion,0.1928914973959579,0.5211624939231891,0.009151355564239398,0.049594221583114335,0.04044286601887494,1.2262786113808584,121,28
8,851,scandal,0.11356764913458424,0.5067687839610268,-0.00048066237392543204,0.04167939779450571,0.04216006016843114,0.9885991060498073,72,28
8,851,duty,0.13978359115115918,0.5427991886409735,-0.007799972129936467,0.035305051645843626,0.04310502377578009,0.8190472606782746,85,28
8,851,class,0.1670771932314296,0.5391369525645144,-0.013858703070804893,0.030312518939011334,0.04417122200981623,0.6862504037490449,99,28
8,851,society,0.20748194783855986,0.5593818795208281,-0.004897882691431932,0.03817498969481382,0.04307287238624575,0.8862884590468539,131,28
8,855,female,0.36465108209663577,0.587161434287473,0.1315818456399273,0.13158379495006645,1.949310139141758e-06,67502.71534794601,152,20
8,855,male,0.1979252642885409,0.48190259483294706,-0.02818982852924554,0.007526202613494532,0.03571603114274007,0.21072337469986907,133,20
8,855,family,0.17629323821552784,0.48827223196971087,-0.03662333072957855,8.403220113947665e-06,0.0366317339496925,0.00022939727956254193,119,20
8,855,marriage,0.24098138147273274,0.49971655328798187,0.0012979551626052695,0.031061725941292653,0.029763770778687384,1.0436085592518767,161,20
8,855,love,0.14065386344618244,0.5144672473451855,0.005080066887219497,0.0344934599204616,0.029413393033242103,1.172712712209212,87,20
8,855,wealth,0.18506392918828804,0.4922888888888889,-0.027179034841110304,0.008007871874050014,0.03518690671516032,0.22758101297867805,125,20
8,855,emotion,0.18550714684404526,0.5084923432182791,0.013754629106226764,0.041329895373630195,0.02757526626740343,1.4988031292733965,121,20
8,855,scandal,0.10827067669172932,0.47554806070826305,-0.033714496898638445,1.3888503097136193e-05,0.03372838540173558,0.0004117749169223425,72,20
8,855,duty,0.12975071368260221,0.5084381338742394,0.0059930837560777245,0.035305051645843626,0.0293119678897659,1.2044585944352688,85,20
8,855,class,0.1474208396809016,0.48610664953421134,-0.023459645903863898,0.010110906850366658,0.033570552754230557,0.30118380606024725,99,20
8,855,society,0.1957415636905392,0.5009935100208709,0.000577211200314412,0.0305415184501,0.029964307249785587,1.0192632919721272,131,20
8,875,female,0.29263190418662366,0.561935723812455,0.08211816177434553,0.12500493414560335,0.04288677237125782,2.914766657200469,152,41
8,875,male,0.25690100014950235,0.583540618463452,0.1297025339916188,0.16541856513435887,0.03571603114274007,4.631493473298522,133,41
8,875,family,0.2331973131732653,0.5728829993535876,0.10914014595329397,0.15126636527117193,0.04212621931787796,3.5907890078183486,119,41
8,875,marriage,0.26372581313347687,0.49159518880015773,-0.007587657847588386,0.05590613781195264,0.06349379565954102,0.8804976491064649,161,41
8,875,love,0.12971966181804095,0.45901443741796927,-0.05770016025446568,0.011505482632583159,0.06920564288704883,0.16625064304647977,87,41
8,875,wealth,0.18298833843502033,0.47240000000000004,-0.06606777969761084,0.008007871874050014,0.07407565157166085,0.10810396809260715,125,41
8,875,emotion,0.17841064982297136,0.46356951871657753,-0.07536094387523096,8.26432620948414e-06,0.07536920820144044,0.00010965122769084023,121,41
8,875,scandal,0.10704986268743222,0.47689479108113175,-0.022403016767333882,0.04167939779450571,0.06408241456183959,0.6504030486185043,72,41
8,875,duty,0.12437624865814902,0.47830628803245434,-0.04370224900271841,0.023540622573586505,0.06724287157630492,0.3500835407738845,85,41
8,875,class,0.14957826830891846,0.46390584288110787,-0.048694404044827125,0.020211712894688996,0.06890611693951612,0.29332247690197016,99,41
8,875,society,0.19699248120300752,0.448501872659176,-0.07677297783732716,7.63347124471382e-06,0.07678061130857187,9.941925591001633e-05,131,41
8,999,female,0.21461799667196838,0.4094593208166615,-0.08357222541045854,0.01974316127419376,0.1033153866846523,0.19109604007256303,152,56
8,999,male,0.18867434486252807,0.39242608400701007,-0.08646037095597248,0.0150448865430595,0.10150525749903197,0.14821780579252028,133,56
8,999,family,0.16959957861653688,0.4448471696370856,-0.05138357896442335,0.04202450378985228,0.09340808275427563,0.44990221991767365,119,56
8,999,marriage,0.23535131135427695,0.5035245982450951,-0.02095900035055824,0.06832834374728264,0.08928734409784088,0.7652634809211406,161,56
8,999,love,0.19953908039352836,0.6123573161516128,0.10148558294095268,0.17242132364773224,0.07093574070677956,2.4306692497654105,87,56
8,999,wealth,0.2074359140632746,0.5514814814814816,0.014523432352250037,0.09600646389657766,0.08148303154432762,1.1782387335843156,125,56
8,999,emotion,0.18952712971181512,0.5282571706368497,-0.0019088244600120458,0.08265152642105089,0.08456035088106294,0.9774264836758506,121,56
8,999,scandal,0.10616370696453455,0.4860174255199551,-0.03212320301694525,0.05556790089164191,0.08769110390858716,0.6336777439697249,72,56
8,999,duty,0.1434686486175181,0.5020689655172413,0.011367137559058368,0.09412719700712924,0.08276005944807087,1.137350524319687,85,56
8,999,class,0.16717694582710907,0.5380661741085768,0.019744596844901624,0.10101816124926769,0.08127356440436606,1.2429399644073933,99,56
8,999,society,0.1832393203544557,0.4541269977413729,-0.057332143237272586,0.03817498969481382,0.0955071329320864,0.39970825761840983,131,56
8,1000,female,0.21569089257744656,0.49018287678259975,-0.047998168183086165,0.11184721253667715,0.1598453807197633,0.6997212683428431,152,99
8,1000,male,0.19854983782171118,0.4945375657188083,-0.01691311698635814,0.13534382941609902,0.15225694640245716,0.8889172718429474,133,99
8,1000,family,0.18408481666983587,0.5002000800320128,0.013148144071717799,0.1596695853851196,0.1465214413134018,1.0897352902945097,119,99
8,1000,marriage,0.2587904560017763,0.5233597062013211,-0.007933457168370212,0.1428615793592626,0.15079503652763282,0.9473891359291271,161,99
8,1000,love,0.26567266105068377,0.6771467207572684,0.23867676011125055,0.35632514195075976,0.11764838183950922,3.0287296465650857,87,99
8,1000,wealth,0.2817669600278111,0.6062740740740742,0.09252156956951682,0.22400441592934514,0.13148284635982832,1.7036778722800836,125,99
8,1000,emotion,0.2078146398228089,0.5349036825473992,0.06048311493095543,0.1983520933538289,0.13786897842287346,1.438699957172397,121,99
8,1000,scandal,0.11061880599562329,0.5288083192804947,0.01996309839327534,0.16667592566873143,0.1467128272754561,1.1360692092359326,72,99
8,1000,duty,0.1516466583735197,0.5483062880324544,0.09909219486783888,0.23530034587421475,0.13620815100637587,1.7275056164698461,85,99
8,1000,class,0.2230099156916029,0.6330531463040296,0.15738965041109676,0.2828326700470698,0.12544301963597304,2.2546704540880467,99,99
8,1000,society,0.20839631552132828,0.549182319810161,0.01424178829465933,0.16031052961023495,0.14606874131557562,1.0975005888685863,131,99
8,1038,female,0.24942600948313354,0.5295154919462398,0.029730756360612447,0.09211063012328784,0.06237987376267539,1.4766081520499172,152,46
8,1038,male,0.2796591450449401,0.5895330431341511,0.08271056863888387,0.13534382941609902,0.052633260777215134,2.5714505887523833,133,46
8,1038,family,0.18659062855433445,0.5029088558500323,-0.0023644820271100098,0.06723416413169526,0.06959864615880527,0.9660268962318472,119,46
8,1038,marriage,0.23915629857147386,0.5059647047224687,-0.0011178092441737342,0.06832834374728264,0.06944615299145637,0.9839039428822621,161,46
8,1038,love,0.13189297215761195,0.49958238873642763,-0.01345430349843952,0.05748143720834004,0.07093574070677956,0.810331105798068,87,46
8,1038,wealth,0.18242459263558652,0.515311111111111,-0.03592013668258565,0.04000735988224189,0.07592749656482754,0.5269153033059156,125,46
8,1038,emotion,0.1759073986542202,0.5078542780748663,-0.034039312827810246,0.041329895373630195,0.07536920820144044,0.5483657896818921,121,46
8,1038,scandal,0.124473444571868,0.5888842046093311,-0.015259853483554124,0.05556790089164191,0.07082775437519603,0.784549805101788,72,46
8,1038,duty,0.13442445161821936,0.516551724137931,0.028608457416576097,0.09412719700712924,0.06551873959055314,1.4366454176915266,85,46
8,1038,class,0.1653393202390533,0.5383427918763608,0.025544794683957803,0.09091735520494536,0.06537256052098755,1.3907571384536177,99,46
8,1038,society,0.2030613838308132,0.5095491322869314,0.0089249954215683,0.07634234591838292,0.06741735049681462,1.1323842505625847,131,46
8,1078,female,0.23357406344486345,0.53013747819842,-0.02338757944015845,0.05263746529650925,0.0760250447366677,0.6923700667081523,152,47
8,1078,male,0.19666417837925024,0.49790830459607666,-0.022551260765630854,0.052638306190884346,0.0751895669565152,0.7000746023797008,133,47
8,1078,family,0.17944806701198324,0.472973804906578,-0.014430692386514649,0.058830944017747605,0.07326163640426225,0.8030252517472006,119,47
8,1078,marriage,0.23735980734714876,0.4938750862663906,0.005093293723491266,0.07453944671494764,0.06944615299145637,1.0733416251731687,161,47
8,1078,love,0.15270524461053503,0.5515650479258639,0.0773842039275194,0.1379393577159146,0.0605551537883952,2.2779127635552534,87,47
8,1078,wealth,0.2356882664388065,0.5228000000000002,0.031190037290750275,0.09600646389657766,0.06481642660582738,1.4812057517293755,125,47
8,1078,emotion,0.19018538164126755,0.5222715119105494,0.0045326776178998135,0.07438720021156675,0.06985452259366694,1.0648873895137874,121,47
8,1078,scandal,0.12267674346924837,0.5181632939853851,0.029778325714532664,0.09723341018305048,0.06745508446851782,1.4414541312595812,72,47
8,1078,duty,0.12607390746094604,0.4417038539553752,-0.02706991880121125,0.047069480718100756,0.074139399519312,0.6348780948138797,85,47
8,1078,class,0.14987490991832672,0.5023378662954634,4.2847967520298624e-05,0.07071574311630069,0.07067289514878039,1.000606285711509,99,47
8,1078,society,0.19607619397929432,0.49897075220859427,-0.021466026961978975,0.05344193218424146,0.07490795914622043,0.7134346308809362,131,47
8,1104,female,0.22060601849261416,0.4738637529496255,-0.02972247190152716,0.01316430046973066,0.04288677237125782,0.3069547961190536,152,24
8,1104,male,0.21046930520105567,0.5374950534230312,-0.007513468922158973,0.03008225440218944,0.037595723324348414,0.8001509677540074,133,24
8,1104,family,0.1873656722504773,0.5098808754270938,-0.0234798807471402,0.01681484344800928,0.04029472419514948,0.4172964025304357,119,24
8,1104,marriage,0.27895427386220845,0.5308956916099774,0.0507280332681756,0.07453944671494764,0.023811413446772036,3.130408317777628,161,24
8,1104,love,0.1289596547706325,0.4727359503639183,-0.028288497319043315,0.011505482632583159,0.03979397995162647,0.28912621070523953,87,24
8,1104,wealth,0.18182505125690476,0.4613481481481481,-0.034586414813777076,0.008007871874050014,0.04259428668782709,0.18800342713922147,125,24
8,1104,emotion,0.181739216778225,0.4743710500729217,-0.013803394528288528,0.024801242954661906,0.038604637482950434,0.642442063209966,121,24
8,1104,scandal,0.10496988412209494,0.4791783773655611,-0.009310160611044286,0.027790894697369516,0.0371010553084138,0.749059412612396,72,24
8,1104,duty,0.12550629413167363,0.4458215010141987,-0.04136912736095606,1.1764429072257124e-05,0.04138089179002832,0.00028429617060132426,85,24
8,1104,class,0.14672038362292406,0.4671984866331156,-0.006791590233747775,0.030312518939011334,0.03710410917275911,0.8169585421673202,99,24
8,1104,society,0.19372917025387895,0.44633616376475976,-0.02592564426322195,0.015274575960672354,0.0412002202238943,0.37074015326362353,131,24
8,1162,female,0.21212409672569582,0.4687019082794706,-0.04556092135775561,0.04605860449204616,0.09161952584980176,0.5027160320284837,152,54
8,1162,male,0.20148240045822363,0.5204081632653061,-0.016912353814542633,0.06767567405001428,0.08458802786455691,0.8000620862987501,133,54
8,1162,family,0.17132511994858987,0.42070674423615595,-0.07842473442899484,0.01681484344800928,0.09523957787700411,0.17655310767492094,119,54
8,1162,marriage,0.22195807474162915,0.45137040323375727,-0.07435731667740547,0.024850622973627657,0.09920793965103313,0.250490263791285,161,54
8,1162,love,0.15549075012066021,0.5850037783876229,0.038825346262064395,0.11495138042803614,0.07612603416597175,1.51001404034665,87,54
8,1162,wealth,0.20467750594863832,0.5260666666666667,0.03793055632901274,0.11200620790067359,0.07407565157166085,1.512051605658934,125,54
8,1162,emotion,0.2110468867942184,0.5165745017015071,0.06238296108428883,0.13223748367795576,0.06985452259366694,1.8930411198322534,121,54
8,1162,scandal,0.1226733344693812,0.5854529698332396,0.00239914299068357,0.08334490708591429,0.08094576409523072,1.029638894838665,72,54
8,1162,duty,0.14827644508225427,0.5336105476673428,0.01481540153056192,0.09412719700712924,0.07931179547656732,1.1867994721384454,85,54
8,1162,class,0.21427979296131203,0.6395938180390477,0.07074849027777666,0.14142138542655705,0.07067289514878039,2.001069648085536,99,54
8,1162,society,0.18163701288046477,0.4642050490322212,-0.05358683891256968,0.03817498969481382,0.0917618286073835,0.41602254743347705,131,54
8,1169,female,0.24497012688702588,0.48452729044834303,0.01657303475168625,0.07895290851436164,0.06237987376267539,1.2656791966824554,152,44
8,1169,male,0.2062387856066694,0.472793826671943,0.0018845680015407706,0.06767567405001428,0.0657911060484735,1.0286447228767306,133,44
8,1169,family,0.16631134575092488,0.4050235478806907,-0.07034449843838611,0.008411623334061612,0.07875612177244773,0.10680596180521362,119,44
8,1169,marriage,0.2210688068328485,0.47426796805678795,-0.07090656972762788,0.012428417038297659,0.08333498676592553,0.1491380453813226,161,44
8,1169,love,0.12141261215077599,0.42561547945750317,-0.04966636724998791,0.02299947127652238,0.07266583852651029,0.31651009253564305,87,44
8,1169,wealth,0.17316515014499914,0.46055555555555555,-0.05191988068668159,0.02400761587814595,0.07592749656482754,0.31619132677885475,125,44
8,1169,emotion,0.19893567531114958,0.5062287311618863,0.010047363225673317,0.07438720021156675,0.06433983698589343,1.1561608436577178,121,44
8,1169,scandal,0.12740128079800203,0.5889193367060147,-0.02746202162735121,0.04167939779450571,0.06914141942185692,0.6028137423618938,72,44
8,1169,duty,0.1316328011858881,0.5091075050709939,-0.008408961785947036,0.05883390979035788,0.06724287157630492,0.8749464204948507,85,44
8,1169,class,0.14528455173625585,0.49522611271727873,-0.03025957016544672,0.04041332498333367,0.07067289514878039,0.5718362732654975,99,44
8,1169,society,0.20283177198645957,0.5172613431683678,-0.006341947067859344,0.061075403428955274,0.06741735049681462,0.905930045870537,131,44
8,1172,female,0.2617023304995556,0.5535934133579563,0.0899149150097899,0.17763582058130814,0.08772090557151824,2.0250112492792027,152,72
8,1172,male,0.21200110628091046,0.5372123918819606,0.015041819694720432,0.12030646155696907,0.10526464186224864,1.1428952725955364,133,72
8,1172,family,0.17373281367798102,0.4819004524886878,-0.019279209508022255,0.09244382447353826,0.11172303398156051,0.8274374690537704,119,72
8,1172,marriage,0.2845240308625981,0.5615017746228926,0.07022342505377828,0.1614948882622576,0.09127146320847933,1.7693908104837412,161,72
8,1172,love,0.19064957141570915,0.6266555303663047,0.17959670953462065,0.264373232799246,0.08477652326462538,3.1184722210286995,87,72
8,1172,wealth,0.3101980885105655,0.6394222222222221,0.2213351203467348,0.2880033919457289,0.06666827159899408,4.319946880785109,125,72
8,1172,emotion,0.2724666638780513,0.6259191176470589,0.1707306138733688,0.24793805061073373,0.07720743673736494,3.2113234305514964,121,72
8,1172,scandal,0.11144770980542848,0.5390317594154019,0.03434446603248076,0.13889891947445904,0.10455445344197828,1.3284840090547791,72,72
8,1172,duty,0.12375710527343955,0.4891784989858012,-0.0297075352709789,0.08236276793487213,0.11207030320585103,0.7349205416429815,85,72
8,1172,class,0.203055320298354,0.5757486526037763,0.09828440377895274,0.19192541564816876,0.09364101186921601,2.0495871607429055,99,72
8,1172,society,0.21040273481483202,0.5024587586128028,-0.01124559057837364,0.09924275965252438,0.11048835023089802,0.8982192189876047,131,72
8,1193,female,0.22852443609022555,0.48816302452036525,-0.023874541484101883,0.01316430046973066,0.037038841953832544,0.3554187921367526,152,21
8,1193,male,0.3149143575128235,0.5742339872236983,0.148499625401439,0.15038119727522894,0.001881571873789948,79.92317449580126,133,21
8,1193,family,0.1779042717565495,0.49095792163019053,-0.01798539537895473,0.01681484344800928,0.03480023882696401,0.48318184053661084,119,21
8,1193,marriage,0.24122262177182086,0.4832766439909297,-0.03346705226124698,0.006217314070632662,0.03968436633187964,0.15666910285225943,161,21
8,1193,love,0.13226575566705812,0.5015113550491191,0.0033499690674887693,0.0344934599204616,0.03114349085297283,1.1075656252600672,87,21
8,1193,wealth,0.18746616541353384,0.4855259259259259,-0.029030879834276997,0.008007871874050014,0.03703875170832701,0.21620253125413758,125,21
8,1193,emotion,0.18148418567078856,0.48579545454545453,-0.028493818411332313,0.008272590535693625,0.03676640894702594,0.2250040396218189,121,21
8,1193,scandal,0.10815580618212198,0.49010445943413905,-0.019825993801502254,0.013902391600233327,0.03372838540173558,0.41218669183926476,72,21
8,1193,duty,0.12789326256818515,0.49528397565922916,-0.00921960928768294,0.023540622573586505,0.032760231861269445,0.7185731368616676,85,21
8,1193,class,0.15055931722598387,0.5050772745119035,0.010376328647631675,0.04041332498333367,0.030036996335701997,1.3454516067557964,99,21
8,1193,society,0.19566186458512694,0.49446779312119393,-0.010801564369102318,0.022908047205386174,0.03370961157448849,0.6795701918453272,131,21
8,1234,female,0.22942970055146228,0.5059761978044527,-0.006818199596892172,0.02632202207865686,0.03314022167554903,0.7942621004639531,152,21
8,1234,male,0.23127756405486444,0.5643690994403301,0.016922359845012672,0.04511962226131938,0.02819726241630671,1.6001419426315013,133,21
8,1234,family,0.18822631579942886,0.5342906393326561,0.002484035094397579,0.03362128367590461,0.031137248581507033,1.079776961885872,119,21
8,1234,marriage,0.24124880482862962,0.4906585822734891,-0.0006861639480331833,0.031061725941292653,0.03174788988932584,0.9783871006418519,161,21
8,1234,love,0.12701779829153662,0.4815455594002307,-0.023098203859851132,0.011505482632583159,0.03460368649243429,0.3324929739716088,87,21
8,1234,wealth,0.20990415591191233,0.5123851851851852,0.020227705141796306,0.048007231884289854,0.027779526742493548,1.7281515386338966,125,21
8,1234,emotion,0.18943978992173027,0.5016483349538162,0.011916400570302261,0.041329895373630195,0.029413494803327934,1.4051337880308215,121,21
8,1234,scandal,0.1153491596752764,0.5259391980513398,-0.004251155751026952,0.027790894697369516,0.03204205044839647,0.8673257268993837,72,21
8,1234,duty,0.12346181348241986,0.46979716024340773,-0.03619673140370074,1.1764429072257124e-05,0.036208495832773,0.00032490797536206985,85,21
8,1234,class,0.14800934051121803,0.5025074062176536,-0.01335883985954156,0.020211712894688996,0.033570552754230557,0.6020667291973575,99,21
8,1234,society,0.21245391441321715,0.5223218114761129,0.01771680585209351,0.04580846093952764,0.02809165508743413,1.6306786052769051,131,21
8,1316,female,0.2751627736018893,0.5542218118395403,0.044594307086708675,0.08553176931882474,0.04093746223211606,2.0893275902587445,152,34
8,1316,male,0.2314355815688856,0.5555147266662899,0.020681489817624167,0.06767567405001428,0.04699418423239011,1.440086154361408,133,34
8,1316,family,0.18636571607929137,0.5266260350293963,-0.0008559710277204688,0.05042772390379994,0.05128369493152041,0.9833090999030635,119,34
8,1316,marriage,0.22811492850132845,0.4653702060534358,-0.05926060069954681,0.006217314070632662,0.06547791477017947,0.0949528416162888,161,34
8,1316,love,0.12844608297928603,0.49662928051545163,-0.005917216125340741,0.045987448564400825,0.051904664689741566,0.8859983748744606,87,34
8,1316,wealth,0.17921277907999203,0.47452592592592596,-0.04325314775022933,0.016007743876097984,0.05926089162632731,0.27012323703742996,125,34
8,1316,emotion,0.18091388108651144,0.49002643412736996,-0.011980570396716246,0.041329895373630195,0.05331046577034644,0.7752679474026352,121,34
8,1316,scandal,0.10399445443867165,0.4965570545250141,-0.0417483481949107,0.013902391600233327,0.05565073979514403,0.24981503662232726,72,34
8,1316,duty,0.12355969454837047,0.49109533468559835,-0.03163332510245599,0.023540622573586505,0.055173947676042494,0.42666192224236293,85,34
8,1316,class,0.16856242070416957,0.5619266873683835,0.02301096468795591,0.07071574311630069,0.04770477842834478,1.4823618397271732,99,34
8,1316,society,0.21550949151209037,0.552877605283472,0.02189069796272044,0.0687088746736691,0.04681817671094866,1.4675683569739193,131,34
8,1323,female,0.24670002967672222,0.5350364214630142,0.05239154764327571,0.08553176931882474,0.03314022167554903,2.5809051657415276,152,30
8,1323,male,0.2063350208752073,0.524464356379671,0.03759863465523083,0.07519435797957924,0.037595723324348414,2.000077437767515,133,30
8,1323,family,0.217946792793089,0.5468033367193031,0.07811301611992656,0.10925026470143359,0.031137248581507033,3.508667903393706,119,30
8,1323,marriage,0.26859460373763233,0.5359114660356897,0.0388233186043449,0.07453944671494764,0.035716128110602735,2.08699684585163,161,30
8,1323,love,0.1299795825771325,0.48693473332537884,-0.025444997773757732,0.02299947127652238,0.04844446905028011,0.4747594870361085,87,30
8,1323,wealth,0.18757024425432015,0.4989333333333334,-0.016142333787133242,0.03200748788019392,0.04814982166732716,0.6647477970047887,125,30
8,1323,emotion,0.18066861368296777,0.46984382596013613,-0.05514042998006145,8.26432620948414e-06,0.05514869430627094,0.00014985533770641877,121,30
8,1323,scandal,0.10678551358375919,0.4831600149896945,-0.03500300838155426,0.013902391600233327,0.04890539998178759,0.2842710949123475,72,30
8,1323,duty,0.1286687306501548,0.47427991886409737,-0.0382253582174578,0.01177619350132938,0.05000155171878718,0.23551656091243206,85,30
8,1323,class,0.14750607579554947,0.47824535103687044,-0.04112742799650668,0.010110906850366658,0.05123833484687334,0.19733090234852382,99,30
8,1323,society,0.19521984031325132,0.4834891500128656,-0.027655433830265384,0.022908047205386174,0.05056348103565156,0.45305518401276595,131,30
8,1435,female,0.3630643622539629,0.582256078793475,0.13255576972781416,0.2105301246036236,0.07797435487580945,2.6999918747162073,152,72
8,1435,male,0.19791556156244525,0.47497032053818755,0.005643443583547111,0.11278777762740409,0.10714433404385698,1.05267141405895,133,72
8,1435,family,0.21294818202456378,0.5012774340505433,0.07283322762206314,0.16807280549906725,0.09523957787700411,1.7647369848106413,119,72
8,1435,marriage,0.22220612961962471,0.476923740510697,-0.06909535027738034,0.05590613781195264,0.12500148808933298,0.4472437781824787,161,72
8,1435,love,0.11313214709701987,0.42402457940579885,-0.08488501973877835,0.0344934599204616,0.11937847965923995,0.2889420272282957,87,72
8,1435,wealth,0.18049095463793932,0.4981777777777778,-0.015106087538417037,0.09600646389657766,0.1111125514349947,0.8640469744939774,125,72
8,1435,emotion,0.16102217507170524,0.44739000972289744,-0.07173070001643864,0.049594221583114335,0.12132492159955297,0.4087719235986574,121,72
8,1435,scandal,0.09458047455741053,0.44864858534757357,-0.09025423837132167,0.027790894697369516,0.11804513306869119,0.23542601015971065,72,72
8,1435,duty,0.13311846324163146,0.5406085192697769,-0.016218974212970028,0.09412719700712924,0.11034617122009927,0.8530173359484102,85,72
8,1435,class,0.13560563560874825,0.4736766962915373,-0.09159694427843314,0.030312518939011334,0.12190946321744447,0.2486477927041283,99,72
8,1435,society,0.1888751531188941,0.510657003173514,-0.04927008420663473,0.0687088746736691,0.11797895888030382,0.5823824462020865,131,72
8,1510,female,0.23040959857437235,0.5043090181594336,-0.017052199657667064,0.03947974368758306,0.05653194334525012,0.6983616934195104,152,35
8,1510,male,0.2572410718214416,0.5861128384871954,0.037598549858362446,0.08271304190914422,0.045114492050781774,1.8334029299101355,133,35
8,1510,family,0.17524579877706284,0.486486902453289,-0.0129221813871251,0.04202450378985228,0.05494668517697738,0.7648232764857614,119,35
8,1510,marriage,0.23518368955729213,0.5026003154885142,-0.02026860941866803,0.03727282890895765,0.057541438327625684,0.6477562951431332,161,35
8,1510,love,0.13806654305701163,0.49892614246509964,0.005576772518598477,0.05748143720834004,0.051904664689741566,1.1074426075349106,87,35
8,1510,wealth,0.1807465997841337,0.4854962962962963,-0.035253275748181365,0.02400761587814595,0.05926089162632731,0.4051173584954159,125,35
8,1510,emotion,0.17292298161319444,0.455684856587263,-0.023921353678049387,0.033065569164146054,0.05698692284219544,0.5802308233966044,121,35
8,1510,scandal,0.13370823322280959,0.5918353007307476,0.0032898310031760983,0.05556790089164191,0.05227806988846581,1.0629294656274029,72,35
8,1510,duty,0.1889174978489933,0.5701622718052739,0.07455103137586339,0.11765605515164348,0.04310502377578009,2.729520711110771,85,35
8,1510,class,0.15054699709686528,0.4683941892422458,0.03311177073227824,0.08081654916062302,0.04770477842834478,1.6940975688697486,99,35
8,1510,society,0.18213201459560435,0.44845183978042713,-0.03701869464202264,0.022908047205386174,0.059926741847408815,0.38226752362633964,131,35
8,1580,female,0.20621573506255017,0.46433518005540164,-0.10842629517535798,0.05921632610097235,0.16764262127633034,0.3532295406131301,152,95
8,1580,male,0.17936470613086208,0.43702300864944316,-0.1409716138163511,0.03008225440218944,0.17105386821854054,0.175864215847958,133,95
8,1580,family,0.1965572284790062,0.5642256902761105,0.020474124562631757,0.1596695853851196,0.13919546082248785,1.1470890246025678,119,95
8,1580,marriage,0.32370655891315075,0.6041112097012719,0.10654090629212838,0.22360591793890755,0.11706501164677917,1.9101003347753867,161,95
8,1580,love,0.11835020187879823,0.43260549655967867,-0.0717809237379053,0.08046941449621849,0.1522503382341238,0.5285335679973838,87,95
8,1580,wealth,0.18438178305543584,0.47779259259259255,0.0014117795900369934,0.14400569590886547,0.14259391631882848,1.0099007000121272,125,95
8,1580,emotion,0.17581825564801956,0.47633082158483225,-0.033189518379433014,0.11570883125898745,0.14889834963842047,0.7770994879338395,121,95
8,1580,scandal,0.0930633948214708,0.4198285553681844,-0.11346510424764594,0.04167939779450571,0.15514450204215166,0.26864888697707806,72,95
8,1580,duty,0.1390858041127289,0.510446247464503,0.025057356462792585,0.16471377144067198,0.1396564149778794,1.1794214498888724,85,95
8,1580,class,0.1409570810623874,0.3967055716172324,-0.12036525883792493,0.04041332498333367,0.1607785838212586,0.25136012535109015,99,95
8,1580,society,0.23306938869684085,0.5670440575235154,0.07876913738645677,0.20611135707851788,0.1273422196920611,1.618562622634643,131,95
8,1593,female,0.21390218254696214,0.4391864163332308,-0.0343520225668485,0.006585439665267561,0.04093746223211606,0.16086585015375762,152,22
8,1593,male,0.19990130922927293,0.5158643789925942,0.0056442915522310205,0.03760093833175441,0.03195664677952339,1.1766233982556344,133,22
8,1593,family,0.1700955625799854,0.4624080401391325,-0.009582175265007067,0.02521806356195694,0.03480023882696401,0.7246520257123283,119,22
8,1593,marriage,0.22726644537803917,0.48694296559203387,-0.03545117137188543,0.006217314070632662,0.04166848544251809,0.1492090246251036,161,22
8,1593,love,0.17630669449164754,0.5537525354969575,0.05451621710243784,0.08046941449621849,0.025953197393780644,3.100558797136934,87,22
8,1593,wealth,0.18890398652950058,0.5174444444444444,-0.011179290837014366,0.02400761587814595,0.03518690671516032,0.6822883316173955,125,22
8,1593,emotion,0.18638893955110275,0.4923128342245989,-0.020229492201848172,0.016536916745177765,0.03676640894702594,0.4497832999832764,121,22
8,1593,scandal,0.12656058879782767,0.5456131721941165,0.02521218539658455,0.05556790089164191,0.030355715495057358,1.830558100297756,72,22
8,1593,duty,0.1320820764132726,0.47476673427991883,0.01603338084258308,0.047069480718100756,0.031036099875517677,1.516604241685475,85,22
8,1593,class,0.21143379660603812,0.5624888460577506,0.06794747170630047,0.09091735520494536,0.022969883498644882,3.9581112897830306,99,22
8,1593,society,0.19001067494607468,0.4882208308316894,-0.031686463345584316,0.007641104715958534,0.03932756806154285,0.19429385269404006,131,22
8,1695,female,0.2560091087643102,0.512619267466913,0.029730756360612447,0.09211063012328784,0.06237987376267539,1.4766081520499172,152,46
8,1695,male,0.2091889757727036,0.5283792187235006,0.05451544030536394,0.11278777762740409,0.05827233732204015,1.935528636892504,133,46
8,1695,family,0.2448962047793645,0.5737679687259519,0.13068681604968,0.17647602561301493,0.04578920956333494,3.8540963535319794,119,46
8,1695,marriage,0.24113630569062955,0.4913487133984028,-0.02570347547908408,0.04969503484428764,0.07539851032337172,0.65909836454984,161,46
8,1695,love,0.13118222923412712,0.4665910989142107,-0.06635064935311931,0.011505482632583159,0.07785613198570247,0.14777875986117894,87,46
8,1695,wealth,0.18488039993338554,0.4694518518518519,-0.055623570673014974,0.02400761587814595,0.07963118655116093,0.3014850954458679,125,46
8,1695,emotion,0.1808446736676402,0.45551774428779773,-0.07444953180944482,0.008272590535693625,0.08272212234513844,0.10000457315490767,121,46
8,1695,scandal,0.10827067669172932,0.45446880269814505,-0.07755920568545535,1.3888503097136193e-05,0.07757309418855249,0.00017903763208412395,72,46
8,1695,duty,0.12781954887218044,0.453448275862069,-0.07930003104749506,1.1764429072257124e-05,0.07931179547656732,0.00014833139259323155,85,46
8,1695,class,0.14887218045112782,0.45229681978798586,-0.08126346359832173,1.0100806044322337e-05,0.08127356440436606,0.00012428156828391093,99,46
8,1695,society,0.19346034784611582,0.46293278440117785,-0.06712399183495388,0.015274575960672354,0.08239856779562624,0.18537428949460166,131,46
8,1768,female,0.25913552380042293,0.5286754898943264,0.02095861707391322,0.11842607334114025,0.09746745626722703,1.2150319488715888,152,68
8,1768,male,0.23047788827634463,0.5048193792752558,0.022560588421153785,0.12030646155696907,0.09774587313581529,1.2308086029225564,133,68
8,1768,family,0.24291679596246685,0.5541909071320836,0.10062863858632941,0.1848792457269626,0.08425060714063319,2.1943965984264446,119,68
8,1768,marriage,0.23902057372899338,0.5334097407078774,-0.04476842967821963,0.06832834374728264,0.11309677342550227,0.6041582060843397,161,68
8,1768,love,0.13291346287059336,0.54868154158215,-0.02506828260517563,0.08046941449621849,0.10553769710139412,0.7624708204324939,87,68
8,1768,wealth,0.17678971960015238,0.4905333333333333,-0.06680900953703822,0.048007231884289854,0.11481624142132807,0.41812230821687557,125,68
8,1768,emotion,0.1695396520609406,0.48148091881380656,-0.07448034061814926,0.041329895373630195,0.11581023599177945,0.3568760137593281,121,68
8,1768,scandal,0.10485463685639429,0.49182593217163195,-0.05235922245701461,0.05556790089164191,0.10792712334865652,0.5148650234252607,72,68
8,1768,duty,0.11644779823032424,0.44054766734279915,-0.10374237367602519,0.01177619350132938,0.11551856717735458,0.10194199762837741,85,68
8,1768,class,0.1330747571331853,0.4601313488239283,-0.09639741569496264,0.020211712894688996,0.11660912858965164,0.1733287362573545,99,68
8,1768,society,0.18792046264396695,0.5056751579609458,-0.041779475557228926,0.0687088746736691,0.11048835023089802,0.6218653326749811,131,68
8,1802,female,0.4002715484094291,0.5863663178413872,0.17982617511115975,0.2500032894304022,0.07017711431924242,3.562461806131708,152,74
8,1802,male,0.259666232453223,0.6078283113799536,0.21804670977731652,0.28571750800739837,0.06767079823008185,4.222168431229847,133,74
8,1802,family,0.24313704011086743,0.5751685289500416,0.16128267450669156,0.24370178652459626,0.0824191120179047,2.956860132983448,119,74
8,1802,marriage,0.24111987741877683,0.4702134476979198,-0.04847792226374688,0.07453944671494764,0.12301736897869452,0.6059261983342471,161,74
8,1802,love,0.12713371359550696,0.4587062005329516,-0.0883452153782398,0.0344934599204616,0.1228386752987014,0.28080292982893673,87,74
8,1802,wealth,0.18213761890844413,0.4577333333333334,-0.07792007949603838,0.048007231884289854,0.12592731138032823,0.3812297059127722,125,74
8,1802,emotion,0.17647445601015466,0.48740580943121053,-0.07540715708828763,0.049594221583114335,0.12500137867140196,0.39674939676536414,121,74
8,1802,scandal,0.10654093874391862,0.44621275997751547,-0.07805207022752458,0.04167939779450571,0.1197314680220303,0.34810729779483446,72,74
8,1802,duty,0.12532280951943822,0.4857505070993915,-0.04664436030049135,0.070598338862615,0.11724269916310635,0.6021555232517929,85,74
8,1802,class,0.14201302479559552,0.45624085376735557,-0.10699808495054831,0.020211712894688996,0.1272097978452373,0.15888487551186553,99,74
8,1802,society,0.19299688895358116,0.42540812533950884,-0.1385704991949251,7.63347124471382e-06,0.1385781326661698,5.508424091012626e-05,131,74
8,1809,female,0.23409835142092283,0.5058351287575664,0.007070452399071857,0.04605860449204616,0.0389881520929743,1.1813487436139507,152,27
8,1809,male,0.21458169443888706,0.5253971394652044,0.04323771120005585,0.07519435797957924,0.03195664677952339,2.353011518887142,133,27
8,1809,family,0.2389082480984419,0.5580386000554067,0.10407693196146432,0.1260567049293289,0.02197977296786459,5.735123156544626,119,27
8,1809,marriage,0.254424329104636,0.4995070491964902,0.0037995655447430124,0.04348393187662265,0.03968436633187964,1.0957446444242442,161,27
8,1809,love,0.12906351563338858,0.48005409060175797,-0.0334787907782355,0.011505482632583159,0.044984273410818655,0.2557667771412829,87,27
8,1809,wealth,0.1851648755727703,0.47925925925925933,-0.03029023279806249,0.016007743876097984,0.046297976674160475,0.3457547181470323,125,27
8,1809,emotion,0.18195488721804512,0.4650735294117647,-0.04962574437228796,8.26432620948414e-06,0.04963400869849744,0.0001665053141187812,121,27
8,1809,scandal,0.10827067669172932,0.4679595278246206,-0.04551884157201223,1.3888503097136193e-05,0.045532730075109364,0.0003050224107783814,72,27
8,1809,duty,0.1266618102349299,0.4736916835699797,-0.04654152331821138,1.1764429072257124e-05,0.046553287747283636,0.0002527088771016149,85,27
8,1809,class,0.14768407761828817,0.47214191383802695,-0.04769467762230046,1.0100806044322337e-05,0.04770477842834478,0.00021173572914257578,99,27
8,1809,society,0.1947271167741236,0.4736255253452269,-0.04104972415734157,0.007641104715958534,0.048690828873300104,0.15693108728308477,131,27
8,1815,female,0.20582586779983747,0.44567559248999694,-0.04945954163603912,0.04605860449204616,0.09551814612808528,0.4821974290602496,152,56
8,1815,male,0.18192994579357327,0.47439793091751925,-0.06766361873362585,0.03008225440218944,0.09774587313581529,0.30775984127824185,133,56
8,1815,family,0.1857029268843428,0.5478114322652138,-0.030914148491071047,0.058830944017747605,0.08974509250881865,0.6555338277835208,119,56
8,1815,marriage,0.2582439296351747,0.529996056393572,0.020017110040959005,0.09938385858560764,0.07936674854464863,1.252210282098755,161,56
8,1815,love,0.1502208765764122,0.5211689138129897,0.03536515062260294,0.11495138042803614,0.0795862298054332,1.4443626831879937,87,56
8,1815,wealth,0.19903612268083287,0.5108888888888888,0.024375149347464695,0.10400633589862562,0.07963118655116093,1.306100541783315,125,56
8,1815,emotion,0.19219223552189635,0.4916140009722897,0.008193730285396592,0.09091585263053503,0.08272212234513844,1.09905125801912,121,56
8,1815,scandal,0.11877775333514971,0.5252131347198801,0.03017614918495594,0.11112191328018665,0.08094576409523072,1.3727946671561668,72,56
8,1815,duty,0.1455331454146247,0.4698275862068966,0.03834425967507617,0.11765605515164348,0.07931179547656732,1.4834622573249083,85,56
8,1815,class,0.17216385663878792,0.5520309098047613,0.05534734960566148,0.1313205793822347,0.07597322977657323,1.7285112106817344,99,56
8,1815,society,0.21237086716280698,0.5321354032650027,0.03772909083338015,0.11450970214195202,0.07678061130857187,1.491388257906155,131,56
8,1822,female,0.23536787244755183,0.5060916179337231,0.017790927182667518,0.12500493414560335,0.10721400696293583,1.1659384597728162,152,74
8,1822,male,0.32414920673557557,0.6623395895754424,0.17105482922144996,0.2481240883595735,0.07706925913812354,3.2194949209472217,133,74
8,1822,family,0.22343858055503021,0.5544602456367163,0.12034381355998694,0.2100889060688056,0.08974509250881865,2.340951468135381,119,74
8,1822,marriage,0.21318678171441413,0.44674898945085273,-0.05667314434205034,0.06832834374728264,0.12500148808933298,0.5466202426158703,161,74
8,1822,love,0.14229235220799966,0.498230123692479,0.004223389867449828,0.11495138042803614,0.11072799056058631,1.0381420257428116,87,74
8,1822,wealth,0.20614659501387142,0.5336222222222222,0.050152241441752204,0.15200556791091344,0.10185332646916123,1.4923966961004922,125,74
8,1822,emotion,0.17594137558815615,0.468879132231405,-0.055202047597470355,0.06612287400208261,0.12132492159955297,0.5450065256978599,121,74
8,1822,scandal,0.10312911351697843,0.4389404159640247,-0.046902394126573974,0.0694564039887781,0.11635879811535207,0.5969157907537487,72,74
8,1822,duty,0.11493257650328971,0.4597667342799189,-0.07362148241650915,0.047069480718100756,0.1206909631346099,0.3900000422170207,85,74
8,1822,class,0.14575492022061934,0.48972944997679985,-0.012057410921855402,0.10101816124926769,0.11307557217112309,0.8933685614740762,99,74
8,1822,society,0.19673537935155155,0.5356448523315321,-0.043509265124272375,0.07634234591838292,0.11985161104265529,0.6369738817326004,131,74
8,1852,female,0.2511069619235254,0.5110418590335487,0.020715623373064162,0.04605860449204616,0.025342981118981995,1.8174106776937409,152,20
8,1852,male,0.22352999965781922,0.529213070269659,0.04699718036014093,0.06767567405001428,0.02067849368987335,3.272756471612997,133,20
8,1852,family,0.23205845275173004,0.5450026164311879,0.09642796734721144,0.10925026470143359,0.012822297354222148,8.520334669741468,119,20
8,1852,marriage,0.2535783438529434,0.4970053238686779,0.0012979551626052695,0.031061725941292653,0.029763770778687384,1.0436085592518767,161,20
8,1852,love,0.13082706766917293,0.47923875432525953,-0.03459219250379035,1.1493988643939221e-05,0.03460368649243429,0.0003321608131584504,87,20
8,1852,wealth,0.18681399150049036,0.4825481481481481,-0.03703075183632496,7.999872002047968e-06,0.03703875170832701,0.00021598654470942819,125,20
8,1852,emotion,0.18195488721804512,0.47794117647058826,-0.03675814462081645,8.26432620948414e-06,0.03676640894702594,0.00022477926036145745,121,20
8,1852,scandal,0.10827067669172932,0.4797639123102867,-0.033714496898638445,1.3888503097136193e-05,0.03372838540173558,0.0004117749169223425,72,20
8,1852,duty,0.12781954887218044,0.4793103448275862,-0.03447259941794897,1.1764429072257124e-05,0.03448436384702122,0.00034115256190037535,85,20
8,1852,class,0.14887218045112782,0.4787985865724382,-0.03532723015745051,1.0100806044322337e-05,0.03533733096349483,0.00028583952915037973,99,20
8,1852,society,0.19699248120300752,0.47752808988764045,-0.037447282427946676,7.63347124471382e-06,0.03745491589919139,0.0002038042553627737,131,20
8,1919,female,0.2675709088737196,0.5391017749050991,0.03387334498199035,0.05921632610097235,0.025342981118981995,2.336596701888496,152,22
8,1919,male,0.21678767975330926,0.5030668777206174,0.01504266766340433,0.04511962226131938,0.03007695459791505,1.5001393213841856,133,22
8,1919,family,0.2893695204604266,0.5598085388001355,0.10299969233843062,0.11765348481538125,0.014653792476950634,8.028876141955257,119,22
8,1919,marriage,0.24420699958483982,0.5034876269348318,-0.0026702830586716325,0.031061725941292653,0.033732008999964286,0.9208383034762235,161,22
8,1919,love,0.1266218089055607,0.4776876267748479,-0.038052388143251806,1.1493988643939221e-05,0.038063882131895745,0.0003019657481023417,87,22
8,1919,wealth,0.20127969347177727,0.5171703703703704,0.03807929413905893,0.06400697588838579,0.025927681749326855,2.468673308502751,125,22
8,1919,emotion,0.187339195501312,0.494211837627613,0.010078172034377761,0.041329895373630195,0.031251723339252434,1.3224837210944143,121,22
8,1919,scandal,0.10545376810227282,0.49234120292299044,-0.021512328754841367,0.013902391600233327,0.035414720355074696,0.39255968875238195,72,22
8,1919,duty,0.1281443200762086,0.48079107505070995,-0.010943741273434716,0.023540622573586505,0.03448436384702122,0.6826462763626511,85,22
8,1919,class,0.150442734653261,0.48085091194631824,-0.015125618068805836,0.020211712894688996,0.03533733096349483,0.5719648978299099,99,22
8,1919,society,0.18995091374411033,0.48704863195814385,-0.041192586752649585,7.63347124471382e-06,0.0412002202238943,0.00018527743791285533,131,22
8,1954,female,0.2095649784718303,0.4475351390171335,-0.0684651936623906,0.03290088288311996,0.10136607654551055,0.3245748874183149,152,57
8,1954,male,0.18759505814556482,0.48113234213352923,-0.06954331091523419,0.03008225440218944,0.09962556531742363,0.3019531613802182,133,57
8,1954,family,0.16922069397088754,0.45812171022255055,-0.063449789323828,0.03362128367590461,0.09707107299973261,0.3463573919250987,119,57
8,1954,marriage,0.26152575625478147,0.5116336389628315,0.03442343508692744,0.11180606452093762,0.07738262943401018,1.4448470585357656,161,57
8,1954,love,0.13931689291669683,0.5195879568866086,0.020410966339202266,0.10345739178409692,0.08304642544489466,1.245777783072676,87,57
8,1954,wealth,0.1830458639275394,0.45348148148148143,-0.046438714612204605,0.048007231884289854,0.09444594649649446,0.5083037829004491,125,57
8,1954,emotion,0.17302670793660802,0.4461594555177443,-0.02395216248675383,0.06612287400208261,0.09007503648883644,0.7340865635901633,121,57
8,1954,scandal,0.11852051230565566,0.529276747236275,0.02848981423161684,0.11112191328018665,0.08263209904856982,1.344779021207318,72,57
8,1954,duty,0.20940964069282628,0.5675456389452332,0.10406293297936889,0.17647820051292912,0.07241526753356023,2.437030291004653,85,57
8,1954,class,0.1697752586457782,0.4740157761359174,0.01797781863563734,0.10101816124926769,0.08304034261363034,1.216494995909012,99,57
8,1954,society,0.18513922536389116,0.46427652457329105,-0.04019254858549349,0.05344193218424146,0.09363448076973495,0.5707505583877227,131,57
8,1980,female,0.22299472455767455,0.4849376731301939,-0.045316953014661224,0.01316430046973066,0.058481253484391885,0.225102912218169,152,32
8,1980,male,0.44496821839996553,0.6514076544745322,0.24060352473782692,0.24060540443000852,1.87969218160834e-06,128002.48826999361,133,32
8,1980,family,0.23599074645374993,0.5513667005263643,0.06421531063779343,0.10084704458748592,0.0366317339496925,2.7529967520300653,119,32
8,1980,marriage,0.23768622416416188,0.4755126688356502,-0.03890191832166302,0.018639520005962657,0.057541438327625684,0.32393211826771245,161,32
8,1980,love,0.13021870245100736,0.48076999562502487,-0.042129279876889136,0.011505482632583159,0.05363476250947229,0.21451540184104834,87,32
8,1980,wealth,0.18376403277951264,0.48214814814814816,-0.03954945776389595,0.016007743876097984,0.05555720163999393,0.2881308525857495,125,32
8,1980,emotion,0.1783208372508068,0.4831824258629072,-0.03861177756109317,0.016536916745177765,0.05514869430627094,0.299860530750544,121,32
8,1980,scandal,0.10797948396632608,0.485396758478546,-0.02280084023775718,0.027790894697369516,0.0505917349351267,0.5493168940036589,72,32
8,1980,duty,0.12515095168142465,0.4937931034482758,-0.02818506113095245,0.023540622573586505,0.051725683704538956,0.4551051022853024,85,32
8,1980,class,0.1470380113123335,0.47202591283863365,-0.04466098441503524,0.010110906850366658,0.0547718912654019,0.1846002870557964,99,32
8,1980,society,0.19456278259261386,0.4669282671469823,-0.05041298496909884,0.007641104715958534,0.05805408968505737,0.13162043806525606,131,32
8,1982,female,0.20662595760903174,0.43646763106596903,-0.08308526336651512,0.05921632610097235,0.14230158946748747,0.4161325697214769,152,82
8,1982,male,0.17653614667326076,0.40331561987675957,-0.07894211101074947,0.06015699012044931,0.13909910113119878,0.43247576462249415,133,82
8,1982,family,0.17418145813223546,0.4820004925046942,-0.006890015025278695,0.11765348481538125,0.12454349984065995,0.9446778432030704,119,82
8,1982,marriage,0.2364408289534228,0.47583924874297545,-0.03976520891394415,0.09317275561794262,0.13293796453188678,0.700873944815765,161,82
8,1982,love,0.12121787809679557,0.453754524122022,-0.06251373854507579,0.06897542585227927,0.13148916439735506,0.5245711779208946,87,82
8,1982,wealth,0.20726699879715288,0.561037037037037,-0.01392110347965464,0.11200620790067359,0.12592731138032823,0.8894512768679759,125,82
8,1982,emotion,0.18477755366142956,0.5107559552746718,-0.04970276639404908,0.08265152642105089,0.13235429281509997,0.6244718222769795,121,82
8,1982,scandal,0.12818915471430314,0.5641863406408094,0.0019062784486143375,0.12501041637732285,0.12310413792870852,1.015485088313626,72,82
8,1982,duty,0.14255732504853896,0.5574543610547666,0.06095963333557454,0.17647820051292912,0.11551856717735458,1.5277042022210687,85,82
8,1982,class,0.13916998018966686,0.48386693793054214,-0.026191636595969625,0.10101816124926769,0.1272097978452373,0.7941067666137767,99,82
8,1982,society,0.20545799801302478,0.5288403808216828,0.036570751647568775,0.15267705836552115,0.11610630671795237,1.3149764442606218,131,82
8,2182,female,0.21637664883481555,0.48532881912383297,-0.029235509857583726,0.05263746529650925,0.08187297515409298,0.6429162394159667,152,50
8,2182,male,0.2359094760808895,0.53205381875742,0.04699667157893059,0.11278777762740409,0.0657911060484735,1.7143316840210907,133,50
8,2182,family,0.21105730940969966,0.4998999599839936,0.05171782890203294,0.11765348481538125,0.06593565591334831,1.7843681568621292,119,50
8,2182,marriage,0.24812549412647963,0.5112454402050676,-0.017249507765030994,0.06211724077961764,0.07936674854464863,0.7826607731560307,161,50
8,2182,love,0.14487804729353781,0.5248776995585253,0.0192975646136474,0.09196340314015769,0.07266583852651029,1.265565842267706,87,50
8,2182,wealth,0.20125607524230188,0.559437037037037,0.0059310683208208675,0.08000671989248172,0.07407565157166085,1.0800677171769872,125,50
8,2182,emotion,0.2201437941868921,0.5833434613514827,0.03942821099176087,0.10744450504950331,0.06801629405774244,1.5796877283068171,121,50
8,2182,scandal,0.10891351215303777,0.5332818062581974,-0.03758003134738589,0.04167939779450571,0.0792594291418916,0.5258604338338682,72,50
8,2182,duty,0.1418678881582683,0.5206795131845842,0.008223368415560123,0.08236276793487213,0.074139399519312,1.1109176560339844,85,50
8,2182,class,0.24773632969693998,0.6386033479673057,0.10155077162200701,0.16162299751520173,0.060072225893194726,2.6904779223574717,99,50
8,2182,society,0.28223728719469743,0.6454098407524944,0.010940510179227758,0.08397581716309674,0.07303530698386898,1.1497975517580057,131,50
8,2232,female,0.2930435533966092,0.5754783523135324,0.10672728855390519,0.2236878462125498,0.11696055765864462,1.9125066662513848,152,94
8,2232,male,0.23423668322052016,0.5743894510712871,0.08646910503341664,0.2105306687117487,0.12406156367833206,1.6969854519641354,133,94
8,2232,family,0.24821846869666325,0.604688029057777,0.1348874872887979,0.2521050066385439,0.11721751934974599,2.1507451107558304,119,94
8,2232,marriage,0.2925291263642322,0.5446366952578132,0.03476802669803583,0.1677059912299226,0.13293796453188678,1.2615357232164839,161,94
8,2232,love,0.1262433319969008,0.4630314600485225,-0.08327491238184452,0.06897542585227927,0.1522503382341238,0.4530395574278389,87,94
8,2232,wealth,0.1894323506287068,0.4948074074074074,-0.036143243397654956,0.11200620790067359,0.14814945129832854,0.7560352530389779,125,94
8,2232,emotion,0.1730296275356232,0.45863970588235287,-0.07176150882514307,0.08265152642105089,0.15441303524619396,0.5352626239665401,121,94
8,2232,scandal,0.10351330495418028,0.4554173693086003,-0.06505425514288092,0.08334490708591429,0.1483991622287952,0.561626533691984,72,94
8,2232,duty,0.12271186101569573,0.4258215010141988,-0.12159268318955352,0.035305051645843626,0.15689773483539715,0.22501951148407245,85,94
8,2232,class,0.13951102743386196,0.44479244744262414,-0.09486331212148741,0.06061493707197835,0.15547824919346576,0.3898612017180853,99,94
8,2232,society,0.18836021782687676,0.49515395831546444,-0.07145618496423614,0.08397581716309674,0.15543200212733288,0.5402736631659796,131,94
8,2278,female,0.2139160567849264,0.440597106802093,-0.05579443409740783,0.006585439665267561,0.06237987376267539,0.1055699421614147,152,33
8,2278,male,0.1882854215776841,0.43425292554695,-0.04322745077898065,0.0150448865430595,0.05827233732204015,0.25818230800759284,133,33
8,2278,family,0.17671567486107098,0.4799919967987195,-0.019493906378344278,0.03362128367590461,0.05311519005424889,0.6329881083157703,119,33
8,2278,marriage,0.24500600222024038,0.5109065365276545,9.007295921575204e-05,0.04969503484428764,0.04960496188507189,1.0018158054112132,161,33
8,2278,love,0.2039543006747367,0.5774569462673508,0.10160557340374957,0.1379393577159146,0.03633378431216502,3.7964489613027808,87,33
8,2278,wealth,0.19860461138047325,0.5442666666666668,-0.011846151771418657,0.04000735988224189,0.05185351165366055,0.7715458144606888,125,33
8,2278,emotion,0.1876041026563213,0.5046639523578026,0.010062767630025539,0.057858547792598476,0.04779578016257294,1.2105367376489604,121,33
8,2278,scandal,0.1167728273528997,0.5509415401911186,-0.008912337140620986,0.04167939779450571,0.0505917349351267,0.8238380804122841,72,33
8,2278,duty,0.1247457523906591,0.4886815415821501,-0.01642063205869533,0.035305051645843626,0.051725683704538956,0.6825439340120901,85,33
8,2278,class,0.14148091924528142,0.4863118820715993,-0.04642776262429951,0.010110906850366658,0.05653866947466617,0.17883170835348927,99,33
8,2278,society,0.1873475624168638,0.4697372559110273,-0.042779513724385015,0.015274575960672354,0.05805408968505737,0.263109387181396,131,33
8,2318,female,0.2752102754051212,0.5585180055401663,0.09040285169597867,0.11184721253667715,0.02144436084069848,5.21569345723705,152,28
8,2318,male,0.2765739885912097,0.575004239923116,0.07895152346314074,0.10526909369783911,0.026317570234698367,3.999954887744434,133,28
8,2318,family,0.2704801290905699,0.5533675008464923,0.11248015207541202,0.1344599250432766,0.02197977296786459,6.1174392125772,119,28
8,2318,marriage,0.2417981672510423,0.48848343685300216,-0.006379775644198886,0.03727282890895765,0.04365260455315654,0.8538512029154189,161,28
8,2318,love,0.129671618963815,0.46748598019329435,-0.04843297506163617,1.1493988643939221e-05,0.04844446905028011,0.0002372611129615735,87,28
8,2318,wealth,0.1846800593501492,0.4724592592592593,-0.04199379478644384,0.008007871874050014,0.050001666660493854,0.1601520990942659,125,28
8,2318,emotion,0.17881092857169412,0.4732620320855615,-0.041361418162803816,0.008272590535693625,0.04963400869849744,0.1666718194329,121,28
8,2318,scandal,0.10767550097865133,0.4854670226719131,-0.016055500424400734,0.027790894697369516,0.04384639512177025,0.6338239351160978,72,28
8,2318,duty,0.12542463073422827,0.48089249492900615,-0.03477709424595426,0.01177619350132938,0.046553287747283636,0.2529615859787165,85,28
8,2318,class,0.14887218045112782,0.46024734982332155,-0.04946145583156474,1.0100806044322337e-05,0.04947155663760906,0.00020417400887764607,99,28
8,2318,society,0.19568445482467178,0.4623895702890471,-0.052428499726758296,7.63347124471382e-06,0.05243613319800301,0.00014557654767836616,131,28
8,2334,female,0.281099103765746,0.521968297937827,0.045081756451774785,0.07237404770989854,0.02729229125812375,2.651812814935575,152,25
8,2334,male,0.1935283171720056,0.47327435129176326,-0.01879153721494062,0.02256357047262447,0.04135510768756509,0.5456054096762374,133,25
8,2334,family,0.17484720895668007,0.4645858343337335,-0.02531137586986868,0.01681484344800928,0.04212621931787796,0.39915386948750153,119,25
8,2334,marriage,0.23690990943359078,0.496857438627625,-0.04140352870380078,0.006217314070632662,0.04762084277443344,0.13055867364531482,161,25
8,2334,love,0.1667224717301901,0.5514855029232788,0.022877750715905754,0.05748143720834004,0.03460368649243429,1.6611362266054106,87,25
8,2334,wealth,0.1851953873258101,0.4826666666666667,-0.016734825816514445,0.02400761587814595,0.040742441694660396,0.5892532425395378,125,25
8,2334,emotion,0.1826903796326452,0.4950929752066116,-0.00553906831880438,0.033065569164146054,0.038604637482950434,0.8565180589480421,121,25
8,2334,scandal,0.10569296958740083,0.4771172943601274,-0.0109964955643834,0.027790894697369516,0.038787390261752916,0.7164930279946365,72,25
8,2334,duty,0.1388570021251395,0.5189452332657201,0.01086098488532776,0.047069480718100756,0.036208495832773,1.2999568094236413,85,25
8,2334,class,0.14305338196237544,0.48115429917550057,-0.03229353695018529,0.010110906850366658,0.042404443800551944,0.23843979413300578,99,25
8,2334,society,0.19210866868907456,0.4610315350087201,-0.018292173018508127,0.022908047205386174,0.0412002202238943,0.5560175911764789,131,25
8,2349,female,0.22515150273303544,0.47699292089873807,-0.020950819935950583,0.03947974368758306,0.06043056362353364,0.6533075536557638,152,37
8,2349,male,0.19401148178881547,0.48425575216236083,-0.031949467283067384,0.03008225440218944,0.06203172168525682,0.48494953202071434,133,37
8,2349,family,0.1775353516048401,0.47774494413149876,-0.016585171632582073,0.04202450378985228,0.05860967542243435,0.7170233154549992,119,37
8,2349,marriage,0.2320023827473643,0.4673296854973873,-0.05701773595315871,0.012428417038297659,0.06944615299145637,0.17896480226410386,161,37
8,2349,love,0.13269205969593523,0.5144771904705087,-0.011107509584532917,0.045987448564400825,0.05709495814893374,0.8054555087620148,87,37
8,2349,wealth,0.207022543485234,0.5419259259259259,0.020153336236773206,0.07200684789043375,0.05185351165366055,1.3886590433834551,125,37
8,2349,emotion,0.18867217391879362,0.5063958434613515,-0.007392701259081105,0.049594221583114335,0.05698692284219544,0.8702737243696633,121,37
8,2349,scandal,0.1072525724730281,0.5146149522203485,-0.015657676953977434,0.04167939779450571,0.057337074748483145,0.7269188038736041,72,37
8,2349,duty,0.1360385650021131,0.504949290060852,0.017148523172324272,0.070598338862615,0.05344981569029073,1.320834093617249,85,37
8,2349,class,0.2814262663170995,0.650480065674412,0.13638647259602923,0.17172380355952407,0.03533733096349483,4.859557835085607,99,37
8,2349,society,0.19201126972357757,0.4988278011264546,-0.03125787555966027,0.0305415184501,0.06179939400976026,0.4942041736652342,131,37
8,2373,female,0.3199629842939974,0.6107776751821073,0.14205835208042855,0.2434244286259391,0.10136607654551055,2.401438794114191,152,89
8,2373,male,0.2820660287459107,0.6068177963706259,0.06767243760793841,0.18797461692305378,0.12030217931511537,1.5625204629844405,133,89
8,2373,family,0.20448127253266718,0.534967833287161,0.06216724100903115,0.1848792457269626,0.12271200471793145,1.5066109151294818,119,89
8,2373,marriage,0.25526793135718717,0.5393128265799073,0.011907733938014281,0.1428615793592626,0.13095384542124833,1.0909307695289048,161,89
8,2373,love,0.15002646506316047,0.47675297299447167,-0.008503990964841168,0.12644536907197534,0.1349493600368165,0.9369838362815642,87,89
8,2373,wealth,0.18658926520885066,0.44925925925925925,-0.017032301436606834,0.12000607990272155,0.13703838133932839,0.8757114519960074,125,89
8,2373,emotion,0.2671794100771208,0.5599173553719009,0.15968583825346955,0.264466703029702,0.10478086477623244,2.523998094422745,121,89
8,2373,scandal,0.10098024870984917,0.47224564362001126,-0.009898066224759444,0.12501041637732285,0.1349084826020823,0.9266312537597743,72,89
8,2373,duty,0.115478894325883,0.40190669371196763,-0.11297202326079464,0.035305051645843626,0.14827707490663827,0.23810188910076036,85,89
8,2373,class,0.153284105166929,0.4673947960167042,-0.002956331300059706,0.1313205793822347,0.13427691068229441,0.9779833235214018,99,89
8,2373,society,0.1799668232093266,0.41530148383223264,-0.08110517096660944,0.0687088746736691,0.14981404564027853,0.4586277233190051,131,89
8,2400,female,0.22723096811838045,0.4929914332615164,-0.020219889548912753,0.04605860449204616,0.06627849404095891,0.6949253322335273,152,41
8,2400,male,0.20008555648316875,0.4905944372208717,0.01692202065753909,0.07519435797957924,0.05827233732204015,1.2903954334752303,133,41
8,2400,family,0.17556492459550707,0.4867562409579217,-0.03414586736017218,0.03362128367590461,0.06776715103607679,0.4961295135088344,119,41
8,2400,marriage,0.2470051329216858,0.5022737355811889,0.016998008387321954,0.07453944671494764,0.057541438327625684,1.2954046488939746,161,41
8,2400,love,0.1802314501525158,0.5661516127749274,0.1274370502369136,0.17242132364773224,0.044984273410818655,3.832924499396988,87,41
8,2400,wealth,0.2104073141557467,0.5349111111111111,0.07185625823539439,0.12000607990272155,0.04814982166732716,2.492347338882488,125,41
8,2400,emotion,0.22228676465833463,0.5890404715605251,0.04586971306967273,0.09918017884001917,0.05331046577034644,1.8604260421473753,121,41
8,2400,scandal,0.1078991352648225,0.49346543001686344,-0.00682817871685857,0.05556790089164191,0.06239607960850048,0.8905671836982062,72,41
8,2400,duty,0.12341364230174431,0.5003853955375254,-0.04370224900271841,0.023540622573586505,0.06724287157630492,0.3500835407738845,85,41
8,2400,class,0.17702494740670216,0.5314987329121605,0.06998143849103902,0.12121977333791237,0.05123833484687334,2.3658023567279067,99,41
8,2400,society,0.23123655439052887,0.5188909855047603,-0.0007239905808049882,0.061075403428955274,0.06179939400976026,0.9882848271670928,131,41
8,2459,female,0.27684500478734786,0.5730865907458705,0.06091971858688057,0.09211063012328784,0.03119091153640727,2.953124021810633,152,30
8,2459,male,0.2526466291919398,0.548165526598451,0.06579376298875075,0.09775040976827415,0.03195664677952339,3.0588443912660472,133,30
8,2459,family,0.29741836057721854,0.5990088343029518,0.11905187706663119,0.14286314515722426,0.023811268090593075,5.999812551254431,119,30
8,2459,marriage,0.24155844129925297,0.49473158828748887,0.0060424302911311,0.04969503484428764,0.04365260455315654,1.138420842280664,161,30
8,2459,love,0.12956786684245464,0.4586564849063358,-0.05189317070109763,1.1493988643939221e-05,0.051904664689741566,0.00022144423266045004,87,30
8,2459,wealth,0.18358835526722986,0.4829185185185185,-0.025994050782347903,0.02400761587814595,0.050001666660493854,0.4801363130688232,125,30
8,2459,emotion,0.18061641707574724,0.4541656538648517,-0.05514042998006145,8.26432620948414e-06,0.05514869430627094,0.00014985533770641877,121,30
8,2459,scandal,0.10605165511180549,0.46807663481356565,-0.05057784643202956,1.3888503097136193e-05,0.0505917349351267,0.0002745211864086252,72,30
8,2459,duty,0.12781954887218044,0.4525862068965517,-0.0517139192754667,1.1764429072257124e-05,0.051725683704538956,0.0002274388317267878,85,30
8,2459,class,0.14667687737863175,0.4629599885783631,-0.052995012250093294,1.0100806044322337e-05,0.053005113056137615,0.00019056286199095604,99,30
8,2459,society,0.19477659373199752,0.4579938245132516,-0.03716155723733066,0.015274575960672354,0.05243613319800301,0.29129867190441067,131,30
8,2465,female,0.2454170382255531,0.49747358161485583,-0.005844275509005292,0.10526835173221405,0.11111262724121934,0.9474022381158794,152,73
8,2465,male,0.1971481534740427,0.45046356492735595,-0.04322812915392778,0.07519435797957924,0.11842248713350702,0.6349668867718656,133,73
8,2465,family,0.17174606991512947,0.4799612152553328,-0.021110704630750737,0.09244382447353826,0.113554529104289,0.814091918674801,119,73
8,2465,marriage,0.24253577424726014,0.5151828847481021,0.01906797347331915,0.12422827045626762,0.10516029698294847,1.1813229328862551,161,73
8,2465,love,0.12822114904033727,0.4937756035477071,-0.00727059877648939,0.10345739178409692,0.11072799056058631,0.9343382035507496,87,73
8,2465,wealth,0.17733208732606515,0.47325925925925927,-0.026809649526798388,0.08800659189452968,0.11481624142132807,0.7664995021986082,125,73
8,2465,emotion,0.18648700395794499,0.5249756927564414,-0.012953600079911268,0.09918017884001917,0.11213377891993044,0.8844808388198054,121,73
8,2465,scandal,0.11453626951476992,0.5078461682593217,0.0015084549781910345,0.11112191328018665,0.10961345830199562,1.013761585489086,72,73
8,2465,duty,0.1329720935408727,0.4766937119675456,-0.044920228314739574,0.070598338862615,0.11551856717735458,0.6111427849829101,85,73
8,2465,class,0.15142071931551254,0.4341828175750437,-0.057760969726937575,0.06061493707197835,0.11837590679891592,0.5120546799648372,99,73
8,2465,society,0.1833868349699771,0.41984732824427484,-0.0891672299972473,0.03817498969481382,0.1273422196920611,0.29978266270863485,131,73
8,2514,female,0.28051836237869776,0.5268351800554018,0.06140716795194667,0.07895290851436164,0.017545740562414962,4.499833348669718,152,21
8,2514,male,0.1973390523460764,0.45108542031771154,-0.011272768488507261,0.02256357047262447,0.03383633896113173,0.6668443207723126,133,21
8,2514,family,0.17638138110859417,0.4679564133345646,-0.007750680142278577,0.02521806356195694,0.03296874370423552,0.7649082351279358,119,21
8,2514,marriage,0.2647036679941991,0.5369651483781919,0.01570428020857372,0.04348393187662265,0.027779651668048935,1.565315951210103,161,21
8,2514,love,0.12763118745848562,0.4897685240424771,-0.023098203859851132,0.011505482632583159,0.03460368649243429,0.3324929739716088,87,21
8,2514,wealth,0.18340167083043907,0.4826666666666667,-0.00932744584384768,0.02400761587814595,0.03333506172199363,0.7201911332171359,125,21
8,2514,emotion,0.188013200277659,0.48103275401069523,-0.008288708920515031,0.024801242954661906,0.03308995187517694,0.7495097922012248,121,21
8,2514,scandal,0.10740347803043154,0.4960534944725501,-0.004251155751026952,0.027790894697369516,0.03204205044839647,0.8673257268993837,72,21
8,2514,duty,0.12944649128914876,0.47109533468559833,-0.00921960928768294,0.023540622573586505,0.032760231861269445,0.7185731368616676,85,21
8,2514,class,0.15103114288656444,0.5200057108184316,-0.01335883985954156,0.020211712894688996,0.033570552754230557,0.6020667291973575,99,21
8,2514,society,0.19281454734496423,0.5098850673299598,-0.020307687776167586,0.015274575960672354,0.03558226373683994,0.4292749914173846,131,21
8,2658,female,0.3152484519125749,0.5951959577305838,0.07212813005666502,0.10526835173221405,0.03314022167554903,3.1764528541673864,152,33
8,2658,male,0.2271909628444059,0.5141330770535361,0.022561181999232502,0.06767567405001428,0.045114492050781774,1.5000872440797317,133,33
8,2658,family,0.20126011932846302,0.5424477483301012,0.011210239331684177,0.058830944017747605,0.04762070468606343,1.2354068341565205,119,33
8,2658,marriage,0.24972711187904933,0.5301562654047126,-0.02449559327569458,0.031061725941292653,0.055557319216987235,0.5590933180094138,161,33
8,2658,love,0.12371901208378734,0.44946903710774366,-0.017411204769279966,0.0344934599204616,0.051904664689741566,0.6645541422140105,87,33
8,2658,wealth,0.19705105956163377,0.5273925925925925,-0.001994434776204,0.048007231884289854,0.050001666660493854,0.960112634030659,125,33
8,2658,emotion,0.16967885233397464,0.4621414681575109,-0.040450006097017675,0.016536916745177765,0.05698692284219544,0.2901879224235454,121,33
8,2658,scandal,0.13692989974195308,0.5782977328086941,0.022237338960329624,0.0694564039887781,0.04721906502844848,1.4709398406228749,72,33
8,2658,duty,0.12661342878057805,0.526369168356998,-0.0029320710006864245,0.047069480718100756,0.05000155171878718,0.9413603998108301,85,33
8,2658,class,0.19417922021244544,0.5646036335082272,0.04851291140439341,0.09091735520494536,0.042404443800551944,2.1440525344567285,99,33
8,2658,society,0.20430181202529324,0.5331074706235526,-0.02376726691025446,0.0305415184501,0.05430878536035446,0.5623679161094443,131,33
8,2698,female,0.22488731782026766,0.4590386785677644,-0.021925231344960126,0.01316430046973066,0.03508953181469079,0.37516318367759055,152,20
8,2698,male,0.19695407297593306,0.47945050596415856,-0.01879145241807223,0.0150448865430595,0.03383633896113173,0.4446369496385863,133,20
8,2698,family,0.19719735424382334,0.4981223258534183,0.024784960690478374,0.05042772390379994,0.025642763213321564,1.9665479684200295,119,20
8,2698,marriage,0.2383657669635715,0.5043379670708863,-0.00689726691569818,0.024850622973627657,0.03174788988932584,0.7827488081719755,161,20
8,2698,love,0.14007755387061271,0.49942329873125724,0.0315282398145594,0.05748143720834004,0.025953197393780644,2.2148113904416236,87,20
8,2698,wealth,0.1891724078505897,0.4857481481481482,-0.017327317845895647,0.016007743876097984,0.03333506172199363,0.48020741671692396,125,20
8,2698,emotion,0.18392182057567083,0.5081429265921245,-0.006450480384590528,0.024801242954661906,0.031251723339252434,0.7935960101988275,121,20
8,2698,scandal,0.10565255283196177,0.4776559865092749,-0.01813965884816314,0.013902391600233327,0.03204205044839647,0.4338795865198816,72,20
8,2698,duty,0.12942063018325595,0.4985598377281947,-0.007495477301931171,0.023540622573586505,0.031036099875517677,0.7584916489909111,85,20
8,2698,class,0.1451194437509198,0.4597030374415534,-0.03532723015745051,1.0100806044322337e-05,0.03533733096349483,0.00028583952915037973,99,20
8,2698,society,0.2021631757059083,0.5086628355776652,-0.01843503561381614,0.015274575960672354,0.03370961157448849,0.45312227720176596,131,20
8,2749,female,0.2140889178025128,0.47347901918539037,-0.03142830101869719,0.03290088288311996,0.06432918390181715,0.5114456749960283,152,38
8,2749,male,0.1992927827566917,0.46671660353892247,-0.005634031131155806,0.052638306190884346,0.05827233732204015,0.9033155114248664,133,38
8,2749,family,0.16776428933295098,0.4725120817557793,-0.02865138199198672,0.03362128367590461,0.06227266566789133,0.5399043595575566,119,38
8,2749,marriage,0.27305631478860853,0.5478655230208025,0.031145587797540737,0.08075054968261262,0.04960496188507189,1.6278724267155584,161,38
8,2749,love,0.14024112381583193,0.5533746967346775,-0.026061693867933597,0.0344934599204616,0.0605551537883952,0.5696205485733952,87,38
8,2749,wealth,0.2140038378559254,0.5626666666666666,-0.0014019427468228013,0.056007103886337825,0.057409046633160626,0.9755797591143311,125,38
8,2749,emotion,0.19133428917866485,0.4918418813806515,-0.01933348454041424,0.041329895373630195,0.060663379914044434,0.6812989225379518,121,38
8,2749,scandal,0.1186140248429538,0.550215476859659,0.01380566419363407,0.0694564039887781,0.05565073979514403,1.248076921227032,72,38
8,2749,duty,0.1320253136291793,0.5250101419878297,-0.011552730929445289,0.047069480718100756,0.058622211647546045,0.8029291184081108,85,38
8,2749,class,0.1903466286190806,0.5844308812506693,0.0278114361044854,0.08081654916062302,0.053005113056137615,1.5246934587896392,99,38
8,2749,society,0.19134452328059062,0.5032021042399292,-0.014118280907881177,0.04580846093952764,0.059926741847408815,0.7644076672048199,131,38
8,2769,female,0.22648420003518163,0.4768262029342362,-0.03922554157526423,0.03290088288311996,0.07212642445838419,0.45615574499533235,152,42
8,2769,male,0.19598833642225572,0.47220023743569456,-0.050746304302282386,0.02256357047262447,0.07330987477490686,0.3077835085873034,133,42
8,2769,family,0.1781122534921241,0.47577492535475735,-0.056446792956252975,0.01681484344800928,0.07326163640426225,0.22951771586146957,119,42
8,2769,marriage,0.28729811611290024,0.5377477077787637,0.06418522174650418,0.11180606452093762,0.04762084277443344,2.3478388454438686,161,42
8,2769,love,0.1285725790656791,0.46583542138965117,-0.059430258074196406,0.011505482632583159,0.07093574070677956,0.16219584821113098,87,42
8,2769,wealth,0.18422295948738,0.48400000000000004,-0.038364473705133545,0.03200748788019392,0.07037196158532746,0.45483296413344027,125,42
8,2769,emotion,0.182968879750089,0.4761637092853671,-0.03678895342952088,0.033065569164146054,0.06985452259366694,0.4733490107148832,121,42
8,2769,scandal,0.10624626035810246,0.4774920367247517,-0.024089351720672995,0.04167939779450571,0.0657687495151787,0.6337264749765819,72,42
8,2769,duty,0.12505106296464485,0.4798782961460446,-0.03193781993046129,0.035305051645843626,0.06724287157630492,0.5250378340142065,85,42
8,2769,class,0.1453333900822804,0.48693650283756285,-0.026726013746918166,0.04041332498333367,0.06713933873025184,0.6019321272302341,99,42
8,2769,society,0.19341097139354751,0.48243131200503186,-0.040621136371417524,0.0305415184501,0.07116265482151753,0.4291790198984531,131,42
8,2832,female,0.22580951807436211,0.47559505488868364,-0.027773161762385402,0.01316430046973066,0.04093746223211606,0.32157099516250653,152,23
8,2832,male,0.39857803062371805,0.624667872689242,0.16353699326056892,0.16541856513435887,0.001881571873789948,87.9150923494887,133,23
8,2832,family,0.1773813089829233,0.5052174716040261,-0.02164838562441171,0.01681484344800928,0.03846322907242099,0.4371667135879847,119,23
8,2832,marriage,0.237632961451487,0.48220447599329586,-0.02924006840422043,0.012428417038297659,0.04166848544251809,0.2982689892855468,161,23
8,2832,love,0.14643760017896484,0.5265282583621684,0.013113859891697263,0.045987448564400825,0.03287358867270356,1.3989178066581875,87,23
8,2832,wealth,0.1846855124125073,0.48891851851851853,-0.02288285282539572,0.016007743876097984,0.0388905967014937,0.41160962374926874,125,23
8,2832,emotion,0.17870870239291292,0.4847320126397666,-0.03217027548318131,0.008272590535693625,0.04044286601887494,0.2045500566559305,121,23
8,2832,scandal,0.10669941274410899,0.49077196927112615,-0.023198663708180474,0.013902391600233327,0.0371010553084138,0.37471687757371736,72,23
8,2832,duty,0.12836503022261533,0.4943002028397566,0.0008206877988224046,0.035305051645843626,0.03448436384702122,1.0237988382630263,85,23
8,2832,class,0.15636023724373768,0.5251454474069315,0.03057794073627635,0.06061493707197835,0.030036996335701997,2.0180092707177044,99,23
8,2832,society,0.19492797946937337,0.5017297080938903,-0.00504074528673994,0.0305415184501,0.03558226373683994,0.8583354526041759,131,23
8,2854,female,0.23752282610116515,0.5102980404226941,0.021446066438979325,0.10526835173221405,0.08382228529323472,1.2558516075134303,152,59
8,2854,male,0.2493547533429848,0.5165780993837978,0.030079441944455526,0.11278777762740409,0.08270833568294857,1.3636808998115666,133,59
8,2854,family,0.26674920722273815,0.5558992827900392,0.10687737945420965,0.17647602561301493,0.06959864615880527,2.5356244029202633,119,59
8,2854,marriage,0.24915695062199236,0.4818470866607512,-0.043301801839080487,0.05590613781195264,0.09920793965103313,0.563524834887617,161,59
8,2854,love,0.12894060996325651,0.4613411287435867,-0.07561783454594882,0.02299947127652238,0.0986173058224712,0.23321942416164076,87,59
8,2854,wealth,0.18424162063481606,0.46398518518518517,-0.06984583858896731,0.03200748788019392,0.10185332646916123,0.3142507858059086,125,59
8,2854,emotion,0.17886348101659108,0.459862664073894,-0.07814139328564604,0.024801242954661906,0.10294263624030794,0.24092294369191483,121,59
8,2854,scandal,0.10555331781835542,0.4717772156642309,-0.0527570459274379,0.04167939779450571,0.09443644372194361,0.44134865896458547,72,59
8,2854,duty,0.12661744859887275,0.45484787018255574,-0.08822518580425923,0.01177619350132938,0.10000137930558861,0.11776031073756901,85,59
8,2854,class,0.14643584972532342,0.4580968697576471,-0.08049641181158414,0.020211712894688996,0.10070812470627313,0.2006959513290322,99,59
8,2854,society,0.19252106708604955,0.4618892415015582,-0.0724562231313922,0.0305415184501,0.1029977415814922,0.29652609834788374,131,59
8,2925,female,0.22574591500843172,0.4963642659279779,-0.001945167909599116,0.05263746529650925,0.054582633206108365,0.964362878880937,152,36
8,2925,male,0.2005804238892733,0.5030951438747244,-0.0018746467679391227,0.052638306190884346,0.05451295295882347,0.9656109847815297,133,36
8,2925,family,0.20914388723190813,0.5230399852248592,0.07735876062023178,0.11765348481538125,0.04029472419514948,2.9198235541372464,119,36
8,2925,marriage,0.24985101960020437,0.45533249531696735,-0.03044795060760993,0.031061725941292653,0.06150967654890258,0.5049892583338881,161,36
8,2925,love,0.12446457002560718,0.49116056158771826,-0.04904967115581204,0.011505482632583159,0.0605551537883952,0.19000005635520445,87,36
8,2925,wealth,0.18524676786554856,0.48952592592592586,-0.027253403746133394,0.03200748788019392,0.05926089162632731,0.5401114799534019,125,36
8,2925,emotion,0.17522877629219788,0.4945080821584832,-0.025759582213973883,0.033065569164146054,0.05882515137811994,0.5620991767797255,121,36
8,2925,scandal,0.1030144921463101,0.46632002997938915,-0.06069585615206423,1.3888503097136193e-05,0.060709744655161366,0.0002287689262373905,72,36
8,2925,duty,0.12638784966932065,0.4667748478701826,0.005384094100067148,0.05883390979035788,0.05344981569029073,1.1007317617363543,85,36
8,2925,class,0.14357433465346045,0.5035781846735911,-0.03986051299850573,0.020211712894688996,0.060072225893194726,0.3364568666106681,99,36
8,2925,society,0.19452745120108983,0.5038167938931298,-0.01987909999024355,0.03817498969481382,0.05805408968505737,0.6575762345298157,131,36
8,2980,female,0.21750991390766375,0.47468451831332714,-0.044829503649595114,6.578860804463099e-06,0.044836082510399576,0.00014673139212799028,152,23
8,2980,male,0.19265009185863294,0.45374243880377635,-0.03382890507407056,0.007526202613494532,0.04135510768756509,0.18198967513692554,133,23
8,2980,family,0.17551462092055117,0.4811155231323299,-0.011413670387735556,0.02521806356195694,0.0366317339496925,0.6884212359671883,119,23
8,2980,marriage,0.24099516438359106,0.48303016858917486,-0.004654402169310082,0.031061725941292653,0.035716128110602735,0.8696834618868429,161,23
8,2980,love,0.1311535543840444,0.4583979636479339,-0.013334313035642639,0.02299947127652238,0.03633378431216502,0.6330051138710827,87,23
8,2980,wealth,0.2115640269882014,0.49531851851851855,0.016524015155462916,0.048007231884289854,0.03148321672882694,1.5248515517414776,125,23
8,2980,emotion,0.17737777538116845,0.4749027710257656,-0.03217027548318131,0.008272590535693625,0.04044286601887494,0.2045500566559305,121,23
8,2980,scandal,0.13180758995108133,0.5514568109424771,0.02352585044324544,0.05556790089164191,0.03204205044839647,1.7342180076583884,72,23
8,2980,duty,0.1244577936414042,0.489553752535497,-0.026156434317195394,0.01177619350132938,0.03793262781852477,0.310450242397072,85,23
8,2980,class,0.14998918073056988,0.4929507084984116,0.018710356482689733,0.05051413102765601,0.03180377454496628,1.5883061601586783,99,23
8,2980,society,0.21164523667887242,0.5272321811476114,0.032983748341521145,0.061075403428955274,0.02809165508743413,2.174147562209718,131,23
8,3002,female,0.25014175837836716,0.5084577305837694,0.024370275308253274,0.07895290851436164,0.054582633206108365,1.4464840531746186,152,40
8,3002,male,0.2230195671227636,0.5133557578155916,0.01880171283914743,0.07519435797957924,0.05639264514043181,1.3334071808653958,133,40
8,3002,family,0.26404978261682416,0.5405239018684397,0.12120635631269862,0.1596695853851196,0.03846322907242099,4.151226749068115,119,40
8,3002,marriage,0.26039257825566775,0.5024894015577246,0.010786905419656954,0.06832834374728264,0.057541438327625684,1.1874632566021674,161,40
8,3002,love,0.1250777701068331,0.47016068090522206,-0.06919414889840489,1.1493988643939221e-05,0.06920564288704883,0.0001660845584879918,87,40
8,3002,wealth,0.1810352782016257,0.49000740740740745,-0.03466078371880016,0.03200748788019392,0.06666827159899408,0.48010076025724896,125,40
8,3002,emotion,0.1753464171083492,0.44296153378706854,-0.07352271533930646,8.26432620948414e-06,0.07353097966551594,0.0001123924398527699,121,40
8,3002,scandal,0.10362725351743127,0.4579234588720254,-0.06744119596542068,1.3888503097136193e-05,0.06745508446851782,0.00020589260552200846,72,40
8,3002,duty,0.122883138635624,0.4589756592292089,-0.04197811701696663,0.023540622573586505,0.06551873959055314,0.35929602309720604,85,40
8,3002,class,0.14315461781788733,0.4865349609165863,-0.04692762583556284,0.020211712894688996,0.06713933873025184,0.30104128632534327,99,40
8,3002,society,0.1912169816411703,0.5120007433456272,-0.027369708639649347,0.03817498969481382,0.06554469833446316,0.58242681199677,131,40
8,3030,female,0.2326911131811186,0.5110546834923566,-0.022413168031148914,0.07895290851436164,0.10136607654551055,0.7788888670080377,152,64
8,3030,male,0.23617231159342145,0.5660156029170671,0.03947773325876046,0.12782514548653404,0.08834741222777358,1.4468465149328174,133,64
8,3030,family,0.16024429795559858,0.44359282174408227,-0.07627025518292742,0.03362128367590461,0.10989153885883203,0.305949702995687,119,64
8,3030,marriage,0.21903762008144098,0.4635524499654934,-0.06961284154887962,0.04348393187662265,0.11309677342550227,0.3844842833193767,161,64
8,3030,love,0.1576044132684969,0.5424372588792109,0.02152436806475712,0.11495138042803614,0.09342701236327902,1.230386988934549,87,64
8,3030,wealth,0.18197249179032104,0.5031851851851852,-0.04954991256915679,0.056007103886337825,0.10555701645549462,0.5305862723907243,125,64
8,3030,emotion,0.18635040449817508,0.5106192270296549,0.003590456743409229,0.09918017884001917,0.09558972209660994,1.0375611170701269,121,64
8,3030,scandal,0.10280965485627401,0.5106801573917932,-0.061188720694133454,0.04167939779450571,0.10286811848863917,0.40517313241909486,72,64
8,3030,duty,0.14846034387393786,0.528894523326572,0.06501688696308867,0.15294934236841487,0.0879324554053262,1.739395785795504,85,64
8,3030,class,0.15297099767084577,0.5294821001534783,0.005610371170787387,0.10101816124926769,0.0954077900784803,1.058804120346081,99,64
8,3030,society,0.20600558020728385,0.5146953712439603,0.02274787353456853,0.11450970214195202,0.0917618286073835,1.2479012665566065,131,64
8,3036,female,0.22587980393222018,0.5020647378680619,-0.017052199657667064,0.03947974368758306,0.05653194334525012,0.6983616934195104,152,35
8,3036,male,0.19822672405774255,0.4908205664537283,-0.02819008291985071,0.03008225440218944,0.05827233732204015,0.5162355893745023,133,35
8,3036,family,0.18227401590223247,0.5106658047834519,0.007547249086227198,0.058830944017747605,0.05128369493152041,1.147166640296842,119,35
8,3036,marriage,0.2587457488711628,0.5203465444148675,0.012512278894545752,0.06211724077961764,0.04960496188507189,1.2522384539329514,161,35
8,3036,love,0.13091211020487045,0.5094360259316708,0.005576772518598477,0.05748143720834004,0.051904664689741566,1.1074426075349106,87,35
8,3036,wealth,0.1891956274968033,0.498562962962963,0.004153592232677278,0.056007103886337825,0.05185351165366055,1.080102428922072,125,35
8,3036,emotion,0.19145204103060437,0.5200686679630532,0.01648886530358517,0.06612287400208261,0.04963400869849744,1.3322090182643684,121,35
8,3036,scandal,0.11063694241912218,0.5196037099494099,0.018864669053651403,0.0694564039887781,0.0505917349351267,1.3728804532295347,72,35
8,3036,duty,0.12579495554511752,0.470841784989858,-0.04684601814621667,0.01177619350132938,0.058622211647546045,0.20088279118383373,85,35
8,3036,class,0.14666885544003455,0.4973765927829532,-0.014358566282068226,0.04041332498333367,0.0547718912654019,0.7378479006096319,99,35
8,3036,society,0.49735407220340927,0.6870229007633588,0.2671772543840661,0.2671791270362284,1.8726521623514522e-06,142674.11200733887,131,35
8,3163,female,0.26156717900106913,0.5416025443726274,0.036553585508169936,0.06579518690543544,0.029241601397265508,2.250054161169783,152,25
8,3163,male,0.25857835361402076,0.5664254621516196,0.06579384778561916,0.09023172583870918,0.02443787805309003,3.692289716766453,133,25
8,3163,family,0.21279240043696168,0.5573614061009019,0.036096915550188235,0.06723416413169526,0.031137248581507033,2.159284047000465,119,25
8,3163,marriage,0.23569540378214898,0.4826851030267179,-0.025013084547193882,0.018639520005962657,0.04365260455315654,0.4269967438675507,161,25
8,3163,love,0.13349559699556593,0.4833949807103368,-0.0035704222114341447,0.0344934599204616,0.038063882131895745,0.9061992100551274,87,25
8,3163,wealth,0.18739663232556422,0.4730814814814815,-0.016734825816514445,0.02400761587814595,0.040742441694660396,0.5892532425395378,125,25
8,3163,emotion,0.17833411234890137,0.45958920758385996,-0.03584673255503031,0.008272590535693625,0.04411932309072394,0.18750492881531602,121,25
8,3163,scandal,0.10603125553783448,0.4590125538692149,-0.042146171665334006,1.3888503097136193e-05,0.04216006016843114,0.00032942322760739996,72,25
8,3163,duty,0.12472085500626917,0.4695943204868155,-0.02960469828869894,0.01177619350132938,0.04138089179002832,0.28458046677192556,85,25
8,3163,class,0.14435116169452009,0.47008958846414683,-0.04416112120377191,1.0100806044322337e-05,0.04417122200981623,0.00022867390994636618,99,25
8,3163,society,0.19699248120300752,0.43820224719101125,-0.04681054323970394,7.63347124471382e-06,0.04681817671094866,0.00016304503465991769,131,25
8,3198,female,0.21807327166005894,0.4694008412844978,-0.05067840870926574,0.10526835173221405,0.1559467604414798,0.6750274993435453,152,96
8,3198,male,0.1789413451011178,0.36594776414721014,-0.13345292988678614,0.03760093833175441,0.17105386821854054,0.21981928104364856,133,96
8,3198,family,0.1629366997379948,0.38972512081755784,-0.09393923816353446,0.06723416413169526,0.16117340229522972,0.4171542151112613,119,96
8,3198,marriage,0.22461561010606398,0.44890564921620824,-0.034761988149668674,0.11801716748860262,0.1527791556382713,0.7724690386904243,161,96
8,3198,love,0.11888482449570217,0.4059579206936324,-0.1264073674123158,0.0344934599204616,0.1609008273327774,0.21437714455567933,87,96
8,3198,wealth,0.18144998924013128,0.4936888888888889,-0.03984693338398834,0.11200620790067359,0.15185314128466193,0.7375955936925309,125,96
8,3198,emotion,0.16533379825608302,0.45761424404472534,-0.06533541115158345,0.09091585263053503,0.15625126378211848,0.5818567506546956,121,96
8,3198,scandal,0.10024022721901031,0.46617950159265503,-0.052852086999083836,0.09723341018305048,0.15008549718213432,0.6478534702417401,72,96
8,3198,duty,0.11819471017139689,0.4662677484787019,-0.04410958081300369,0.10589162607938636,0.15000120689239005,0.7059384939125618,85,96
8,3198,class,0.15179772140376396,0.5060855908912445,-0.0034561945113230352,0.14142138542655705,0.14487757993788009,0.976144034751401,99,96
8,3198,society,0.41372129254934775,0.737456042542242,0.25751282995834546,0.3511473107280804,0.09363448076973495,3.750192320581864,131,96
8,3271,female,0.23929412272197312,0.5344721452754694,-0.006574718574920452,0.04605860449204616,0.05263332306696661,0.8750844865441925,152,34
8,3271,male,0.23039959842769456,0.5359545480241958,0.07707174648466403,0.11278777762740409,0.03571603114274007,3.157903440432304,133,34
8,3271,family,0.20060308937310956,0.53912334164435,0.0503176051556603,0.09244382447353826,0.04212621931787796,2.1944486347986025,119,34
8,3271,marriage,0.23931731567050463,0.49910036478359454,-0.0018940461514226972,0.04969503484428764,0.051589080995710336,0.9632859101998061,161,34
8,3271,love,0.12852665109713607,0.4693751740046932,-0.045589475516350585,0.011505482632583159,0.05709495814893374,0.20151486235210614,87,34
8,3271,wealth,0.1896677077308656,0.46709629629629634,-0.023549713759800014,0.03200748788019392,0.05555720163999393,0.576117711741921,125,34
8,3271,emotion,0.1878885209156002,0.48295454545454547,-0.022083125142124883,0.033065569164146054,0.05514869430627094,0.5995712061633817,121,34
8,3271,scandal,0.10718715981873876,0.46681187933295853,-0.0417483481949107,0.013902391600233327,0.05565073979514403,0.24981503662232726,72,34
8,3271,duty,0.12711779448621552,0.47075050709939154,-0.03163332510245599,0.023540622573586505,0.055173947676042494,0.42666192224236293,85,34
8,3271,class,0.14889496468443836,0.46089874005068343,-0.04819454083356378,0.010110906850366658,0.05830544768393044,0.17341272988767242,99,34
8,3271,society,0.19699248120300752,0.44569288389513106,-0.06366441270086699,7.63347124471382e-06,0.06367204617211171,0.00011988732424210021,131,34
8,3311,female,0.21463671603046186,0.47264542936288084,-0.04190626942256649,0.07895290851436164,0.12085917793692813,0.6532636566079486,152,74
8,3311,male,0.19108157301486559,0.4570213126801968,-0.04510782133553613,0.07519435797957924,0.12030217931511537,0.6250456841849281,133,74
8,3311,family,0.17048527467097457,0.4418998368578201,-0.0536463454635077,0.06723416413169526,0.12088050959520297,0.5562035133396491,119,74
8,3311,marriage,0.2292605805476301,0.409395642314897,-0.06486836642035379,0.06211724077961764,0.12698560719997143,0.48916756905614456,161,74
8,3311,love,0.1617361132772618,0.6001869307560752,0.05711973572212964,0.16092733500379303,0.10380759928166339,1.5502461873296498,87,74
8,3311,wealth,0.17186548018234213,0.44266666666666665,-0.10747523048168237,0.02400761587814595,0.13148284635982832,0.18259123940975433,125,74
8,3311,emotion,0.20653362496159441,0.5337870685464269,0.05592605460202474,0.1570304623064082,0.10110440770438345,1.5531514982412271,121,74
8,3311,scandal,0.13217962896335533,0.523397976391231,-0.046902394126573974,0.0694564039887781,0.11635879811535207,0.5969157907537487,72,74
8,3311,duty,0.12543986048064523,0.4923529411764706,-0.03315579924248245,0.08236276793487213,0.11551856717735458,0.7129829424538165,85,74
8,3311,class,0.1428765680011599,0.4920583931184637,-0.03579257942902862,0.08081654916062302,0.11660912858965164,0.6930550818566183,99,74
8,3311,society,0.3221586602859736,0.6109872201732567,0.19414382005235944,0.2671791270362284,0.07303530698386898,3.6582187173058776,131,74
8,3339,female,0.25168391636847287,0.5511182928080435,0.01706048411675235,0.06579518690543544,0.04873470278868309,1.3500684961469382,152,35
8,3339,male,0.27895429209166195,0.5694499406410763,0.07519205430305567,0.11278777762740409,0.037595723324348414,3.0000161627787714,133,35
8,3339,family,0.16928305864436616,0.44680949302798034,-0.06409575757050587,8.403220113947665e-06,0.06410416079061981,0.00013108696861758462,119,35
8,3339,marriage,0.23441493124572652,0.49454056985112893,-0.02846383149697148,0.031061725941292653,0.05952555743826413,0.5218216725309284,161,35
8,3339,love,0.1271902061906536,0.47142345782126244,-0.007647313945071468,0.045987448564400825,0.05363476250947229,0.8574187040619726,87,35
8,3339,wealth,0.1793885753226376,0.4643851851851852,-0.025401558752966708,0.03200748788019392,0.057409046633160626,0.5575338689067902,125,35
8,3339,emotion,0.1796333024271385,0.4977211959163831,-0.023921353678049387,0.033065569164146054,0.05698692284219544,0.5802308233966044,121,35
8,3339,scandal,0.11527603208702873,0.5424629941914934,0.0032898310031760983,0.05556790089164191,0.05227806988846581,1.0629294656274029,72,35
8,3339,duty,0.14440819397007265,0.49486815415821495,0.007108226085818924,0.05883390979035788,0.051725683704538956,1.1374215974656658,85,35
8,3339,class,0.14338302076396323,0.4661455544847771,-0.026226150535654833,0.030312518939011334,0.05653866947466617,0.5361378189498716,99,35
8,3339,society,0.1900765816493882,0.46206078280012575,-0.018006447827892097,0.03817498969481382,0.056181437522705914,0.6794947117311795,131,35
8,3340,female,0.2253530334449471,0.48690622755719704,-0.0187580287748371,0.05921632610097235,0.07797435487580945,0.7594333572176052,152,49
8,3340,male,0.19083217257387786,0.4381395217366725,-0.04510739735119416,0.03760093833175441,0.08270833568294857,0.45462090393691384,133,49
8,3340,family,0.16953645339549298,0.47742173792593956,-0.018093682631971628,0.058830944017747605,0.07692462664971923,0.7647868644832421,119,49
8,3340,marriage,0.22274474723939133,0.4689194518387065,-0.06443672112421323,0.024850622973627657,0.08928734409784088,0.2783218968426037,161,49
8,3340,love,0.12145269832347017,0.45808972676291615,-0.058316856348641546,0.02299947127652238,0.08131632762516393,0.2828395224912024,87,49
8,3340,wealth,0.1901778532690797,0.5163481481481481,0.017634630309202218,0.08800659189452968,0.07037196158532746,1.250591711680074,125,49
8,3340,emotion,0.1985280558720375,0.5429250729217306,0.021061330036868095,0.09091585263053503,0.06985452259366694,1.3015027410333488,121,49
8,3340,scandal,0.1025202417813551,0.4718357691587034,-0.03589369639404678,0.04167939779450571,0.07757309418855249,0.537291933884456,72,49
8,3340,duty,0.13755637797352896,0.504158215010142,0.023436061459320784,0.09412719700712924,0.07069113554780845,1.3315275851261354,85,49
8,3340,class,0.16611972248526283,0.523869436413606,0.008376875802578343,0.08081654916062302,0.07243967335804467,1.115639337025426,99,49
8,3340,society,0.21824912606122293,0.5313992051919834,0.022319285748644488,0.09160928840781056,0.06929000265916607,1.3221140841502024,131,49
8,3406,female,0.2320031324420694,0.49840976710782803,0.012430933451431016,0.05921632610097235,0.04678539264954133,1.2657011675264243,152,33
8,3406,male,0.21002519067158262,0.510783537791848,0.022561181999232502,0.06767567405001428,0.045114492050781774,1.5000872440797317,133,33
8,3406,family,0.17499949735548892,0.46954166281897375,-0.019493906378344278,0.03362128367590461,0.05311519005424889,0.6329881083157703,119,33
8,3406,marriage,0.2502449638784397,0.4928645371191955,0.008285295037519201,0.05590613781195264,0.04762084277443344,1.173984636844634,161,33
8,3406,love,0.15051483198498283,0.5327128823131687,0.022261054621729885,0.06897542585227927,0.04671437123054938,1.4765354650796516,87,33
8,3406,wealth,0.18148286711200814,0.461362962962963,-0.03154958576184798,0.02400761587814595,0.05555720163999393,0.43212428216383525,125,33
8,3406,emotion,0.17856612932700358,0.48389645114244045,-0.020244896606200387,0.033065569164146054,0.05331046577034644,0.6202453624391009,121,33
8,3406,scandal,0.10455146266500716,0.4881253513209668,-0.04006201324157159,0.013902391600233327,0.05396440484180492,0.25762151256425714,72,33
8,3406,duty,0.13722707484270022,0.5155172413793103,0.024045051115331367,0.070598338862615,0.046553287747283636,1.516505971486791,85,33
8,3406,class,0.14231885941843073,0.4561516222293608,-0.04642776262429951,0.010110906850366658,0.05653866947466617,0.17883170835348927,99,33
8,3406,society,0.20003430063088326,0.5225862709780713,-0.014261143503189196,0.03817498969481382,0.05243613319800301,0.7280283149395091,131,33
8,3472,female,0.21572908223946424,0.4658997640299579,-0.04945954163603912,0.04605860449204616,0.09551814612808528,0.4821974290602496,152,56
8,3472,male,0.18993688006706488,0.4921278760811804,-0.07706199484479916,0.02256357047262447,0.09962556531742363,0.22648373839091093,133,56
8,3472,family,0.1758356726588646,0.5088189121802568,-0.0411488637277472,0.05042772390379994,0.09157658763154713,0.5506617488974602,119,56
8,3472,marriage,0.24395233152713677,0.5041284629793946,-0.03734944450716514,0.05590613781195264,0.09325558231911778,0.5994937399033554,161,56
8,3472,love,0.21843216482611477,0.6271924591337549,0.14115784233196255,0.20690328957954993,0.06574544724758738,3.1470360038351624,87,56
8,3472,wealth,0.20802565582666882,0.5502814814814815,0.06378201732832335,0.1360058239068175,0.07222380657849416,1.8831162513861792,125,56
8,3472,emotion,0.21453117472499916,0.5565599173553718,0.06880905875784847,0.1405018098874399,0.07169275112959143,1.9597770719038219,121,56
8,3472,scandal,0.10069405470691976,0.4599259883829867,-0.07884771716837118,0.013902391600233327,0.0927501087686045,0.14989083877807088,72,56
8,3472,duty,0.14584519222582826,0.5242799188640974,0.024855698617067268,0.10589162607938636,0.0810359274623191,1.3067244294491254,85,56
8,3472,class,0.16845544451497607,0.5497555055858944,0.04347976535207486,0.12121977333791237,0.07774000798583751,1.5592971556992457,99,56
8,3472,society,0.2133556812659405,0.545887297366841,0.03772909083338015,0.11450970214195202,0.07678061130857187,1.491388257906155,131,56
8,3524,female,0.2965002742553083,0.6123871447624909,0.03972078807829296,0.11184721253667715,0.07212642445838419,1.5507106220087274,152,54
8,3524,male,0.3490098161906782,0.6591808468539772,0.15225841618657693,0.2030119847821837,0.05075356859560679,3.9999548878176103,133,54
8,3524,family,0.1900802470097279,0.5180841567396188,-0.00678172777226177,0.07563738424564292,0.0824191120179047,0.9177165634627775,119,54
8,3524,marriage,0.24884827122894645,0.5630607315389924,-0.02518598420758479,0.06211724077961764,0.08730322498720243,0.7115114108099871,161,54
8,3524,love,0.1344730693609883,0.4776677405242016,-0.014070999592615388,0.06897542585227927,0.08304642544489466,0.8305646568402544,87,54
8,3524,wealth,0.17002863267000343,0.4218296296296296,-0.06058661362313385,0.03200748788019392,0.09259410150332777,0.34567523589715826,125,54
8,3524,emotion,0.16467830436710876,0.4072906538648517,-0.06895025060602354,0.024801242954661906,0.09375149356068545,0.2645423770059033,121,54
8,3524,scandal,0.0974365248469434,0.4424536256323778,-0.059900209211217637,0.027790894697369516,0.08769110390858716,0.3169180619053784,72,54
8,3524,duty,0.11619793730437179,0.41774847870182563,-0.06611596481749146,0.023540622573586505,0.08965658739107797,0.26256433864296896,85,54
8,3524,class,0.14525576408418245,0.4555626940785951,-0.04792735225808951,0.04041332498333367,0.08834067724142318,0.4574713059130396,99,54
8,3524,society,0.18023668405203294,0.37214455213425973,-0.10111745594789603,7.63347124471382e-06,0.10112508941914075,7.548543381751005e-05,131,54
8,3573,female,0.22172793708856997,0.4752487945008721,-0.05701281384951176,0.01316430046973066,0.07017711431924242,0.18758680229650662,152,38
8,3573,male,0.195460219587907,0.4814927355983945,-0.04322753557584903,0.02256357047262447,0.0657911060484735,0.3429577617323707,133,38
8,3573,family,0.17870744258864105,0.4960368762889771,-0.018416666755310562,0.04202450378985228,0.06044117054516284,0.6952959946028087,119,38
8,3573,marriage,0.23563006521801586,0.4968882480528443,-0.03441618882888682,0.031061725941292653,0.06547791477017947,0.47438477614691343,161,38
8,3573,love,0.1342004507288497,0.5020582269418924,0.0003864790594063014,0.05748143720834004,0.05709495814893374,1.0067690575653176,87,38
8,3573,wealth,0.18914803392339513,0.4952962962962963,0.008449774248391856,0.06400697588838579,0.05555720163999393,1.1520914300542637,125,38
8,3573,emotion,0.1787704846262915,0.47064900340301413,-0.03953859403123153,0.024801242954661906,0.06433983698589343,0.3854725799152106,121,38
8,3573,scandal,0.112299795973136,0.5330827243769908,-0.0017691738568412357,0.05556790089164191,0.057337074748483145,0.9691443299894336,72,38
8,3573,duty,0.13117729620548368,0.4907200811359026,0.01542439118657251,0.070598338862615,0.055173947676042494,1.2795593180291955,85,38
8,3573,class,0.19514715209901434,0.5560998679373239,0.08714935737241848,0.1313205793822347,0.04417122200981623,2.9729895032127067,99,38
8,3573,society,0.2829989474909265,0.5837121537010035,0.1379796936051632,0.1679440008549488,0.029964307249785587,5.604801721239383,131,38
8,3606,female,0.224337815864569,0.48385400636093157,-0.031672269361791586,0.06579518690543544,0.09746745626722703,0.6750477484953479,152,60
8,3606,male,0.20973863229502326,0.460243654248403,-0.0657840113488859,0.03760093833175441,0.1033849496806403,0.36369837628727697,133,60
8,3606,family,0.17657010172490048,0.44683257918552033,-0.08941370516536577,0.01681484344800928,0.10622854861337505,0.15828930798113022,119,60
8,3606,marriage,0.2400620583279934,0.5114549442965592,0.012080633598405208,0.09938385858560764,0.08730322498720243,1.1383755708799725,161,60
8,3606,love,0.13216597913690156,0.47277572286521097,-0.037675672974669706,0.05748143720834004,0.09515711018300975,0.6040687563670807,87,60
8,3606,wealth,0.18763677213374402,0.49460000000000004,-0.002735664615631392,0.08800659189452968,0.09074225651016107,0.9698523629253707,125,60
8,3606,emotion,0.17647286037499588,0.4658559188138065,-0.05977451233075325,0.041329895373630195,0.10110440770438345,0.4087843083366337,121,60
8,3606,scandal,0.12929419216187543,0.5581201986134532,0.11687983767445131,0.1944529318630038,0.07757309418855249,2.506705886809819,72,60
8,3606,duty,0.14803339971591378,0.5363793103448276,0.07191341490609578,0.15294934236841487,0.0810359274623191,1.8874263201053307,85,60
8,3606,class,0.14829959901243045,0.4979209051647215,-0.011057684499328715,0.08081654916062302,0.09187423365995173,0.8796432464282046,99,60
8,3606,society,0.19052542764034508,0.49465362952797554,-0.03630438166548258,0.061075403428955274,0.09737978509443786,0.6271876998814263,131,60
8,3645,female,0.22055944097710284,0.4740304709141274,-0.04604788340169905,0.006585439665267561,0.05263332306696661,0.1251192074033333,152,28
8,3645,male,0.19734643626610388,0.4543360280400248,-0.02443061375976564,0.02256357047262447,0.04699418423239011,0.48013537931769645,133,28
8,3645,family,0.17646505970809376,0.4511496906454889,-0.05127529171140646,8.403220113947665e-06,0.05128369493152041,0.00016385754039377828,119,28
8,3645,marriage,0.27137681236328237,0.5264468106083013,0.018205890590711454,0.05590613781195264,0.037700247221241184,1.482911703002598,161,28
8,3645,love,0.13075259186717975,0.4836336157180925,-0.021984802134296277,0.02299947127652238,0.044984273410818655,0.5112780430166903,87,28
8,3645,wealth,0.18408983557412367,0.4938074074074075,-0.012438643800799863,0.03200748788019392,0.04444613168099378,0.7201411386980374,125,28
8,3645,emotion,0.18124870544128918,0.4570825230918813,-0.03125886341739517,0.016536916745177765,0.04779578016257294,0.34599114584138974,121,28
8,3645,scandal,0.12000026225045786,0.5316891512085441,0.030669013727025185,0.0694564039887781,0.038787390261752916,1.790695468766206,72,28
8,3645,duty,0.1241980550423427,0.49649087221095345,-0.03477709424595426,0.01177619350132938,0.046553287747283636,0.2529615859787165,85,28
8,3645,class,0.14450497648749464,0.4892565228254274,-0.025726287324391507,0.020211712894688996,0.0459380002190805,0.43997807474984546,99,28
8,3645,society,0.21564180202012503,0.5223289590302198,0.0521388577509597,0.08397581716309674,0.03183695941213704,2.637683331293421,131,28
8,3681,female,0.2169990433732068,0.42833692418179947,-0.07894316206625991,0.07895290851436164,0.15789607058062155,0.500030863488451,152,93
8,3681,male,0.19141890064387693,0.3983407767539149,-0.15600898167548105,0.0150448865430595,0.17105386821854054,0.08795408545657683,133,93
8,3681,family,0.18389423340345107,0.4636469972604427,-0.027036461375292073,0.11765348481538125,0.14468994619067332,0.8131420870080607,119,93
8,3681,marriage,0.2288380886645984,0.4405747806368924,-0.10256662952248435,0.06211724077961764,0.164683870302102,0.3771907999568528,161,93
8,3681,love,0.1277670808292657,0.48985801217038544,-0.0022002957800940914,0.1379393577159146,0.14013965349600868,0.9842992634405147,87,93
8,3681,wealth,0.19142535694192783,0.5048444444444444,0.024818903566799694,0.1600054399129614,0.1351865363461617,1.1835900544271971,125,93
8,3681,emotion,0.2229343124548811,0.5797277588721439,0.11192270512813698,0.23140939819176545,0.11948669306362847,1.9366959805858863,121,93
8,3681,scandal,0.10879061640628482,0.49573730560239837,-0.03221824408859121,0.11112191328018665,0.14334015736877787,0.7752322539560419,72,93
8,3681,duty,0.14091734139103063,0.5083772819472617,0.02850562043429611,0.16471377144067198,0.13620815100637587,1.2092798428175746,85,93
8,3681,class,0.15342966186033474,0.49437841310632835,-0.010023444137116838,0.1313205793822347,0.14134402351935155,0.9290847685776144,99,93
8,3681,society,0.19029900883228998,0.45249735540498043,-0.0695835328018847,0.08397581716309674,0.15355934996498144,0.5468622860262186,131,93
8,3797,female,0.22858849507122256,0.4450600184672206,-0.04263671248848163,0.01974316127419376,0.06237987376267539,0.31649889752887667,152,35
8,3797,male,0.19356387510471215,0.47483605630617903,-0.0187917068086774,0.03760093833175441,0.05639264514043181,0.6667702541253719,133,35
8,3797,family,0.17309869403816985,0.4808692707852371,-0.03339161186047741,0.02521806356195694,0.05860967542243435,0.4302713396681568,119,35
8,3797,marriage,0.23046120635280432,0.480411367445529,-0.03665905357527492,0.024850622973627657,0.06150967654890258,0.4040116021983376,161,35
8,3797,love,0.1261672540254457,0.4589150061647377,-0.03409548687241136,0.02299947127652238,0.05709495814893374,0.402828411155409,87,35
8,3797,wealth,0.17836733911842206,0.47379259259259265,-0.035253275748181365,0.02400761587814595,0.05926089162632731,0.4051173584954159,125,35
8,3797,emotion,0.23823319687840358,0.5597122630043753,0.10741185801226297,0.1405018098874399,0.03308995187517694,4.246056640190945,121,35
8,3797,scandal,0.10221893645940175,0.4687675660483418,-0.04343468314824982,0.013902391600233327,0.057337074748483145,0.2424677516419452,72,35
8,3797,duty,0.14316056453103368,0.48975659229208923,0.007108226085818924,0.05883390979035788,0.051725683704538956,1.1374215974656658,85,35
8,3797,class,0.15568211790611816,0.5320876610629262,-0.014358566282068226,0.04041332498333367,0.0547718912654019,0.7378479006096319,99,35
8,3797,society,0.1972672827033882,0.5180690167824571,-0.02751257123495737,0.0305415184501,0.05805408968505737,0.5260872854136759,131,35
8,3838,female,0.21280185418165945,0.4469580383707807,-0.09721739638445086,0.01974316127419376,0.11696055765864462,0.16880187363372862,152,63
8,3838,male,0.18979586025535558,0.4882624795070383,-0.052626335671364294,0.052638306190884346,0.10526464186224864,0.5000568591613868,133,63
8,3838,family,0.17253896934431087,0.45327361713916337,-0.04373461435017047,0.058830944017747605,0.10256555836791807,0.573593562530402,119,63
8,3838,marriage,0.2821235450417871,0.5497079266489203,0.030713942501400193,0.11801716748860262,0.08730322498720243,1.3518076509149652,161,63
8,3838,love,0.12647586291716165,0.43561826353259353,-0.04286596643386189,0.05748143720834004,0.10034740364220193,0.5728243593897323,87,63
8,3838,wealth,0.17499311047459554,0.4364962962962963,-0.08710493555684874,0.02400761587814595,0.1111125514349947,0.21606574205953055,125,63
8,3838,emotion,0.18988945103794672,0.5248921366067089,0.005428685279333725,0.09918017884001917,0.09375149356068545,1.0579050537980157,121,63
8,3838,scandal,0.10732810736886239,0.46445802885516196,-0.07507722379126965,0.027790894697369516,0.10286811848863917,0.2701604258482535,72,63
8,3838,duty,0.12132582490876605,0.4674645030425963,-0.027678908457221832,0.070598338862615,0.09827724731983684,0.7183589364498477,85,63
8,3838,class,0.14201128746433864,0.4617999785844309,-0.063828356141468,0.04041332498333367,0.10424168112480169,0.3876887301401229,99,63
8,3838,society,0.28485699576222095,0.5685093061154474,0.11017563636050745,0.18321094334437643,0.07303530698386898,2.508525683096437,131,63
8,3854,female,0.23800013470512385,0.5124781984200266,0.003658794164731763,0.08553176931882474,0.08187297515409298,1.0446886674974356,152,55
8,3854,male,0.18659407762757796,0.46756458816213464,-0.018792045996150974,0.06767567405001428,0.08646772004616525,0.7826698103419341,133,55
8,3854,family,0.22333798732176485,0.5599316649736817,0.07326449899841898,0.14286314515722426,0.06959864615880527,2.052671323939212,119,55
8,3854,marriage,0.22267884937015758,0.4539830424923592,-0.03536532539652669,0.05590613781195264,0.09127146320847933,0.6125259292013443,161,55
8,3854,love,0.14651049800478022,0.5312214135146959,0.0503193349060036,0.12644536907197534,0.07612603416597175,1.6610003457507745,87,55
8,3854,wealth,0.24578971434725588,0.5827407407407407,0.01637527734541673,0.09600646389657766,0.07963118655116093,1.2056389971495702,125,55
8,3854,emotion,0.20231771459790043,0.5578056635877492,0.010031958821321088,0.09091585263053503,0.08088389380921394,1.1240291280222003,121,55
8,3854,scandal,0.10378034544606499,0.4989226157017051,-0.030436868063606133,0.05556790089164191,0.08600476895524804,0.6461025541491793,72,55
8,3854,duty,0.12373802328071988,0.43963488843813386,-0.01388585257120764,0.070598338862615,0.08448419143382264,0.8356396346301045,85,55
8,3854,class,0.15347804839805052,0.5235749723382231,0.009643790800579297,0.09091735520494536,0.08127356440436606,1.1186583961234824,99,55
8,3854,society,0.17914215261716718,0.454998999342425,-0.045953367667855856,0.04580846093952764,0.0917618286073835,0.49921041934579,131,55
8,3888,female,0.2113716312705203,0.4803529291063917,-0.01875851609595977,0.11184721253667715,0.13060572863263692,0.8563729455575457,152,84
8,3888,male,0.1956318045893215,0.5422437673130194,-0.07330311926279283,0.06767567405001428,0.1409787933128071,0.4800415187224211,133,84
8,3888,family,0.2011491663941905,0.5595930679964294,0.02015114043929281,0.14286314515722426,0.12271200471793145,1.1642149069640615,119,84
8,3888,marriage,0.24067534184250633,0.47622744750073936,-0.002757336743703806,0.12422827045626762,0.12698560719997143,0.9782862262465701,161,84
8,3888,love,0.11825078204665215,0.4566280873404128,-0.06597393418453724,0.06897542585227927,0.1349493600368165,0.51112080733803,87,84
8,3888,wealth,0.20878938983608586,0.5249333333333334,0.0020786405244413164,0.12800595190476954,0.12592731138032823,1.016506669606777,125,84
8,3888,emotion,0.233722424325626,0.5885391346621294,0.08805654296982295,0.1983520933538289,0.11029555038400594,1.7983689519789887,121,84
8,3888,scandal,0.11803398901324066,0.5372868652801199,-0.0014663914580639037,0.12501041637732285,0.12647680783538676,0.9884058470153606,72,84
8,3888,duty,0.1747209314823261,0.5242190669371197,0.044022808306062075,0.16471377144067198,0.1206909631346099,1.3647564586554628,85,84
8,3888,class,0.1496034678991138,0.4896491415926045,0.017745143999848292,0.14142138542655705,0.12367624142670876,1.1434806216133329,99,84
8,3888,society,0.19622209367284738,0.48946450524630475,-0.014705169712460525,0.11450970214195202,0.12921487185441255,0.886195996619374,131,84
8,3941,female,0.24655279178561973,0.5550041038268185,0.014867205634516212,0.09868949092775094,0.08382228529323472,1.1773657874075973,152,58
8,3941,male,0.23847751100964595,0.5496212335349652,0.060154262459583815,0.13534382941609902,0.0751895669565152,1.8000346975342087,133,58
8,3941,family,0.22621586649004904,0.5523440145288885,0.05753529839355738,0.1344599250432766,0.07692462664971923,1.7479438106836678,119,58
8,3941,marriage,0.22726121160654547,0.47011485753721777,-0.03312246065013859,0.06211724077961764,0.09523970142975623,0.6522200284802426,161,58
8,3941,love,0.13702791697135935,0.5323151573002426,-0.007767304407868353,0.08046941449621849,0.08823671890408684,0.911971971473425,87,58
8,3941,wealth,0.17633256023627603,0.5024,-0.058142276600585956,0.04000735988224189,0.09814963648282785,0.4076159761308328,125,58
8,3941,emotion,0.1748795730735558,0.4943941419543023,-0.04599550051349561,0.049594221583114335,0.09558972209660994,0.5188237866459322,121,58
8,3941,scandal,0.10620431358265009,0.5207279370432828,0.011228641227802441,0.09723341018305048,0.08600476895524804,1.1305583558106485,72,58
8,3941,duty,0.13949230668084442,0.5048884381338742,-0.019058248528462968,0.070598338862615,0.08965658739107797,0.7874305828068251,85,58
8,3941,class,0.14614885828475327,0.5016061676839062,-0.07872963360231985,0.020211712894688996,0.09894134649700885,0.20427974360643805,99,58
8,3941,society,0.20810117918661733,0.5104211338879836,-0.004040707119583847,0.08397581716309674,0.08801652428268059,0.9540914941430714,131,58
8,3956,female,0.2985945961303338,0.5811018775007695,0.06335599076996579,0.13158379495006645,0.06822780418010066,1.9285948966025146,152,55
8,3956,male,0.25885237595461486,0.5796822884278365,0.07519171511558212,0.14286251334566397,0.06767079823008185,2.1111397690007716,133,55
8,3956,family,0.21440744062455913,0.5528673007664603,0.06302978376174284,0.1344599250432766,0.07143014128153377,1.8823975793556913,119,55
8,3956,marriage,0.227291692979309,0.45108695652173914,-0.04356054747483014,0.04969503484428764,0.09325558231911778,0.5328907246935615,161,55
8,3956,love,0.12179947821291966,0.4718609553354811,-0.055473356803355967,0.0344934599204616,0.08996681672381757,0.3834020272826491,87,55
8,3956,wealth,0.17286398900253178,0.41851851851851857,-0.08214189260672985,0.016007743876097984,0.09814963648282785,0.16309529458864155,125,55
8,3956,emotion,0.17136076502886763,0.47332280019445794,-0.030378260160313468,0.057858547792598476,0.08823680795291194,0.6557189582698786,121,55
8,3956,scandal,0.10043311357227044,0.41685403784897884,-0.07716138221503206,0.013902391600233327,0.09106377381526538,0.1526665436497663,72,55
8,3956,duty,0.11851544517238334,0.4476470588235294,-0.08132865786125212,0.01177619350132938,0.09310485136258151,0.12648313518424995,85,55
8,3956,class,0.13618747806568782,0.43991148231430915,-0.07342929897452702,0.020211712894688996,0.09364101186921601,0.2158425297956188,99,55
8,3956,society,0.1830956787356034,0.45361237384567005,-0.03644724426079058,0.05344193218424146,0.08988917644503204,0.5945313362207417,131,55
8,3968,female,0.2087863811130985,0.4127039088950446,-0.09234436469715782,0.04605860449204616,0.13840296918920397,0.33278624556637143,152,78
8,3968,male,0.18255482208458446,0.4148623438294986,-0.09022009450666271,0.04511962226131938,0.1353397167679821,0.3333804986332005,133,78
8,3968,family,0.16530349994300506,0.41207252131621874,-0.09167647166445009,0.04202450378985228,0.13370097545430237,0.31431710686285536,119,78
8,3968,marriage,0.2242498172504014,0.4659987183279109,-0.05641439870630069,0.07453944671494764,0.13095384542124833,0.569203954833111,161,78
8,3968,love,0.16032480379325595,0.5969951875273436,0.07664751737054665,0.1839153122916715,0.10726779492112484,1.7145436095259703,87,78
8,3968,wealth,0.18821887978798252,0.5101555555555556,-0.01636544050220254,0.10400633589862562,0.12037177640082816,0.8640425439218326,125,78
8,3968,emotion,0.28673345934426164,0.6376017865824015,0.14959868791241315,0.2396737244012496,0.09007503648883644,2.6608229509659207,121,78
8,3968,scandal,0.1886163582508162,0.6417814315158329,0.16439999876672387,0.2638954473486848,0.09949544858196094,2.6523368767833078,72,78
8,3968,duty,0.21974736492516306,0.6125963488843813,0.14878752762663505,0.2470647749464719,0.09827724731983684,2.513957011228671,85,78
8,3968,class,0.14452608752726667,0.4663597101759646,-0.01912452375891252,0.10101816124926769,0.1201426850081802,0.8408182424219068,99,78
8,3968,society,0.192234450908219,0.47397575549646914,-0.01297538014541709,0.1068762308972382,0.11985161104265529,0.8917379580180121,131,78
8,4016,female,0.2263715040442014,0.4766915461167538,-0.030453402288564982,0.006585439665267561,0.037038841953832544,0.17779820636126403,152,20
8,4016,male,0.19873791621911924,0.47947877211826556,-0.01879145241807223,0.0150448865430595,0.03383633896113173,0.4446369496385863,133,20
8,4016,family,0.1808137992038921,0.47652137778188197,-0.026388615492902397,0.008411623334061612,0.03480023882696401,0.24171165536089326,119,20
8,4016,marriage,0.2500962088056157,0.5084787538203688,0.0012979551626052695,0.031061725941292653,0.029763770778687384,1.0436085592518767,161,20
8,4016,love,0.12928838848888324,0.48105834625939625,-0.021368106040120405,0.011505482632583159,0.03287358867270356,0.3499916831954126,87,20
8,4016,wealth,0.19128020050125313,0.5003703703703704,0.012227833139748342,0.04000735988224189,0.027779526742493548,1.4401742784049523,125,20
8,4016,emotion,0.17977882346738375,0.47579150461837627,-0.03675814462081645,8.26432620948414e-06,0.03676640894702594,0.00022477926036145745,121,20
8,4016,scandal,0.10717451785963583,0.4918142214727375,-0.01813965884816314,0.013902391600233327,0.03204205044839647,0.4338795865198816,72,20
8,4016,duty,0.14738077307736747,0.5024746450304259,0.019481644814086627,0.047069480718100756,0.02758783590401413,1.7061679241591332,85,20
8,4016,class,0.1467744952845572,0.4786825855730449,-0.03532723015745051,1.0100806044322337e-05,0.03533733096349483,0.00028583952915037973,99,20
8,4016,society,0.19883761962408006,0.4892786688395231,0.000577211200314412,0.0305415184501,0.029964307249785587,1.0192632919721272,131,20
8,4047,female,0.38437064322721476,0.6516876987791115,0.11087036449640579,0.13816265575452955,0.02729229125812375,5.062332599442053,152,35
8,4047,male,0.18527178186472087,0.45466108881225625,-0.04698683514219732,0.0150448865430595,0.06203172168525682,0.24253536955097454,133,35
8,4047,family,0.2816333642201336,0.6330993936035952,0.0996596862163126,0.1344599250432766,0.03480023882696401,3.8637644329966574,119,35
8,4047,marriage,0.2631202041556975,0.5744848664103323,-0.02846383149697148,0.031061725941292653,0.05952555743826413,0.5218216725309284,161,35
8,4047,love,0.12021197449254825,0.4527900409656763,-0.04731957333608131,0.011505482632583159,0.05882505596866447,0.19558812895165673,87,35
8,4047,wealth,0.18647112315350223,0.5231555555555556,-0.015549841757752043,0.04000735988224189,0.05555720163999393,0.7201111413200068,125,35
8,4047,emotion,0.17298639996297568,0.45753828390860474,-0.03402390842345803,0.024801242954661906,0.05882515137811994,0.4216095050027383,121,35
8,4047,scandal,0.09897689937903059,0.44315626756604837,-0.04343468314824982,0.013902391600233327,0.057337074748483145,0.2424677516419452,72,35
8,4047,duty,0.12127468960107286,0.40657200811359034,-0.04684601814621667,0.01177619350132938,0.058622211647546045,0.20088279118383373,85,35
8,4047,class,0.13762081880788812,0.4676446443230895,-0.03809373478924145,0.020211712894688996,0.05830544768393044,0.34665222028494763,99,35
8,4047,society,0.20317439623503936,0.49473940017725937,0.010511922393303716,0.061075403428955274,0.05056348103565156,1.2078955439140755,131,35
8,4071,female,0.22138693913215207,0.48522622345337024,-0.028260611127451506,0.02632202207865686,0.054582633206108365,0.48224170458725524,152,32
8,4071,male,0.18100713991310474,0.4504282322347221,-0.031949382486198996,0.02256357047262447,0.05451295295882347,0.41391209331943585,133,32
8,4071,family,0.17073811711105596,0.4967987194877951,-0.04836655696564426,0.008411623334061612,0.05677818029970587,0.14814887144167666,119,32
8,4071,marriage,0.23102384200661322,0.4757899536626245,-0.022511474165056132,0.031061725941292653,0.053573200106348785,0.5797997110318566,161,32
8,4071,love,0.17097672158603125,0.5504713041403174,0.05043932536880049,0.09196340314015769,0.0415240777713572,2.214700676660861,87,32
8,4071,wealth,0.19581794174731454,0.5384148148148148,-0.00014258978303730713,0.048007231884289854,0.04814982166732716,0.9970386228007341,125,32
8,4071,emotion,0.1806808303452567,0.5022788040836169,-0.018406668070275883,0.033065569164146054,0.05147223723442194,0.6423961914247461,121,32
8,4071,scandal,0.12229408588084101,0.5015223908562862,0.008348835863193432,0.05556790089164191,0.04721906502844848,1.176810698326759,72,32
8,4071,duty,0.13895806039907,0.5462474645030426,-0.014696500072943555,0.035305051645843626,0.05000155171878718,0.7060791201780307,85,32
8,4071,class,0.1718309539431348,0.5312578077595745,0.03841210536007107,0.08081654916062302,0.042404443800551944,1.905850941916263,99,32
8,4071,society,0.23348844632521576,0.5688380936043687,0.01612987888035807,0.061075403428955274,0.0449455245485972,1.3588761960394704,131,32
8,4097,female,0.2062136343406764,0.46225761772853186,-0.038738092210198125,0.01974316127419376,0.058481253484391885,0.33759812072300116,152,33
8,4097,male,0.19884471980814053,0.5161823732262988,0.0037644297768858956,0.052638306190884346,0.04887387641399845,1.0770233517783883,133,33
8,4097,family,0.1569748114635393,0.4205528365192231,-0.05019805208837274,0.008411623334061612,0.05860967542243435,0.14351936388131453,119,33
8,4097,marriage,0.2487189486239036,0.5244873311643498,-0.008105149119087683,0.04348393187662265,0.051589080995710336,0.8428902208859949,161,33
8,4097,love,0.15181379175703003,0.516266953028676,0.03548514108539983,0.08046941449621849,0.044984273410818655,1.788834372393728,87,33
8,4097,wealth,0.18037044036843386,0.5055777777777777,-0.0512530197522773,0.008007871874050014,0.05926089162632731,0.13512911557944396,125,33
8,4097,emotion,0.17495965563405097,0.45382383325230924,-0.020244896606200387,0.033065569164146054,0.05331046577034644,0.6202453624391009,121,33
8,4097,scandal,0.12779985859184387,0.5066750983698708,0.006662500909854319,0.05556790089164191,0.04890539998178759,1.1362324183259764,72,33
8,4097,duty,0.13792230798585225,0.5011156186612575,0.024045051115331367,0.070598338862615,0.046553287747283636,1.516505971486791,85,33
8,4097,class,0.13928059170666607,0.4790484348788236,-0.02269259411712628,0.030312518939011334,0.053005113056137615,0.5718791488348591,99,33
8,4097,society,0.18681230454662995,0.48641249964262234,-0.014261143503189196,0.03817498969481382,0.05243613319800301,0.7280283149395091,131,33
8,4101,female,0.24790892839823764,0.5104711706166001,0.03947730705632123,0.09211063012328784,0.05263332306696661,1.7500439788751945,152,41
8,4101,male,0.23731839496142335,0.5254466052348917,0.045117148991059015,0.09775040976827415,0.052633260777215134,1.8571984392183616,133,41
8,4101,family,0.25845156806846725,0.5574460553452151,0.11937486118997012,0.1596695853851196,0.04029472419514948,3.9625432006400847,119,41
8,4101,marriage,0.2532032024376216,0.4972148279601696,-0.007587657847588386,0.05590613781195264,0.06349379565954102,0.8804976491064649,161,41
8,4101,love,0.12759395914422797,0.4624348725291334,-0.07092424671813562,1.1493988643939221e-05,0.07093574070677956,0.00016203381439673425,87,41
8,4101,wealth,0.1818080355406229,0.4777407407407408,-0.04636434570718151,0.02400761587814595,0.07037196158532746,0.3411531430553497,125,41
8,4101,emotion,0.17740463429042586,0.45918661886242096,-0.07536094387523096,8.26432620948414e-06,0.07536920820144044,0.00010965122769084023,121,41
8,4101,scandal,0.10594266805005344,0.45945756042720626,-0.06912753091875978,1.3888503097136193e-05,0.06914141942185692,0.00020087095713491963,72,41
8,4101,duty,0.12572795199951323,0.45725152129817437,-0.0571908100607273,0.01177619350132938,0.06896700356205668,0.1707511257983302,85,41
8,4101,class,0.145983831297923,0.46020273405432416,-0.048694404044827125,0.020211712894688996,0.06890611693951612,0.29332247690197016,99,41
8,4101,society,0.19111162263749779,0.4663850530348515,-0.04825460761613135,0.022908047205386174,0.07116265482151753,0.3219110819083373,131,41
8,4142,female,0.21136348014590267,0.4860341643582641,-0.09161343431011998,0.05263746529650925,0.14425089960662923,0.3649021631039126,152,82
8,4142,male,0.17837388980289554,0.3872180451127819,-0.1165356154554427,0.03008225440218944,0.14661786985763214,0.205174542715663,133,82
8,4142,family,0.17145227700618684,0.4992920245021086,-0.04782887597198329,0.0840406043595906,0.1318694803315739,0.6373013994416357,119,82
8,4142,marriage,0.23656296389189715,0.4985334713595583,-0.06435087514885449,0.07453944671494764,0.13889032186380212,0.5366784792068192,161,82
8,4142,love,0.1751085137413631,0.5883943841228174,0.08295121255529367,0.1954093009356107,0.11245808838031704,1.7376189098380102,87,82
8,4142,wealth,0.20193673145417412,0.5285333333333332,0.015634047505989346,0.1360058239068175,0.12037177640082816,1.1298813390673854,125,82
8,4142,emotion,0.21916729638234383,0.5876731891103549,0.07152789055085466,0.1818234409348606,0.11029555038400594,1.6485111167238753,121,82
8,4142,scandal,0.09943770115373662,0.43608300543376427,-0.09154274985423747,0.04167939779450571,0.13322214764874318,0.31285637208075784,72,82
8,4142,duty,0.14869720210133733,0.5354766734279919,0.06095963333557454,0.17647820051292912,0.11551856717735458,1.5277042022210687,85,82
8,4142,class,0.14557116411597995,0.5044080379769426,-0.04992680510314286,0.08081654916062302,0.13074335426376588,0.6181312206275736,99,82
8,4142,society,0.2105034642069667,0.4868342053349343,0.01755850483343821,0.1374101158760935,0.11985161104265529,1.1465020343034238,131,82
8,4164,female,0.23979786204292783,0.4864060736636914,-0.017539649022733174,0.05263746529650925,0.07017711431924242,0.7500659696023735,152,44
8,4164,male,0.20895791064964,0.48720956526654985,-0.016912184220805843,0.052638306190884346,0.06955049041169019,0.7568358738888195,133,44
8,4164,family,0.17677629531344702,0.46432419121494745,-0.060109783201709954,0.01681484344800928,0.07692462664971923,0.21858856103856125,119,44
8,4164,marriage,0.23824912591364997,0.4910406191462092,-0.005344793101200285,0.06211724077961764,0.06746203388081792,0.920773318047845,161,44
8,4164,love,0.1300416990752744,0.46354850256532637,-0.06289045371365785,0.011505482632583159,0.07439593634624102,0.1546520307087961,87,44
8,4164,wealth,0.1871592149230508,0.4828,-0.04206816369146693,0.03200748788019392,0.07407565157166085,0.43209188445406727,125,44
8,4164,emotion,0.17994671743692503,0.4988605979581916,0.010047363225673317,0.07438720021156675,0.06433983698589343,1.1561608436577178,121,44
8,4164,scandal,0.10714229266860847,0.4653597526700394,-0.05861169772830182,0.013902391600233327,0.07251408932853515,0.1917198675288452,72,44
8,4164,duty,0.2555699216472075,0.6131643002028397,0.22089657620020423,0.258829204018729,0.03793262781852477,6.823392390587394,85,44
8,4164,class,0.147603328264283,0.4614519755862513,-0.06586232292620657,0.010110906850366658,0.07597322977657323,0.13308512590511623,99,44
8,4164,society,0.19151346803429473,0.48490436572604856,-0.06337868751025097,0.015274575960672354,0.07865326347092333,0.19420142644335264,131,44
8,4226,female,0.23194727590880515,0.4841746178311276,0.019009794255894108,0.06579518690543544,0.04678539264954133,1.4063190063805986,152,34
8,4226,male,0.19544307268381103,0.5080558539205157,0.0018847375952775539,0.052638306190884346,0.05075356859560679,1.0371350753531754,133,34
8,4226,family,0.19346337150605578,0.5291655123587896,0.019613459445631837,0.06723416413169526,0.04762070468606343,1.4118683159671932,119,34
8,4226,marriage,0.2628437574941447,0.5226510894212758,0.0308868421617911,0.07453944671494764,0.04365260455315654,1.707560121011155,161,34
8,4226,love,0.14249019759523812,0.5398719325458379,-0.005917216125340741,0.045987448564400825,0.051904664689741566,0.8859983748744606,87,34
8,4226,wealth,0.21382250595861987,0.5540296296296296,0.006005437225843971,0.056007103886337825,0.050001666660493854,1.1201047410179377,125,34
8,4226,emotion,0.18889178000223414,0.510376154594069,0.018327093839509673,0.06612287400208261,0.04779578016257294,1.3834458560104743,121,34
8,4226,scandal,0.10605474421132398,0.5092046093310848,-0.0261735101444354,0.027790894697369516,0.05396440484180492,0.5149856609800985,72,34
8,4226,duty,0.15044226976064257,0.5099188640973631,0.0088323580715707,0.05883390979035788,0.05000155171878718,1.1766416794436294,85,34
8,4226,class,0.159687990612471,0.5172395331405931,0.011143380434369285,0.06061493707197835,0.04947155663760906,1.2252482272747542,99,34
8,4226,society,0.1981718888432872,0.5175829831031821,-0.016133795665540643,0.03817498969481382,0.05430878536035446,0.7029247559268509,131,34
8,4260,female,0.22407065026500203,0.4719721452754693,-0.003164034982825706,0.11184721253667715,0.11501124751950285,0.9724893429813317,152,76
8,4260,male,0.1869690482772342,0.4279001074113855,-0.03007045347640619,0.09023172583870918,0.12030217931511537,0.7500423213581965,133,76
8,4260,family,0.16438962003836474,0.4023224674485179,-0.077778766182317,0.05042772390379994,0.12820649008611693,0.39333206820913713,119,76
8,4260,marriage,0.21699140913879825,0.43330375628512274,-0.07703182671993414,0.05590613781195264,0.13293796453188678,0.4205430556154057,161,76
8,4260,love,0.19375932123646417,0.5356659905341447,0.106555885937348,0.20690328957954993,0.10034740364220193,2.061869884697975,87,76
8,4260,wealth,0.17789133524776832,0.4642740740740741,-0.08162376948237177,0.048007231884289854,0.1296310013666616,0.37033758420280144,125,76
8,4260,emotion,0.19579646020199437,0.5283255347593583,0.042147042784767094,0.14876613609692405,0.10661909331215695,1.3953048321277188,121,76
8,4260,scandal,0.09959446462966742,0.4713556305040285,-0.0502750640332522,0.0694564039887781,0.1197314680220303,0.5801014982579031,72,76
8,4260,duty,0.20037578516775284,0.6559634888438133,0.09828154736610302,0.2000070586574434,0.10172551129134037,1.9661445405042983,85,76
8,4260,class,0.14468655765410476,0.5149641289217262,-0.03932613584755719,0.08081654916062302,0.1201426850081802,0.6726714086209057,99,76
8,4260,society,0.18843084212877617,0.5107928067015467,-0.03774844604191001,0.08397581716309674,0.12172426320500675,0.6898856066269684,131,76
8,4435,female,0.2186430511228776,0.4645211347081153,-0.07723733294908985,0.05921632610097235,0.1364536590500622,0.43396656793800636,152,79
8,4435,male,0.19530183627790026,0.44290943524224086,-0.10149816279944437,0.03760093833175441,0.13909910113119878,0.2703176226568046,133,79
8,4435,family,0.18251581605400743,0.44306953550651035,-0.0935079667871786,0.04202450378985228,0.13553247057703088,0.3100696357900247,119,79
8,4435,marriage,0.3062079194809061,0.5631962930099575,0.09731070167082638,0.1925504031005826,0.09523970142975623,2.0217451357780227,161,79
8,4435,love,0.12905660765019994,0.4740583860318975,-0.07054753154955357,0.05748143720834004,0.1280289687578936,0.4489721175259178,87,79
8,4435,wealth,0.18388493617279453,0.4886370370370371,-0.04777243648101322,0.08000671989248172,0.12777915637349493,0.626132791626814,125,79
8,4435,emotion,0.18434228388723883,0.45167416140009725,-0.09470085451331878,0.041329895373630195,0.13603074988694897,0.30382759344982213,121,79
8,4435,scandal,0.10626854412286321,0.5297100430953718,-0.03975923084279423,0.08334490708591429,0.12310413792870852,0.6770276652560905,72,79
8,4435,duty,0.13267340200115452,0.5266227180527383,0.025666346118803154,0.14118491329615773,0.11551856717735458,1.222183729808349,85,79
8,4435,class,0.14988697278925373,0.5017578612984974,0.002843866538996445,0.12121977333791237,0.11837590679891592,1.0240240317043845,99,79
8,4435,society,0.18911335606977817,0.47489778997627013,-0.05287252593602963,0.07634234591838292,0.12921487185441255,0.5908170230111565,131,79
