{"train_losses": [10.90348087310791, 8.878382148742675, 7.482873973846435, 6.5059801292419435, 6.064854793548584, 5.8479814529418945, 5.704485721588135, 5.561571445465088, 5.41319787979126, 5.314106922149659, 5.235979290008545, 5.090072326660156, 5.018966159820557, 5.006831207275391, 4.943474998474121, 4.783966579437256, 4.7681856536865235, 4.71714973449707, 4.650452404022217, 4.569496765136718, 4.583995723724366, 4.521663722991943, 4.4575705909729, 4.386464805603027, 4.389410037994384, 4.341789989471436, 4.344661521911621, 4.336433811187744, 4.293735542297363, 4.228336563110352, 4.177186021804809, 4.168264360427856, 4.137341661453247, 4.087901554107666, 4.0531977272033695, 4.079565229415894, 4.070473470687866], "val_losses": [10.905367736816407, 8.875112609863281, 7.497306385040283, 6.524106254577637, 6.10240873336792, 5.918438224792481, 5.769696140289307, 5.642761878967285, 5.529690074920654, 5.4428239440917965, 5.3545505332946775, 5.2826207160949705, 5.217819404602051, 5.1582340812683105, 5.101533737182617, 5.044219493865967, 4.997104682922363, 4.9691142654418945, 4.91496150970459, 4.876242961883545, 4.836048698425293, 4.803528003692627, 4.775618724822998, 4.753357162475586, 4.730415306091309, 4.7029508781433105, 4.675958003997803, 4.6548064422607425, 4.652778778076172, 4.623635921478272, 4.603535099029541, 4.584017925262451, 4.567486381530761, 4.5575400161743165, 4.546183242797851, 4.5356270217895505, 4.516919403076172], "track_tokens_seen": [1024, 26624, 52224, 77824, 103424, 129024, 154624, 180224, 205824, 231424, 257024, 282624, 308224, 333824, 359424, 385024, 410624, 436224, 461824, 487424, 513024, 538624, 564224, 589824, 615424, 641024, 666624, 692224, 717824, 743424, 769024, 794624, 820224, 845824, 871424, 897024, 922624]}