{"train_losses": [3.1779921606082944, 2.6029002076546823, 2.4867351973883354, 2.4400043184123485, 2.411943978872842, 2.3914384606794528, 2.3737476515760894, 2.3581016087867503, 2.3430931866735634, 2.3268346344658535, 2.310092816169701, 2.290971845679296, 2.270505628925507, 2.2490953830337475, 2.2269462958263464, 2.205088470746453, 2.1846083149678477, 2.1699523675697114, 2.1605279015745253, 2.153829080974788, 2.148653794564982, 2.144542424968024, 2.140730510541945, 2.1381204247338674, 2.1357555784401234, 2.1338157330134746, 2.131958399877936, 2.1303503701768154, 2.1287714302471827, 2.127105826932013, 2.123895944033698, 2.1232495950585704, 2.12267205288752, 2.1220349087765316, 2.121452775770969, 2.1208879649828014, 2.120156900271337, 2.1195639138107505, 2.119230614882305, 2.118791058000344, 2.1172462036014585, 2.116969895931021, 2.116873483812572, 2.1165927916761436], "val_losses": [2.6684664578910837, 2.434641674959537, 2.363384266128018, 2.327677224897604, 2.304944140337484, 2.288242523591358, 2.2769608372565413, 2.2616762911036457, 2.249343984075392, 2.2341098185955732, 2.2131918202512213, 2.203487389579738, 2.1773235675546436, 2.1564333736556693, 2.1326144781460648, 2.1178447150857855, 2.101306895437643, 2.0936471635694516, 2.0906742433321788, 2.0829153184608016, 2.081606356692559, 2.078513103852658, 2.0809152650996245, 2.075120312186168, 2.076400648908713, 2.0769997420577395, 2.0778926714252313, 2.0754428143648083, 2.0758868511617523, 2.075101637649971, 2.08022039442269, 2.077747925385374, 2.078963505773207, 2.0746069235839757, 2.0814921221140446, 2.0796815858327675, 2.0797960987928383, 2.075113180153998, 2.0832440627477595, 2.076685470757218, 2.080523144831815, 2.0792738355551776, 2.0845241190498203, 2.0825618319255867]}