{"train_losses": [0.7168820190429688, 0.6861604189872742, 0.7087120318412781, 0.6799695205688476, 0.6717259335517883, 0.6674989700317383, 0.6240553498268128, 0.6298517394065857, 0.6317998886108398, 0.6018840789794921, 0.6283313870429993, 0.6129041266441345, 0.60655264377594, 0.5964674162864685, 0.5971755814552308, 0.5948167109489441, 0.5843825459480285, 0.5917548632621765, 0.5676438474655151, 0.5833368253707886, 0.562224428653717, 0.5643903422355652, 0.5639803647994995, 0.5690800666809082, 0.556025881767273, 0.550458756685257, 0.5410923552513123, 0.5347444152832032, 0.5311233997344971, 0.5229925167560577, 0.5176273345947265, 0.5109849154949189, 0.5105897116661072, 0.5147424352169037, 0.5032086145877838, 0.4841353678703308, 0.4954111135005951, 2.9376775550842287, 2.9015590953826904, 2.850377988815308, 2.844334201812744, 2.7997668838500975, 2.7820176315307616, 2.7287621116638183, 2.7268844413757325, 2.6619355201721193, 2.6623027992248534, 2.6416658401489257, 2.6002916717529296, 2.5699936294555665, 2.584656858444214, 2.532846784591675, 2.4983773040771484, 2.459907741546631, 2.48393030166626, 2.414260063171387, 2.3840269374847414, 2.368373556137085, 2.3579668617248535, 4.050856113433838, 4.031106309890747, 3.994233331680298, 3.984850091934204, 3.925417366027832, 3.9067388725280763, 3.850527439117432, 3.8444181632995607, 3.7965525436401366, 3.7686800289154054, 3.7396555042266844, 3.7323419570922853, 3.6838996982574463, 3.6577620029449465, 3.6457890033721925, 3.607082557678223, 3.534625949859619, 3.5330864238739013, 3.4908645343780518, 3.4731417751312255, 3.4294197082519533, 3.4145099544525146, 3.3928280735015868], "val_losses": [5.6951469039916995, 5.926018505096436, 6.068821048736572, 6.08902759552002, 6.150184154510498, 6.188706130981445, 6.09248306274414, 6.074476718902588, 6.08195858001709, 6.037333717346192, 6.077054386138916, 6.049575004577637, 5.99939079284668, 5.977170944213867, 5.949355754852295, 5.9604818153381345, 5.950507640838623, 5.959646549224853, 5.934474964141845, 5.958737125396729, 5.955201168060302, 5.932588768005371, 5.974721126556396, 5.965248260498047, 5.956454086303711, 5.965203342437744, 5.967505836486817, 5.987805767059326, 5.991560535430908, 6.008960113525391, 6.002346935272217, 6.006913566589356, 6.01039421081543, 6.039871158599854, 6.029766082763672, 6.022100276947022, 6.050863590240478, 6.335260456258601, 6.445123954252764, 6.518979506059126, 6.542234008962458, 6.4989025376059795, 6.484706770290028, 6.4742253910411485, 6.538090944290161, 6.565910491076383, 6.589149735190651, 6.550980437885631, 6.555618936365301, 6.552037130702626, 6.553326455029574, 6.559578895568848, 6.5556557178497314, 6.590499401092529, 6.594846595417369, 6.611089619723233, 6.612313985824585, 6.647958517074585, 6.641873251308095, 6.399991226196289, 6.424016213417053, 6.439425635337829, 6.484309673309326, 6.453037571907044, 6.465732049942017, 6.461534714698791, 6.468938422203064, 6.495175838470459, 6.472422313690186, 6.4895631074905396, 6.521069979667663, 6.504014611244202, 6.512267994880676, 6.494089841842651, 6.498303341865539, 6.4910609245300295, 6.513999795913696, 6.510473537445068, 6.5101886510849, 6.527051043510437, 6.520060062408447, 6.530843472480774], "track_tokens_seen": [1024, 26624, 52224, 77824, 103424, 129024, 154624, 180224, 205824, 231424, 257024, 282624, 308224, 333824, 359424, 385024, 410624, 436224, 461824, 487424, 513024, 538624, 564224, 589824, 615424, 641024, 666624, 692224, 717824, 743424, 769024, 794624, 820224, 845824, 871424, 897024, 922624, 1024, 26624, 52224, 77824, 103424, 129024, 154624, 180224, 205824, 231424, 257024, 282624, 308224, 333824, 359424, 385024, 410624, 436224, 461824, 487424, 513024, 538624, 1024, 26624, 52224, 77824, 103424, 129024, 154624, 180224, 205824, 231424, 257024, 282624, 308224, 333824, 359424, 385024, 410624, 436224, 461824, 487424, 513024, 538624, 564224]}