{"train_losses": [10.726377067565918, 7.591164951324463, 6.1082073593139645, 5.604751777648926, 5.32326644897461, 5.018447666168213, 4.896474208831787, 4.7647337722778325, 4.634461784362793, 4.507329578399658, 4.417370891571045, 4.279383373260498, 4.296880359649658, 4.131001462936402, 4.103151006698608, 4.098758869171142, 4.0710924625396725, 4.0459026527404784, 4.029661655426025, 3.9475870990753172, 3.8637141513824464, 3.876136245727539, 3.79030948638916, 3.763246603012085, 3.7198585987091066, 3.7779381179809572, 3.679363784790039, 3.5990942192077635, 3.626008892059326, 3.585874319076538, 3.5144577026367188, 3.542840585708618, 3.5379836177825927, 3.454632616043091, 3.4147812938690185, 3.3485076808929444, 3.3722752285003663, 3.358273077011108, 3.3210900974273683, 3.2943070697784425, 3.2456145668029786, 3.1950246143341063, 3.1326500511169435, 3.129304141998291, 3.1067558574676513, 3.119365358352661, 3.064810342788696, 3.029495792388916, 3.0119580459594726, 3.0309278202056884, 10.889137496948242, 8.173669948577881, 6.881705551147461, 6.634340991973877, 6.555582695007324, 6.509602527618409, 6.469495735168457, 6.367257595062256, 6.220671234130859, 6.070812435150146, 6.0093324089050295, 5.907070999145508, 5.767481727600098, 5.664058647155762, 5.548504123687744, 5.435372142791748, 5.298455619812012, 5.2549196434021, 5.119081478118897, 5.081268939971924, 4.959601593017578, 4.8788980293273925, 4.791114768981934, 4.746915874481201, 4.697910537719727, 4.628076171875, 4.556483688354493, 4.455806064605713, 4.420694122314453, 4.373006782531738, 4.2797877311706545, 4.211552200317382, 4.244707288742066, 4.112665920257569, 10.814418296813965, 8.240284519195557, 7.072184028625489, 6.916446647644043, 6.758181571960449, 6.688167858123779, 6.542486362457275, 6.405652236938477, 6.29481611251831, 6.107395648956299, 6.012462844848633, 5.8991340637207035, 5.79025562286377, 5.647696266174316, 5.572594795227051, 5.449512729644775, 5.363040714263916, 5.261892070770264, 5.214244365692139, 5.099038734436035, 5.050130882263184, 4.990767440795898, 4.862670879364014, 4.7615619468688966, 4.713571147918701, 4.6283237266540525, 4.517103233337402, 4.458107986450195, 4.371001834869385, 4.275476112365722], "val_losses": [10.729739532470703, 7.586575260162354, 6.129938220977783, 5.66090726852417, 5.40590009689331, 5.224477081298828, 5.077118072509766, 4.954396190643311, 4.8607340431213375, 4.790302295684814, 4.727063312530517, 4.684638805389405, 4.637963218688965, 4.5889739990234375, 4.551790866851807, 4.52160873413086, 4.496631393432617, 4.475537395477295, 4.453441143035889, 4.440154781341553, 4.407336616516114, 4.389956645965576, 4.382904605865479, 4.377337665557861, 4.362678546905517, 4.358110141754151, 4.3343929672241215, 4.303269767761231, 4.30378119468689, 4.298811569213867, 4.297805309295654, 4.286550559997559, 4.292640705108642, 4.300489721298217, 4.271319637298584, 4.263699340820312, 4.272352428436279, 4.290789442062378, 4.283884754180908, 4.259387063980102, 4.249834909439087, 4.259433307647705, 4.241092691421509, 4.248898000717163, 4.267077159881592, 4.277490005493164, 4.259107704162598, 4.248698835372925, 4.259395627975464, 4.272665920257569, 10.892104606628418, 8.190474815368653, 6.839121856689453, 6.592198162078858, 6.534382209777832, 6.498768577575683, 6.443415546417237, 6.379058895111084, 6.309025001525879, 6.226956729888916, 6.166231021881104, 6.081073474884033, 6.012177677154541, 5.933295574188232, 5.8614585494995115, 5.807323913574219, 5.744397125244141, 5.694960460662842, 5.644673862457275, 5.595410804748536, 5.556249465942383, 5.5227499771118165, 5.49273946762085, 5.466749992370605, 5.44719202041626, 5.432754096984863, 5.410315799713135, 5.393492832183838, 5.371831912994384, 5.366274185180664, 5.36246467590332, 5.360145606994629, 5.35929428100586, 5.346420516967774, 10.815467987060547, 8.351063117980956, 7.392201366424561, 7.19264066696167, 7.127958946228027, 7.032138900756836, 6.975599784851074, 6.907362613677979, 6.8444184303283695, 6.7798711204528805, 6.734785308837891, 6.683829574584961, 6.637862510681153, 6.578999710083008, 6.565238056182861, 6.522777118682861, 6.484609146118164, 6.456266307830811, 6.446373443603516, 6.4278475952148435, 6.395264911651611, 6.39331314086914, 6.362639904022217, 6.356897048950195, 6.341763935089111, 6.315327472686768, 6.321020545959473, 6.318905467987061, 6.308385601043701, 6.29986680984497], "track_tokens_seen": [768, 19968, 39168, 58368, 77568, 96768, 115968, 135168, 154368, 173568, 192768, 211968, 231168, 250368, 269568, 288768, 307968, 327168, 346368, 365568, 384768, 403968, 423168, 442368, 461568, 480768, 499968, 519168, 538368, 557568, 576768, 595968, 615168, 634368, 653568, 672768, 691968, 711168, 730368, 749568, 768768, 787968, 807168, 826368, 845568, 864768, 883968, 903168, 922368, 941568, 768, 19968, 39168, 58368, 77568, 96768, 115968, 135168, 154368, 173568, 192768, 211968, 231168, 250368, 269568, 288768, 307968, 327168, 346368, 365568, 384768, 403968, 423168, 442368, 461568, 480768, 499968, 519168, 538368, 557568, 576768, 595968, 615168, 634368, 768, 19968, 39168, 58368, 77568, 96768, 115968, 135168, 154368, 173568, 192768, 211968, 231168, 250368, 269568, 288768, 307968, 327168, 346368, 365568, 384768, 403968, 423168, 442368, 461568, 480768, 499968, 519168, 538368, 557568]}