{"train_losses": [10.129928016662598, 8.33546257019043, 7.276405715942383, 6.667762374877929, 6.489994239807129, 6.4215093612670895, 6.436916351318359, 6.275947570800781], "val_losses": [10.1072265625, 8.323542404174805, 7.24224100112915, 6.655161762237549, 6.489332771301269, 6.434751892089844, 6.417015552520752, 6.251408576965332], "track_tokens_seen": [4096, 24576, 45056, 65536, 86016, 106496, 126976, 147456]}