{"train_losses": [1.7567416763305663, 1.7197248363494873, 1.734685468673706, 1.681669020652771, 1.6708213806152343, 1.6709560775756835, 1.6567605352401733, 1.6679939937591552], "val_losses": [4.843918914794922, 4.942572746276856, 5.016633586883545, 5.044570426940918, 5.056747589111328, 5.08875373840332, 5.019034404754638, 5.008111476898193], "track_tokens_seen": [1024, 26624, 52224, 77824, 103424, 129024, 154624, 180224]}