{"train_losses": [8.315938144655334, 6.878817932816568, 6.265809634466954, 5.921676698977557, 5.6862846758926135, 5.524781652747201, 5.41745682700372, 5.347686029092827, 5.3025570824426, 5.2726815750954135, 5.251334261767991, 5.234780276828615, 5.220514777885398, 5.209197037293973, 5.198150857221992, 5.1888130003614705, 5.179211484689244, 5.170204387673101, 5.162014359421281, 5.154134981835978, 5.147110625468108, 5.139282034048552, 5.131806272773529, 5.124822028889331, 5.117622954941344, 5.111212867803072, 5.103124612607856, 5.09620354784208, 5.089333929839307, 5.082616298943957, 5.074717507581094, 5.067186869378198, 5.0600431369964785, 5.052676440948746, 5.044754439538977, 5.036375589860094, 5.02881716549311, 5.019837408501365, 5.011067835425415, 5.002945983797434, 4.993404065431848, 4.9836360858581426, 4.973876007709034, 4.963836985390865, 4.953714380000487, 4.944357979981311, 4.934725115421802, 4.925920717613224, 4.918183591200765, 4.910015594128115, 4.903712582638926, 4.897037462027519, 4.891077479696078, 4.8851293884691485, 4.879196814399677, 4.8741084264620005, 4.869567230847431, 4.865455846830386, 4.861106094669167, 4.85762283429109, 4.853719830483507, 4.85100306340992, 4.847801298441328, 4.845218915588705, 4.84261928757777, 4.840023626335726, 4.837809212753199, 4.835609643921433, 4.8340775811859205, 4.83241472688326, 4.830444308307419, 4.828818198461748, 4.827050619414645, 4.825771710326301, 4.824197499482705, 4.822872543283052, 4.821726511290299, 4.820771964667924, 4.819363839823687, 4.818271427354158, 4.8171952769806925, 4.816162132498381], "val_losses": [7.357992511504692, 6.522090867493477, 6.086538387639971, 5.7270747725706705, 5.494829615204863, 5.317522128776897, 5.205760475364203, 5.136706115726053, 5.093931925052632, 5.065653534521509, 5.050773412334208, 5.0257984369011295, 5.018072591757838, 5.001846178875156, 4.996253434187158, 4.9845638922676905, 4.9738124187568, 4.969277826676067, 4.9615744088020906, 4.952527426229666, 4.945060765647718, 4.942982761327008, 4.932095058242445, 4.926264867969421, 4.922196837269825, 4.908814751454368, 4.901026789248255, 4.896362414449214, 4.9028727381970345, 4.8886960571829166, 4.878872316433506, 4.873352376457207, 4.858198850152753, 4.853347019754343, 4.846465326905356, 4.840586632357468, 4.830353871266542, 4.82764521541069, 4.81649899525188, 4.807276598810619, 4.797794778115603, 4.789307302592168, 4.777905420012911, 4.774726322901005, 4.766768934147122, 4.760496118295862, 4.760212459313689, 4.7498927302160965, 4.742113621873932, 4.741268348927383, 4.733137798436709, 4.731819202192957, 4.725208977345155, 4.723957128219061, 4.720715434553362, 4.716918034948415, 4.715655223981462, 4.712559400343619, 4.70776113493572, 4.705979356464274, 4.704056573466117, 4.7022910104303195, 4.7029977551763436, 4.698423005700217, 4.699360544089218, 4.696992435629412, 4.694752893061481, 4.696399657830317, 4.693303697786476, 4.701601959612363, 4.700246574936015, 4.691518170007721, 4.697713353754894, 4.705300962935572, 4.704159188037034, 4.702574451375199, 4.721877850598771, 4.714074595953244, 4.73306563860162, 4.727832456836717, 4.723289064605217, 4.743874295630417]}