{"train_losses": [8.495351696014405, 6.944867372512817, 6.500662755966187, 6.309005451202393, 6.248407411575317, 6.05688214302063], "val_losses": [8.483339500427245, 6.946817874908447, 6.420106887817383, 6.327850723266602, 6.190498876571655, 6.0506665229797365], "track_tokens_seen": [1024, 11264, 21504, 31744, 41984, 52224]}