{"train_losses": [11.56080638885498, 8.82469871520996, 7.287456874847412, 6.9170004081726075, 6.8619070243835445, 6.692151699066162, 6.516946411132812, 6.302384586334228, 6.109845352172852, 5.910467357635498, 5.843579444885254, 5.647017574310302, 5.5346185493469235, 5.367429141998291, 5.3009374237060545, 5.2063456153869625, 5.096630821228027, 5.030789756774903, 4.87287353515625, 4.850839900970459, 4.785652713775635, 4.7094091796875, 4.592141265869141, 4.540498466491699, 4.45244441986084, 4.399847640991211, 4.312484512329101, 4.294918804168701, 4.154376592636108, 4.190295352935791, 4.092574052810669, 4.005427207946777, 3.9895662212371827, 3.879241075515747, 3.837697343826294, 3.7972119140625, 3.7160264301300048, 3.6878536319732667, 3.6087499046325684, 3.5871471691131593, 3.5220229816436768, 3.428271141052246, 3.3592186546325684, 3.343740253448486, 3.282557716369629, 3.2427052593231203, 3.114260025024414, 3.092330436706543], "val_losses": [11.576445083618164, 8.899584579467774, 7.394312572479248, 7.109173336029053, 7.026432800292969, 6.945007705688477, 6.828826885223389, 6.690742912292481, 6.5468381690979, 6.437605018615723, 6.3501018714904784, 6.266444911956787, 6.189505596160888, 6.126932754516601, 6.064551010131836, 6.0033544921875, 5.954518089294433, 5.907889194488526, 5.864592227935791, 5.8360858917236325, 5.7975412940979005, 5.785824851989746, 5.772248477935791, 5.743598518371582, 5.724443588256836, 5.70084243774414, 5.6630340194702145, 5.661592903137207, 5.6747675704956055, 5.645363655090332, 5.635525150299072, 5.627717247009278, 5.632570362091064, 5.623026123046875, 5.622408981323242, 5.619648113250732, 5.613798484802246, 5.59927848815918, 5.643032207489013, 5.635048294067383, 5.6248478507995605, 5.6312058067321775, 5.622249565124512, 5.632737445831299, 5.653953437805176, 5.6660041236877445, 5.655222454071045, 5.669101409912109], "track_tokens_seen": [768, 19968, 39168, 58368, 77568, 96768, 115968, 135168, 154368, 173568, 192768, 211968, 231168, 250368, 269568, 288768, 307968, 327168, 346368, 365568, 384768, 403968, 423168, 442368, 461568, 480768, 499968, 519168, 538368, 557568, 576768, 595968, 615168, 634368, 653568, 672768, 691968, 711168, 730368, 749568, 768768, 787968, 807168, 826368, 845568, 864768, 883968, 903168]}