{"train_losses": [11.56080638885498, 8.82469871520996, 7.287456874847412, 6.9170004081726075, 6.8619070243835445, 6.692151699066162], "val_losses": [11.576445083618164, 8.899584579467774, 7.394312572479248, 7.109173336029053, 7.026432800292969, 6.945007705688477], "track_tokens_seen": [768, 19968, 39168, 58368, 77568, 96768]}