{"train_losses": [10.67780014038086, 7.5311205863952635, 6.013247184753418, 5.6108846092224125, 5.21609130859375, 4.973298511505127, 4.840639972686768, 4.694024353027344, 4.538296146392822, 4.461667404174805, 4.290322341918945, 4.27373441696167, 4.196484603881836, 4.111852922439575, 4.0539235496521, 4.034239072799682, 4.064211788177491, 3.956979284286499, 3.9110769271850585, 3.787302303314209, 3.77382438659668, 3.819030818939209, 3.743972864151001, 3.690850324630737, 3.7067847442626953, 3.6044210243225097, 3.621069059371948, 3.619438524246216, 3.5584115028381347, 3.4806151676177977, 3.4448658657073974, 3.4949498081207278, 3.373650245666504, 3.3794121170043945, 3.3336429977416993, 3.2688812160491945, 3.2881225967407226, 3.264487009048462, 3.183079948425293, 3.1182092094421385, 3.1346528148651123, 3.097988338470459, 3.0993708419799804, 3.0181330108642577, 3.0441091060638428, 2.972132978439331, 2.9511196994781494, 2.9261179256439207, 2.8870937824249268, 2.865384912490845], "val_losses": [10.681592864990234, 7.519860057830811, 6.070427494049072, 5.640101585388184, 5.366615409851074, 5.165000762939453, 5.021288585662842, 4.907878246307373, 4.824939727783203, 4.770933704376221, 4.701409397125244, 4.627016658782959, 4.598444404602051, 4.543531856536865, 4.506633567810058, 4.501233100891113, 4.469555606842041, 4.447369594573974, 4.417264423370361, 4.401281566619873, 4.387736701965332, 4.366503925323486, 4.362143077850342, 4.330652465820313, 4.345628023147583, 4.317279386520386, 4.312842445373535, 4.30273024559021, 4.286667337417603, 4.282068071365356, 4.291021127700805, 4.278065614700317, 4.275798625946045, 4.256642465591431, 4.255856771469116, 4.244132328033447, 4.241394729614258, 4.256913633346557, 4.251689863204956, 4.256476726531982, 4.2398161125183105, 4.242521162033081, 4.235223751068116, 4.242987079620361, 4.257125577926636, 4.2702771663665775, 4.265657958984375, 4.256673173904419, 4.263948726654053, 4.259660797119141], "track_tokens_seen": [768, 19968, 39168, 58368, 77568, 96768, 115968, 135168, 154368, 173568, 192768, 211968, 231168, 250368, 269568, 288768, 307968, 327168, 346368, 365568, 384768, 403968, 423168, 442368, 461568, 480768, 499968, 519168, 538368, 557568, 576768, 595968, 615168, 634368, 653568, 672768, 691968, 711168, 730368, 749568, 768768, 787968, 807168, 826368, 845568, 864768, 883968, 903168, 922368, 941568]}