{"train_losses": [10.52069236755371, 7.593267803192139, 6.5311057662963865, 6.171110935211182, 5.955124549865722, 5.765233936309815, 5.592826957702637, 5.503644161224365, 5.366035060882568, 5.360953502655029, 5.2305643844604495, 5.202896671295166, 5.135049781799316, 5.125078220367431, 5.032694492340088, 4.999935722351074, 4.941914196014404, 4.891865768432617, 4.872260360717774, 4.872688159942627, 4.786817359924316, 4.772828884124756, 4.799922847747803, 4.723536148071289, 4.7194227027893065, 4.6604901313781735, 4.6627516746521, 4.604325504302978, 4.652942962646485, 4.564429187774659, 4.590389957427979, 4.491607418060303, 4.568532218933106, 4.564683227539063, 4.46877498626709, 4.519695549011231, 4.4713981819152835, 4.453966159820556, 4.43100227355957, 4.419322032928466, 4.416146430969238, 4.425919513702393, 4.3628408813476565, 4.2959478569030765, 4.329016456604004, 4.314484119415283, 4.277706422805786, 4.349005603790284, 4.298325176239014, 4.33044885635376, 4.264478435516358, 4.205052185058594, 4.223207874298096, 4.145577869415283, 4.218934707641601, 4.199669752120972, 4.210559453964233, 4.126600494384766, 4.191447677612305, 4.072302331924439, 4.104070749282837, 4.063094701766968, 4.103121633529663, 4.079888772964478, 4.025062837600708, 3.986312484741211, 3.990174160003662, 3.999793949127197, 3.992806901931763, 4.008026647567749, 3.960296974182129, 3.9737019824981687, 3.9017084980010988, 3.92295090675354, 3.9176555728912352, 3.897447919845581, 3.9139715385437013, 3.8302247524261475, 3.8778633785247805, 3.878571882247925, 3.79479866027832, 3.834668493270874, 3.7861202716827393, 3.7527050304412843, 3.7558590888977053, 3.753437099456787, 3.727786455154419, 3.7263116073608398, 3.727086315155029, 3.6771650314331055, 3.6668186569213868, 3.6469411945343015, 3.5840325450897215, 3.592233085632324, 3.619882040023804, 3.603472547531128, 3.5790263557434083, 3.536800537109375, 3.499582471847534, 3.5363410186767577, 3.4978108692169187, 3.4847144508361816, 3.489381093978882], "val_losses": [10.502363090515138, 7.567278823852539, 6.613024520874023, 6.316052570343017, 6.07936164855957, 5.9467313194274904, 5.798487529754639, 5.698783569335937, 5.608885555267334, 5.547227573394776, 5.507733383178711, 5.446621036529541, 5.394280071258545, 5.356576976776123, 5.32919469833374, 5.297141056060791, 5.271389751434326, 5.244725131988526, 5.209294090270996, 5.206752052307129, 5.186745338439941, 5.17128402709961, 5.13944746017456, 5.135268516540528, 5.1244238662719725, 5.0979525756835935, 5.085466289520264, 5.0877348327636716, 5.050570545196533, 5.048626766204834, 5.039417495727539, 5.040224666595459, 5.021962432861328, 5.01905740737915, 4.997991371154785, 4.986553173065186, 4.977707862854004, 4.962019290924072, 4.974417667388916, 4.9669539260864255, 4.948799991607666, 4.93915506362915, 4.925371417999267, 4.917707824707032, 4.911963596343994, 4.918498859405518, 4.9026812553405765, 4.912135753631592, 4.900151386260986, 4.907077236175537, 4.888639945983886, 4.883520584106446, 4.881818580627441, 4.87119764328003, 4.871528282165527, 4.855075149536133, 4.860153102874756, 4.85226749420166, 4.841804676055908, 4.850759372711182, 4.849454441070557, 4.851642456054687, 4.851105060577392, 4.852718200683594, 4.837020378112793, 4.829919967651367, 4.825566577911377, 4.825687084197998, 4.815280647277832, 4.8155414009094235, 4.81521297454834, 4.8163814353942875, 4.810081443786621, 4.791683712005615, 4.79666763305664, 4.815180397033691, 4.8044298553466795, 4.805626354217529, 4.791613273620605, 4.789417953491211, 4.792194042205811, 4.8154694366455075, 4.810310497283935, 4.796731624603272, 4.798144836425781, 4.786870975494384, 4.786206073760987, 4.786396389007568, 4.795746116638184, 4.787823295593261, 4.818956127166748, 4.807470684051514, 4.8072482872009275, 4.808257026672363, 4.800954818725586, 4.8021444320678714, 4.79125675201416, 4.801516933441162, 4.799565582275391, 4.782393379211426, 4.791094245910645, 4.784689807891846, 4.798648376464843], "track_tokens_seen": [1024, 26624, 52224, 77824, 103424, 129024, 154624, 180224, 205824, 231424, 257024, 282624, 308224, 333824, 359424, 385024, 410624, 436224, 461824, 487424, 513024, 538624, 564224, 589824, 615424, 641024, 666624, 692224, 717824, 743424, 769024, 794624, 820224, 845824, 871424, 897024, 922624, 948224, 973824, 999424, 1025024, 1050624, 1076224, 1101824, 1127424, 1153024, 1178624, 1204224, 1229824, 1255424, 1281024, 1306624, 1332224, 1357824, 1383424, 1409024, 1434624, 1460224, 1485824, 1511424, 1537024, 1562624, 1588224, 1613824, 1639424, 1665024, 1690624, 1716224, 1741824, 1767424, 1793024, 1818624, 1844224, 1869824, 1895424, 1921024, 1946624, 1972224, 1997824, 2023424, 2049024, 2074624, 2100224, 2125824, 2151424, 2177024, 2202624, 2228224, 2253824, 2279424, 2305024, 2330624, 2356224, 2381824, 2407424, 2433024, 2458624, 2484224, 2509824, 2535424, 2561024, 2586624, 2612224]}