{"train_losses": [2.361843080544804, 2.273493674439018, 2.263027731940169, 2.25695454068057, 2.2525447332360446, 2.2501757795215407, 2.2485015247257945, 2.247112767445573, 2.2460500211316825, 2.245214387460958, 2.2444218152074003, 2.225961226051147, 2.223723602959714, 2.2233034873038946, 2.2229598775411588, 2.222581826960633, 2.222025435082662, 2.2219177400808974, 2.2212057897497646, 2.209036733351733, 2.208012756618408, 2.2075334505436537, 2.2069841366152647, 2.206583206251698, 2.20620118474779, 2.206127997677589, 2.2057847349362683, 2.205423291886865, 2.205173402503416, 2.204960095716218, 2.204632882745547, 2.2045933166233156, 2.204192175581126, 2.2042259720341786, 2.2039281733891207, 2.1951162235516257, 2.1941532323568946, 2.193937186989343, 2.1937491656558445, 2.193589752073977, 2.193524653134993, 2.1934545276433948, 2.193254706040686, 2.1932732833504525, 2.1931381801537535, 2.1930805188772493, 2.192873559705205, 2.1928537193511075, 2.186645714049104, 2.1858957427838304, 2.1857287764700346, 2.1860171391785674, 2.1858166500642726, 2.185730839228902, 2.18579025347121, 2.1814679056368247, 2.1807048357636, 2.1806912655461725, 2.180620372250053, 2.1805697953595256, 2.180690839595819, 2.1803797199698907, 2.1806288682915866, 2.1775189175200853, 2.176967159453756, 2.1768964425390362, 2.17673995945088, 2.1768201660596223, 2.1766991744023314, 2.1766819661107806, 2.1769739840873745, 2.1745618091638854, 2.1742086639573515, 2.174356782904747, 2.17418293439239, 2.174061344754711, 2.174143343854162, 2.1740343634166646, 2.1741815289919217, 2.1727413850743207, 2.1723218871311243, 2.172368069988391, 2.172209475883513, 2.1721285785559012, 2.172021105806184, 2.171999614048367, 2.172050824183475, 2.1723108278934493, 2.1721601810745415, 2.172310409134936, 2.172077655308751, 2.1711371005110265, 2.1709905017313695, 2.1708790086521397, 2.170521827765442, 2.170775754309728, 2.1704880878197073, 2.170633894016232, 2.1699095798233765, 2.1696776748458997, 2.169472701467942, 2.1694186757877, 2.169264974944643, 2.1692731253547812, 2.1691615204998445, 2.1691546537425883, 2.1684884600766257, 2.1685519623967933, 2.1680565462064076, 2.168242136425845, 2.1681330567228176, 2.16803558471085, 2.16825088206655, 2.16781828152665, 2.1674452415437298, 2.167448691965207, 2.167261762431668, 2.167517925910321], "val_losses": [2.2799834661983414, 2.298413845835623, 2.275397710756723, 2.2771279426261883, 2.2562019499124863, 2.278697001363802, 2.2574434264102665, 2.2739582355038723, 2.2813949927110606, 2.292456563893103, 2.274396358155444, 2.2265278364368344, 2.2188656954667563, 2.227336459387951, 2.2202715547861436, 2.2392138066215774, 2.2464123608582653, 2.2346395028750825, 2.218861941053004, 2.2066539029054053, 2.208688023964745, 2.1984640769915047, 2.198586987471526, 2.198994653914675, 2.2083113758330466, 2.204045884430001, 2.1982963449048016, 2.1963338629259876, 2.190257351056318, 2.197176303298707, 2.1970725352780422, 2.201524892537632, 2.202627549138862, 2.21607464158182, 2.195377934223427, 2.1725036820952606, 2.1783915714685356, 2.1742427286634682, 2.178898132200393, 2.172319025819557, 2.1762164820299605, 2.1673150939659, 2.1805929860655975, 2.1808970723988526, 2.1787014892812744, 2.1806038485029564, 2.1816818018980615, 2.1802972883732825, 2.1574228312268615, 2.1605593218618755, 2.1598964095930304, 2.159195486668302, 2.1595660184673404, 2.1600983580044026, 2.157472869258264, 2.1502598203667747, 2.1460652354094867, 2.1519910409401652, 2.147550784645428, 2.149815371204889, 2.149244761955765, 2.1464298431313935, 2.1477517753092736, 2.1397153576305623, 2.1386965067891706, 2.1410956100342213, 2.1389214987092244, 2.1411588273450293, 2.1409802091963472, 2.1388307082082796, 2.1408607853843846, 2.1345001877304632, 2.1341418378173898, 2.1356843829426517, 2.133993016831696, 2.1344144235710893, 2.134236536156344, 2.135144877542396, 2.1348341923368275, 2.132098865943509, 2.132062554359436, 2.132969814443914, 2.1327393435128457, 2.1320849464260094, 2.1306247420625968, 2.1320481574616834, 2.1307719568456767, 2.131920466390449, 2.130889838540201, 2.131299982038337, 2.1324818340683853, 2.127748829628721, 2.128829290220569, 2.1284593330157375, 2.1292018523791927, 2.12954165560781, 2.130271981951859, 2.129768139952136, 2.1279270600077775, 2.127264117597176, 2.1280808739347177, 2.128231904229705, 2.129436633309905, 2.1275646333542393, 2.128148125624602, 2.1294617978749892, 2.1276373947399896, 2.126814027310504, 2.12695347529609, 2.1276701561139224, 2.1275610114555965, 2.128021734450564, 2.127120346034578, 2.12780089476114, 2.1275403936794515, 2.128318815133566, 2.1271090665004793, 2.1278491365067778]}