{"train_losses": [6.785435199737549, 6.679410190582275, 6.587807369232178, 6.503527603149414, 6.424390754699707, 6.3611477279663085, 6.28199499130249, 6.24179479598999, 6.171260871887207, 6.121868381500244, 6.096576423645019, 6.059649887084961], "val_losses": [6.789658069610596, 6.688968992233276, 6.5952756881713865, 6.508342123031616, 6.428642892837525, 6.3564825534820555, 6.290946817398071, 6.231340599060059, 6.178382349014282, 6.131214618682861, 6.08812255859375, 6.051383543014526], "track_tokens_seen": [2048, 53248, 104448, 155648, 206848, 258048, 309248, 360448, 411648, 462848, 514048, 565248]}