{"train_losses": [3.178336501121521, 3.16900349855423, 3.0330960750579834, 3.1319640636444093, 3.0134918332099914, 3.0542887568473818, 2.9844712018966675, 3.042673110961914, 2.905957818031311, 3.0234189867973327, 2.9331257939338684, 2.795841562747955, 2.7213015794754027, 2.7712471961975096, 2.7266212582588194, 2.757816505432129, 2.7757748484611513, 2.744315242767334, 2.7521642684936523, 2.67471204996109, 2.631472134590149, 2.4538435459136965, 2.4247075080871583, 2.3377253353595733, 2.4901694893836974, 2.323761796951294, 2.4132572293281553, 2.2771725058555603, 2.255243754386902, 2.2392190635204314, 2.2627792716026307, 2.206616985797882, 2.160920703411102, 2.207448023557663, 2.1269461870193482, 2.2024343371391297, 2.0835981547832487, 2.0947819888591765, 2.000579172372818, 2.0346134901046753, 1.9483740031719208, 1.8461987614631652, 1.8262390911579132, 1.7994505763053894, 1.7838621258735656, 1.738632571697235, 1.6582471430301666, 1.6645231425762177, 1.6403870344161988, 1.6536194920539855, 1.6207718908786775, 1.5393548250198363, 1.5011153936386108, 1.5422302305698394, 1.5816295385360717, 1.5088577389717102, 1.4346077263355255, 1.4673573136329652, 1.3949888110160829, 1.405666184425354, 1.3155149459838866, 1.2267847299575805, 1.106668609380722, 1.1468720495700837, 1.2214392364025115, 1.1983285039663314, 1.1463996112346648, 1.1376731812953949, 1.0444075971841813, 1.0658701747655868, 1.0536437422037124, 1.0929466396570207, 1.0119535207748414, 1.0298639446496964, 1.0316767692565918, 0.9316396534442901, 0.8637983083724976, 0.9385634452104569, 0.886520978808403, 0.8911010652780533, 0.815007558465004, 0.7327775686979294, 0.7692538678646088, 0.7255567193031311, 0.6718543082475662, 0.7130651593208313, 0.7101620525121689, 0.6886113405227661, 0.5922730714082718, 0.6781611293554306, 0.6045889154076576, 0.6258888736367225, 0.6140353143215179, 0.5846681132912636, 0.6524387046694755, 0.5771283462643624, 0.5742825552821159, 0.5231480240821839, 0.4970251262187958, 0.5055018201470375], "val_losses": [4.780346417427063, 4.822693943977356, 4.850420832633972, 4.868659257888794, 4.867912769317627, 4.889416122436524, 4.91114764213562, 4.901342606544494, 4.892798328399659, 4.90452013015747, 4.883200025558471, 4.91725332736969, 4.897145795822143, 4.891030025482178, 4.891735148429871, 4.894111132621765, 4.893898892402649, 4.90143620967865, 4.897793102264404, 4.905001974105835, 4.907772421836853, 4.976518535614014, 5.012922739982605, 5.042839813232422, 5.059026670455933, 5.054808139801025, 5.07297842502594, 5.070215272903442, 5.074597978591919, 5.070522880554199, 5.062514853477478, 5.076454424858094, 5.0879159450531, 5.091127824783325, 5.11340491771698, 5.093603229522705, 5.105305409431457, 5.069098353385925, 5.103258085250855, 5.070246791839599, 5.093417167663574, 5.2111717700958256, 5.218558287620544, 5.260297870635986, 5.293742227554321, 5.295642757415772, 5.316520762443543, 5.32785918712616, 5.349393677711487, 5.3631905794143675, 5.378365564346313, 5.348052334785462, 5.345379161834717, 5.350437664985657, 5.337626242637635, 5.376748275756836, 5.380307126045227, 5.372882223129272, 5.380367302894593, 5.375070571899414, 5.397190737724304, 5.504981017112732, 5.551620674133301, 5.6085509061813354, 5.6525109052658085, 5.637605667114258, 5.643737030029297, 5.692504072189331, 5.697719287872315, 5.72078857421875, 5.68817367553711, 5.74844331741333, 5.714972186088562, 5.749181699752808, 5.721296572685242, 5.7214478015899655, 5.701050853729248, 5.70372064113617, 5.722609186172486, 5.724719381332397, 5.772630023956299, 5.853464722633362, 5.909871006011963, 5.935713911056519, 5.992736291885376, 6.001871132850647, 6.03479151725769, 6.06019914150238, 6.0562703847885135, 6.081201529502868, 6.068239736557007, 6.107535195350647, 6.092543363571167, 6.0956655740737915, 6.08183901309967, 6.144421887397766, 6.1214134216308596, 6.098680758476258, 6.140432977676392, 6.109527206420898], "track_tokens_seen": [1024, 21504, 41984, 62464, 82944, 103424, 123904, 144384, 164864, 185344, 205824, 226304, 246784, 267264, 287744, 308224, 328704, 349184, 369664, 390144, 410624, 431104, 451584, 472064, 492544, 513024, 533504, 553984, 574464, 594944, 615424, 635904, 656384, 676864, 697344, 717824, 738304, 758784, 779264, 799744, 820224, 840704, 861184, 881664, 902144, 922624, 943104, 963584, 984064, 1004544, 1025024, 1045504, 1065984, 1086464, 1106944, 1127424, 1147904, 1168384, 1188864, 1209344, 1229824, 1250304, 1270784, 1291264, 1311744, 1332224, 1352704, 1373184, 1393664, 1414144, 1434624, 1455104, 1475584, 1496064, 1516544, 1537024, 1557504, 1577984, 1598464, 1618944, 1639424, 1659904, 1680384, 1700864, 1721344, 1741824, 1762304, 1782784, 1803264, 1823744, 1844224, 1864704, 1885184, 1905664, 1926144, 1946624, 1967104, 1987584, 2008064, 2028544]}