{"train_losses": [4.420443439483643, 4.4197140884399415, 4.386369857788086, 4.370081939697266, 4.341757831573486, 4.279551343917847, 4.2331764507293705, 4.249755144119263, 4.249759788513184, 4.14155122756958, 4.103511734008789, 4.191834917068482, 4.075571165084839, 4.066205921173096, 4.086604290008545, 4.022293252944946, 3.973766317367554, 3.9236112880706786, 3.9796708679199218, 3.9663442516326906, 3.8873675727844237, 3.883716764450073, 3.892424421310425, 3.863985900878906, 3.8676245498657225, 3.7900381660461426, 3.7560026264190673, 3.8135801410675048, 3.8166205883026123, 3.7939642906188964, 3.789291572570801, 3.740032215118408, 3.751454553604126, 3.7119493007659914, 3.692791738510132, 3.715604543685913, 3.694977979660034], "val_losses": [4.776330547332764, 4.738508701324463, 4.720683002471924, 4.69221305847168, 4.677749519348144, 4.645728931427002, 4.635520877838135, 4.616414585113525, 4.594398059844971, 4.573225364685059, 4.569672927856446, 4.5541692733764645, 4.541424064636231, 4.529409503936767, 4.516319332122802, 4.496422576904297, 4.487244358062744, 4.482966156005859, 4.473297863006592, 4.458019561767578, 4.458552112579346, 4.445135917663574, 4.438831443786621, 4.434358215332031, 4.429738388061524, 4.4152826309204105, 4.416605300903321, 4.409805507659912, 4.402118167877197, 4.3901071357727055, 4.385486469268799, 4.386993255615234, 4.383134288787842, 4.375436916351318, 4.374332160949707, 4.37407356262207, 4.357433586120606], "track_tokens_seen": [1024, 26624, 52224, 77824, 103424, 129024, 154624, 180224, 205824, 231424, 257024, 282624, 308224, 333824, 359424, 385024, 410624, 436224, 461824, 487424, 513024, 538624, 564224, 589824, 615424, 641024, 666624, 692224, 717824, 743424, 769024, 794624, 820224, 845824, 871424, 897024, 922624]}