{"train_losses": [7.348960876464844], "val_losses": [7.368137073516846], "track_tokens_seen": [4096]}