{"train_losses": [9.604820251464844, 6.7897301197052, 6.265656137466431, 6.0869707584381105, 5.937551021575928, 5.662037992477417, 5.591950368881226, 5.383723163604737, 5.196070909500122, 5.0474165916442875, 4.982167482376099, 4.926509046554566, 4.79334282875061, 4.8173072814941404, 4.73055329322815, 4.669724845886231, 4.580347108840942, 4.563264608383179, 4.5020294189453125, 4.355912923812866, 4.205861759185791, 4.226137638092041, 4.167282247543335, 4.148962163925171, 3.995903253555298, 3.9505792617797852, 3.8925199270248414, 3.8457602977752687, 3.7789093971252443, 3.76037757396698, 3.6608851671218874, 3.614995551109314, 3.489843559265137, 3.3734782695770265, 3.304227685928345, 3.278594398498535, 3.1783029317855833, 3.106488800048828, 3.0565542697906496], "val_losses": [9.691550148857964, 7.188791116078694, 6.983271386888292, 6.749601364135742, 6.629245122273763, 6.4556810061136884, 6.307956695556641, 6.248037868075901, 6.186410744984944, 6.146390491061741, 6.103461212582058, 6.033441172705756, 5.976498603820801, 5.993812719980876, 5.982347594367133, 5.944546964433458, 5.907653119828966, 5.932539463043213, 5.905723041958279, 5.886212295956081, 5.875354713863796, 5.885555850134955, 5.860872904459636, 5.831381162007649, 5.7906096246507435, 5.7829925749037, 5.791926119062635, 5.811026573181152, 5.841857486300999, 5.827174186706543, 5.78054502275255, 5.788911501566569, 5.814399454328749, 5.814152664608425, 5.838842656877306, 5.870475663079156, 5.876925733354357, 5.85477187898424, 5.862128681606716], "track_tokens_seen": [2048, 22528, 43008, 63488, 83968, 104448, 124928, 145408, 165888, 186368, 206848, 227328, 247808, 268288, 288768, 309248, 329728, 350208, 370688, 391168, 411648, 432128, 452608, 473088, 493568, 514048, 534528, 555008, 575488, 595968, 616448, 636928, 657408, 677888, 698368, 718848, 739328, 759808, 780288]}