{"train_losses": [5.403164544697609, 4.831418789769712, 4.622740976664022, 4.466083058992357, 4.330751703229325, 4.206990586553016, 4.093921166874122, 3.988923979960082, 3.8890327232951045, 3.794835750961618, 3.704797984242492, 3.618820326118375, 3.536157123457836, 3.457405127371008, 3.381026564785651, 3.309050833067453, 3.239253226754299, 3.1738871148521626, 3.1121500968449527, 3.0533943525502805, 2.9996785010011235, 2.948446021648522, 2.9032604424923387, 2.862147963348508, 2.8244873266177177, 2.793189809146607, 2.76360226303118, 2.738643956757124, 2.715420274625088, 2.6948462584977246, 2.677026737550067, 2.65961622560161, 2.6442697668525894, 2.6305442919800353, 2.6180800048617527, 2.6062727616586905, 2.5954319139151636, 2.5850262681801843, 2.574866241788263, 2.566221274508718, 2.5577896475195017, 2.5497894730640165, 2.542119915875115, 2.5348340881077096, 2.5281032283564384, 2.5212572593988782, 2.5152884453748534, 2.5096163937836504, 2.503836989757898, 2.4981314164117134, 2.4932109125894972, 2.4881839906715233, 2.48295101678484, 2.478887754497007, 2.474651734684027, 2.470420673439513, 2.466457946525521, 2.4629344778338367, 2.4587099092303024, 2.455590151845861, 2.4523166417697766, 2.4492207137760253, 2.4456416044714575, 2.4426991577013037, 2.4397062240705036, 2.436661826572151, 2.4340614308994772, 2.4312114314056132, 2.42912220886892, 2.4268384680832913, 2.424202851638025, 2.4218562272532385, 2.419745672457102, 2.4177649844438545, 2.4160851479453145, 2.413651285950068, 2.411893717423738, 2.409856230388873, 2.4085043859684307, 2.406754802643531, 2.4045639726729826, 2.403476483197601, 2.401347840694433, 2.40005159625885, 2.398671210503528, 2.3964995040997525, 2.3956784796123913, 2.3941553323420157, 2.39295170560584, 2.3918043393376074, 2.390354356211447, 2.38924176561339, 2.38830062648964, 2.3867108972080007, 2.3856735590059297, 2.3848977884563527, 2.3838276193797334, 2.382460542630959, 2.3814387244250965, 2.380736732117205, 2.3794999656518874, 2.3786350129833465, 2.3776523485197014, 2.3771413908701717, 2.3758569657443678, 2.375143699065099, 2.374587497391114, 2.3739031119031386, 2.372305544185693, 2.37170724046089, 2.37111763299218, 2.370429927899129], "val_losses": [4.883818277140311, 4.580282693853123, 4.3705390730518925, 4.223185918566437, 4.083524130578049, 3.958396776839113, 3.8386938811300553, 3.7354559063299413, 3.6505060140160377, 3.552236409440288, 3.4585447824144118, 3.3752382901894045, 3.309504609344622, 3.234205184768964, 3.1437055101682985, 3.083793972671474, 3.0453976725280727, 2.957054333624266, 2.922097878257547, 2.8718990211954676, 2.8323973771577826, 2.7814721657219303, 2.7553045159398115, 2.730416747548549, 2.6951257910513564, 2.6663607585382545, 2.6490553535193766, 2.6486677170071817, 2.606930873085279, 2.581815620456093, 2.593485936530984, 2.567025945313101, 2.556355630746244, 2.550841883122411, 2.5181569864052196, 2.4987177168785744, 2.4807623885253194, 2.475762640076641, 2.475823787301864, 2.4594892799956285, 2.450219964001836, 2.4326891733181526, 2.4309304548003507, 2.4059529981814447, 2.405059823565529, 2.3889647926933346, 2.39342738551136, 2.3821679336713233, 2.371296006342512, 2.3746176839078825, 2.3545465662488922, 2.358527098188928, 2.3611920681668908, 2.348616497148056, 2.33616191240562, 2.3299599585367217, 2.3159185477956936, 2.3162616430115035, 2.3143993101321283, 2.2999779005698047, 2.2937414115725145, 2.2938927110099683, 2.2935806017090643, 2.2853358961552535, 2.2831394106608696, 2.2918460209983045, 2.2810998055435765, 2.279211604792393, 2.274312992947345, 2.278472877541611, 2.27095124494397, 2.2713139413495234, 2.267754757261521, 2.2679370495501887, 2.2675535680223584, 2.2636680532984235, 2.265223081970106, 2.263577262673865, 2.2615958580750433, 2.259941715481481, 2.2588486261389558, 2.2613542039123726, 2.2563409609449163, 2.258715322340004, 2.257639150040121, 2.2610886184678236, 2.260150545675688, 2.2543739544889685, 2.2611880126301385, 2.2552501348788168, 2.267199469918329, 2.257671580067105, 2.259469954612523, 2.259230695992147, 2.2559852206360187, 2.2553873833288005, 2.2576943266684166, 2.2665378843384745, 2.262339074409015, 2.2631984819226174, 2.253499952507781, 2.265444079876218, 2.2649078866242682, 2.270621832139276, 2.268043945125356, 2.270434949782938, 2.2620756963424116, 2.27816706416407, 2.2633957827492437, 2.2713442710353116, 2.279809511394686, 2.2711278204909746]}