{"train_losses": [2.514280955877592, 1.4552836669783142, 1.3021284015977341], "val_losses": [1.6136487586521615, 1.3621610014542658, 1.272220612633791]}