{"train_losses": [0.8534489488112107, 0.5299469695328368, 0.4872912170242874, 0.4660332881920648, 0.45286467845106054, 0.4440939271526724, 0.437786833733276], "val_losses": [0.5708861471496304, 0.5041406559073702, 0.47669505425467623, 0.46074209800811083, 0.450024650336798, 0.4427572281521978, 0.43750615605051135]}