layer,neuron,concept,AP,AUROC,ΔP,P(fire|1),P(fire|0),lift,label_support,neuron_fires_total
6,2,female,0.21255467592924232,0.4072150405252898,-0.025824338944366323,0.06579518690543544,0.09161952584980176,0.7181349859044229,152,57
6,2,male,0.17612813861331944,0.3714455311210357,-0.09773843924875411,0.007526202613494532,0.10526464186224864,0.07149791687195373,133,57
6,2,family,0.1722822957001112,0.4308723489395759,-0.012276213140447245,0.07563738424564292,0.08791359738609017,0.8603604731655541,119,57
6,2,marriage,0.2982324795294585,0.5344572611653357,0.05081387924353435,0.12422827045626762,0.07341439121273327,1.6921514760586729,161,57
6,2,love,0.28683218510048825,0.6804180089885853,0.17910000390324166,0.24138525551136758,0.062285251608125924,3.8754801381584247,87,57
6,2,wealth,0.25241301912269665,0.6234592592592594,0.09148532332080063,0.1600054399129614,0.06852011659216077,2.335160064933866,125,57
6,2,emotion,0.2834979982076461,0.5797277588721439,0.06697083022192396,0.1405018098874399,0.07353097966551594,1.9107838699369415,121,57
6,2,scandal,0.15797325325501058,0.6540893760539628,0.07521432838304276,0.15278742257159525,0.07757309418855249,1.9695929905574474,72,57
6,2,duty,0.1754693733396665,0.61052738336714,0.07708581086335109,0.15294934236841487,0.07586353150506378,2.0161115536282357,85,57
6,2,class,0.169279922878594,0.5594460506121284,-0.00575734987153588,0.08081654916062302,0.0865738990321589,0.9334978563189034,99,57
6,2,society,0.25252207356636797,0.6060196700689024,0.045362562078093985,0.12214317338666586,0.07678061130857187,1.5908075138161715,131,57
6,70,female,0.22535954887156198,0.4933184569611163,-0.003163060340580371,0.006585439665267561,0.009748500005847932,0.6755336370356005,152,6
6,70,male,0.20013997406070325,0.5128045678105037,-0.011272514097902083,7.518683929564969e-06,0.011280032781831649,0.0006665480565808727,133,6
6,70,family,0.17582789524570086,0.4846246190784006,-0.01098239901137971,8.403220113947665e-06,0.010990802231493658,0.0007645684033058152,119,6
6,70,marriage,0.24745546334560217,0.5117322291235334,-0.011900487679973674,6.211102967664998e-06,0.011906698782941339,0.0005216477783113119,161,6
6,70,love,0.16583027529202288,0.5623036232748677,0.002853263436109789,0.011505482632583159,0.00865221919647337,1.329772439877968,87,6
6,70,wealth,0.21247257974065098,0.542474074074074,-0.0012532049367766137,0.008007871874050014,0.009261076810826628,0.8646804293668918,125,6
6,70,emotion,0.2074699688176775,0.5353974234321828,0.009182164372943839,0.016536916745177765,0.007354752372233927,2.2484668287895584,121,6
6,70,scandal,0.1111623749876244,0.5190181750046843,-0.010105807551890875,1.3888503097136193e-05,0.010119696054988012,0.001372422948307633,72,6
6,70,duty,0.12848664639254312,0.4906288032454361,0.00315380944058476,0.01177619350132938,0.00862238406074462,1.3657700024726838,85,6
6,70,class,0.17320232225994658,0.532551665060499,0.025010417533009234,0.030312518939011334,0.005302101406002099,5.7170764216202645,99,6
6,70,society,0.2323620226981267,0.5116933985190267,0.026794341473234742,0.0305415184501,0.0037471769768652554,8.150540695171362,131,6
6,94,female,0.22602208646616542,0.47387016517902947,-0.00633075023182606,0.01316430046973066,0.01949505070155672,0.6752637205505806,152,12
6,94,male,0.2,0.45394736842105265,-0.022550667187552123,7.518683929564969e-06,0.022558185871481687,0.0003333017988266899,133,12
6,94,family,0.17791046243058628,0.460353372118078,-0.02197136974775064,8.403220113947665e-06,0.02197977296786459,0.00038231605603257295,119,12
6,94,marriage,0.23765014483013927,0.4798999309868875,-0.02380520234380437,6.211102967664998e-06,0.023811413446772036,0.000260845622679579,161,12
6,94,love,0.13255486195595087,0.48465775762637714,0.005696762981395372,0.02299947127652238,0.017302708295127006,1.3292411154888697,87,12
6,94,wealth,0.19309923034536694,0.47445185185185185,-0.0025125579005621027,0.016007743876097984,0.018520301776660086,0.8643349373176604,125,12
6,94,emotion,0.2034158828774151,0.5357240520175013,0.00825534790280548,0.024801242954661906,0.016545895051856427,1.4989363147435355,121,12
6,94,scandal,0.1115505899554605,0.5128700580850666,-0.004648979221450243,0.013902391600233327,0.01855137082168357,0.7493996930531014,72,12
6,94,duty,0.13125430534607935,0.4913995943204868,-0.007190982473925878,0.01177619350132938,0.018967175975255258,0.6208722645939402,85,12
6,94,class,0.1543317405306826,0.4989827604668594,0.014409748277423567,0.030312518939011334,0.015902770661587767,1.9061155808731731,99,12
6,94,society,0.19191790349459725,0.4815092775252309,-0.02246606512913506,7.63347124471382e-06,0.022473698600379774,0.00033966243741673935,131,12
6,101,female,0.22459273740399044,0.5155432440751001,-0.014615440153459204,0.02632202207865686,0.04093746223211606,0.6429812851800044,152,25
6,101,male,0.19459688961323682,0.49517355418621745,-0.009393161103767308,0.03008225440218944,0.03947541550595675,0.762050355033959,133,25
6,101,family,0.20248241470086237,0.5612398805676116,0.025862200313512086,0.058830944017747605,0.03296874370423552,1.784446036031549,119,25
6,101,marriage,0.2434226481387759,0.44605885832593906,-0.016817862468890433,0.024850622973627657,0.04166848544251809,0.5963889186064332,161,25
6,101,love,0.11961901975356223,0.473630831643002,-0.04324268160244399,1.1493988643939221e-05,0.04325417559108793,0.0002657313077085142,87,25
6,101,wealth,0.190172135730326,0.5028444444444444,-0.016734825816514445,0.02400761587814595,0.040742441694660396,0.5892532425395378,125,25
6,101,emotion,0.1771199712128417,0.48585622265435097,0.004563486426604257,0.041329895373630195,0.03676640894702594,1.124121081067649,121,25
6,101,scandal,0.1021755680979529,0.4681703204047218,-0.042146171665334006,1.3888503097136193e-05,0.04216006016843114,0.00032942322760739996,72,25
6,101,duty,0.13270916863965262,0.5325659229208924,-0.016116137230690036,0.023540622573586505,0.03965675980427654,0.593609328880528,85,25
6,101,class,0.15482312342728943,0.5376735553413998,-0.03229353695018529,0.010110906850366658,0.042404443800551944,0.23843979413300578,99,25
6,101,society,0.19847822861627323,0.5282042485061612,-0.03730441983263867,0.007641104715958534,0.0449455245485972,0.17000813301281212,131,25
6,105,female,0.23523232904612404,0.4683107622858315,0.0019529650475617472,0.10526835173221405,0.1033153866846523,1.0189029447521099,152,69
6,105,male,0.2036707448671728,0.45474588727457743,0.03007927235071875,0.12782514548653404,0.09774587313581529,1.3077293330595827,133,69
6,105,family,0.24319075303506443,0.5697971496290823,0.08856242822692476,0.17647602561301493,0.08791359738609017,2.0073803240695263,119,69
6,105,marriage,0.22227977631129942,0.43958887902987276,-0.04675254878885808,0.06832834374728264,0.11508089253614072,0.5937418648819623,161,69
6,105,love,0.12496139701682275,0.40494372191067096,-0.07969472627958617,0.0344934599204616,0.11418818620004777,0.3020755567456863,87,69
6,105,wealth,0.15784465507199782,0.3994074074074073,-0.08836428852063424,0.03200748788019392,0.12037177640082816,0.2659052548443391,125,69
6,105,emotion,0.17528040313786922,0.44100935828876997,-0.025805795427030556,0.08265152642105089,0.10845732184808145,0.7620649764527713,121,69
6,105,scandal,0.10635379044931013,0.5169570919992504,-0.03847071935987842,0.0694564039887781,0.10792712334865652,0.643549108260367,72,69
6,105,duty,0.111952455127,0.4773732251521299,-0.09197794460376807,0.023540622573586505,0.11551856717735458,0.20378215509928393,85,69
6,105,class,0.13149349503519103,0.4493611021879573,-0.06256144114346707,0.05051413102765601,0.11307557217112309,0.4467289446987157,99,69
6,105,society,0.18378990396280032,0.5002859021642794,-0.05315825112664564,0.061075403428955274,0.11423365455560092,0.534653326692734,131,69
6,113,female,0.2500597088207108,0.5497524879450086,0.01145652204242148,0.03290088288311996,0.02144436084069848,1.5342440432705422,152,16
6,113,male,0.20601088617541416,0.5035474023404376,0.007524068530707754,0.03008225440218944,0.022558185871481687,1.3335404971055862,133,16
6,113,family,0.1723162651533183,0.4878489857481454,-0.008827919765312286,0.01681484344800928,0.025642763213321564,0.6557344583916813,119,16
6,113,marriage,0.23855334403561443,0.48965419501133783,-0.007156012551447828,0.018639520005962657,0.025795532557410485,0.7225871365034233,161,16
6,113,love,0.1686109185010243,0.5728532792427317,0.05167271755715226,0.06897542585227927,0.017302708295127006,3.986394769639534,87,16
6,113,wealth,0.1938963429513264,0.5078444444444444,0.009783496117200446,0.03200748788019392,0.022223991762993472,1.4402222706026793,125,16
6,113,emotion,0.3274616207476305,0.6284258021390374,0.0817228717223766,0.09091585263053503,0.009192980908158427,9.889703190829092,121,16
6,113,scandal,0.11211564162575974,0.5366310661420274,-0.026969157085281997,1.3888503097136193e-05,0.026983045588379134,0.0005147122125681351,72,16
6,113,duty,0.12512655824385058,0.43561866125760657,-0.02757607147494187,1.1764429072257124e-05,0.02758783590401413,0.0004264353721967341,85,16
6,113,class,0.14395045756049504,0.4819841524788521,-0.01639253306680678,0.010110906850366658,0.026503439917173438,0.38149413365144347,99,16
6,113,society,0.19017392132594213,0.45387683334762846,-0.020450550371475595,0.007641104715958534,0.02809165508743413,0.2720062129448728,131,16
6,170,female,0.22678660598364983,0.4825138504155124,-0.005112370479722129,0.006585439665267561,0.01169781014498969,0.562963459235592,152,7
6,170,male,0.20091896407685883,0.4849765390920911,-0.0037538301683371165,0.007526202613494532,0.011280032781831649,0.6672146046374534,133,7
6,170,family,0.19566903684550743,0.4979376365930988,0.01789025157592026,0.02521806356195694,0.007327811986036682,3.441417930286576,119,7
6,170,marriage,0.24332936142350983,0.49402913339248744,-0.005689384712308677,0.006217314070632662,0.011906698782941339,0.522169426089623,161,7
6,170,love,0.1303171722409472,0.4928608360179772,0.0011231656163790613,0.011505482632583159,0.010382317016204097,1.108180631887652,87,7
6,170,wealth,0.18608608934924722,0.4908518518518518,-0.012956766925157964,7.999872002047968e-06,0.012964766797160012,0.0006170471190568061,125,7
6,170,emotion,0.17988830547442988,0.4914696767136606,-0.012861173653797945,8.26432620948414e-06,0.012869437980007429,0.0006421668313473005,121,7
6,170,scandal,0.10827067669172932,0.47386172006745364,-0.011792142505229987,1.3888503097136193e-05,0.011806031008327124,0.0011763905317683692,72,7
6,170,duty,0.12758789557012737,0.49350912778904665,-0.012058883603175908,1.1764429072257124e-05,0.012070648032248166,0.0009746311084419351,85,7
6,170,class,0.14687709008591862,0.4840007852375343,-0.012359113437014891,1.0100806044322337e-05,0.012369214243059213,0.0008166085448130736,99,7
6,170,society,0.1955357951645063,0.4852188581067558,-0.0035966809103125308,0.007641104715958534,0.011237785626271065,0.6799475421043484,131,7
6,190,female,0.22982406847538425,0.49451113163024524,-0.002432129953542545,0.01316430046973066,0.015596430423273204,0.844058551323555,152,10
6,190,male,0.19893852277753207,0.47461699361184917,-0.018791282824335443,7.518683929564969e-06,0.018798801508265007,0.00039995549321904266,133,10
6,190,family,0.1776924223108889,0.48100778773047675,-0.01830837950229366,8.403220113947665e-06,0.01831678272240761,0.0004587716216783485,119,10
6,190,marriage,0.24063107521606186,0.49667258207630877,-0.011641742044224024,0.006217314070632662,0.017859056114856685,0.34813228819592756,161,10
6,190,love,0.1298706536456083,0.47884102931233347,-0.017291214306483067,1.1493988643939221e-05,0.017302708295127006,0.0006642884135376661,87,10
6,190,wealth,0.19510338395395602,0.49997037037037034,-0.008660584909443379,0.008007871874050014,0.016668456783493393,0.4804207118621629,125,10
6,190,emotion,0.1928059049943214,0.5060008507535246,0.011931804974654478,0.024801242954661906,0.012869437980007429,1.9271426608732487,121,10
6,190,scandal,0.1117629142300195,0.5041690088064456,0.014298528735703283,0.027790894697369516,0.013492365961666234,2.0597495483199704,72,10
6,190,duty,0.1296737318409145,0.5059229208924949,-0.003742718502422332,0.01177619350132938,0.015518912003751712,0.7588285504630509,85,10
6,190,class,0.1486257731871767,0.4895956026698076,0.006075720442365507,0.020211712894688996,0.01413599245232349,1.4298050144994987,99,10
6,190,society,0.1953985897738409,0.4795008148211682,-0.009214637397366884,0.007641104715958534,0.01685574211332542,0.45332354186081697,131,10
6,197,female,0.2265856762024329,0.48066071611777983,-0.0012137502014386136,0.006585439665267561,0.0077991898667061745,0.8443748359731122,152,5
6,197,male,0.1978337147215866,0.47077279665328736,-0.009392821916293743,7.518683929564969e-06,0.009400340600223309,0.0007998310112919236,133,5
6,197,family,0.17604719952900766,0.48310093268076465,-0.009150903888651222,8.403220113947665e-06,0.00915930710876517,0.0009174515073294785,119,5
6,197,marriage,0.23855394530757493,0.5061988563541359,-0.009916368569335223,6.211102967664998e-06,0.009922579672302888,0.0006259564722242773,161,5
6,197,love,0.1315358880171472,0.5119914091397207,-0.008640725207829431,1.1493988643939221e-05,0.00865221919647337,0.0013284439958820863,87,5
6,197,wealth,0.1866347931476879,0.5009777777777777,-0.00925307693882458,7.999872002047968e-06,0.009261076810826628,0.0008638166127541378,125,5
6,197,emotion,0.1825236204425867,0.507413709285367,0.0009178381634596978,0.008272590535693625,0.007354752372233927,1.1247952501840819,121,5
6,197,scandal,0.10622766406757635,0.4758993816750983,-0.008419472598551763,1.3888503097136193e-05,0.0084333611016489,0.0016468526519958745,72,5
6,197,duty,0.1283033204960786,0.49371196754563895,0.004877941426336534,0.01177619350132938,0.006898252074992846,1.7071271637510383,85,5
6,197,class,0.17581347413883303,0.5014455509155156,0.026777195742273514,0.030312518939011334,0.003535323196737821,8.574186076794247,99,5
6,197,society,0.19952863508425234,0.5131086142322097,0.00014862341439037408,0.007641104715958534,0.00749248130156816,1.0198363409114455,131,5
6,209,female,0.22681277497148444,0.49574227967579765,-0.009010990758005644,0.006585439665267561,0.015596430423273204,0.42224018484501674,152,9
6,209,male,0.27108811159803414,0.551147605856747,0.048877042135486055,0.052638306190884346,0.0037612640553982882,13.994844659029269,133,9
6,209,family,0.3059676432526246,0.5791239572752178,0.0756355527505202,0.07563738424564292,1.8314951227284884e-06,41298.1405240222,119,9
6,209,marriage,0.23871649762463754,0.49420782805875973,-0.01785284501188902,6.211102967664998e-06,0.017859056114856685,0.0003477845036922354,161,9
6,209,love,0.13082706766917293,0.47750865051903113,-0.01556111648675234,1.1493988643939221e-05,0.015572610475396279,0.0007380900370789401,87,9
6,209,wealth,0.18646184692500478,0.4954074074074074,-0.016660456911491345,7.999872002047968e-06,0.016668456783493393,0.0004799407710910719,125,9
6,209,emotion,0.18195488721804512,0.47610294117647056,-0.016537630725646943,8.26432620948414e-06,0.016545895051856427,0.0004994789452660898,121,9
6,209,scandal,0.10827067669172932,0.47807757166947723,-0.015164812411908209,1.3888503097136193e-05,0.015178700915005346,0.000914999457067588,72,9
6,209,duty,0.12705108359133127,0.4842799188640973,-0.015507147574679454,1.1764429072257124e-05,0.015518912003751712,0.0007580704799830678,85,9
6,209,class,0.1470457028351765,0.48847128529107325,-0.015892669855543443,1.0100806044322337e-05,0.015902770661587767,0.0006351601402443095,99,9
6,209,society,0.1959976276569286,0.48038711153043423,-0.016848108642080705,7.63347124471382e-06,0.01685574211332542,0.00045287067118962733,131,9
6,226,female,0.2287124060150376,0.49550502718785266,-0.005112370479722129,0.006585439665267561,0.01169781014498969,0.562963459235592,152,7
6,226,male,0.25413533834586466,0.5338345864661654,0.05263642649870274,0.052638306190884346,1.87969218160834e-06,28003.66927215479,133,7
6,226,family,0.18053853120195446,0.5069720195770616,-0.0025791788974320468,0.008411623334061612,0.010990802231493658,0.7653329717091208,119,7
6,226,marriage,0.2437070938215103,0.4952060534358671,-0.005689384712308677,0.006217314070632662,0.011906698782941339,0.522169426089623,161,7
6,226,love,0.13082706766917293,0.4922145328719723,-0.012100920847290886,1.1493988643939221e-05,0.012112414835934825,0.0009489427829775269,87,7
6,226,wealth,0.18779949874686716,0.4965777777777778,-0.003105049929943305,0.008007871874050014,0.01111292180399332,0.7205910393837085,125,7
6,226,emotion,0.18871559062946625,0.4968400583373846,-0.002758618908389304,0.008272590535693625,0.011031209444082929,0.7499259783686787,121,7
6,226,scandal,0.10954469507101088,0.5001990818812067,0.003782695545245315,0.013902391600233327,0.010119696054988012,1.3737953712559403,72,7
6,226,duty,0.13023735810113518,0.49902636916835696,0.0014296774548329862,0.01177619350132938,0.010346516046496394,1.138179600482902,85,7
6,226,class,0.14887218045112782,0.4920494699646643,-0.012359113437014891,1.0100806044322337e-05,0.012369214243059213,0.0008166085448130736,99,7
6,226,society,0.19699248120300752,0.49157303370786515,-0.013102804317377804,7.63347124471382e-06,0.013110437788622517,0.0005822438096427295,131,7
6,263,female,0.22857142857142856,0.48830409356725146,-0.021437781979894016,6.578860804463099e-06,0.02144436084069848,0.0003067874511638756,152,11
6,263,male,0.2,0.4887218045112782,-0.020670975005943785,7.518683929564969e-06,0.02067849368987335,0.0003635992080449947,133,11
6,263,family,0.17954444935869085,0.494166897528242,-0.009905159388345998,0.008411623334061612,0.01831678272240761,0.4592303933000268,119,11
6,263,marriage,0.2446878064727035,0.49636448782411513,-0.005430639076559026,0.012428417038297659,0.017859056114856685,0.6959167918881629,161,11
6,263,love,0.13123901708293723,0.4962414986278488,-0.0057972256625438475,0.011505482632583159,0.017302708295127006,0.6649527019512036,87,11
6,263,wealth,0.18796992481203006,0.4888888888888889,-0.02036414689782473,7.999872002047968e-06,0.02037214676982678,0.0003926867448993596,125,11
6,263,emotion,0.18565887860146235,0.5041474234321828,0.01009357643872998,0.024801242954661906,0.014707666515931927,1.6862799361210656,121,11
6,263,scandal,0.10896686159844053,0.5052463931047404,-0.0029626442681111326,0.013902391600233327,0.01686503586834446,0.8243321691063626,72,11
6,263,duty,0.12781954887218044,0.4896551724137931,-0.018955411546183,1.1764429072257124e-05,0.018967175975255258,0.000620252012581359,85,11
6,263,class,0.14887218045112782,0.48939929328621906,-0.019426226274072003,1.0100806044322337e-05,0.019436327080116327,0.0005196869759480399,99,11
6,263,society,0.2705504218561672,0.5458015267175572,0.08397394451093439,0.08397581716309674,1.8726521623514522e-06,44843.230370353274,131,11
6,271,female,0.20938371943952236,0.4241497383810403,-0.12085357371836902,0.10526835173221405,0.22612192545058307,0.4655380123886039,152,132
6,271,male,0.18244209043446605,0.4097037707049579,-0.18232509620233978,0.052638306190884346,0.2349634023932241,0.22402768113890023,133,132
6,271,family,0.1683994184178332,0.38815526210484197,-0.18034249305511232,0.05042772390379994,0.23077021695891226,0.21851920307619194,119,132
6,271,marriage,0.2984214443341655,0.5926439416346247,0.1314711641381471,0.29813915355088755,0.16666798941274044,1.7888207243610532,161,132
6,271,love,0.12370416800802175,0.4853140038977052,-0.04322593782225259,0.16092733500379303,0.20415327282604562,0.7882672306709836,87,132
6,271,wealth,0.179966927926718,0.5124592592592593,-0.03755133417148665,0.16800531191500936,0.20555664608649601,0.8173188029322935,125,132
6,271,emotion,0.17657082297687715,0.4201127248420029,-0.13151163844486546,0.09091585263053503,0.2224274910754005,0.4087437761877501,121,132
6,271,scandal,0.1485120751351051,0.6668306164511897,0.18236177763973893,0.36111496902863816,0.17875319138889922,2.020187534671583,72,132
6,271,duty,0.14378462237798334,0.5334381338742393,0.0017301561640036822,0.2000070586574434,0.1982769024934397,1.0087259592077409,85,132
6,271,class,0.1509913812019045,0.495324267409073,-0.0314574572840772,0.17172380355952407,0.20318126084360127,0.8451754007514662,99,132
6,271,society,0.20717796518904547,0.56542156274123,0.10454224145010574,0.28244606952565604,0.1779038280755503,1.5876334566793144,131,132
6,305,female,0.22644785984569266,0.4882399712732123,-0.009010990758005644,0.006585439665267561,0.015596430423273204,0.42224018484501674,152,9
6,305,male,0.223588685331727,0.5302589179716207,0.020681913801966132,0.03008225440218944,0.009400340600223309,3.2001238761789867,133,9
6,305,family,0.17577083996809778,0.4851325145442793,-0.016476884379565175,8.403220113947665e-06,0.016485287599679124,0.0005097405830882495,119,9
6,305,marriage,0.2389947344790251,0.4947007788622696,-0.01785284501188902,6.211102967664998e-06,0.017859056114856685,0.0003477845036922354,161,9
6,305,love,0.13073732075546957,0.48067056437179334,-0.01556111648675234,1.1493988643939221e-05,0.015572610475396279,0.0007380900370789401,87,9
6,305,wealth,0.19463324979114452,0.4799407407407408,0.0030429770789379713,0.016007743876097984,0.012964766797160012,1.234711285232669,125,9
6,305,emotion,0.18141272602995093,0.4804022848808945,-0.006435075980238302,0.008272590535693625,0.014707666515931927,0.5624679160470465,121,9
6,305,scandal,0.1075385222315047,0.47578227468615325,-0.015164812411908209,1.3888503097136193e-05,0.015178700915005346,0.000914999457067588,72,9
6,305,duty,0.15558736442361426,0.5350304259634888,0.024958535599347232,0.035305051645843626,0.010346516046496394,3.412264716332856,85,9
6,305,class,0.15174099148099615,0.5132598065460257,-0.004025085601956831,0.010110906850366658,0.01413599245232349,0.7152597798670655,99,9
6,305,society,0.19437192390732083,0.4969837321668525,-0.007341985235015432,0.007641104715958534,0.014983089950973966,0.5099819022945828,131,9
6,346,female,0.21176814213014714,0.4776982661331692,-0.05067743406702039,6.578860804463099e-06,0.05068401292782485,0.00012980149803255988,152,26
6,346,male,0.1884888293490864,0.4802348917406298,-0.030069605507722273,0.0150448865430595,0.045114492050781774,0.33348234367331886,133,26
6,346,family,0.1711792183832303,0.4107796964939822,-0.03737758622927333,0.008411623334061612,0.04578920956333494,0.18370317841462364,119,26
6,346,marriage,0.257174390335938,0.5446798284531204,0.005783684655381469,0.04348393187662265,0.037700247221241184,1.153412380037906,161,26
6,346,love,0.20903234902226847,0.6046613371514934,0.1269403446055346,0.1494333463598538,0.02249300175431919,6.643548423878797,87,26
6,346,wealth,0.18410926068092096,0.4905111111111112,-0.018586670809681138,0.02400761587814595,0.04259428668782709,0.5636346501946091,125,26
6,346,emotion,0.19499591797088683,0.5051349052017502,0.022930367381497042,0.057858547792598476,0.034928180411101434,1.6565004849938432,121,26
6,346,scandal,0.14428203749656887,0.6088977890200487,0.034041683633703405,0.0694564039887781,0.035414720355074696,1.9612297736769855,72,26
6,346,duty,0.14256068246294473,0.5006085192697769,0.009136852899575984,0.047069480718100756,0.03793262781852477,1.2408705492814036,85,26
6,346,class,0.1517088268271621,0.476148409893993,0.00154243760131028,0.04041332498333367,0.03887088738202339,1.0396810493445008,99,26
6,346,society,0.18455684527841382,0.4306258398376076,-0.039177071994990126,0.007641104715958534,0.04681817671094866,0.16320807969457762,131,26
6,376,female,0.22867513676061801,0.5086308607776752,-0.01583381990556313,0.03290088288311996,0.04873470278868309,0.6751017447486091,152,30
6,376,male,0.2002610404741989,0.4936825145570694,-0.028189998122982323,0.02256357047262447,0.05075356859560679,0.44457111286028844,133,30
6,376,family,0.18354501597786987,0.509034382983963,0.006470009463193489,0.05042772390379994,0.04395771444060645,1.147187121632274,119,30
6,376,marriage,0.2575362524593867,0.522250566893424,0.0060424302911311,0.04969503484428764,0.04365260455315654,1.138420842280664,161,30
6,376,love,0.13182442496354427,0.5140794654575827,-0.012220911310087783,0.0344934599204616,0.04671437123054938,0.7383907566578961,87,30
6,376,wealth,0.1957803341220023,0.5018592592592592,-0.006290616791918585,0.04000735988224189,0.046297976674160475,0.8641276089221931,125,30
6,376,emotion,0.1932404349513279,0.5235096621293146,0.015577453237799042,0.057858547792598476,0.042281094554799434,1.3684259691111138,121,30
6,376,scandal,0.11013510492750486,0.5179173693086003,-0.0038533322806036524,0.04167939779450571,0.045532730075109364,0.9153722547459227,72,30
6,376,duty,0.1262322738483729,0.46952332657200807,-0.0382253582174578,0.01177619350132938,0.05000155171878718,0.23551656091243206,85,30
6,376,class,0.14847997261121174,0.5015793982225077,-0.0055246752357468315,0.04041332498333367,0.0459380002190805,0.879736270401865,99,30
6,376,society,0.4968989283137924,0.6858078165651714,0.229009898160497,0.22901177081265933,1.8726521623514522e-06,122292.67833296687,131,30
6,408,female,0.21811297965039655,0.44751590232892174,0.0004915915946087576,0.03947974368758306,0.0389881520929743,1.0126087430977457,152,26
6,408,male,0.1872713429299402,0.5042399231160608,-0.03946798161889557,0.007526202613494532,0.04699418423239011,0.1601517876364592,133,26
6,408,family,0.20009296120320766,0.5434635392618585,0.024030705190783597,0.058830944017747605,0.03480023882696401,1.6905327664151988,119,26
6,408,marriage,0.24440055201364347,0.4684080153800651,0.013978906733684904,0.04969503484428764,0.035716128110602735,1.3913891978717514,161,26
6,408,love,0.1730728107642062,0.6027124845881559,-0.005300520031164872,0.0344934599204616,0.03979397995162647,0.8668009573690548,87,26
6,408,wealth,0.18825861648547007,0.5056592592592593,-0.018586670809681138,0.02400761587814595,0.04259428668782709,0.5636346501946091,125,26
6,408,emotion,0.22473968606920175,0.5442087992221681,0.04313547687231432,0.07438720021156675,0.031251723339252434,2.380259142885587,121,26
6,408,scandal,0.11558225077916073,0.5308108487914558,0.034041683633703405,0.0694564039887781,0.035414720355074696,1.9612297736769855,72,26
6,408,duty,0.1546066578477091,0.5671095334685599,0.009136852899575984,0.047069480718100756,0.03793262781852477,1.2408705492814036,85,26
6,408,class,0.159114071941573,0.5642913231252453,-0.03406031515944957,0.010110906850366658,0.04417122200981623,0.2289025838563125,99,26
6,408,society,0.245993618692512,0.5709108842953942,0.04637803866859733,0.07634234591838292,0.029964307249785587,2.547776101727879,131,26
6,420,female,0.25988099958162925,0.5585308299989742,-0.0109603008971474,0.006585439665267561,0.017545740562414962,0.3753298210164475,152,10
6,420,male,0.22175205986831759,0.4986008253716999,0.037598973842704414,0.04511962226131938,0.007520648418614969,5.999432461653266,133,10
6,420,family,0.17826756714013195,0.4802151629882722,-0.01830837950229366,8.403220113947665e-06,0.01831678272240761,0.0004587716216783485,119,10
6,420,marriage,0.22597872582653855,0.46500665483584736,-0.011641742044224024,0.006217314070632662,0.017859056114856685,0.34813228819592756,161,10
6,420,love,0.1316135497337203,0.4896790359145687,-0.017291214306483067,1.1493988643939221e-05,0.017302708295127006,0.0006642884135376661,87,10
6,420,wealth,0.17270435902157685,0.47312592592592595,-0.018512301904658038,7.999872002047968e-06,0.018520301776660086,0.000431951492912374,125,10
6,420,emotion,0.18226763646663063,0.4812682304326689,-0.008273304516162802,0.008272590535693625,0.016545895051856427,0.4999784242113559,121,10
6,420,scandal,0.09766000664789042,0.45767753419524076,-0.016851147365247322,1.3888503097136193e-05,0.01686503586834446,0.0008235086604459168,72,10
6,420,duty,0.13808619475060585,0.5001014198782961,0.009745842555586567,0.023540622573586505,0.013794780017999938,1.7064877106531127,85,10
6,420,class,0.14153035713848092,0.4981261377021095,-0.017659448064807723,1.0100806044322337e-05,0.017669548870852047,0.0005716504771897786,99,10
6,420,society,0.18078034725539677,0.4462289504531549,-0.018720760804432156,7.63347124471382e-06,0.01872839427567687,0.000407588132326969,131,10
6,424,female,0.23427440189684184,0.4849248486713861,0.0034158004638827275,0.01316430046973066,0.009748500005847932,1.3503924152929438,152,7
6,424,male,0.19265187001806708,0.4443863417943355,-0.0037538301683371165,0.007526202613494532,0.011280032781831649,0.6672146046374534,133,7
6,424,family,0.16303331296990442,0.4564979838089082,-0.0128138941341082,8.403220113947665e-06,0.012822297354222148,0.0006553599469072738,119,7
6,424,marriage,0.2356024585453835,0.47750295770482104,-0.013884606790612123,6.211102967664998e-06,0.013890817893579788,0.0004471373114817506,161,7
6,424,love,0.14337790384037824,0.560484031340731,0.0011231656163790613,0.011505482632583159,0.010382317016204097,1.108180631887652,87,7
6,424,wealth,0.18156666206752153,0.4903259259259259,-0.012956766925157964,7.999872002047968e-06,0.012964766797160012,0.0006170471190568061,125,7
6,424,emotion,0.16894708498741642,0.42871141225085074,-0.002758618908389304,0.008272590535693625,0.011031209444082929,0.7499259783686787,121,7
6,424,scandal,0.11077016295416345,0.5346753794266442,-0.011792142505229987,1.3888503097136193e-05,0.011806031008327124,0.0011763905317683692,72,7
6,424,duty,0.17941263434065782,0.5944523326572008,0.014918238512841886,0.023540622573586505,0.00862238406074462,2.730175599348492,85,7
6,424,class,0.14917426145924828,0.5236909733376165,-0.012359113437014891,1.0100806044322337e-05,0.012369214243059213,0.0008166085448130736,99,7
6,424,society,0.18934939440964627,0.4788503873974326,-0.0035966809103125308,0.007641104715958534,0.011237785626271065,0.6799475421043484,131,7
6,427,female,0.2208004890006123,0.5127667487432029,-0.005112370479722129,0.006585439665267561,0.01169781014498969,0.562963459235592,152,7
6,427,male,0.255442786354352,0.5347249703205382,0.024441298165182812,0.03008225440218944,0.005640956237006628,5.332828891581642,133,7
6,427,family,0.20650994898217884,0.5371148459383753,0.007655536339244108,0.01681484344800928,0.00915930710876517,1.8358204661662865,119,7
6,427,marriage,0.22534721602530816,0.4863699102829538,-0.005689384712308677,0.006217314070632662,0.011906698782941339,0.522169426089623,161,7
6,427,love,0.15640132911968457,0.5215865250765621,0.02757133854371896,0.0344934599204616,0.006922121376742642,4.983076435407751,87,7
6,427,wealth,0.20007777624055076,0.5022592592592593,0.006746667065271356,0.016007743876097984,0.009261076810826628,1.7284970421210297,125,7
6,427,emotion,0.17168744464741093,0.46856769567331064,-0.012861173653797945,8.26432620948414e-06,0.012869437980007429,0.0006421668313473005,121,7
6,427,scandal,0.10665231810158017,0.4844247704703017,0.003782695545245315,0.013902391600233327,0.010119696054988012,1.3737953712559403,72,7
6,427,duty,0.11726498837212718,0.44737322515212985,-0.012058883603175908,1.1764429072257124e-05,0.012070648032248166,0.0009746311084419351,85,7
6,427,class,0.1561465420234178,0.48442909661990935,-0.000491529183428277,0.010110906850366658,0.010602436033794935,0.953639976434172,99,7
6,427,society,0.1849161043450449,0.49621179632329815,-0.0035966809103125308,0.007641104715958534,0.011237785626271065,0.6799475421043484,131,7
6,443,female,0.24941304884085858,0.53156099312609,-0.00974192114504347,6.578860804463099e-06,0.009748500005847932,0.0006748587782573433,152,5
6,443,male,0.19450482998955768,0.4910820283792187,-0.009392821916293743,7.518683929564969e-06,0.009400340600223309,0.0007998310112919236,133,5
6,443,family,0.17174538299447087,0.4875950380152061,-0.009150903888651222,8.403220113947665e-06,0.00915930710876517,0.0009174515073294785,119,5
6,443,marriage,0.23790842598460596,0.4857537217785665,-0.0017211464910317767,0.006217314070632662,0.007938460561664439,0.7831888842370092,161,5
6,443,love,0.13540179099129554,0.4809191425048721,0.0045833612558405165,0.011505482632583159,0.006922121376742642,1.6621324597944547,87,5
6,443,wealth,0.20367260152179956,0.5362962962962963,0.0005986400563900785,0.008007871874050014,0.007409231817659936,1.0807965076598656,125,5
6,443,emotion,0.1882159601672744,0.4999848079727759,0.0009178381634596978,0.008272590535693625,0.007354752372233927,1.1247952501840819,121,5
6,443,scandal,0.10640659325783594,0.4758056960839423,-0.008419472598551763,1.3888503097136193e-05,0.0084333611016489,0.0016468526519958745,72,5
6,443,duty,0.12493002690780462,0.48157200811359036,-0.008610619631672362,1.1764429072257124e-05,0.00862238406074462,0.0013644055968758083,85,5
6,443,class,0.1671303115765872,0.5218528036549238,0.0030420272351002805,0.010110906850366658,0.007068879615266378,1.430340789380568,99,5
6,443,society,0.21350156016923588,0.5038739743259857,0.009654746821455647,0.015274575960672354,0.005619829139216707,2.7179787106629627,131,5
6,495,female,0.23233293135746833,0.48847081153175337,-0.005599819844788235,0.01974316127419376,0.025342981118981995,0.7790386293042303,152,16
6,495,male,0.1956563656689067,0.4913788229973429,-0.030069435913985487,7.518683929564969e-06,0.03007695459791505,0.0002499815566379246,133,16
6,495,family,0.18768374222754117,0.48110013236063653,-0.008827919765312286,0.01681484344800928,0.025642763213321564,0.6557344583916813,119,16
6,495,marriage,0.2548246087858978,0.5197673272207433,0.01742965368346252,0.03727282890895765,0.019843175225495134,1.8783701944631312,161,16
6,495,love,0.15828425993580258,0.5271845046334964,0.025224544629812364,0.045987448564400825,0.02076290393458846,2.2148851965536704,87,16
6,495,wealth,0.21117556115502695,0.5146814814814815,0.01963521311241511,0.04000735988224189,0.02037214676982678,1.9638264112416977,125,16
6,495,emotion,0.18602588109035514,0.5103609625668449,0.0009024337591074759,0.024801242954661906,0.02389880919555443,1.037760616049338,121,16
6,495,scandal,0.1118532738026445,0.5142870526513023,0.004180519015668609,0.027790894697369516,0.023610375681700907,1.177062790988609,72,16
6,495,duty,0.13402820011994573,0.52079107505071,0.01288961169908482,0.035305051645843626,0.022415439946758806,1.5750327331573781,85,16
6,495,class,0.15346257889603057,0.5192026269764785,0.007342635440366452,0.030312518939011334,0.022969883498644882,1.3196635907831213,99,16
6,495,society,0.20054799559620776,0.49329559424764846,0.008067819849720225,0.0305415184501,0.022473698600379774,1.3589894121043744,131,16
6,529,female,0.23997678856231486,0.5221927259669642,0.009994661268345828,0.01974316127419376,0.009748500005847932,2.0252511935502873,152,8
6,529,male,0.1989139515455305,0.48113234213352934,-0.015031898461118761,7.518683929564969e-06,0.015039417145048327,0.0004999318694701234,133,8
6,529,family,0.17704877166177477,0.49219687875150053,-0.014645389256836686,8.403220113947665e-06,0.014653792476950634,0.0005734501922687849,119,8
6,529,marriage,0.23948657465174905,0.4913671990535345,-0.01586872590125057,6.211102967664998e-06,0.015874937004218236,0.0003912521331973382,161,8
6,529,love,0.12992826894823267,0.4848665632581634,-0.013831018667021612,1.1493988643939221e-05,0.013842512655665551,0.000830339760491716,87,8
6,529,wealth,0.1953563909774436,0.5017481481481483,0.014746539067319323,0.02400761587814595,0.009261076810826628,2.5923136548751673,125,8
6,529,emotion,0.19092104068180624,0.4924799465240642,0.005505707301094837,0.016536916745177765,0.011031209444082929,1.4991027799357903,121,8
6,529,scandal,0.11008488158802805,0.5022367434888515,0.002096360591906203,0.013902391600233327,0.011806031008327124,1.1775669223001375,72,8
6,529,duty,0.1300465335773112,0.5053853955375254,-0.01378301558892768,1.1764429072257124e-05,0.013794780017999938,0.0008528174466032547,85,8
6,529,class,0.14887218045112782,0.47791519434628976,-0.014125891646279167,1.0100806044322337e-05,0.01413599245232349,0.0007145452346324331,99,8
6,529,society,0.19699248120300752,0.47659176029962547,-0.014975456479729253,7.63347124471382e-06,0.014983089950973966,0.0005094724298647182,131,8
6,558,female,0.2135133900853835,0.4809492664409562,-0.04409857326255729,0.006585439665267561,0.05068401292782485,0.12993129953059243,152,27
6,558,male,0.20167076956840818,0.49590140765447455,-0.013152545466983991,0.03008225440218944,0.04323479986917343,0.69578798774416,133,27
6,558,family,0.2009631729611021,0.5480730753839999,0.0017297795947028016,0.04202450378985228,0.04029472419514948,1.0429281904321386,119,27
6,558,marriage,0.23767014359675648,0.49621044069801834,-0.02078610069016733,0.024850622973627657,0.04563672366379499,0.5445312673222834,161,27
6,558,love,0.12386527960526635,0.45692638110010736,-0.02025470431456555,0.02299947127652238,0.04325417559108793,0.5317283467247369,87,27
6,558,wealth,0.18436046020006874,0.4525407407407407,-0.000735081812418506,0.04000735988224189,0.040742441694660396,0.9819578360347313,125,27
6,558,emotion,0.1810571230346961,0.48651707583859993,-0.00921552539065338,0.033065569164146054,0.042281094554799434,0.7820414658496738,121,27
6,558,scandal,0.1107693185762288,0.44562722503278995,0.0012056725794136816,0.04167939779450571,0.04047372521509203,1.0297890192211494,72,27
6,558,duty,0.12226815839345394,0.4786105476673428,-0.019564401202193587,0.023540622573586505,0.04310502377578009,0.5461224820450609,85,27
6,558,class,0.1432347195852694,0.4854641824606489,-0.03582709336871384,0.010110906850366658,0.0459380002190805,0.2200989769238357,99,27
6,558,society,0.2585990279436982,0.568187666180633,0.09203600354157225,0.11450970214195202,0.022473698600379774,5.095276223688508,131,27
6,582,female,0.2266794966995824,0.5504257720324202,-0.04239323146650992,0.03947974368758306,0.08187297515409298,0.4822072681833791,152,48
6,582,male,0.18304904802903402,0.45641359036689466,-0.043227705169585816,0.03760093833175441,0.08082864350134022,0.46519323722989053,133,48
6,582,family,0.197048732008181,0.5401083510327207,0.014441958200785324,0.0840406043595906,0.06959864615880527,1.2075034357223726,119,48
6,582,marriage,0.2406990935607553,0.5370699004239377,-0.04606215785696788,0.03727282890895765,0.08333498676592553,0.4472650726303434,161,48
6,582,love,0.19150965167573772,0.6109851648570178,0.06243001964411869,0.12644536907197534,0.06401534942785665,1.9752351615685575,87,48
6,582,wealth,0.18359575310323092,0.5116148148148149,-0.03962382666891904,0.04000735988224189,0.07963118655116093,0.5024081847133574,125,48
6,582,emotion,0.2248957382192797,0.5861843704423919,0.02289955857279259,0.09091585263053503,0.06801629405774244,1.3366775401202442,121,48
6,582,scandal,0.08945102656850203,0.40563518830803824,-0.08093187559213358,1.3888503097136193e-05,0.08094576409523072,0.00017157788615875105,72,48
6,582,duty,0.11580727921115536,0.4477687626774848,-0.05577117290298081,0.023540622573586505,0.07931179547656732,0.2968111165790563,85,48
6,582,class,0.17110507352346876,0.5159902916086662,-0.0017239302417439845,0.07071574311630069,0.07243967335804467,0.9762018495831781,99,48
6,582,society,0.1950339040802678,0.5210709895073906,-0.03284480253139569,0.04580846093952764,0.07865326347092333,0.5824101749558017,131,48
6,599,female,0.22494064107637515,0.4519082794706063,-0.03313364281474457,6.578860804463099e-06,0.03314022167554903,0.00019851589614195276,152,17
6,599,male,0.19999086109992545,0.5025015546384759,-0.003753999762073898,0.02256357047262447,0.026317570234698367,0.8573576614613989,133,17
6,599,family,0.1897938794652626,0.5000615630867732,0.02004473082198769,0.04202450378985228,0.02197977296786459,1.9119625962188973,119,17
6,599,marriage,0.23537045295488518,0.4701764763876566,-0.025530575818693176,0.006217314070632662,0.03174788988932584,0.19583393076234623,161,17
6,599,love,0.13566486352221435,0.518633416855586,-0.002953726117258266,0.02299947127652238,0.025953197393780644,0.886190280398658,87,17
6,599,wealth,0.194160059630884,0.5055999999999999,-0.0019200658711809038,0.02400761587814595,0.025927681749326855,0.9259453316856338,125,17
6,599,emotion,0.2003296786946555,0.5251731891103548,0.019269314714000264,0.041329895373630195,0.02206058065962993,1.8734726891114406,121,17
6,599,scandal,0.10854314451014732,0.5087596027730935,-0.028655492038621107,1.3888503097136193e-05,0.028669380541718244,0.00048443680450095195,72,17
6,599,duty,0.12823372420117574,0.46626774847870184,-0.015811642402684747,0.01177619350132938,0.02758783590401413,0.4268618075689308,85,17
6,599,class,0.1447428637479703,0.4739443909055217,-0.030026895529657673,1.0100806044322337e-05,0.030036996335701997,0.0003362788319809539,99,17
6,599,society,0.19162793359765698,0.4643051147897189,-0.03182932594089232,7.63347124471382e-06,0.03183695941213704,0.00023976759669970193,131,17
6,641,female,0.2543842416790585,0.5473671386067508,0.0672546110482493,0.13158379495006645,0.06432918390181715,2.0454758939403246,152,53
6,641,male,0.23088520096954057,0.5360746791791509,0.06955272336762551,0.13534382941609902,0.0657911060484735,2.057175164593271,133,53
6,641,family,0.26893732912708207,0.5727752639517345,0.1076316349539044,0.16807280549906725,0.06044117054516284,2.780766884233308,119,53
6,641,marriage,0.25698808489380287,0.5183439317756088,0.025969467372874366,0.09938385858560764,0.07341439121273327,1.3537381015156655,161,53
6,641,love,0.12480322649569858,0.46653144016227177,-0.05201316116389451,0.0344934599204616,0.08650662108435611,0.3987378016582903,87,53
6,641,wealth,0.17884041468337408,0.48708888888888885,-0.03903133463953783,0.048007231884289854,0.08703856652382769,0.5515627589132666,125,53
6,641,emotion,0.1704841272615714,0.46214146815751095,-0.09741968630632496,8.26432620948414e-06,0.09742795063253444,8.482500304835091e-05,121,53
6,641,scandal,0.10287777267434246,0.4550777590406595,-0.05821387425787852,0.027790894697369516,0.08600476895524804,0.3231320197081998,72,53
6,641,duty,0.1232003955721818,0.44247464503042594,-0.07788039388974859,0.01177619350132938,0.08965658739107797,0.13134777760200494,85,53
6,641,class,0.14288508528126093,0.4601313488239283,-0.046160574048825224,0.04041332498333367,0.0865738990321589,0.46680726448343113,99,53
6,641,society,0.1869497486633714,0.49505389255796667,-0.06122031015728349,0.0305415184501,0.0917618286073835,0.33283467552116414,131,53
6,671,female,0.22857142857142856,0.48050682261208577,-0.011691231284185227,6.578860804463099e-06,0.01169781014498969,0.0005624010581774146,152,6
6,671,male,0.19912280701754387,0.4858810560235175,-0.011272514097902083,7.518683929564969e-06,0.011280032781831649,0.0006665480565808727,133,6
6,671,family,0.17814388913460122,0.4867793271154615,-0.01098239901137971,8.403220113947665e-06,0.010990802231493658,0.0007645684033058152,119,6
6,671,marriage,0.24098970251716245,0.48418860297742283,-0.011900487679973674,6.211102967664998e-06,0.011906698782941339,0.0005216477783113119,161,6
6,671,love,0.13726269697231583,0.5026249850853121,0.002853263436109789,0.011505482632583159,0.00865221919647337,1.329772439877968,87,6
6,671,wealth,0.18833670539986327,0.5010814814814815,-0.01110492193199127,7.999872002047968e-06,0.01111292180399332,0.0007198711682154931,125,6
6,671,emotion,0.19296557650061733,0.5169239183276616,0.009182164372943839,0.016536916745177765,0.007354752372233927,2.2484668287895584,121,6
6,671,scandal,0.1100250626566416,0.4987586659171819,0.005469030498584427,0.013902391600233327,0.0084333611016489,1.64849950464787,72,6
6,671,duty,0.13808049535603717,0.48969574036511154,0.00315380944058476,0.01177619350132938,0.00862238406074462,1.3657700024726838,85,6
6,671,class,0.1490747069694438,0.5,0.0012752490258360009,0.010110906850366658,0.008835657824530658,1.1443298337279613,99,6
6,671,society,0.19676098643555456,0.48609085970780797,-0.0017240287479610783,0.007641104715958534,0.009365133463919612,0.8159098580475086,131,6
6,680,female,0.2275375939849624,0.48763080947983994,-0.019488471840752256,6.578860804463099e-06,0.01949505070155672,0.00033746312871093485,152,10
6,680,male,0.19980958890733325,0.5026358188704845,-0.009392906713162136,0.007526202613494532,0.01691910932665667,0.4448344453447023,133,10
6,680,family,0.22769160295697224,0.5257718472004187,0.053334627154439415,0.058830944017747605,0.005496316863308193,10.703703128868371,119,10
6,680,marriage,0.24148881520571613,0.4872572217292714,-0.011641742044224024,0.006217314070632662,0.017859056114856685,0.34813228819592756,161,10
6,680,love,0.13404248168313507,0.5051107664160999,0.009156958620856828,0.02299947127652238,0.013842512655665551,1.6615098607439234,87,10
6,680,wealth,0.19115388471177944,0.49917037037037043,0.011042849080985939,0.02400761587814595,0.012964766797160012,1.851758404289475,125,10
6,680,emotion,0.18086220468714137,0.49930116674769076,-0.018375859261571443,8.26432620948414e-06,0.018384123587780927,0.0004495360450322211,121,10
6,680,scandal,0.11297920727745289,0.5013818624695521,0.014298528735703283,0.027790894697369516,0.013492365961666234,2.0597495483199704,72,10
6,680,duty,0.12863555948695266,0.4988336713995943,0.009745842555586567,0.023540622573586505,0.013794780017999938,1.7064877106531127,85,10
6,680,class,0.14887218045112782,0.48498233215547704,-0.017659448064807723,1.0100806044322337e-05,0.017669548870852047,0.0005716504771897786,99,10
6,680,society,0.20312230959077085,0.4889498813506018,-0.009214637397366884,0.007641104715958534,0.01685574211332542,0.45332354186081697,131,10
6,703,female,0.3535842108710585,0.6219734277213502,0.13450507986695592,0.2105301246036236,0.0760250447366677,2.7692206605083842,152,71
6,703,male,0.23253288518399315,0.5395231499802137,0.054515016321022,0.15038119727522894,0.09586618095420694,1.5686574324421445,133,71
6,703,family,0.2236652592239254,0.545956844276172,0.043960577034763165,0.14286314515722426,0.0989025681224611,1.444483675882781,119,71
6,703,marriage,0.23450110516356648,0.51451123927832,-0.06711123116674188,0.05590613781195264,0.12301736897869452,0.45445727116128304,161,71
6,703,love,0.10950909940496358,0.3960843972477429,-0.09637900838271757,0.02299947127652238,0.11937847965923995,0.1926601121238986,87,71
6,703,wealth,0.1883402891128275,0.5121481481481481,-0.013254242545250344,0.09600646389657766,0.109260706441828,0.8786915902544911,125,71
6,703,emotion,0.15680729644370384,0.4398775522605737,-0.05978991673510548,0.057858547792598476,0.11764846452770396,0.4917917800659617,121,71
6,703,scandal,0.09261276949856086,0.4339750796327525,-0.08856790341798255,0.027790894697369516,0.11635879811535207,0.2388379318732755,72,71
6,703,duty,0.12804334626119646,0.44693711967545635,-0.0010062811692093387,0.10589162607938636,0.1068979072485957,0.9905865213258125,85,71
6,703,class,0.17904591544218207,0.5485241103615662,0.07631601348104378,0.17172380355952407,0.0954077900784803,1.7998928957108014,99,71
6,703,society,0.16880018538212863,0.41053406524287384,-0.07591580226547912,0.04580846093952764,0.12172426320500675,0.376329745056671,131,71
6,716,female,0.23168178598670586,0.5030906945726891,0.0034158004638827275,0.01316430046973066,0.009748500005847932,1.3503924152929438,152,7
6,716,male,0.19824561403508772,0.4876264910396292,-0.013152206279510423,7.518683929564969e-06,0.013159724963439989,0.0005713405067265345,133,7
6,716,family,0.18665688763543695,0.5146674054237079,0.007655536339244108,0.01681484344800928,0.00915930710876517,1.8358204661662865,119,7
6,716,marriage,0.25049331953741316,0.5018670511682934,0.010701059444298219,0.018639520005962657,0.007938460561664439,2.348001839755509,161,7
6,716,love,0.13078889753118428,0.4933480491588116,-0.012100920847290886,1.1493988643939221e-05,0.012112414835934825,0.0009489427829775269,87,7
6,716,wealth,0.18719343814080655,0.48364444444444443,-0.012956766925157964,7.999872002047968e-06,0.012964766797160012,0.0006170471190568061,125,7
6,716,emotion,0.1874182701933898,0.49926318667963043,0.007343935837019339,0.016536916745177765,0.009192980908158427,1.7988633837695678,121,7
6,716,scandal,0.10815580618212198,0.4884415401911186,-0.011792142505229987,1.3888503097136193e-05,0.011806031008327124,0.0011763905317683692,72,7
6,716,duty,0.12834144183989385,0.4936409736308316,0.0014296774548329862,0.01177619350132938,0.010346516046496394,1.138179600482902,85,7
6,716,class,0.14887218045112782,0.4796819787985866,-0.012359113437014891,1.0100806044322337e-05,0.012369214243059213,0.0008166085448130736,99,7
6,716,society,0.195820616925653,0.48306029676644646,-0.013102804317377804,7.63347124471382e-06,0.013110437788622517,0.0005822438096427295,131,7
6,739,female,0.2270688977345324,0.4880091310146712,-0.013640541423326985,6.578860804463099e-06,0.013647120284131448,0.00048206952580543853,152,7
6,739,male,0.19896616541353382,0.4848917406297699,-0.013152206279510423,7.518683929564969e-06,0.013159724963439989,0.0005713405067265345,133,7
6,739,family,0.17723448512531947,0.4907578415981777,-0.0128138941341082,8.403220113947665e-06,0.012822297354222148,0.0006553599469072738,119,7
6,739,marriage,0.24036114533826203,0.491385684708666,-0.013884606790612123,6.211102967664998e-06,0.013890817893579788,0.0004471373114817506,161,7
6,739,love,0.13816437645838733,0.4953565604740882,0.014347252080049009,0.02299947127652238,0.00865221919647337,2.658216435760054,87,7
6,739,wealth,0.19090726817042605,0.5003777777777778,0.006746667065271356,0.016007743876097984,0.009261076810826628,1.7284970421210297,125,7
6,739,emotion,0.19907516725698543,0.5162402771025766,0.01744649058242798,0.024801242954661906,0.007354752372233927,3.3721384073950347,121,7
6,739,scandal,0.10954469507101088,0.4902215664230841,0.003782695545245315,0.013902391600233327,0.010119696054988012,1.3737953712559403,72,7
6,739,duty,0.13781512605042018,0.49542596348884377,0.0014296774548329862,0.01177619350132938,0.010346516046496394,1.138179600482902,85,7
6,739,class,0.1487113099553291,0.4933344041117892,-0.012359113437014891,1.0100806044322337e-05,0.012369214243059213,0.0008166085448130736,99,7
6,739,society,0.19526559719910463,0.4896574892071933,-0.013102804317377804,7.63347124471382e-06,0.013110437788622517,0.0005822438096427295,131,7
6,770,female,0.31086895775986734,0.6139324920488356,0.04410685772164257,0.09868949092775094,0.054582633206108365,1.80807493389488,152,43
6,770,male,0.25530122958452905,0.5617403471083724,0.06955289296136227,0.12030646155696907,0.05075356859560679,2.3704039909621715,133,43
6,770,family,0.17121430062458015,0.5122433588820143,-0.027574142368952996,0.04202450378985228,0.06959864615880527,0.603812086996059,119,43
6,770,marriage,0.2129780216020525,0.38355885832593906,-0.06892245061698943,0.012428417038297659,0.08135086765528708,0.15277546996558858,161,43
6,770,love,0.20722770532784746,0.5777950125283379,0.11075276813378218,0.16092733500379303,0.05017456687001084,3.2073487633188,87,43
6,770,wealth,0.16580774295408168,0.40659259259259267,-0.07962318667915888,7.999872002047968e-06,0.07963118655116093,0.00010046154463374472,125,43
6,770,emotion,0.17547031081356912,0.46767136606708803,-0.028524627220036743,0.041329895373630195,0.06985452259366694,0.5916566864746641,121,43
6,770,scandal,0.09886576929283314,0.4774100618324902,-0.02577568667401211,0.04167939779450571,0.06745508446851782,0.6178837091715473,72,43
6,770,duty,0.12084031727007499,0.4823529411764706,-0.03366195191621305,0.035305051645843626,0.06896700356205668,0.5119122163044845,85,43
6,770,class,0.15641523174994895,0.5121444123210908,0.007109960804577403,0.07071574311630069,0.06360578231172329,1.111781673694707,99,43
6,770,society,0.17504979287851485,0.40643136918546474,-0.04249378853376898,0.0305415184501,0.07303530698386898,0.4181747118065432,131,43
6,851,female,0.24701486986357796,0.5132733148661127,0.03582265512113211,0.05921632610097235,0.023393670979840235,2.531296868690314,152,21
6,851,male,0.2348339519609921,0.5205848267284753,0.03571911206735928,0.06015699012044931,0.02443787805309003,2.461629032901291,133,21
6,851,family,0.2586400513681762,0.5447871456274818,0.08436175698780679,0.10084704458748592,0.016485287599679124,6.117396737642081,119,21
6,851,marriage,0.24542448558370716,0.4808735088238193,0.007509058130270269,0.03727282890895765,0.029763770778687384,1.252288535107081,161,21
6,851,love,0.12873730704735642,0.4703794296623314,-0.03632229032352108,1.1493988643939221e-05,0.03633378431216502,0.0003163443847431698,87,21
6,851,wealth,0.18416165688243258,0.47377037037037034,-0.038882596829491654,7.999872002047968e-06,0.0388905967014937,0.00020570196089418727,125,21
6,851,emotion,0.17787185967390545,0.4742115337870685,-0.03859637315674095,8.26432620948414e-06,0.038604637482950434,0.00021407599573807596,121,21
6,851,scandal,0.10711413951545531,0.4661209480981825,-0.03540083185197756,1.3888503097136193e-05,0.035414720355074696,0.00039216752123115087,72,21
6,851,duty,0.12495867442793582,0.4769979716024341,-0.03619673140370074,1.1764429072257124e-05,0.036208495832773,0.00032490797536206985,85,21
6,851,class,0.14525144747575824,0.48534818146125575,-0.025226424113128174,0.010110906850366658,0.03533733096349483,0.2861253686795301,99,21
6,851,society,0.19217618340835713,0.4909297538382366,-0.020307687776167586,0.015274575960672354,0.03558226373683994,0.4292749914173846,131,21
6,881,female,0.29737428165182817,0.5442379706576382,0.11330712400061366,0.12500493414560335,0.01169781014498969,10.686182506429056,152,25
6,881,male,0.2036873889859077,0.447050426818927,5.215007405995342e-06,0.03760093833175441,0.037595723324348414,1.0001387127562587,133,25
6,881,family,0.21883060077832409,0.492558561886293,0.036096915550188235,0.06723416413169526,0.031137248581507033,2.159284047000465,119,25
6,881,marriage,0.230505461530021,0.4607734398107069,-0.016817862468890433,0.024850622973627657,0.04166848544251809,0.5963889186064332,161,25
6,881,love,0.12333485022982454,0.47287515411844255,-0.04324268160244399,1.1493988643939221e-05,0.04325417559108793,0.0002657313077085142,87,25
6,881,wealth,0.19480517121274105,0.5261925925925927,-0.026586542811729105,0.016007743876097984,0.04259428668782709,0.3758190386669153,125,25
6,881,emotion,0.17628324447274524,0.4814961108410306,-0.02574417780962167,0.016536916745177765,0.042281094554799434,0.39111846367538045,121,25
6,881,scandal,0.10497273143734602,0.5125070264193367,-0.0265713336148587,0.013902391600233327,0.04047372521509203,0.34349177215607146,72,25
6,881,duty,0.13025668000577367,0.5145841784989857,-0.0026275761726811467,0.035305051645843626,0.03793262781852477,0.9307304469866263,85,25
6,881,class,0.14486349649447713,0.4881411286004926,-0.020425952696598672,0.020211712894688996,0.04063766559128767,0.49736402423973963,99,25
6,881,society,0.18176345787892845,0.44673642679475084,-0.04681054323970394,7.63347124471382e-06,0.04681817671094866,0.00016304503465991769,131,25
6,883,female,0.22125450797405552,0.4741843644198214,0.00682697137710014,0.02632202207865686,0.01949505070155672,1.3501899779724504,152,14
6,883,male,0.18860630452306845,0.45647012267510884,-0.007513299328422186,0.0150448865430595,0.022558185871481687,0.6669368994522064,133,14
6,883,family,0.17043980774164103,0.4251392864838243,-0.00516492951985531,0.01681484344800928,0.02197977296786459,0.7650144281211785,119,14
6,883,marriage,0.22862208310998838,0.47420634920634913,-0.02777344056508127,6.211102967664998e-06,0.027779651668048935,0.00022358462379804353,161,14
6,883,love,0.1335914309000678,0.4663524639064551,0.015460653805603866,0.0344934599204616,0.019032806114857734,1.8123160458048473,87,14
6,883,wealth,0.17366642588656514,0.4281481481481481,-0.006216247886895489,0.016007743876097984,0.022223991762993472,0.7202911180894679,125,14
6,883,emotion,0.20709841392060765,0.5010330578512396,0.004578890830956479,0.024801242954661906,0.020222352123705427,1.2264272129038096,121,14
6,883,scandal,0.10726068349867021,0.53035413153457,-0.008021649128128467,0.013902391600233327,0.021924040728361793,0.6341163005419223,72,14
6,883,duty,0.17122806846199806,0.5393103448275862,0.04331499778660617,0.05883390979035788,0.015518912003751712,3.7911104703953225,85,14
6,883,class,0.1460027773715358,0.5025520219866509,-0.012858976648278224,0.010110906850366658,0.022969883498644882,0.44018102444981816,99,14
6,883,society,0.2086136993368966,0.5072047345398405,0.01181312417442313,0.0305415184501,0.01872839427567687,1.6307601174402033,131,14
6,908,female,0.2284358042668813,0.4882143223555966,0.007801382786109673,0.05263746529650925,0.044836082510399576,1.1739978684160501,152,31
6,908,male,0.22092452435303278,0.5442577307931483,0.01692219025127588,0.06015699012044931,0.04323479986917343,1.391402071967264,133,31
6,908,family,0.1950748264659815,0.5363376119678641,0.03534266005049345,0.07563738424564292,0.04029472419514948,1.8771039076344083,119,31
6,908,marriage,0.2742309565599972,0.570572069407473,-0.004136910897810785,0.04348393187662265,0.04762084277443344,0.9131281460448044,161,31
6,908,love,0.13164985243983215,0.5031320844767927,-0.02717509559348846,0.02299947127652238,0.05017456687001084,0.45838903474044124,87,31
6,908,wealth,0.17545630712394833,0.4401111111111111,-0.027845895775514596,0.02400761587814595,0.05185351165366055,0.46298919999930555,125,31
6,908,emotion,0.15599008170304715,0.4021329606222654,-0.04687610377057731,0.008272590535693625,0.05514869430627094,0.15000519304412518,121,31
6,908,scandal,0.09848201620733495,0.5036303166572981,-0.052264181385368674,1.3888503097136193e-05,0.05227806988846581,0.00026566594991937086,72,31
6,908,duty,0.14241082783553782,0.461501014198783,0.01400475402882602,0.05883390979035788,0.04482915576153186,1.312402805486941,85,31
6,908,class,0.15069122136212737,0.47662133704536536,0.00457613080857551,0.05051413102765601,0.0459380002190805,1.0996153682278749,99,31
6,908,society,0.17397060891458402,0.42091946136032243,-0.02002196258555156,0.0305415184501,0.05056348103565156,0.604023255993028,131,31
6,943,female,0.226124963143152,0.488098902226326,-0.007061680618863887,0.006585439665267561,0.013647120284131448,0.4825515953312439,152,8
6,943,male,0.2111551876969877,0.5103171462490814,0.01316322987240116,0.02256357047262447,0.009400340600223309,2.4002928648870627,133,8
6,943,family,0.24018937699830797,0.5411395327361713,0.04676290216322023,0.05042772390379994,0.003664821740579705,13.759939080164726,119,8
6,943,marriage,0.24064710298052608,0.4866410332248841,-0.007673503822947126,0.006217314070632662,0.013890817893579788,0.4475844487932323,161,8
6,943,love,0.13082706766917293,0.47058823529411764,-0.013831018667021612,1.1493988643939221e-05,0.013842512655665551,0.000830339760491716,87,8
6,943,wealth,0.19061943333347198,0.5029333333333333,-0.004956894923109998,0.008007871874050014,0.012964766797160012,0.6176641661758627,125,8
6,943,emotion,0.18186250762914527,0.4989365580943121,-0.004596847444313804,0.008272590535693625,0.012869437980007429,0.6428089981786478,121,8
6,943,scandal,0.1096314374646293,0.4869074386359378,0.002096360591906203,0.013902391600233327,0.011806031008327124,1.1775669223001375,72,8
6,943,duty,0.1384768855570606,0.4977484787018256,-0.0002944545309187859,0.01177619350132938,0.012070648032248166,0.9756057395503769,85,8
6,943,class,0.14842876421823792,0.4820466145554485,-0.014125891646279167,1.0100806044322337e-05,0.01413599245232349,0.0007145452346324331,99,8
6,943,society,0.1965992031605732,0.49198044429196325,-0.005469333072663983,0.007641104715958534,0.013110437788622517,0.5828260534523723,131,8
6,957,female,0.21265878846427594,0.48984302862419205,-0.03337761115783895,0.03290088288311996,0.06627849404095891,0.4964035975574732,152,39
6,957,male,0.18267338482881648,0.455551472666629,-0.03570885164628407,0.03008225440218944,0.0657911060484735,0.4572389219230974,133,39
6,957,family,0.16636397146506407,0.45465878659155967,-0.020248161878039052,0.04202450378985228,0.06227266566789133,0.6748467138583705,119,39
6,957,marriage,0.3107856602497738,0.5684338952972493,0.07833280115672298,0.11801716748860262,0.03968436633187964,2.973895727568214,161,39
6,957,love,0.12822262043358593,0.4935767410412441,-0.027791791687664325,0.0344934599204616,0.062285251608125924,0.5537981950675411,87,39
6,957,wealth,0.20450122126487735,0.5401481481481482,-0.0032537877399894874,0.056007103886337825,0.05926089162632731,0.9450938443273599,125,39
6,957,emotion,0.17310180739964148,0.4786400097228975,-0.03127426782174738,0.033065569164146054,0.06433983698589343,0.5139206238722953,121,39
6,957,scandal,0.10430626155682303,0.5096730372868653,-0.06575486101208157,1.3888503097136193e-05,0.0657687495151787,0.00021117176773628187,72,39
6,957,duty,0.14163488777965633,0.5561054766734279,0.013700259200820734,0.070598338862615,0.05689807966179427,1.2407859681911084,85,39
6,957,class,0.23095026937089663,0.6334011493022094,0.0853825791631542,0.1313205793822347,0.0459380002190805,2.8586481508359527,99,39
6,957,society,0.18244651985265808,0.45471309717814556,-0.03500317988436316,0.0305415184501,0.06554469833446316,0.4659647420114132,131,39
6,965,female,0.24718228438599907,0.5106314763516979,0.008288832151175787,0.03947974368758306,0.03119091153640727,1.2657451078412694,152,22
6,965,male,0.19444856558622461,0.45590479959296737,-0.013152460670115603,0.02256357047262447,0.03571603114274007,0.6317490983759312,133,22
6,965,family,0.1706563531140497,0.47226582940868655,-0.030051605738359376,0.008411623334061612,0.03846322907242099,0.2186925938538594,119,22
6,965,marriage,0.2364635473639918,0.49900793650793646,-0.02725594929358198,0.012428417038297659,0.03968436633187964,0.31318169311425686,161,22
6,965,love,0.18551925152692955,0.5851628683927932,0.06774030356610777,0.09196340314015769,0.024223099574049917,3.7965167444913246,87,22
6,965,wealth,0.20721694479010036,0.5127555555555555,0.008524143153414952,0.04000735988224189,0.03148321672882694,1.2707519763804584,125,22
6,965,emotion,0.18225538920399842,0.5124802503646085,-0.020229492201848172,0.016536916745177765,0.03676640894702594,0.4497832999832764,121,22
6,965,scandal,0.10390929347959406,0.4855724189619637,-0.021512328754841367,0.013902391600233327,0.035414720355074696,0.39255968875238195,72,22
6,965,duty,0.1373768655667229,0.5462880324543611,-0.010943741273434716,0.023540622573586505,0.03448436384702122,0.6826462763626511,85,22
6,965,class,0.15626518918469853,0.537620016418603,-0.02699320232239245,0.010110906850366658,0.03710410917275911,0.27250099990319476,99,22
6,965,society,0.18786728739347655,0.515760356805901,-0.041192586752649585,7.63347124471382e-06,0.0412002202238943,0.00018527743791285533,131,22
6,996,female,0.23496689080492905,0.5193392838822202,-0.0012137502014386136,0.006585439665267561,0.0077991898667061745,0.8443748359731122,152,5
6,996,male,0.2328083921673285,0.5089603708519419,0.018802306417226182,0.02256357047262447,0.0037612640553982882,5.9989328412722225,133,5
6,996,family,0.17370171644732726,0.48322405885431097,-0.009150903888651222,8.403220113947665e-06,0.00915930710876517,0.0009174515073294785,119,5
6,996,marriage,0.2530815611725557,0.5410504781622795,-0.009916368569335223,6.211102967664998e-06,0.009922579672302888,0.0006259564722242773,161,5
6,996,love,0.13233164546360873,0.4985085312015272,0.0045833612558405165,0.011505482632583159,0.006922121376742642,1.6621324597944547,87,5
6,996,wealth,0.1885429089387342,0.5056740740740742,-0.00925307693882458,7.999872002047968e-06,0.009261076810826628,0.0008638166127541378,125,5
6,996,emotion,0.23332945963670293,0.5548584103062713,0.021122947654276983,0.024801242954661906,0.003678295300384925,6.74259158728336,121,5
6,996,scandal,0.13340146572769668,0.5624882893011055,-0.008419472598551763,1.3888503097136193e-05,0.0084333611016489,0.0016468526519958745,72,5
6,996,duty,0.12711006442435563,0.4885598377281948,-0.008610619631672362,1.1764429072257124e-05,0.00862238406074462,0.0013644055968758083,85,5
6,996,class,0.15825314482411773,0.48602634115001603,0.014909611488686896,0.020211712894688996,0.005302101406002099,3.812019300120676,99,5
6,996,society,0.19885540406084112,0.5233153214969838,-0.009357499992674899,7.63347124471382e-06,0.009365133463919612,0.0008150947632842244,131,5
6,1031,female,0.2715207596734877,0.5379603980712014,0.07310156682342919,0.236845567821476,0.1637440009980468,1.4464381374365876,152,120
6,1031,male,0.21338130119713966,0.520747357114591,0.056393860533946405,0.22556803657087862,0.16917417603693222,1.3333479249238476,133,120
6,1031,family,0.24005853262557375,0.5596931080124358,0.10773804457120947,0.2689114468664392,0.16117340229522972,1.668460447166038,119,120
6,1031,marriage,0.2636766193896404,0.5637200532386867,0.05693792852616711,0.22360591793890755,0.16666798941274044,1.3416248598513005,161,120
6,1031,love,0.12764616441826518,0.5323549298015352,-0.06213702337649371,0.12644536907197534,0.18858239244846906,0.6705046395349797,87,120
6,1031,wealth,0.17696023373256178,0.4860074074074074,-0.015329194253486333,0.16800531191500936,0.1833345061684957,0.9163867480554138,125,120
6,1031,emotion,0.1692356822641229,0.47140100875060764,-0.038735012795910934,0.14876613609692405,0.18750114889283498,0.7934145309219247,121,120
6,1031,scandal,0.10410994803505302,0.4994964399475361,-0.046599611727796614,0.13889891947445904,0.18549853120225565,0.7487871659871194,72,120
6,1031,duty,0.11475719719386202,0.44078093306288024,-0.13944299270308183,0.05883390979035788,0.1982769024934397,0.296725988000583,85,120
6,1031,class,0.13679452875631773,0.4579005603740586,-0.09332920854801222,0.10101816124926769,0.1943473697972799,0.5197814683785947,99,120
6,1031,society,0.2193324752920678,0.5919961689109987,0.08898957377006206,0.25191218454680075,0.1629226107767387,1.5462076340678266,131,120
6,1035,female,0.32118324057934244,0.6249487021647686,0.14766280147588212,0.2236878462125498,0.0760250447366677,2.9422915433250703,152,73
6,1035,male,0.19435618024087495,0.5091723670077448,-0.03382975304275447,0.08271304190914422,0.11654279495189869,0.7097224838530178,133,73
6,1035,family,0.20889118629542874,0.5627173946501678,0.06076701726265851,0.1596695853851196,0.0989025681224611,1.6144129360301587,119,73
6,1035,marriage,0.3458363089537687,0.6168663117420882,0.07643452802144328,0.1677059912299226,0.09127146320847933,1.837441685853294,161,73
6,1035,love,0.1234105661951296,0.49751421866921214,-0.07339103109483913,0.045987448564400825,0.11937847965923995,0.38522394233269286,87,73
6,1035,wealth,0.23068094325098182,0.6088,-0.007106215536369073,0.10400633589862562,0.1111125514349947,0.9360448892089158,125,73
6,1035,emotion,0.1857713348847981,0.5393473505104521,-0.033158709570728556,0.08265152642105089,0.11581023599177945,0.7136806665880904,121,73
6,1035,scandal,0.09706046211093058,0.46662450815064643,-0.07636573527418547,0.04167939779450571,0.11804513306869119,0.35308018815057063,72,73
6,1035,duty,0.12420047255326454,0.4782352941176471,-0.004454545140712904,0.10589162607938636,0.11034617122009927,0.9596311762119286,85,73
6,1035,class,0.14184245240267032,0.5088339222614842,-0.04589338547335095,0.07071574311630069,0.11660912858965164,0.6064340242567412,99,73
6,1035,society,0.1805961265089213,0.4770563513165795,-0.0891672299972473,0.03817498969481382,0.1273422196920611,0.29978266270863485,131,73
6,1042,female,0.22496047194800659,0.47780086180363185,-0.012178680649251336,0.01316430046973066,0.025342981118981995,0.5194456172068526,152,15
6,1042,male,0.1958181440626071,0.4733591497540844,-0.018791367621203835,0.007526202613494532,0.026317570234698367,0.28597634759175616,133,15
6,1042,family,0.19427361356442657,0.5143749807615354,0.03394243630412082,0.05042772390379994,0.016485287599679124,3.058953239112585,119,15
6,1042,marriage,0.2538085496942511,0.5164892043774031,0.00302332863749407,0.024850622973627657,0.021827294336133587,1.1385113789092332,161,15
6,1042,love,0.1300477438925331,0.48874438213419236,-0.012717616941466758,0.011505482632583159,0.024223099574049917,0.47497978518132933,87,15
6,1042,wealth,0.1911675803702159,0.48041481481481485,-0.01791980987527684,0.008007871874050014,0.025927681749326855,0.3088541409587868,125,15
6,1042,emotion,0.18290766366785433,0.4972198590179873,0.002740662295031976,0.024801242954661906,0.02206058065962993,1.124233461312424,121,15
6,1042,scandal,0.10606384035992115,0.49576072700018736,-0.00970798408146758,0.013902391600233327,0.023610375681700907,0.5888255141327325,72,15
6,1042,duty,0.12431256196153527,0.4757606490872211,-0.025851939489190096,1.1764429072257124e-05,0.025863703918262353,0.0004548625018667726,85,15
6,1042,class,0.1461985700458468,0.48947067851661497,-0.014625754857542504,0.010110906850366658,0.024736661707909162,0.4087417683658225,99,15
6,1042,society,0.1948937228567602,0.4550704748834949,-0.018577898209124144,0.007641104715958534,0.02621900292508268,0.2914338404667997,131,15
6,1044,female,0.19288278704795175,0.3980904380835129,-0.10550257362720668,0.08553176931882474,0.19103434294603142,0.4477298060618365,152,111
6,1044,male,0.16460010907385325,0.37382695460455645,-0.1428515603885646,0.052638306190884346,0.19548986657944897,0.2692636048693724,133,111
6,1044,family,0.16159761606585155,0.4266937544248468,-0.06000337358440484,0.11765348481538125,0.1776568583997861,0.6622512965413366,119,111
6,1044,marriage,0.3241259270904081,0.6159851621808143,0.14035677714834077,0.27329474168022755,0.13293796453188678,2.055806575950835,161,111
6,1044,love,0.10912342326644908,0.40067812114703893,-0.13913474824460678,0.045987448564400825,0.1851221968090076,0.24841671802111398,87,111
6,1044,wealth,0.2601860522150107,0.5310666666666667,0.07029942965151653,0.22400441592934514,0.1537049862778286,1.4573659667942704,125,111
6,1044,emotion,0.15148289182400312,0.3696827904715605,-0.14342161291749414,0.049594221583114335,0.19301583450060847,0.2569437979592345,121,111
6,1044,scandal,0.13716758087423592,0.5538575042158516,0.04645159310463193,0.20834143496014002,0.1618898418555081,1.286933340418014,72,111
6,1044,duty,0.18716000089521811,0.6193204868154158,0.1458454163288621,0.2941224912355004,0.14827707490663827,1.983600576277278,85,111
6,1044,class,0.14928021896164245,0.5317396580647463,-0.006222699143113991,0.16162299751520173,0.16784569665831572,0.9629260727682253,99,111
6,1044,society,0.3075847027223585,0.6922977956943134,0.12485569004535571,0.2671791270362284,0.14232343699087271,1.8772672490440594,131,111
6,1069,female,0.19674706917704038,0.39195393454396227,-0.060912408770040644,0.11842607334114025,0.1793384821111809,0.6603494796340568,152,110
6,1069,male,0.1796099067359529,0.39330940132285597,-0.037589730984049885,0.13534382941609902,0.1729335604001489,0.7826348402365967,133,110
6,1069,family,0.16939854792341275,0.40214547357404506,-0.027467732751647905,0.14286314515722426,0.17033087790887216,0.8387389703516821,119,110
6,1069,marriage,0.2467396655500052,0.48527309474514446,-0.005173101150482834,0.1614948882622576,0.16666798941274044,0.9689616394265067,161,110
6,1069,love,0.13486680065101098,0.4432844131567434,-0.005163785788176584,0.16092733500379303,0.1660911207919696,0.9689099226706214,87,110
6,1069,wealth,0.1592302687715103,0.42201481481481484,-0.08547619727875136,0.09600646389657766,0.18148266117532902,0.5290117704594244,125,110
6,1069,emotion,0.168070195255948,0.4574775157997083,-0.030455282182074578,0.1405018098874399,0.17095709206951448,0.821854233631251,121,110
6,1069,scandal,0.10588462421129403,0.38486040846917746,-0.12318529049725732,0.05556790089164191,0.17875319138889922,0.310863825476751,72,110
6,1069,duty,0.15903638596040048,0.5430223123732252,0.03966105985054272,0.2000070586574434,0.16034599880690067,1.2473467385803487,85,110
6,1069,class,0.12763785679388845,0.4497447978013349,-0.07566142645536941,0.10101816124926769,0.1766795877046371,0.5717590954398895,99,110
6,1069,society,0.16330374440193213,0.41541584469794435,-0.12993698978305518,0.061075403428955274,0.19101239321201047,0.3197457630974032,131,110
6,1074,female,0.223105909021859,0.4706448137888582,-0.013641516065572318,0.10526835173221405,0.11890986779778637,0.8852785196123854,152,77
6,1074,male,0.19130519439708044,0.4176465600090452,-0.04134852176918784,0.08271304190914422,0.12406156367833206,0.6667096516930628,133,77
6,1074,family,0.16114618685425577,0.4340505432942407,-0.05914083083169318,0.06723416413169526,0.12637499496338844,0.5320211023600149,119,77
6,1074,marriage,0.240645998591872,0.5296509908311151,-0.0052589471258415454,0.11180606452093762,0.11706501164677917,0.9550766958221089,161,77
6,1074,love,0.21175558938384598,0.688660859881478,0.1444980475086271,0.24138525551136758,0.09688720800274048,2.4914048044613746,87,77
6,1074,wealth,0.2639227779508666,0.6013185185185185,0.11355872542875475,0.2080046719252492,0.09444594649649446,2.202367381968768,125,77
6,1074,emotion,0.2712654601704711,0.6310008507535245,0.13123180695752037,0.2231450719822813,0.09191326502476094,2.427778753368618,121,77
6,1074,scandal,0.12837317082657662,0.5702876147648491,0.0726373054172111,0.18056442876586762,0.10792712334865652,1.673021786941218,72,77
6,1074,duty,0.18620205878741866,0.5969979716024341,0.056091732206324504,0.16471377144067198,0.10862203923434748,1.5163936582316646,85,77
6,1074,class,0.18095210990849417,0.5856265838597995,0.030112591464698246,0.14142138542655705,0.1113087939618588,1.2705320073250108,99,77
6,1074,society,0.17688881605526766,0.46809331846642077,-0.06813946842545728,0.061075403428955274,0.12921487185441255,0.4726654335678695,131,77
6,1077,female,0.2413298829350848,0.5013337437160151,0.02583262340345161,0.03947974368758306,0.013647120284131448,2.892899224358437,152,13
6,1077,male,0.19679086905263576,0.49365424840296224,-0.015031983257987155,0.007526202613494532,0.022558185871481687,0.3336351006255165,133,13
6,1077,family,0.17450081250232324,0.4633930495275034,-0.023802864870479126,8.403220113947665e-06,0.023811268090593075,0.00035290939069786663,119,13
6,1077,marriage,0.23510299300169393,0.48327664399092973,-0.017594099376139375,0.006217314070632662,0.023811413446772036,0.26110646830225853,161,13
6,1077,love,0.15245955436936365,0.5003877818876029,0.017190751625334594,0.0344934599204616,0.017302708295127006,1.9935295290265358,87,13
6,1077,wealth,0.20368572243030447,0.5185925925925926,0.005487314101485865,0.02400761587814595,0.018520301776660086,1.2962864302300343,125,13
6,1077,emotion,0.18811697646527575,0.5054463417598445,0.006417119366880979,0.024801242954661906,0.018384123587780927,1.3490576711416955,121,13
6,1077,scandal,0.10674849740090968,0.46416526138279923,-0.021910152225264656,1.3888503097136193e-05,0.021924040728361793,0.0006334828177241981,72,13
6,1077,duty,0.12722117465545985,0.5066531440162272,-0.008915114459677654,0.01177619350132938,0.020691307961007033,0.5691372204672895,85,13
6,1077,class,0.14651149887884143,0.4574276332226862,-0.022959782692600558,1.0100806044322337e-05,0.022969883498644882,0.00043974128316665153,99,13
6,1077,society,0.19253211061153716,0.46101009234639906,-0.024338717291486515,7.63347124471382e-06,0.024346350762731228,0.00031353656729884164,131,13
6,1110,female,0.22017151050446085,0.454396224479327,-0.007061680618863887,0.006585439665267561,0.013647120284131448,0.4825515953312439,152,8
6,1110,male,0.20409473357111108,0.5152071909096048,-0.0056335223499454565,0.007526202613494532,0.013159724963439989,0.5719118472332608,133,8
6,1110,family,0.17875793996374012,0.4826853818450457,-0.004410674020160536,0.008411623334061612,0.012822297354222148,0.6560153068541811,119,8
6,1110,marriage,0.25782287264404496,0.5143202208419599,0.01691216241196322,0.024850622973627657,0.007938460561664439,3.1304083175147595,161,8
6,1110,love,0.1258825995466447,0.4536650359941136,-0.013831018667021612,1.1493988643939221e-05,0.013842512655665551,0.000830339760491716,87,8
6,1110,wealth,0.1795624650382742,0.4567259259259259,-0.014808611918324653,7.999872002047968e-06,0.014816611790326702,0.0005399258693361262,125,8
6,1110,emotion,0.18900302274811812,0.49957462323772484,-0.004596847444313804,0.008272590535693625,0.012869437980007429,0.6428089981786478,121,8
6,1110,scandal,0.10495073047115466,0.4393854225220162,-0.013478477458569097,1.3888503097136193e-05,0.013492365961666234,0.0010293600941129288,72,8
6,1110,duty,0.13508690198876677,0.44231237322515216,-0.0002944545309187859,0.01177619350132938,0.012070648032248166,0.9756057395503769,85,8
6,1110,class,0.14487578257336398,0.437038226790877,-0.014125891646279167,1.0100806044322337e-05,0.01413599245232349,0.0007145452346324331,99,8
6,1110,society,0.2281613556150292,0.5644995282614288,0.00403679033440129,0.015274575960672354,0.011237785626271065,1.3592158159348664,131,8
6,1120,female,0.21704698097475292,0.4434954344926644,-0.03678878207105636,0.01974316127419376,0.05653194334525012,0.3492390338196885,152,32
6,1120,male,0.19334287605036957,0.4597348634744757,-0.031949382486198996,0.02256357047262447,0.05451295295882347,0.41391209331943585,133,32
6,1120,family,0.1723933662827302,0.4920044941053345,-0.027897126492291948,0.02521806356195694,0.05311519005424889,0.47478063310563023,119,32
6,1120,marriage,0.28461309120295925,0.5449447895100068,0.04305030246137144,0.08075054968261262,0.037700247221241184,2.1419103489319826,161,32
6,1120,love,0.1265802641008904,0.45759257049675855,-0.028905193413219187,0.02299947127652238,0.051904664689741566,0.4431099095535605,87,32
6,1120,wealth,0.18987193307335962,0.49954814814814813,-0.00014258978303730713,0.048007231884289854,0.04814982166732716,0.9970386228007341,125,32
6,1120,emotion,0.17626440376157804,0.43516802382109865,-0.028509222815684535,0.024801242954661906,0.05331046577034644,0.46522277747556645,121,32
6,1120,scandal,0.1032679847065988,0.46685872212853663,-0.02280084023775718,0.027790894697369516,0.0505917349351267,0.5493168940036589,72,32
6,1120,duty,0.12154593293296746,0.4285294117647059,-0.05516218324697024,1.1764429072257124e-05,0.055173947676042494,0.00021322434894670812,85,32
6,1120,class,0.18440669789129516,0.5429292929292929,0.05027968961365769,0.09091735520494536,0.04063766559128767,2.237268157012442,99,32
6,1120,society,0.19124885451999496,0.5161320296194642,-0.031400738154968286,0.022908047205386174,0.05430878536035446,0.4218110762920375,131,32
6,1124,female,0.22666040100250626,0.4821227044218733,-0.011691231284185227,6.578860804463099e-06,0.01169781014498969,0.0005624010581774146,152,6
6,1124,male,0.19811391615902896,0.4885380745095822,-0.011272514097902083,7.518683929564969e-06,0.011280032781831649,0.0006665480565808727,133,6
6,1124,family,0.17783060592658115,0.4855095884507649,-0.01098239901137971,8.403220113947665e-06,0.010990802231493658,0.0007645684033058152,119,6
6,1124,marriage,0.2393833302011593,0.5013186433993888,-0.011900487679973674,6.211102967664998e-06,0.011906698782941339,0.0005216477783113119,161,6
6,1124,love,0.1626325351222771,0.5233066857574673,0.029301436363449687,0.0344934599204616,0.005192023557011914,6.643548422894588,87,6
6,1124,wealth,0.18665129490392646,0.48483703703703707,-0.01110492193199127,7.999872002047968e-06,0.01111292180399332,0.0007198711682154931,125,6
6,1124,emotion,0.1898713726464923,0.49582978852698095,0.01928471911835248,0.024801242954661906,0.005516523836309426,4.495809985796819,121,6
6,1124,scandal,0.10815580618212198,0.48511570170507773,-0.010105807551890875,1.3888503097136193e-05,0.010119696054988012,0.001372422948307633,72,6
6,1124,duty,0.12911305048984886,0.5036004056795133,-0.010334751617424136,1.1764429072257124e-05,0.010346516046496394,0.0011370425579249773,85,6
6,1124,class,0.14907838926977682,0.4997590748474141,-0.010592335227750613,1.0100806044322337e-05,0.010602436033794935,0.0009526872891450271,99,6
6,1124,society,0.19686716791979952,0.4890785373245275,-0.0017240287479610783,0.007641104715958534,0.009365133463919612,0.8159098580475086,131,6
6,1126,female,0.22857142857142856,0.4844054580896686,-0.00974192114504347,6.578860804463099e-06,0.009748500005847932,0.0006748587782573433,152,5
6,1126,male,0.20612244897959184,0.4990672169144666,5.554194879563504e-06,0.007526202613494532,0.007520648418614969,1.0007385259314978,133,5
6,1126,family,0.1855436911606748,0.49561363006741155,0.0010838113480249297,0.008411623334061612,0.007327811986036682,1.1479038148006873,119,5
6,1126,marriage,0.2412916348843122,0.4882184757961155,-0.009916368569335223,6.211102967664998e-06,0.009922579672302888,0.0006259564722242773,161,5
6,1126,love,0.13082706766917293,0.486159169550173,-0.008640725207829431,1.1493988643939221e-05,0.00865221919647337,0.0013284439958820863,87,5
6,1126,wealth,0.19022594948910737,0.5048444444444444,-0.00925307693882458,7.999872002047968e-06,0.009261076810826628,0.0008638166127541378,125,5
6,1126,emotion,0.19478532921334138,0.5057122022362663,0.021122947654276983,0.024801242954661906,0.003678295300384925,6.74259158728336,121,5
6,1126,scandal,0.10827067669172932,0.48650927487352447,-0.008419472598551763,1.3888503097136193e-05,0.0084333611016489,0.0016468526519958745,72,5
6,1126,duty,0.13562804068996018,0.513184584178499,0.004877941426336534,0.01177619350132938,0.006898252074992846,1.7071271637510383,85,5
6,1126,class,0.14863104731525786,0.4918085448120784,-0.008825557018486335,1.0100806044322337e-05,0.008835657824530658,0.0011431866470808807,99,5
6,1126,society,0.19627527788937996,0.4991422935071618,-0.009357499992674899,7.63347124471382e-06,0.009365133463919612,0.0008150947632842244,131,5
6,1152,female,0.22634410545594755,0.46365548373858617,-0.04921557329294473,0.01316430046973066,0.06237987376267539,0.21103441984514568,152,34
6,1152,male,0.1980844969566774,0.4662502119961559,-0.045107142960588986,0.0150448865430595,0.06015202950364849,0.250114363005771,133,34
6,1152,family,0.19012054582598586,0.49504417151475977,0.009378744208955687,0.058830944017747605,0.04945219980879192,1.1896527200817997,119,34
6,1152,marriage,0.23990423480338866,0.462461796312728,-0.05926060069954681,0.006217314070632662,0.06547791477017947,0.0949528416162888,161,34
6,1152,love,0.14084235151234545,0.5254146283259755,0.020530956801999158,0.06897542585227927,0.04844446905028011,1.4238039388824026,87,34
6,1152,wealth,0.19677962642792363,0.5018814814814815,0.006005437225843971,0.056007103886337825,0.050001666660493854,1.1201047410179377,125,34
6,1152,emotion,0.18605280781303735,0.5176531356344191,0.018327093839509673,0.06612287400208261,0.04779578016257294,1.3834458560104743,121,34
6,1152,scandal,0.11033370463195025,0.4775154581225407,-0.0261735101444354,0.027790894697369516,0.05396440484180492,0.5149856609800985,72,34
6,1152,duty,0.1359975406179061,0.5010953346855984,-0.0046562029864382,0.047069480718100756,0.051725683704538956,0.909982765738878,85,34
6,1152,class,0.14697891143286868,0.47694257058214656,-0.03632695657997717,0.020211712894688996,0.05653866947466617,0.3574847636516804,99,34
6,1152,society,0.1941819140676723,0.4709523401092146,-0.04465216588673646,0.015274575960672354,0.059926741847408815,0.2548874757668463,131,34
6,1211,female,0.2287455771782397,0.48474530624807627,-0.015346370540497027,0.01974316127419376,0.03508953181469079,0.5626510315924285,152,21
6,1211,male,0.2059434300035804,0.49172508338515464,-0.0018743923773339478,0.03008225440218944,0.03195664677952339,0.9413457741293328,133,21
6,1211,family,0.1785408900402266,0.48383199433619595,-0.01798539537895473,0.01681484344800928,0.03480023882696401,0.48318184053661084,119,21
6,1211,marriage,0.24150627414592957,0.5037032929113675,-0.0006861639480331833,0.031061725941292653,0.03174788988932584,0.9783871006418519,161,21
6,1211,love,0.13162215884538936,0.4817245356560475,-0.023098203859851132,0.011505482632583159,0.03460368649243429,0.3324929739716088,87,21
6,1211,wealth,0.18871895648211437,0.4928814814814815,-0.00932744584384768,0.02400761587814595,0.03333506172199363,0.7201911332171359,125,21
6,1211,emotion,0.18182853828786844,0.4785336655323286,-0.028493818411332313,0.008272590535693625,0.03676640894702594,0.2250040396218189,121,21
6,1211,scandal,0.10855731743889639,0.49124039722690643,-0.004251155751026952,0.027790894697369516,0.03204205044839647,0.8673257268993837,72,21
6,1211,duty,0.1323586459755527,0.5017951318458418,-0.00921960928768294,0.023540622573586505,0.032760231861269445,0.7185731368616676,85,21
6,1211,class,0.14790428869376238,0.4861780347646072,-0.025226424113128174,0.010110906850366658,0.03533733096349483,0.2861253686795301,99,21
6,1211,society,0.1946643171937917,0.48687709065957624,-0.020307687776167586,0.015274575960672354,0.03558226373683994,0.4292749914173846,131,21
6,1225,female,0.24594963512598228,0.4831614855853083,0.022177484147139805,0.05921632610097235,0.037038841953832544,1.5987628925651727,152,28
6,1225,male,0.21715935009567444,0.5027206173328057,0.031959642907274204,0.06767567405001428,0.03571603114274007,1.8948262694041176,133,28
6,1225,family,0.21021454015804375,0.5250561763166804,0.06130657589203123,0.09244382447353826,0.031137248581507033,2.9689143608364095,119,28
6,1225,marriage,0.2346908845398479,0.4636263925860199,-0.014574997722502335,0.031061725941292653,0.04563672366379499,0.6806300594548211,161,28
6,1225,love,0.12767554294215588,0.4298413077198425,-0.035208888597966226,0.011505482632583159,0.04671437123054938,0.24629428437672574,87,28
6,1225,wealth,0.17882994755243206,0.4529037037037037,-0.03214207779122918,0.016007743876097984,0.04814982166732716,0.3324569712088433,125,28
6,1225,emotion,0.17451657177674437,0.4589891225085076,-0.03125886341739517,0.016536916745177765,0.04779578016257294,0.34599114584138974,121,28
6,1225,scandal,0.10119346023431228,0.4634977515458123,-0.04720517652535134,1.3888503097136193e-05,0.04721906502844848,0.0002941291422961157,72,28
6,1225,duty,0.19202935714027114,0.5355882352941177,0.059642833160108016,0.09412719700712924,0.03448436384702122,2.7295616477649025,85,28
6,1225,class,0.140103161066667,0.45030695649070207,-0.04946145583156474,1.0100806044322337e-05,0.04947155663760906,0.00020417400887764607,99,28
6,1225,society,0.1847705709325115,0.468443548617663,-0.04292237631969303,0.007641104715958534,0.05056348103565156,0.15111904005224217,131,28
6,1253,female,0.22764521997684292,0.5063032215040526,-0.012178680649251336,0.01316430046973066,0.025342981118981995,0.5194456172068526,152,15
6,1253,male,0.2041047907793398,0.503660466956866,0.009403760712316092,0.03008225440218944,0.02067849368987335,1.4547604313880238,133,15
6,1253,family,0.1844345942473255,0.5082648443992981,0.003238290594092353,0.02521806356195694,0.02197977296786459,1.1473304841537513,119,15
6,1253,marriage,0.2391752833341539,0.49580991817016656,-0.021562337597416274,0.006217314070632662,0.027779651668048935,0.22380820842184154,161,15
6,1253,love,0.1442955766698694,0.5046235532752654,0.013730555985873139,0.0344934599204616,0.02076290393458846,1.661302293141106,87,15
6,1253,wealth,0.18735505430242272,0.46714074074074075,-0.01791980987527684,0.008007871874050014,0.025927681749326855,0.3088541409587868,125,15
6,1253,emotion,0.19854077342115622,0.4885755955274672,0.012843217040440627,0.033065569164146054,0.020222352123705427,1.6351000595895178,121,15
6,1253,scandal,0.10827067669172932,0.4654300168634064,-0.02528282213194288,1.3888503097136193e-05,0.025296710635040017,0.0005490240726139847,72,15
6,1253,duty,0.13202399251934854,0.5115618661257606,0.0011251826268276997,0.023540622573586505,0.022415439946758806,1.050196767426829,85,15
6,1253,class,0.14887218045112782,0.4637809187279152,-0.026493339111129114,1.0100806044322337e-05,0.026503439917173438,0.0003811130206308127,99,15
6,1253,society,0.19417783485431134,0.48040855419275524,-0.018577898209124144,0.007641104715958534,0.02621900292508268,0.2914338404667997,131,15
6,1279,female,0.2179564972034195,0.45872447932697247,-0.0409308833713116,6.578860804463099e-06,0.04093746223211606,0.0001607051450087489,152,21
6,1279,male,0.1966608014816772,0.4555868053592628,-0.011272768488507261,0.02256357047262447,0.03383633896113173,0.6668443207723126,133,21
6,1279,family,0.19969720838330932,0.5142287684304491,0.053657611277778336,0.07563738424564292,0.02197977296786459,3.4412268203491885,119,21
6,1279,marriage,0.23634533159525473,0.49797890170560977,-0.03346705226124698,0.006217314070632662,0.03968436633187964,0.15666910285225943,161,21
6,1279,love,0.18330582951256175,0.5697112516406155,0.029798141994828668,0.05748143720834004,0.027683295213511375,2.0763943296103244,87,21
6,1279,wealth,0.20979793720334375,0.5336296296296296,0.03007942213701097,0.056007103886337825,0.025927681749326855,2.1601277131393277,125,21
6,1279,emotion,0.18052011594354742,0.49997721195916384,-0.008288708920515031,0.024801242954661906,0.03308995187517694,0.7495097922012248,121,21
6,1279,scandal,0.12038935102448314,0.4892261570170508,-0.004251155751026952,0.027790894697369516,0.03204205044839647,0.8673257268993837,72,21
6,1279,duty,0.12767812911992074,0.4912271805273834,-0.022708170345691843,0.01177619350132938,0.03448436384702122,0.34149371446227567,85,21
6,1279,class,0.14465803832713736,0.4801816754113574,-0.025226424113128174,0.010110906850366658,0.03533733096349483,0.2861253686795301,99,21
6,1279,society,0.19072706530471728,0.4654987563255853,-0.02981381118323286,0.007641104715958534,0.03745491589919139,0.20400805961813648,131,21
6,1295,female,0.22739661654135337,0.48464912280701755,-0.019488471840752256,6.578860804463099e-06,0.01949505070155672,0.00033746312871093485,152,10
6,1295,male,0.2,0.48120300751879697,-0.018791282824335443,7.518683929564969e-06,0.018798801508265007,0.00039995549321904266,133,10
6,1295,family,0.17873114157943878,0.4969987995198079,0.0021610509710586444,0.01681484344800928,0.014653792476950634,1.1474738347298385,119,10
6,1295,marriage,0.2409284079764629,0.4841516316671596,-0.01983696412252747,6.211102967664998e-06,0.019843175225495134,0.00031300953082205157,161,10
6,1295,love,0.1402046783625731,0.5028636200930677,0.022381045084526777,0.0344934599204616,0.012112414835934825,2.847777291715558,87,10
6,1295,wealth,0.19429197994987468,0.49629629629629635,-0.008660584909443379,0.008007871874050014,0.016668456783493393,0.4804207118621629,125,10
6,1295,emotion,0.1838770590683187,0.5018382352941175,0.0018292502292458386,0.016536916745177765,0.014707666515931927,1.1243739260840562,121,10
6,1295,scandal,0.1085030284043442,0.49098276185122725,-0.001276309314772019,0.013902391600233327,0.015178700915005346,0.9159144565246554,72,10
6,1295,duty,0.14078185660229003,0.5229614604462475,0.02323440361359546,0.035305051645843626,0.012070648032248166,2.924867956434247,85,10
6,1295,class,0.14938862307283363,0.48836420744547954,-0.005791863811221109,0.010110906850366658,0.015902770661587767,0.6357953003845538,99,10
6,1295,society,0.19734995150824802,0.5002144266232096,-0.009214637397366884,0.007641104715958534,0.01685574211332542,0.45332354186081697,131,10
6,1307,female,0.22857142857142856,0.4736842105263158,-0.021437781979894016,6.578860804463099e-06,0.02144436084069848,0.0003067874511638756,152,11
6,1307,male,0.1988095238095238,0.47918197750014135,-0.020670975005943785,7.518683929564969e-06,0.02067849368987335,0.0003635992080449947,133,11
6,1307,family,0.2041277531746351,0.5164758210976698,0.03103370155835862,0.04202450378985228,0.010990802231493658,3.823606584932382,119,11
6,1307,marriage,0.2393396107489525,0.4852607709750566,-0.021821083233165922,6.211102967664998e-06,0.021827294336133587,0.0002845567055509206,161,11
6,1307,love,0.1297486542495617,0.4897287515411844,-0.019021312126213795,1.1493988643939221e-05,0.019032806114857734,0.0006039040472525317,87,11
6,1307,wealth,0.18735505430242272,0.48000000000000004,-0.010512429902610072,0.008007871874050014,0.018520301776660086,0.4323834444052863,125,11
6,1307,emotion,0.20484079679925699,0.5307942391832765,0.030298685929547264,0.041329895373630195,0.011031209444082929,3.7466331846371257,121,11
6,1307,scandal,0.12178883224204862,0.508103803635001,-0.0029626442681111326,0.013902391600233327,0.01686503586834446,0.8243321691063626,72,11
6,1307,duty,0.1300407882451226,0.49035496957403646,-0.005466850488174106,0.01177619350132938,0.017243043989503486,0.682953282947898,85,11
6,1307,class,0.14869294448241818,0.4879805118321019,-0.0075586420204853885,0.010110906850366658,0.017669548870852047,0.5722221276669683,99,11
6,1307,society,0.19640309702234346,0.4889784715670297,-0.011087289559718334,0.007641104715958534,0.01872839427567687,0.407995720459296,131,11
6,1328,female,0.25490876002437535,0.5261811326562019,0.007314420742166244,0.01316430046973066,0.0058498797275644155,2.2503540381267344,152,5
6,1328,male,0.2239788998618468,0.5246622194584206,0.018802306417226182,0.02256357047262447,0.0037612640553982882,5.9989328412722225,133,5
6,1328,family,0.2543024848308214,0.5475651799181211,0.031787957058053394,0.03362128367590461,0.0018333266178512167,18.33894917042774,119,5
6,1328,marriage,0.24682567623071056,0.48203194321206744,0.0064740755872716715,0.012428417038297659,0.0059543414510259875,2.0872865854995335,161,5
6,1328,love,0.12936639449698709,0.4794077874557531,-0.008640725207829431,1.1493988643939221e-05,0.00865221919647337,0.0013284439958820863,87,5
6,1328,wealth,0.18537009506688923,0.4784888888888889,-0.00925307693882458,7.999872002047968e-06,0.009261076810826628,0.0008638166127541378,125,5
6,1328,emotion,0.17920634292970092,0.4890161643169665,-0.009184716581948943,8.26432620948414e-06,0.009192980908158427,0.0008989822007843917,121,5
6,1328,scandal,0.10728132058541416,0.47474002248454183,-0.008419472598551763,1.3888503097136193e-05,0.0084333611016489,0.0016468526519958745,72,5
6,1328,duty,0.12781954887218044,0.4663793103448276,-0.008610619631672362,1.1764429072257124e-05,0.00862238406074462,0.0013644055968758083,85,5
6,1328,class,0.14887218045112782,0.465547703180212,-0.008825557018486335,1.0100806044322337e-05,0.008835657824530658,0.0011431866470808807,99,5
6,1328,society,0.19699248120300752,0.46348314606741575,-0.009357499992674899,7.63347124471382e-06,0.009365133463919612,0.0008150947632842244,131,5
6,1346,female,0.22789003759398496,0.47802528983276904,-0.012909611036289157,0.006585439665267561,0.01949505070155672,0.3378005918396457,152,11
6,1346,male,0.1981475427699684,0.48388122562044217,-0.020670975005943785,7.518683929564969e-06,0.02067849368987335,0.0003635992080449947,133,11
6,1346,family,0.17850056887018556,0.5006464124111183,-0.02013987462502215,8.403220113947665e-06,0.0201482778451361,0.00041706890177510526,119,11
6,1346,marriage,0.24170259454559523,0.49746746524696844,-0.013625861154862473,0.006217314070632662,0.019843175225495134,0.31332254035287355,161,11
6,1346,love,0.12968088324258922,0.49614206737461725,-0.019021312126213795,1.1493988643939221e-05,0.019032806114857734,0.0006039040472525317,87,11
6,1346,wealth,0.19990690736503092,0.5145703703703703,0.019042721083033905,0.03200748788019392,0.012964766797160012,2.468805523346281,125,11
6,1346,emotion,0.18102154478839994,0.4952372994652406,-8.978306678661396e-06,0.016536916745177765,0.016545895051856427,0.9994573694774457,121,11
6,1346,scandal,0.10699290962448857,0.4923646243207794,-0.018537482318586433,1.3888503097136193e-05,0.01855137082168357,0.0007486510420110904,72,11
6,1346,duty,0.1452313983729026,0.5038640973630832,0.008021710569834794,0.023540622573586505,0.015518912003751712,1.5168990304461187,85,11
6,1346,class,0.14787074818972745,0.4937894849555627,-0.0075586420204853885,0.010110906850366658,0.017669548870852047,0.5722221276669683,99,11
6,1346,society,0.1953355202451225,0.4841538725448152,-0.02059341296678361,7.63347124471382e-06,0.020601046438028323,0.00037053803394435065,131,11
6,1351,female,0.2323424382634909,0.4968451831332718,0.0009790409596748643,0.02632202207865686,0.025342981118981995,1.038631641401608,152,17
6,1351,male,0.202218762413665,0.5009751823166939,-0.003753999762073898,0.02256357047262447,0.026317570234698367,0.8573576614613989,133,17
6,1351,family,0.17673891533184796,0.47868378120478955,-0.031128845361393084,8.403220113947665e-06,0.031137248581507033,0.00026987677127864826,119,17
6,1351,marriage,0.24184456391252152,0.49505816819481413,0.007250312494520617,0.031061725941292653,0.023811413446772036,1.3044889590205746,161,17
6,1351,love,0.13076008987987212,0.4773893330151534,-0.016177812580928215,0.011505482632583159,0.027683295213511375,0.41561102258347016,87,17
6,1351,wealth,0.19587869674185462,0.48832592592592594,-0.011771782866395564,0.016007743876097984,0.027779526742493548,0.5762424977181182,125,17
6,1351,emotion,0.17950674331709565,0.4836381866796305,-0.03124345901304295,8.26432620948414e-06,0.031251723339252434,0.0002644438554477932,121,17
6,1351,scandal,0.10721494596706822,0.47880363500093687,-0.028655492038621107,1.3888503097136193e-05,0.028669380541718244,0.00048443680450095195,72,17
6,1351,duty,0.2338804540217168,0.5865922920892495,0.13256252923541312,0.14118491329615773,0.00862238406074462,16.374231568106573,85,17
6,1351,class,0.14887218045112782,0.46996466431095407,-0.030026895529657673,1.0100806044322337e-05,0.030036996335701997,0.0003362788319809539,99,17
6,1351,society,0.19419058000862055,0.4867055493610086,-0.022323202533827052,0.007641104715958534,0.029964307249785587,0.25500688709425123,131,17
6,1352,female,0.26519285016716465,0.5337283266646148,0.04264499694756692,0.08553176931882474,0.04288677237125782,1.9943624709364396,152,35
6,1352,male,0.22904202934585577,0.5493597716094748,0.018801797636015825,0.06767567405001428,0.04887387641399845,1.3847003555716715,133,35
6,1352,family,0.1706381740196192,0.484224459014375,-0.05386104233382972,0.008411623334061612,0.06227266566789133,0.13507729665511473,119,35
6,1352,marriage,0.234856114662806,0.4692583555161195,-0.012073387340364582,0.04348393187662265,0.055557319216987235,0.782685926691443,161,35
6,1352,love,0.12715321725034998,0.4692459133754921,-0.020871400408741414,0.0344934599204616,0.055364860329203014,0.6230208062431343,87,35
6,1352,wealth,0.1799883496527502,0.4475777777777778,-0.05495670973861068,0.008007871874050014,0.06296458161266069,0.1271805778554183,125,35
6,1352,emotion,0.17635199261834944,0.4651342975206611,-0.04412646316886667,0.016536916745177765,0.060663379914044434,0.27260130853798065,121,35
6,1352,scandal,0.1027219421439727,0.46055836612329026,-0.059009521198725115,1.3888503097136193e-05,0.05902340970182225,0.0002353049945278255,72,35
6,1352,duty,0.14433640007298582,0.5507809330628803,0.034085348201836715,0.08236276793487213,0.04827741973303541,1.7060308605682724,85,35
6,1352,class,0.14384272398348288,0.44923617803476457,-0.03809373478924145,0.020211712894688996,0.05830544768393044,0.34665222028494763,99,35
6,1352,society,0.19034107730245736,0.4519398461846356,-0.02751257123495737,0.0305415184501,0.05805408968505737,0.5260872854136759,131,35
6,1404,female,0.21682370483046384,0.44844567559249,0.0021969333906561167,0.07237404770989854,0.07017711431924242,1.0313055532553068,152,47
6,1404,male,0.21596416213500846,0.5002402623099101,0.02444061979023568,0.09023172583870918,0.0657911060484735,1.3714882034489106,133,47
6,1404,family,0.16708879451294908,0.4415304583371811,-0.004195977149838506,0.06723416413169526,0.07143014128153377,0.9412576109258722,119,47
6,1404,marriage,0.21619326621542934,0.4590850833086858,-0.05227326082463288,0.031061725941292653,0.08333498676592553,0.37273331581808816,161,47
6,1404,love,0.19278391224440686,0.6326015193095493,0.09060829039118934,0.1494333463598538,0.05882505596866447,2.5403009635369527,87,47
6,1404,wealth,0.25017881514563506,0.6047851851851851,0.04104175428596493,0.10400633589862562,0.06296458161266069,1.6518228698284652,125,47
6,1404,emotion,0.21242753877393422,0.5392865824015557,0.03484034185412574,0.09918017884001917,0.06433983698589343,1.5415049755289714,121,47
6,1404,scandal,0.1624542563063405,0.6302932359003185,0.09207767791643388,0.15278742257159525,0.060709744655161366,2.5166869575375332,72,47
6,1404,duty,0.19565184690760132,0.630344827586207,0.05386144754684212,0.11765605515164348,0.06379460760480136,1.8442946757923793,85,47
6,1404,class,0.3336604868710279,0.6754113573901559,0.1661890275177329,0.2121270277368134,0.0459380002190805,4.6176809334440305,99,47
6,1404,society,0.2091919635284563,0.4980415701746862,-0.0024537801478484306,0.0687088746736691,0.07116265482151753,0.9655187098490317,131,47
6,1419,female,0.25028705621215996,0.5463988919667591,0.00439021187289227,0.03947974368758306,0.03508953181469079,1.125114575336942,152,24
6,1419,male,0.2967823484149704,0.6214879303521963,0.0770719160784008,0.09775040976827415,0.02067849368987335,4.727153303792976,133,24
6,1419,family,0.233108389323919,0.5850340136054422,0.03792841067291672,0.06723416413169526,0.029305753458778543,2.2942308657572164,119,24
6,1419,marriage,0.2347227131187859,0.4824755989352262,-0.03941940959316233,0.006217314070632662,0.04563672366379499,0.13623489092467023,161,24
6,1419,love,0.1251179320105172,0.48522451576979675,-0.028288497319043315,0.011505482632583159,0.03979397995162647,0.28912621070523953,87,24
6,1419,wealth,0.17937166611243288,0.44891851851851855,-0.034586414813777076,0.008007871874050014,0.04259428668782709,0.18800342713922147,125,24
6,1419,emotion,0.17474027935004036,0.47578390860476416,-0.013803394528288528,0.024801242954661906,0.038604637482950434,0.642442063209966,121,24
6,1419,scandal,0.11365704874424958,0.4693648116919618,0.006264677439431016,0.04167939779450571,0.035414720355074696,1.1768947312146836,72,24
6,1419,duty,0.12450956424563635,0.4838133874239351,-0.027880566302947163,0.01177619350132938,0.03965675980427654,0.2969529926084,85,24
6,1419,class,0.1404739243888786,0.46716279401791766,-0.03052675874092101,0.010110906850366658,0.04063766559128767,0.24880629098649643,99,24
6,1419,society,0.1962365054607256,0.4558852960516911,-0.006913397449091394,0.0305415184501,0.03745491589919139,0.8154208257064578,131,24
6,1452,female,0.20063117710825928,0.43290243151738994,-0.052626744206162146,6.578860804463099e-06,0.05263332306696661,0.00012499421319014318,152,27
6,1452,male,0.2583593224692056,0.616682684153994,0.02444095897770924,0.06015699012044931,0.03571603114274007,1.6843134075660866,133,27
6,1452,family,0.17068748766599962,0.47295841413488476,0.0017297795947028016,0.04202450378985228,0.04029472419514948,1.0429281904321386,119,27
6,1452,marriage,0.2704107177814085,0.5562456866804693,0.0037995655447430124,0.04348393187662265,0.03968436633187964,1.0957446444242442,161,27
6,1452,love,0.13033940843817993,0.49910511872091634,-0.0070306178508956,0.0344934599204616,0.0415240777713572,0.8306857556129539,87,27
6,1452,wealth,0.18024298861741272,0.48115555555555556,-0.000735081812418506,0.04000735988224189,0.040742441694660396,0.9819578360347313,125,27
6,1452,emotion,0.16759752470605985,0.4608653378706855,-0.029420634881470675,0.016536916745177765,0.04595755162664844,0.35983023811105336,121,27
6,1452,scandal,0.09606318142524949,0.4229904440697021,-0.04551884157201223,1.3888503097136193e-05,0.045532730075109364,0.0003050224107783814,72,27
6,1452,duty,0.1745184835089514,0.532920892494929,0.047878404087850907,0.08236276793487213,0.03448436384702122,2.3884090858645277,85,27
6,1452,class,0.1564825037176828,0.526590998322447,-0.00022434060795399613,0.04041332498333367,0.04063766559128767,0.9944794907462261,99,27
6,1452,society,0.21810797678030944,0.5390256454241358,-0.0030252305290804846,0.03817498969481382,0.0412002202238943,0.9265724670021895,131,27
6,1461,female,0.27424812030075185,0.5296052631578947,0.052635515986370104,0.05263746529650925,1.949310139141758e-06,27003.11111938983,152,8
6,1461,male,0.19999999999999998,0.4962406015037594,-0.0056335223499454565,0.007526202613494532,0.013159724963439989,0.5719118472332608,133,8
6,1461,family,0.17837731583861616,0.4968141102594884,-0.014645389256836686,8.403220113947665e-06,0.014653792476950634,0.0005734501922687849,119,8
6,1461,marriage,0.2421542987904544,0.4951814058956916,-0.007673503822947126,0.006217314070632662,0.013890817893579788,0.4475844487932323,161,8
6,1461,love,0.13082706766917293,0.4922145328719723,-0.013831018667021612,1.1493988643939221e-05,0.013842512655665551,0.000830339760491716,87,8
6,1461,wealth,0.18746616541353384,0.4965481481481481,-0.004956894923109998,0.008007871874050014,0.012964766797160012,0.6176641661758627,125,8
6,1461,emotion,0.18182853828786844,0.496764098201264,-0.004596847444313804,0.008272590535693625,0.012869437980007429,0.6428089981786478,121,8
6,1461,scandal,0.11371136173767754,0.5002693460745737,0.002096360591906203,0.013902391600233327,0.011806031008327124,1.1775669223001375,72,8
6,1461,duty,0.13808049535603717,0.4990669371196754,-0.0002944545309187859,0.01177619350132938,0.012070648032248166,0.9756057395503769,85,8
6,1461,class,0.14887218045112782,0.4920494699646643,-0.014125891646279167,1.0100806044322337e-05,0.01413599245232349,0.0007145452346324331,99,8
6,1461,society,0.19699248120300752,0.49157303370786515,-0.014975456479729253,7.63347124471382e-06,0.014983089950973966,0.0005094724298647182,131,8
6,1541,female,0.2235354355374316,0.4587180670975685,-0.018026611066676614,0.01316430046973066,0.03119091153640727,0.4220556508565872,152,18
6,1541,male,0.1954759823672188,0.47750014133077057,-0.01503206805485555,0.0150448865430595,0.03007695459791505,0.500213094832487,133,18
6,1541,family,0.1726868870168411,0.47163480776926153,-0.032960340484121574,8.403220113947665e-06,0.03296874370423552,0.0002548844502259033,119,18
6,1541,marriage,0.24819879951923274,0.5063713891353643,-0.011124250772724727,0.018639520005962657,0.029763770778687384,0.626248607541468,161,18
6,1541,love,0.13466494103539928,0.5137612854472418,-0.004683823936988997,0.02299947127652238,0.027683295213511375,0.8308068493401837,87,18
6,1541,wealth,0.20190152077428078,0.507925925925926,0.015931523126081728,0.04000735988224189,0.024075836756160162,1.6617225098248638,125,18
6,1541,emotion,0.19014777750877845,0.4880742586290715,0.007328531432667124,0.033065569164146054,0.02573703773147893,1.2847465006595868,121,18
6,1541,scandal,0.10518103742209775,0.4803026044594341,-0.014766988941484918,0.013902391600233327,0.028669380541718244,0.4849212413054528,72,18
6,1541,duty,0.13075578330085702,0.4950507099391481,0.009441347727581272,0.035305051645843626,0.025863703918262353,1.3650423681021844,85,18
6,1541,class,0.14607166980183559,0.5082806867259163,-0.03179367373892196,1.0100806044322337e-05,0.03180377454496628,0.0003175977124892378,99,18
6,1541,society,0.19191601364929756,0.4594018926723275,-0.033701978103243775,7.63347124471382e-06,0.03370961157448849,0.0002264479146435612,131,18
6,1569,female,0.24915635226650776,0.5285600697650559,0.027781933542593368,0.03947974368758306,0.01169781014498969,3.3749687501226653,152,12
6,1569,male,0.2258381375912045,0.5254466052348918,0.015042837257141114,0.03008225440218944,0.015039417145048327,2.000227409749964,133,12
6,1569,family,0.18319591665716492,0.5144519346200018,-0.0015019392743983312,0.01681484344800928,0.01831678272240761,0.9180020149783754,119,12
6,1569,marriage,0.2429900980571134,0.49774475007394264,0.008975685969409421,0.024850622973627657,0.015874937004218236,1.5653997849225503,161,12
6,1569,love,0.13082706766917293,0.4801038062283737,-0.020751409945944523,1.1493988643939221e-05,0.02076290393458846,0.0005535829034125644,87,12
6,1569,wealth,0.18796992481203006,0.4787037037037037,-0.022215991890991424,7.999872002047968e-06,0.022223991762993472,0.00035996557625660565,125,12
6,1569,emotion,0.18082678521999968,0.4837597228974234,-0.022052316333420446,8.26432620948414e-06,0.02206058065962993,0.0003746196138995082,121,12
6,1569,scandal,0.10827067669172932,0.4806070826306914,-0.020223817271925546,1.3888503097136193e-05,0.020237705775022683,0.0006862686537122737,72,12
6,1569,duty,0.1282765737874097,0.48703853955375254,-0.007190982473925878,0.01177619350132938,0.018967175975255258,0.6208722645939402,85,12
6,1569,class,0.14923166502113872,0.4916211585822893,-0.009325420229749668,0.010110906850366658,0.019436327080116327,0.520206662923988,99,12
6,1569,society,0.19507284085864623,0.48772764959830744,-0.02246606512913506,7.63347124471382e-06,0.022473698600379774,0.00033966243741673935,131,12
6,1580,female,0.24262912497468025,0.5396532266338362,-0.04994699100110523,0.05921632610097235,0.10916331710207758,0.5424562726053594,152,65
6,1580,male,0.2786102504152567,0.605743682514557,0.10338667385536526,0.1804559329934888,0.07706925913812354,2.34147745818776,133,65
6,1580,family,0.23529794572242246,0.5759072859913196,0.08565369348116256,0.16807280549906725,0.0824191120179047,2.0392455266991463,119,65
6,1580,marriage,0.22066962699822062,0.48333826284136844,-0.06340173858121463,0.04969503484428764,0.11309677342550227,0.43940276401061734,161,65
6,1580,love,0.18619869129407213,0.6433003221572604,0.046242443172366296,0.1379393577159146,0.0916969145435483,1.5042966102081956,87,65
6,1580,wealth,0.18415871794528685,0.47853333333333337,-0.03169832357189417,0.07200684789043375,0.10370517146232792,0.6943419202184793,125,65
6,1580,emotion,0.17266849696867753,0.46271876519202726,-0.03865799077414983,0.06612287400208261,0.10478086477623244,0.6310586779624505,121,65
6,1580,scandal,0.10207983885410889,0.46278339891324716,-0.0005757034455713406,0.09723341018305048,0.09780911362862182,0.9941140101856828,72,65
6,1580,duty,0.17392478507911574,0.5679918864097363,0.07678131603534578,0.16471377144067198,0.0879324554053262,1.873185170134824,85,65
6,1580,class,0.13360153882228354,0.4476746261198558,-0.055494328306409955,0.05051413102765601,0.10600845933406597,0.47651037798779433,99,65
6,1580,society,0.16825196828808703,0.3984904365726048,-0.05517376588430511,0.05344193218424146,0.10861569806854657,0.49202770072906604,131,65
6,1582,female,0.42316542713408223,0.6843900687390992,0.20833440949012566,0.2960553150616439,0.08772090557151824,3.3749687503727044,152,90
6,1582,male,0.37454334840457226,0.7204548024195828,0.2725570198721428,0.35338566337348304,0.08082864350134022,4.3720350615960974,133,90
6,1582,family,0.3973198173411623,0.7453596823344724,0.2138564744364449,0.3109275474361775,0.09707107299973261,3.2030916917322103,119,90
6,1582,marriage,0.23412937016566804,0.4965000492950803,-0.039247717642444835,0.10559496155327264,0.14484267919571747,0.729032092880989,161,90
6,1582,love,0.11913986697820225,0.4209521536809451,-0.07635452110292161,0.06897542585227927,0.14532994695520088,0.47461261286407047,87,90
6,1582,wealth,0.1745353319369145,0.4965407407407407,-0.038587580420202855,0.10400633589862562,0.14259391631882848,0.7293883118081032,125,90
6,1582,emotion,0.16647263195212603,0.45125638065143414,-0.05430603993603644,0.09091585263053503,0.14522189256657148,0.6260478432219305,121,90
6,1582,scandal,0.09917175558302943,0.4276864343264006,-0.10503342948095037,0.04167939779450571,0.1467128272754561,0.2840883007180263,72,90
6,1582,duty,0.12036817939280424,0.41250507099391476,-0.06074191101451082,0.08236276793487213,0.14310467894938295,0.5755421034376439,85,90
6,1582,class,0.13371505613666013,0.4322286468929578,-0.09966378353801691,0.05051413102765601,0.15017791456567292,0.33636191562128653,99,90
6,1582,society,0.17582773569855162,0.4030291334305401,-0.15902681038548308,0.007641104715958534,0.1666679151014416,0.04584628487889806,131,90
6,1588,female,0.28730030805668955,0.5633015286754899,0.06311202242687139,0.16447809897238194,0.10136607654551055,1.6226148291032376,152,77
6,1588,male,0.20783234509028906,0.45490135112216634,0.01504173489785203,0.12782514548653404,0.112783410588682,1.1333683280032685,133,77
6,1588,family,0.2515498899344825,0.5665343060301044,0.13531875866515378,0.2268953462967009,0.09157658763154713,2.4776567042126856,119,77
6,1588,marriage,0.22347137182098864,0.46520999704229515,-0.07082072375226914,0.06211724077961764,0.13293796453188678,0.4672648704821323,161,77
6,1588,love,0.12765163914500094,0.5035795251163345,-0.06708733591009208,0.05748143720834004,0.12456877311843213,0.4614433920227252,87,77
6,1588,wealth,0.17007842590108807,0.47468148148148137,-0.04406874649467983,0.08000671989248172,0.12407546638716155,0.644823043761014,125,77
6,1588,emotion,0.1898347869921726,0.5344099416626155,-0.020306514223609295,0.09918017884001917,0.11948669306362847,0.8300520861044683,121,77
6,1588,scandal,0.1040375043170216,0.5237492973580663,-0.051961398986591315,0.0694564039887781,0.12141780297536942,0.5720446449051285,72,77
6,1588,duty,0.11765730374475722,0.48760649087221103,-0.11925956154779116,0.01177619350132938,0.13103575504912054,0.08987007780300149,85,77
6,1588,class,0.12811182538747676,0.41473034229217975,-0.11229841957834115,0.020211712894688996,0.13251013247303015,0.15252956522890931,99,77
6,1588,society,0.1844348546599172,0.5210138090745347,-0.11567008546078364,0.022908047205386174,0.1385781326661698,0.1653078069712889,131,77
6,1590,female,0.3168617914497506,0.6027495639684004,0.0928386365579412,0.20395126379916054,0.11111262724121934,1.8355363279689008,152,88
6,1590,male,0.22675762518422984,0.5209310871162869,0.031958625344853525,0.15789988120479392,0.1259412558599404,1.253758191669464,133,88
6,1590,family,0.17551890101936113,0.4989688182965493,-0.007644270524973462,0.1260567049293289,0.13370097545430237,0.9428256188861612,119,88
6,1590,marriage,0.2333144042735377,0.5250788721285616,-0.0598651456560783,0.08696165265027762,0.14682679830635592,0.592273710608596,161,88
6,1590,love,0.13809944162019844,0.5185339856023545,0.006450193318559533,0.1379393577159146,0.13148916439735506,1.049054941881129,87,88
6,1590,wealth,0.1807548878976813,0.4992148148148148,-0.015180456443440155,0.12000607990272155,0.1351865363461617,0.8877073349563713,125,88
6,1590,emotion,0.17101893170450977,0.45966516771998056,-0.010219363882552873,0.1239731574684716,0.13419252135102447,0.9238455036048944,121,88
6,1590,scandal,0.11879731457129768,0.5382237211916807,0.038512782880005564,0.16667592566873143,0.12816314278872587,1.300498115454242,72,88
6,1590,duty,0.12031260115270462,0.47805273833671397,0.010149158247037188,0.14118491329615773,0.13103575504912054,1.0774533503634576,85,88
6,1590,class,0.13736032442995072,0.44565799336117357,-0.08426264286590174,0.06061493707197835,0.14487757993788009,0.4183872832328518,99,88
6,1590,society,0.17383005332885307,0.4330417131257684,-0.08873864221132326,0.061075403428955274,0.14981404564027853,0.4076747488362804,131,88
6,1601,female,0.3199248120300752,0.5583512875756643,0.0855298200086856,0.08553176931882474,1.949310139141758e-06,43877.94621462157,152,13
6,1601,male,0.19982851866508375,0.5007702526994178,-0.005633607146813848,0.0150448865430595,0.02067849368987335,0.7275620152980343,133,13
6,1601,family,0.19403451970900001,0.5185304891187243,0.03760542654957779,0.05042772390379994,0.012822297354222148,3.9328150413905503,119,13
6,1601,marriage,0.2500096394833237,0.4977509119589865,0.006991566858770972,0.024850622973627657,0.017859056114856685,1.391485799272634,161,13
6,1601,love,0.13082706766917293,0.4835640138408305,-0.02248150776567525,1.1493988643939221e-05,0.02249300175431919,0.0005110028785384814,87,13
6,1601,wealth,0.18796992481203006,0.4824074074074074,-0.024067836884158113,7.999872002047968e-06,0.024075836756160162,0.0003322780463557016,125,13
6,1601,emotion,0.1806691315064521,0.4925179265921244,-0.013787990123936306,0.008272590535693625,0.02206058065962993,0.37499423351340766,121,13
6,1601,scandal,0.10758391075728538,0.49160342889263625,-0.021910152225264656,1.3888503097136193e-05,0.021924040728361793,0.0006334828177241981,72,13
6,1601,duty,0.12755712811440365,0.49700811359026364,-0.008915114459677654,0.01177619350132938,0.020691307961007033,0.5691372204672895,85,13
6,1601,class,0.14887218045112782,0.4832155477031802,-0.022959782692600558,1.0100806044322337e-05,0.022969883498644882,0.00043974128316665153,99,13
6,1601,society,0.19699248120300752,0.48220973782771537,-0.024338717291486515,7.63347124471382e-06,0.024346350762731228,0.00031353656729884164,131,13
6,1611,female,0.21985650075814336,0.4883169180260593,-0.06578495313621101,0.03947974368758306,0.10526469682379407,0.37505208183228234,152,60
6,1611,male,0.17914691176038947,0.400955396008819,-0.037588883015365976,0.06015699012044931,0.09774587313581529,0.6154427618263467,133,60
6,1611,family,0.1609061075179307,0.43477390956382556,-0.06894427469201346,0.03362128367590461,0.10256555836791807,0.327802862974452,119,60
6,1611,marriage,0.23411465368529533,0.5130015774425712,-0.028895476793112038,0.06832834374728264,0.09722382054039468,0.7027942675652279,161,60
6,1611,love,0.11717962278192634,0.36083601797717063,-0.0641238459020096,0.0344934599204616,0.0986173058224712,0.34977086052427986,87,60
6,1611,wealth,0.17050631254245935,0.44485925925925923,-0.051994249591704685,0.048007231884289854,0.10000148147599454,0.4800652067873012,125,60
6,1611,emotion,0.15952177188113584,0.38864244044725327,-0.07997962182157053,0.024801242954661906,0.10478086477623244,0.2366962995332226,121,60
6,1611,scandal,0.10228101050612955,0.5189244894135281,-0.0700182189312523,0.027790894697369516,0.09780911362862182,0.2841340000544995,72,60
6,1611,duty,0.11369686650760334,0.45896551724137924,-0.0629721956739932,0.035305051645843626,0.09827724731983684,0.3592393214940831,85,60
6,1611,class,0.15834788547858858,0.5303744155334261,0.012677484007844506,0.10101816124926769,0.08834067724142318,1.143506755920097,99,60
6,1611,society,0.3880077628851325,0.7247905766646653,0.15381808647582287,0.2137448283232317,0.059926741847408815,3.5667687201136746,131,60
6,1647,female,0.2277601839744288,0.49660151841592287,-0.00974192114504347,6.578860804463099e-06,0.009748500005847932,0.0006748587782573433,152,5
6,1647,male,0.1988023196413496,0.5049607100457911,-0.009392821916293743,7.518683929564969e-06,0.009400340600223309,0.0007998310112919236,133,5
6,1647,family,0.18901075466140882,0.5151291285745068,0.0010838113480249297,0.008411623334061612,0.007327811986036682,1.1479038148006873,119,5
6,1647,marriage,0.24070486047326092,0.49476239771270825,-0.0017211464910317767,0.006217314070632662,0.007938460561664439,0.7831888842370092,161,5
6,1647,love,0.15512314532278235,0.5178976255816727,0.017807447719510466,0.02299947127652238,0.005192023557011914,4.429770208001356,87,5
6,1647,wealth,0.18855530413636873,0.5073629629629629,-0.00925307693882458,7.999872002047968e-06,0.009261076810826628,0.0008638166127541378,125,5
6,1647,emotion,0.23109672171028772,0.5254770296548371,0.03122550239968563,0.033065569164146054,0.0018400667644604247,17.969765980677515,121,5
6,1647,scandal,0.11635496569707096,0.5030447817125726,0.007155365451923539,0.013902391600233327,0.006747026148309788,2.0605213752810965,72,5
6,1647,duty,0.12965026990250078,0.4974036511156187,0.004877941426336534,0.01177619350132938,0.006898252074992846,1.7071271637510383,85,5
6,1647,class,0.15246142427944973,0.5168469143734162,-0.008825557018486335,1.0100806044322337e-05,0.008835657824530658,0.0011431866470808807,99,5
6,1647,society,0.20196349145475298,0.5015295765788947,0.009654746821455647,0.015274575960672354,0.005619829139216707,2.7179787106629627,131,5
6,1660,female,0.21105092106074513,0.48482225300092335,-0.0175391617016105,6.578860804463099e-06,0.017545740562414962,0.0003749548661502973,152,9
6,1660,male,0.18991887874737434,0.4791183786534004,0.0018851615796195119,0.0150448865430595,0.013159724963439989,1.1432523539597952,133,9
6,1660,family,0.1655519266387611,0.4771908763505402,-0.016476884379565175,8.403220113947665e-06,0.016485287599679124,0.0005097405830882495,119,9
6,1660,marriage,0.2376708938765341,0.5119787045252884,-0.009657622933585575,0.006217314070632662,0.015874937004218236,0.3916433853305355,161,9
6,1660,love,0.1794370818864861,0.5808972676291612,0.010887056440587553,0.02299947127652238,0.012112414835934825,1.8988345087380312,87,9
6,1660,wealth,0.21351556276605768,0.5199185185185186,0.02274641106936729,0.03200748788019392,0.009261076810826628,3.4561302676293053,125,9
6,1660,emotion,0.20842773386680213,0.5419755712202236,-0.006435075980238302,0.008272590535693625,0.014707666515931927,0.5624679160470465,121,9
6,1660,scandal,0.12705469192346922,0.5644673974142778,0.015984863689042395,0.027790894697369516,0.011806031008327124,2.3539574540685066,72,9
6,1660,duty,0.16273940119228725,0.5568559837728194,0.01146997454133834,0.023540622573586505,0.012070648032248166,1.9502368479923122,85,9
6,1660,class,0.22958074837733328,0.5756148052967841,0.043445251412389634,0.05051413102765601,0.007068879615266378,7.14598829939283,99,9
6,1660,society,0.2269799190515131,0.5923821368327757,-0.007341985235015432,0.007641104715958534,0.014983089950973966,0.5099819022945828,131,9
6,1661,female,0.22857142857142856,0.49122807017543857,-0.00974192114504347,6.578860804463099e-06,0.009748500005847932,0.0006748587782573433,152,5
6,1661,male,0.2,0.49154135338345867,-0.009392821916293743,7.518683929564969e-06,0.009400340600223309,0.0007998310112919236,133,5
6,1661,family,0.18060838370435892,0.5019623233908949,0.0010838113480249297,0.008411623334061612,0.007327811986036682,1.1479038148006873,119,5
6,1661,marriage,0.24210526315789474,0.49107142857142855,-0.009916368569335223,6.211102967664998e-06,0.009922579672302888,0.0006259564722242773,161,5
6,1661,love,0.13082706766917293,0.4922145328719723,-0.008640725207829431,1.1493988643939221e-05,0.00865221919647337,0.0013284439958820863,87,5
6,1661,wealth,0.19296240601503759,0.5015777777777778,0.010450357051604742,0.016007743876097984,0.005557386824493243,2.880444420868116,125,5
6,1661,emotion,0.19518424159572487,0.5119181453573164,0.011020392908868339,0.016536916745177765,0.005516523836309426,2.9977060251847503,121,5
6,1661,scandal,0.10831012716977631,0.5001053962900506,-0.008419472598551763,1.3888503097136193e-05,0.0084333611016489,0.0016468526519958745,72,5
6,1661,duty,0.12781954887218044,0.49224137931034484,-0.008610619631672362,1.1764429072257124e-05,0.00862238406074462,0.0013644055968758083,85,5
6,1661,class,0.14905192273613327,0.4979655209337188,-0.008825557018486335,1.0100806044322337e-05,0.008835657824530658,0.0011431866470808807,99,5
6,1661,society,0.19699248120300752,0.49157303370786515,-0.009357499992674899,7.63347124471382e-06,0.009365133463919612,0.0008150947632842244,131,5
6,1664,female,0.24138730992772053,0.5073355904380835,0.025345174038385498,0.05263746529650925,0.02729229125812375,1.928656879583632,152,22
6,1664,male,0.19661867242834377,0.4753519136186331,-0.013152460670115603,0.02256357047262447,0.03571603114274007,0.6317490983759312,133,22
6,1664,family,0.1812727659785182,0.4910887431895835,0.000652539971669093,0.03362128367590461,0.03296874370423552,1.0197926853538393,119,22
6,1664,marriage,0.2350680301901695,0.48878536922015176,-0.02725594929358198,0.012428417038297659,0.03968436633187964,0.31318169311425686,161,22
6,1664,love,0.12951358904547677,0.4802728393588673,-0.011604215215911911,0.02299947127652238,0.03460368649243429,0.6646537871300592,87,22
6,1664,wealth,0.19329989835501574,0.5131851851851853,-0.011179290837014366,0.02400761587814595,0.03518690671516032,0.6822883316173955,125,22
6,1664,emotion,0.1952387673255736,0.5069579484686436,-2.4382711030883353e-05,0.033065569164146054,0.03308995187517694,0.9992631384862051,121,22
6,1664,scandal,0.12226664914876531,0.5215945287614765,0.009637347346109243,0.04167939779450571,0.03204205044839647,1.300771867278886,72,22
6,1664,duty,0.12375403337063359,0.47973630831643,-0.02443230233144362,0.01177619350132938,0.036208495832773,0.32523288333743183,85,22
6,1664,class,0.17981276363298263,0.5390120284113217,0.032344718945540626,0.06061493707197835,0.02827021812643772,2.1441269677770327,99,22
6,1664,society,0.19046199109525153,0.45542785258884416,-0.041192586752649585,7.63347124471382e-06,0.0412002202238943,0.00018527743791285533,131,22
6,1699,female,0.2167562014557782,0.47244023802195545,-0.028504092149423225,0.006585439665267561,0.03508953181469079,0.18767533576275267,152,19
6,1699,male,0.2049257668432625,0.5075187969924811,-0.007513384125290581,0.02256357047262447,0.03007695459791505,0.7501946514704116,133,19
6,1699,family,0.1748267064194959,0.49605996244651707,-0.024557120370173907,0.008411623334061612,0.03296874370423552,0.25513933467612915,119,19
6,1699,marriage,0.23860360856621118,0.5009859016070196,-0.01310836988336318,0.018639520005962657,0.03174788988932584,0.587110515702099,161,19
6,1699,love,0.248683656637372,0.6444934971960387,0.08615468348896992,0.10345739178409692,0.017302708295127006,5.979260010252532,87,19
6,1699,wealth,0.21422685924946788,0.5557481481481482,0.014079678132915035,0.04000735988224189,0.025927681749326855,1.5430365224124807,125,19
6,1699,emotion,0.21242575595129404,0.5412615459406904,0.025695412387559905,0.049594221583114335,0.02389880919555443,2.0751754271616387,121,19
6,1699,scandal,0.112474247862764,0.500023421397789,-0.0008784858443487281,0.027790894697369516,0.028669380541718244,0.9693580458064046,72,19
6,1699,duty,0.12648383819312597,0.5222312373225152,-0.03274846743219719,1.1764429072257124e-05,0.032760231861269445,0.0003591070149233721,85,19
6,1699,class,0.1657632842623986,0.5404218867116394,0.013909885066160234,0.04041332498333367,0.026503439917173438,1.5248331955438816,99,19
6,1699,society,0.20154662143768554,0.5438002115676016,-0.016562383451464685,0.015274575960672354,0.03183695941213704,0.47977496099610356,131,19
6,1723,female,0.21798198530935584,0.46660510926438903,-0.06919612404942842,0.02632202207865686,0.09551814612808528,0.27557090610913565,152,53
6,1723,male,0.1940307181650954,0.4452625925716547,-0.062024542188800824,0.03008225440218944,0.09210679659099026,0.3266018960082413,133,53
6,1723,family,0.1806142338192743,0.4557438359959368,-0.04588909359623789,0.04202450378985228,0.08791359738609017,0.4780205228642303,119,53
6,1723,marriage,0.3115192500507385,0.5588521640540274,0.08333602192099848,0.1428615793592626,0.05952555743826413,2.4000040571653436,161,53
6,1723,love,0.12980534350889977,0.47328282225669166,-0.01234090177288466,0.06897542585227927,0.08131632762516393,0.8482358693002029,87,53
6,1723,wealth,0.18327518085425104,0.48208148148148156,-0.019327900649108526,0.06400697588838579,0.08333487653749432,0.7680694871950698,125,53
6,1723,emotion,0.1798980801423533,0.44965362177929025,-0.05700946732469039,0.033065569164146054,0.09007503648883644,0.3670891564709717,121,53
6,1723,scandal,0.10313026428597141,0.5061598276185123,-0.07378871230835383,0.013902391600233327,0.08769110390858716,0.1585382208732053,72,53
6,1723,duty,0.13515359231883722,0.5144929006085193,0.04351665563233148,0.11765605515164348,0.074139399519312,1.586957217254089,85,53
6,1723,class,0.14820333702269636,0.49995538423100266,-0.022425405541651997,0.06061493707197835,0.08304034261363034,0.7299456524797501,99,53
6,1723,society,0.18795555892158652,0.4721102438745462,-0.05171418675021822,0.03817498969481382,0.08988917644503204,0.4246895032766647,131,53
6,1729,female,0.2529488916601504,0.5246293731404534,0.03582265512113211,0.05921632610097235,0.023393670979840235,2.531296868690314,152,21
6,1729,male,0.2370329375941852,0.5671179829272429,0.02632073595618598,0.052638306190884346,0.026317570234698367,2.0001202892006846,133,21
6,1729,family,0.1874111746396875,0.5220472804506417,0.012718750331073735,0.04202450378985228,0.029305753458778543,1.434001819729014,119,21
6,1729,marriage,0.24184053788919557,0.49491644483880504,-0.0006861639480331833,0.031061725941292653,0.03174788988932584,0.9783871006418519,161,21
6,1729,love,0.12516264731218163,0.4550471304140317,-0.023098203859851132,0.011505482632583159,0.03460368649243429,0.3324929739716088,87,21
6,1729,wealth,0.1760413635954891,0.46021481481481485,-0.038882596829491654,7.999872002047968e-06,0.0388905967014937,0.00020570196089418727,125,21
6,1729,emotion,0.1750879371794913,0.4906113271754982,-0.03859637315674095,8.26432620948414e-06,0.038604637482950434,0.00021407599573807596,121,21
6,1729,scandal,0.10170325549454079,0.4845301667603522,-0.03540083185197756,1.3888503097136193e-05,0.035414720355074696,0.00039216752123115087,72,21
6,1729,duty,0.14646906363426238,0.5271501014198782,0.017757512828334855,0.047069480718100756,0.0293119678897659,1.6058110084423562,85,21
6,1729,class,0.1534567328962985,0.48884605775065143,-0.025226424113128174,0.010110906850366658,0.03533733096349483,0.2861253686795301,99,21
6,1729,society,0.19548671938253537,0.49118706578608806,-0.020307687776167586,0.015274575960672354,0.03558226373683994,0.4292749914173846,131,21
6,1741,female,0.22639077204968264,0.4674194623986868,-0.0012137502014386136,0.006585439665267561,0.0077991898667061745,0.8443748359731122,152,5
6,1741,male,0.1994130573706501,0.49641019842840184,-0.009392821916293743,7.518683929564969e-06,0.009400340600223309,0.0007998310112919236,133,5
6,1741,family,0.17211053323325343,0.48061532305229776,-0.009150903888651222,8.403220113947665e-06,0.00915930710876517,0.0009174515073294785,119,5
6,1741,marriage,0.23835438497677183,0.5110112885734004,-0.0017211464910317767,0.006217314070632662,0.007938460561664439,0.7831888842370092,161,5
6,1741,love,0.12347052619821418,0.46124169749035515,-0.008640725207829431,1.1493988643939221e-05,0.00865221919647337,0.0013284439958820863,87,5
6,1741,wealth,0.18686116491304897,0.47385185185185186,-0.00925307693882458,7.999872002047968e-06,0.009261076810826628,0.0008638166127541378,125,5
6,1741,emotion,0.18418545283573268,0.45177290957705396,0.011020392908868339,0.016536916745177765,0.005516523836309426,2.9977060251847503,121,5
6,1741,scandal,0.11639760386257722,0.4816844669289863,0.007155365451923539,0.013902391600233327,0.006747026148309788,2.0605213752810965,72,5
6,1741,duty,0.1291721107327356,0.4982860040567952,0.004877941426336534,0.01177619350132938,0.006898252074992846,1.7071271637510383,85,5
6,1741,class,0.1478106741765445,0.46467323410786304,-0.008825557018486335,1.0100806044322337e-05,0.008835657824530658,0.0011431866470808807,99,5
6,1741,society,0.19291008519923708,0.4910441147039483,0.00014862341439037408,0.007641104715958534,0.00749248130156816,1.0198363409114455,131,5
6,1745,female,0.206462515988766,0.4566661536883144,-0.007061680618863887,0.006585439665267561,0.013647120284131448,0.4825515953312439,152,8
6,1745,male,0.1884607806195966,0.4710130589631975,-0.0056335223499454565,0.007526202613494532,0.013159724963439989,0.5719118472332608,133,8
6,1745,family,0.17487610603233497,0.4413072921476283,-0.004410674020160536,0.008411623334061612,0.012822297354222148,0.6560153068541811,119,8
6,1745,marriage,0.24598291080316864,0.5034013605442177,0.0005217182553563203,0.012428417038297659,0.011906698782941339,1.0438172044009348,161,8
6,1745,love,0.21545410948219273,0.6406455076959789,0.012617154260318281,0.02299947127652238,0.010382317016204097,2.2152541902169745,87,8
6,1745,wealth,0.22502384232524658,0.5774296296296295,0.004894822072104664,0.016007743876097984,0.01111292180399332,1.4404622075992017,125,8
6,1745,emotion,0.21392394159584277,0.5607225328147788,-0.004596847444313804,0.008272590535693625,0.012869437980007429,0.6428089981786478,121,8
6,1745,scandal,0.1076349859307999,0.5387741240397227,-0.013478477458569097,1.3888503097136193e-05,0.013492365961666234,0.0010293600941129288,72,8
6,1745,duty,0.1850611760554941,0.597657200811359,0.026682667585099004,0.035305051645843626,0.00862238406074462,4.0945811962243,85,8
6,1745,class,0.19199335985951244,0.6152693007816683,-0.002258307392692555,0.010110906850366658,0.012369214243059213,0.8174251533578866,99,8
6,1745,society,0.19009165025847935,0.5137233038854104,-0.014975456479729253,7.63347124471382e-06,0.014983089950973966,0.0005094724298647182,131,8
6,1751,female,0.2271480492184271,0.5251038781163435,-0.027773161762385402,0.01316430046973066,0.04093746223211606,0.32157099516250653,152,23
6,1751,male,0.19044628954695475,0.4381112555825654,-0.005633776740550631,0.03008225440218944,0.03571603114274007,0.8422619602139624,133,23
6,1751,family,0.18236682855958203,0.5153984670791393,-0.0011789551510593965,0.03362128367590461,0.03480023882696401,0.9661222108880461,119,23
6,1751,marriage,0.22980507853358342,0.48054076703145027,-0.021044846325916983,0.018639520005962657,0.03968436633187964,0.46969428337625435,161,23
6,1751,love,0.11613235808845793,0.3947221890784711,-0.026558399499312588,0.011505482632583159,0.038063882131895745,0.302267713850444,87,23
6,1751,wealth,0.18090950990637683,0.45876296296296293,-0.003179418834966398,0.03200748788019392,0.03518690671516032,0.9096419909367542,125,23
6,1751,emotion,0.2104195161846018,0.522772848808945,0.008239943498453257,0.041329895373630195,0.03308995187517694,1.249016484771185,121,23
6,1751,scandal,0.09293690463182425,0.43935029042533263,-0.03877350175865578,1.3888503097136193e-05,0.038787390261752916,0.00035806748025718976,72,23
6,1751,duty,0.11079187273022775,0.3939452332657201,-0.012667873259186491,0.023540622573586505,0.036208495832773,0.6501408586995017,85,23
6,1751,class,0.15878496334189857,0.5277956240853767,-0.016892396278070113,0.020211712894688996,0.03710410917275911,0.5447297710352575,99,23
6,1751,society,0.18051980959872777,0.4778425822683478,-0.024052992100870495,0.015274575960672354,0.03932756806154285,0.388393605635139,131,23
6,1770,female,0.2188579121097141,0.5028855032317636,-0.071876364575608,0.01974316127419376,0.09161952584980176,0.21549076019389798,152,50
6,1770,male,0.21570034316086203,0.5417632426931991,0.03759829546775727,0.10526909369783911,0.06767079823008185,1.5556059105194358,133,50
6,1770,family,0.18918786109764174,0.5354603379813464,0.031248398428680643,0.10084704458748592,0.06959864615880527,1.448979975212898,119,50
6,1770,marriage,0.22334416197652393,0.4401064773735581,-0.03363995192163789,0.04969503484428764,0.08333498676592553,0.5963285862548536,161,50
6,1770,love,0.12641813146473813,0.4958437736149226,-0.02037469477736243,0.05748143720834004,0.07785613198570247,0.738303274790965,87,50
6,1770,wealth,0.17214795188922763,0.47773333333333334,-0.053179233650467075,0.03200748788019392,0.085186721530661,0.37573329862562943,125,50
6,1770,emotion,0.19080035530094497,0.5344099416626155,-0.041392226971508246,0.041329895373630195,0.08272212234513844,0.49962324710059275,121,50
6,1770,scandal,0.11130590923264755,0.4636265692336518,0.024719320854515336,0.09723341018305048,0.07251408932853515,1.3408899026667787,72,50
6,1770,duty,0.11893827503759496,0.47363083164300207,-0.04573087581647547,0.035305051645843626,0.0810359274623191,0.4356715934648178,85,50
6,1770,class,0.1480826307061674,0.5289110183103116,-0.01712507091385916,0.06061493707197835,0.07774000798583751,0.7797135431506685,99,50
6,1770,society,0.35427189115142804,0.6055407839437345,0.12501399106401104,0.1755774720996626,0.05056348103565156,3.4724166236180043,131,50
6,1773,female,0.2298258376617993,0.5107468964809686,-0.02655478201028147,0.006585439665267561,0.03314022167554903,0.19871441203809467,152,18
6,1773,male,0.25006829947286413,0.5838232800045227,0.022561436389837694,0.04511962226131938,0.022558185871481687,2.000144094758966,133,18
6,1773,family,0.19193240210929638,0.5220088035214085,-0.012490910010769265,0.01681484344800928,0.029305753458778543,0.5737727737008113,119,18
6,1773,marriage,0.22399197223312586,0.41653110519570147,-0.03570991700763507,6.211102967664998e-06,0.035716128110602735,0.00017390191199496958,161,18
6,1773,love,0.20966284684923303,0.5887921091357435,0.06143660838136075,0.08046941449621849,0.019032806114857734,4.227932234814974,87,18
6,1773,wealth,0.17562703395408308,0.46111111111111114,-0.023475344854776925,0.008007871874050014,0.03148321672882694,0.25435367493638045,125,18
6,1773,emotion,0.2060469943931751,0.5283027467185221,0.017431086178075764,0.041329895373630195,0.02389880919555443,1.729370490124205,121,18
6,1773,scandal,0.12699976949522593,0.568788645306352,-0.014766988941484918,0.013902391600233327,0.028669380541718244,0.4849212413054528,72,18
6,1773,duty,0.12026090758002676,0.48446247464503045,-0.004047213330427624,0.023540622573586505,0.02758783590401413,0.8532971797656649,85,18
6,1773,class,0.17091731375384184,0.5602491344540816,-0.008058505231748725,0.020211712894688996,0.02827021812643772,0.7149471858893256,99,18
6,1773,society,0.1833621244437436,0.42540812533950884,-0.014689731289113233,0.015274575960672354,0.029964307249785587,0.5097590220535432,131,18
6,1779,female,0.244927357615246,0.5378193290243152,0.03996475642138734,0.07895290851436164,0.0389881520929743,2.025048746194975,152,32
6,1779,male,0.2130801497731594,0.524464356379671,0.05263600251436077,0.09023172583870918,0.037595723324348414,2.4000529277720175,133,32
6,1779,family,0.23289482738808914,0.5568919875642564,0.09491945634782188,0.1260567049293289,0.031137248581507033,4.048421445951003,119,32
6,1779,marriage,0.2587447774657601,0.526366706102731,0.034855080383068,0.07453944671494764,0.03968436633187964,1.8783075957342314,161,32
6,1779,love,0.12912663603453076,0.48588076204112485,-0.015681106949549238,0.0344934599204616,0.05017456687001084,0.6874690121219711,87,32
6,1779,wealth,0.18488003346355747,0.4927777777777778,-0.02969774076868129,0.02400761587814595,0.05370535664682724,0.44702460567529306,125,32
6,1779,emotion,0.18195488721804512,0.4641544117647059,-0.05881688705191045,8.26432620948414e-06,0.05882515137811994,0.0001404896717769871,121,32
6,1779,scandal,0.10647307924984875,0.48205920929361057,-0.03837567828823248,0.013902391600233327,0.05227806988846581,0.26593161586929015,72,32
6,1779,duty,0.1286687306501548,0.4734279918864097,-0.041673622188961354,0.01177619350132938,0.05344981569029073,0.22032243421277553,85,32
6,1779,class,0.14685672514619882,0.4770585715815397,-0.03279340016144862,0.020211712894688996,0.053005113056137615,0.381316286843903,99,32
6,1779,society,0.19337929262066053,0.481909540555222,-0.04090686156203356,0.015274575960672354,0.056181437522705914,0.27187940775326735,131,32
6,1794,female,0.234897140762916,0.5508874525495024,-0.03362109217981067,0.01316430046973066,0.04678539264954133,0.28137629554720306,152,26
6,1794,male,0.1986436291813892,0.5247964836904291,-0.03946798161889557,0.007526202613494532,0.04699418423239011,0.1601517876364592,133,26
6,1794,family,0.17982968256119572,0.5229784221380859,-0.03737758622927333,0.008411623334061612,0.04578920956333494,0.18370317841462364,119,26
6,1794,marriage,0.25462736522078183,0.5560916395543726,-0.018801981579528882,0.024850622973627657,0.04365260455315654,0.5692815635501735,161,26
6,1794,love,0.15614284762775227,0.5886727916318658,0.00792356643250508,0.045987448564400825,0.038063882131895745,1.2081649581574692,87,26
6,1794,wealth,0.21966065619101227,0.5804,-0.008734953814466477,0.03200748788019392,0.040742441694660396,0.7856055392871345,125,26
6,1794,emotion,0.19783708852372717,0.5105508629071464,0.002725257890679761,0.041329895373630195,0.038604637482950434,1.0705940546861181,121,26
6,1794,scandal,0.11371912497450082,0.5158914183998502,0.018466845583228107,0.05556790089164191,0.0371010553084138,1.4977444826897537,72,26
6,1794,duty,0.1320448385606016,0.5009229208924949,-0.004351708158432915,0.035305051645843626,0.03965675980427654,0.8902656651526558,85,26
6,1794,class,0.16147049073531017,0.5439822250776314,0.00154243760131028,0.04041332498333367,0.03887088738202339,1.0396810493445008,99,26
6,1794,society,0.3635072700941816,0.5958058152500214,0.16045151955338063,0.1679440008549488,0.00749248130156816,22.415004332060658,131,26
6,1804,female,0.22922978953675374,0.5057453575459115,-0.03191623770488598,0.09868949092775094,0.13060572863263692,0.755629113364434,152,82
6,1804,male,0.19641935922529558,0.4718893097405167,-0.03195023045488293,0.09775040976827415,0.12970064022315708,0.7536617367449808,133,82
6,1804,family,0.16229971664954237,0.48037676609105184,-0.07853302168201176,0.058830944017747605,0.13736396569975937,0.42828513080284764,119,82
6,1804,marriage,0.24689748811338585,0.5180296756383713,0.0012109014775731064,0.12422827045626762,0.12301736897869452,1.0098433374621512,161,82
6,1804,love,0.20907575084008131,0.5585650081533629,0.08295121255529367,0.1954093009356107,0.11245808838031704,1.7376189098380102,87,82
6,1804,wealth,0.24114973245806787,0.6132,0.05504091548684799,0.16800531191500936,0.11296439642816138,1.4872412656173795,125,82
6,1804,emotion,0.23389621953093392,0.5833586533787067,0.09173300004167194,0.1983520933538289,0.10661909331215695,1.8603806052940046,121,82
6,1804,scandal,0.12436707044385967,0.5205639872587595,0.01748111649908962,0.13889891947445904,0.12141780297536942,1.143974903758486,72,82
6,1804,duty,0.12931226973192145,0.5004665314401623,-0.019971733012478857,0.10589162607938636,0.12586335909186522,0.8413221039274568,85,82
6,1804,class,0.2460550687187406,0.6364528679016311,0.15182212720782964,0.2525302519141028,0.10070812470627313,2.5075459666052646,99,82
6,1804,society,0.21083972193275274,0.5592818137633302,0.00805238142637292,0.12977664463137967,0.12172426320500675,1.0661526405113253,131,82
6,1817,female,0.2410769173317349,0.5163127116035703,0.025345174038385498,0.05263746529650925,0.02729229125812375,1.928656879583632,152,22
6,1817,male,0.23895759420195511,0.5313966306744303,0.052636172108097554,0.07519435797957924,0.022558185871481687,3.333351290065725,133,22
6,1817,family,0.24063886164856582,0.5375919598608675,0.08253026186507831,0.10084704458748592,0.01831678272240761,5.505718231761859,119,22
6,1817,marriage,0.24881643909103865,0.49399832396726806,-0.0026702830586716325,0.031061725941292653,0.033732008999964286,0.9208383034762235,161,22
6,1817,love,0.1297653949196599,0.48301714194805717,-0.038052388143251806,1.1493988643939221e-05,0.038063882131895745,0.0003019657481023417,87,22
6,1817,wealth,0.18620685045948202,0.48470370370370375,-0.021031007832229026,0.016007743876097984,0.03703875170832701,0.4321890759635658,125,22
6,1817,emotion,0.18195488721804512,0.47518382352941174,-0.04043460169266545,8.26432620948414e-06,0.04044286601887494,0.0002043457109449855,121,22
6,1817,scandal,0.10827067669172932,0.4772344013490725,-0.037087166805316665,1.3888503097136193e-05,0.0371010553084138,0.00037434253503867873,72,22
6,1817,duty,0.12781954887218044,0.47672413793103446,-0.03792086338945252,1.1764429072257124e-05,0.03793262781852477,0.00031014010229477723,85,22
6,1817,class,0.14887218045112782,0.47614840989399293,-0.03886078657597907,1.0100806044322337e-05,0.03887088738202339,0.0002598552985114973,99,22
6,1817,society,0.19699248120300752,0.4747191011235955,-0.041192586752649585,7.63347124471382e-06,0.0412002202238943,0.00018527743791285533,131,22
6,1828,female,0.22540386154599734,0.5191340925412947,-0.021437781979894016,6.578860804463099e-06,0.02144436084069848,0.0003067874511638756,152,11
6,1828,male,0.20005645329437982,0.4912940245350218,-0.001874222783597168,0.0150448865430595,0.01691910932665667,0.8892245006341152,133,11
6,1828,family,0.1769626624184943,0.48686397635977463,0.00032955584833015486,0.01681484344800928,0.016485287599679124,1.0199909067595871,119,11
6,1828,marriage,0.23878687220235703,0.503241151533077,-0.013625861154862473,0.006217314070632662,0.019843175225495134,0.31332254035287355,161,11
6,1828,love,0.13380565431855362,0.5239828182794416,-0.019021312126213795,1.1493988643939221e-05,0.019032806114857734,0.0006039040472525317,87,11
6,1828,wealth,0.19049974029399364,0.4960148148148148,0.00919100408781925,0.02400761587814595,0.014816611790326702,1.6203175338777147,125,11
6,1828,emotion,0.18053878551155794,0.5000455760816723,-0.020214087797495943,8.26432620948414e-06,0.020222352123705427,0.00040867284668570793,121,11
6,1828,scandal,0.10226961001678897,0.47608675285741053,-0.018537482318586433,1.3888503097136193e-05,0.01855137082168357,0.0007486510420110904,72,11
6,1828,duty,0.12293038866913501,0.45916835699797165,-0.005466850488174106,0.01177619350132938,0.017243043989503486,0.682953282947898,85,11
6,1828,class,0.18430002662001238,0.5389584894885248,0.028044110740274457,0.04041332498333367,0.012369214243059213,3.2672507877971078,99,11
6,1828,society,0.23052936548933287,0.5383966606627213,0.007924957254412208,0.022908047205386174,0.014983089950973966,1.5289267620240192,131,11
6,1830,female,0.25640852701232075,0.550848979173079,0.045325237473746505,0.09211063012328784,0.04678539264954133,1.9687903617972964,152,38
6,1830,male,0.205990559004737,0.5322375487591158,0.013162721091190807,0.06767567405001428,0.05451295295882347,1.2414604305125765,133,38
6,1830,family,0.17437450265816604,0.47771416258811217,-0.008181951518634413,0.05042772390379994,0.05860967542243435,0.8603993033484202,119,38
6,1830,marriage,0.2799341086015349,0.5597025041900818,0.06392647611075455,0.10559496155327264,0.04166848544251809,2.534168459192195,161,38
6,1830,love,0.17873981942602443,0.6164141112834586,0.06650691137775602,0.11495138042803614,0.04844446905028011,2.3728483907286964,87,38
6,1830,wealth,0.30592234813249086,0.639311111111111,0.11681866119575313,0.15200556791091344,0.03518690671516032,4.3199468807271355,125,38
6,1830,emotion,0.2650268740380112,0.6178749392318911,0.09179461765908083,0.13223748367795576,0.04044286601887494,3.269735720830714,121,38
6,1830,scandal,0.1168782970318562,0.5532836799700206,-0.032918849957791846,0.027790894697369516,0.060709744655161366,0.45776662140101837,72,38
6,1830,duty,0.12956859331647402,0.4910141987829615,-0.025041291987454188,0.035305051645843626,0.060346343633297814,0.5850404435402781,85,38
6,1830,class,0.19310994451216587,0.578389906128422,0.03967902035807202,0.09091735520494536,0.05123833484687334,1.774401050988075,99,38
6,1830,society,0.20933885528790214,0.4855547931497841,-0.004612157500815908,0.05344193218424146,0.05805408968505737,0.9205541327620956,131,38
6,1835,female,0.21199017654539107,0.40650969529085873,-0.057743744236549585,0.006585439665267561,0.06432918390181715,0.10237094994421601,152,34
6,1835,male,0.21609624360600613,0.5357708180224998,0.01128311370645086,0.06015699012044931,0.04887387641399845,1.2308618536750298,133,34
6,1835,family,0.17339917283688414,0.4306799642934097,-0.04179483197442507,0.01681484344800928,0.05860967542243435,0.2868953517747357,119,34
6,1835,marriage,0.283502725679965,0.5378339741693778,0.04727728631839798,0.08696165265027762,0.03968436633187964,2.191332776258226,161,34
6,1835,love,0.12129297998017213,0.4513781171697889,-0.05881356198002053,1.1493988643939221e-05,0.05882505596866447,0.00019539273621544133,87,34
6,1835,wealth,0.17495799985844027,0.4595111111111111,-0.03340143075501467,0.02400761587814595,0.057409046633160626,0.41818523883761,125,34
6,1835,emotion,0.17210202091890833,0.4949714389888187,-0.011980570396716246,0.041329895373630195,0.05331046577034644,0.7752679474026352,121,34
6,1835,scandal,0.10114673355345938,0.46446973955405657,-0.05732318624538601,1.3888503097136193e-05,0.057337074748483145,0.00024222552611582942,72,34
6,1835,duty,0.13238238039821865,0.5036916835699797,0.02232091912957959,0.070598338862615,0.04827741973303541,1.462346978184574,85,34
6,1835,class,0.15829940753216562,0.5341578327444052,0.011143380434369285,0.06061493707197835,0.04947155663760906,1.2252482272747542,99,34
6,1835,society,0.1854586769521473,0.4639906224090117,-0.025639919072605915,0.0305415184501,0.056181437522705914,0.5436229437385421,131,34
6,1849,female,0.22341879117743263,0.42223248178926853,-0.05847467462358742,6.578860804463099e-06,0.058481253484391885,0.00011249520850483209,152,30
6,1849,male,0.19731239474347245,0.4186076092486857,-0.056385126456502246,7.518683929564969e-06,0.05639264514043181,0.0001333273853480048,133,30
6,1849,family,0.20066804896932955,0.4615076799950749,0.016704724699869646,0.058830944017747605,0.04212621931787796,1.3965398502158912,119,30
6,1849,marriage,0.22870892343240637,0.4696465542738835,-0.059519346335296465,6.211102967664998e-06,0.05952555743826413,0.00010434346581302307,161,30
6,1849,love,0.14070927401934286,0.5227100982380782,0.0010031751535821698,0.045987448564400825,0.044984273410818655,1.0223005747675056,87,30
6,1849,wealth,0.20818729512983256,0.5401925925925926,0.023264534193725393,0.06400697588838579,0.040742441694660396,1.5710147262775214,125,30
6,1849,emotion,0.19859379073641686,0.5467762518230432,0.025680007983207673,0.06612287400208261,0.04044286601887494,1.6349700332708292,121,30
6,1849,scandal,0.11881720168394537,0.4873290237961401,-0.01942817033107896,0.027790894697369516,0.04721906502844848,0.5885524137345275,72,30
6,1849,duty,0.14154798411236708,0.5036713995943205,-0.011248236101440011,0.035305051645843626,0.046553287747283636,0.7583793401819463,85,30
6,1849,class,0.15768058065725182,0.5372987828818216,0.006342909017839786,0.05051413102765601,0.04417122200981623,1.1435982236417774,99,30
6,1849,society,0.18901091559616448,0.46589187180146957,-0.03716155723733066,0.015274575960672354,0.05243613319800301,0.29129867190441067,131,30
6,1854,female,0.3207437985809075,0.5944136657433057,0.07310254146567456,0.13158379495006645,0.058481253484391885,2.250016665305147,152,50
6,1854,male,0.2831072927395358,0.6494290236870373,0.07519179991245054,0.13534382941609902,0.06015202950364849,2.2500293095786534,133,50
6,1854,family,0.22591435013751848,0.5554375596392404,0.08242197461206141,0.14286314515722426,0.06044117054516284,2.3636727063072085,119,50
6,1854,marriage,0.285943098684385,0.5433180518584245,0.02372660262648625,0.09317275561794262,0.06944615299145637,1.341654672045888,161,50
6,1854,love,0.11645018366150861,0.42767370639939545,-0.07327104063204222,0.011505482632583159,0.08477652326462538,0.13571543381808304,87,50
6,1854,wealth,0.17011377636576375,0.4573481481481481,-0.043327516655252425,0.04000735988224189,0.08333487653749432,0.4800794282542863,125,50
6,1854,emotion,0.16424883044920047,0.418631502187652,-0.041392226971508246,0.041329895373630195,0.08272212234513844,0.49962324710059275,121,50
6,1854,scandal,0.10119361801349078,0.499976578602211,-0.03758003134738589,0.04167939779450571,0.0792594291418916,0.5258604338338682,72,50
6,1854,duty,0.11628621009747686,0.4558823529411765,-0.04573087581647547,0.035305051645843626,0.0810359274623191,0.4356715934648178,85,50
6,1854,class,0.12851363658406662,0.42820430452939284,-0.05272782367461901,0.030312518939011334,0.08304034261363034,0.3650336449078037,99,50
6,1854,society,0.1674643176456244,0.38668267718786636,-0.08412072389142496,0.007641104715958534,0.0917618286073835,0.08327105978422526,131,50
6,1954,female,0.22722813130386943,0.45630065661229097,-0.015589851562468742,6.578860804463099e-06,0.015596430423273204,0.00042181836647853824,152,8
6,1954,male,0.19646089803814948,0.48133727175080554,-0.0056335223499454565,0.007526202613494532,0.013159724963439989,0.5719118472332608,133,8
6,1954,family,0.17544663798533766,0.4751823806445655,-0.014645389256836686,8.403220113947665e-06,0.014653792476950634,0.0005734501922687849,119,8
6,1954,marriage,0.2478846182285009,0.5049788031154491,0.00871694033365977,0.018639520005962657,0.009922579672302888,1.878495373145056,161,8
6,1954,love,0.1526472049880412,0.5310822097601718,0.012617154260318281,0.02299947127652238,0.010382317016204097,2.2152541902169745,87,8
6,1954,wealth,0.2040511403075793,0.5041407407407408,0.004894822072104664,0.016007743876097984,0.01111292180399332,1.4404622075992017,125,8
6,1954,emotion,0.18007971435768355,0.4900796062226544,-0.004596847444313804,0.008272590535693625,0.012869437980007429,0.6428089981786478,121,8
6,1954,scandal,0.1082393483709273,0.4746112047967022,0.002096360591906203,0.013902391600233327,0.011806031008327124,1.1775669223001375,72,8
6,1954,duty,0.12605798996044834,0.5035091277890467,-0.01378301558892768,1.1764429072257124e-05,0.013794780017999938,0.0008528174466032547,85,8
6,1954,class,0.14808992177413233,0.46284398757896994,-0.014125891646279167,1.0100806044322337e-05,0.01413599245232349,0.0007145452346324331,99,8
6,1954,society,0.19383716925902542,0.46803613803356486,-0.014975456479729253,7.63347124471382e-06,0.014983089950973966,0.0005094724298647182,131,8
6,2009,female,0.3163331725603383,0.5751385041551247,0.0935700542661017,0.15789923816791884,0.06432918390181715,2.454550618992137,152,57
6,2009,male,0.20146626233732623,0.5124653739612188,-0.022551430359367644,0.06767567405001428,0.09022710440938192,0.750059247631438,133,57
6,2009,family,0.1853459713867739,0.5272108843537415,0.018427932569581223,0.10084704458748592,0.0824191120179047,1.223588098890878,119,57
6,2009,marriage,0.24674669450385092,0.5408532978408754,0.0016425467737136434,0.08696165265027762,0.08531910587656398,1.0192518048075978,161,57
6,2009,love,0.15031462380117924,0.5442071351867319,0.046859139266542144,0.12644536907197534,0.0795862298054332,1.5887845093241793,87,57
6,2009,wealth,0.16839001685340874,0.47383703703703695,-0.07599386559784858,0.02400761587814595,0.10000148147599454,0.2400726021610883,125,57
6,2009,emotion,0.1726782677148667,0.4832128099173553,-0.03405471723216246,0.057858547792598476,0.09191326502476094,0.6294907245040441,121,57
6,2009,scandal,0.09568029073024678,0.4350758853288364,-0.06495921407123498,0.027790894697369516,0.0927501087686045,0.29963193645846137,72,57
6,2009,duty,0.12956845111946091,0.46695740365111565,-0.0038455554847022927,0.08236276793487213,0.08620832341957442,0.9553922946982574,85,57
6,2009,class,0.1326019560386647,0.44255273583895494,-0.0888304396466422,0.010110906850366658,0.09894134649700885,0.10219091621691377,99,57
6,2009,society,0.18254492115316764,0.508334048088744,-0.05920479539962404,0.03817498969481382,0.09737978509443786,0.3920217081748548,131,57
6,2010,female,0.24708422858830045,0.519826613316918,0.016573522072808926,0.02632202207865686,0.009748500005847932,2.7001099718076307,152,9
6,2010,male,0.2293765132110997,0.5256374017751145,0.030080289913139442,0.03760093833175441,0.007520648418614969,4.9996936745089124,133,9
6,2010,family,0.2570935545117323,0.551897682149783,0.04493140704049174,0.05042772390379994,0.005496316863308193,9.174821093606498,119,9
6,2010,marriage,0.2445149434851952,0.49283988957902003,0.006732821223021318,0.018639520005962657,0.011906698782941339,1.5654649827122467,161,9
6,2010,love,0.13082706766917293,0.4757785467128028,-0.01556111648675234,1.1493988643939221e-05,0.015572610475396279,0.0007380900370789401,87,9
6,2010,wealth,0.1868471177944862,0.4789037037037037,-0.016660456911491345,7.999872002047968e-06,0.016668456783493393,0.0004799407710910719,125,9
6,2010,emotion,0.18195488721804512,0.4742647058823529,-0.016537630725646943,8.26432620948414e-06,0.016545895051856427,0.0004994789452660898,121,9
6,2010,scandal,0.10827067669172932,0.4763912310286678,-0.015164812411908209,1.3888503097136193e-05,0.015178700915005346,0.000914999457067588,72,9
6,2010,duty,0.12781954887218044,0.47586206896551725,-0.015507147574679454,1.1764429072257124e-05,0.015518912003751712,0.0007580704799830678,85,9
6,2010,class,0.14887218045112782,0.4752650176678445,-0.015892669855543443,1.0100806044322337e-05,0.015902770661587767,0.0006351601402443095,99,9
6,2010,society,0.19589048958273547,0.47847156702976235,-0.016848108642080705,7.63347124471382e-06,0.01685574211332542,0.00045287067118962733,131,9
6,2022,female,0.2602638736185058,0.5450266748743202,0.013893281546629345,0.01974316127419376,0.0058498797275644155,3.3749687498342484,152,6
6,2022,male,0.30018389713878435,0.5658742721465317,0.045117742569137774,0.04511962226131938,1.87969218160834e-06,24003.716512241237,133,6
6,2022,family,0.24326652127498652,0.5692892541632038,0.01972174669864875,0.02521806356195694,0.005496316863308193,4.58817498782088,119,6
6,2022,marriage,0.23734000028785093,0.4881075618653259,-0.011900487679973674,6.211102967664998e-06,0.011906698782941339,0.0005216477783113119,161,6
6,2022,love,0.13082706766917293,0.4688581314878893,-0.010370823027560159,1.1493988643939221e-05,0.010382317016204097,0.0011070735583293227,87,6
6,2022,wealth,0.18599139024030661,0.48632592592592594,-0.01110492193199127,7.999872002047968e-06,0.01111292180399332,0.0007198711682154931,125,6
6,2022,emotion,0.18195488721804512,0.46691176470588236,-0.011022945117873445,8.26432620948414e-06,0.011031209444082929,0.0007491768015671116,121,6
6,2022,scandal,0.10827067669172932,0.46964586846543,-0.010105807551890875,1.3888503097136193e-05,0.010119696054988012,0.001372422948307633,72,6
6,2022,duty,0.12738530819026175,0.47586206896551725,-0.010334751617424136,1.1764429072257124e-05,0.010346516046496394,0.0011370425579249773,85,6
6,2022,class,0.14887218045112782,0.46819787985865724,-0.010592335227750613,1.0100806044322337e-05,0.010602436033794935,0.0009526872891450271,99,6
6,2022,society,0.19471083125507418,0.4754410040884009,-0.011230152155026351,7.63347124471382e-06,0.011237785626271065,0.0006792682738305178,131,6
6,2033,female,0.21419452170162953,0.4700292397660819,-0.022900130075092333,0.03947974368758306,0.06237987376267539,0.6328923305800697,152,38
6,2033,male,0.17709674125778643,0.40521651874046016,-0.06202428779819566,0.007526202613494532,0.06955049041169019,0.10821207109880134,133,38
6,2033,family,0.16512000819110936,0.4244236156000862,-0.02865138199198672,0.03362128367590461,0.06227266566789133,0.5399043595575566,119,38
6,2033,marriage,0.2276366624863789,0.5035554076703145,-0.0671970771421006,0.006217314070632662,0.07341439121273327,0.08468794697938758,161,38
6,2033,love,0.12245007897527646,0.4746947460525793,-0.03928578033160354,0.02299947127652238,0.062285251608125924,0.3692603093402698,87,38
6,2033,wealth,0.23989566178859123,0.5907629629629629,0.0478566422292505,0.09600646389657766,0.04814982166732716,1.99391110018857,125,38
6,2033,emotion,0.2278883591900288,0.555352151191055,0.07158950816826351,0.11570883125898745,0.04411932309072394,2.6226338744687707,121,38
6,2033,scandal,0.11027344385633878,0.5515622072325276,-0.04849368800826715,0.013902391600233327,0.06239607960850048,0.22280873553659192,72,38
6,2033,duty,0.1296044970035126,0.5161156186612577,0.0019358301285636106,0.05883390979035788,0.05689807966179427,1.0340227673593956,85,38
6,2033,class,0.24912998636822714,0.6173127030017489,0.07528177311883186,0.12121977333791237,0.0459380002190805,2.6387690530099426,99,38
6,2033,society,0.2920064624671391,0.6491980444291963,0.042918459534510456,0.09160928840781056,0.048690828873300104,1.8814485299543462,131,38
6,2035,female,0.234116774868265,0.5193008105057966,-0.005112370479722129,0.006585439665267561,0.01169781014498969,0.562963459235592,152,7
6,2035,male,0.21815283379495456,0.49554808072813616,0.024441298165182812,0.03008225440218944,0.005640956237006628,5.332828891581642,133,7
6,2035,family,0.22932145654614813,0.5552528703789208,0.02812496681259642,0.03362128367590461,0.005496316863308193,6.1170570230827535,119,7
6,2035,marriage,0.23645030739270054,0.4780020703933748,-0.005689384712308677,0.006217314070632662,0.011906698782941339,0.522169426089623,161,7
6,2035,love,0.12748289822699985,0.43952591178459216,-0.012100920847290886,1.1493988643939221e-05,0.012112414835934825,0.0009489427829775269,87,7
6,2035,wealth,0.19539660873345482,0.48881481481481487,-0.003105049929943305,0.008007871874050014,0.01111292180399332,0.7205910393837085,125,7
6,2035,emotion,0.17855436608738626,0.4759054448225572,-0.002758618908389304,0.008272590535693625,0.011031209444082929,0.7499259783686787,121,7
6,2035,scandal,0.10482707739552853,0.45296983323964773,-0.011792142505229987,1.3888503097136193e-05,0.011806031008327124,0.0011763905317683692,72,7
6,2035,duty,0.12254676045107996,0.4788640973630832,-0.012058883603175908,1.1764429072257124e-05,0.012070648032248166,0.0009746311084419351,85,7
6,2035,class,0.15381031320287367,0.4767105685833601,-0.000491529183428277,0.010110906850366658,0.010602436033794935,0.953639976434172,99,7
6,2035,society,0.18695891665356304,0.4622180289904794,-0.013102804317377804,7.63347124471382e-06,0.013110437788622517,0.0005822438096427295,131,7
6,2042,female,0.2190176179498373,0.4614625012824459,-0.024118997148318944,0.09868949092775094,0.12280848807606988,0.8036048034873388,152,78
6,2042,male,0.2044767957754836,0.47980383289049694,0.0319587949385903,0.14286251334566397,0.11090371840707366,1.288167028088246,133,78
6,2042,family,0.1960858382612861,0.5167143780589158,0.031140111175663746,0.14286314515722426,0.11172303398156051,1.2787259714010684,119,78
6,2042,marriage,0.26038722909146494,0.5312284334023465,0.01734259999843034,0.1304393734239326,0.11309677342550227,1.1533430129967475,161,78
6,2042,love,0.12233154614137275,0.400489201765899,-0.10848969312083268,0.02299947127652238,0.13148916439735506,0.1749153352807382,87,78
6,2042,wealth,0.17521448795807587,0.4516444444444444,-0.06562402547827582,0.06400697588838579,0.1296310013666616,0.49376287472198205,125,78
6,2042,emotion,0.17452424359253596,0.39845649003403016,-0.10296518072280292,0.033065569164146054,0.13603074988694897,0.24307422543346097,121,78
6,2042,scandal,0.10641240080394226,0.4429220535881582,-0.06922257199040571,0.05556790089164191,0.12479047288204763,0.4452896091171926,72,78
6,2042,duty,0.13123665371566282,0.46973630831643004,-0.04005232718548954,0.08236276793487213,0.12241509512036167,0.6728154550974136,85,78
6,2042,class,0.13811626897668422,0.4508155762572724,-0.05472727651967235,0.07071574311630069,0.12544301963597304,0.563728004323789,99,78
6,2042,society,0.18471728625066017,0.4109700660433999,-0.09853049080900456,0.03817498969481382,0.13670548050381837,0.27924988489008157,131,78
6,2044,female,0.22063609815087465,0.5070919257207346,-0.042149750444538205,0.05921632610097235,0.10136607654551055,0.5841828757552994,152,61
6,2044,male,0.1937683525710427,0.46120470348804343,-0.020671822974627704,0.07519435797957924,0.09586618095420694,0.7843679306961594,133,61
6,2044,family,0.16195414733672542,0.4525964231846584,-0.029836908868037346,0.06723416413169526,0.09707107299973261,0.6926282161441425,119,61
6,2044,marriage,0.2317953426735127,0.4955264714581485,-0.014489151747143603,0.08075054968261262,0.09523970142975623,0.8478664723799254,161,61
6,2044,love,0.15800142552480761,0.5757268424611224,0.03993874798761923,0.12644536907197534,0.08650662108435611,1.461684290584089,87,61
6,2044,wealth,0.19783309006748173,0.5493481481481481,-0.004587509608798085,0.08800659189452968,0.09259410150332777,0.9504557036002593,125,61
6,2044,emotion,0.19886194404509297,0.5098596256684492,0.06972047082363461,0.14876613609692405,0.07904566527328943,1.8820277567492627,121,61
6,2044,scandal,0.11709737869405526,0.5270048716507401,-0.02498003973316551,0.0694564039887781,0.09443644372194361,0.7354830534761386,72,61
6,2044,duty,0.1575662633989482,0.5557200811359027,0.01623503868830839,0.10589162607938636,0.08965658739107797,1.1810802659297168,85,61
6,2044,class,0.15777187838819506,0.5374950922654103,0.010910705798580222,0.10101816124926769,0.09010745545068746,1.121085494456451,99,61
6,2044,society,0.27161703746773636,0.6042256339880493,0.06639032364988398,0.1450435871208073,0.07865326347092333,1.8440886076212613,131,61
6,2047,female,0.22739661654135337,0.48368087616702576,-0.011691231284185227,6.578860804463099e-06,0.01169781014498969,0.0005624010581774146,152,6
6,2047,male,0.2,0.48026315789473684,-0.011272514097902083,7.518683929564969e-06,0.011280032781831649,0.0006665480565808727,133,6
6,2047,family,0.1981424148606811,0.5015621633268692,0.01972174669864875,0.02521806356195694,0.005496316863308193,4.58817498782088,119,6
6,2047,marriage,0.24017135927891073,0.4913487133984028,-0.011900487679973674,6.211102967664998e-06,0.011906698782941339,0.0005216477783113119,161,6
6,2047,love,0.13503350853623086,0.5018693075607525,0.002853263436109789,0.011505482632583159,0.00865221919647337,1.329772439877968,87,6
6,2047,wealth,0.18641069340016708,0.4951259259259259,-0.01110492193199127,7.999872002047968e-06,0.01111292180399332,0.0007198711682154931,125,6
6,2047,emotion,0.18309891159595632,0.5008887335926105,-0.0009203903724648022,0.008272590535693625,0.009192980908158427,0.899881182985176,121,6
6,2047,scandal,0.10936368699526594,0.49777496721004305,0.005469030498584427,0.013902391600233327,0.0084333611016489,1.64849950464787,72,6
6,2047,duty,0.13069438301636443,0.4955273833671399,0.00315380944058476,0.01177619350132938,0.00862238406074462,1.3657700024726838,85,6
6,2047,class,0.1477264164570666,0.4931380947282007,-0.010592335227750613,1.0100806044322337e-05,0.010602436033794935,0.0009526872891450271,99,6
6,2047,society,0.1959976276569286,0.48503302169997425,-0.011230152155026351,7.63347124471382e-06,0.011237785626271065,0.0006792682738305178,131,6
6,2072,female,0.2200016093213539,0.5390889504462911,-0.08625246593663813,0.01316430046973066,0.09941676640636879,0.1324152951805815,152,53
6,2072,male,0.2917666987813359,0.6367092543388547,0.09774785170114544,0.15789988120479392,0.06015202950364849,2.6250133620610687,133,53
6,2072,family,0.22464305893232545,0.5637177948102318,0.025753913060495168,0.10084704458748592,0.07509313152699075,1.3429596360606624,119,53
6,2072,marriage,0.2240366624997318,0.45626293995859213,-0.03139708717524979,0.05590613781195264,0.08730322498720243,0.6403673841316563,161,53
6,2072,love,0.12230854923727877,0.4782245555422981,-0.03878907470022456,0.045987448564400825,0.08477652326462538,0.5424549957104399,87,53
6,2072,wealth,0.173852271208977,0.48136296296296294,-0.03903133463953783,0.048007231884289854,0.08703856652382769,0.5515627589132666,125,53
6,2072,emotion,0.15825366877357805,0.4177959406903257,-0.04690691257928175,0.041329895373630195,0.08823680795291194,0.46839744469470973,121,53
6,2072,scandal,0.0982815477553977,0.4658281806258197,-0.011489360106452615,0.0694564039887781,0.08094576409523072,0.858061008679914,72,53
6,2072,duty,0.13239574958077152,0.5241987829614605,-0.01043758859970409,0.070598338862615,0.0810359274623191,0.8711980114569717,85,53
6,2072,class,0.13876454919074832,0.4553306920798086,-0.034292989795238614,0.05051413102765601,0.08480712082289463,0.5956354907101565,99,53
6,2072,society,0.1770897997947462,0.42070503473711296,-0.05171418675021822,0.03817498969481382,0.08988917644503204,0.4246895032766647,131,53
6,2084,female,0.2256019975341927,0.5207884477275059,-0.035082952953886325,6.578860804463099e-06,0.03508953181469079,0.00018748784791483786,152,18
6,2084,male,0.1922393293486148,0.49085589914636213,-0.01503206805485555,0.0150448865430595,0.03007695459791505,0.500213094832487,133,18
6,2084,family,0.2096310134156117,0.5367223812601964,0.018213235699259204,0.04202450378985228,0.023811268090593075,1.7648998628800312,119,18
6,2084,marriage,0.2512916073855017,0.5185904071773637,-0.0029290286944212776,0.024850622973627657,0.027779651668048935,0.8945620798159722,161,18
6,2084,love,0.13427339567902635,0.5130752097999443,-0.031131996864328892,1.1493988643939221e-05,0.03114349085297283,0.0003690655199133846,87,18
6,2084,wealth,0.1885642175273049,0.5071185185185185,-0.003771910864347597,0.02400761587814595,0.027779526742493548,0.8642197579470628,125,18
6,2084,emotion,0.1887423913690266,0.5229931332036947,-0.002774023312741524,0.024801242954661906,0.02757526626740343,0.8994017578383248,121,18
6,2084,scandal,0.12612654793637013,0.5539629005059022,0.0008078491089903821,0.027790894697369516,0.026983045588379134,1.0299391373488382,72,18
6,2084,duty,0.12035343794282581,0.450709939148073,-0.017535774388436523,0.01177619350132938,0.0293119678897659,0.40175376642109434,85,18
6,2084,class,0.16238238107051392,0.478013349038084,0.003809079021837896,0.030312518939011334,0.026503439917173438,1.1437201749130688,99,18
6,2084,society,0.19445239896845395,0.5080267032621437,-0.005183607882047955,0.022908047205386174,0.02809165508743413,0.8154751698776856,131,18
6,2091,female,0.22730372669428436,0.5302464860982866,-0.03289016179277285,0.01974316127419376,0.05263332306696661,0.37510763378361967,152,30
6,2091,male,0.23090362263055061,0.5357849510995534,0.028200258544057527,0.06767567405001428,0.03947541550595675,1.7143752176107634,133,30
6,2091,family,0.18070594137790644,0.510858189429618,-0.03446885148351113,0.01681484344800928,0.05128369493152041,0.32787893832795034,119,30
6,2091,marriage,0.23814899282950713,0.5297927141871241,-0.034933680100386125,0.018639520005962657,0.053573200106348785,0.3479262013210561,161,30
6,2091,love,0.1819007284911601,0.5752296861949647,0.06712360747193191,0.10345739178409692,0.03633378431216502,2.847415807073271,87,30
6,2091,wealth,0.17880119740489978,0.5155629629629629,-0.025994050782347903,0.02400761587814595,0.050001666660493854,0.4801363130688232,125,30
6,2091,emotion,0.2022357036029604,0.5679235537190083,-0.014730210998426883,0.033065569164146054,0.04779578016257294,0.691809382564418,121,30
6,2091,scandal,0.1054345268815042,0.5232223159078134,-0.01942817033107896,0.027790894697369516,0.04721906502844848,0.5885524137345275,72,30
6,2091,duty,0.14147625701045133,0.4969776876267749,0.0022403249565688954,0.047069480718100756,0.04482915576153186,1.0499747300046494,85,30
6,2091,class,0.14722570588783998,0.5042384980547525,-0.017392259489333445,0.030312518939011334,0.04770477842834478,0.6354189231568699,99,30
6,2091,society,0.1954926405292559,0.5335506189781857,-0.018149310423200105,0.0305415184501,0.048690828873300104,0.6272540261934288,131,30
6,2124,female,0.24294934177845476,0.5179798912485892,-0.0012137502014386136,0.006585439665267561,0.0077991898667061745,0.8443748359731122,152,5
6,2124,male,0.1964532273889592,0.4861778506416417,-0.009392821916293743,7.518683929564969e-06,0.009400340600223309,0.0007998310112919236,133,5
6,2124,family,0.17773202119043904,0.49422846061501524,-0.009150903888651222,8.403220113947665e-06,0.00915930710876517,0.0009174515073294785,119,5
6,2124,marriage,0.23926532168931647,0.4825988366361037,-0.009916368569335223,6.211102967664998e-06,0.009922579672302888,0.0006259564722242773,161,5
6,2124,love,0.1385142544257633,0.5104999403412481,0.0045833612558405165,0.011505482632583159,0.006922121376742642,1.6621324597944547,87,5
6,2124,wealth,0.1986806397332072,0.508237037037037,0.010450357051604742,0.016007743876097984,0.005557386824493243,2.880444420868116,125,5
6,2124,emotion,0.18100027962468157,0.48409394749635387,-0.009184716581948943,8.26432620948414e-06,0.009192980908158427,0.0008989822007843917,121,5
6,2124,scandal,0.10827067669172932,0.47133220910623946,-0.008419472598551763,1.3888503097136193e-05,0.0084333611016489,0.0016468526519958745,72,5
6,2124,duty,0.12718873833424915,0.48430020283975656,-0.008610619631672362,1.1764429072257124e-05,0.00862238406074462,0.0013644055968758083,85,5
6,2124,class,0.14806510245484836,0.4989827604668594,0.0030420272351002805,0.010110906850366658,0.007068879615266378,1.430340789380568,99,5
6,2124,society,0.1934662182974301,0.4912513937730508,-0.009357499992674899,7.63347124471382e-06,0.009365133463919612,0.0008150947632842244,131,5
6,2128,female,0.22838345864661655,0.4906509695290859,-0.007061680618863887,0.006585439665267561,0.013647120284131448,0.4825515953312439,152,8
6,2128,male,0.2,0.4868421052631579,-0.015031898461118761,7.518683929564969e-06,0.015039417145048327,0.0004999318694701234,133,8
6,2128,family,0.17894736842105263,0.48717948717948717,-0.014645389256836686,8.403220113947665e-06,0.014653792476950634,0.0005734501922687849,119,8
6,2128,marriage,0.24116615649796427,0.49016563146997927,-0.01586872590125057,6.211102967664998e-06,0.015874937004218236,0.0003912521331973382,161,8
6,2128,love,0.1350704347074583,0.49461082607485185,-0.0006069322033516664,0.011505482632583159,0.012112414835934825,0.9498917257605043,87,8
6,2128,wealth,0.18752650857914013,0.4968296296296296,-0.004956894923109998,0.008007871874050014,0.012964766797160012,0.6176641661758627,125,8
6,2128,emotion,0.19478569012061836,0.5123663101604279,0.01560826204650348,0.024801242954661906,0.009192980908158427,2.6978455845539595,121,8
6,2128,scandal,0.10827067669172932,0.4881956155143339,-0.013478477458569097,1.3888503097136193e-05,0.013492365961666234,0.0010293600941129288,72,8
6,2128,duty,0.12781954887218044,0.4879310344827586,-0.01378301558892768,1.1764429072257124e-05,0.013794780017999938,0.0008528174466032547,85,8
6,2128,class,0.1499050656945394,0.4995003033872291,-0.002258307392692555,0.010110906850366658,0.012369214243059213,0.8174251533578866,99,8
6,2128,society,0.2021733723622032,0.5059181748005832,0.00403679033440129,0.015274575960672354,0.011237785626271065,1.3592158159348664,131,8
6,2142,female,0.1919897038162474,0.38997896788755515,-0.10160444067004584,0.13816265575452955,0.2397670964245754,0.5762369308142986,152,144
6,2142,male,0.16465756449353694,0.4078240714568376,-0.15788952182577332,0.09023172583870918,0.24812124766448249,0.36365981022455507,133,144
6,2142,family,0.1626004562889043,0.433850463262228,-0.04879970597771188,0.17647602561301493,0.2252757315907268,0.7833778825890003,119,144
6,2142,marriage,0.27236023125422126,0.5611258996352165,0.10766173481048572,0.29813915355088755,0.19047741874040183,1.565220462986485,161,144
6,2142,love,0.13814875733450394,0.4733325378833074,-0.024314852268011444,0.1954093009356107,0.21972415320362215,0.8893391922809333,87,144
6,2142,wealth,0.17226554379867537,0.4863555555555556,-0.05977347408948694,0.16800531191500936,0.2277787860044963,0.7375810314089364,125,144
6,2142,emotion,0.2407318147935117,0.5443607194944093,0.08889093301384793,0.2892596816581544,0.20036874864430648,1.4436367128798264,121,144
6,2142,scandal,0.17221724977439135,0.5929126850290426,0.09982640599776835,0.30556095664009336,0.20573455064232501,1.485219452370127,72,144
6,2142,duty,0.12676738128214443,0.5015212981744421,0.021506255509009087,0.23530034587421475,0.21379409036520566,1.1005933114015043,85,144
6,2142,class,0.13767935421318625,0.49566334725345323,-0.0882615485560084,0.14142138542655705,0.22968293398256545,0.6157243943804558,99,144
6,2142,society,0.19662237307115854,0.514852617434314,-0.0034846951616991084,0.2137448283232317,0.2172295234849308,0.9839584642695918,131,144
6,2153,female,0.22417160886915652,0.48132758797578745,-0.021437781979894016,6.578860804463099e-06,0.02144436084069848,0.0003067874511638756,152,11
6,2153,male,0.19513499547776417,0.4847716094748148,-0.020670975005943785,7.518683929564969e-06,0.02067849368987335,0.0003635992080449947,133,11
6,2153,family,0.18234399022767,0.48940345368916804,0.00032955584833015486,0.01681484344800928,0.016485287599679124,1.0199909067595871,119,11
6,2153,marriage,0.24148881520571613,0.459651976732722,-0.013625861154862473,0.006217314070632662,0.019843175225495134,0.31332254035287355,161,11
6,2153,love,0.14717023750599068,0.5020979994431849,0.033875033728466,0.045987448564400825,0.012112414835934825,3.796720074693085,87,11
6,2153,wealth,0.19686987164881903,0.49336296296296295,0.00919100408781925,0.02400761587814595,0.014816611790326702,1.6203175338777147,125,11
6,2153,emotion,0.18808023132955853,0.5141133932912008,-0.010111533052087302,0.008272590535693625,0.018384123587780927,0.44998558107725334,121,11
6,2153,scandal,0.10787474383965612,0.47798388607832104,-0.018537482318586433,1.3888503097136193e-05,0.01855137082168357,0.0007486510420110904,72,11
6,2153,duty,0.12614322327889094,0.48792089249492904,-0.018955411546183,1.1764429072257124e-05,0.018967175975255258,0.000620252012581359,85,11
6,2153,class,0.14679274354071103,0.48373309062355,-0.0075586420204853885,0.010110906850366658,0.017669548870852047,0.5722221276669683,99,11
6,2153,society,0.19376278038642444,0.4716099150870572,-0.02059341296678361,7.63347124471382e-06,0.020601046438028323,0.00037053803394435065,131,11
6,2162,female,0.1927137819292843,0.4032266338360521,-0.10428419387510275,0.07895290851436164,0.1832371023894644,0.4308783946283923,152,106
6,2162,male,0.19082268057805177,0.46189722426366675,-0.02067258614644324,0.14286251334566397,0.1635350994921072,0.8735893015534897,133,106
6,2162,family,0.1618267110224036,0.4667867146858744,-0.0508458979707624,0.11765348481538125,0.16849938278614365,0.6982428236191622,119,106
6,2162,marriage,0.2488358156017894,0.5018978605935127,0.010958597370374412,0.1677059912299226,0.1567473938595482,1.069912469352593,161,106
6,2162,love,0.1292750466914748,0.4950682098397168,-0.024691567436593564,0.1379393577159146,0.16263092515250815,0.8481742177000648,87,106
6,2162,wealth,0.1899214833006676,0.4661185185185185,-0.009106798339581945,0.15200556791091344,0.16111236625049538,0.943475485138327,125,106
6,2162,emotion,0.1708026020317091,0.45533543996110837,-0.06351258702001117,0.10744450504950331,0.17095709206951448,0.6284881413705012,121,106
6,2162,scandal,0.11501902107708234,0.46505527449878203,-0.03856576043152435,0.12501041637732285,0.1635761768088472,0.7642336360669685,72,106
6,2162,duty,0.1834770578331098,0.5528803245436105,0.06004614885155868,0.2117714877297005,0.15172533887814182,1.3957555757933682,85,106
6,2162,class,0.13930170643727718,0.4728022272191884,-0.02112397660396584,0.14142138542655705,0.1625453620305229,0.8700425755558057,99,106
6,2162,society,0.16776425095497466,0.4398747748520456,-0.12244638113364938,0.061075403428955274,0.18352178456260465,0.3327964774001414,131,106
6,2163,female,0.22757602223146525,0.5079704011490717,-0.010229370510109576,0.01316430046973066,0.023393670979840235,0.5627291450115895,152,14
6,2163,male,0.19881531905615923,0.4862979817965968,0.0018850767827511203,0.02256357047262447,0.02067849368987335,1.091161223343029,133,14
6,2163,family,0.1769196757328972,0.4914504263243759,-0.00516492951985531,0.01681484344800928,0.02197977296786459,0.7650144281211785,119,14
6,2163,marriage,0.2510218229368848,0.508854628808045,0.005007447748132523,0.024850622973627657,0.019843175225495134,1.2523511328190282,161,14
6,2163,love,0.12827095639820874,0.4954361054766734,-0.024211605585405978,1.1493988643939221e-05,0.024223099574049917,0.000474505279901428,87,14
6,2163,wealth,0.19897095372361798,0.5128592592592593,0.013487186103533833,0.03200748788019392,0.018520301776660086,1.7282379231424083,125,14
6,2163,emotion,0.18199667605899578,0.5096545333009238,-0.015626218659860806,0.008272590535693625,0.02389880919555443,0.34615074197447093,121,14
6,2163,scandal,0.1112826799895875,0.5267589469739554,-0.008021649128128467,0.013902391600233327,0.021924040728361793,0.6341163005419223,72,14
6,2163,duty,0.13633777137801287,0.5186206896551724,0.002849314612579472,0.023540622573586505,0.020691307961007033,1.1377058722827638,85,14
6,2163,class,0.1467204251867523,0.4836706285469536,-0.0009913923946916064,0.020211712894688996,0.021203105289380603,0.9532430565186422,99,14
6,2163,society,0.21603878087819284,0.5427638162220888,0.01181312417442313,0.0305415184501,0.01872839427567687,1.6307601174402033,131,14
6,2175,female,0.22703332851359165,0.49696060326254227,-0.00974192114504347,6.578860804463099e-06,0.009748500005847932,0.0006748587782573433,152,5
6,2175,male,0.19903329752953813,0.4895839222115439,-0.009392821916293743,7.518683929564969e-06,0.009400340600223309,0.0007998310112919236,133,5
6,2175,family,0.17866821369696204,0.4955674577523317,-0.009150903888651222,8.403220113947665e-06,0.00915930710876517,0.0009174515073294785,119,5
6,2175,marriage,0.24056091015881798,0.5002218278615794,-0.009916368569335223,6.211102967664998e-06,0.009922579672302888,0.0006259564722242773,161,5
6,2175,love,0.1321968714890675,0.4928608360179772,0.0045833612558405165,0.011505482632583159,0.006922121376742642,1.6621324597944547,87,5
6,2175,wealth,0.20578888246256663,0.5149185185185186,0.0203020740468194,0.02400761587814595,0.0037055418313265507,6.478840872529727,125,5
6,2175,emotion,0.18295325089583464,0.5004405687894993,-0.009184716581948943,8.26432620948414e-06,0.009192980908158427,0.0008989822007843917,121,5
6,2175,scandal,0.10802954355585935,0.49423833614390106,-0.008419472598551763,1.3888503097136193e-05,0.0084333611016489,0.0016468526519958745,72,5
6,2175,duty,0.12781954887218044,0.4862068965517241,-0.008610619631672362,1.1764429072257124e-05,0.00862238406074462,0.0013644055968758083,85,5
6,2175,class,0.15798587377534745,0.49784059678052606,0.0030420272351002805,0.010110906850366658,0.007068879615266378,1.430340789380568,99,5
6,2175,society,0.19625208058313726,0.48975040741058407,-0.009357499992674899,7.63347124471382e-06,0.009365133463919612,0.0008150947632842244,131,5
6,2183,female,0.21570449064056985,0.4514401867241203,0.0036592814858544508,0.03290088288311996,0.029241601397265508,1.1251395720438042,152,20
6,2183,male,0.20298413471035442,0.48400842331392385,0.0094036759154477,0.03760093833175441,0.02819726241630671,1.3334960598400496,133,20
6,2183,family,0.1800246766541908,0.48077692615507744,-0.005919185019550091,0.02521806356195694,0.031137248581507033,0.8099001906072234,119,20
6,2183,marriage,0.24451069951761142,0.5509711130829144,-0.03148293315060852,0.006217314070632662,0.037700247221241184,0.16491441114382852,161,20
6,2183,love,0.21995755248586335,0.6391938113987989,0.04475232627822935,0.06897542585227927,0.024223099574049917,2.8475061846884695,87,20
6,2183,wealth,0.21942112559522442,0.563525925925926,0.03193126713017766,0.056007103886337825,0.024075836756160162,2.326278602536267,125,20
6,2183,emotion,0.19887870022525125,0.5621581793874575,-0.016553035129999172,0.016536916745177765,0.03308995187517694,0.4997564459162449,121,20
6,2183,scandal,0.10232147814868886,0.502845699831366,-0.033714496898638445,1.3888503097136193e-05,0.03372838540173558,0.0004117749169223425,72,20
6,2183,duty,0.17483482094363284,0.5249999999999999,0.04645876693010442,0.070598338862615,0.024139571932510578,2.9245895104134108,85,20
6,2183,class,0.15035605221741766,0.5028821786772317,0.0002755226033093368,0.030312518939011334,0.030036996335701997,1.0091727747748425,99,20
6,2183,society,0.18119671854569994,0.47088801212225173,-0.027941159020881404,0.007641104715958534,0.03558226373683994,0.214744760823989,131,20
6,2200,female,0.23844368535188756,0.5454114086385555,-0.028504092149423225,0.006585439665267561,0.03508953181469079,0.18767533576275267,152,19
6,2200,male,0.2137984895524599,0.5222878625134265,0.011283368097056042,0.03760093833175441,0.026317570234698367,1.4287389753310418,133,19
6,2200,family,0.19755585273840945,0.5322128851540616,-0.004087689896821602,0.02521806356195694,0.029305753458778543,0.8605157890435454,119,19
6,2200,marriage,0.22683480610394993,0.44966972296164837,-0.021303591961666625,0.012428417038297659,0.033732008999964286,0.36844579989120635,161,19
6,2200,love,0.12589436803898743,0.42015670365509283,-0.01963800822038967,0.011505482632583159,0.03114349085297283,0.36943458543329794,87,19
6,2200,wealth,0.17731106993532086,0.41980740740740746,-0.025327189847943618,0.008007871874050014,0.03333506172199363,0.24022370021671205,125,19
6,2200,emotion,0.17992483635337753,0.464845649003403,0.005490302896742624,0.033065569164146054,0.02757526626740343,1.1991024435558608,121,19
6,2200,scandal,0.10227300487934686,0.43186715383174074,-0.016453323894824033,0.013902391600233327,0.030355715495057358,0.4579826689322803,72,19
6,2200,duty,0.12823738144287442,0.4850912778904666,0.007717215741829497,0.035305051645843626,0.02758783590401413,1.2797325519623988,85,19
6,2200,class,0.14072054871588935,0.42547381946675233,-0.021692867694599622,0.010110906850366658,0.03180377454496628,0.317915310201727,99,19
6,2200,society,0.22042226489956812,0.4915230008291163,0.02146211017679641,0.04580846093952764,0.024346350762731228,1.8815329403603487,131,19
6,2224,female,0.22857142857142856,0.4746588693957115,-0.00974192114504347,6.578860804463099e-06,0.009748500005847932,0.0006748587782573433,152,5
6,2224,male,0.19806182121971597,0.4894991237492226,-0.009392821916293743,7.518683929564969e-06,0.009400340600223309,0.0007998310112919236,133,5
6,2224,family,0.17894736842105263,0.47619047619047616,-0.009150903888651222,8.403220113947665e-06,0.00915930710876517,0.0009174515073294785,119,5
6,2224,marriage,0.24138112078615512,0.49463916001183084,-0.0017211464910317767,0.006217314070632662,0.007938460561664439,0.7831888842370092,161,5
6,2224,love,0.1380374591127767,0.5104800540906018,0.0045833612558405165,0.011505482632583159,0.006922121376742642,1.6621324597944547,87,5
6,2224,wealth,0.21478160436055174,0.5110962962962963,0.0203020740468194,0.02400761587814595,0.0037055418313265507,6.478840872529727,125,5
6,2224,emotion,0.1899663819988347,0.5114092124453087,0.0009178381634596978,0.008272590535693625,0.007354752372233927,1.1247952501840819,121,5
6,2224,scandal,0.10724232456140351,0.49332490163012926,-0.008419472598551763,1.3888503097136193e-05,0.0084333611016489,0.0016468526519958745,72,5
6,2224,duty,0.1278306593423029,0.49770791075050713,-0.008610619631672362,1.1764429072257124e-05,0.00862238406074462,0.0013644055968758083,85,5
6,2224,class,0.1487349595708729,0.49469964664310956,0.0030420272351002805,0.010110906850366658,0.007068879615266378,1.430340789380568,99,5
6,2224,society,0.1949037822008304,0.49438202247191015,-0.009357499992674899,7.63347124471382e-06,0.009365133463919612,0.0008150947632842244,131,5
6,2228,female,0.22717391304347825,0.49032394582948596,-0.01997592120581837,0.01316430046973066,0.03314022167554903,0.39723030818004745,152,19
6,2228,male,0.3149143575128235,0.5726369495166488,0.13346225754230906,0.13534382941609902,0.001881571873789948,71.93125664211382,133,19
6,2228,family,0.17757489278159466,0.4890802474836088,-0.014322405133497754,0.01681484344800928,0.031137248581507033,0.5400234193285752,119,19
6,2228,marriage,0.24122262177182086,0.4813048407768904,-0.029498814039970074,0.006217314070632662,0.035716128110602735,0.17407581390696453,161,19
6,2228,love,0.13251074394450074,0.5000198862506464,0.0068101647069502246,0.0344934599204616,0.027683295213511375,1.2460026760968972,87,19
6,2228,wealth,0.18735505430242272,0.4836740740740741,-0.025327189847943618,0.008007871874050014,0.03333506172199363,0.24022370021671205,125,19
6,2228,emotion,0.1806169568675006,0.4888566480311133,-0.024817361339483313,0.008272590535693625,0.03308995187517694,0.25000309963126494,121,19
6,2228,scandal,0.10815580618212198,0.4884415401911186,-0.016453323894824033,0.013902391600233327,0.030355715495057358,0.4579826689322803,72,19
6,2228,duty,0.12827417007993128,0.50026369168357,-0.005771345316179396,0.023540622573586505,0.0293119678897659,0.8031061804281816,85,19
6,2228,class,0.1494107744107744,0.503185565906414,0.002042300812573613,0.030312518939011334,0.02827021812643772,1.0722421313612525,99,19
6,2228,society,0.1951832507477345,0.4925236584040941,-0.026068506858529957,0.007641104715958534,0.03370961157448849,0.22667436255820475,131,19
6,2238,female,0.20216305881486948,0.4270416538422079,-0.0860094722357891,0.08553176931882474,0.17154124155461384,0.49860761495710204,152,101
6,2238,male,0.3049578214562466,0.5485753858330036,0.15789664476271797,0.27819882407783336,0.12030217931511537,2.31250028602405,133,101
6,2238,family,0.1847237629321045,0.49064241081047805,0.019719869062936962,0.16807280549906725,0.1483529364361303,1.132925370643364,119,101
6,2238,marriage,0.2145412628259614,0.4521344769791975,-0.09385391617268161,0.08075054968261262,0.17460446585529424,0.4624770007261626,161,101
6,2238,love,0.13150386491732236,0.4911903909636878,-0.0292651648016099,0.12644536907197534,0.15571053387358524,0.8120540462202699,87,101
6,2238,wealth,0.1602473527241853,0.4223111111111111,-0.11806817731632442,0.056007103886337825,0.17407528120266225,0.3217407060845784,125,101
6,2238,emotion,0.167334552436785,0.44094859017987365,-0.034116334849571384,0.1239731574684716,0.15808949231804298,0.7841960629380689,121,101
6,2238,scandal,0.09306558627198847,0.44524077196927114,-0.09243343786672999,0.0694564039887781,0.1618898418555081,0.42903497336380836,72,101
6,2238,duty,0.1432717552474542,0.5636308316430021,-0.012264557567735868,0.14118491329615773,0.1534494708638936,0.9200742922109236,85,101
6,2238,class,0.1504155181859876,0.5076739122675519,0.011445082949528812,0.16162299751520173,0.15017791456567292,1.0762101603391732,99,101
6,2238,society,0.17950303962972197,0.4715098493295594,-0.046540256472435204,0.11450970214195202,0.16104995861438723,0.7110197551519979,131,101
6,2242,female,0.2276365458220583,0.49742228377962444,-0.002188648931570829,0.03290088288311996,0.03508953181469079,0.9376267274221042,152,23
6,2242,male,0.19920861937452325,0.48434055062468206,-0.005633776740550631,0.03008225440218944,0.03571603114274007,0.8422619602139624,133,23
6,2242,family,0.17620973645187743,0.4966448117708622,-0.011413670387735556,0.02521806356195694,0.0366317339496925,0.6884212359671883,119,23
6,2242,marriage,0.2738566838800032,0.528541851523218,0.0445169303005106,0.06832834374728264,0.023811413446772036,2.8695626950980486,161,23
6,2242,love,0.15008250191250794,0.504136340134431,0.013113859891697263,0.045987448564400825,0.03287358867270356,1.3989178066581875,87,23
6,2242,wealth,0.19436500906500906,0.5152740740740741,0.016524015155462916,0.048007231884289854,0.03148321672882694,1.5248515517414776,125,23
6,2242,emotion,0.18147476347633537,0.5060768108896451,-0.011965165992364031,0.024801242954661906,0.03676640894702594,0.6745625603447338,121,23
6,2242,scandal,0.13996511935108427,0.5354599962525763,0.05467552654419604,0.08334490708591429,0.028669380541718244,2.9071052638102124,72,23
6,2242,duty,0.20071767379507316,0.5600202839756593,0.12221773732090248,0.14118491329615773,0.018967175975255258,7.4436444029888875,85,23
6,2242,class,0.14757273868985954,0.49243316557804195,-0.005024812024483499,0.030312518939011334,0.03533733096349483,0.8578044269802896,99,23
6,2242,society,0.20265530493602976,0.5034594161877805,0.004465378120325325,0.03817498969481382,0.03370961157448849,1.1324660211324495,131,23
6,2252,female,0.2280075187969925,0.49643480045142097,-0.005112370479722129,0.006585439665267561,0.01169781014498969,0.562963459235592,152,7
6,2252,male,0.2481203007518797,0.5300751879699248,0.05263642649870274,0.052638306190884346,1.87969218160834e-06,28003.66927215479,133,7
6,2252,family,0.17894736842105263,0.4926739926739927,-0.0128138941341082,8.403220113947665e-06,0.012822297354222148,0.0006553599469072738,119,7
6,2252,marriage,0.24210526315789474,0.4920634920634921,-0.013884606790612123,6.211102967664998e-06,0.013890817893579788,0.0004471373114817506,161,7
6,2252,love,0.13096534439547144,0.4996420474883666,0.0011231656163790613,0.011505482632583159,0.010382317016204097,1.108180631887652,87,7
6,2252,wealth,0.18796992481203006,0.4925925925925926,-0.012956766925157964,7.999872002047968e-06,0.012964766797160012,0.0006170471190568061,125,7
6,2252,emotion,0.18195488721804512,0.49264705882352944,-0.012861173653797945,8.26432620948414e-06,0.012869437980007429,0.0006421668313473005,121,7
6,2252,scandal,0.10827067669172932,0.49325463743676223,-0.011792142505229987,1.3888503097136193e-05,0.011806031008327124,0.0011763905317683692,72,7
6,2252,duty,0.12778637770897833,0.49977687626774847,-0.012058883603175908,1.1764429072257124e-05,0.012070648032248166,0.0009746311084419351,85,7
6,2252,class,0.14905192273613327,0.4988399900060678,-0.000491529183428277,0.010110906850366658,0.010602436033794935,0.953639976434172,99,7
6,2252,society,0.19699248120300752,0.49250936329588013,-0.013102804317377804,7.63347124471382e-06,0.013110437788622517,0.0005822438096427295,131,7
6,2271,female,0.22460374202660954,0.48132758797578745,-0.019488471840752256,6.578860804463099e-06,0.01949505070155672,0.00033746312871093485,152,10
6,2271,male,0.2,0.46616541353383456,-0.018791282824335443,7.518683929564969e-06,0.018798801508265007,0.00039995549321904266,133,10
6,2271,family,0.177843769086582,0.4721119216917536,-0.01830837950229366,8.403220113947665e-06,0.01831678272240761,0.0004587716216783485,119,10
6,2271,marriage,0.23847442890430795,0.484521344769792,-0.01983696412252747,6.211102967664998e-06,0.019843175225495134,0.00031300953082205157,161,10
6,2271,love,0.13269697649086903,0.4951875273435946,-0.00406712784281312,0.011505482632583159,0.015572610475396279,0.738828127116019,87,10
6,2271,wealth,0.18699949874686717,0.4716444444444445,-0.018512301904658038,7.999872002047968e-06,0.018520301776660086,0.000431951492912374,125,10
6,2271,emotion,0.21142106018813306,0.5330730432668935,0.04223946921088041,0.049594221583114335,0.007354752372233927,6.743153143211464,121,10
6,2271,scandal,0.11371136173767754,0.477819936293798,-0.001276309314772019,0.013902391600233327,0.015178700915005346,0.9159144565246554,72,10
6,2271,duty,0.13848841560915864,0.49604462474645034,-0.003742718502422332,0.01177619350132938,0.015518912003751712,0.7588285504630509,85,10
6,2271,class,0.14925324675324675,0.4921476246564586,-0.005791863811221109,0.010110906850366658,0.015902770661587767,0.6357953003845538,99,10
6,2271,society,0.19387079676523047,0.4895931612202304,-0.018720760804432156,7.63347124471382e-06,0.01872839427567687,0.000407588132326969,131,10
6,2281,female,0.22662192762608274,0.48979173078896066,-0.013640541423326985,6.578860804463099e-06,0.013647120284131448,0.00048206952580543853,152,7
6,2281,male,0.20138311980417245,0.5054977669738255,-0.0037538301683371165,0.007526202613494532,0.011280032781831649,0.6672146046374534,133,7
6,2281,family,0.1898861973939373,0.5133514944439315,0.007655536339244108,0.01681484344800928,0.00915930710876517,1.8358204661662865,119,7
6,2281,marriage,0.24040368479727747,0.4892475105984423,-0.013884606790612123,6.211102967664998e-06,0.013890817893579788,0.0004471373114817506,161,7
6,2281,love,0.1321968714890675,0.49029550968460406,0.0011231656163790613,0.011505482632583159,0.010382317016204097,1.108180631887652,87,7
6,2281,wealth,0.18685984191247348,0.4921851851851852,-0.012956766925157964,7.999872002047968e-06,0.012964766797160012,0.0006170471190568061,125,7
6,2281,emotion,0.1847297417391832,0.5027421609139523,-0.002758618908389304,0.008272590535693625,0.011031209444082929,0.7499259783686787,121,7
6,2281,scandal,0.11023913951545532,0.49190790706389353,0.003782695545245315,0.013902391600233327,0.010119696054988012,1.3737953712559403,72,7
6,2281,duty,0.12799646174259177,0.4904259634888438,0.0014296774548329862,0.01177619350132938,0.010346516046496394,1.138179600482902,85,7
6,2281,class,0.15779885319359005,0.5009993932255417,-0.000491529183428277,0.010110906850366658,0.010602436033794935,0.953639976434172,99,7
6,2281,society,0.1954844171497446,0.4915730337078652,-0.013102804317377804,7.63347124471382e-06,0.013110437788622517,0.0005822438096427295,131,7
6,2330,female,0.23754806004486095,0.5139145378065045,0.0004915915946087576,0.03947974368758306,0.0389881520929743,1.0126087430977457,152,26
6,2330,male,0.2604228938770058,0.5892927808242411,0.03571902727049089,0.06767567405001428,0.03195664677952339,2.117733894760841,133,26
6,2330,family,0.18286076007831242,0.5140979468710561,-0.006673440519244865,0.03362128367590461,0.04029472419514948,0.8343842611315709,119,26
6,2330,marriage,0.2502671174817628,0.4982007295671892,0.005783684655381469,0.04348393187662265,0.037700247221241184,1.153412380037906,161,26
6,2330,love,0.21243661547834178,0.6359821819194209,0.07404399875085482,0.10345739178409692,0.029413393033242103,3.5173565886688163,87,26
6,2330,wealth,0.20215232457555224,0.5425037037037037,0.001116763180748187,0.04000735988224189,0.0388905967014937,1.0287155064318305,125,26
6,2330,emotion,0.3470480123088,0.6396147301895965,0.12395591483558348,0.1405018098874399,0.016545895051856427,8.491641548468795,121,26
6,2330,scandal,0.11402960839587106,0.5092046093310849,-0.028257668568197815,0.013902391600233327,0.04216006016843114,0.3297526508350073,72,26
6,2330,duty,0.14216338711233995,0.5391683569979716,0.009136852899575984,0.047069480718100756,0.03793262781852477,1.2408705492814036,85,26
6,2330,class,0.14713745489457447,0.4844380197737088,-0.010325146652276334,0.030312518939011334,0.04063766559128767,0.7459217574929828,99,26
6,2330,society,0.18540846509101203,0.4430482888755468,-0.02967094858792485,0.015274575960672354,0.0449455245485972,0.3398464277309062,131,26
6,2338,female,0.22580945607261396,0.41610239047912173,-0.06432260504101268,6.578860804463099e-06,0.06432918390181715,0.00010226868126295306,152,33
6,2338,male,0.19861372180451128,0.4161201876872633,-0.06202420300132726,7.518683929564969e-06,0.06203172168525682,0.00012120708123486986,133,33
6,2338,family,0.17603832377603404,0.4515498507095146,-0.019493906378344278,0.03362128367590461,0.05311519005424889,0.6329881083157703,119,33
6,2338,marriage,0.23428238586507816,0.47937000887311443,-0.02449559327569458,0.031061725941292653,0.055557319216987235,0.5590933180094138,161,33
6,2338,love,0.13354681284804368,0.5054090601757943,-0.004187118305610013,0.045987448564400825,0.05017456687001084,0.916548989503501,87,33
6,2338,wealth,0.18950018226623502,0.49717037037037043,0.007857282219010664,0.056007103886337825,0.04814982166732716,1.1631840356987069,125,33
6,2338,emotion,0.22398956252621854,0.5580183519688867,0.02016532237543417,0.06612287400208261,0.04595755162664844,1.4387814768248566,121,33
6,2338,scandal,0.11060957849534928,0.5263959153082256,-0.024487175191096295,0.027790894697369516,0.05227806988846581,0.5315975657886609,72,33
6,2338,duty,0.12454707323279757,0.47109533468559844,-0.029909193116704227,0.023540622573586505,0.05344981569029073,0.44042476609367026,85,33
6,2338,class,0.15390173050577402,0.4838669379305422,0.012910158643633568,0.06061493707197835,0.04770477842834478,1.2706261105845973,99,33
6,2338,society,0.18985110261115384,0.457800840552363,-0.042779513724385015,0.015274575960672354,0.05805408968505737,0.263109387181396,131,33
6,2342,female,0.22019671996067464,0.39868677541807734,-0.057743744236549585,0.006585439665267561,0.06432918390181715,0.10237094994421601,152,34
6,2342,male,0.1937123668948107,0.403089490643903,-0.045107142960588986,0.0150448865430595,0.06015202950364849,0.250114363005771,133,34
6,2342,family,0.17258056099856872,0.4697571336226798,-0.0008559710277204688,0.05042772390379994,0.05128369493152041,0.9833090999030635,119,34
6,2342,marriage,0.24190057655850225,0.4888839593808538,-0.010089268229726132,0.04348393187662265,0.053573200106348785,0.8116732207426571,161,34
6,2342,love,0.1317515361363281,0.48788927335640137,0.007306870338329205,0.05748143720834004,0.05017456687001084,1.145628966885031,87,34
6,2342,wealth,0.18081611089482666,0.44445925925925933,-0.04325314775022933,0.016007743876097984,0.05926089162632731,0.27012323703742996,125,34
6,2342,emotion,0.18688008875077983,0.5142805055906661,-0.022083125142124883,0.033065569164146054,0.05514869430627094,0.5995712061633817,121,34
6,2342,scandal,0.11915254334686784,0.538575042158516,0.004976165956515212,0.05556790089164191,0.0505917349351267,1.0983592668209095,72,34
6,2342,duty,0.24920225015790323,0.5859634888438133,0.15720652970966859,0.18824262958518626,0.031036099875517677,6.065279797852859,85,34
6,2342,class,0.14060792928424423,0.43555698326016346,-0.04819454083356378,0.010110906850366658,0.05830544768393044,0.17341272988767242,99,34
6,2342,society,0.21364396931419488,0.5591245675729765,0.0028784511485899014,0.05344193218424146,0.05056348103565156,1.0569274719338138,131,34
6,2353,female,0.23427431942935278,0.5361777982969118,-0.008524028714062208,0.04605860449204616,0.054582633206108365,0.8438325853075166,152,35
6,2353,male,0.1900054122010602,0.46963508395047776,-0.009393330697504088,0.04511962226131938,0.05451295295882347,0.8276862619160064,133,35
6,2353,family,0.18410491156659234,0.5101502139317265,-0.0129221813871251,0.04202450378985228,0.05494668517697738,0.7648232764857614,119,35
6,2353,marriage,0.24092071673236404,0.49647540175490484,0.012512278894545752,0.06211724077961764,0.04960496188507189,1.2522384539329514,161,35
6,2353,love,0.12600430089174772,0.4749035516843655,-0.020871400408741414,0.0344934599204616,0.055364860329203014,0.6230208062431343,87,35
6,2353,wealth,0.18384443300412964,0.4849777777777778,-0.025401558752966708,0.03200748788019392,0.057409046633160626,0.5575338689067902,125,35
6,2353,emotion,0.18721453557602027,0.5112952722411278,-0.0037162441872321053,0.049594221583114335,0.05331046577034644,0.9302905323661695,121,35
6,2353,scandal,0.10294203100182175,0.47959996252576353,-0.059009521198725115,1.3888503097136193e-05,0.05902340970182225,0.0002353049945278255,72,35
6,2353,duty,0.12635685088404072,0.4997870182555781,-0.03335745708820777,0.023540622573586505,0.05689807966179427,0.41373316486425726,85,35
6,2353,class,0.17362588646838228,0.5616143769854017,0.009376602225105009,0.06061493707197835,0.05123833484687334,1.1829997452482433,99,35
6,2353,society,0.36304966174185177,0.6614632472767819,0.12458540327808701,0.15267705836552115,0.02809165508743413,5.434961303806596,131,35
6,2375,female,0.23128642300789906,0.4395455011798502,0.01998469298602634,0.03947974368758306,0.01949505070155672,2.02511623539432,152,16
6,2375,male,0.1814394210465678,0.4300836678161569,-0.020671059802812176,0.007526202613494532,0.02819726241630671,0.26691252867424303,133,16
6,2375,family,0.1654528607992141,0.4291562778957737,-0.029297350238664595,8.403220113947665e-06,0.029305753458778543,0.00028674301534273425,119,16
6,2375,marriage,0.2742546866818999,0.5801168293404318,-0.007156012551447828,0.018639520005962657,0.025795532557410485,0.7225871365034233,161,16
6,2375,love,0.1674651549565365,0.5815734001511355,-0.0012236282975275382,0.02299947127652238,0.024223099574049917,0.9494850650827572,87,16
6,2375,wealth,0.19261000374680687,0.5314222222222222,0.009783496117200446,0.03200748788019392,0.022223991762993472,1.4402222706026793,125,16
6,2375,emotion,0.19383554429827343,0.544596195916383,-0.009200120986301165,0.016536916745177765,0.02573703773147893,0.6425338035040822,121,16
6,2375,scandal,0.10179780388904883,0.47956483042908,0.004180519015668609,0.027790894697369516,0.023610375681700907,1.177062790988609,72,16
6,2375,duty,0.13115104858644228,0.4848377281947262,-0.0005989493589240724,0.023540622573586505,0.024139571932510578,0.9751880703778094,85,16
6,2375,class,0.1468955209703397,0.49254916657743514,-0.01639253306680678,0.010110906850366658,0.026503439917173438,0.38149413365144347,99,16
6,2375,society,0.1986220214127678,0.5483603510878577,-0.020450550371475595,0.007641104715958534,0.02809165508743413,0.2720062129448728,131,16
6,2376,female,0.37236826417326097,0.6340604801477379,0.17641500419794237,0.236845567821476,0.06043056362353364,3.9193009896952424,152,67
6,2376,male,0.29825592498788656,0.6334233139239075,0.15601754615918845,0.22556803657087862,0.06955049041169019,3.2432271179172223,133,67
6,2376,family,0.16384997164114104,0.4569212300304737,-0.051060594841084425,0.058830944017747605,0.10989153885883203,0.5353546290109484,119,67
6,2376,marriage,0.2541181787107899,0.5552104899930986,0.022777466058846396,0.11801716748860262,0.09523970142975623,1.2391593601792912,161,67
6,2376,love,0.1461086036837575,0.5483832478224556,0.016334074605564936,0.11495138042803614,0.0986173058224712,1.1656309150627533,87,67
6,2376,wealth,0.1875823172320234,0.545148148148148,-0.045253730553442215,0.06400697588838579,0.109260706441828,0.5858187995688845,125,67
6,2376,emotion,0.1737297460780935,0.4836457826932426,-0.04233444784599884,0.06612287400208261,0.10845732184808145,0.6096672209377685,121,67
6,2376,scandal,0.097198317942216,0.4566352819936294,-0.06624772555415082,0.04167939779450571,0.10792712334865652,0.3861809385901543,72,67
6,2376,duty,0.1217073386658055,0.44811359026369174,-0.04806399745823782,0.05883390979035788,0.1068979072485957,0.5503747575991988,85,67
6,2376,class,0.1542273118718961,0.5449905414569725,-0.011557547710592045,0.09091735520494536,0.1024749029155374,0.8872158217997502,99,67
6,2376,society,0.18390101077811846,0.44879492237756236,-0.02089457658074692,0.08397581716309674,0.10487039374384366,0.8007580992535914,131,67
6,2380,female,0.2172790951484152,0.4800066687185801,-0.05969354169681402,0.05921632610097235,0.11890986779778637,0.4979933726036547,152,70
6,2380,male,0.25167584067890353,0.5612598224885522,0.07519146072497696,0.16541856513435887,0.09022710440938192,1.8333577943716555,133,70
6,2380,family,0.1720899740812907,0.47538246067657836,-0.015616219262565276,0.09244382447353826,0.10806004373610353,0.8554857214239375,119,70
6,2380,marriage,0.21444776272327992,0.4572488415656118,-0.07332233413440688,0.04969503484428764,0.12301736897869452,0.40396762877029496,161,70
6,2380,love,0.1282258982475047,0.47942767370639944,-0.028528478244637084,0.08046941449621849,0.10899789274085557,0.7382657817688061,87,70
6,2380,wealth,0.1903715166549988,0.5268814814814815,-0.03110583154251298,0.08000671989248172,0.1111125514349947,0.7200511450641002,125,70
6,2380,emotion,0.17508967100125147,0.5018078512396694,-0.04784913345377234,0.06612287400208261,0.11397200745585495,0.5801676699176679,121,70
6,2380,scandal,0.13261670045987559,0.5859213977890201,0.06886681204010961,0.16667592566873143,0.09780911362862182,1.704094020316866,72,70
6,2380,duty,0.1735555581500648,0.5617444219066937,0.054672095048578034,0.15294934236841487,0.09827724731983684,1.5563047046799652,85,70
6,2380,class,0.14714450548843067,0.46362922511332405,0.006877286168788341,0.11111896729359003,0.10424168112480169,1.0659744364587582,99,70
6,2380,society,0.20004713512648975,0.4945750064327986,0.011511960560459819,0.11450970214195202,0.1029977415814922,1.1117690580646347,131,70
6,2382,female,0.22772556390977444,0.4944598337950138,-0.011691231284185227,6.578860804463099e-06,0.01169781014498969,0.0005624010581774146,152,6
6,2382,male,0.19924812030075187,0.4952371530329584,-0.011272514097902083,7.518683929564969e-06,0.011280032781831649,0.0006665480565808727,133,6
6,2382,family,0.17828394515701018,0.49589066395789083,-0.01098239901137971,8.403220113947665e-06,0.010990802231493658,0.0007645684033058152,119,6
6,2382,marriage,0.24163670044676908,0.4941708567484965,-0.003705265601670226,0.006217314070632662,0.009922579672302888,0.6265824286965015,161,6
6,2382,love,0.13082706766917293,0.4913494809688581,-0.010370823027560159,1.1493988643939221e-05,0.010382317016204097,0.0011070735583293227,87,6
6,2382,wealth,0.18796992481203006,0.49074074074074076,-0.01110492193199127,7.999872002047968e-06,0.01111292180399332,0.0007198711682154931,125,6
6,2382,emotion,0.192508129828704,0.5110597958191542,0.01928471911835248,0.024801242954661906,0.005516523836309426,4.495809985796819,121,6
6,2382,scandal,0.10827067669172932,0.49156829679595276,-0.010105807551890875,1.3888503097136193e-05,0.010119696054988012,0.001372422948307633,72,6
6,2382,duty,0.14834144183989384,0.5050304259634888,0.01664237049859366,0.023540622573586505,0.006898252074992846,3.412548905760068,85,6
6,2382,class,0.15089850045990397,0.5087803833386872,-0.010592335227750613,1.0100806044322337e-05,0.010602436033794935,0.0009526872891450271,99,6
6,2382,society,0.19822584450949254,0.5001286559739258,-0.0017240287479610783,0.007641104715958534,0.009365133463919612,0.8159098580475086,131,6
6,2389,female,0.22656091984346832,0.4912024212578229,-0.011691231284185227,6.578860804463099e-06,0.01169781014498969,0.0005624010581774146,152,6
6,2389,male,0.20325814536340853,0.4889479337441348,0.007524238124444532,0.0150448865430595,0.007520648418614969,2.000477313075851,133,6
6,2389,family,0.17788589119858472,0.48485548065379996,-0.01098239901137971,8.403220113947665e-06,0.010990802231493658,0.0007645684033058152,119,6
6,2389,marriage,0.24057090887754504,0.4863452627427783,-0.011900487679973674,6.211102967664998e-06,0.011906698782941339,0.0005216477783113119,161,6
6,2389,love,0.13005598721409545,0.49405401105675534,-0.010370823027560159,1.1493988643939221e-05,0.010382317016204097,0.0011070735583293227,87,6
6,2389,wealth,0.18739897515625067,0.49918518518518523,-0.01110492193199127,7.999872002047968e-06,0.01111292180399332,0.0007198711682154931,125,6
6,2389,emotion,0.2121719521839139,0.5351239669421487,0.01928471911835248,0.024801242954661906,0.005516523836309426,4.495809985796819,121,6
6,2389,scandal,0.1079243247006405,0.48922615701705074,-0.010105807551890875,1.3888503097136193e-05,0.010119696054988012,0.001372422948307633,72,6
6,2389,duty,0.12710010319917442,0.48770791075050707,-0.010334751617424136,1.1764429072257124e-05,0.010346516046496394,0.0011370425579249773,85,6
6,2389,class,0.15714623258482907,0.5102973194845988,0.0012752490258360009,0.010110906850366658,0.008835657824530658,1.1443298337279613,99,6
6,2389,society,0.19561642656258968,0.4935386110872859,-0.011230152155026351,7.63347124471382e-06,0.011237785626271065,0.0006792682738305178,131,6
6,2415,female,0.22767254675149412,0.48040422694162305,-0.005112370479722129,0.006585439665267561,0.01169781014498969,0.562963459235592,152,7
6,2415,male,0.20074224021592443,0.4867431737237831,-0.0037538301683371165,0.007526202613494532,0.011280032781831649,0.6672146046374534,133,7
6,2415,family,0.19316228883898054,0.5045941453504479,0.007655536339244108,0.01681484344800928,0.00915930710876517,1.8358204661662865,119,7
6,2415,marriage,0.23811997004346563,0.4911022379966479,-0.013884606790612123,6.211102967664998e-06,0.013890817893579788,0.0004471373114817506,161,7
6,2415,love,0.13082706766917293,0.4749134948096886,-0.012100920847290886,1.1493988643939221e-05,0.012112414835934825,0.0009489427829775269,87,7
6,2415,wealth,0.18665274725274725,0.4975407407407408,-0.012956766925157964,7.999872002047968e-06,0.012964766797160012,0.0006170471190568061,125,7
6,2415,emotion,0.18777014537345116,0.5087809917355373,-0.002758618908389304,0.008272590535693625,0.011031209444082929,0.7499259783686787,121,7
6,2415,scandal,0.11060563867581412,0.49895774779838864,0.003782695545245315,0.013902391600233327,0.010119696054988012,1.3737953712559403,72,7
6,2415,duty,0.12773109243697478,0.4885699797160243,0.0014296774548329862,0.01177619350132938,0.010346516046496394,1.138179600482902,85,7
6,2415,class,0.14840614608416464,0.49795659777991935,-0.012359113437014891,1.0100806044322337e-05,0.012369214243059213,0.0008166085448130736,99,7
6,2415,society,0.19759535795033162,0.49200188695428426,-0.0035966809103125308,0.007641104715958534,0.011237785626271065,0.6799475421043484,131,7
6,2424,female,0.24628225393028022,0.5068354365445777,0.00804535112920407,0.01974316127419376,0.01169781014498969,1.6877655755904213,152,9
6,2424,male,0.205320994794679,0.4965232630448301,0.0018851615796195119,0.0150448865430595,0.013159724963439989,1.1432523539597952,133,9
6,2424,family,0.1935822542359665,0.5138978668390433,0.0039925460937871304,0.01681484344800928,0.012822297354222148,1.311375253761455,119,9
6,2424,marriage,0.2493102427851385,0.5048309178743962,0.006732821223021318,0.018639520005962657,0.011906698782941339,1.5654649827122467,161,9
6,2424,love,0.15902939949192751,0.5384202362486578,0.010887056440587553,0.02299947127652238,0.012112414835934825,1.8988345087380312,87,9
6,2424,wealth,0.20781961623426157,0.5317185185185186,0.02274641106936729,0.03200748788019392,0.009261076810826628,3.4561302676293053,125,9
6,2424,emotion,0.18638233892948214,0.5082492707826933,0.013770033510578978,0.024801242954661906,0.011031209444082929,2.248279581502902,121,9
6,2424,scandal,0.1348847505645751,0.5421116732246581,0.015984863689042395,0.027790894697369516,0.011806031008327124,2.3539574540685066,72,9
6,2424,duty,0.2271651155861682,0.5808924949290061,0.06542421877337393,0.070598338862615,0.005174120089241072,13.644511072669303,85,9
6,2424,class,0.15186342672973688,0.502534175679052,0.007842498651629783,0.020211712894688996,0.012369214243059213,1.6340336981709602,99,9
6,2424,society,0.20004268476044287,0.501400920604969,0.0021641381720498374,0.015274575960672354,0.013110437788622517,1.1650698630951017,131,9
6,2462,female,0.22303366519803136,0.46289884066892384,-0.0109603008971474,0.006585439665267561,0.017545740562414962,0.3753298210164475,152,10
6,2462,male,0.1932832788060814,0.4557917349765391,-0.009392906713162136,0.007526202613494532,0.01691910932665667,0.4448344453447023,133,10
6,2462,family,0.17772235095316333,0.4640779388678548,-0.008073664265617512,0.008411623334061612,0.016485287599679124,0.5102503236713377,119,10
6,2462,marriage,0.24007689615819183,0.4985273094745145,-0.0034465199659205765,0.012428417038297659,0.015874937004218236,0.7828955185278736,161,10
6,2462,love,0.12591052689624388,0.452571292208567,-0.017291214306483067,1.1493988643939221e-05,0.017302708295127006,0.0006642884135376661,87,10
6,2462,wealth,0.17930769316090203,0.47218518518518526,-0.018512301904658038,7.999872002047968e-06,0.018520301776660086,0.000431951492912374,125,10
6,2462,emotion,0.21433912633390828,0.5016483349538162,0.011931804974654478,0.024801242954661906,0.012869437980007429,1.9271426608732487,121,10
6,2462,scandal,0.1116455859462045,0.5278948847667229,-0.001276309314772019,0.013902391600233327,0.015178700915005346,0.9159144565246554,72,10
6,2462,duty,0.12462149205200505,0.5053346855983774,-0.017231279560431228,1.1764429072257124e-05,0.017243043989503486,0.0006822710119359622,85,10
6,2462,class,0.150614227146297,0.5074954491915622,0.006075720442365507,0.020211712894688996,0.01413599245232349,1.4298050144994987,99,10
6,2462,society,0.18888544537066224,0.45053177802555966,-0.018720760804432156,7.63347124471382e-06,0.01872839427567687,0.000407588132326969,131,10
6,2509,female,0.2239248153987118,0.4784036113676003,-0.025336402258177532,6.578860804463099e-06,0.025342981118981995,0.00025959301209737764,152,13
6,2509,male,0.19538083937687964,0.4822912544519192,-0.024430359369160465,7.518683929564969e-06,0.02443787805309003,0.0003076651709662906,133,13
6,2509,family,0.17802218723974056,0.4967833287161018,-0.0033334343971268207,0.01681484344800928,0.0201482778451361,0.8345548724519856,119,13
6,2509,marriage,0.2391898048065465,0.468993394459233,-0.017594099376139375,0.006217314070632662,0.023811413446772036,0.26110646830225853,161,13
6,2509,love,0.12858991556853153,0.4779859205345424,-0.02248150776567525,1.1493988643939221e-05,0.02249300175431919,0.0005110028785384814,87,13
6,2509,wealth,0.2003062257486364,0.4951703703703704,0.005487314101485865,0.02400761587814595,0.018520301776660086,1.2962864302300343,125,13
6,2509,emotion,0.196155504275339,0.5214511424404472,0.026622228857698268,0.041329895373630195,0.014707666515931927,2.8100919561950852,121,13
6,2509,scandal,0.10841055654652146,0.5054103428892637,-0.021910152225264656,1.3888503097136193e-05,0.021924040728361793,0.0006334828177241981,72,13
6,2509,duty,0.1311145510835913,0.4728803245436105,0.0045734465983312475,0.023540622573586505,0.018967175975255258,1.2411242771752993,85,13
6,2509,class,0.1500578450693458,0.5048720419745154,-0.011092198439013944,0.010110906850366658,0.021203105289380603,0.47685971992761655,99,13
6,2509,society,0.19338161116151495,0.47848586213797634,-0.024338717291486515,7.63347124471382e-06,0.024346350762731228,0.00031353656729884164,131,13
6,2529,female,0.22869749896656716,0.46297578742177076,-0.014858921175430917,0.006585439665267561,0.02144436084069848,0.3070942386150395,152,12
6,2529,male,0.21407516831109974,0.48175419752388493,0.015042837257141114,0.03008225440218944,0.015039417145048327,2.000227409749964,133,12
6,2529,family,0.19440267607943076,0.47640594699418226,0.008732775962277818,0.02521806356195694,0.016485287599679124,1.5297314898478367,119,12
6,2529,marriage,0.24436200964586308,0.5000492950803509,0.0007804638911059723,0.018639520005962657,0.017859056114856685,1.0437012955803984,161,12
6,2529,love,0.12932129175249335,0.5032613451059937,-0.020751409945944523,1.1493988643939221e-05,0.02076290393458846,0.0005535829034125644,87,12
6,2529,wealth,0.18130793304283577,0.46768888888888893,-0.012364274895776765,0.008007871874050014,0.02037214676982678,0.3930794316442589,125,12
6,2529,emotion,0.18070280425255686,0.4879527224112785,-0.011949761588011802,0.008272590535693625,0.020222352123705427,0.40908151953239363,121,12
6,2529,scandal,0.12618334670876538,0.552698145025295,-0.020223817271925546,1.3888503097136193e-05,0.020237705775022683,0.0006862686537122737,72,12
6,2529,duty,0.14625823554554615,0.5259432048681542,0.00629757858408302,0.023540622573586505,0.017243043989503486,1.3652242948838604,85,12
6,2529,class,0.15054091778595782,0.507620373344755,0.0025421640238369493,0.020211712894688996,0.017669548870852047,1.1438726048567471,99,12
6,2529,society,0.22288769575235554,0.5657432026760442,0.006052305092060756,0.022908047205386174,0.01685574211332542,1.3590648842400717,131,12
6,2535,female,0.22857142857142856,0.4844054580896686,-0.015589851562468742,6.578860804463099e-06,0.015596430423273204,0.00042181836647853824,152,8
6,2535,male,0.2,0.4849624060150376,-0.015031898461118761,7.518683929564969e-06,0.015039417145048327,0.0004999318694701234,133,8
6,2535,family,0.17804384911859483,0.49038076769169203,-0.014645389256836686,8.403220113947665e-06,0.014653792476950634,0.0005734501922687849,119,8
6,2535,marriage,0.24148881520571613,0.488243123336291,-0.007673503822947126,0.006217314070632662,0.013890817893579788,0.4475844487932323,161,8
6,2535,love,0.14237827105340717,0.5059857614445373,-0.0006069322033516664,0.011505482632583159,0.012112414835934825,0.9498917257605043,87,8
6,2535,wealth,0.1976733500417711,0.5098814814814815,0.014746539067319323,0.02400761587814595,0.009261076810826628,2.5923136548751673,125,8
6,2535,emotion,0.18182740849117537,0.4953968157510938,-0.004596847444313804,0.008272590535693625,0.012869437980007429,0.6428089981786478,121,8
6,2535,scandal,0.12065580618212199,0.49447255012179125,0.002096360591906203,0.013902391600233327,0.011806031008327124,1.1775669223001375,72,8
6,2535,duty,0.13414160401002506,0.5064705882352942,0.013194106527090112,0.023540622573586505,0.010346516046496394,2.275222158407879,85,8
6,2535,class,0.1482215640110377,0.4975907484741407,-0.014125891646279167,1.0100806044322337e-05,0.01413599245232349,0.0007145452346324331,99,8
6,2535,society,0.19699248120300752,0.4850187265917603,-0.014975456479729253,7.63347124471382e-06,0.014983089950973966,0.0005094724298647182,131,8
6,2540,female,0.2604193143293454,0.5339142813173284,0.052878997008341824,0.07237404770989854,0.01949505070155672,3.712431878948994,152,21
6,2540,male,0.19869897083916122,0.5090805020068969,-0.03006952071085388,0.007526202613494532,0.037595723324348414,0.2001877327472535,133,21
6,2540,family,0.1839113967639415,0.5015544679410225,0.002484035094397579,0.03362128367590461,0.031137248581507033,1.079776961885872,119,21
6,2540,marriage,0.24165504851595077,0.48035591048013404,-0.008881386026336629,0.024850622973627657,0.033732008999964286,0.7367074689478845,161,21
6,2540,love,0.12924915144233817,0.4901960784313726,-0.009874117396181183,0.02299947127652238,0.03287358867270356,0.6996337243496709,87,21
6,2540,wealth,0.18617541275857302,0.4938592592592593,-0.00932744584384768,0.02400761587814595,0.03333506172199363,0.7201911332171359,125,21
6,2540,emotion,0.19039778503556337,0.49548037190082644,-0.008288708920515031,0.024801242954661906,0.03308995187517694,0.7495097922012248,121,21
6,2540,scandal,0.10690303778110503,0.4965921866216975,-0.004251155751026952,0.027790894697369516,0.03204205044839647,0.8673257268993837,72,21
6,2540,duty,0.1261192242801445,0.478052738336714,-0.022708170345691843,0.01177619350132938,0.03448436384702122,0.34149371446227567,85,21
6,2540,class,0.1471152629047366,0.4685815754720348,-0.025226424113128174,0.010110906850366658,0.03533733096349483,0.2861253686795301,99,21
6,2540,society,0.1926754720927653,0.47208880121222524,-0.03931993459029813,7.63347124471382e-06,0.03932756806154285,0.00019409975294109897,131,21
6,2541,female,0.22662812333864965,0.491189596799015,-0.00974192114504347,6.578860804463099e-06,0.009748500005847932,0.0006748587782573433,152,5
6,2541,male,0.2,0.4793233082706767,-0.009392821916293743,7.518683929564969e-06,0.009400340600223309,0.0007998310112919236,133,5
6,2541,family,0.17791046243058628,0.4848708714254933,-0.009150903888651222,8.403220113947665e-06,0.00915930710876517,0.0009174515073294785,119,5
6,2541,marriage,0.23998930131653246,0.48614808242137436,-0.009916368569335223,6.211102967664998e-06,0.009922579672302888,0.0006259564722242773,161,5
6,2541,love,0.12984577431038413,0.4873722308395976,-0.008640725207829431,1.1493988643939221e-05,0.00865221919647337,0.0013284439958820863,87,5
6,2541,wealth,0.1907427660059239,0.4994074074074074,0.0005986400563900785,0.008007871874050014,0.007409231817659936,1.0807965076598656,125,5
6,2541,emotion,0.2003489392210192,0.5251276130286826,0.011020392908868339,0.016536916745177765,0.005516523836309426,2.9977060251847503,121,5
6,2541,scandal,0.11404942093796583,0.5199784523140341,-0.008419472598551763,1.3888503097136193e-05,0.0084333611016489,0.0016468526519958745,72,5
6,2541,duty,0.14298741506171847,0.5016227180527384,0.01836650248434543,0.023540622573586505,0.005174120089241072,4.549686161708261,85,5
6,2541,class,0.14813738892686262,0.49234393404004706,-0.008825557018486335,1.0100806044322337e-05,0.008835657824530658,0.0011431866470808807,99,5
6,2541,society,0.19525722703705828,0.4887354547273923,-0.009357499992674899,7.63347124471382e-06,0.009365133463919612,0.0008150947632842244,131,5
6,2557,female,0.22267835276341016,0.4618664717348928,-0.007549129983929991,0.01974316127419376,0.02729229125812375,0.7233969873303938,152,17
6,2557,male,0.1915212096771356,0.49551981457402905,-0.031949128095593825,7.518683929564969e-06,0.03195664677952339,0.00023527762412630163,133,17
6,2557,family,0.1724431664980656,0.46310062486533077,-0.02089413012471693,0.008411623334061612,0.029305753458778543,0.2870297583580769,119,17
6,2557,marriage,0.23387815975664974,0.45876466528640447,-0.025530575818693176,0.006217314070632662,0.03174788988932584,0.19583393076234623,161,17
6,2557,love,0.15868961824085037,0.5196675018891939,0.03671853327375158,0.05748143720834004,0.02076290393458846,2.7684680999662348,87,17
6,2557,wealth,0.19602170839118502,0.47702222222222224,-0.0019200658711809038,0.02400761587814595,0.025927681749326855,0.9259453316856338,125,17
6,2557,emotion,0.19602514995803183,0.5197192513368984,0.009166759968591624,0.033065569164146054,0.02389880919555443,1.3835655530867716,121,17
6,2557,scandal,0.11626812333878055,0.5209504403222784,0.002494184062329499,0.027790894697369516,0.025296710635040017,1.0985971693005832,72,17
6,2557,duty,0.13262467199822112,0.4997667342799188,0.02465404077134195,0.047069480718100756,0.022415439946758806,2.099868698887928,85,17
6,2557,class,0.14785571473185732,0.47664810650676376,-0.018159311276071063,0.010110906850366658,0.02827021812643772,0.3576522404173987,99,17
6,2557,society,0.19739383589050707,0.4777925493895988,-0.0033109557196965046,0.022908047205386174,0.02621900292508268,0.8737192360048611,131,17
6,2584,female,0.2354392124382224,0.5619677849594747,-0.030940851653631092,0.01974316127419376,0.05068401292782485,0.38953429559571223,152,29
6,2584,male,0.20679138913356057,0.5357284187913394,0.020681574614492562,0.06015699012044931,0.03947541550595675,1.5239102450954025,133,29
6,2584,family,0.17061900987967923,0.5079724197371256,-0.022402641124106486,0.02521806356195694,0.04762070468606343,0.5295609069138292,119,29
6,2584,marriage,0.21071331507428714,0.4322069407473135,-0.049340005146354574,0.006217314070632662,0.055557319216987235,0.11190810064535556,161,29
6,2584,love,0.14007151064817003,0.5298890347213937,0.0027332729733128974,0.045987448564400825,0.04325417559108793,1.0631909621417654,87,29
6,2584,wealth,0.21283439214323466,0.5440444444444444,-0.014290488793966556,0.03200748788019392,0.046297976674160475,0.6913366453304728,125,29
6,2584,emotion,0.21753322744323317,0.5330274671852211,0.01741568177372354,0.057858547792598476,0.04044286601887494,1.430624322325844,121,29
6,2584,scandal,0.09993709607658989,0.3723533820498407,-0.03331667342821515,0.013902391600233327,0.04721906502844848,0.2944232714384118,72,29
6,2584,duty,0.13837932082206886,0.4888640973630833,0.017453018000329563,0.05883390979035788,0.04138089179002832,1.4217651491772225,85,29
6,2584,class,0.19079073354083437,0.5597315915337118,0.06744760849503713,0.10101816124926769,0.033570552754230557,3.0091301142942384,99,29
6,2584,society,0.18861158239542805,0.46877948366069133,0.0027355885532818897,0.04580846093952764,0.04307287238624575,1.0635107064067528,131,29
6,2621,female,0.22503702437912965,0.46927259669641935,-0.023387092119035773,6.578860804463099e-06,0.023393670979840235,0.00028122396052553204,152,12
6,2621,male,0.19730541108410124,0.47268076205551474,-0.022550667187552123,7.518683929564969e-06,0.022558185871481687,0.0003333017988266899,133,12
6,2621,family,0.1759606234838433,0.47462061747776035,-0.02197136974775064,8.403220113947665e-06,0.02197977296786459,0.00038231605603257295,119,12
6,2621,marriage,0.24065078828082778,0.4887114265996254,-0.007414758187197475,0.012428417038297659,0.019843175225495134,0.6263320711749251,161,12
6,2621,love,0.1290180368454474,0.5005568150180965,-0.020751409945944523,1.1493988643939221e-05,0.02076290393458846,0.0005535829034125644,87,12
6,2621,wealth,0.19029304496672916,0.489437037037037,0.007339159094652558,0.02400761587814595,0.016668456783493393,1.440302254044307,125,12
6,2621,emotion,0.20154648897940142,0.5256745260087506,0.018357902648214127,0.033065569164146054,0.014707666515931927,2.2481859461580758,121,12
6,2621,scandal,0.10708991470925376,0.47020798201236647,-0.020223817271925546,1.3888503097136193e-05,0.020237705775022683,0.0006862686537122737,72,12
6,2621,duty,0.12696604964323682,0.49551724137931036,-0.007190982473925878,0.01177619350132938,0.018967175975255258,0.6208722645939402,85,12
6,2621,class,0.15998245082223717,0.5026412535246457,0.0025421640238369493,0.020211712894688996,0.017669548870852047,1.1438726048567471,99,12
6,2621,society,0.19577503991844739,0.48717728793206966,-0.0034538183150045147,0.015274575960672354,0.01872839427567687,0.815583852786265,131,12
6,2639,female,0.22778568168739302,0.5072073458500052,-0.00828006037096782,0.01316430046973066,0.02144436084069848,0.6138816897789151,152,13
6,2639,male,0.19869945133103029,0.45474588727457743,-0.024430359369160465,7.518683929564969e-06,0.02443787805309003,0.0003076651709662906,133,13
6,2639,family,0.18174196421100444,0.4879336349924585,-0.0033334343971268207,0.01681484344800928,0.0201482778451361,0.8345548724519856,119,13
6,2639,marriage,0.23600646252486387,0.48341220546189484,-0.017594099376139375,0.006217314070632662,0.023811413446772036,0.26110646830225853,161,13
6,2639,love,0.15204658053196468,0.513980034204351,0.003966665161664645,0.02299947127652238,0.019032806114857734,1.2084119985523156,87,13
6,2639,wealth,0.20262756848162156,0.519725925925926,0.02519074809191519,0.04000735988224189,0.014816611790326702,2.7001692725499673,125,13
6,2639,emotion,0.1818730824882568,0.49658179387457463,-0.0036854353785276614,0.016536916745177765,0.020222352123705427,0.8177543662181016,121,13
6,2639,scandal,0.11194585639172558,0.49450768221847474,0.009239523875685947,0.027790894697369516,0.01855137082168357,1.4980507350641916,72,13
6,2639,duty,0.12764911778395358,0.5011359026369168,-0.022403675517686548,1.1764429072257124e-05,0.022415439946758806,0.0005248359657305492,85,13
6,2639,class,0.14699975197472068,0.47670164542956067,-0.011092198439013944,0.010110906850366658,0.021203105289380603,0.47685971992761655,99,13
6,2639,society,0.19516635099198376,0.460109500528919,-0.024338717291486515,7.63347124471382e-06,0.024346350762731228,0.00031353656729884164,131,13
6,2667,female,0.3103585991756058,0.5716374269005847,0.11111384551837751,0.15789923816791884,0.04678539264954133,3.374968750339041,152,48
6,2667,male,0.23462374638778644,0.5738311945276725,0.10714631260918714,0.15789988120479392,0.05075356859560679,3.11110894407828,133,48
6,2667,family,0.23970123835194204,0.5748299319727892,0.10655439533087072,0.1596695853851196,0.05311519005424889,3.006100236467871,119,48
6,2667,marriage,0.25151742772759655,0.4902395740905058,-0.013281269543754082,0.06211724077961764,0.07539851032337172,0.8238523614376893,161,48
6,2667,love,0.12850373059084494,0.45718490235850934,-0.06981084499258076,0.011505482632583159,0.08131632762516393,0.14149043578895232,87,48
6,2667,wealth,0.18507878892633883,0.45552592592592595,-0.06917897765456302,0.016007743876097984,0.085186721530661,0.187913604236412,125,48
6,2667,emotion,0.1766245822727722,0.4703907389402042,-0.057920879390476535,0.024801242954661906,0.08272212234513844,0.29981391012775016,121,48
6,2667,scandal,0.10734046359771979,0.47009087502342145,-0.03420736144070766,0.04167939779450571,0.07588675923521337,0.5492314893138325,72,48
6,2667,duty,0.12447434144802563,0.47093306288032455,-0.05577117290298081,0.023540622573586505,0.07931179547656732,0.2968111165790563,85,48
6,2667,class,0.14553280808735053,0.4603098118999179,-0.07292943576326369,0.010110906850366658,0.08304034261363034,0.12175897319317276,99,48
6,2667,society,0.19699248120300752,0.4400749063670412,-0.08988154297378732,7.63347124471382e-06,0.08988917644503204,8.492091647203852e-05,131,48
6,2669,female,0.2320524454968123,0.4856622550528368,-0.005112370479722129,0.006585439665267561,0.01169781014498969,0.562963459235592,152,7
6,2669,male,0.20454923751771953,0.5168395613092882,-0.0037538301683371165,0.007526202613494532,0.011280032781831649,0.6672146046374534,133,7
6,2669,family,0.177966034898808,0.4880721519376982,-0.0128138941341082,8.403220113947665e-06,0.012822297354222148,0.0006553599469072738,119,7
6,2669,marriage,0.2440813508891312,0.4924886621315193,0.0025058373659947713,0.012428417038297659,0.009922579672302888,1.2525389009207788,161,7
6,2669,love,0.1334177013523389,0.5042258282623393,-0.012100920847290886,1.1493988643939221e-05,0.012112414835934825,0.0009489427829775269,87,7
6,2669,wealth,0.18497978818012772,0.4813111111111111,-0.012956766925157964,7.999872002047968e-06,0.012964766797160012,0.0006170471190568061,125,7
6,2669,emotion,0.18561886071767497,0.5075808215848322,-0.002758618908389304,0.008272590535693625,0.011031209444082929,0.7499259783686787,121,7
6,2669,scandal,0.13296792145476355,0.5283867341202924,0.03493237164619592,0.04167939779450571,0.006747026148309788,6.177447200018553,72,7
6,2669,duty,0.12779253778324987,0.4982150101419878,-0.012058883603175908,1.1764429072257124e-05,0.012070648032248166,0.0009746311084419351,85,7
6,2669,class,0.15241892610313665,0.47005389584894886,-0.000491529183428277,0.010110906850366658,0.010602436033794935,0.953639976434172,99,7
6,2669,society,0.1962965700780272,0.5081982445607113,-0.0035966809103125308,0.007641104715958534,0.011237785626271065,0.6799475421043484,131,7
6,2700,female,0.22032819915201615,0.4768903252282754,-0.005112370479722129,0.006585439665267561,0.01169781014498969,0.562963459235592,152,7
6,2700,male,0.18995825230241858,0.4419978517722879,-0.013152206279510423,7.518683929564969e-06,0.013159724963439989,0.0005713405067265345,133,7
6,2700,family,0.1839238573842432,0.48402437898236217,-0.0025791788974320468,0.008411623334061612,0.010990802231493658,0.7653329717091208,119,7
6,2700,marriage,0.2345990623906175,0.4729801340826186,-0.013884606790612123,6.211102967664998e-06,0.013890817893579788,0.0004471373114817506,161,7
6,2700,love,0.12703473861970077,0.4901861353060494,-0.012100920847290886,1.1493988643939221e-05,0.012112414835934825,0.0009489427829775269,87,7
6,2700,wealth,0.19282207621343672,0.5057407407407407,-0.003105049929943305,0.008007871874050014,0.01111292180399332,0.7205910393837085,125,7
6,2700,emotion,0.2451428895991255,0.5763247447739426,0.027549045327836627,0.033065569164146054,0.005516523836309426,5.993913946408889,121,7
6,2700,scandal,0.13601092191069986,0.5463158141277872,0.019357533595720615,0.027790894697369516,0.0084333611016489,3.295352156643744,72,7
6,2700,duty,0.1430787509118649,0.4962576064908722,0.0014296774548329862,0.01177619350132938,0.010346516046496394,1.138179600482902,85,7
6,2700,class,0.1419571737988266,0.45601777492236856,-0.012359113437014891,1.0100806044322337e-05,0.012369214243059213,0.0008166085448130736,99,7
6,2700,society,0.1858096855253701,0.48055865282900195,-0.013102804317377804,7.63347124471382e-06,0.013110437788622517,0.0005822438096427295,131,7
6,2716,female,0.27913106065070503,0.5724581922642864,0.04483778810868041,0.10526835173221405,0.06043056362353364,1.74197203233559,152,47
6,2716,male,0.2170993755308529,0.5573378936061959,0.02444061979023568,0.09023172583870918,0.0657911060484735,1.3714882034489106,133,47
6,2716,family,0.20078008733005104,0.5482808508018592,0.04697759903354226,0.10925026470143359,0.06227266566789133,1.7543855482648818,119,47
6,2716,marriage,0.24359975326273342,0.4780390417036379,0.0132885158017947,0.08075054968261262,0.06746203388081792,1.1969776930247007,161,47
6,2716,love,0.12345372775456677,0.33217993079584773,-0.08130483363651998,1.1493988643939221e-05,0.08131632762516393,0.0001413490867022501,87,47
6,2716,wealth,0.17929147122095798,0.4202518518518519,-0.037771981675752346,0.04000735988224189,0.07777934155799424,0.5143699995441209,125,47
6,2716,emotion,0.16671059693124732,0.39450656295576086,-0.06618520559996068,0.016536916745177765,0.08272212234513844,0.19990924164132892,121,47
6,2716,scandal,0.09678360179879109,0.43732433951658234,-0.06367070258831917,0.013902391600233327,0.07757309418855249,0.17921666971620803,72,47
6,2716,duty,0.11461945229995651,0.44135902636916835,-0.05404704091722905,0.023540622573586505,0.07758766349081556,0.3034067725994832,85,47
6,2716,class,0.13690409346492116,0.4344148195738302,-0.059295073300412796,0.020211712894688996,0.07950678619510179,0.254213682399855,99,47
6,2716,society,0.21335780294042261,0.5296766446522,0.007052343259216845,0.07634234591838292,0.06929000265916607,1.1017800979573513,131,47
6,2726,female,0.22857142857142856,0.48050682261208577,-0.011691231284185227,6.578860804463099e-06,0.01169781014498969,0.0005624010581774146,152,6
6,2726,male,0.19913017838714434,0.4905732376052915,-0.0018741379867287765,0.007526202613494532,0.009400340600223309,0.8006308423032154,133,6
6,2726,family,0.18084181040837385,0.4920891433496475,0.009487031461972596,0.01681484344800928,0.007327811986036682,2.294660872543632,119,6
6,2726,marriage,0.24629711394994167,0.5087868480725622,-0.011900487679973674,6.211102967664998e-06,0.011906698782941339,0.0005216477783113119,161,6
6,2726,love,0.16997178740266172,0.5291930159487731,0.029301436363449687,0.0344934599204616,0.005192023557011914,6.643548422894588,87,6
6,2726,wealth,0.19344492604059169,0.5108740740740741,0.008598512058438049,0.016007743876097984,0.007409231817659936,2.160513298528863,125,6
6,2726,emotion,0.18324084209251673,0.49679448225571216,-0.0009203903724648022,0.008272590535693625,0.009192980908158427,0.899881182985176,121,6
6,2726,scandal,0.11790874244434617,0.5219224283305227,0.005469030498584427,0.013902391600233327,0.0084333611016489,1.64849950464787,72,6
6,2726,duty,0.13860238832375055,0.5029411764705883,0.00315380944058476,0.01177619350132938,0.00862238406074462,1.3657700024726838,85,6
6,2726,class,0.1479625981173969,0.48815005175429205,-0.010592335227750613,1.0100806044322337e-05,0.010602436033794935,0.0009526872891450271,99,6
6,2726,society,0.19515008896286518,0.49052234325413846,-0.011230152155026351,7.63347124471382e-06,0.011237785626271065,0.0006792682738305178,131,6
6,2761,female,0.22730828901396452,0.48604698881707187,-0.000970269179466892,0.02632202207865686,0.02729229125812375,0.9644489657810414,152,18
6,2761,male,0.2042446235912553,0.52717790717395,-0.00563369194368224,0.02256357047262447,0.02819726241630671,0.8002042942571463,133,18
6,2761,family,0.19734556123826666,0.5267183796595561,0.02844795093593535,0.05042772390379994,0.02197977296786459,2.29427865225147,119,18
6,2761,marriage,0.24099149027118733,0.4837326234841763,-0.0029290286944212776,0.024850622973627657,0.027779651668048935,0.8945620798159722,161,18
6,2761,love,0.12818437845384417,0.4793580718291373,-0.031131996864328892,1.1493988643939221e-05,0.03114349085297283,0.0003690655199133846,87,18
6,2761,wealth,0.18840734476426868,0.5038814814814815,-0.003771910864347597,0.02400761587814595,0.027779526742493548,0.8642197579470628,125,18
6,2761,emotion,0.1850593420360862,0.48559795819154106,-0.012876578058150168,0.016536916745177765,0.029413494803327934,0.5622220975504246,121,18
6,2761,scandal,0.1059036044195163,0.47714071575791644,-0.03034182699196022,1.3888503097136193e-05,0.030355715495057358,0.0004575251437884919,72,18
6,2761,duty,0.1253864972131226,0.48004056795131844,-0.017535774388436523,0.01177619350132938,0.0293119678897659,0.40175376642109434,85,18
6,2761,class,0.19193564921797998,0.565049791198201,0.039411831782597745,0.06061493707197835,0.021203105289380603,2.8587764028827447,99,18
6,2761,society,0.19226670195636755,0.4723818509306115,-0.033701978103243775,7.63347124471382e-06,0.03370961157448849,0.0002264479146435612,131,18
6,2763,female,0.22427047348099982,0.42904226941623064,-0.02460547187113971,0.006585439665267561,0.03119091153640727,0.21113328661041667,152,17
6,2763,male,0.19619361516704784,0.44304369947424943,-0.013152375873247208,0.0150448865430595,0.02819726241630671,0.5335584114656947,133,17
6,2763,family,0.17394784205700947,0.43588204512574263,-0.031128845361393084,8.403220113947665e-06,0.031137248581507033,0.00026987677127864826,119,17
6,2763,marriage,0.233132403373185,0.48513753327417913,-0.025530575818693176,0.006217314070632662,0.03174788988932584,0.19583393076234623,161,17
6,2763,love,0.1418690841761382,0.5199061368969494,0.010270360346411683,0.0344934599204616,0.024223099574049917,1.4239903449841853,87,17
6,2763,wealth,0.17968060380370446,0.4732592592592593,-0.03147521685682489,7.999872002047968e-06,0.03148321672882694,0.00025409957536101944,125,17
6,2763,emotion,0.27650177979634016,0.578664316966456,0.05967953369563482,0.07438720021156675,0.014707666515931927,5.057715996343123,121,17
6,2763,scandal,0.1074191157715867,0.4911467116357504,-0.013080653988145808,0.013902391600233327,0.026983045588379134,0.5152269247807032,72,17
6,2763,duty,0.12517203512052139,0.5123326572008113,-0.029300203460693643,1.1764429072257124e-05,0.0293119678897659,0.0004013524140070873,85,17
6,2763,class,0.15447542448330545,0.5043366527465467,0.01744344148468879,0.04041332498333367,0.022969883498644882,1.759404873949773,99,17
6,2763,society,0.20692328876237215,0.511107299082254,0.025207414501499315,0.04580846093952764,0.020601046438028323,2.2235987417000485,131,17
6,2766,female,0.232503101648382,0.5081948291782087,0.0021974207117787976,0.01974316127419376,0.017545740562414962,1.1252395533170423,152,12
6,2766,male,0.2108188429042286,0.5243371586861891,-0.0037539149652055064,0.0150448865430595,0.018798801508265007,0.8003109419313043,133,12
6,2766,family,0.21591376487659894,0.5366762089451165,0.018967491198953978,0.03362128367590461,0.014653792476950634,2.2943742192674086,119,12
6,2766,marriage,0.24924943914712186,0.5173272207433698,0.0007804638911059723,0.018639520005962657,0.017859056114856685,1.0437012955803984,161,12
6,2766,love,0.1289416068907902,0.4748438929324265,-0.020751409945944523,1.1493988643939221e-05,0.02076290393458846,0.0005535829034125644,87,12
6,2766,wealth,0.19031094458554412,0.4941185185185185,0.007339159094652558,0.02400761587814595,0.016668456783493393,1.440302254044307,125,12
6,2766,emotion,0.18074628720561736,0.4645266164316966,-0.022052316333420446,8.26432620948414e-06,0.02206058065962993,0.0003746196138995082,121,12
6,2766,scandal,0.10827067669172932,0.4629005059021922,-0.020223817271925546,1.3888503097136193e-05,0.020237705775022683,0.0006862686537122737,72,12
6,2766,duty,0.1279002653693056,0.4757200811359026,-0.007190982473925878,0.01177619350132938,0.018967175975255258,0.6208722645939402,85,12
6,2766,class,0.14553796648246053,0.48975621943819825,-0.02119300448333628,1.0100806044322337e-05,0.021203105289380603,0.00047638333659102554,99,12
6,2766,society,0.19304547714065723,0.4770563513165795,-0.02246606512913506,7.63347124471382e-06,0.022473698600379774,0.00033966243741673935,131,12
6,2785,female,0.3069468906533557,0.6191841079306453,0.08236164279631725,0.14474151655899264,0.06237987376267539,2.3203239735197654,152,54
6,2785,male,0.21229454098761308,0.5473104754367122,-0.016912353814542633,0.06767567405001428,0.08458802786455691,0.8000620862987501,133,54
6,2785,family,0.23346133383767526,0.6083279465632406,0.023922417937766685,0.10084704458748592,0.07692462664971923,1.3109851679279227,119,54
6,2785,marriage,0.23736208978284262,0.48694296559203387,0.007594904105628991,0.08696165265027762,0.07936674854464863,1.0956937791178467,161,54
6,2785,love,0.14877404762099028,0.47378992164817246,0.07849760565307425,0.1494333463598538,0.07093574070677956,2.106601620971942,87,54
6,2785,wealth,0.21774485509908464,0.5407851851851853,0.008375405343368753,0.08800659189452968,0.07963118655116093,1.1051774525158256,125,54
6,2785,emotion,0.19452689365501424,0.49254071463296056,0.0017676326118369473,0.08265152642105089,0.08088389380921394,1.0218539504908668,121,54
6,2785,scandal,0.10101244383719388,0.47388514146524263,-0.02875053311026702,0.05556790089164191,0.08431843400190893,0.6590243467961567,72,54
6,2785,duty,0.1279556855480149,0.5048884381338742,0.0013268404725530342,0.08236276793487213,0.0810359274623191,1.016373484121023,85,54
6,2785,class,0.16747262328655643,0.5064425170432237,0.0351457375170168,0.11111896729359003,0.07597322977657323,1.4626068632189646,99,54
6,2785,society,0.17813189778166313,0.45176115733196104,-0.02506846869137387,0.061075403428955274,0.08614387212032915,0.7089930127929907,131,54
6,2801,female,0.22463485550272075,0.4746973427721351,-0.011691231284185227,6.578860804463099e-06,0.01169781014498969,0.0005624010581774146,152,6
6,2801,male,0.19703620994892657,0.4734298151393521,-0.011272514097902083,7.518683929564969e-06,0.011280032781831649,0.0006665480565808727,133,6
6,2801,family,0.17594316082751701,0.4808154030843107,-0.01098239901137971,8.403220113947665e-06,0.010990802231493658,0.0007645684033058152,119,6
6,2801,marriage,0.23990772532445886,0.5018115942028986,-0.011900487679973674,6.211102967664998e-06,0.011906698782941339,0.0005216477783113119,161,6
6,2801,love,0.13820597133635013,0.49655967863818956,0.002853263436109789,0.011505482632583159,0.00865221919647337,1.329772439877968,87,6
6,2801,wealth,0.2031769423558897,0.4953925925925926,0.01845022905365271,0.02400761587814595,0.005557386824493243,4.319946880072572,125,6
6,2801,emotion,0.1809050690925869,0.495685464268352,-0.011022945117873445,8.26432620948414e-06,0.011031209444082929,0.0007491768015671116,121,6
6,2801,scandal,0.11262357282094125,0.5025880644556867,0.005469030498584427,0.013902391600233327,0.0084333611016489,1.64849950464787,72,6
6,2801,duty,0.12859076757638038,0.4898478701825558,0.00315380944058476,0.01177619350132938,0.00862238406074462,1.3657700024726838,85,6
6,2801,class,0.146745894242685,0.4734714637541493,-0.010592335227750613,1.0100806044322337e-05,0.010602436033794935,0.0009526872891450271,99,6
6,2801,society,0.1947201140451442,0.47398290305057605,-0.011230152155026351,7.63347124471382e-06,0.011237785626271065,0.0006792682738305178,131,6
6,2851,female,0.33119941538394304,0.5825895147224787,0.17154099786840393,0.31579189747503317,0.14425089960662923,2.1891849432759543,152,122
6,2851,male,0.39702237564808823,0.6820693651421788,0.31578900728358233,0.4360911865986977,0.12030217931511537,3.6249649763433673,133,122
6,2851,family,0.20710488924231568,0.5710591929079324,0.06313619337904794,0.23529856641064859,0.17216237303160065,1.3667246928926362,119,122
6,2851,marriage,0.24939134011009848,0.5373410233658681,0.05296969030489021,0.22360591793890755,0.17063622763401734,1.3104246445086083,161,122
6,2851,love,0.11720601157612434,0.4668993357992284,-0.07882130547962511,0.11495138042803614,0.19377268590766125,0.5932279871592472,87,122
6,2851,wealth,0.19652906482348614,0.5525777777777777,0.0006705497506096225,0.18400505591910532,0.1833345061684957,1.003657520690566,125,122
6,2851,emotion,0.16400951156759822,0.4664939839572192,-0.03230891512235129,0.1570304623064082,0.18933937742875948,0.8293597688872874,121,122
6,2851,scandal,0.10817548626406369,0.5357293423271501,-0.04997228163447484,0.13889891947445904,0.18887120110893388,0.7354160859792059,72,122
6,2851,duty,0.12539300267124032,0.49963488843813386,-0.0214942071525053,0.16471377144067198,0.18620797859317728,0.884568817535204,85,122
6,2851,class,0.19071824041505625,0.5895795409929686,0.08115099883725851,0.2525302519141028,0.17137925307684426,1.4735170528453518,99,122
6,2851,society,0.168466827255219,0.43156216942562253,-0.11438432210301151,0.09160928840781056,0.20599361051082207,0.4447190773548438,131,122
6,2855,female,0.21555577054256803,0.46075715604801476,-0.025336402258177532,6.578860804463099e-06,0.025342981118981995,0.00025959301209737764,152,13
6,2855,male,0.1953100209939695,0.46721126123579626,-0.005633607146813848,0.0150448865430595,0.02067849368987335,0.7275620152980343,133,13
6,2855,family,0.17316330078477074,0.4351278973127713,-0.013568149633802977,0.008411623334061612,0.02197977296786459,0.38269837208860547,119,13
6,2855,marriage,0.23580029549992662,0.47434191067731435,-0.001203655219532477,0.018639520005962657,0.019843175225495134,0.9393416019969766,161,13
6,2855,love,0.12529629655384328,0.4503639183868274,-0.02248150776567525,1.1493988643939221e-05,0.02249300175431919,0.0005110028785384814,87,13
6,2855,wealth,0.19555359716899115,0.5201037037037037,0.015339031096700526,0.03200748788019392,0.016668456783493393,1.9202430251353788,125,13
6,2855,emotion,0.22710878087084924,0.5372356587263004,0.026622228857698268,0.041329895373630195,0.014707666515931927,2.8100919561950852,121,13
6,2855,scandal,0.11368799893359319,0.5352726250702642,-0.0063353141747893565,0.013902391600233327,0.020237705775022683,0.686954922365986,72,13
6,2855,duty,0.125252149406301,0.4912373225152129,-0.008915114459677654,0.01177619350132938,0.020691307961007033,0.5691372204672895,85,13
6,2855,class,0.15658138466881158,0.5114394831709319,-0.011092198439013944,0.010110906850366658,0.021203105289380603,0.47685971992761655,99,13
6,2855,society,0.2015288396281076,0.546359035937902,-0.024338717291486515,7.63347124471382e-06,0.024346350762731228,0.00031353656729884164,131,13
6,2867,female,0.31138221287873563,0.5731827741869293,0.11306315565751926,0.15789923816791884,0.044836082510399576,3.5217001424638954,152,47
6,2867,male,0.2546742575174359,0.5910664819944599,0.12782275701314208,0.17293724906392385,0.045114492050781774,3.8332970448925576,133,47
6,2867,family,0.2906468629171148,0.5749530581463353,0.11862060569027533,0.16807280549906725,0.04945219980879192,3.398692194594497,119,47
6,2867,marriage,0.2403550235969909,0.4808180518584245,-0.027687594589722545,0.04969503484428764,0.07738262943401018,0.6421988398058252,161,47
6,2867,love,0.12955319332814796,0.4534661734876506,-0.08130483363651998,1.1493988643939221e-05,0.08131632762516393,0.0001413490867022501,87,47
6,2867,wealth,0.1828500033861263,0.4668888888888889,-0.06732713266139634,0.016007743876097984,0.08333487653749432,0.19208936931350265,125,47
6,2867,emotion,0.17733566049115937,0.4684461594555178,-0.05608265085455204,0.024801242954661906,0.08088389380921394,0.306627707771532,121,47
6,2867,scandal,0.10532593955643868,0.48607597901442756,-0.03252102648736855,0.04167939779450571,0.07420042428187426,0.5617137394742023,72,47
6,2867,duty,0.12421693749936683,0.47993914807302235,-0.040558479859220155,0.035305051645843626,0.07586353150506378,0.4653757997414303,85,47
6,2867,class,0.14546422899782796,0.4627190634257771,-0.08303024180758602,1.0100806044322337e-05,0.08304034261363034,0.00012163733585731546,99,47
6,2867,society,0.1956159482676156,0.44722246047402575,-0.08800889081143587,7.63347124471382e-06,0.08801652428268059,8.672770603973015e-05,131,47
6,2871,female,0.45349965854631175,0.6521942649020211,0.20662955501520094,0.2105301246036236,0.0039005695884226574,53.97420037692116,152,34
6,2871,male,0.1977448525845046,0.47740120979139583,-0.01691201462706906,0.03760093833175441,0.05451295295882347,0.6897615390504829,133,34
6,2871,family,0.23734763609911194,0.5577000030781545,0.04008288991898415,0.0840406043595906,0.04395771444060645,1.9118510920587186,119,34
6,2871,marriage,0.24578625050722036,0.5075483091787439,-0.010089268229726132,0.04348393187662265,0.053573200106348785,0.8116732207426571,161,34
6,2871,love,0.12566560491884465,0.4609732331066301,-0.05881356198002053,1.1493988643939221e-05,0.05882505596866447,0.00019539273621544133,87,34
6,2871,wealth,0.18050617971135133,0.4840074074074075,-0.04325314775022933,0.016007743876097984,0.05926089162632731,0.27012323703742996,125,34
6,2871,emotion,0.17793325580178537,0.5058869105493438,-0.032185679887533535,0.024801242954661906,0.05698692284219544,0.43520937291007483,121,34
6,2871,scandal,0.10455120154448155,0.4844481918680906,-0.0417483481949107,0.013902391600233327,0.05565073979514403,0.24981503662232726,72,34
6,2871,duty,0.12471550199026978,0.47073022312373225,-0.018144764044447106,0.035305051645843626,0.05344981569029073,0.6605270979745649,85,34
6,2871,class,0.14349933377024834,0.47355177213834454,-0.024459372326390564,0.030312518939011334,0.0547718912654019,0.55343202942502,99,34
6,2871,society,0.18878534342134087,0.5014866912542527,-0.06366441270086699,7.63347124471382e-06,0.06367204617211171,0.00011988732424210021,131,34
6,2880,female,0.2253108534123445,0.5243279983584692,-0.01266613001431744,0.02632202207865686,0.0389881520929743,0.6751287420653359,152,24
6,2880,male,0.22569920474278074,0.5635917802023858,0.001884907189014337,0.03760093833175441,0.03571603114274007,1.0527748220519935,133,24
6,2880,family,0.1878419327316733,0.5031858897405115,-0.013245165510464046,0.02521806356195694,0.03846322907242099,0.65564083332211,119,24
6,2880,marriage,0.2574856114757388,0.5587658976634131,-0.006638521279948531,0.031061725941292653,0.037700247221241184,0.8239130570732134,161,24
6,2880,love,0.1295493250135671,0.5166149624149863,-0.001840324391703417,0.0344934599204616,0.03633378431216502,0.9493494986142524,87,24
6,2880,wealth,0.1983390118880029,0.5291851851851852,0.014672170162296223,0.048007231884289854,0.03333506172199363,1.4401422827177714,125,24
6,2880,emotion,0.1722138233358191,0.48190629557608167,-0.023905949273697172,0.016536916745177765,0.04044286601887494,0.408895767600916,121,24
6,2880,scandal,0.10130573734859775,0.47572372119168077,-0.04045983671199489,1.3888503097136193e-05,0.04047372521509203,0.00034314862353253896,72,24
6,2880,duty,0.12683608554539055,0.4418864097363083,-0.0009034441869293711,0.035305051645843626,0.036208495832773,0.9750488340615714,85,24
6,2880,class,0.16387209008885048,0.5011421636863334,0.016943578273425457,0.05051413102765601,0.033570552754230557,1.5047154986086881,99,24
6,2880,society,0.22592759316740502,0.4730036881379192,0.031111096179169687,0.061075403428955274,0.029964307249785587,2.0382718318092947,131,24
6,2905,female,0.22731829573934836,0.49575510413460555,-0.00974192114504347,6.578860804463099e-06,0.009748500005847932,0.0006748587782573433,152,5
6,2905,male,0.20601503759398496,0.49256600146984003,5.554194879563504e-06,0.007526202613494532,0.007520648418614969,1.0007385259314978,133,5
6,2905,family,0.19226006191950462,0.508595745990704,0.011318526584701085,0.01681484344800928,0.005496316863308193,3.0592929525590074,119,5
6,2905,marriage,0.24171081270623604,0.5033212560386474,-0.009916368569335223,6.211102967664998e-06,0.009922579672302888,0.0006259564722242773,161,5
6,2905,love,0.13082706766917293,0.48875432525951557,-0.008640725207829431,1.1493988643939221e-05,0.00865221919647337,0.0013284439958820863,87,5
6,2905,wealth,0.18846616541353384,0.4929333333333333,0.0005986400563900785,0.008007871874050014,0.007409231817659936,1.0807965076598656,125,5
6,2905,emotion,0.18763644648812117,0.5032814778804082,0.011020392908868339,0.016536916745177765,0.005516523836309426,2.9977060251847503,121,5
6,2905,scandal,0.10956209969367864,0.5044969083754919,-0.008419472598551763,1.3888503097136193e-05,0.0084333611016489,0.0016468526519958745,72,5
6,2905,duty,0.13871577339069596,0.5023225152129818,0.004877941426336534,0.01177619350132938,0.006898252074992846,1.7071271637510383,85,5
6,2905,class,0.14905192273613327,0.4944676446443231,-0.008825557018486335,1.0100806044322337e-05,0.008835657824530658,0.0011431866470808807,99,5
6,2905,society,0.19644292027779373,0.49256654372873593,-0.009357499992674899,7.63347124471382e-06,0.009365133463919612,0.0008150947632842244,131,5
6,2955,female,0.22857142857142856,0.48635477582846004,-0.025336402258177532,6.578860804463099e-06,0.025342981118981995,0.00025959301209737764,152,13
6,2955,male,0.2,0.4868421052631579,-0.024430359369160465,7.518683929564969e-06,0.02443787805309003,0.0003076651709662906,133,13
6,2955,family,0.18584697036709422,0.4923969587835134,-0.013568149633802977,0.008411623334061612,0.02197977296786459,0.38269837208860547,119,13
6,2955,marriage,0.2685989802939786,0.5310066055407671,0.05616289932859165,0.06211724077961764,0.0059543414510259875,10.432260440570133,161,13
6,2955,love,0.13036824035009154,0.49443184981903515,-0.009257421302005303,0.011505482632583159,0.02076290393458846,0.5541364863159769,87,13
6,2955,wealth,0.18708155002891846,0.4918814814814815,-0.014216119888943458,0.008007871874050014,0.022223991762993472,0.3603255418328622,125,13
6,2955,emotion,0.1885892416992896,0.4973869713174525,-0.0036854353785276614,0.016536916745177765,0.020222352123705427,0.8177543662181016,121,13
6,2955,scandal,0.10827067669172932,0.4881956155143339,-0.021910152225264656,1.3888503097136193e-05,0.021924040728361793,0.0006334828177241981,72,13
6,2955,duty,0.1288456435205661,0.5013387423935091,-0.008915114459677654,0.01177619350132938,0.020691307961007033,0.5691372204672895,85,13
6,2955,class,0.14887218045112782,0.4876325088339223,-0.022959782692600558,1.0100806044322337e-05,0.022969883498644882,0.00043974128316665153,99,13
6,2955,society,0.19699248120300752,0.4868913857677903,-0.024338717291486515,7.63347124471382e-06,0.024346350762731228,0.00031353656729884164,131,13
6,2969,female,0.21642024087410913,0.43972504360315995,-0.023387092119035773,6.578860804463099e-06,0.023393670979840235,0.00028122396052553204,152,12
6,2969,male,0.19133292785459216,0.4424289106224207,-0.013152291076378816,0.007526202613494532,0.02067849368987335,0.36396280725303964,133,12
6,2969,family,0.17065342085670882,0.44958752731861984,-0.011736654511074487,0.008411623334061612,0.0201482778451361,0.4174859706768803,119,12
6,2969,marriage,0.24498428909020448,0.5137533274179237,-0.007414758187197475,0.012428417038297659,0.019843175225495134,0.6263320711749251,161,12
6,2969,love,0.1260443399755188,0.4675456389452332,-0.020751409945944523,1.1493988643939221e-05,0.02076290393458846,0.0005535829034125644,87,12
6,2969,wealth,0.1811461958222092,0.48039999999999994,-0.022215991890991424,7.999872002047968e-06,0.022223991762993472,0.00035996557625660565,125,12
6,2969,emotion,0.20318521425968308,0.506198347107438,0.018357902648214127,0.033065569164146054,0.014707666515931927,2.2481859461580758,121,12
6,2969,scandal,0.11359429619213338,0.5205874086565487,-0.004648979221450243,0.013902391600233327,0.01855137082168357,0.7493996930531014,72,12
6,2969,duty,0.13740542040732762,0.49630831643002027,-0.007190982473925878,0.01177619350132938,0.018967175975255258,0.6208722645939402,85,12
6,2969,class,0.15885987385077183,0.5197826319734448,0.0025421640238369493,0.020211712894688996,0.017669548870852047,1.1438726048567471,99,12
6,2969,society,0.21263582618409427,0.5526274408897276,0.006052305092060756,0.022908047205386174,0.01685574211332542,1.3590648842400717,131,12
6,2994,female,0.21324384880339511,0.4368523648302042,-0.05482002268839828,0.03290088288311996,0.08772090557151824,0.37506319238714464,152,50
6,2994,male,0.18894916424315478,0.460427384250099,-0.037588713421629186,0.04511962226131938,0.08270833568294857,0.5455269035243792,133,50
6,2994,family,0.18388087697905528,0.5105118970665189,-0.009690462518023968,0.06723416413169526,0.07692462664971923,0.8740265251721782,119,50
6,2994,marriage,0.23218194406685436,0.4838558611850537,-0.025444729843334443,0.05590613781195264,0.08135086765528708,0.6872223913844392,161,50
6,2994,love,0.1463602160793639,0.5574513781171698,0.0192975646136474,0.09196340314015769,0.07266583852651029,1.265565842267706,87,50
6,2994,wealth,0.23850405445752004,0.5450814814814815,0.08474480428253817,0.14400569590886547,0.05926089162632731,2.4300291803652057,125,50
6,2994,emotion,0.17096095661982288,0.46961594555177444,-0.05149478171691688,0.033065569164146054,0.08456035088106294,0.39102923319538835,121,50
6,2994,scandal,0.1066351103831482,0.4996721004309537,-0.006430355246435274,0.0694564039887781,0.07588675923521337,0.9152638047512418,72,50
6,2994,duty,0.12776875947448552,0.524340770791075,-0.018753753700457676,0.05883390979035788,0.07758766349081556,0.7582894901399377,85,50
6,2994,class,0.20041676348795534,0.5839668772530964,0.05408043460766053,0.12121977333791237,0.06713933873025184,1.8054954908497975,99,50
6,2994,society,0.25847248550718804,0.5812962804128428,0.06797725062161941,0.12977664463137967,0.06179939400976026,2.099966297546275,131,50
6,3019,female,0.22217582509442355,0.4655599158715502,-0.015589851562468742,6.578860804463099e-06,0.015596430423273204,0.00042181836647853824,152,8
6,3019,male,0.19864083285135917,0.4433404940923738,-0.015031898461118761,7.518683929564969e-06,0.015039417145048327,0.0004999318694701234,133,8
6,3019,family,0.178161647180162,0.47091913688552345,-0.004410674020160536,0.008411623334061612,0.012822297354222148,0.6560153068541811,119,8
6,3019,marriage,0.23551020029388597,0.49504584442472643,-0.007673503822947126,0.006217314070632662,0.013890817893579788,0.4475844487932323,161,8
6,3019,love,0.12919498712975813,0.46394622757825243,-0.013831018667021612,1.1493988643939221e-05,0.013842512655665551,0.000830339760491716,87,8
6,3019,wealth,0.19092698801056146,0.5039851851851852,0.004894822072104664,0.016007743876097984,0.01111292180399332,1.4404622075992017,125,8
6,3019,emotion,0.1973044585889732,0.5491538040836169,-0.014699402189722443,8.26432620948414e-06,0.014707666515931927,0.0005619060100370096,121,8
6,3019,scandal,0.11241172590405046,0.5067453625632379,0.002096360591906203,0.013902391600233327,0.011806031008327124,1.1775669223001375,72,8
6,3019,duty,0.13699329000606086,0.4775050709939148,-0.0002944545309187859,0.01177619350132938,0.012070648032248166,0.9756057395503769,85,8
6,3019,class,0.1663296725692182,0.4982510618553021,0.021476861114480675,0.030312518939011334,0.008835657824530658,3.4307031278897226,99,8
6,3019,society,0.19362420249859405,0.47736369614317986,-0.014975456479729253,7.63347124471382e-06,0.014983089950973966,0.0005094724298647182,131,8
6,3035,female,0.2274546660769571,0.46532266338360523,-0.02728571239731929,6.578860804463099e-06,0.02729229125812375,0.0002410519784506477,152,14
6,3035,male,0.19774734455185583,0.481231273672904,-0.016911675439595496,0.007526202613494532,0.02443787805309003,0.3079728361372568,133,14
6,3035,family,0.2054497902726456,0.5105734601532921,0.04600864666352546,0.058830944017747605,0.012822297354222148,4.588174988297824,119,14
6,3035,marriage,0.23777665411676782,0.49636448782411513,-0.02777344056508127,6.211102967664998e-06,0.027779651668048935,0.00022358462379804353,161,14
6,3035,love,0.1309392362023941,0.49204549974147876,0.002236567341933917,0.02299947127652238,0.02076290393458846,1.1077193897285413,87,14
6,3035,wealth,0.19245025882499564,0.5119555555555556,0.013487186103533833,0.03200748788019392,0.018520301776660086,1.7282379231424083,125,14
6,3035,emotion,0.1918872384781476,0.4987390617403986,-0.005523663914452165,0.016536916745177765,0.02206058065962993,0.7496138474129158,121,14
6,3035,scandal,0.11584477993463661,0.5275201424020987,0.007553188922346833,0.027790894697369516,0.020237705775022683,1.3732235760782596,72,14
6,3035,duty,0.1271782397169394,0.48561866125760655,-0.010639246445429426,0.01177619350132938,0.022415439946758806,0.5253608016962797,85,14
6,3035,class,0.1468459026353763,0.47619302566299027,-0.024726560901864838,1.0100806044322337e-05,0.024736661707909162,0.00040833343493089163,99,14
6,3035,society,0.19569934551855003,0.49072247476913405,-0.016705246046772693,0.007641104715958534,0.024346350762731228,0.3138501038661405,131,14
6,3038,female,0.2245970805323882,0.4906766184467015,-0.021437781979894016,6.578860804463099e-06,0.02144436084069848,0.0003067874511638756,152,11
6,3038,male,0.19624009497274578,0.48622024987280227,-0.011272598894770475,0.007526202613494532,0.018798801508265007,0.40035544871226164,133,11
6,3038,family,0.1825783752657114,0.5153753809215995,-0.009905159388345998,0.008411623334061612,0.01831678272240761,0.4592303933000268,119,11
6,3038,marriage,0.23750022826104708,0.4845459923099675,-0.013625861154862473,0.006217314070632662,0.019843175225495134,0.31332254035287355,161,11
6,3038,love,0.13799670414718154,0.5148351429821421,-0.0057972256625438475,0.011505482632583159,0.017302708295127006,0.6649527019512036,87,11
6,3038,wealth,0.19006317214284543,0.4941185185185185,-0.0006607129073954096,0.016007743876097984,0.016668456783493393,0.960361482953235,125,11
6,3038,emotion,0.22424553118333027,0.5067452600875061,0.04040124067495591,0.049594221583114335,0.009192980908158427,5.394792186907135,121,11
6,3038,scandal,0.10789860721597455,0.5083380176128911,-0.018537482318586433,1.3888503097136193e-05,0.01855137082168357,0.0007486510420110904,72,11
6,3038,duty,0.12637011079735538,0.48223123732251527,-0.018955411546183,1.1764429072257124e-05,0.018967175975255258,0.000620252012581359,85,11
6,3038,class,0.14864810728634725,0.49091622943213054,0.004308942233101229,0.020211712894688996,0.015902770661587767,1.2709554406288635,99,11
6,3038,society,0.19353283460536197,0.4822168853818224,-0.011087289559718334,0.007641104715958534,0.01872839427567687,0.407995720459296,131,11
6,3052,female,0.3692028451971771,0.5900918231250641,0.1315818456399273,0.13158379495006645,1.949310139141758e-06,67502.71534794601,152,20
6,3052,male,0.1960398461236339,0.48524506755610836,-0.02818982852924554,0.007526202613494532,0.03571603114274007,0.21072337469986907,133,20
6,3052,family,0.17487678766014772,0.49281250961923234,-0.03662333072957855,8.403220113947665e-06,0.0366317339496925,0.00022939727956254193,119,20
6,3052,marriage,0.24114605224240726,0.4970053238686779,0.0012979551626052695,0.031061725941292653,0.029763770778687384,1.0436085592518767,161,20
6,3052,love,0.13315606408845973,0.5111561866125761,0.005080066887219497,0.0344934599204616,0.029413393033242103,1.172712712209212,87,20
6,3052,wealth,0.18515019096587704,0.5058518518518519,-0.027179034841110304,0.008007871874050014,0.03518690671516032,0.22758101297867805,125,20
6,3052,emotion,0.19005873941719725,0.5184735051045212,0.013754629106226764,0.041329895373630195,0.02757526626740343,1.4988031292733965,121,20
6,3052,scandal,0.10636609907120742,0.4810755105864718,-0.033714496898638445,1.3888503097136193e-05,0.03372838540173558,0.0004117749169223425,72,20
6,3052,duty,0.15079097755159743,0.5581744421906694,0.0059930837560777245,0.035305051645843626,0.0293119678897659,1.2044585944352688,85,20
6,3052,class,0.148280507842828,0.49992861476960415,-0.023459645903863898,0.010110906850366658,0.033570552754230557,0.30118380606024725,99,20
6,3052,society,0.19623970131497367,0.5047459759270377,0.000577211200314412,0.0305415184501,0.029964307249785587,1.0192632919721272,131,20
6,3104,female,0.21783250833128037,0.4640338052734174,-0.05384512395826608,0.006585439665267561,0.06043056362353364,0.1089753143158506,152,32
6,3104,male,0.18976193182116996,0.47166318050766015,-0.05074613470854562,0.007526202613494532,0.05827233732204015,0.12915566732413813,133,32
6,3104,family,0.1779343184317903,0.5029858097084988,0.0028070192177365103,0.05042772390379994,0.04762070468606343,1.0589453523458476,119,32
6,3104,marriage,0.2366069762741743,0.49373952479542543,-0.030706696243359578,0.024850622973627657,0.055557319216987235,0.44729701366839925,161,32
6,3104,love,0.12781121402408405,0.5040369088811995,-0.028905193413219187,0.02299947127652238,0.051904664689741566,0.4431099095535605,87,32
6,3104,wealth,0.1999158483524052,0.5571777777777778,-0.01984602377346663,0.03200748788019392,0.05185351165366055,0.6172675072299971,125,32
6,3104,emotion,0.18067415185460386,0.4953132596013612,-0.018406668070275883,0.033065569164146054,0.05147223723442194,0.6423961914247461,121,32
6,3104,scandal,0.1376816400078941,0.5156220723252763,0.008348835863193432,0.05556790089164191,0.04721906502844848,1.176810698326759,72,32
6,3104,duty,0.12541375334013238,0.4856085192697769,-0.041673622188961354,0.01177619350132938,0.05344981569029073,0.22032243421277553,85,32
6,3104,class,0.1589044519731776,0.49787628939572404,0.0028093525993112337,0.05051413102765601,0.04770477842834478,1.0588903814420216,99,32
6,3104,society,0.3650898850043356,0.6118949595448437,0.16822785339340246,0.18321094334437643,0.014983089950973966,12.227847789183103,131,32
6,3126,female,0.22643503521649974,0.4858417974761464,-0.00974192114504347,6.578860804463099e-06,0.009748500005847932,0.0006748587782573433,152,5
6,3126,male,0.1992233330579195,0.4878384871954322,-0.009392821916293743,7.518683929564969e-06,0.009400340600223309,0.0007998310112919236,133,5
6,3126,family,0.1780900214336747,0.48403976975405544,-0.009150903888651222,8.403220113947665e-06,0.00915930710876517,0.0009174515073294785,119,5
6,3126,marriage,0.2406901641455417,0.4894631765749778,-0.009916368569335223,6.211102967664998e-06,0.009922579672302888,0.0006259564722242773,161,5
6,3126,love,0.13047273355803302,0.48675575706956214,-0.008640725207829431,1.1493988643939221e-05,0.00865221919647337,0.0013284439958820863,87,5
6,3126,wealth,0.21002673350041767,0.5086148148148149,0.0203020740468194,0.02400761587814595,0.0037055418313265507,6.478840872529727,125,5
6,3126,emotion,0.18420907530238953,0.5087885877491493,0.0009178381634596978,0.008272590535693625,0.007354752372233927,1.1247952501840819,121,5
6,3126,scandal,0.10802954355585935,0.4884181187933295,-0.008419472598551763,1.3888503097136193e-05,0.0084333611016489,0.0016468526519958745,72,5
6,3126,duty,0.12873359870263892,0.4937829614604462,-0.008610619631672362,1.1764429072257124e-05,0.00862238406074462,0.0013644055968758083,85,5
6,3126,class,0.15080029619503305,0.49760859478173963,0.0030420272351002805,0.010110906850366658,0.007068879615266378,1.430340789380568,99,5
6,3126,society,0.1964658784365494,0.4880135517625869,0.00014862341439037408,0.007641104715958534,0.00749248130156816,1.0198363409114455,131,5
6,3207,female,0.21840965703370632,0.4401290140556069,0.006825996734854789,0.13158379495006645,0.12475779821521166,1.0547139884756942,152,84
6,3207,male,0.29209170129276785,0.5690471479450505,0.13346115518301999,0.2330867205004436,0.09962556531742363,2.3396275820915133,133,84
6,3207,family,0.16169314619152894,0.43561270662110996,-0.020787720507411817,0.10925026470143359,0.1300379852088454,0.8401411674068452,119,84
6,3207,marriage,0.24307519405058653,0.540440451542936,-0.04373344713522105,0.09317275561794262,0.13690620275316367,0.6805590524283897,161,84
6,3207,love,0.1333698231942968,0.4500855108777791,-0.03952576125719737,0.09196340314015769,0.13148916439735506,0.6993990992409725,87,84
6,3207,wealth,0.1701382815950913,0.4474296296296296,-0.05703166144684667,0.08000671989248172,0.13703838133932839,0.58382709362123,125,84
6,3207,emotion,0.16291309823056097,0.4566799343704424,-0.08368688770212399,0.057858547792598476,0.14154543549472245,0.40876307731129186,121,84
6,3207,scandal,0.10590151904072798,0.4971191680719505,-0.03261606755901447,0.09723341018305048,0.12984947774206496,0.748816336215442,72,84
6,3207,duty,0.11993054108269846,0.47004056795131843,-0.023419996983982408,0.10589162607938636,0.12931162306336877,0.8188871469556577,85,84
6,3207,class,0.13507099330635813,0.44964664310954067,-0.0534603615216714,0.08081654916062302,0.13427691068229441,0.6018648235900881,99,84
6,3207,society,0.1753318630423527,0.46217514366583756,-0.05272966334072163,0.08397581716309674,0.13670548050381837,0.6142827401871199,131,84
6,3212,female,0.22950171654292154,0.5015196983687288,0.0014664903247409693,0.01316430046973066,0.01169781014498969,1.1253645174130065,152,8
6,3212,male,0.19849397248778056,0.48678557295494373,-0.0056335223499454565,0.007526202613494532,0.013159724963439989,0.5719118472332608,133,8
6,3212,family,0.1965871611802616,0.5145365838643149,0.00582404121651562,0.01681484344800928,0.010990802231493658,1.5299013750149362,119,8
6,3212,marriage,0.24083154746770305,0.47517992704328105,-0.01586872590125057,6.211102967664998e-06,0.015874937004218236,0.0003912521331973382,161,8
6,3212,love,0.13036824035009154,0.48160521815216967,-0.013831018667021612,1.1493988643939221e-05,0.013842512655665551,0.000830339760491716,87,8
6,3212,wealth,0.1872957393483709,0.4831481481481481,-0.004956894923109998,0.008007871874050014,0.012964766797160012,0.6176641661758627,125,8
6,3212,emotion,0.1817922906439653,0.4885755955274671,-0.004596847444313804,0.008272590535693625,0.012869437980007429,0.6428089981786478,121,8
6,3212,scandal,0.10827067669172932,0.47554806070826305,-0.013478477458569097,1.3888503097136193e-05,0.013492365961666234,0.0010293600941129288,72,8
6,3212,duty,0.12994643471423656,0.502079107505071,-0.01378301558892768,1.1764429072257124e-05,0.013794780017999938,0.0008528174466032547,85,8
6,3212,class,0.1473713149437787,0.49767105685833607,-0.014125891646279167,1.0100806044322337e-05,0.01413599245232349,0.0007145452346324331,99,8
6,3212,society,0.19761922904127915,0.491644509248935,-0.005469333072663983,0.007641104715958534,0.013110437788622517,0.5828260534523723,131,8
6,3222,female,0.22489551114408093,0.4708756540473993,-0.0343520225668485,0.006585439665267561,0.04093746223211606,0.16086585015375762,152,22
6,3222,male,0.3453591685981872,0.5810602634405564,0.16541668544217727,0.16541856513435887,1.87969218160834e-06,88002.9606708581,133,22
6,3222,family,0.1749617781143268,0.4916428109705421,-0.01981689050168322,0.01681484344800928,0.0366317339496925,0.45902395640464644,119,22
6,3222,marriage,0.2388368036495513,0.46548111998422553,-0.03545117137188543,0.006217314070632662,0.04166848544251809,0.1492090246251036,161,22
6,3222,love,0.15449456045176263,0.5447042914528895,0.014843957711427994,0.045987448564400825,0.03114349085297283,1.476631145173452,87,22
6,3222,wealth,0.18446292712848036,0.4903555555555556,-0.021031007832229026,0.016007743876097984,0.03703875170832701,0.4321890759635658,125,22
6,3222,emotion,0.1777547675641365,0.4958449805542052,-0.03033204694725681,0.008272590535693625,0.038604637482950434,0.21429007173381404,121,22
6,3222,scandal,0.10568256483590519,0.4901630129286116,-0.037087166805316665,1.3888503097136193e-05,0.0371010553084138,0.00037434253503867873,72,22
6,3222,duty,0.13293219900723285,0.5254665314401623,0.00254481978457418,0.035305051645843626,0.032760231861269445,1.0776801517850396,85,22
6,3222,class,0.15389639041437156,0.5174804582931791,0.032344718945540626,0.06061493707197835,0.02827021812643772,2.1441269677770327,99,22
6,3222,society,0.195350258503948,0.5071189638905567,-0.003168093124388493,0.0305415184501,0.03370961157448849,0.9060181064888885,131,22
6,3242,female,0.23173558897243107,0.4866946239868677,-0.0004828198144007888,0.01316430046973066,0.013647120284131448,0.9646211211366824,152,9
6,3242,male,0.19957035445757249,0.47942223981005144,-0.007513214531553795,0.007526202613494532,0.015039417145048327,0.5004318013395934,133,9
6,3242,family,0.17782077743378052,0.490534675408625,-0.006242169142889022,0.008411623334061612,0.014653792476950634,0.5740236424610536,119,9
6,3242,marriage,0.2615218992619816,0.5264098392980381,0.01492804330132477,0.024850622973627657,0.009922579672302888,2.5044518453693336,161,9
6,3242,love,0.17453669472659977,0.5492582428508929,0.03733522936792746,0.045987448564400825,0.00865221919647337,5.315104427524227,87,9
6,3242,wealth,0.18691060985797828,0.47986666666666666,-0.016660456911491345,7.999872002047968e-06,0.016668456783493393,0.0004799407710910719,125,9
6,3242,emotion,0.2006821285989978,0.5107255712202237,0.013770033510578978,0.024801242954661906,0.011031209444082929,2.248279581502902,121,9
6,3242,scandal,0.10910931174089068,0.4927393666854037,0.0004100256385670929,0.013902391600233327,0.013492365961666234,1.0303894542070415,72,9
6,3242,duty,0.12627723154038942,0.4898275862068965,-0.015507147574679454,1.1764429072257124e-05,0.015518912003751712,0.0007580704799830678,85,9
6,3242,class,0.14793296372243742,0.4879983581397008,-0.015892669855543443,1.0100806044322337e-05,0.015902770661587767,0.0006351601402443095,99,9
6,3242,society,0.19699248120300752,0.4747191011235955,-0.016848108642080705,7.63347124471382e-06,0.01685574211332542,0.00045287067118962733,131,9
6,3258,female,0.24352866355525618,0.5287396121883657,0.02290841453417762,0.06579518690543544,0.04288677237125782,1.5341603778044253,152,32
6,3258,male,0.21133569657938212,0.5196591101814687,0.024440874180840844,0.06767567405001428,0.04323479986917343,1.56530559302304,133,32
6,3258,family,0.24196280312221122,0.5401006556468742,0.08468474111114574,0.11765348481538125,0.03296874370423552,3.5686371876128717,119,32
6,3258,marriage,0.27150500471613764,0.5488514246278221,0.034855080383068,0.07453944671494764,0.03968436633187964,1.8783075957342314,161,32
6,3258,love,0.12559155874353972,0.46415503321003854,-0.055353366340559075,1.1493988643939221e-05,0.055364860329203014,0.00020760440061417339,87,32
6,3258,wealth,0.18043674570263366,0.48732592592592594,-0.02969774076868129,0.02400761587814595,0.05370535664682724,0.44702460567529306,125,32
6,3258,emotion,0.17673567445440308,0.45140830092367523,-0.03861177756109317,0.016536916745177765,0.05514869430627094,0.299860530750544,121,32
6,3258,scandal,0.10571205193194488,0.45181047404909125,-0.03837567828823248,0.013902391600233327,0.05227806988846581,0.26593161586929015,72,32
6,3258,duty,0.12413423292515909,0.45278904665314407,-0.041673622188961354,0.01177619350132938,0.05344981569029073,0.22032243421277553,85,32
6,3258,class,0.14289518368510787,0.46455723310846986,-0.05652856866862185,1.0100806044322337e-05,0.05653866947466617,0.0001786530552981911,99,32
6,3258,society,0.19123914933873581,0.44287674757697915,-0.0599191083761641,7.63347124471382e-06,0.059926741847408815,0.0001273800478594934,131,32
6,3264,female,0.2258987958311732,0.47215809992818303,-0.0004828198144007888,0.01316430046973066,0.013647120284131448,0.9646211211366824,152,9
6,3264,male,0.21162722078337007,0.5231923794448528,-0.007513214531553795,0.007526202613494532,0.015039417145048327,0.5004318013395934,133,9
6,3264,family,0.20089822677376803,0.5344137655062025,-0.006242169142889022,0.008411623334061612,0.014653792476950634,0.5740236424610536,119,9
6,3264,marriage,0.2420467306444088,0.5120279996056393,-0.001462400855282129,0.012428417038297659,0.013890817893579788,0.8947217602749828,161,9
6,3264,love,0.12833516408044932,0.4421608399952273,-0.01556111648675234,1.1493988643939221e-05,0.015572610475396279,0.0007380900370789401,87,9
6,3264,wealth,0.18347359709710903,0.47841481481481485,-0.006808739916276688,0.008007871874050014,0.014816611790326702,0.5404657952054622,125,9
6,3264,emotion,0.17736546423402966,0.46091091395235784,-0.006435075980238302,0.008272590535693625,0.014707666515931927,0.5624679160470465,121,9
6,3264,scandal,0.11345932579070768,0.5077524826681655,0.0004100256385670929,0.013902391600233327,0.013492365961666234,1.0303894542070415,72,9
6,3264,duty,0.12687607127471173,0.4648073022312373,-0.015507147574679454,1.1764429072257124e-05,0.015518912003751712,0.0007580704799830678,85,9
6,3264,class,0.14698641304948692,0.4760591783559982,-0.004025085601956831,0.010110906850366658,0.01413599245232349,0.7152597798670655,99,9
6,3264,society,0.20739195970851088,0.495396975155102,0.01167026157911511,0.022908047205386174,0.011237785626271065,2.038484089765384,131,9
6,3309,female,0.22857142857142856,0.48050682261208577,-0.00974192114504347,6.578860804463099e-06,0.009748500005847932,0.0006748587782573433,152,5
6,3309,male,0.20140374638384373,0.5090875685454237,-0.009392821916293743,7.518683929564969e-06,0.009400340600223309,0.0007998310112919236,133,5
6,3309,family,0.1890019165560961,0.49729122418198046,0.011318526584701085,0.01681484344800928,0.005496316863308193,3.0592929525590074,119,5
6,3309,marriage,0.2428934655479278,0.4883663610371685,-0.0017211464910317767,0.006217314070632662,0.007938460561664439,0.7831888842370092,161,5
6,3309,love,0.1414398064125832,0.5157101380105795,0.017807447719510466,0.02299947127652238,0.005192023557011914,4.429770208001356,87,5
6,3309,wealth,0.1891919799498747,0.4963703703703704,-0.00925307693882458,7.999872002047968e-06,0.009261076810826628,0.0008638166127541378,125,5
6,3309,emotion,0.1815627411548272,0.5016103548857559,-0.009184716581948943,8.26432620948414e-06,0.009192980908158427,0.0008989822007843917,121,5
6,3309,scandal,0.10941606821541032,0.5062300918118794,-0.008419472598551763,1.3888503097136193e-05,0.0084333611016489,0.0016468526519958745,72,5
6,3309,duty,0.12781954887218044,0.4827586206896552,-0.008610619631672362,1.1764429072257124e-05,0.00862238406074462,0.0013644055968758083,85,5
6,3309,class,0.14881142249563303,0.4883285148302816,-0.008825557018486335,1.0100806044322337e-05,0.008835657824530658,0.0011431866470808807,99,5
6,3309,society,0.19699248120300752,0.4812734082397004,-0.009357499992674899,7.63347124471382e-06,0.009365133463919612,0.0008150947632842244,131,5
6,3316,female,0.22356057037304292,0.4864060736636914,-0.007061680618863887,0.006585439665267561,0.013647120284131448,0.4825515953312439,152,8
6,3316,male,0.21623574242160704,0.5167335632313867,0.01316322987240116,0.02256357047262447,0.009400340600223309,2.4002928648870627,133,8
6,3316,family,0.17673560024224746,0.4866100286268354,-0.014645389256836686,8.403220113947665e-06,0.014653792476950634,0.0005734501922687849,119,8
6,3316,marriage,0.23760368064072876,0.4725303164744158,-0.01586872590125057,6.211102967664998e-06,0.015874937004218236,0.0003912521331973382,161,8
6,3316,love,0.16527171301324678,0.551624706677803,0.012617154260318281,0.02299947127652238,0.010382317016204097,2.2152541902169745,87,8
6,3316,wealth,0.19446725703146753,0.49560000000000004,0.004894822072104664,0.016007743876097984,0.01111292180399332,1.4404622075992017,125,8
6,3316,emotion,0.2333614730677133,0.5521694214876033,0.03581337153732077,0.041329895373630195,0.005516523836309426,7.4920179070209585,121,8
6,3316,scandal,0.10776552155478301,0.4829960652051715,0.002096360591906203,0.013902391600233327,0.011806031008327124,1.1775669223001375,72,8
6,3316,duty,0.12605336871590742,0.4787018255578094,-0.01378301558892768,1.1764429072257124e-05,0.013794780017999938,0.0008528174466032547,85,8
6,3316,class,0.15045434169310934,0.510083163793411,-0.002258307392692555,0.010110906850366658,0.012369214243059213,0.8174251533578866,99,8
6,3316,society,0.1934837578803958,0.46845069617177,-0.014975456479729253,7.63347124471382e-06,0.014983089950973966,0.0005094724298647182,131,8
6,3322,female,0.29531010780820255,0.543391556376321,0.02437076262937596,0.02632202207865686,0.0019512594492808995,13.489760203271581,152,5
6,3322,male,0.19352973919140995,0.4834431002317825,-0.009392821916293743,7.518683929564969e-06,0.009400340600223309,0.0007998310112919236,133,5
6,3322,family,0.2041875944332938,0.5340136054421768,0.0010838113480249297,0.008411623334061612,0.007327811986036682,1.1479038148006873,119,5
6,3322,marriage,0.23945563868436456,0.4784765355417529,-0.009916368569335223,6.211102967664998e-06,0.009922579672302888,0.0006259564722242773,161,5
6,3322,love,0.1272783253377792,0.48108817563536566,-0.008640725207829431,1.1493988643939221e-05,0.00865221919647337,0.0013284439958820863,87,5
6,3322,wealth,0.18533340638445492,0.5123407407407407,-0.00925307693882458,7.999872002047968e-06,0.009261076810826628,0.0008638166127541378,125,5
6,3322,emotion,0.1993347704687253,0.5399398395721925,-0.009184716581948943,8.26432620948414e-06,0.009192980908158427,0.0008989822007843917,121,5
6,3322,scandal,0.1065721581752207,0.5211378115045906,-0.008419472598551763,1.3888503097136193e-05,0.0084333611016489,0.0016468526519958745,72,5
6,3322,duty,0.19046215004244843,0.575,0.01836650248434543,0.023540622573586505,0.005174120089241072,4.549686161708261,85,5
6,3322,class,0.14490059367968885,0.5137773494663954,-0.008825557018486335,1.0100806044322337e-05,0.008835657824530658,0.0011431866470808807,99,5
6,3322,society,0.1939259590420892,0.4828959030219858,0.00014862341439037408,0.007641104715958534,0.00749248130156816,1.0198363409114455,131,5
6,3355,female,0.2275375939849624,0.4895673027598235,-0.0175391617016105,6.578860804463099e-06,0.017545740562414962,0.0003749548661502973,152,9
6,3355,male,0.19899749373433584,0.4905025722200238,-0.016911590642727105,7.518683929564969e-06,0.01691910932665667,0.00044439005528941293,133,9
6,3355,family,0.1915966386554622,0.5119124572906086,0.014227261330463283,0.02521806356195694,0.010990802231493658,2.2944697783207513,119,9
6,3355,marriage,0.2468126838836221,0.48930296756383707,-0.009657622933585575,0.006217314070632662,0.015874937004218236,0.3916433853305355,161,9
6,3355,love,0.13082706766917293,0.4870242214532872,-0.01556111648675234,1.1493988643939221e-05,0.015572610475396279,0.0007380900370789401,87,9
6,3355,wealth,0.1901624060150376,0.4960666666666667,0.0030429770789379713,0.016007743876097984,0.012964766797160012,1.234711285232669,125,9
6,3355,emotion,0.18271473826062778,0.5013217063684978,0.003667478765170337,0.016536916745177765,0.012869437980007429,1.2849758295259481,121,9
6,3355,scandal,0.10827067669172932,0.4873524451939292,-0.015164812411908209,1.3888503097136193e-05,0.015178700915005346,0.000914999457067588,72,9
6,3355,duty,0.12796329057938963,0.5004361054766734,-0.002018586516670558,0.01177619350132938,0.013794780017999938,0.8536702640498578,85,9
6,3355,class,0.14826041404988774,0.4984562943926901,-0.015892669855543443,1.0100806044322337e-05,0.015902770661587767,0.0006351601402443095,99,9
6,3355,society,0.19652949166810157,0.4954327129256369,-0.007341985235015432,0.007641104715958534,0.014983089950973966,0.5099819022945828,131,9
6,3395,female,0.23358936657450052,0.523718836565097,-0.005599819844788235,0.01974316127419376,0.025342981118981995,0.7790386293042303,152,16
6,3395,male,0.21434793689869647,0.5248742156142235,-0.011272683691638866,0.0150448865430595,0.026317570234698367,0.5716670045265776,133,16
6,3395,family,0.1856878705509275,0.5046864899806076,-0.008827919765312286,0.01681484344800928,0.025642763213321564,0.6557344583916813,119,16
6,3395,marriage,0.23497119803426794,0.4956188997338065,-0.007156012551447828,0.018639520005962657,0.025795532557410485,0.7225871365034233,161,16
6,3395,love,0.12863097691783898,0.4322873165493378,-0.014447714761197486,0.011505482632583159,0.025953197393780644,0.4433165770510028,87,16
6,3395,wealth,0.18054243763539557,0.46442962962962964,-0.019771654868443532,0.008007871874050014,0.027779526742493548,0.28826523748917354,125,16
6,3395,emotion,0.18164830523647404,0.4837217428293631,-0.009200120986301165,0.016536916745177765,0.02573703773147893,0.6425338035040822,121,16
6,3395,scandal,0.10380570304769388,0.4534733932921118,-0.01139431903480669,0.013902391600233327,0.025296710635040017,0.5495730966865986,72,16
6,3395,duty,0.12259401243964019,0.4504563894523327,-0.014087510416932974,0.01177619350132938,0.025863703918262353,0.4553173643686393,85,16
6,3395,class,0.1440027511154753,0.46227290573580326,-0.01639253306680678,0.010110906850366658,0.026503439917173438,0.38149413365144347,99,16
6,3395,society,0.3010377846363913,0.5981073276724704,0.0841168071062424,0.09160928840781056,0.00749248130156816,12.22682909818008,131,16
6,3404,female,0.22857142857142856,0.4873294346978557,-0.015589851562468742,6.578860804463099e-06,0.015596430423273204,0.00042181836647853824,152,8
6,3404,male,0.2,0.48778195488721804,-0.015031898461118761,7.518683929564969e-06,0.015039417145048327,0.0004999318694701234,133,8
6,3404,family,0.1892820286009141,0.5036168313479238,0.01605875645319177,0.02521806356195694,0.00915930710876517,2.7532719734957647,119,8
6,3404,marriage,0.2554492291334397,0.5117260672384897,0.01691216241196322,0.024850622973627657,0.007938460561664439,3.1304083175147595,161,8
6,3404,love,0.13082706766917293,0.48875432525951557,-0.013831018667021612,1.1493988643939221e-05,0.013842512655665551,0.000830339760491716,87,8
6,3404,wealth,0.18760902255639098,0.4928888888888889,-0.004956894923109998,0.008007871874050014,0.012964766797160012,0.6176641661758627,125,8
6,3404,emotion,0.18104527051895475,0.4980174404472532,-0.014699402189722443,8.26432620948414e-06,0.014707666515931927,0.0005619060100370096,121,8
6,3404,scandal,0.10827067669172932,0.48903878583473864,-0.013478477458569097,1.3888503097136193e-05,0.013492365961666234,0.0010293600941129288,72,8
6,3404,duty,0.12781954887218044,0.48879310344827587,-0.01378301558892768,1.1764429072257124e-05,0.013794780017999938,0.0008528174466032547,85,8
6,3404,class,0.14887218045112782,0.48851590106007065,-0.014125891646279167,1.0100806044322337e-05,0.01413599245232349,0.0007145452346324331,99,8
6,3404,society,0.19612485412003292,0.4925093632958801,-0.014975456479729253,7.63347124471382e-06,0.014983089950973966,0.0005094724298647182,131,8
6,3415,female,0.2044185391063233,0.43416564070996205,-0.018757541453714433,0.006585439665267561,0.025342981118981995,0.259852605109475,152,14
6,3415,male,0.17769040939130223,0.3976694555938719,-0.007513299328422186,0.0150448865430595,0.022558185871481687,0.6669368994522064,133,14
6,3415,family,0.16238081016189337,0.4237618124172746,0.0050697857168208425,0.02521806356195694,0.0201482778451361,1.2516237742270908,119,14
6,3415,marriage,0.24246588688788603,0.5031179138321995,-0.0031877743301709296,0.018639520005962657,0.021827294336133587,0.8539546733583125,161,14
6,3415,love,0.11861288777405182,0.45396332975380815,-0.01098751912173603,0.011505482632583159,0.02249300175431919,0.5115138814170198,87,14
6,3415,wealth,0.20275817282577493,0.5098814814814814,0.003635469108319172,0.02400761587814595,0.02037214676982678,1.1784529214429782,125,14
6,3415,emotion,0.21214352522054283,0.5276950656295576,0.014681445576365127,0.033065569164146054,0.018384123587780927,1.7985937161739172,121,14
6,3415,scandal,0.0949366896181625,0.4330499344200862,-0.02359648717860377,1.3888503097136193e-05,0.023610375681700907,0.0005882372768558768,72,14
6,3415,duty,0.15048087422596734,0.5367342799188641,-0.010639246445429426,0.01177619350132938,0.022415439946758806,0.5253608016962797,85,14
6,3415,class,0.14347474839364643,0.5102348574080022,-0.0009913923946916064,0.020211712894688996,0.021203105289380603,0.9532430565186422,99,14
6,3415,society,0.22682532643812262,0.5555079051948423,0.0213192475814884,0.03817498969481382,0.01685574211332542,2.2648062266193265,131,14
6,3476,female,0.2301061389877179,0.5096119318764747,-0.0004828198144007888,0.01316430046973066,0.013647120284131448,0.9646211211366824,152,9
6,3476,male,0.19785018100807575,0.4818319294476794,-0.016911590642727105,7.518683929564969e-06,0.01691910932665667,0.00044439005528941293,133,9
6,3476,family,0.20465821416285812,0.5097115769384677,0.0346966918038156,0.04202450378985228,0.007327811986036682,5.7349320457724655,119,9
6,3476,marriage,0.24050472018833377,0.49963028689736766,-0.01785284501188902,6.211102967664998e-06,0.017859056114856685,0.0003477845036922354,161,9
6,3476,love,0.12989802091435487,0.48142624189635297,-0.01556111648675234,1.1493988643939221e-05,0.015572610475396279,0.0007380900370789401,87,9
6,3476,wealth,0.1874362689941637,0.4879703703703704,-0.006808739916276688,0.008007871874050014,0.014816611790326702,0.5404657952054622,125,9
6,3476,emotion,0.1808304182917186,0.49347502430724355,-0.016537630725646943,8.26432620948414e-06,0.016545895051856427,0.0004994789452660898,121,9
6,3476,scandal,0.13314232291869296,0.5376850290425333,0.015984863689042395,0.027790894697369516,0.011806031008327124,2.3539574540685066,72,9
6,3476,duty,0.1288969973954494,0.4887525354969573,0.01146997454133834,0.023540622573586505,0.012070648032248166,1.9502368479923122,85,9
6,3476,class,0.15073542441963497,0.4805296784095371,-0.004025085601956831,0.010110906850366658,0.01413599245232349,0.7152597798670655,99,9
6,3476,society,0.19986033786756968,0.48747748520456297,0.0021641381720498374,0.015274575960672354,0.013110437788622517,1.1650698630951017,131,9
6,3490,female,0.22911127634285822,0.5052965014876372,0.008288832151175787,0.03947974368758306,0.03119091153640727,1.2657451078412694,152,22
6,3490,male,0.1890801398440861,0.44852733337102146,-0.013152460670115603,0.02256357047262447,0.03571603114274007,0.6317490983759312,133,22
6,3490,family,0.1778899913289278,0.4813463847077293,0.000652539971669093,0.03362128367590461,0.03296874370423552,1.0197926853538393,119,22
6,3490,marriage,0.22574754584472123,0.42945874001774625,-0.019060727215278527,0.018639520005962657,0.037700247221241184,0.4944137341085209,161,22
6,3490,love,0.12499125022997978,0.4884659746251442,-0.02482830167958186,0.011505482632583159,0.03633378431216502,0.31666072912791293,87,22
6,3490,wealth,0.20440443337162742,0.5269037037037037,0.008524143153414952,0.04000735988224189,0.03148321672882694,1.2707519763804584,125,22
6,3490,emotion,0.19049299365313435,0.4994075109382596,-0.010126937456439528,0.024801242954661906,0.034928180411101434,0.7100639844974322,121,22
6,3490,scandal,0.10244150749936108,0.48308975079632754,-0.021512328754841367,0.013902391600233327,0.035414720355074696,0.39255968875238195,72,22
6,3490,duty,0.12836367519548803,0.49105476673428,0.00254481978457418,0.035305051645843626,0.032760231861269445,1.0776801517850396,85,22
6,3490,class,0.16624604486890923,0.5650854838133991,-0.02699320232239245,0.010110906850366658,0.03710410917275911,0.27250099990319476,99,22
6,3490,society,0.20165027514568026,0.5277325099351002,-0.003168093124388493,0.0305415184501,0.03370961157448849,0.9060181064888885,131,22
6,3574,female,0.2183593935444118,0.4853929414178721,-0.009498440123071748,0.01974316127419376,0.029241601397265508,0.6751737363934126,152,18
6,3574,male,0.1820120525243034,0.453601108033241,-0.033828820277202166,7.518683929564969e-06,0.03383633896113173,0.0002222073711337263,133,18
6,3574,family,0.1668689867956696,0.4539969834087481,-0.002256194774093112,0.02521806356195694,0.027474258336050054,0.9178796840513599,119,18
6,3574,marriage,0.24031832092333277,0.4845336685398797,0.005266193383882168,0.031061725941292653,0.025795532557410485,1.2041513727602866,161,18
6,3574,love,0.1325607622707035,0.5239032732768564,-0.017907910400658943,0.011505482632583159,0.029413393033242103,0.3911647533893439,87,18
6,3574,wealth,0.21118836126796384,0.5512888888888889,-0.003771910864347597,0.02400761587814595,0.027779526742493548,0.8642197579470628,125,18
6,3574,emotion,0.19289301030770825,0.5092215605250364,-0.002774023312741524,0.024801242954661906,0.02757526626740343,0.8994017578383248,121,18
6,3574,scandal,0.11312915137870899,0.542158516020236,0.0008078491089903821,0.027790894697369516,0.026983045588379134,1.0299391373488382,72,18
6,3574,duty,0.20866484379246364,0.6072210953346857,0.036418469843599074,0.05883390979035788,0.022415439946758806,2.6247046646184766,85,18
6,3574,class,0.1403143996986841,0.4745868579790841,-0.01992608948533534,0.010110906850366658,0.030036996335701997,0.33661511081293477,99,18
6,3574,society,0.26542710718548246,0.6374617605855276,0.013828638932082589,0.03817498969481382,0.024346350762731228,1.5679963730615072,131,18
6,3601,female,0.22960789708005183,0.5167551554324408,0.0036592814858544508,0.03290088288311996,0.029241601397265508,1.1251395720438042,152,20
6,3601,male,0.26919919123831737,0.5659237379162191,0.04699718036014093,0.06767567405001428,0.02067849368987335,3.272756471612997,133,20
6,3601,family,0.1762802489502261,0.499630621479361,-0.005919185019550091,0.02521806356195694,0.031137248581507033,0.8099001906072234,119,20
6,3601,marriage,0.2335563181543297,0.4522269052548556,-0.015092488994001629,0.018639520005962657,0.033732008999964286,0.5525766344195454,161,20
6,3601,love,0.1251154084174444,0.43876029113470943,-0.03459219250379035,1.1493988643939221e-05,0.03460368649243429,0.0003321608131584504,87,20
6,3601,wealth,0.17769749831400736,0.4495777777777778,-0.027179034841110304,0.008007871874050014,0.03518690671516032,0.22758101297867805,125,20
6,3601,emotion,0.1859069125667154,0.44697222897423433,-0.006450480384590528,0.024801242954661906,0.031251723339252434,0.7935960101988275,121,20
6,3601,scandal,0.10338580037926588,0.47716413715570544,-0.033714496898638445,1.3888503097136193e-05,0.03372838540173558,0.0004117749169223425,72,20
6,3601,duty,0.1275764057003785,0.517576064908722,-0.020984038359940067,0.01177619350132938,0.032760231861269445,0.35946612193829547,85,20
6,3601,class,0.15030405518219447,0.46209444265981375,-0.011592061650277284,0.020211712894688996,0.03180377454496628,0.6355130226909648,99,20
6,3601,society,0.19273052441430613,0.45837979243502874,-0.008928912206750864,0.022908047205386174,0.03183695941213704,0.7195425576958056,131,20
6,3605,female,0.23165365336417967,0.49610136452241715,0.00804535112920407,0.01974316127419376,0.01169781014498969,1.6877655755904213,152,9
6,3605,male,0.23654785064559503,0.5230793148284244,0.030080289913139442,0.03760093833175441,0.007520648418614969,4.9996936745089124,133,9
6,3605,family,0.1776194178897869,0.5012928248222366,-0.006242169142889022,0.008411623334061612,0.014653792476950634,0.5740236424610536,119,9
6,3605,marriage,0.25910161027173506,0.5233535443162772,0.01492804330132477,0.024850622973627657,0.009922579672302888,2.5044518453693336,161,9
6,3605,love,0.12973525768444097,0.4905739171936523,-0.01556111648675234,1.1493988643939221e-05,0.015572610475396279,0.0007380900370789401,87,9
6,3605,wealth,0.18630506335769492,0.4856592592592593,-0.016660456911491345,7.999872002047968e-06,0.016668456783493393,0.0004799407710910719,125,9
6,3605,emotion,0.18819956429722826,0.49135573650947983,-0.006435075980238302,0.008272590535693625,0.014707666515931927,0.5624679160470465,121,9
6,3605,scandal,0.11139654692286272,0.4861111111111111,0.0004100256385670929,0.013902391600233327,0.013492365961666234,1.0303894542070415,72,9
6,3605,duty,0.12749226006191952,0.4844016227180527,-0.015507147574679454,1.1764429072257124e-05,0.015518912003751712,0.0007580704799830678,85,9
6,3605,class,0.14887218045112782,0.47703180212014135,-0.015892669855543443,1.0100806044322337e-05,0.015902770661587767,0.0006351601402443095,99,9
6,3605,society,0.19699248120300752,0.4756554307116105,-0.016848108642080705,7.63347124471382e-06,0.01685574211332542,0.00045287067118962733,131,9
6,3608,female,0.2851901636754858,0.5170821791320407,0.05604668689958751,0.06579518690543544,0.009748500005847932,6.74926264135169,152,15
6,3608,male,0.2192784500213607,0.5706512521906271,-0.018791367621203835,0.007526202613494532,0.026317570234698367,0.28597634759175616,133,15
6,3608,family,0.1805088350381633,0.5142364638162957,-0.017231139879259953,0.008411623334061612,0.025642763213321564,0.32803108088459415,119,15
6,3608,marriage,0.22922796253898267,0.44222616582865026,-0.021562337597416274,0.006217314070632662,0.027779651668048935,0.22380820842184154,161,15
6,3608,love,0.16432415859923638,0.5069005289742672,0.013730555985873139,0.0344934599204616,0.02076290393458846,1.661302293141106,87,15
6,3608,wealth,0.1966025105965712,0.5195407407407407,0.0017836241151524788,0.02400761587814595,0.022223991762993472,1.0802566943460736,125,15
6,3608,emotion,0.1845992231163525,0.4867069761789013,0.002740662295031976,0.024801242954661906,0.02206058065962993,1.124233461312424,121,15
6,3608,scandal,0.10373756931609025,0.48871088626569237,-0.02528282213194288,1.3888503097136193e-05,0.025296710635040017,0.0005490240726139847,72,15
6,3608,duty,0.1386843537875174,0.48758620689655174,0.0281023047428455,0.047069480718100756,0.018967175975255258,2.481628302338017,85,15
6,3608,class,0.14936618264130147,0.5290359424635044,-0.026493339111129114,1.0100806044322337e-05,0.026503439917173438,0.0003811130206308127,99,15
6,3608,society,0.188621673863383,0.5052891900391685,-0.018577898209124144,0.007641104715958534,0.02621900292508268,0.2914338404667997,131,15
6,3617,female,0.3278395768052016,0.5912267877295578,0.10307312393983875,0.13816265575452955,0.03508953181469079,3.9374322940595103,152,39
6,3617,male,0.24646358842572713,0.5587017355418622,0.0488765333542757,0.09775040976827415,0.04887387641399845,2.000054363158238,133,39
6,3617,family,0.264970032785811,0.5897666759011297,0.09233370572539865,0.1344599250432766,0.04212621931787796,3.191834615526993,119,39
6,3617,marriage,0.2667096786747621,0.5476560189293109,0.029161468686902288,0.08075054968261262,0.051589080995710336,1.565264356768864,161,39
6,3617,love,0.11854579083321479,0.4162192260271248,-0.0013436187603244262,0.05748143720834004,0.05882505596866447,0.977159073813422,87,39
6,3617,wealth,0.25681998600594425,0.5377777777777777,0.05585651423129846,0.10400633589862562,0.04814982166732716,2.1600565130865426,125,39
6,3617,emotion,0.1907574854388167,0.5227196767136607,-0.011069158330930098,0.049594221583114335,0.060663379914044434,0.8175314605379421,121,39
6,3617,scandal,0.1240072758979441,0.5746557054525013,0.012119329240294956,0.0694564039887781,0.057337074748483145,1.211369856105263,72,39
6,3617,duty,0.11741192472736063,0.4478904665314402,-0.05374254608922376,0.01177619350132938,0.06551873959055314,0.17973779066481918,85,39
6,3617,class,0.16158393494510548,0.505032658742906,0.03791224214880774,0.09091735520494536,0.053005113056137615,1.7152563207805953,99,39
6,3617,society,0.19936846196301106,0.5402693198387511,-0.015990933070232624,0.04580846093952764,0.06179939400976026,0.7412445004161635,131,39
6,3646,female,0.22778273122813905,0.4821227044218734,-0.012178680649251336,0.01316430046973066,0.025342981118981995,0.5194456172068526,152,15
6,3646,male,0.2270394779152371,0.5025015546384759,0.028200512934662712,0.04511962226131938,0.01691910932665667,2.6667847217917675,133,15
6,3646,family,0.1779883381924198,0.4761596946470896,-0.006996424642583796,0.01681484344800928,0.023811268090593075,0.7061716907864312,119,15
6,3646,marriage,0.24030446598070848,0.49132406585822735,-0.013367115519112826,0.012428417038297659,0.025795532557410485,0.4818050183749917,161,15
6,3646,love,0.12948103016161092,0.4926222010102215,-0.012717616941466758,0.011505482632583159,0.024223099574049917,0.47497978518132933,87,15
6,3646,wealth,0.19971033058802445,0.5139851851851852,0.01163534111036714,0.03200748788019392,0.02037214676982678,1.5711396663423378,125,15
6,3646,emotion,0.17903723123284684,0.49977211959163825,-0.017464447195785306,0.008272590535693625,0.02573703773147893,0.32142745492632996,121,15
6,3646,scandal,0.10698535101613332,0.5136546749109987,-0.02528282213194288,1.3888503097136193e-05,0.025296710635040017,0.0005490240726139847,72,15
6,3646,duty,0.12473434384470623,0.47957403651115615,-0.025851939489190096,1.1764429072257124e-05,0.025863703918262353,0.0004548625018667726,85,15
6,3646,class,0.17482705713080138,0.5302494913802335,0.03284458215680397,0.05051413102765601,0.017669548870852047,2.8588240364260833,99,15
6,3646,society,0.19357682962544354,0.46826485976498844,-0.018577898209124144,0.007641104715958534,0.02621900292508268,0.2914338404667997,131,15
6,3711,female,0.20810700829384018,0.4289653226633836,-0.04921557329294473,0.01316430046973066,0.06237987376267539,0.21103441984514568,152,34
6,3711,male,0.18022685621148285,0.4172508338515461,-0.0639038951829356,7.518683929564969e-06,0.06391141386686516,0.0001176422719282914,133,34
6,3711,family,0.176775133730262,0.48941114907501454,-0.03156011673774893,0.02521806356195694,0.05677818029970587,0.44415061258388777,119,34
6,3711,marriage,0.409595211542379,0.6388395938085378,0.13742472917973592,0.1552837852945926,0.017859056114856685,8.694960376809577,161,34
6,3711,love,0.12970684964596588,0.5071988227339617,-0.005917216125340741,0.045987448564400825,0.051904664689741566,0.8859983748744606,87,34
6,3711,wealth,0.19553324972719383,0.5469333333333333,-0.003846279769370693,0.048007231884289854,0.05185351165366055,0.9258241216913803,125,34
6,3711,emotion,0.19629403317576694,0.550650218765192,-0.011980570396716246,0.041329895373630195,0.05331046577034644,0.7752679474026352,121,34
6,3711,scandal,0.09863540873390281,0.48016207607270006,-0.05732318624538601,1.3888503097136193e-05,0.057337074748483145,0.00024222552611582942,72,34
6,3711,duty,0.12473376840368824,0.5018661257606492,-0.03163332510245599,0.023540622573586505,0.055173947676042494,0.42666192224236293,85,34
6,3711,class,0.13745866274062005,0.47594317735660496,-0.04819454083356378,0.010110906850366658,0.05830544768393044,0.17341272988767242,99,34
6,3711,society,0.2397703943520434,0.5716041970437716,0.02189069796272044,0.0687088746736691,0.04681817671094866,1.4675683569739193,131,34
6,3722,female,0.22309474155642406,0.4570508874525495,-0.009742408466166141,0.05263746529650925,0.06237987376267539,0.8438212859475315,152,40
6,3722,male,0.18240169326270173,0.4667731358471366,-0.03758854382789241,0.03008225440218944,0.06767079823008185,0.44453819355676477,133,40
6,3722,family,0.16392345324098528,0.4196447809893188,-0.0323143722374437,0.03362128367590461,0.06593565591334831,0.5099105060785215,119,40
6,3722,marriage,0.21772383417059113,0.44529478458049887,-0.07936053744168096,6.211102967664998e-06,0.07936674854464863,7.825825149045403e-05,161,40
6,3722,love,0.17329443924654392,0.5346219623752138,0.04982262927462463,0.10345739178409692,0.05363476250947229,1.9289242077635127,87,40
6,3722,wealth,0.18953042443151502,0.5078222222222222,-0.024809066723585495,0.04000735988224189,0.06481642660582738,0.6172410602781941,125,40
6,3722,emotion,0.18689081126898796,0.5126245746232377,-0.0028048321214459576,0.057858547792598476,0.060663379914044434,0.9537639985379324,121,40
6,3722,scandal,0.09782678334631381,0.48168446692898625,-0.05186635791494538,0.013902391600233327,0.0657687495151787,0.21138293950401812,72,40
6,3722,duty,0.18239394008176718,0.5972819472616633,0.10639605462113123,0.15294934236841487,0.046553287747283636,3.2854681111980955,85,40
6,3722,class,0.13686293131808447,0.4562587000749545,-0.01132487307480299,0.05051413102765601,0.061839004102459,0.8168652092641071,99,40
6,3722,society,0.21013115046828124,0.5243302741801756,0.02966703180274228,0.08397581716309674,0.05430878536035446,1.546265794831291,131,40
6,3737,female,0.22483642903931908,0.44979224376731297,-0.03703226309302808,6.578860804463099e-06,0.037038841953832544,0.00017762058577548858,152,19
6,3737,male,0.195101121191377,0.47207303974221265,-0.026310136347637198,0.007526202613494532,0.03383633896113173,0.22242957850485998,133,19
6,3737,family,0.1920497718546424,0.5086803952350171,0.016381740576530714,0.04202450378985228,0.025642763213321564,1.6388445909129428,119,19
6,3737,marriage,0.2372321042801592,0.477114758947057,-0.01310836988336318,0.018639520005962657,0.03174788988932584,0.587110515702099,161,19
6,3737,love,0.19924554233007097,0.5785308038022511,0.04648242409796008,0.06897542585227927,0.02249300175431919,3.0665282741094275,87,19
6,3737,wealth,0.1858042242475679,0.485362962962963,-0.015475472852728954,0.016007743876097984,0.03148321672882694,0.5084532502974,125,19
6,3737,emotion,0.19255798669380753,0.5169543023821098,0.015592857642151264,0.041329895373630195,0.02573703773147893,1.6058528492373392,121,19
6,3737,scandal,0.11891795460874408,0.4857597901442758,-0.0008784858443487281,0.027790894697369516,0.028669380541718244,0.9693580458064046,72,19
6,3737,duty,0.12555602081844727,0.497160243407708,-0.0192599063741883,0.01177619350132938,0.031036099875517677,0.37943535264362915,85,19
6,3737,class,0.14600709411511775,0.4610593568190741,-0.021692867694599622,0.010110906850366658,0.03180377454496628,0.317915310201727,99,19
6,3737,society,0.19147614468836996,0.494896646367613,-0.016562383451464685,0.015274575960672354,0.03183695941213704,0.47977496099610356,131,19
6,3740,female,0.22023533621254987,0.46621396327075,-0.02484944021423409,0.03947974368758306,0.06432918390181715,0.6137143562589814,152,39
6,3740,male,0.19411597960707347,0.498537226524959,-0.01691209942393744,0.04511962226131938,0.06203172168525682,0.7273636944904541,133,39
6,3740,family,0.17539992316978234,0.48260073260073255,-0.020248161878039052,0.04202450378985228,0.06227266566789133,0.6748467138583705,119,39
6,3740,marriage,0.22749084085420618,0.4615067041309278,-0.06098597417443561,0.012428417038297659,0.07341439121273327,0.16929129061513942,161,39
6,3740,love,0.13501635592544567,0.5211390844370203,-0.0013436187603244262,0.05748143720834004,0.05882505596866447,0.977159073813422,87,39
6,3740,wealth,0.2080696700912033,0.5343111111111111,0.006597929255225163,0.06400697588838579,0.057409046633160626,1.1149283891835113,125,39
6,3740,emotion,0.18860016781025918,0.49412828147788035,-0.0009666035855214611,0.057858547792598476,0.05882515137811994,0.9835681921106869,121,39
6,3740,scandal,0.1127255589734923,0.5366779089376055,-0.0034555088101803424,0.05556790089164191,0.05902340970182225,0.9414552831058299,72,39
6,3740,duty,0.13703097323630103,0.5191987829614605,0.013700259200820734,0.070598338862615,0.05689807966179427,1.2407859681911084,85,39
6,3740,class,0.2772159383962136,0.653647785273227,0.15658808468467392,0.19192541564816876,0.03533733096349483,5.431236893386366,99,39
6,3740,society,0.19333239229429042,0.4980987506075421,-0.044509303291428444,0.022908047205386174,0.06741735049681462,0.33979453414041766,131,39
6,3754,female,0.21353033283471368,0.4607058582127834,-0.040931370692434264,0.05263746529650925,0.09356883598894351,0.5625533837159902,152,56
6,3754,male,0.28373591481253446,0.5925575216236079,0.12030390348984032,0.1804559329934888,0.06015202950364849,2.9999974145434836,133,56
6,3754,family,0.20490020523490765,0.5067565487733555,0.06119828863901436,0.1344599250432766,0.07326163640426225,1.8353388163415167,119,56
6,3754,marriage,0.24718870451348848,0.5084294587400178,-0.012763778272254792,0.07453944671494764,0.08730322498720243,0.853799464166649,161,56
6,3754,love,0.128291767158239,0.4219464662132602,-0.030755281695746796,0.05748143720834004,0.08823671890408684,0.6514457690813596,87,56
6,3754,wealth,0.18388058953499004,0.44785185185185183,-0.03473515262382325,0.056007103886337825,0.09074225651016107,0.6172108347277995,125,56
6,3754,emotion,0.19362912954549188,0.509008872143899,-0.0019088244600120458,0.08265152642105089,0.08456035088106294,0.9774264836758506,121,56
6,3754,scandal,0.1027377858448154,0.47866310661420275,-0.03212320301694525,0.05556790089164191,0.08769110390858716,0.6336777439697249,72,56
6,3754,duty,0.11857286094073777,0.44393509127789044,-0.042587106672977215,0.047069480718100756,0.08965658739107797,0.5249974607248971,85,56
6,3754,class,0.14551732564250555,0.48577649284363067,-0.027725740169444832,0.06061493707197835,0.08834067724142318,0.6861497892487255,99,56
6,3754,society,0.176503401985004,0.43182662892758095,-0.08585051345846839,0.015274575960672354,0.10112508941914075,0.1510463530688376,131,56
6,3764,female,0.22337964182436604,0.5254950241099826,-0.03995647196230205,0.02632202207865686,0.06627849404095891,0.3971427302194462,152,38
6,3764,male,0.21820529863968302,0.5457205042681892,-0.005634031131155806,0.052638306190884346,0.05827233732204015,0.9033155114248664,133,38
6,3764,family,0.16943332467174324,0.47606735001692985,-0.018416666755310562,0.04202450378985228,0.06044117054516284,0.6952959946028087,119,38
6,3764,marriage,0.2183160077921177,0.45975056689342403,-0.01802574467227993,0.04348393187662265,0.06150967654890258,0.7069445706049892,161,38
6,3764,love,0.18557003894100105,0.6140476474565485,0.06650691137775602,0.11495138042803614,0.04844446905028011,2.3728483907286964,87,38
6,3764,wealth,0.16958823784696223,0.41185185185185186,-0.050660527722896094,0.016007743876097984,0.06666827159899408,0.24011037772425772,125,38
6,3764,emotion,0.1651255087956225,0.47368740884783667,-0.049641148776640165,0.016536916745177765,0.06617806552181793,0.24988516383084516,121,38
6,3764,scandal,0.10112494869821434,0.4456389357316845,-0.032918849957791846,0.027790894697369516,0.060709744655161366,0.45776662140101837,72,38
6,3764,duty,0.12144398393607875,0.45070993914807306,-0.025041291987454188,0.035305051645843626,0.060346343633297814,0.5850404435402781,85,38
6,3764,class,0.16517028273229956,0.5275725452403898,0.0278114361044854,0.08081654916062302,0.053005113056137615,1.5246934587896392,99,38
6,3764,society,0.22666964736036926,0.5657717928924721,0.00489396590624936,0.061075403428955274,0.056181437522705914,1.0871100157090914,131,38
6,3782,female,0.22115528741677393,0.46726556889299276,-0.011691231284185227,6.578860804463099e-06,0.01169781014498969,0.0005624010581774146,152,6
6,3782,male,0.19461282165880597,0.48381762677370116,-0.0018741379867287765,0.007526202613494532,0.009400340600223309,0.8006308423032154,133,6
6,3782,family,0.1752009757937115,0.4914581217102226,-0.01098239901137971,8.403220113947665e-06,0.010990802231493658,0.0007645684033058152,119,6
6,3782,marriage,0.23615535760075765,0.47701000690131123,-0.011900487679973674,6.211102967664998e-06,0.011906698782941339,0.0005216477783113119,161,6
6,3782,love,0.1305400720668681,0.4960923517480015,-0.010370823027560159,1.1493988643939221e-05,0.010382317016204097,0.0011070735583293227,87,6
6,3782,wealth,0.1808880931819571,0.4678666666666667,-0.01110492193199127,7.999872002047968e-06,0.01111292180399332,0.0007198711682154931,125,6
6,3782,emotion,0.19068821667900243,0.5079074501701507,-0.0009203903724648022,0.008272590535693625,0.009192980908158427,0.899881182985176,121,6
6,3782,scandal,0.10579586616301387,0.47824152145400034,-0.010105807551890875,1.3888503097136193e-05,0.010119696054988012,0.001372422948307633,72,6
6,3782,duty,0.1274689043405497,0.5094421906693712,-0.010334751617424136,1.1764429072257124e-05,0.010346516046496394,0.0011370425579249773,85,6
6,3782,class,0.16376509280347432,0.5126976478566585,0.013142833279422618,0.020211712894688996,0.007068879615266378,2.8592526668836333,99,6
6,3782,society,0.2764338191677095,0.5772293221259684,0.026794341473234742,0.0305415184501,0.0037471769768652554,8.150540695171362,131,6
6,3837,female,0.22857142857142856,0.48830409356725146,-0.00974192114504347,6.578860804463099e-06,0.009748500005847932,0.0006748587782573433,152,5
6,3837,male,0.2,0.4887218045112782,-0.009392821916293743,7.518683929564969e-06,0.009400340600223309,0.0007998310112919236,133,5
6,3837,family,0.1850403319222426,0.5044479330193615,0.011318526584701085,0.01681484344800928,0.005496316863308193,3.0592929525590074,119,5
6,3837,marriage,0.2412916348843122,0.492162082224194,-0.009916368569335223,6.211102967664998e-06,0.009922579672302888,0.0006259564722242773,161,5
6,3837,love,0.13082706766917293,0.48961937716262977,-0.008640725207829431,1.1493988643939221e-05,0.00865221919647337,0.0013284439958820863,87,5
6,3837,wealth,0.2115844611528822,0.5136740740740743,0.0203020740468194,0.02400761587814595,0.0037055418313265507,6.478840872529727,125,5
6,3837,emotion,0.18195488721804512,0.4889705882352941,-0.009184716581948943,8.26432620948414e-06,0.009192980908158427,0.0008989822007843917,121,5
6,3837,scandal,0.10827067669172932,0.48988195615514335,-0.008419472598551763,1.3888503097136193e-05,0.0084333611016489,0.0016468526519958745,72,5
6,3837,duty,0.12738530819026175,0.49630831643002027,-0.008610619631672362,1.1764429072257124e-05,0.00862238406074462,0.0013644055968758083,85,5
6,3837,class,0.1483785220627326,0.49527072848627623,-0.008825557018486335,1.0100806044322337e-05,0.008835657824530658,0.0011431866470808807,99,5
6,3837,society,0.19602058581568427,0.498141635932184,-0.009357499992674899,7.63347124471382e-06,0.009365133463919612,0.0008150947632842244,131,5
6,3839,female,0.22782872694820908,0.495953883246127,-0.011935199627279618,0.03290088288311996,0.044836082510399576,0.7338036920320795,152,28
6,3839,male,0.19916603273423428,0.47691361863304876,-0.005633861537419023,0.03760093833175441,0.04323479986917343,0.8696915087999361,133,28
6,3839,family,0.17280504822152123,0.4539277249361283,-0.041040576474730306,0.008411623334061612,0.04945219980879192,0.17009603953747768,119,28
6,3839,marriage,0.23199542643047813,0.44452454895001475,-0.047355886035716124,0.006217314070632662,0.053573200106348785,0.11605269161025562,161,28
6,3839,love,0.13796521263685585,0.5095354571849023,0.004463370793043625,0.045987448564400825,0.0415240777713572,1.1074887398225353,87,28
6,3839,wealth,0.19020108381565684,0.5145185185185185,-0.002586926805585199,0.04000735988224189,0.04259428668782709,0.9392658732499968,125,28
6,3839,emotion,0.299964673415973,0.6219919786096256,0.10007434827291717,0.1239731574684716,0.02389880919555443,5.18741986049854,121,28
6,3839,scandal,0.11290487890104042,0.5458708075697958,-0.04720517652535134,1.3888503097136193e-05,0.04721906502844848,0.0002941291422961157,72,28
6,3839,duty,0.15561677269371307,0.5366125760649088,0.04615427210209913,0.08236276793487213,0.036208495832773,2.274680735509851,85,28
6,3839,class,0.1413728398385247,0.4774779598101153,-0.04946145583156474,1.0100806044322337e-05,0.04947155663760906,0.00020417400887764607,99,28
6,3839,society,0.19114768679342262,0.43365640277896905,-0.052428499726758296,7.63347124471382e-06,0.05243613319800301,0.00014557654767836616,131,28
6,3867,female,0.2271978181437443,0.47467810608392325,-0.011447750262213511,0.01974316127419376,0.03119091153640727,0.6329780151027578,152,19
6,3867,male,0.20998437133705006,0.47960596981174747,-0.016911760236463888,0.0150448865430595,0.03195664677952339,0.4707905258767295,133,19
6,3867,family,0.1723572833236355,0.44958752731861973,-0.014322405133497754,0.01681484344800928,0.031137248581507033,0.5400234193285752,119,19
6,3867,marriage,0.24437391874755546,0.5262434684018535,0.0032820742732437187,0.031061725941292653,0.027779651668048935,1.1181467036140156,161,19
6,3867,love,0.16703325030325192,0.5775862068965518,-0.006413921756719725,0.02299947127652238,0.029413393033242103,0.781938732799278,87,19
6,3867,wealth,0.18893516166209823,0.4962222222222222,-0.015475472852728954,0.016007743876097984,0.03148321672882694,0.5084532502974,125,19
6,3867,emotion,0.20121049221684498,0.5524808580456976,0.015592857642151264,0.041329895373630195,0.02573703773147893,1.6058528492373392,121,19
6,3867,scandal,0.11663110433970392,0.5544781712572606,-0.0008784858443487281,0.027790894697369516,0.028669380541718244,0.9693580458064046,72,19
6,3867,duty,0.15857745579345256,0.5258113590263692,0.0346943378578473,0.05883390979035788,0.024139571932510578,2.43723915040451,85,19
6,3867,class,0.1411064888200309,0.4629242959631652,-0.021692867694599622,0.010110906850366658,0.03180377454496628,0.317915310201727,99,19
6,3867,society,0.18436500386347018,0.4530191268547903,-0.026068506858529957,0.007641104715958534,0.03370961157448849,0.22667436255820475,131,19
6,3883,female,0.21863121154737228,0.5006540473991998,-0.04653582008788783,0.07237404770989854,0.11890986779778637,0.6086462717490062,152,72
6,3883,male,0.19132101727722492,0.4558058680535926,-0.05074681308349274,0.06767567405001428,0.11842248713350702,0.5714765471286435,133,72
6,3883,family,0.17392632483398157,0.5016160310277958,-0.029513924744698397,0.0840406043595906,0.113554529104289,0.7400902898524394,119,72
6,3883,marriage,0.22291120167669237,0.4512964606132308,-0.019924017807559646,0.09317275561794262,0.11309677342550227,0.8238321288493028,161,72
6,3883,love,0.15031341967591122,0.5089686990414828,0.0341317584342512,0.1379393577159146,0.10380759928166339,1.328798263991367,87,72
6,3883,wealth,0.18769507761878182,0.5166074074074074,-0.015106087538417037,0.09600646389657766,0.1111125514349947,0.8640469744939774,125,72
6,3883,emotion,0.17220141056969085,0.49705274671852206,-0.03132048103480406,0.08265152642105089,0.11397200745585495,0.7251914594233967,121,72
6,3883,scandal,0.11777775207990412,0.5205874086565486,0.01876962798200546,0.12501041637732285,0.10624078839531739,1.1766706390674344,72,72
6,3883,duty,0.1463204598934158,0.568498985801217,0.037735270019065584,0.14118491329615773,0.10344964327709215,1.3647694551891885,85,72
6,3883,class,0.16953799543117656,0.516454295606239,0.03894648251101965,0.14142138542655705,0.1024749029155374,1.3800587402531168,99,72
6,3883,society,0.23055007973383335,0.5693598650541785,0.06480339667814855,0.16031052961023495,0.0955071329320864,1.678518919864872,131,72
6,3904,female,0.2459181685187877,0.5230840258541091,0.018522832211950686,0.02632202207865686,0.0077991898667061745,3.3749687499784446,152,8
6,3904,male,0.21942355889724313,0.5051020408163265,0.02256160598357447,0.03008225440218944,0.007520648418614969,3.999954887364559,133,8
6,3904,family,0.18513937043348805,0.5073875704127805,0.00582404121651562,0.01681484344800928,0.010990802231493658,1.5299013750149362,119,8
6,3904,marriage,0.2405674512367876,0.49641378290446614,-0.01586872590125057,6.211102967664998e-06,0.015874937004218236,0.0003912521331973382,161,8
6,3904,love,0.13189871229798636,0.5024460088294953,-0.0006069322033516664,0.011505482632583159,0.012112414835934825,0.9498917257605043,87,8
6,3904,wealth,0.18796992481203006,0.4814814814814815,-0.014808611918324653,7.999872002047968e-06,0.014816611790326702,0.0005399258693361262,125,8
6,3904,emotion,0.18195488721804512,0.48161764705882354,-0.014699402189722443,8.26432620948414e-06,0.014707666515931927,0.0005619060100370096,121,8
6,3904,scandal,0.10827067669172932,0.4831365935919056,-0.013478477458569097,1.3888503097136193e-05,0.013492365961666234,0.0010293600941129288,72,8
6,3904,duty,0.12913728959075887,0.4962474645030426,-0.0002944545309187859,0.01177619350132938,0.012070648032248166,0.9756057395503769,85,8
6,3904,class,0.14887218045112782,0.4823321554770318,-0.014125891646279167,1.0100806044322337e-05,0.01413599245232349,0.0007145452346324331,99,8
6,3904,society,0.19515008896286518,0.49052234325413846,-0.014975456479729253,7.63347124471382e-06,0.014983089950973966,0.0005094724298647182,131,8
6,3949,female,0.2356516290726817,0.5002116035703292,0.005365110603024485,0.01316430046973066,0.0077991898667061745,1.6879061406415563,152,6
6,3949,male,0.22690248348143086,0.5253900729266776,0.026320990346791154,0.03008225440218944,0.0037612640553982882,7.997910795711485,133,6
6,3949,family,0.18424001179419136,0.5035090959460707,0.009487031461972596,0.01681484344800928,0.007327811986036682,2.294660872543632,119,6
6,3949,marriage,0.24137517707311756,0.4952738341713497,-0.003705265601670226,0.006217314070632662,0.009922579672302888,0.6265824286965015,161,6
6,3949,love,0.13082706766917293,0.48875432525951557,-0.010370823027560159,1.1493988643939221e-05,0.010382317016204097,0.0011070735583293227,87,6
6,3949,wealth,0.18796992481203006,0.487962962962963,-0.01110492193199127,7.999872002047968e-06,0.01111292180399332,0.0007198711682154931,125,6
6,3949,emotion,0.18181697356338508,0.4981085926105979,-0.011022945117873445,8.26432620948414e-06,0.011031209444082929,0.0007491768015671116,121,6
6,3949,scandal,0.10827067669172932,0.48903878583473864,-0.010105807551890875,1.3888503097136193e-05,0.010119696054988012,0.001372422948307633,72,6
6,3949,duty,0.12897492600278976,0.5022008113590264,0.00315380944058476,0.01177619350132938,0.00862238406074462,1.3657700024726838,85,6
6,3949,class,0.14821017189438243,0.4943605667987293,-0.010592335227750613,1.0100806044322337e-05,0.010602436033794935,0.0009526872891450271,99,6
6,3949,society,0.19585332305300165,0.49719101123595505,-0.011230152155026351,7.63347124471382e-06,0.011237785626271065,0.0006792682738305178,131,6
6,3966,female,0.33007518796992485,0.5657894736842105,0.1250029848354642,0.12500493414560335,1.949310139141758e-06,64127.74832889966,152,19
6,3966,male,0.20538847117794487,0.49527955226411896,-0.016911760236463888,0.0150448865430595,0.03195664677952339,0.4707905258767295,133,19
6,3966,family,0.201664093437645,0.5178071228491395,0.036851171049883016,0.058830944017747605,0.02197977296786459,2.676594708284043,119,19
6,3966,marriage,0.25317097090552465,0.4967711722370108,-0.004913147805059727,0.024850622973627657,0.029763770778687384,0.8349285833966724,161,19
6,3966,love,0.13082706766917293,0.4826989619377163,-0.03286209468405962,1.1493988643939221e-05,0.03287358867270356,0.00034964204115425833,87,19
6,3966,wealth,0.18796992481203006,0.4814814814814815,-0.03517890684315827,7.999872002047968e-06,0.03518690671516032,0.00022735365931935873,125,19
6,3966,emotion,0.18092481425388315,0.4966273699562469,-0.004612251848666028,0.024801242954661906,0.029413494803327934,0.8431926610438901,121,19
6,3966,scandal,0.10749791144527987,0.49072512647554806,-0.016453323894824033,0.013902391600233327,0.030355715495057358,0.4579826689322803,72,19
6,3966,duty,0.1283222762789326,0.5027991886409737,0.007717215741829497,0.035305051645843626,0.02758783590401413,1.2797325519623988,85,19
6,3966,class,0.14887218045112782,0.4823321554770318,-0.033560451948186236,1.0100806044322337e-05,0.033570552754230557,0.00030088292313711014,99,19
6,3966,society,0.19699248120300752,0.4812734082397004,-0.03557463026559522,7.63347124471382e-06,0.03558226373683994,0.0002145302305933956,131,19
6,3984,female,0.39204192611075017,0.6307325330871038,0.13158135831880463,0.18421468138577124,0.05263332306696661,3.4999629635371994,152,55
6,3984,male,0.305405337374152,0.6679857538583299,0.12218359567144865,0.1804559329934888,0.05827233732204015,3.0967684030435962,133,55
6,3984,family,0.22137226704895413,0.5856496444731738,0.03232563805171436,0.10925026470143359,0.07692462664971923,1.420224828616859,119,55
6,3984,marriage,0.22754430360017133,0.47657251306319626,-0.05995099163143702,0.03727282890895765,0.09722382054039468,0.38337136620842954,161,55
6,3984,love,0.12034813469356426,0.37887284731336757,-0.08192152973069586,0.011505482632583159,0.09342701236327902,0.12314942265008333,87,55
6,3984,wealth,0.1669965837678634,0.40093333333333325,-0.08214189260672985,0.016007743876097984,0.09814963648282785,0.16309529458864155,125,55
6,3984,emotion,0.1667392108913797,0.4252552260573651,-0.040480814905722105,0.049594221583114335,0.09007503648883644,0.5505878600305676,121,55
6,3984,scandal,0.09878954212490468,0.3862422709387296,-0.07716138221503206,0.013902391600233327,0.09106377381526538,0.1526665436497663,72,55
6,3984,duty,0.12328018706677972,0.460892494929006,-0.00039729151319874145,0.08236276793487213,0.08276005944807087,0.9951994776605588,85,55
6,3984,class,0.14138999449047712,0.41126815861798194,-0.037826546213767166,0.05051413102765601,0.08834067724142318,0.5718105475808826,99,55
6,3984,society,0.1858763637453732,0.4036223804214198,-0.07447173788905168,0.022908047205386174,0.09737978509443786,0.23524438037047374,131,55
6,3991,female,0.21434460822324655,0.48325766902636713,-0.02972247190152716,0.01316430046973066,0.04288677237125782,0.3069547961190536,152,24
6,3991,male,0.18369586584689956,0.4071174176041607,-0.02631022114450559,0.0150448865430595,0.04135510768756509,0.36379754240658146,133,24
6,3991,family,0.16659712729962434,0.4561132145165758,-0.0234798807471402,0.01681484344800928,0.04029472419514948,0.4172964025304357,119,24
6,3991,marriage,0.22855994964717138,0.4653763679384797,-0.031224187514858878,0.012428417038297659,0.04365260455315654,0.284711924184928,161,24
6,3991,love,0.12939997965717298,0.4779859205345425,-0.001840324391703417,0.0344934599204616,0.03633378431216502,0.9493494986142524,87,24
6,3991,wealth,0.2063499599774649,0.5483851851851852,-0.014882980823347752,0.02400761587814595,0.0388905967014937,0.617311584643456,125,24
6,3991,emotion,0.2164164883487849,0.5343795576081672,0.04681193394416332,0.07438720021156675,0.02757526626740343,2.6976058721435394,121,24
6,3991,scandal,0.10003945808328499,0.41866919617762777,-0.024884998661519588,0.013902391600233327,0.038787390261752916,0.3584255477374469,72,24
6,3991,duty,0.13181101481409174,0.46385395537525353,0.026073677929088435,0.05883390979035788,0.032760231861269445,1.7958941816317842,85,24
6,3991,class,0.17538889096325055,0.5535924617196701,-0.018659174487334396,0.020211712894688996,0.03887088738202339,0.5199704523215061,99,24
6,3991,society,0.18019971879004995,0.4410541212796981,-0.044937891077352486,7.63347124471382e-06,0.0449455245485972,0.00016983829471809404,131,24
6,4010,female,0.2821822695590963,0.5430901815943366,0.05312247803031354,0.09211063012328784,0.0389881520929743,2.3625287472273846,152,34
6,4010,male,0.19713924985276582,0.4709706597320369,-0.03570876684941568,0.02256357047262447,0.05827233732204015,0.38720894869104755,133,34
6,4010,family,0.21919434599052967,0.549065780158217,0.019613459445631837,0.06723416413169526,0.04762070468606343,1.4118683159671932,119,34
6,4010,marriage,0.3196187692339618,0.5919353248545794,0.0636677304750049,0.09938385858560764,0.035716128110602735,2.7826044938315087,161,34
6,4010,love,0.12335973569772071,0.4413156743427594,-0.05881356198002053,1.1493988643939221e-05,0.05882505596866447,0.00019539273621544133,87,34
6,4010,wealth,0.20624729658027346,0.5330222222222223,0.006005437225843971,0.056007103886337825,0.050001666660493854,1.1201047410179377,125,34
6,4010,emotion,0.17304141984261504,0.45594312105007295,-0.032185679887533535,0.024801242954661906,0.05698692284219544,0.43520937291007483,121,34
6,4010,scandal,0.10252452705420825,0.4290331646992692,-0.0417483481949107,0.013902391600233327,0.05565073979514403,0.24981503662232726,72,34
6,4010,duty,0.12323940933916108,0.41862068965517246,-0.03163332510245599,0.023540622573586505,0.055173947676042494,0.42666192224236293,85,34
6,4010,class,0.1400513714969909,0.4606845843594961,-0.03632695657997717,0.020211712894688996,0.05653866947466617,0.3574847636516804,99,34
6,4010,society,0.18346449319891647,0.46360465448723454,-0.04465216588673646,0.015274575960672354,0.059926741847408815,0.2548874757668463,131,34
6,4047,female,0.2167055345455796,0.4974222837796245,-0.03362109217981067,0.01316430046973066,0.04678539264954133,0.28137629554720306,152,26
6,4047,male,0.1888821387790277,0.5002685284640171,-0.03946798161889557,0.007526202613494532,0.04699418423239011,0.1601517876364592,133,26
6,4047,family,0.18569094924607132,0.4822390494659403,0.01379598995410744,0.05042772390379994,0.0366317339496925,1.3766130746548142,119,26
6,4047,marriage,0.23053315282411893,0.5125455979493246,-0.02699720365783233,0.018639520005962657,0.04563672366379499,0.4084324751897457,161,26
6,4047,love,0.17262220338970724,0.5322952710495964,0.03437173935984498,0.06897542585227927,0.03460368649243429,1.993297039763861,87,26
6,4047,wealth,0.2114420296866737,0.5788296296296296,-0.008734953814466477,0.03200748788019392,0.040742441694660396,0.7856055392871345,125,26
6,4047,emotion,0.17840972350870152,0.45735597958191543,-0.017479851600137528,0.024801242954661906,0.042281094554799434,0.586579964762527,121,26
6,4047,scandal,0.12383692135582472,0.57361345325089,0.0028920075327527953,0.04167939779450571,0.038787390261752916,1.0745605082518264,72,26
6,4047,duty,0.12517956003777322,0.4876470588235294,0.009136852899575984,0.047069480718100756,0.03793262781852477,1.2408705492814036,85,26
6,4047,class,0.17375336109213524,0.5781846735910341,0.00154243760131028,0.04041332498333367,0.03887088738202339,1.0396810493445008,99,26
6,4047,society,0.18526886910160362,0.41907539240072045,-0.039177071994990126,0.007641104715958534,0.04681817671094866,0.16320807969457762,131,26
6,4049,female,0.3372313458817451,0.5649430594028932,0.11184526322653801,0.11184721253667715,1.949310139141758e-06,57377.814290806964,152,17
6,4049,male,0.1966224372734068,0.5033778054157951,-0.031949128095593825,7.518683929564969e-06,0.03195664677952339,0.00023527762412630163,133,17
6,4049,family,0.17668385645325968,0.4732200572536707,-0.031128845361393084,8.403220113947665e-06,0.031137248581507033,0.00026987677127864826,119,17
6,4049,marriage,0.25012642972614507,0.5251281672089125,-0.009140131662086277,0.018639520005962657,0.027779651668048935,0.6709774560179286,161,17
6,4049,love,0.1315626230326775,0.4920852722427714,-0.002953726117258266,0.02299947127652238,0.025953197393780644,0.886190280398658,87,17
6,4049,wealth,0.18447703875072294,0.48210370370370376,-0.03147521685682489,7.999872002047968e-06,0.03148321672882694,0.00025409957536101944,125,17
6,4049,emotion,0.18461416972182526,0.48860597958191543,-0.0009357947768170241,0.024801242954661906,0.02573703773147893,0.9636401520818344,121,17
6,4049,scandal,0.10637576218071575,0.4889216788457936,-0.028655492038621107,1.3888503097136193e-05,0.028669380541718244,0.00048443680450095195,72,17
6,4049,duty,0.13050483118638123,0.49965517241379315,0.011165479713333048,0.035305051645843626,0.024139571932510578,1.4625384303867095,85,17
6,4049,class,0.14677392133532485,0.48227861655423493,-0.030026895529657673,1.0100806044322337e-05,0.030036996335701997,0.0003362788319809539,99,17
6,4049,society,0.19515381489065697,0.48619092546530573,-0.0033109557196965046,0.022908047205386174,0.02621900292508268,0.8737192360048611,131,17
6,4062,female,0.22620614035087716,0.4654252590540679,-0.035082952953886325,6.578860804463099e-06,0.03508953181469079,0.00018748784791483786,152,18
6,4062,male,0.20046391214427584,0.4821075244502233,-0.01503206805485555,0.0150448865430595,0.03007695459791505,0.500213094832487,133,18
6,4062,family,0.20007824992345116,0.5008618832148244,0.007978520462583048,0.03362128367590461,0.025642763213321564,1.3111412134058555,119,18
6,4062,marriage,0.24103397331845028,0.47683131223503894,-0.019319472851028176,0.012428417038297659,0.03174788988932584,0.39147222323222264,161,18
6,4062,love,0.12996187787476354,0.46863938273078,-0.017907910400658943,0.011505482632583159,0.029413393033242103,0.3911647533893439,87,18
6,4062,wealth,0.20938758712842034,0.5281037037037037,0.02578324012129638,0.048007231884289854,0.022223991762993472,2.1601534231158905,125,18
6,4062,emotion,0.18153129231859114,0.4900796062226544,-0.012876578058150168,0.016536916745177765,0.029413494803327934,0.5622220975504246,121,18
6,4062,scandal,0.10716374269005849,0.4703953531946786,-0.03034182699196022,1.3888503097136193e-05,0.030355715495057358,0.0004575251437884919,72,18
6,4062,duty,0.13147518528942675,0.4960243407707911,0.009441347727581272,0.035305051645843626,0.025863703918262353,1.3650423681021844,85,18
6,4062,class,0.14891172111396375,0.5131527287004318,-0.008058505231748725,0.020211712894688996,0.02827021812643772,0.7149471858893256,99,18
6,4062,society,0.19411274730259387,0.48231695113932016,-0.024195854696178503,0.007641104715958534,0.03183695941213704,0.24000736429640163,131,18
6,4071,female,0.20791699727993448,0.42599004821996506,-0.04580440237972733,0.02632202207865686,0.07212642445838419,0.36494283857754944,152,41
6,4071,male,0.1793205710882598,0.4575442365311775,-0.05826498823184736,0.0150448865430595,0.07330987477490686,0.20522319249689908,133,41
6,4071,family,0.1802714060562212,0.5244559362206421,-0.02391115212349603,0.04202450378985228,0.06593565591334831,0.6373562711568823,119,41
6,4071,marriage,0.24063088561114437,0.46814305432317854,0.0006075642307150561,0.06211724077961764,0.06150967654890258,1.0098775390116406,161,41
6,4071,love,0.15282653336019794,0.5293322197032971,0.03486844499122395,0.09196340314015769,0.05709495814893374,1.610709703975226,87,41
6,4071,wealth,0.1750836442376475,0.4629185185185186,-0.026660911716752188,0.04000735988224189,0.06666827159899408,0.6000959515237446,125,41
6,4071,emotion,0.1708921954365087,0.4270630772970345,-0.024848170148187736,0.041329895373630195,0.06617806552181793,0.6245255893643462,121,41
6,4071,scandal,0.11089420706711933,0.44594341390294173,0.008746659333616735,0.0694564039887781,0.060709744655161366,1.14407340011319,72,41
6,4071,duty,0.11757334172581317,0.4156186612576065,-0.04370224900271841,0.023540622573586505,0.06724287157630492,0.3500835407738845,85,41
6,4071,class,0.14139797158408132,0.47540778812863616,-0.024959235537653883,0.04041332498333367,0.06537256052098755,0.6182001234254999,99,41
6,4071,society,0.4602209839543164,0.6607056065414416,0.23692909459582678,0.25191218454680075,0.014983089950973966,16.813099657965562,131,41
6,4081,female,0.22766575529733424,0.4886375294962553,-0.011691231284185227,6.578860804463099e-06,0.01169781014498969,0.0005624010581774146,152,6
6,4081,male,0.2,0.4849624060150376,-0.011272514097902083,7.518683929564969e-06,0.011280032781831649,0.0006665480565808727,133,6
6,4081,family,0.21914449990522525,0.5164989072552097,0.04019117717200106,0.04202450378985228,0.0018333266178512167,22.922540565185983,119,6
6,4081,marriage,0.24101558243434673,0.48814453317558903,-0.011900487679973674,6.211102967664998e-06,0.011906698782941339,0.0005216477783113119,161,6
6,4081,love,0.14237827105340717,0.5059857614445373,0.002853263436109789,0.011505482632583159,0.00865221919647337,1.329772439877968,87,6
6,4081,wealth,0.18869573934837092,0.4950222222222222,-0.0012532049367766137,0.008007871874050014,0.009261076810826628,0.8646804293668918,125,6
6,4081,emotion,0.18313690562494392,0.5004557608167234,-0.0009203903724648022,0.008272590535693625,0.009192980908158427,0.899881182985176,121,6
6,4081,scandal,0.11368003341687553,0.5098604084691776,0.005469030498584427,0.013902391600233327,0.0084333611016489,1.64849950464787,72,6
6,4081,duty,0.12796329057938963,0.4995740365111561,-0.010334751617424136,1.1764429072257124e-05,0.010346516046496394,0.0011370425579249773,85,6
6,4081,class,0.14863104731525786,0.4918085448120784,-0.010592335227750613,1.0100806044322337e-05,0.010602436033794935,0.0009526872891450271,99,6
6,4081,society,0.19889226884003902,0.4945392686622638,-0.0017240287479610783,0.007641104715958534,0.009365133463919612,0.8159098580475086,131,6
6,4086,female,0.19999440765298035,0.42214271057761366,-0.09283230138334658,0.11184721253667715,0.20467951392002373,0.5464504502381893,152,122
6,4086,male,0.18578845393624305,0.4656848889140144,-0.05074766105217668,0.14286251334566397,0.19361017439784065,0.7378874265737939,133,122
6,4086,family,0.1717455940196094,0.50888047526703,-0.008506813277685127,0.17647602561301493,0.18498283889070005,0.9540129596364043,119,122
6,4086,marriage,0.22460414717304347,0.43918219461697716,-0.0781538629479649,0.12422827045626762,0.20238213340423253,0.6138302248624075,161,122
6,4086,love,0.19129579875955577,0.6275305253947421,0.1327640779390941,0.2988551987310637,0.1660911207919696,1.7993448253238218,87,122
6,4086,wealth,0.2083035608407152,0.5574222222222222,0.03022570073625358,0.2080046719252492,0.17777897118899563,1.1700184253116799,125,122
6,4086,emotion,0.1978517304361785,0.5576081672338358,0.06871663233173511,0.2396737244012496,0.17095709206951448,1.4019525104134998,121,122
6,4086,scandal,0.09521043570500282,0.43425613640622074,-0.12784647188685133,0.0694564039887781,0.19730287587562945,0.35202935426145615,72,122
6,4086,duty,0.14554127163109482,0.5322920892494929,0.059437159195548095,0.23530034587421475,0.17586318667866666,1.33797385522652,85,122
6,4086,class,0.22872118881773004,0.6160366920084235,0.15235650435877818,0.31313508818003677,0.1607785838212586,1.9476169072754672,99,122
6,4086,society,0.2261807655112681,0.5750779083397661,0.0757381460382939,0.24427871330208695,0.16854056726379305,1.4493763564845616,131,122
6,4120,female,0.2738783328929627,0.5442443828870421,0.09210770617090337,0.19737240299469744,0.10526469682379407,1.8750104161056995,152,84
6,4120,male,0.23957478193256443,0.5273475040985923,0.07707089851598012,0.18797461692305378,0.11090371840707366,1.6949352070540624,133,84
6,4120,family,0.2969955389042317,0.5701203558346415,0.14296772327940668,0.24370178652459626,0.10073406324518958,2.4192589742855892,119,84
6,4120,marriage,0.24838105085043344,0.5300576752440106,0.02182832949120654,0.1428615793592626,0.12103324986805607,1.1803498585208796,161,84
6,4120,love,0.12169734823655899,0.4557332060613292,-0.052749847720867285,0.08046941449621849,0.13321926221708577,0.6040373828559906,87,84
6,4120,wealth,0.17607339814893355,0.48063703703703703,-0.03732822745641734,0.09600646389657766,0.133334691352995,0.7200411454936861,125,84
6,4120,emotion,0.166835028297617,0.47440143412737,-0.11399455193834993,0.033065569164146054,0.14706012110249597,0.22484388640531322,121,84
6,4120,scandal,0.10051151149152719,0.478991006183249,-0.0793405817104404,0.05556790089164191,0.1349084826020823,0.4118933058874411,72,84
6,4120,duty,0.11845349335512582,0.4305882352941177,-0.09086280227402686,0.047069480718100756,0.13793228299212762,0.34125064630769547,85,84
6,4120,class,0.13707272706653714,0.46400399757290217,-0.07719553002884463,0.06061493707197835,0.13781046710082298,0.4398427662769058,99,84
6,4120,society,0.21105183156261506,0.5906166909683507,-0.04322353993365634,0.09160928840781056,0.1348328283414669,0.6794286638794577,131,84
6,4147,female,0.2640977443609023,0.5230263157894737,0.03947779437744391,0.03947974368758306,1.949310139141758e-06,20253.177081297134,152,6
6,4147,male,0.2,0.4934210526315789,-0.011272514097902083,7.518683929564969e-06,0.011280032781831649,0.0006665480565808727,133,6
6,4147,family,0.17894736842105263,0.4935897435897436,-0.01098239901137971,8.403220113947665e-06,0.010990802231493658,0.0007645684033058152,119,6
6,4147,marriage,0.24163670044676908,0.4971285615695553,-0.003705265601670226,0.006217314070632662,0.009922579672302888,0.6265824286965015,161,6
6,4147,love,0.13096534439547144,0.5004971562661577,-0.010370823027560159,1.1493988643939221e-05,0.010382317016204097,0.0011070735583293227,87,6
6,4147,wealth,0.18796992481203006,0.4935185185185185,-0.01110492193199127,7.999872002047968e-06,0.01111292180399332,0.0007198711682154931,125,6
6,4147,emotion,0.18458335922450758,0.49864790957705396,-0.0009203903724648022,0.008272590535693625,0.009192980908158427,0.899881182985176,121,6
6,4147,scandal,0.10827067669172932,0.49409780775716694,-0.010105807551890875,1.3888503097136193e-05,0.010119696054988012,0.001372422948307633,72,6
6,4147,duty,0.12781954887218044,0.4939655172413793,-0.010334751617424136,1.1764429072257124e-05,0.010346516046496394,0.0011370425579249773,85,6
6,4147,class,0.14887218045112782,0.49381625441696114,-0.010592335227750613,1.0100806044322337e-05,0.010602436033794935,0.0009526872891450271,99,6
6,4147,society,0.19699248120300752,0.4934456928838951,-0.011230152155026351,7.63347124471382e-06,0.011237785626271065,0.0006792682738305178,131,6
6,4151,female,0.221999136539127,0.4734020724325433,-0.057743744236549585,0.006585439665267561,0.06432918390181715,0.10237094994421601,152,34
6,4151,male,0.19473642121425375,0.47952823788795296,-0.02631039073824237,0.03008225440218944,0.05639264514043181,0.5334428687773671,133,34
6,4151,family,0.1768042930421543,0.4944362360328747,-0.021325401501072767,0.03362128367590461,0.05494668517697738,0.6118892080023057,119,34
6,4151,marriage,0.2359672304805438,0.49518756778073547,-0.03467493446463647,0.024850622973627657,0.05952555743826413,0.4174782067179053,161,34
6,4151,love,0.13287340935934402,0.5002088056317862,0.007306870338329205,0.05748143720834004,0.05017456687001084,1.145628966885031,87,34
6,4151,wealth,0.1906140843676447,0.49385925925925933,0.015857154221058628,0.06400697588838579,0.04814982166732716,1.3293294485966793,125,34
6,4151,emotion,0.18028873579112814,0.4732544360719495,-0.05239078937835081,0.008272590535693625,0.060663379914044434,0.13636877053799032,121,34
6,4151,scandal,0.11742235374147111,0.5531899943788646,-0.0105986720939601,0.04167939779450571,0.05227806988846581,0.7972635157080319,72,34
6,4151,duty,0.13149156956241032,0.48895537525354965,0.02232091912957959,0.070598338862615,0.04827741973303541,1.462346978184574,85,34
6,4151,class,0.1903114494475667,0.554333083485027,0.07048130170230235,0.11111896729359003,0.04063766559128767,2.7343836235189283,99,34
6,4151,society,0.3025487113078487,0.5959416187780541,0.11695193203337317,0.1450435871208073,0.02809165508743413,5.163226825340189,131,34
6,4191,female,0.2540431920250241,0.543539037652611,0.04410685772164257,0.09868949092775094,0.054582633206108365,1.80807493389488,152,43
6,4191,male,0.20134777181978034,0.4984736276782181,0.013162636294322419,0.07519435797957924,0.06203172168525682,1.2121920194299334,133,43
6,4191,family,0.20240428100739669,0.5312740480807708,0.06453829476113236,0.11765348481538125,0.05311519005424889,2.2150628604171705,119,43
6,4191,marriage,0.23342019484771026,0.4727767918761707,-0.02794634022547217,0.04348393187662265,0.07143027210209482,0.6087605520228537,161,43
6,4191,love,0.12511717911710718,0.4642246350873006,-0.06116035589392713,0.011505482632583159,0.07266583852651029,0.15833413424696585,87,43
6,4191,wealth,0.17970481013351997,0.4513185185185185,-0.06977146968394422,0.008007871874050014,0.07777934155799424,0.10295628265220254,125,43
6,4191,emotion,0.2572240305555265,0.5732407632474477,0.08260347497945833,0.13223748367795576,0.04963400869849744,2.6642515312146187,121,43
6,4191,scandal,0.10966136689820902,0.4464352632565112,-0.056925362774962705,0.013902391600233327,0.07082775437519603,0.19628451759732304,72,43
6,4191,duty,0.12339152451903244,0.4457403651115619,-0.07412763509023974,1.1764429072257124e-05,0.074139399519312,0.00015867985374003492,85,43
6,4191,class,0.14361528169964222,0.45356390762751186,-0.04036037620976905,0.030312518939011334,0.07067289514878039,0.4289129357834936,99,43
6,4191,society,0.19025772655242323,0.4455499328129914,-0.06150603534789952,0.015274575960672354,0.07678061130857187,0.19893793107594265,131,43
6,4199,female,0.22739324387523832,0.4902277623884273,-0.003163060340580371,0.006585439665267561,0.009748500005847932,0.6755336370356005,152,6
6,4199,male,0.1984492481203008,0.48391655831307595,-0.0018741379867287765,0.007526202613494532,0.009400340600223309,0.8006308423032154,133,6
6,4199,family,0.17775484462790966,0.4756517991812109,-0.01098239901137971,8.403220113947665e-06,0.010990802231493658,0.0007645684033058152,119,6
6,4199,marriage,0.240455133680571,0.484521344769792,-0.003705265601670226,0.006217314070632662,0.009922579672302888,0.6265824286965015,161,6
6,4199,love,0.12903130671506352,0.4916875472298453,-0.010370823027560159,1.1493988643939221e-05,0.010382317016204097,0.0011070735583293227,87,6
6,4199,wealth,0.18727161084529503,0.49951111111111113,-0.0012532049367766137,0.008007871874050014,0.009261076810826628,0.8646804293668918,125,6
6,4199,emotion,0.19750853958467857,0.5161795089936801,-0.0009203903724648022,0.008272590535693625,0.009192980908158427,0.899881182985176,121,6
6,4199,scandal,0.1709733304359186,0.5434701142964212,0.052193544650010346,0.05556790089164191,0.003374356241631563,16.467704325227412,72,6
6,4199,duty,0.1276079905646469,0.49261663286004054,-0.010334751617424136,1.1764429072257124e-05,0.010346516046496394,0.0011370425579249773,85,6
6,4199,class,0.15191861978697857,0.5127601099332548,0.0012752490258360009,0.010110906850366658,0.008835657824530658,1.1443298337279613,99,6
6,4199,society,0.19532562836130793,0.47944363438831233,-0.011230152155026351,7.63347124471382e-06,0.011237785626271065,0.0006792682738305178,131,6
6,4232,female,0.30109926800561976,0.6042115522724941,0.1072147379189713,0.2105301246036236,0.1033153866846523,2.0377422120500133,152,85
6,4232,male,0.22562888166752673,0.5564192435977161,0.056394454112025164,0.17293724906392385,0.11654279495189869,1.483894814208096,133,85
6,4232,family,0.2487968036729995,0.5934835472650599,0.13090151292000202,0.23529856641064859,0.10439705349064655,2.2538812978038334,119,85
6,4232,marriage,0.28261165635172464,0.5347653554175293,0.04442987661547844,0.1614948882622576,0.11706501164677917,1.3795316464680103,161,85
6,4232,love,0.12985702561146872,0.44829574831961183,-0.06770403200426796,0.06897542585227927,0.13667945785654723,0.5046510055971117,87,85
6,4232,wealth,0.19053764492342953,0.48896296296296293,-0.019476638459154733,0.11200620790067359,0.13148284635982832,0.8518693578726991,125,85
6,4232,emotion,0.17382912383386184,0.46413162372386974,-0.06532000674723121,0.07438720021156675,0.13970720695879796,0.5324507005066128,121,85
6,4232,scandal,0.10306335388138621,0.4648913247142589,-0.08102691666377951,0.05556790089164191,0.1365948175554214,0.4068082661239268,72,85
6,4232,duty,0.12346867875697515,0.4338336713995942,-0.10607549531778754,0.035305051645843626,0.14138054696363117,0.24971647375699998,85,85
6,4232,class,0.14121105575359327,0.44788878181104336,-0.09082989249169554,0.05051413102765601,0.14134402351935155,0.3573842725680063,99,85
6,4232,society,0.18770331087011824,0.46070274751979867,-0.08312068572426888,0.061075403428955274,0.14419608915322416,0.42355797433335657,131,85
6,4265,female,0.22857142857142856,0.4873294346978557,-0.023387092119035773,6.578860804463099e-06,0.023393670979840235,0.00028122396052553204,152,12
6,4265,male,0.2781954887218045,0.5488721804511278,0.09022984614652757,0.09023172583870918,1.87969218160834e-06,48003.43307172256,133,12
6,4265,family,0.2120015617583066,0.5240096038415366,0.03943692167230628,0.05042772390379994,0.010990802231493658,4.588174988238197,119,12
6,4265,marriage,0.24137790127492642,0.4911885043872621,-0.015609980265500926,0.006217314070632662,0.021827294336133587,0.28484126225647144,161,12
6,4265,love,0.13036824035009154,0.4952869585968262,-0.007527323482274575,0.011505482632583159,0.019032806114857734,0.6045079512997841,87,12
6,4265,wealth,0.18796992481203006,0.487962962962963,-0.022215991890991424,7.999872002047968e-06,0.022223991762993472,0.00035996557625660565,125,12
6,4265,emotion,0.18195488721804512,0.4880514705882353,-0.022052316333420446,8.26432620948414e-06,0.02206058065962993,0.0003746196138995082,121,12
6,4265,scandal,0.11023913951545532,0.49689666479295486,-0.004648979221450243,0.013902391600233327,0.01855137082168357,0.7493996930531014,72,12
6,4265,duty,0.12781954887218044,0.48879310344827587,-0.020679543531934776,1.1764429072257124e-05,0.020691307961007033,0.0005685686518154742,85,12
6,4265,class,0.14887218045112782,0.48851590106007065,-0.02119300448333628,1.0100806044322337e-05,0.021203105289380603,0.00047638333659102554,99,12
6,4265,society,0.19699248120300752,0.48782771535580527,-0.02246606512913506,7.63347124471382e-06,0.022473698600379774,0.00033966243741673935,131,12
6,4288,female,0.22278090613915102,0.5003911459936391,-0.0253368895793002,0.05263746529650925,0.07797435487580945,0.6750612477611442,152,48
6,4288,male,0.18915048303996132,0.5009469161625869,-0.043227705169585816,0.03760093833175441,0.08082864350134022,0.46519323722989053,133,48
6,4288,family,0.16366920486806982,0.42072213500784933,-0.026496902745919294,0.05042772390379994,0.07692462664971923,0.6555472037943059,119,48
6,4288,marriage,0.2230099694238098,0.4485913930789707,-0.04606215785696788,0.03727282890895765,0.08333498676592553,0.4472650726303434,161,48
6,4288,love,0.14210249757004018,0.5218649325856104,0.009533673789438923,0.08046941449621849,0.07093574070677956,1.1343987345915365,87,48
6,4288,wealth,0.18942315331438125,0.5389481481481482,-0.03962382666891904,0.04000735988224189,0.07963118655116093,0.5024081847133574,125,48
6,4288,emotion,0.23567018774313475,0.5813229217306758,0.04310466806360988,0.10744450504950331,0.06433983698589343,1.669953019486056,121,48
6,4288,scandal,0.13434475083065184,0.6069421023046655,0.012517152710718252,0.08334490708591429,0.07082775437519603,1.1767266634380977,72,48
6,4288,duty,0.13640342216466458,0.5400608519269776,0.011671632387063674,0.08236276793487213,0.07069113554780845,1.1651074395035717,85,48
6,4288,class,0.18146084368241633,0.5855195060142057,0.03387882251901585,0.10101816124926769,0.06713933873025184,1.5046046499449066,99,48
6,4288,society,0.21436702239586267,0.5685164536695542,-0.023338679124330415,0.05344193218424146,0.07678061130857187,0.6960342106260243,131,48
6,4328,female,0.20966429094068936,0.46378372832666465,-0.06334819363200314,0.02632202207865686,0.08967021571066,0.29354253103725,152,50
6,4328,male,0.7261912941062467,0.8402679631409351,0.35714308324764976,0.36090434730304805,0.0037612640553982882,95.95294079103898,133,50
6,4328,family,0.21605001679223163,0.568042601656047,0.0619525441387091,0.1260567049293289,0.06410416079061981,1.9664356162323866,119,50
6,4328,marriage,0.22362630041511175,0.4891797298629596,-0.06642084023485167,0.024850622973627657,0.09127146320847933,0.2722715523535806,161,50
6,4328,love,0.1340859126291954,0.5148948017340811,-0.02037469477736243,0.05748143720834004,0.07785613198570247,0.738303274790965,87,50
6,4328,wealth,0.18482339138102477,0.5342666666666668,-0.06303095064568173,0.02400761587814595,0.08703856652382769,0.27582733536055876,125,50
6,4328,emotion,0.1745881873659297,0.5161187408847836,-0.041392226971508246,0.041329895373630195,0.08272212234513844,0.49962324710059275,121,50
6,4328,scandal,0.10395866573695038,0.49449597151958025,-0.02200519329691058,0.05556790089164191,0.07757309418855249,0.71632956596858,72,50
6,4328,duty,0.12556070010756523,0.511683569979716,-0.03224231475846656,0.047069480718100756,0.07931179547656732,0.5934739017655194,85,50
6,4328,class,0.16971476105858577,0.5705107613234821,0.00661009759331406,0.08081654916062302,0.07420645156730896,1.0890771281015814,99,50
6,4328,society,0.18913669560165886,0.5002144266232096,-0.046096230263163875,0.03817498969481382,0.08427121995797769,0.45300150767245306,131,50
6,4351,female,0.31708884367608337,0.5778572894223863,0.052878997008341824,0.07237404770989854,0.01949505070155672,3.712431878948994,152,21
6,4351,male,0.2573371516092307,0.582805698456668,0.07331261651205251,0.09023172583870918,0.01691910932665667,5.333125053528245,133,21
6,4351,family,0.17855137142945643,0.5180841567396189,-0.028220110615630886,0.008411623334061612,0.0366317339496925,0.22962667684210444,119,21
6,4351,marriage,0.23732866469117136,0.4851128857340037,-0.03346705226124698,0.006217314070632662,0.03968436633187964,0.15666910285225943,161,21
6,4351,love,0.13462558564645677,0.48600007954500263,0.029798141994828668,0.05748143720834004,0.027683295213511375,2.0763943296103244,87,21
6,4351,wealth,0.18487669523458997,0.4625925925925926,-0.029030879834276997,0.008007871874050014,0.03703875170832701,0.21620253125413758,125,21
6,4351,emotion,0.18105939780580932,0.45887518230432667,-0.028493818411332313,0.008272590535693625,0.03676640894702594,0.2250040396218189,121,21
6,4351,scandal,0.10599790073474284,0.4756417462994192,-0.03540083185197756,1.3888503097136193e-05,0.035414720355074696,0.00039216752123115087,72,21
6,4351,duty,0.1280727247515353,0.4859634888438134,-0.00921960928768294,0.023540622573586505,0.032760231861269445,0.7185731368616676,85,21
6,4351,class,0.1462553448483122,0.4681978798586572,-0.025226424113128174,0.010110906850366658,0.03533733096349483,0.2861253686795301,99,21
6,4351,society,0.19391069825011426,0.4617319953112045,-0.03931993459029813,7.63347124471382e-06,0.03932756806154285,0.00019409975294109897,131,21
6,4356,female,0.23235366202165694,0.5088232276597928,-0.007061680618863887,0.006585439665267561,0.013647120284131448,0.4825515953312439,152,8
6,4356,male,0.20315824307799216,0.5109955339476512,-0.0056335223499454565,0.007526202613494532,0.013159724963439989,0.5719118472332608,133,8
6,4356,family,0.18052676178830668,0.4807307538399975,-0.004410674020160536,0.008411623334061612,0.012822297354222148,0.6560153068541811,119,8
6,4356,marriage,0.24935371645153334,0.5192990239574089,0.0005217182553563203,0.012428417038297659,0.011906698782941339,1.0438172044009348,161,8
6,4356,love,0.15412936003345915,0.5335481048403135,0.012617154260318281,0.02299947127652238,0.010382317016204097,2.2152541902169745,87,8
6,4356,wealth,0.2471879067837451,0.5492148148148149,0.03444997305774865,0.04000735988224189,0.005557386824493243,7.198951798481485,125,8
6,4356,emotion,0.2627323172178767,0.5667689596499756,0.03581337153732077,0.041329895373630195,0.005516523836309426,7.4920179070209585,121,8
6,4356,scandal,0.10644505726175417,0.490608019486603,-0.013478477458569097,1.3888503097136193e-05,0.013492365961666234,0.0010293600941129288,72,8
6,4356,duty,0.1278767853890782,0.4810344827586206,-0.0002944545309187859,0.01177619350132938,0.012070648032248166,0.9756057395503769,85,8
6,4356,class,0.172151849577315,0.5423849805475247,0.00960927686089406,0.020211712894688996,0.010602436033794935,1.9063272655791992,99,8
6,4356,society,0.1939108266850332,0.47819995997369696,-0.014975456479729253,7.63347124471382e-06,0.014983089950973966,0.0005094724298647182,131,8
6,4386,female,0.2281328320802005,0.4952164768646763,-0.00974192114504347,6.578860804463099e-06,0.009748500005847932,0.0006748587782573433,152,5
6,4386,male,0.21058459084774878,0.5159845101475492,0.009403930306052872,0.0150448865430595,0.005640956237006628,2.667080882793018,133,5
6,4386,family,0.1780900214336747,0.4885800474035768,-0.009150903888651222,8.403220113947665e-06,0.00915930710876517,0.0009174515073294785,119,5
6,4386,marriage,0.24210526315789474,0.48214285714285715,-0.009916368569335223,6.211102967664998e-06,0.009922579672302888,0.0006259564722242773,161,5
6,4386,love,0.1455425397349172,0.5044942926460646,0.017807447719510466,0.02299947127652238,0.005192023557011914,4.429770208001356,87,5
6,4386,wealth,0.19429197994987468,0.49822222222222223,0.010450357051604742,0.016007743876097984,0.005557386824493243,2.880444420868116,125,5
6,4386,emotion,0.182794106478317,0.5035397423432183,-0.009184716581948943,8.26432620948414e-06,0.009192980908158427,0.0008989822007843917,121,5
6,4386,scandal,0.10827067669172932,0.484822934232715,-0.008419472598551763,1.3888503097136193e-05,0.0084333611016489,0.0016468526519958745,72,5
6,4386,duty,0.1271765052770334,0.4977687626774847,-0.008610619631672362,1.1764429072257124e-05,0.00862238406074462,0.0013644055968758083,85,5
6,4386,class,0.14863104731525786,0.4900596066673805,-0.008825557018486335,1.0100806044322337e-05,0.008835657824530658,0.0011431866470808807,99,5
6,4386,society,0.19699248120300752,0.48314606741573035,-0.009357499992674899,7.63347124471382e-06,0.009365133463919612,0.0008150947632842244,131,5
6,4389,female,0.2125236108496687,0.4445983379501384,-0.07406964305784416,0.05263746529650925,0.12670710835435342,0.41542630070040026,152,73
6,4389,male,0.21131970988163537,0.5368449318785686,0.06955238418015193,0.16541856513435887,0.09586618095420694,1.7255153327913413,133,73
6,4389,family,0.1795251457222188,0.5294733277926555,-0.010875989394074595,0.10084704458748592,0.11172303398156051,0.9026522194449866,119,73
6,4389,marriage,0.2810816811254082,0.5052006309770285,0.01906797347331915,0.12422827045626762,0.10516029698294847,1.1813229328862551,161,73
6,4389,love,0.12390989929745064,0.4139124209521537,-0.07339103109483913,0.045987448564400825,0.11937847965923995,0.38522394233269286,87,73
6,4389,wealth,0.17525026611821715,0.46281481481481485,-0.046513083517227716,0.07200684789043375,0.11851993140766147,0.6075505363072752,125,73
6,4389,emotion,0.1737833410508092,0.41847198590179874,-0.0634663738069545,0.057858547792598476,0.12132492159955297,0.47688922464825867,121,73
6,4389,scandal,0.10367177831631533,0.4728545999625258,-0.060790897223710165,0.05556790089164191,0.11635879811535207,0.47755650446025766,72,73
6,4389,duty,0.11888951838255664,0.4336004056795132,-0.08538591148876629,0.035305051645843626,0.1206909631346099,0.29252440057317647,85,73
6,4389,class,0.13959613477625177,0.4449352179034157,-0.057760969726937575,0.06061493707197835,0.11837590679891592,0.5120546799648372,99,73
6,4389,society,0.18553652823536318,0.45565657432026757,-0.06064885977605147,0.061075403428955274,0.12172426320500675,0.5017520896847899,131,73
6,4422,female,0.2033012152702599,0.42405355493998154,-0.04068740234933988,0.01974316127419376,0.06043056362353364,0.3267082100518159,152,34
6,4422,male,0.184058154111939,0.41049522301995595,-0.007513638515895753,0.04511962226131938,0.052633260777215134,0.8572454298707323,133,34
6,4422,family,0.15858986478419423,0.41719764829008527,-0.04179483197442507,0.01681484344800928,0.05860967542243435,0.2868953517747357,119,34
6,4422,marriage,0.2656220371630147,0.5637385388938184,-0.01828449030802958,0.03727282890895765,0.055557319216987235,0.6708896223504284,161,34
6,4422,love,0.13553227224860637,0.5000397725012926,0.007306870338329205,0.05748143720834004,0.05017456687001084,1.145628966885031,87,34
6,4422,wealth,0.18065871987011056,0.5108592592592592,-0.04325314775022933,0.016007743876097984,0.05926089162632731,0.27012323703742996,125,34
6,4422,emotion,0.1697603251389781,0.4798401798736023,-0.032185679887533535,0.024801242954661906,0.05698692284219544,0.43520937291007483,121,34
6,4422,scandal,0.10404611081622975,0.48941352819936296,-0.0417483481949107,0.013902391600233327,0.05565073979514403,0.24981503662232726,72,34
6,4422,duty,0.18869062213267584,0.5376064908722109,0.07627516336161516,0.11765605515164348,0.04138089179002832,2.8432460021838435,85,34
6,4422,class,0.13201161382233317,0.43082771174643963,-0.03632695657997717,0.020211712894688996,0.05653866947466617,0.3574847636516804,99,34
6,4422,society,0.2612863432345388,0.6300425994224776,0.01238457455565517,0.061075403428955274,0.048690828873300104,1.2543512780738875,131,34
6,4443,female,0.23255012531328326,0.49679388529804047,0.007314420742166244,0.01316430046973066,0.0058498797275644155,2.2503540381267344,152,5
6,4443,male,0.2074949277956797,0.5084445135394878,0.009403930306052872,0.0150448865430595,0.005640956237006628,2.667080882793018,133,5
6,4443,family,0.18584697036709422,0.48604057007418355,0.0010838113480249297,0.008411623334061612,0.007327811986036682,1.1479038148006873,119,5
6,4443,marriage,0.24094062198017738,0.4873866213151927,-0.009916368569335223,6.211102967664998e-06,0.009922579672302888,0.0006259564722242773,161,5
6,4443,love,0.17952544195738385,0.5285964284293839,0.04425562064685037,0.045987448564400825,0.0017318279175504582,26.554282946825552,87,5
6,4443,wealth,0.1874131920710868,0.4953037037037037,-0.00925307693882458,7.999872002047968e-06,0.009261076810826628,0.0008638166127541378,125,5
6,4443,emotion,0.18117632437925146,0.5006608531842489,-0.009184716581948943,8.26432620948414e-06,0.009192980908158427,0.0008989822007843917,121,5
6,4443,scandal,0.1075385222315047,0.4899170882518269,-0.008419472598551763,1.3888503097136193e-05,0.0084333611016489,0.0016468526519958745,72,5
6,4443,duty,0.12830265709522673,0.49542596348884377,-0.008610619631672362,1.1764429072257124e-05,0.00862238406074462,0.0013644055968758083,85,5
6,4443,class,0.14780068859016227,0.4931559410357996,-0.008825557018486335,1.0100806044322337e-05,0.008835657824530658,0.0011431866470808807,99,5
6,4443,society,0.19699248120300752,0.4803370786516854,-0.009357499992674899,7.63347124471382e-06,0.009365133463919612,0.0008150947632842244,131,5
