layer,neuron,concept,AP,AUROC,ΔP,P(fire|1),P(fire|0),lift,label_support,neuron_fires_total
3,119,female,0.21505761966828946,0.4480801785164666,-0.00974192114504347,6.578860804463099e-06,0.009748500005847932,0.0006748587782573433,152,5
3,119,male,0.18701877934464517,0.39825597829159365,-0.009392821916293743,7.518683929564969e-06,0.009400340600223309,0.0007998310112919236,133,5
3,119,family,0.19713965798015926,0.4868639763597747,0.021553241821377238,0.02521806356195694,0.003664821740579705,6.881116010593958,119,5
3,119,marriage,0.2314978786281547,0.4662883269249729,-0.009916368569335223,6.211102967664998e-06,0.009922579672302888,0.0006259564722242773,161,5
3,119,love,0.12558103820682381,0.4661635445253152,0.0045833612558405165,0.011505482632583159,0.006922121376742642,1.6621324597944547,87,5
3,119,wealth,0.1902112293893864,0.5158,-0.00925307693882458,7.999872002047968e-06,0.009261076810826628,0.0008638166127541378,125,5
3,119,emotion,0.20562060352691444,0.5522833616917842,0.0009178381634596978,0.008272590535693625,0.007354752372233927,1.1247952501840819,121,5
3,119,scandal,0.10669825586719404,0.4775857223159078,-0.008419472598551763,1.3888503097136193e-05,0.0084333611016489,0.0016468526519958745,72,5
3,119,duty,0.11677564830341826,0.4691480730223124,-0.008610619631672362,1.1764429072257124e-05,0.00862238406074462,0.0013644055968758083,85,5
3,119,class,0.1590308865607769,0.5488453438983475,-0.008825557018486335,1.0100806044322337e-05,0.008835657824530658,0.0011431866470808807,99,5
3,119,society,0.18471875962979628,0.4634045229722389,-0.009357499992674899,7.63347124471382e-06,0.009365133463919612,0.0008150947632842244,131,5
3,125,female,0.23174045503445959,0.5398840668923771,-0.014858921175430917,0.006585439665267561,0.02144436084069848,0.3070942386150395,152,12
3,125,male,0.1852479573582792,0.46299960427384246,-0.0037539149652055064,0.0150448865430595,0.018798801508265007,0.8003109419313043,133,12
3,125,family,0.1463799660209794,0.40582386800874204,-0.02197136974775064,8.403220113947665e-06,0.02197977296786459,0.00038231605603257295,119,12
3,125,marriage,0.218372880451595,0.47970275066548357,-0.007414758187197475,0.012428417038297659,0.019843175225495134,0.6263320711749251,161,12
3,125,love,0.19702472089334588,0.6397605695422186,0.005696762981395372,0.02299947127652238,0.017302708295127006,1.3292411154888697,87,12
3,125,wealth,0.16687396933835197,0.4580444444444445,-0.022215991890991424,7.999872002047968e-06,0.022223991762993472,0.00035996557625660565,125,12
3,125,emotion,0.2680084901125349,0.6282055177442878,0.00825534790280548,0.024801242954661906,0.016545895051856427,1.4989363147435355,121,12
3,125,scandal,0.09097753540902069,0.3854459434139029,-0.004648979221450243,0.013902391600233327,0.01855137082168357,0.7493996930531014,72,12
3,125,duty,0.1135346491413466,0.4514401622718052,-0.020679543531934776,1.1764429072257124e-05,0.020691307961007033,0.0005685686518154742,85,12
3,125,class,0.14421361055797405,0.4377699254024342,-0.009325420229749668,0.010110906850366658,0.019436327080116327,0.520206662923988,99,12
3,125,society,0.3139611916476346,0.6416216370757927,0.034570675313256576,0.04580846093952764,0.011237785626271065,4.076288911256938,131,12
3,159,female,0.2866024976115079,0.5425002564891761,0.06384392745615454,0.06579518690543544,0.0019512594492808995,33.71934311245165,152,11
3,159,male,0.19998607630186577,0.49333625416925775,-0.011272598894770475,0.007526202613494532,0.018798801508265007,0.40035544871226164,133,11
3,159,family,0.20892934595653673,0.5218548958044756,0.04126841679503477,0.05042772390379994,0.00915930710876517,5.505626495484201,119,11
3,159,marriage,0.24446017097210299,0.497775559499162,0.0027645830017444216,0.018639520005962657,0.015874937004218236,1.1741476517252118,161,11
3,159,love,0.12984577431038413,0.4830966869506424,-0.019021312126213795,1.1493988643939221e-05,0.019032806114857734,0.0006039040472525317,87,11
3,159,wealth,0.18663905753689036,0.4993037037037037,-0.02036414689782473,7.999872002047968e-06,0.02037214676982678,0.0003926867448993596,125,11
3,159,emotion,0.18863242021136759,0.4905353670393777,-0.010111533052087302,0.008272590535693625,0.018384123587780927,0.44998558107725334,121,11
3,159,scandal,0.10827067669172932,0.4772344013490725,-0.018537482318586433,1.3888503097136193e-05,0.01855137082168357,0.0007486510420110904,72,11
3,159,duty,0.1266638819270398,0.4899898580121703,-0.018955411546183,1.1764429072257124e-05,0.018967175975255258,0.000620252012581359,85,11
3,159,class,0.14887218045112782,0.47614840989399293,-0.019426226274072003,1.0100806044322337e-05,0.019436327080116327,0.0005196869759480399,99,11
3,159,society,0.19699248120300752,0.4747191011235955,-0.02059341296678361,7.63347124471382e-06,0.020601046438028323,0.00037053803394435065,131,11
3,181,female,0.38646646494923265,0.6422809582435621,0.10307312393983875,0.13816265575452955,0.03508953181469079,3.9374322940595103,152,39
3,181,male,0.30778557381575894,0.6842105263157894,0.058274909465449005,0.10526909369783911,0.04699418423239011,2.240045133564501,133,39
3,181,family,0.2168524035492305,0.6112906701141995,-0.0304828771147152,0.03362128367590461,0.06410416079061981,0.5244789614389561,119,39
3,181,marriage,0.21534314096057092,0.4344868382135462,-0.02820508586122182,0.03727282890895765,0.06547791477017947,0.5692427597795696,161,39
3,181,love,0.11951883423250717,0.45775166050192895,-0.0013436187603244262,0.05748143720834004,0.05882505596866447,0.977159073813422,87,39
3,181,wealth,0.16424827827302718,0.46194814814814816,-0.06236408971127745,0.008007871874050014,0.07037196158532746,0.11379350089916862,125,39
3,181,emotion,0.1685224669802145,0.44577205882352944,-0.03127426782174738,0.033065569164146054,0.06433983698589343,0.5139206238722953,121,39
3,181,scandal,0.09189603839890818,0.4610853475735432,-0.050180022961606265,0.013902391600233327,0.06408241456183959,0.21694550205502258,72,39
3,181,duty,0.10822503577153392,0.3980324543610548,-0.013276862915197057,0.047069480718100756,0.060346343633297814,0.7799889418875884,85,39
3,181,class,0.1480638651016386,0.5380929435699754,-0.03329326337271195,0.030312518939011334,0.06360578231172329,0.4765686048789909,99,39
3,181,society,0.17818637047262692,0.476820482031049,-0.03500317988436316,0.0305415184501,0.06554469833446316,0.4659647420114132,131,39
3,221,female,0.2313142084523663,0.5097978865291884,-0.007061680618863887,0.006585439665267561,0.013647120284131448,0.4825515953312439,152,8
3,221,male,0.20100250626566415,0.5036463338798124,0.003764853761227852,0.0150448865430595,0.011280032781831649,1.333762661218326,133,8
3,221,family,0.19977067750176994,0.5111583094776372,0.02629347168986793,0.03362128367590461,0.007327811986036682,4.588174988029521,119,8
3,221,marriage,0.2470578620464204,0.5086143152913339,0.00871694033365977,0.018639520005962657,0.009922579672302888,1.878495373145056,161,8
3,221,love,0.1323054894289014,0.5058465576900132,-0.0006069322033516664,0.011505482632583159,0.012112414835934825,0.9498917257605043,87,8
3,221,wealth,0.1875227491806439,0.4998222222222223,-0.004956894923109998,0.008007871874050014,0.012964766797160012,0.6176641661758627,125,8
3,221,emotion,0.18195488721804512,0.4852941176470588,-0.014699402189722443,8.26432620948414e-06,0.014707666515931927,0.0005619060100370096,121,8
3,221,scandal,0.10831012716977631,0.4942851789394791,-0.013478477458569097,1.3888503097136193e-05,0.013492365961666234,0.0010293600941129288,72,8
3,221,duty,0.1286687306501548,0.49302231237322514,-0.0002944545309187859,0.01177619350132938,0.012070648032248166,0.9756057395503769,85,8
3,221,class,0.14793296372243742,0.49751936324374485,-0.014125891646279167,1.0100806044322337e-05,0.01413599245232349,0.0007145452346324331,99,8
3,221,society,0.19612485412003292,0.4897218171941561,-0.014975456479729253,7.63347124471382e-06,0.014983089950973966,0.0005094724298647182,131,8
3,251,female,0.19693346139730322,0.3788601621011593,-0.00633075023182606,0.01316430046973066,0.01949505070155672,0.6752637205505806,152,12
3,251,male,0.18791365501390736,0.4788145174967494,-0.022550667187552123,7.518683929564969e-06,0.022558185871481687,0.0003333017988266899,133,12
3,251,family,0.16857301414005738,0.4419306184012066,-0.011736654511074487,0.008411623334061612,0.0201482778451361,0.4174859706768803,119,12
3,251,marriage,0.2811031090466207,0.5548222912353347,0.017170908047712867,0.031061725941292653,0.013890817893579788,2.236133694720235,161,12
3,251,love,0.1544923477146595,0.503738615121505,0.01892084944506532,0.0344934599204616,0.015572610475396279,2.215008201273899,87,12
3,251,wealth,0.18105645943491983,0.46686666666666665,-0.0025125579005621027,0.016007743876097984,0.018520301776660086,0.8643349373176604,125,12
3,251,emotion,0.1851080615756593,0.48342549829849296,-0.0018472068426031614,0.016536916745177765,0.018384123587780927,0.8995216261094745,121,12
3,251,scandal,0.10085517429631354,0.5226016488664044,-0.020223817271925546,1.3888503097136193e-05,0.020237705775022683,0.0006862686537122737,72,12
3,251,duty,0.11100761649256348,0.4442393509127789,-0.020679543531934776,1.1764429072257124e-05,0.020691307961007033,0.0005685686518154742,85,12
3,251,class,0.1368934777426015,0.46092550951208194,-0.02119300448333628,1.0100806044322337e-05,0.021203105289380603,0.00047638333659102554,99,12
3,251,society,0.17135916789351766,0.45725047888612513,-0.012959941722069789,0.007641104715958534,0.020601046438028323,0.37090857197829497,131,12
3,253,female,0.2016856247666449,0.4001231148045552,-0.003163060340580371,0.006585439665267561,0.009748500005847932,0.6755336370356005,152,6
3,253,male,0.17858109773856126,0.4616286957996495,-0.011272514097902083,7.518683929564969e-06,0.011280032781831649,0.0006665480565808727,133,6
3,253,family,0.20472950492067837,0.44520885277187794,0.04019117717200106,0.04202450378985228,0.0018333266178512167,22.922540565185983,119,6
3,253,marriage,0.24699044376685492,0.5181529133392487,-0.011900487679973674,6.211102967664998e-06,0.011906698782941339,0.0005216477783113119,161,6
3,253,love,0.15765724874951403,0.5862267828023704,0.002853263436109789,0.011505482632583159,0.00865221919647337,1.329772439877968,87,6
3,253,wealth,0.18540357011334407,0.49248888888888886,-0.0012532049367766137,0.008007871874050014,0.009261076810826628,0.8646804293668918,125,6
3,253,emotion,0.18430373430704827,0.5035549343704424,-0.011022945117873445,8.26432620948414e-06,0.011031209444082929,0.0007491768015671116,121,6
3,253,scandal,0.12401294444985739,0.5511991755667978,0.005469030498584427,0.013902391600233327,0.0084333611016489,1.64849950464787,72,6
3,253,duty,0.1372926781320948,0.5360040567951317,0.00315380944058476,0.01177619350132938,0.00862238406074462,1.3657700024726838,85,6
3,253,class,0.16807096791721837,0.565888567655352,-0.010592335227750613,1.0100806044322337e-05,0.010602436033794935,0.0009526872891450271,99,6
3,253,society,0.19590091066380208,0.5209709237498927,-0.011230152155026351,7.63347124471382e-06,0.011237785626271065,0.0006792682738305178,131,6
3,293,female,0.2274546660769571,0.4875923361034164,-0.013640541423326985,6.578860804463099e-06,0.013647120284131448,0.00048206952580543853,152,7
3,293,male,0.19924812030075187,0.48870767143422467,-0.013152206279510423,7.518683929564969e-06,0.013159724963439989,0.0005713405067265345,133,7
3,293,family,0.18584697036709422,0.4896727921938006,-0.0025791788974320468,0.008411623334061612,0.010990802231493658,0.7653329717091208,119,7
3,293,marriage,0.2735801438400327,0.5322328206644977,0.01889628152260167,0.024850622973627657,0.0059543414510259875,4.173530049267184,161,7
3,293,love,0.13023628921995525,0.4983196118203874,-0.012100920847290886,1.1493988643939221e-05,0.012112414835934825,0.0009489427829775269,87,7
3,293,wealth,0.18719343814080655,0.48915555555555557,-0.012956766925157964,7.999872002047968e-06,0.012964766797160012,0.0006170471190568061,125,7
3,293,emotion,0.18583442076265044,0.4946296183762761,0.007343935837019339,0.016536916745177765,0.009192980908158427,1.7988633837695678,121,7
3,293,scandal,0.10827067669172932,0.4856661045531197,-0.011792142505229987,1.3888503097136193e-05,0.011806031008327124,0.0011763905317683692,72,7
3,293,duty,0.12863555948695266,0.4987728194726166,0.0014296774548329862,0.01177619350132938,0.010346516046496394,1.138179600482902,85,7
3,293,class,0.14806311679376696,0.49668950994039335,-0.012359113437014891,1.0100806044322337e-05,0.012369214243059213,0.0008166085448130736,99,7
3,293,society,0.19699248120300752,0.48408239700374533,-0.013102804317377804,7.63347124471382e-06,0.013110437788622517,0.0005822438096427295,131,7
3,303,female,0.2512001172960292,0.5214809685031292,0.028999338652451967,0.13816265575452955,0.10916331710207758,1.2656509477819302,152,77
3,303,male,0.20486293460455773,0.4610068404092939,0.005643358786678723,0.12030646155696907,0.11466310277029035,1.049216867931222,133,77
3,303,family,0.2152345036939417,0.5050481731154,0.07391046724509685,0.17647602561301493,0.10256555836791807,1.7206168271248354,119,77
3,303,marriage,0.25071781412679217,0.5500221827861579,-0.029844613360751893,0.09317275561794262,0.12301736897869452,0.757395125507211,161,77
3,303,love,0.11632292925154991,0.4739092391520503,-0.093535508837432,0.0344934599204616,0.1280289687578936,0.2694191811028353,87,77
3,303,wealth,0.15670922744419177,0.4395851851851852,-0.07362389748032379,0.056007103886337825,0.1296310013666616,0.4320502294623918,125,77
3,303,emotion,0.16790994818402044,0.46559005833738454,-0.08092184269606115,0.049594221583114335,0.13051606427917548,0.37998557385741955,121,77
3,303,scandal,0.1091309893012678,0.5310099306726626,-0.08311107508754192,0.04167939779450571,0.12479047288204763,0.3339950304825531,72,77
3,303,duty,0.12267930797261782,0.5019675456389452,-0.10577100048978226,0.023540622573586505,0.12931162306336877,0.18204568170850696,85,77
3,303,class,0.12525442936458203,0.4347895920334083,-0.0648280825639947,0.06061493707197835,0.12544301963597304,0.4832069352873957,99,77
3,303,society,0.16600408959798446,0.4443491437230179,-0.08715171523958781,0.04580846093952764,0.13296017617911546,0.3445276793065683,131,77
3,327,female,0.29087173946563216,0.5541897506925209,0.05702109830859705,0.09211063012328784,0.03508953181469079,2.625017358655645,152,32
3,327,male,0.2503554924959929,0.565591610605461,0.024440874180840844,0.06767567405001428,0.04323479986917343,1.56530559302304,133,32
3,327,family,0.26426594702083794,0.5936836272970727,0.06421531063779343,0.10084704458748592,0.0366317339496925,2.7529967520300653,119,32
3,327,marriage,0.23222200242960034,0.5116028295376122,-0.03890191832166302,0.018639520005962657,0.057541438327625684,0.32393211826771245,161,32
3,327,love,0.11526504955686305,0.45518633416855586,-0.042129279876889136,0.011505482632583159,0.05363476250947229,0.21451540184104834,87,32
3,327,wealth,0.17468376111742853,0.49532592592592595,-0.02969774076868129,0.02400761587814595,0.05370535664682724,0.44702460567529306,125,32
3,327,emotion,0.17009043054309286,0.4989669421487603,-0.03861177756109317,0.016536916745177765,0.05514869430627094,0.299860530750544,121,32
3,327,scandal,0.10604238616431501,0.5232340266067079,-0.03837567828823248,0.013902391600233327,0.05227806988846581,0.26593161586929015,72,32
3,327,duty,0.12707213467764739,0.4935801217038539,-0.02818506113095245,0.023540622573586505,0.051725683704538956,0.4551051022853024,85,32
3,327,class,0.126836862532084,0.4247867366241924,-0.020925815907862005,0.030312518939011334,0.05123833484687334,0.5915984395084116,99,32
3,327,society,0.16751880313417594,0.4176530291334305,-0.05041298496909884,0.007641104715958534,0.05805408968505737,0.13162043806525606,131,32
3,344,female,0.22857142857142856,0.48830409356725146,-0.023387092119035773,6.578860804463099e-06,0.023393670979840235,0.00028122396052553204,152,12
3,344,male,0.2721804511278195,0.5451127819548872,0.09022984614652757,0.09023172583870918,1.87969218160834e-06,48003.43307172256,133,12
3,344,family,0.19868298196471573,0.519761750854188,0.03943692167230628,0.05042772390379994,0.010990802231493658,4.588174988238197,119,12
3,344,marriage,0.2426718971341397,0.49223602484472045,-0.015609980265500926,0.006217314070632662,0.021827294336133587,0.28484126225647144,161,12
3,344,love,0.13036824035009154,0.49614206737461725,-0.007527323482274575,0.011505482632583159,0.019032806114857734,0.6045079512997841,87,12
3,344,wealth,0.18796992481203006,0.4888888888888889,-0.022215991890991424,7.999872002047968e-06,0.022223991762993472,0.00035996557625660565,125,12
3,344,emotion,0.18195488721804512,0.4889705882352941,-0.022052316333420446,8.26432620948414e-06,0.02206058065962993,0.0003746196138995082,121,12
3,344,scandal,0.12065580618212199,0.4977983886078321,-0.004648979221450243,0.013902391600233327,0.01855137082168357,0.7493996930531014,72,12
3,344,duty,0.12781954887218044,0.4896551724137931,-0.020679543531934776,1.1764429072257124e-05,0.020691307961007033,0.0005685686518154742,85,12
3,344,class,0.14887218045112782,0.48939929328621906,-0.02119300448333628,1.0100806044322337e-05,0.021203105289380603,0.00047638333659102554,99,12
3,344,society,0.19699248120300752,0.4887640449438202,-0.02246606512913506,7.63347124471382e-06,0.022473698600379774,0.00033966243741673935,131,12
3,383,female,0.2949681120117507,0.5270724325433468,0.044107345042765256,0.04605860449204616,0.0019512594492808995,23.60455165786162,152,8
3,383,male,0.20052008820301853,0.4850472044773588,-0.015031898461118761,7.518683929564969e-06,0.015039417145048327,0.0004999318694701234,133,8
3,383,family,0.17198396019638357,0.48742573952657986,-0.014645389256836686,8.403220113947665e-06,0.014653792476950634,0.0005734501922687849,119,8
3,383,marriage,0.23538716222639663,0.4885758651286602,-0.007673503822947126,0.006217314070632662,0.013890817893579788,0.4475844487932323,161,8
3,383,love,0.14519746816635837,0.5421787376208089,0.012617154260318281,0.02299947127652238,0.010382317016204097,2.2152541902169745,87,8
3,383,wealth,0.18248139723906798,0.4671555555555556,-0.014808611918324653,7.999872002047968e-06,0.014816611790326702,0.0005399258693361262,125,8
3,383,emotion,0.18095023199594534,0.4941358774914925,-0.004596847444313804,0.008272590535693625,0.012869437980007429,0.6428089981786478,121,8
3,383,scandal,0.10493479068040472,0.4769065017800262,-0.013478477458569097,1.3888503097136193e-05,0.013492365961666234,0.0010293600941129288,72,8
3,383,duty,0.12781753317732586,0.5104665314401622,-0.01378301558892768,1.1764429072257124e-05,0.013794780017999938,0.0008528174466032547,85,8
3,383,class,0.14458921560084723,0.4653246243352251,-0.014125891646279167,1.0100806044322337e-05,0.01413599245232349,0.0007145452346324331,99,8
3,383,society,0.1928660017118801,0.4564713954884638,-0.014975456479729253,7.63347124471382e-06,0.014983089950973966,0.0005094724298647182,131,8
3,548,female,0.21038521732276902,0.4507604904073048,-0.02070685159285619,0.006585439665267561,0.02729229125812375,0.2412930304290983,152,15
3,548,male,0.2839885517786984,0.5893634462095086,0.056395641268182625,0.06767567405001428,0.011280032781831649,5.999599057284434,133,15
3,548,family,0.18996194970048194,0.5186305291347308,0.013473005830768513,0.03362128367590461,0.0201482778451361,1.6686926760021963,119,15
3,548,marriage,0.2138897991099428,0.3864302967563837,-0.02975755967571972,6.211102967664998e-06,0.029763770778687384,0.0002086799758552043,161,15
3,548,love,0.15873852681811795,0.5304458497394902,0.013730555985873139,0.0344934599204616,0.02076290393458846,1.661302293141106,87,15
3,548,wealth,0.17472828169306456,0.39994814814814816,-0.0277715268704915,7.999872002047968e-06,0.027779526742493548,0.00028797726022894465,125,15
3,548,emotion,0.21290280210309706,0.5703466820612543,0.012843217040440627,0.033065569164146054,0.020222352123705427,1.6351000595895178,121,15
3,548,scandal,0.1123675285760806,0.5119214914746112,-0.00970798408146758,0.013902391600233327,0.023610375681700907,0.5888255141327325,72,15
3,548,duty,0.11255766430848448,0.3999391480730223,-0.025851939489190096,1.1764429072257124e-05,0.025863703918262353,0.0004548625018667726,85,15
3,548,class,0.1297745338512145,0.4200663882642682,-0.026493339111129114,1.0100806044322337e-05,0.026503439917173438,0.0003811130206308127,99,15
3,548,society,0.17116314158455953,0.41625210852846156,-0.028084021616189416,7.63347124471382e-06,0.02809165508743413,0.00027173447846640645,131,15
3,570,female,0.21960280332099746,0.4952677746999077,0.0014664903247409693,0.01316430046973066,0.01169781014498969,1.1253645174130065,152,8
3,570,male,0.18593428231692766,0.4756557747752841,-0.0056335223499454565,0.007526202613494532,0.013159724963439989,0.5719118472332608,133,8
3,570,family,0.155581405431309,0.4539815926370548,-0.004410674020160536,0.008411623334061612,0.012822297354222148,0.6560153068541811,119,8
3,570,marriage,0.23123037790212586,0.47281376318643403,0.0005217182553563203,0.012428417038297659,0.011906698782941339,1.0438172044009348,161,8
3,570,love,0.11736859967073571,0.457751660501929,-0.013831018667021612,1.1493988643939221e-05,0.013842512655665551,0.000830339760491716,87,8
3,570,wealth,0.17636763738132377,0.4791185185185185,-0.014808611918324653,7.999872002047968e-06,0.014816611790326702,0.0005399258693361262,125,8
3,570,emotion,0.1762651153070347,0.471856769567331,0.005505707301094837,0.016536916745177765,0.011031209444082929,1.4991027799357903,121,8
3,570,scandal,0.12160081508371277,0.5529089376053963,-0.013478477458569097,1.3888503097136193e-05,0.013492365961666234,0.0010293600941129288,72,8
3,570,duty,0.1934754298242684,0.6035902636916836,-0.0002944545309187859,0.01177619350132938,0.012070648032248166,0.9756057395503769,85,8
3,570,class,0.15941143706482253,0.5484348788235713,-0.002258307392692555,0.010110906850366658,0.012369214243059213,0.8174251533578866,99,8
3,570,society,0.19827641052110545,0.5102352974812019,-0.014975456479729253,7.63347124471382e-06,0.014983089950973966,0.0005094724298647182,131,8
3,664,female,0.21187390325831296,0.4275161588180979,-0.005112370479722129,0.006585439665267561,0.01169781014498969,0.562963459235592,152,7
3,664,male,0.2316364268570823,0.5285912148793035,0.0150429220540095,0.02256357047262447,0.007520648418614969,3.000216100220205,133,7
3,664,family,0.23563548180880625,0.5726444423923416,0.01789025157592026,0.02521806356195694,0.007327811986036682,3.441417930286576,119,7
3,664,marriage,0.2265497073200835,0.4860248447204969,0.0025058373659947713,0.012428417038297659,0.009922579672302888,1.2525389009207788,161,7
3,664,love,0.15804523987356958,0.5000397725012926,0.014347252080049009,0.02299947127652238,0.00865221919647337,2.658216435760054,87,7
3,664,wealth,0.1974900508294276,0.5214222222222222,-0.003105049929943305,0.008007871874050014,0.01111292180399332,0.7205910393837085,125,7
3,664,emotion,0.16502040811842178,0.4473444336412251,-0.002758618908389304,0.008272590535693625,0.011031209444082929,0.7499259783686787,121,7
3,664,scandal,0.09308989020550167,0.4517753419524077,-0.011792142505229987,1.3888503097136193e-05,0.011806031008327124,0.0011763905317683692,72,7
3,664,duty,0.11174165152747381,0.4002231237322516,-0.012058883603175908,1.1764429072257124e-05,0.012070648032248166,0.0009746311084419351,85,7
3,664,class,0.16968120849159168,0.5873933683120962,-0.012359113437014891,1.0100806044322337e-05,0.012369214243059213,0.0008166085448130736,99,7
3,664,society,0.20110775033502182,0.5391543013980615,-0.013102804317377804,7.63347124471382e-06,0.013110437788622517,0.0005822438096427295,131,7
3,745,female,0.30592676656485285,0.580345234431107,0.027294484177527254,0.05263746529650925,0.025342981118981995,2.0770036897911184,152,21
3,745,male,0.18103203186073102,0.4308327208999943,-0.011272768488507261,0.02256357047262447,0.03383633896113173,0.6668443207723126,133,21
3,745,family,0.2168294788515424,0.5062178717640902,0.03318818080442604,0.058830944017747605,0.025642763213321564,2.2942513459271168,119,21
3,745,marriage,0.21987403243036044,0.4613156856945677,-0.025271830182943524,0.012428417038297659,0.037700247221241184,0.3296640726261747,161,21
3,745,love,0.23089913996433692,0.6586326214055602,0.016574055531158722,0.045987448564400825,0.029413393033242103,1.5634866916191463,87,21
3,745,wealth,0.1924825440675982,0.5282074074074075,-0.019179162839062333,0.016007743876097984,0.03518690671516032,0.4549346722980368,125,21
3,745,emotion,0.23528671145194957,0.5654320612542537,0.032121510061119546,0.057858547792598476,0.02573703773147893,2.2480655463928434,121,21
3,745,scandal,0.09730152458498277,0.4609331084879146,-0.019825993801502254,0.013902391600233327,0.03372838540173558,0.41218669183926476,72,21
3,745,duty,0.12113063572093989,0.4874036511156186,-0.00921960928768294,0.023540622573586505,0.032760231861269445,0.7185731368616676,85,21
3,745,class,0.15399085285623706,0.5330870542884677,-0.0014912556059549463,0.030312518939011334,0.03180377454496628,0.9531107351802026,99,21
3,745,society,0.16876672559225234,0.46038825513909143,-0.03931993459029813,7.63347124471382e-06,0.03932756806154285,0.00019409975294109897,131,21
3,776,female,0.2566571934988761,0.4936647173489279,0.006096040990062312,0.01974316127419376,0.013647120284131448,1.4466906469421212,152,10
3,776,male,0.1798671468880978,0.4343659901633783,5.469398011173632e-06,0.0150448865430595,0.015039417145048327,1.0003636708097168,133,10
3,776,family,0.15691920648923596,0.4315572382799273,-0.008073664265617512,0.008411623334061612,0.016485287599679124,0.5102503236713377,119,10
3,776,marriage,0.2420733093136666,0.5130508725229221,-0.0034465199659205765,0.012428417038297659,0.015874937004218236,0.7828955185278736,161,10
3,776,love,0.1174203720548079,0.4314719802728394,-0.017291214306483067,1.1493988643939221e-05,0.017302708295127006,0.0006642884135376661,87,10
3,776,wealth,0.16377062236881992,0.43992592592592594,-0.018512301904658038,7.999872002047968e-06,0.018520301776660086,0.000431951492912374,125,10
3,776,emotion,0.24480998509601393,0.5398334953816237,0.03213691446547177,0.041329895373630195,0.009192980908158427,4.495809986122744,121,10
3,776,scandal,0.09824272122550518,0.4774451939291737,-0.016851147365247322,1.3888503097136193e-05,0.01686503586834446,0.0008235086604459168,72,10
3,776,duty,0.16778827941252683,0.5927586206896551,-0.003742718502422332,0.01177619350132938,0.015518912003751712,0.7588285504630509,85,10
3,776,class,0.12374253044901594,0.4189956098083306,-0.017659448064807723,1.0100806044322337e-05,0.017669548870852047,0.0005716504771897786,99,10
3,776,society,0.1615802241675313,0.4061383194670784,-0.018720760804432156,7.63347124471382e-06,0.01872839427567687,0.000407588132326969,131,10
3,805,female,0.3230603394826967,0.5745998768851954,0.03168055382087688,0.03947974368758306,0.0077991898667061745,5.062031359315332,152,10
3,805,male,0.262725602974625,0.5593165243936911,0.00940384550918448,0.02256357047262447,0.013159724963439989,1.7145928606863297,133,10
3,805,family,0.16977784316860828,0.47034198294702495,-0.01830837950229366,8.403220113947665e-06,0.01831678272240761,0.0004587716216783485,119,10
3,805,marriage,0.23742279913640596,0.5201863354037267,-0.01983696412252747,6.211102967664998e-06,0.019843175225495134,0.00031300953082205157,161,10
3,805,love,0.16186110106066498,0.4444179294435827,0.048829218011866675,0.05748143720834004,0.00865221919647337,6.643548423406313,87,10
3,805,wealth,0.15790570757822278,0.4317333333333333,-0.018512301904658038,7.999872002047968e-06,0.018520301776660086,0.000431951492912374,125,10
3,805,emotion,0.16122566007705255,0.43127126883811373,-0.018375859261571443,8.26432620948414e-06,0.018384123587780927,0.0004495360450322211,121,10
3,805,scandal,0.09366406446513173,0.47299512834925994,-0.016851147365247322,1.3888503097136193e-05,0.01686503586834446,0.0008235086604459168,72,10
3,805,duty,0.10772141593130517,0.4075456389452333,-0.017231279560431228,1.1764429072257124e-05,0.017243043989503486,0.0006822710119359622,85,10
3,805,class,0.13265746840647943,0.45618731484455866,-0.017659448064807723,1.0100806044322337e-05,0.017669548870852047,0.0005716504771897786,99,10
3,805,society,0.1719561279755489,0.4768562198015839,-0.018720760804432156,7.63347124471382e-06,0.01872839427567687,0.000407588132326969,131,10
3,856,female,0.20364310374402828,0.45869241817995277,-0.019488471840752256,6.578860804463099e-06,0.01949505070155672,0.00033746312871093485,152,10
3,856,male,0.17770429326353787,0.47591723670077446,-0.018791282824335443,7.518683929564969e-06,0.018798801508265007,0.00039995549321904266,133,10
3,856,family,0.15726289681033168,0.4310339520423554,-0.01830837950229366,8.403220113947665e-06,0.01831678272240761,0.0004587716216783485,119,10
3,856,marriage,0.24608908692489453,0.5252760524499654,-0.01983696412252747,6.211102967664998e-06,0.019843175225495134,0.00031300953082205157,161,10
3,856,love,0.1287347404769024,0.5132840154317304,-0.017291214306483067,1.1493988643939221e-05,0.017302708295127006,0.0006642884135376661,87,10
3,856,wealth,0.19039582425333867,0.5093185185185185,0.0011911320857712817,0.016007743876097984,0.014816611790326702,1.0803916645415885,125,10
3,856,emotion,0.26104608453548206,0.6260026737967914,0.022034359720063124,0.033065569164146054,0.011031209444082929,2.997456383070014,121,10
3,856,scandal,0.13262121634142907,0.5793516957092,-0.001276309314772019,0.013902391600233327,0.015178700915005346,0.9159144565246554,72,10
3,856,duty,0.12417840381385709,0.4675659229208925,0.009745842555586567,0.023540622573586505,0.013794780017999938,1.7064877106531127,85,10
3,856,class,0.14627007060771752,0.4761216404325945,-0.005791863811221109,0.010110906850366658,0.015902770661587767,0.6357953003845538,99,10
3,856,society,0.16682517765734228,0.43960316779598024,-0.018720760804432156,7.63347124471382e-06,0.01872839427567687,0.000407588132326969,131,10
3,914,female,0.2145841563390602,0.4705806914948189,-0.00828006037096782,0.01316430046973066,0.02144436084069848,0.6138816897789151,152,13
3,914,male,0.1669214166221375,0.4028068291028322,-0.024430359369160465,7.518683929564969e-06,0.02443787805309003,0.0003076651709662906,133,13
3,914,family,0.17982190122859248,0.5039092560100964,-0.0033334343971268207,0.01681484344800928,0.0201482778451361,0.8345548724519856,119,13
3,914,marriage,0.26610362800606646,0.5620255348516218,-0.017594099376139375,0.006217314070632662,0.023811413446772036,0.26110646830225853,161,13
3,914,love,0.15936399152450248,0.540349202561349,0.030414838089004546,0.045987448564400825,0.015572610475396279,2.9530982383528395,87,13
3,914,wealth,0.20734626251001503,0.550162962962963,-0.004364402893728796,0.016007743876097984,0.02037214676982678,0.7857661765436186,125,13
3,914,emotion,0.15495969164374485,0.4270326932425863,-0.013787990123936306,0.008272590535693625,0.02206058065962993,0.37499423351340766,121,13
3,914,scandal,0.10012849081637569,0.4468334270189245,-0.0063353141747893565,0.013902391600233327,0.020237705775022683,0.686954922365986,72,13
3,914,duty,0.14223389460861924,0.5068356997971603,0.01806200765634014,0.035305051645843626,0.017243043989503486,2.0474953068198225,85,13
3,914,class,0.1277739754149312,0.41266017061070065,-0.011092198439013944,0.010110906850366658,0.021203105289380603,0.47685971992761655,99,13
3,914,society,0.18885068422202392,0.48837807702204306,-0.005326470477355969,0.015274575960672354,0.020601046438028323,0.7414466059226457,131,13
3,994,female,0.22857142857142856,0.4922027290448343,-0.013640541423326985,6.578860804463099e-06,0.013647120284131448,0.00048206952580543853,152,7
3,994,male,0.2,0.4924812030075188,-0.013152206279510423,7.518683929564969e-06,0.013159724963439989,0.0005713405067265345,133,7
3,994,family,0.17894736842105263,0.4926739926739927,-0.0128138941341082,8.403220113947665e-06,0.012822297354222148,0.0006553599469072738,119,7
3,994,marriage,0.2426718971341397,0.4961796312727989,-0.005689384712308677,0.006217314070632662,0.011906698782941339,0.522169426089623,161,7
3,994,love,0.13082706766917293,0.4930795847750865,-0.012100920847290886,1.1493988643939221e-05,0.012112414835934825,0.0009489427829775269,87,7
3,994,wealth,0.18810526315789472,0.5023555555555556,-0.003105049929943305,0.008007871874050014,0.01111292180399332,0.7205910393837085,125,7
3,994,emotion,0.18182853828786844,0.49767561983471076,-0.002758618908389304,0.008272590535693625,0.011031209444082929,0.7499259783686787,121,7
3,994,scandal,0.13304093567251463,0.5089703953531945,0.019357533595720615,0.027790894697369516,0.0084333611016489,3.295352156643744,72,7
3,994,duty,0.12925696594427244,0.4998580121703854,0.0014296774548329862,0.01177619350132938,0.010346516046496394,1.138179600482902,85,7
3,994,class,0.15525556315029998,0.5106899382517757,0.023243639323744958,0.030312518939011334,0.007068879615266378,4.2881645443866985,99,7
3,994,society,0.23314918976831392,0.5257597850015725,0.04393393612501383,0.04580846093952764,0.0018745248145138032,24.437372373206827,131,7
3,1013,female,0.28499373433583963,0.5366651277316097,0.04605665518190701,0.04605860449204616,1.949310139141758e-06,23628.14410034348,152,7
3,1013,male,0.20002891844997106,0.4998869353835717,-0.0037538301683371165,0.007526202613494532,0.011280032781831649,0.6672146046374534,133,7
3,1013,family,0.19948347760156696,0.5221473204666482,0.02812496681259642,0.03362128367590461,0.005496316863308193,6.1170570230827535,119,7
3,1013,marriage,0.25467473030402094,0.4976215123730651,0.010701059444298219,0.018639520005962657,0.007938460561664439,2.348001839755509,161,7
3,1013,love,0.13082706766917293,0.4870242214532872,-0.012100920847290886,1.1493988643939221e-05,0.012112414835934825,0.0009489427829775269,87,7
3,1013,wealth,0.18735505430242272,0.49102222222222225,-0.012956766925157964,7.999872002047968e-06,0.012964766797160012,0.0006170471190568061,125,7
3,1013,emotion,0.18104144659168583,0.49117343218279047,-0.012861173653797945,8.26432620948414e-06,0.012869437980007429,0.0006421668313473005,121,7
3,1013,scandal,0.10866253629411524,0.5027403035413153,-0.011792142505229987,1.3888503097136193e-05,0.011806031008327124,0.0011763905317683692,72,7
3,1013,duty,0.12710010319917442,0.49367139959432044,-0.012058883603175908,1.1764429072257124e-05,0.012070648032248166,0.0009746311084419351,85,7
3,1013,class,0.14887218045112782,0.48674911660777387,-0.012359113437014891,1.0100806044322337e-05,0.012369214243059213,0.0008166085448130736,99,7
3,1013,society,0.19699248120300752,0.4859550561797753,-0.013102804317377804,7.63347124471382e-06,0.013110437788622517,0.0005822438096427295,131,7
3,1021,female,0.22905166395490073,0.42678516466605104,0.0017099713467126874,0.03290088288311996,0.03119091153640727,1.0548227435950988,152,21
3,1021,male,0.17880826663754631,0.41894680309797044,-0.039467896822027185,7.518683929564969e-06,0.03947541550595675,0.0001904649725153609,133,21
3,1021,family,0.16303522773353724,0.45718287314925965,-0.028220110615630886,0.008411623334061612,0.0366317339496925,0.22962667684210444,119,21
3,1021,marriage,0.24576346211626232,0.5072956718919451,-0.0006861639480331833,0.031061725941292653,0.03174788988932584,0.9783871006418519,161,21
3,1021,love,0.12214748680333481,0.4468440520224317,-0.009874117396181183,0.02299947127652238,0.03287358867270356,0.6996337243496709,87,21
3,1021,wealth,0.19535417658266852,0.5329481481481481,-0.019179162839062333,0.016007743876097984,0.03518690671516032,0.4549346722980368,125,21
3,1021,emotion,0.181431326960613,0.4617312834224599,0.0018138458248936201,0.033065569164146054,0.031251723339252434,1.058039865646621,121,21
3,1021,scandal,0.1468486252471843,0.5523468240584597,0.04247335840039897,0.0694564039887781,0.026983045588379134,2.574075775053244,72,21
3,1021,duty,0.11605542776973339,0.43405679513184586,-0.00921960928768294,0.023540622573586505,0.032760231861269445,0.7185731368616676,85,21
3,1021,class,0.16350079732767187,0.5218081878859264,-0.0014912556059549463,0.030312518939011334,0.03180377454496628,0.9531107351802026,99,21
3,1021,society,0.17329370216727844,0.4402464476656088,-0.03931993459029813,7.63347124471382e-06,0.03932756806154285,0.00019409975294109897,131,21
3,1072,female,0.29881185206864846,0.5715540679183339,0.04167058553855739,0.05921632610097235,0.017545740562414962,3.3749687502188257,152,18
3,1072,male,0.2650389143626538,0.5881056023517439,0.022561436389837694,0.04511962226131938,0.022558185871481687,2.000144094758966,133,18
3,1072,family,0.34702892541924724,0.668336565395389,0.06938681188263997,0.0840406043595906,0.014653792476950634,5.735075372880118,119,18
3,1072,marriage,0.2063243727823905,0.4030735482598837,-0.027514694929331625,0.006217314070632662,0.033732008999964286,0.18431496536286734,161,18
3,1072,love,0.12038307165110529,0.4198981823966909,0.008540262526680956,0.0344934599204616,0.025953197393780644,1.3290639837463132,87,18
3,1072,wealth,0.15184502028566427,0.40108888888888894,-0.03332706184999158,7.999872002047968e-06,0.03333506172199363,0.00023998371650021187,125,18
3,1072,emotion,0.15149093347693218,0.40796669907632477,-0.012876578058150168,0.016536916745177765,0.029413494803327934,0.5622220975504246,121,18
3,1072,scandal,0.09230256929746933,0.4402637249391044,-0.03034182699196022,1.3888503097136193e-05,0.030355715495057358,0.0004575251437884919,72,18
3,1072,duty,0.15158031786560522,0.5361764705882353,0.009441347727581272,0.035305051645843626,0.025863703918262353,1.3650423681021844,85,18
3,1072,class,0.11701021572269223,0.38794303458614415,-0.03179367373892196,1.0100806044322337e-05,0.03180377454496628,0.0003175977124892378,99,18
3,1072,society,0.1655097233391627,0.4275023586928553,-0.024195854696178503,0.007641104715958534,0.03183695941213704,0.24000736429640163,131,18
3,1114,female,0.2358170021053873,0.5190892069354673,-0.002188648931570829,0.03290088288311996,0.03508953181469079,0.9376267274221042,152,23
3,1114,male,0.20965103109171102,0.5224362598224885,0.003764599370622679,0.03760093833175441,0.03383633896113173,1.1112590630397652,133,23
3,1114,family,0.18527702538898166,0.5258641918305784,-0.011413670387735556,0.02521806356195694,0.0366317339496925,0.6884212359671883,119,23
3,1114,marriage,0.22412272609652809,0.47539559301981665,-0.012849624247613527,0.024850622973627657,0.037700247221241184,0.6591633955908672,161,23
3,1114,love,0.12429247833846765,0.4766038261146244,0.013113859891697263,0.045987448564400825,0.03287358867270356,1.3989178066581875,87,23
3,1114,wealth,0.17584087861968012,0.46771851851851853,0.006672298160248259,0.04000735988224189,0.03333506172199363,1.2001585662175598,125,23
3,1114,emotion,0.15113962010479398,0.3785093582887701,-0.03217027548318131,0.008272590535693625,0.04044286601887494,0.2045500566559305,121,23
3,1114,scandal,0.09545095854482616,0.46423552557616643,-0.03877350175865578,1.3888503097136193e-05,0.038787390261752916,0.00035806748025718976,72,23
3,1114,duty,0.18635329232482942,0.5454259634888439,0.054774932030857995,0.08236276793487213,0.02758783590401413,2.9854740407493354,85,23
3,1114,class,0.1309542874359152,0.4518060463290145,-0.028759980531656733,0.010110906850366658,0.03887088738202339,0.26011515381000877,99,23
3,1114,society,0.19134799873475,0.4847328244274809,0.004465378120325325,0.03817498969481382,0.03370961157448849,1.1324660211324495,131,23
3,1124,female,0.2908699902026729,0.5913165589412126,0.013893281546629345,0.01974316127419376,0.0058498797275644155,3.3749687498342484,152,6
3,1124,male,0.3149042830054929,0.6589688506981739,0.026320990346791154,0.03008225440218944,0.0037612640553982882,7.997910795711485,133,6
3,1124,family,0.2983574614123414,0.5881429494874872,0.05042589240867721,0.05042772390379994,1.8314951227284884e-06,27533.623073509305,119,6
3,1124,marriage,0.2617837793647727,0.5292196588780439,0.0044899564766332205,0.012428417038297659,0.007938460561664439,1.565595361996259,161,6
3,1124,love,0.10602989133766588,0.3821242492940381,-0.010370823027560159,1.1493988643939221e-05,0.010382317016204097,0.0011070735583293227,87,6
3,1124,wealth,0.15299477176984072,0.3837407407407407,-0.01110492193199127,7.999872002047968e-06,0.01111292180399332,0.0007198711682154931,125,6
3,1124,emotion,0.14602107398991396,0.35730888429752067,-0.011022945117873445,8.26432620948414e-06,0.011031209444082929,0.0007491768015671116,121,6
3,1124,scandal,0.08594001343582647,0.39540003747423647,-0.010105807551890875,1.3888503097136193e-05,0.010119696054988012,0.001372422948307633,72,6
3,1124,duty,0.11014937608473585,0.41373225152129817,-0.010334751617424136,1.1764429072257124e-05,0.010346516046496394,0.0011370425579249773,85,6
3,1124,class,0.11818230764083315,0.3675982439233323,-0.010592335227750613,1.0100806044322337e-05,0.010602436033794935,0.0009526872891450271,99,6
3,1124,society,0.16007006371586618,0.42424307402007033,-0.011230152155026351,7.63347124471382e-06,0.011237785626271065,0.0006792682738305178,131,6
3,1137,female,0.2539473684210526,0.5164473684210527,0.032898933572980814,0.03290088288311996,1.949310139141758e-06,16878.210062250786,152,5
3,1137,male,0.2,0.49530075187969924,-0.009392821916293743,7.518683929564969e-06,0.009400340600223309,0.0007998310112919236,133,5
3,1137,family,0.17894736842105263,0.49542124542124544,-0.009150903888651222,8.403220113947665e-06,0.00915930710876517,0.0009174515073294785,119,5
3,1137,marriage,0.24210526315789474,0.49503968253968256,-0.009916368569335223,6.211102967664998e-06,0.009922579672302888,0.0006259564722242773,161,5
3,1137,love,0.13082706766917293,0.49567474048442905,-0.008640725207829431,1.1493988643939221e-05,0.00865221919647337,0.0013284439958820863,87,5
3,1137,wealth,0.18796992481203006,0.49537037037037035,-0.00925307693882458,7.999872002047968e-06,0.009261076810826628,0.0008638166127541378,125,5
3,1137,emotion,0.18210402038153237,0.5004253767622752,0.0009178381634596978,0.008272590535693625,0.007354752372233927,1.1247952501840819,121,5
3,1137,scandal,0.10827067669172932,0.4957841483979764,-0.008419472598551763,1.3888503097136193e-05,0.0084333611016489,0.0016468526519958745,72,5
3,1137,duty,0.12781954887218044,0.4956896551724138,-0.008610619631672362,1.1764429072257124e-05,0.00862238406074462,0.0013644055968758083,85,5
3,1137,class,0.14887218045112782,0.495583038869258,-0.008825557018486335,1.0100806044322337e-05,0.008835657824530658,0.0011431866470808807,99,5
3,1137,society,0.19699248120300752,0.4953183520599251,-0.009357499992674899,7.63347124471382e-06,0.009365133463919612,0.0008150947632842244,131,5
3,1140,female,0.2670340970516948,0.50554657843439,0.04386337669967085,0.07895290851436164,0.03508953181469079,2.250041662825969,152,30
3,1140,male,0.21444067838124686,0.5019927638645485,0.028200258544057527,0.06767567405001428,0.03947541550595675,1.7143752176107634,133,30
3,1140,family,0.2910328351554393,0.5832486840890203,0.0883477313566027,0.11765348481538125,0.029305753458778543,4.014688957813622,119,30
3,1140,marriage,0.19723853644291303,0.35825199645075423,-0.02673845802208268,0.024850622973627657,0.051589080995710336,0.48170315294456006,161,30
3,1140,love,0.10370724174276733,0.38208447679274543,-0.05189317070109763,1.1493988643939221e-05,0.051904664689741566,0.00022144423266045004,87,30
3,1140,wealth,0.16531938989384648,0.4548888888888889,-0.025994050782347903,0.02400761587814595,0.050001666660493854,0.4801363130688232,125,30
3,1140,emotion,0.1530587076715308,0.4020949805542051,-0.024832765743835535,0.024801242954661906,0.04963400869849744,0.49968244767046244,121,30
3,1140,scandal,0.09798934924852779,0.478991006183249,-0.03500300838155426,0.013902391600233327,0.04890539998178759,0.2842710949123475,72,30
3,1140,duty,0.11260276106362013,0.43850912778904666,-0.0382253582174578,0.01177619350132938,0.05000155171878718,0.23551656091243206,85,30
3,1140,class,0.1326171040475563,0.4850091016168755,-0.052995012250093294,1.0100806044322337e-05,0.053005113056137615,0.00019056286199095604,99,30
3,1140,society,0.18267459587852136,0.5008219687223032,-0.03716155723733066,0.015274575960672354,0.05243613319800301,0.29129867190441067,131,30
3,1167,female,0.22001423162715122,0.46315532984508057,-0.003163060340580371,0.006585439665267561,0.009748500005847932,0.6755336370356005,152,6
3,1167,male,0.1886302612200659,0.49765390920911295,-0.0018741379867287765,0.007526202613494532,0.009400340600223309,0.8006308423032154,133,6
3,1167,family,0.20400937951836567,0.5563456151691446,-0.000747683774703559,0.008411623334061612,0.00915930710876517,0.9183689588368078,119,6
3,1167,marriage,0.23116273156552797,0.4841146603568964,0.0044899564766332205,0.012428417038297659,0.007938460561664439,1.565595361996259,161,6
3,1167,love,0.12889433439426162,0.48063079187050073,-0.010370823027560159,1.1493988643939221e-05,0.010382317016204097,0.0011070735583293227,87,6
3,1167,wealth,0.218226839514749,0.5529481481481482,0.008598512058438049,0.016007743876097984,0.007409231817659936,2.160513298528863,125,6
3,1167,emotion,0.17430405165177504,0.4761940933398153,-0.011022945117873445,8.26432620948414e-06,0.011031209444082929,0.0007491768015671116,121,6
3,1167,scandal,0.12607037814150585,0.5685075885328836,-0.010105807551890875,1.3888503097136193e-05,0.010119696054988012,0.001372422948307633,72,6
3,1167,duty,0.1604724960330618,0.5423326572008114,0.00315380944058476,0.01177619350132938,0.00862238406074462,1.3657700024726838,85,6
3,1167,class,0.20233301891175723,0.5969232965699397,-0.010592335227750613,1.0100806044322337e-05,0.010602436033794935,0.0009526872891450271,99,6
3,1167,society,0.3780807339387501,0.7322669182605711,0.017288218066169467,0.022908047205386174,0.005619829139216707,4.076288910894329,131,6
3,1230,female,0.25416767605501916,0.5643467220683287,0.0053646232819017994,0.06579518690543544,0.06043056362353364,1.0887733451276942,152,41
3,1230,male,0.25472789273733915,0.5229521171349426,0.02632039676871241,0.08271304190914422,0.05639264514043181,1.4667345662134006,133,41
3,1230,family,0.16616586011622814,0.492558561886293,-0.05461529783352449,0.01681484344800928,0.07143014128153377,0.23540263460350838,119,41
3,1230,marriage,0.2935982140727337,0.5979431627723553,0.008802786309018505,0.06832834374728264,0.05952555743826413,1.1478824674090666,161,41
3,1230,love,0.11732514503009148,0.45738376486497234,-0.03125198732712578,0.0344934599204616,0.06574544724758738,0.5246516886567036,87,41
3,1230,wealth,0.1629440961298508,0.4386,-0.04636434570718151,0.02400761587814595,0.07037196158532746,0.3411531430553497,125,41
3,1230,emotion,0.15631627745743948,0.43275249149246475,-0.024848170148187736,0.041329895373630195,0.06617806552181793,0.6245255893643462,121,41
3,1230,scandal,0.09857755032819579,0.4777145400037474,-0.05355269286828449,0.013902391600233327,0.06745508446851782,0.20609849812753042,72,41
3,1230,duty,0.1188369625220247,0.4642697768762678,-0.04370224900271841,0.023540622573586505,0.06724287157630492,0.3500835407738845,85,41
3,1230,class,0.13386826460952161,0.42158332441017954,-0.024959235537653883,0.04041332498333367,0.06537256052098755,0.6182001234254999,99,41
3,1230,society,0.15571135319625223,0.3670769362724076,-0.04825460761613135,0.022908047205386174,0.07116265482151753,0.3219110819083373,131,41
3,1355,female,0.290278327397441,0.5363701651790295,0.0723720983997594,0.07237404770989854,1.949310139141758e-06,37128.01217652887,152,11
3,1355,male,0.19974937343358395,0.48596585448583873,-0.011272598894770475,0.007526202613494532,0.018798801508265007,0.40035544871226164,133,11
3,1355,family,0.2202488012748959,0.5279804229384061,0.04126841679503477,0.05042772390379994,0.00915930710876517,5.505626495484201,119,11
3,1355,marriage,0.24566851912389667,0.4926550330277038,0.0027645830017444216,0.018639520005962657,0.015874937004218236,1.1741476517252118,161,11
3,1355,love,0.13082706766917293,0.4826989619377163,-0.019021312126213795,1.1493988643939221e-05,0.019032806114857734,0.0006039040472525317,87,11
3,1355,wealth,0.18676784721985962,0.49610370370370377,-0.02036414689782473,7.999872002047968e-06,0.02037214676982678,0.0003926867448993596,125,11
3,1355,emotion,0.18061695686750062,0.49159880894506564,-0.010111533052087302,0.008272590535693625,0.018384123587780927,0.44998558107725334,121,11
3,1355,scandal,0.10749791144527987,0.49072512647554806,-0.018537482318586433,1.3888503097136193e-05,0.01855137082168357,0.0007486510420110904,72,11
3,1355,duty,0.12705108359133127,0.4893914807302231,-0.018955411546183,1.1764429072257124e-05,0.018967175975255258,0.000620252012581359,85,11
3,1355,class,0.14754816333763704,0.49395010172395326,-0.019426226274072003,1.0100806044322337e-05,0.019436327080116327,0.0005196869759480399,99,11
3,1355,society,0.19699248120300752,0.4812734082397004,-0.02059341296678361,7.63347124471382e-06,0.020601046438028323,0.00037053803394435065,131,11
3,1496,female,0.3132777184212562,0.581929055093875,0.09283912387906386,0.15132037736345574,0.058481253484391885,2.5875022908196432,152,53
3,1496,male,0.23308820531636698,0.4700944089547176,0.031959218922932256,0.10526909369783911,0.07330987477490686,1.435946985581751,133,53
3,1496,family,0.17110802395057373,0.5027472527472527,-0.05612380883291404,0.03362128367590461,0.08974509250881865,0.3746308877248774,119,53
3,1496,marriage,0.2655083342480157,0.5727348910578723,-0.015006643018642893,0.06832834374728264,0.08333498676592553,0.8199238566916193,161,53
3,1496,love,0.10164909628290748,0.3439525911784592,-0.06523724762756446,0.02299947127652238,0.08823671890408684,0.26065646549326144,87,53
3,1496,wealth,0.1667066649753138,0.46828148148148147,-0.04888305163475249,0.04000735988224189,0.08889041151699438,0.45007508907913046,125,53
3,1496,emotion,0.14136577931660846,0.37095132474477394,-0.07721457681550768,0.016536916745177765,0.09375149356068545,0.17639096847344632,121,53
3,1496,scandal,0.10522141178267075,0.5184911935544313,-0.07378871230835383,0.013902391600233327,0.08769110390858716,0.1585382208732053,72,53
3,1496,duty,0.12372633427832722,0.4912778904665315,-0.01043758859970409,0.070598338862615,0.0810359274623191,0.8711980114569717,85,53
3,1496,class,0.15872336773845602,0.5021504800656744,0.013177347219107849,0.09091735520494536,0.07774000798583751,1.169505349424957,99,53
3,1496,society,0.21155727215752784,0.5838908425536781,-0.032701939936087686,0.05344193218424146,0.08614387212032915,0.6203799628251129,131,53
3,1578,female,0.2935728744939272,0.5418462090899764,0.0723720983997594,0.07237404770989854,1.949310139141758e-06,37128.01217652887,152,11
3,1578,male,0.19890201694712972,0.4961275368873312,-0.011272598894770475,0.007526202613494532,0.018798801508265007,0.40035544871226164,133,11
3,1578,family,0.20360828541943093,0.5180995475113123,0.04126841679503477,0.05042772390379994,0.00915930710876517,5.505626495484201,119,11
3,1578,marriage,0.24321362412241784,0.4984102336586808,0.0027645830017444216,0.018639520005962657,0.015874937004218236,1.1741476517252118,161,11
3,1578,love,0.13028116267680698,0.49441196356838885,-0.019021312126213795,1.1493988643939221e-05,0.019032806114857734,0.0006039040472525317,87,11
3,1578,wealth,0.18796992481203006,0.48703703703703705,-0.02036414689782473,7.999872002047968e-06,0.02037214676982678,0.0003926867448993596,125,11
3,1578,emotion,0.18120244262045046,0.49213052989790956,-0.010111533052087302,0.008272590535693625,0.018384123587780927,0.44998558107725334,121,11
3,1578,scandal,0.10827067669172932,0.4881956155143339,-0.018537482318586433,1.3888503097136193e-05,0.01855137082168357,0.0007486510420110904,72,11
3,1578,duty,0.127156125608138,0.4945436105476673,-0.018955411546183,1.1764429072257124e-05,0.018967175975255258,0.000620252012581359,85,11
3,1578,class,0.14887218045112782,0.4876325088339223,-0.019426226274072003,1.0100806044322337e-05,0.019436327080116327,0.0005196869759480399,99,11
3,1578,society,0.19699248120300752,0.4868913857677903,-0.02059341296678361,7.63347124471382e-06,0.020601046438028323,0.00037053803394435065,131,11
3,1643,female,0.29631759675290764,0.5564404432132963,0.0075579017641379635,0.03290088288311996,0.025342981118981995,1.2982246534989856,152,18
3,1643,male,0.26076649782113087,0.6172338741590819,0.003764684167491074,0.03008225440218944,0.026317570234698367,1.1430483183962206,133,18
3,1643,family,0.2534742582067875,0.5957459907039739,0.02844795093593535,0.05042772390379994,0.02197977296786459,2.29427865225147,119,18
3,1643,marriage,0.30966772835147677,0.5634427684117125,0.029851859618792505,0.04969503484428764,0.019843175225495134,2.504389256107234,161,18
3,1643,love,0.11429667624886589,0.4163186572803564,-0.004683823936988997,0.02299947127652238,0.027683295213511375,0.8308068493401837,87,18
3,1643,wealth,0.17169179776726398,0.46514074074074074,0.006079806130867064,0.03200748788019392,0.025927681749326855,1.2344909270490572,125,18
3,1643,emotion,0.1550294106185088,0.41770478852698106,-0.02297913280355881,0.008272590535693625,0.031251723339252434,0.264708299303241,121,18
3,1643,scandal,0.09462612675893906,0.4368090687652239,-0.014766988941484918,0.013902391600233327,0.028669380541718244,0.4849212413054528,72,18
3,1643,duty,0.1202386531397234,0.4860446247464504,-0.017535774388436523,0.01177619350132938,0.0293119678897659,0.40175376642109434,85,18
3,1643,class,0.1367099313820766,0.47164221722525607,-0.03179367373892196,1.0100806044322337e-05,0.03180377454496628,0.0003175977124892378,99,18
3,1643,society,0.1878079962397215,0.49528261428939013,-0.014689731289113233,0.015274575960672354,0.029964307249785587,0.5097590220535432,131,18
3,1664,female,0.23902379188859574,0.4962937314045348,-0.007549129983929991,0.01974316127419376,0.02729229125812375,0.7233969873303938,152,17
3,1664,male,0.19534960004053642,0.5093419639323873,-0.013152375873247208,0.0150448865430595,0.02819726241630671,0.5335584114656947,133,17
3,1664,family,0.21770806866844516,0.5830332132853142,-0.00042469965136462257,0.02521806356195694,0.025642763213321564,0.9834378358987683,119,17
3,1664,marriage,0.23537819772088805,0.4368283545302179,0.015445534572824066,0.03727282890895765,0.021827294336133587,1.7076247900110744,161,17
3,1664,love,0.19404737195623128,0.6434991846637235,-0.002953726117258266,0.02299947127652238,0.025953197393780644,0.886190280398658,87,17
3,1664,wealth,0.1663311861758104,0.4292740740740741,-0.011771782866395564,0.016007743876097984,0.027779526742493548,0.5762424977181182,125,17
3,1664,emotion,0.20806548023264493,0.5457431939718036,-0.011038349522225665,0.016536916745177765,0.02757526626740343,0.599701072120789,121,17
3,1664,scandal,0.09302748352626752,0.444022859284242,-0.028655492038621107,1.3888503097136193e-05,0.028669380541718244,0.00048443680450095195,72,17
3,1664,duty,0.11071600674163039,0.43462474645030424,-0.002323081344675848,0.023540622573586505,0.025863703918262353,0.9101798662354119,85,17
3,1664,class,0.14242178391127386,0.5142591997715673,0.005575857231102172,0.030312518939011334,0.024736661707909162,1.2254086382276057,99,17
3,1664,society,0.3760092531006628,0.6302427309374732,0.08224415494389095,0.09160928840781056,0.009365133463919612,9.781952254173978,131,17
3,1768,female,0.24787171924304893,0.5012824458807839,0.012918382816497126,0.04605860449204616,0.03314022167554903,1.3898097888898113,152,24
3,1768,male,0.2586064406993366,0.498233365368308,0.039478411633707564,0.06767567405001428,0.02819726241630671,2.400079591005856,133,24
3,1768,family,0.1560773618660762,0.4410995167297689,-0.043949311220492504,8.403220113947665e-06,0.04395771444060645,0.00019116599260661122,119,24
3,1768,marriage,0.2191579122040797,0.4373459528739031,-0.031224187514858878,0.012428417038297659,0.04365260455315654,0.284711924184928,161,24
3,1768,love,0.13262182396328356,0.5371674024579406,-0.001840324391703417,0.0344934599204616,0.03633378431216502,0.9493494986142524,87,24
3,1768,wealth,0.1695508553253363,0.4642518518518518,-0.024734697818562412,0.016007743876097984,0.040742441694660396,0.39290094579194107,125,24
3,1768,emotion,0.16051418654803348,0.44515678172095285,-0.013803394528288528,0.024801242954661906,0.038604637482950434,0.642442063209966,121,24
3,1768,scandal,0.09670438172120598,0.4781244144650552,-0.04045983671199489,1.3888503097136193e-05,0.04047372521509203,0.00034314862353253896,72,24
3,1768,duty,0.15999408225300885,0.5515821501014198,-0.0009034441869293711,0.035305051645843626,0.036208495832773,0.9750488340615714,85,24
3,1768,class,0.14228260213285254,0.514758896384338,-0.03052675874092101,0.010110906850366658,0.04063766559128767,0.24880629098649643,99,24
3,1768,society,0.19148442918328856,0.5211853503731023,-0.03543176767028722,0.007641104715958534,0.04307287238624575,0.1773994696072587,131,24
3,1777,female,0.22524420585234659,0.46024417769570125,-0.017052199657667064,0.03947974368758306,0.05653194334525012,0.6983616934195104,152,35
3,1777,male,0.22264129511499223,0.4806518175137091,0.04699692596953575,0.09023172583870918,0.04323479986917343,2.0870161561903684,133,35
3,1777,family,0.22663691511425704,0.5662726629113184,0.04848611003293181,0.09244382447353826,0.04395771444060645,2.1030170846653298,119,35
3,1777,marriage,0.23263679346069333,0.47925909494232477,-0.02026860941866803,0.03727282890895765,0.057541438327625684,0.6477562951431332,161,35
3,1777,love,0.11459813912751599,0.4640456588314839,-0.03409548687241136,0.02299947127652238,0.05709495814893374,0.402828411155409,87,35
3,1777,wealth,0.16943501935984145,0.4816888888888889,-0.035253275748181365,0.02400761587814595,0.05926089162632731,0.4051173584954159,125,35
3,1777,emotion,0.16055931184817324,0.4654837141468157,-0.04412646316886667,0.016536916745177765,0.060663379914044434,0.27260130853798065,121,35
3,1777,scandal,0.09416460956064537,0.47058272437699084,-0.059009521198725115,1.3888503097136193e-05,0.05902340970182225,0.0002353049945278255,72,35
3,1777,duty,0.10339442081602422,0.375131845841785,-0.04684601814621667,0.01177619350132938,0.058622211647546045,0.20088279118383373,85,35
3,1777,class,0.14004654647821396,0.46757325909269376,-0.014358566282068226,0.04041332498333367,0.0547718912654019,0.7378479006096319,99,35
3,1777,society,0.21558116985972614,0.5790805386396776,-0.02751257123495737,0.0305415184501,0.05805408968505737,0.5260872854136759,131,35
3,1803,female,0.2113449415421555,0.3584051503026572,-0.015589851562468742,6.578860804463099e-06,0.015596430423273204,0.00042181836647853824,152,8
3,1803,male,0.23718864406553966,0.5671603821584036,-0.0056335223499454565,0.007526202613494532,0.013159724963439989,0.5719118472332608,133,8
3,1803,family,0.17877141374263528,0.5168990673192354,-0.004410674020160536,0.008411623334061612,0.012822297354222148,0.6560153068541811,119,8
3,1803,marriage,0.23604035943866816,0.46513605442176875,0.00871694033365977,0.018639520005962657,0.009922579672302888,1.878495373145056,161,8
3,1803,love,0.14559584369692685,0.4711848228135067,0.012617154260318281,0.02299947127652238,0.010382317016204097,2.2152541902169745,87,8
3,1803,wealth,0.1827479021663021,0.4358962962962963,-0.004956894923109998,0.008007871874050014,0.012964766797160012,0.6176641661758627,125,8
3,1803,emotion,0.17750763363262223,0.4868133203694701,-0.004596847444313804,0.008272590535693625,0.012869437980007429,0.6428089981786478,121,8
3,1803,scandal,0.1043263079795267,0.4624554993442008,0.002096360591906203,0.013902391600233327,0.011806031008327124,1.1775669223001375,72,8
3,1803,duty,0.13750348733075934,0.5347058823529413,-0.0002944545309187859,0.01177619350132938,0.012070648032248166,0.9756057395503769,85,8
3,1803,class,0.14717153463897473,0.5190063175928901,-0.014125891646279167,1.0100806044322337e-05,0.01413599245232349,0.0007145452346324331,99,8
3,1803,society,0.19881459359515602,0.522271778597364,-0.014975456479729253,7.63347124471382e-06,0.014983089950973966,0.0005094724298647182,131,8
3,1837,female,0.2290384783451134,0.50142351492767,0.0034158004638827275,0.01316430046973066,0.009748500005847932,1.3503924152929438,152,7
3,1837,male,0.18325946325851672,0.4306631239753519,-0.0037538301683371165,0.007526202613494532,0.011280032781831649,0.6672146046374534,133,7
3,1837,family,0.17294709462758942,0.48106935081725,-0.0025791788974320468,0.008411623334061612,0.010990802231493658,0.7653329717091208,119,7
3,1837,marriage,0.27648183376193114,0.5833703046435965,-0.005689384712308677,0.006217314070632662,0.011906698782941339,0.522169426089623,161,7
3,1837,love,0.21891608137424162,0.6837290697211946,0.0011231656163790613,0.011505482632583159,0.010382317016204097,1.108180631887652,87,7
3,1837,wealth,0.1864044925628319,0.5180296296296297,-0.003105049929943305,0.008007871874050014,0.01111292180399332,0.7205910393837085,125,7
3,1837,emotion,0.23413899212963835,0.6061618862421002,0.007343935837019339,0.016536916745177765,0.009192980908158427,1.7988633837695678,121,7
3,1837,scandal,0.12941028234000967,0.5751592655049653,0.003782695545245315,0.013902391600233327,0.010119696054988012,1.3737953712559403,72,7
3,1837,duty,0.1281971106815334,0.4558215010141988,0.0014296774548329862,0.01177619350132938,0.010346516046496394,1.138179600482902,85,7
3,1837,class,0.13878867401544756,0.47660349073776637,-0.012359113437014891,1.0100806044322337e-05,0.012369214243059213,0.0008166085448130736,99,7
3,1837,society,0.19629295225748575,0.5249163736169483,-0.0035966809103125308,0.007641104715958534,0.011237785626271065,0.6799475421043484,131,7
3,1838,female,0.2620313940963997,0.5791910331384016,-0.01169269324755326,0.15789923816791884,0.1695919314154721,0.931053953151585,152,111
3,1838,male,0.2418080607478209,0.5661286675334954,0.05451433794607485,0.2105306687117487,0.15601633076567384,1.3494143060357082,133,111
3,1838,family,0.22438673888326932,0.5496198479391757,0.042343778782356706,0.20168568595485792,0.1593419071725012,1.265741634027577,119,111
3,1838,marriage,0.2660055708108856,0.544932465739919,0.017428445973789064,0.1801281971652526,0.16269975119146354,1.1071202988637168,161,111
3,1838,love,0.10450966901733805,0.4011653342878734,-0.09946248885359694,0.08046941449621849,0.17993190334981543,0.4472214932297264,87,111
3,1838,wealth,0.16137681784651497,0.4316444444444445,-0.06762460828148872,0.11200620790067359,0.1796308161821623,0.6235355952870879,125,111
3,1838,emotion,0.13855389158680856,0.3560403500243073,-0.12321650342667687,0.06612287400208261,0.18933937742875948,0.3492293832359973,121,111
3,1838,scandal,0.12758479132294256,0.5672194116544875,-0.015847759097269293,0.15278742257159525,0.16863518166886454,0.9060234113585248,72,111
3,1838,duty,0.11866949818631028,0.44044624746450306,-0.016017316367244683,0.15294934236841487,0.16896665873565955,0.9052042782404295,85,111
3,1838,class,0.12562935334333064,0.3878002641253525,-0.04182545190387385,0.1313205793822347,0.17314603128610856,0.7584382870692576,99,111
3,1838,society,0.19497807065120065,0.5072762100809103,-0.046254531281819194,0.12977664463137967,0.17603117591319886,0.7372367079717482,131,111
3,1842,female,0.22757374204742625,0.48861188057863963,-0.0175391617016105,6.578860804463099e-06,0.017545740562414962,0.0003749548661502973,152,9
3,1842,male,0.19917976760082023,0.4896263214427045,-0.016911590642727105,7.518683929564969e-06,0.01691910932665667,0.00044439005528941293,133,9
3,1842,family,0.18164528969482532,0.49056545695201154,-0.006242169142889022,0.008411623334061612,0.014653792476950634,0.5740236424610536,119,9
3,1842,marriage,0.24241037376048818,0.4923715863156857,-0.009657622933585575,0.006217314070632662,0.015874937004218236,0.3916433853305355,161,9
3,1842,love,0.1316509664967015,0.49936363997931826,-0.0023370300230823923,0.011505482632583159,0.013842512655665551,0.8311701002522076,87,9
3,1842,wealth,0.18796992481203006,0.48518518518518516,-0.016660456911491345,7.999872002047968e-06,0.016668456783493393,0.0004799407710910719,125,9
3,1842,emotion,0.1842125976097268,0.5005165289256198,0.013770033510578978,0.024801242954661906,0.011031209444082929,2.248279581502902,121,9
3,1842,scandal,0.11058723196881091,0.5020376616076446,0.0004100256385670929,0.013902391600233327,0.013492365961666234,1.0303894542070415,72,9
3,1842,duty,0.12705108359133127,0.4927991886409736,-0.015507147574679454,1.1764429072257124e-05,0.015518912003751712,0.0007580704799830678,85,9
3,1842,class,0.14828669469817796,0.49175500588928156,-0.015892669855543443,1.0100806044322337e-05,0.015902770661587767,0.0006351601402443095,99,9
3,1842,society,0.27393579368267995,0.5470166109157446,0.06870700202150674,0.0687088746736691,1.8726521623514522e-06,36690.656900604474,131,9
3,1894,female,0.2130970566056581,0.46468144044321325,-0.018026611066676614,0.01316430046973066,0.03119091153640727,0.4220556508565872,152,18
3,1894,male,0.20868496564333872,0.44644977104415173,0.04135818861218431,0.06015699012044931,0.018798801508265007,3.20004390124556,133,18
3,1894,family,0.24780632488225374,0.5748145412010959,0.048917381409287655,0.06723416413169526,0.01831678272240761,3.6706317450484662,119,18
3,1894,marriage,0.20081105947775868,0.354246771172237,-0.027514694929331625,0.006217314070632662,0.033732008999964286,0.18431496536286734,161,18
3,1894,love,0.12773275298954131,0.5001193175038778,-0.004683823936988997,0.02299947127652238,0.027683295213511375,0.8308068493401837,87,18
3,1894,wealth,0.16935681990634044,0.4550666666666667,-0.03332706184999158,7.999872002047968e-06,0.03333506172199363,0.00023998371650021187,125,18
3,1894,emotion,0.18014141688432986,0.47627005347593576,-0.012876578058150168,0.016536916745177765,0.029413494803327934,0.5622220975504246,121,18
3,1894,scandal,0.10695977074865093,0.4974470676409968,0.016382687159465694,0.04167939779450571,0.025296710635040017,1.647621241914568,72,18
3,1894,duty,0.1389474217587755,0.5316227180527384,-0.017535774388436523,0.01177619350132938,0.0293119678897659,0.40175376642109434,85,18
3,1894,class,0.14357651392180665,0.4834029339329693,-0.03179367373892196,1.0100806044322337e-05,0.03180377454496628,0.0003175977124892378,99,18
3,1894,society,0.1735528915119979,0.48138776910541214,-0.024195854696178503,0.007641104715958534,0.03183695941213704,0.24000736429640163,131,18
3,1896,female,0.25317211188302524,0.49366471734892786,0.07505087696257096,0.236845567821476,0.16179469085890505,1.4638648929868538,152,119
3,1896,male,0.267739771358778,0.5570340324495449,0.03947680049320815,0.2105306687117487,0.17105386821854054,1.2307857805445317,133,119
3,1896,family,0.2874770856807982,0.5554914273401669,0.10956953969393798,0.2689114468664392,0.1593419071725012,1.6876379330243108,119,119
3,1896,marriage,0.27513407627964503,0.565402247855664,0.04253160348019869,0.21118371200357758,0.1686521085233789,1.2521854238961423,161,119
3,1896,love,0.11185629191669469,0.46304140317384557,-0.07363101202043291,0.11495138042803614,0.18858239244846906,0.6095552131614702,87,119
3,1896,wealth,0.18198074078080517,0.5088666666666667,0.01607780172532436,0.19200492792115328,0.17592712619582893,1.09138898629161,125,119
3,1896,emotion,0.15144041163608277,0.4137548614487117,-0.06720444849621238,0.1239731574684716,0.19117760596468397,0.6484711263238883,121,119
3,1896,scandal,0.10117355687428652,0.4907719692711261,-0.04491327677445753,0.13889891947445904,0.18381219624891657,0.7556567099911472,72,119
3,1896,duty,0.10036712791136194,0.38098377281947265,-0.13771886071733005,0.05883390979035788,0.19655277050768794,0.2993288247125335,85,119
3,1896,class,0.12341786889369341,0.42110147410500764,-0.10343001459233454,0.09091735520494536,0.1943473697972799,0.4678085188356896,99,119
3,1896,society,0.23972079780052935,0.6028461560454013,0.1098744727465441,0.2671791270362284,0.15730465428968432,1.6984820203889601,131,119
3,1924,female,0.19817408894588767,0.4317354057658767,-0.011691231284185227,6.578860804463099e-06,0.01169781014498969,0.0005624010581774146,152,6
3,1924,male,0.22234231638945448,0.5235881056023517,-0.0018741379867287765,0.007526202613494532,0.009400340600223309,0.8006308423032154,133,6
3,1924,family,0.22341389549860097,0.5347985347985347,0.009487031461972596,0.01681484344800928,0.007327811986036682,2.294660872543632,119,6
3,1924,marriage,0.2281963019043155,0.4972271517302573,-0.003705265601670226,0.006217314070632662,0.009922579672302888,0.6265824286965015,161,6
3,1924,love,0.1358976674091651,0.4766336554905938,0.016077349899779735,0.02299947127652238,0.006922121376742642,3.322604447601103,87,6
3,1924,wealth,0.18007795882479133,0.5156296296296297,-0.01110492193199127,7.999872002047968e-06,0.01111292180399332,0.0007198711682154931,125,6
3,1924,emotion,0.2191909149791709,0.6011029411764707,-0.0009203903724648022,0.008272590535693625,0.009192980908158427,0.899881182985176,121,6
3,1924,scandal,0.09971741680281947,0.4704187745924677,-0.010105807551890875,1.3888503097136193e-05,0.010119696054988012,0.001372422948307633,72,6
3,1924,duty,0.13301442430751398,0.5187018255578093,-0.010334751617424136,1.1764429072257124e-05,0.010346516046496394,0.0011370425579249773,85,6
3,1924,class,0.13507007907880358,0.4794053610308027,-0.010592335227750613,1.0100806044322337e-05,0.010602436033794935,0.0009526872891450271,99,6
3,1924,society,0.19763122112576484,0.532464190753924,-0.0017240287479610783,0.007641104715958534,0.009365133463919612,0.8159098580475086,131,6
3,1998,female,0.266389917639947,0.5850261618959679,-0.002188648931570829,0.03290088288311996,0.03508953181469079,0.9376267274221042,152,23
3,1998,male,0.26017920633271474,0.5672734467748318,0.022561351592969296,0.052638306190884346,0.03007695459791505,1.75012087802211,133,23
3,1998,family,0.19330578734913703,0.523455536060578,0.00905576008561676,0.04202450378985228,0.03296874370423552,1.2746771355797426,119,23
3,1998,marriage,0.2717977505443943,0.5610889283249533,0.019931264065600255,0.04969503484428764,0.029763770778687384,1.6696484868174892,161,23
3,1998,love,0.2955435473994753,0.6934733325378833,0.10568246513738688,0.12644536907197534,0.02076290393458846,6.089965520441621,87,23
3,1998,wealth,0.2130047320787872,0.5428148148148149,0.006672298160248259,0.04000735988224189,0.03333506172199363,1.2001585662175598,125,23
3,1998,emotion,0.21878831260989554,0.5592944822557122,0.0183424982438619,0.049594221583114335,0.031251723339252434,1.5869275765422075,121,23
3,1998,scandal,0.10397107387058506,0.5114296421210418,-0.023198663708180474,0.013902391600233327,0.0371010553084138,0.37471687757371736,72,23
3,1998,duty,0.2273337747251467,0.6231237322515213,0.08175205414687578,0.10589162607938636,0.024139571932510578,4.386640590440111,85,23
3,1998,class,0.17509656412891078,0.5699039868651176,-0.016892396278070113,0.020211712894688996,0.03710410917275911,0.5447297710352575,99,23
3,1998,society,0.18330680332139399,0.49538268004688796,-0.03355911550793577,0.007641104715958534,0.0412002202238943,0.1854627153507682,131,23
3,1999,female,0.22447152950248925,0.4583846311685647,-0.011691231284185227,6.578860804463099e-06,0.01169781014498969,0.0005624010581774146,152,6
3,1999,male,0.2029890258609526,0.4773729436372887,0.007524238124444532,0.0150448865430595,0.007520648418614969,2.000477313075851,133,6
3,1999,family,0.17491041649306557,0.4802382491458122,-0.01098239901137971,8.403220113947665e-06,0.010990802231493658,0.0007645684033058152,119,6
3,1999,marriage,0.24210526315789474,0.44047619047619047,-0.011900487679973674,6.211102967664998e-06,0.011906698782941339,0.0005216477783113119,161,6
3,1999,love,0.13096546289671088,0.48804836336157176,0.002853263436109789,0.011505482632583159,0.00865221919647337,1.329772439877968,87,6
3,1999,wealth,0.18567975494291283,0.45411851851851853,-0.01110492193199127,7.999872002047968e-06,0.01111292180399332,0.0007198711682154931,125,6
3,1999,emotion,0.24121230419309106,0.5810494652406417,-0.0009203903724648022,0.008272590535693625,0.009192980908158427,0.899881182985176,121,6
3,1999,scandal,0.10812297473481684,0.4727140715757917,0.005469030498584427,0.013902391600233327,0.0084333611016489,1.64849950464787,72,6
3,1999,duty,0.12732144904745524,0.4825557809330629,-0.010334751617424136,1.1764429072257124e-05,0.010346516046496394,0.0011370425579249773,85,6
3,1999,class,0.15981074736835107,0.4713923689188707,0.013142833279422618,0.020211712894688996,0.007068879615266378,2.8592526668836333,99,6
3,1999,society,0.19304540009317972,0.4906224090116362,-0.011230152155026351,7.63347124471382e-06,0.011237785626271065,0.0006792682738305178,131,6
3,2017,female,0.2101167575747226,0.44579101261926746,-0.011691231284185227,6.578860804463099e-06,0.01169781014498969,0.0005624010581774146,152,6
3,2017,male,0.21385685796032408,0.4745180620724744,0.007524238124444532,0.0150448865430595,0.007520648418614969,2.000477313075851,133,6
3,2017,family,0.17954406794227695,0.4949595222704466,0.009487031461972596,0.01681484344800928,0.007327811986036682,2.294660872543632,119,6
3,2017,marriage,0.3561435550764396,0.5996376811594204,0.02088040063324012,0.024850622973627657,0.003970222340387538,6.259252212293657,161,6
3,2017,love,0.11933841737651461,0.45397327287913136,-0.010370823027560159,1.1493988643939221e-05,0.010382317016204097,0.0011070735583293227,87,6
3,2017,wealth,0.20648034406716076,0.5110666666666668,0.01845022905365271,0.02400761587814595,0.005557386824493243,4.319946880072572,125,6
3,2017,emotion,0.17511775365982296,0.4650279533300924,-0.011022945117873445,8.26432620948414e-06,0.011031209444082929,0.0007491768015671116,121,6
3,2017,scandal,0.09752539648132323,0.43899896945849737,-0.010105807551890875,1.3888503097136193e-05,0.010119696054988012,0.001372422948307633,72,6
3,2017,duty,0.1202953366440363,0.4565922920892495,-0.010334751617424136,1.1764429072257124e-05,0.010346516046496394,0.0011370425579249773,85,6
3,2017,class,0.13636553671208432,0.45012849341471256,-0.010592335227750613,1.0100806044322337e-05,0.010602436033794935,0.0009526872891450271,99,6
3,2017,society,0.17924748812815536,0.4685507619292678,-0.011230152155026351,7.63347124471382e-06,0.011237785626271065,0.0006792682738305178,131,6
3,2061,female,0.2563253052768767,0.5282009849184365,0.019497243620960218,0.05263746529650925,0.03314022167554903,1.588325685031764,152,25
3,2061,male,0.29982204940032603,0.626491039629148,0.03759871945209922,0.06767567405001428,0.03007695459791505,2.250083991297959,133,25
3,2061,family,0.21254878331867627,0.5871579400991165,-0.015076660633192535,0.02521806356195694,0.04029472419514948,0.6258403318310032,119,25
3,2061,marriage,0.21888422237934604,0.44328601005619633,-0.008622640390586987,0.031061725941292653,0.03968436633187964,0.7827194639002493,161,25
3,2061,love,0.11703602373798738,0.4595513661854194,-0.030018595138774043,0.011505482632583159,0.0415240777713572,0.27707978719379095,87,25
3,2061,wealth,0.15126440307986122,0.40758518518518516,-0.03643825980694377,0.008007871874050014,0.04444613168099378,0.18017027738983638,125,25
3,2061,emotion,0.1556663967175868,0.4428779776373359,-0.01564162306421303,0.024801242954661906,0.04044286601887494,0.6132414785459015,121,25
3,2061,scandal,0.09687721205955811,0.4709808881394042,-0.042146171665334006,1.3888503097136193e-05,0.04216006016843114,0.00032942322760739996,72,25
3,2061,duty,0.14371788116595524,0.5335294117647059,-0.0026275761726811467,0.035305051645843626,0.03793262781852477,0.9307304469866263,85,25
3,2061,class,0.1319331636602914,0.4633615304993397,-0.03229353695018529,0.010110906850366658,0.042404443800551944,0.23843979413300578,99,25
3,2061,society,0.17010166478136876,0.4606884524115847,-0.027798296425573396,0.015274575960672354,0.04307287238624575,0.3546217169671575,131,25
3,2068,female,0.23899377920780937,0.49103570329332097,0.013647851240166903,0.2105301246036236,0.1968822733634567,1.0693198580346683,152,133
3,2068,male,0.24928878372908259,0.5457346373452429,0.06955136661773118,0.25564277228913845,0.18609140567140728,1.3737484080224984,133,133
3,2068,family,0.22116135196882472,0.5493120325053098,0.08392860797573914,0.2689114468664392,0.18498283889070005,1.4537102386231402,119,133
3,2068,marriage,0.18839903019026108,0.3781548851424628,-0.16554094979141543,0.07453944671494764,0.24008039650636306,0.31047702269461047,161,133
3,2068,love,0.12743416812166175,0.43902875551843457,0.0343884831400364,0.22989126686742836,0.19550278372739197,1.1758976648987853,87,133
3,2068,wealth,0.15170747783809513,0.33922962962962966,-0.07881004714551196,0.1360058239068175,0.21481587105232947,0.633127446496042,125,133
3,2068,emotion,0.16772240817517375,0.4355250364608654,-0.032324319526703504,0.17355911472537647,0.20588343425207997,0.8429969868873997,121,133
3,2068,scandal,0.0809475069221105,0.2883291174817313,-0.11524648027263099,0.09723341018305048,0.21247989045568147,0.4576122943873297,72,133
3,2068,duty,0.1351781701376594,0.5195131845841785,-0.040459658995774805,0.16471377144067198,0.20517343043644679,0.8028026391598978,85,133
3,2068,class,0.10309748067186544,0.3159599528857479,-0.14003249377562105,0.08081654916062302,0.22084904293624408,0.36593570017682914,99,133
3,2068,society,0.1298747319806284,0.2089015638848386,-0.21103248314539966,0.0305415184501,0.24157400159549966,0.1264271744817698,131,133
3,2074,female,0.28912614275987325,0.5890081563558017,0.025101693016413785,0.03290088288311996,0.0077991898667061745,4.2185000546468885,152,9
3,2074,male,0.30683161790872227,0.6385606874328679,0.030080289913139442,0.03760093833175441,0.007520648418614969,4.9996936745089124,133,9
3,2074,family,0.2876829078154236,0.5965693969895651,0.0346966918038156,0.04202450378985228,0.007327811986036682,5.7349320457724655,119,9
3,2074,marriage,0.2568984074068993,0.5440759637188208,-0.01785284501188902,6.211102967664998e-06,0.017859056114856685,0.0003477845036922354,161,9
3,2074,love,0.10519433244820092,0.38668814381736466,-0.01556111648675234,1.1493988643939221e-05,0.015572610475396279,0.0007380900370789401,87,9
3,2074,wealth,0.1991321049268485,0.524962962962963,-0.006808739916276688,0.008007871874050014,0.014816611790326702,0.5404657952054622,125,9
3,2074,emotion,0.1595423950451431,0.4317346256684492,-0.006435075980238302,0.008272590535693625,0.014707666515931927,0.5624679160470465,121,9
3,2074,scandal,0.12046997730004949,0.5091928986321904,0.0004100256385670929,0.013902391600233327,0.013492365961666234,1.0303894542070415,72,9
3,2074,duty,0.1443387364451138,0.5266531440162272,0.01146997454133834,0.023540622573586505,0.012070648032248166,1.9502368479923122,85,9
3,2074,class,0.1308356218490162,0.4738105435985295,-0.015892669855543443,1.0100806044322337e-05,0.015902770661587767,0.0006351601402443095,99,9
3,2074,society,0.17422939065866264,0.47108814363724727,-0.007341985235015432,0.007641104715958534,0.014983089950973966,0.5099819022945828,131,9
3,2082,female,0.22404984148405202,0.44753513901713354,-0.00974192114504347,6.578860804463099e-06,0.009748500005847932,0.0006748587782573433,152,5
3,2082,male,0.19742524011893087,0.4422169144666177,-0.009392821916293743,7.518683929564969e-06,0.009400340600223309,0.0007998310112919236,133,5
3,2082,family,0.17322986224004533,0.4846477052359405,-0.009150903888651222,8.403220113947665e-06,0.00915930710876517,0.0009174515073294785,119,5
3,2082,marriage,0.235376848147909,0.45765552597850734,-0.009916368569335223,6.211102967664998e-06,0.009922579672302888,0.0006259564722242773,161,5
3,2082,love,0.14920550702284446,0.5260509883466571,0.0045833612558405165,0.011505482632583159,0.006922121376742642,1.6621324597944547,87,5
3,2082,wealth,0.22277898657553927,0.5279851851851851,0.0203020740468194,0.02400761587814595,0.0037055418313265507,6.478840872529727,125,5
3,2082,emotion,0.21804466043654164,0.5616036703937773,-0.009184716581948943,8.26432620948414e-06,0.009192980908158427,0.0008989822007843917,121,5
3,2082,scandal,0.10910000696184907,0.46462197863968524,-0.008419472598551763,1.3888503097136193e-05,0.0084333611016489,0.0016468526519958745,72,5
3,2082,duty,0.1273483311621107,0.4855983772819472,0.004877941426336534,0.01177619350132938,0.006898252074992846,1.7071271637510383,85,5
3,2082,class,0.14370054783646577,0.48284077524360214,-0.008825557018486335,1.0100806044322337e-05,0.008835657824530658,0.0011431866470808807,99,5
3,2082,society,0.19158129064507254,0.47054492952511656,-0.009357499992674899,7.63347124471382e-06,0.009365133463919612,0.0008150947632842244,131,5
3,2107,female,0.1956491215866983,0.43737816764132553,-0.025336402258177532,6.578860804463099e-06,0.025342981118981995,0.00025959301209737764,152,13
3,2107,male,0.17284806519922266,0.42751144779241335,-0.015031983257987155,0.007526202613494532,0.022558185871481687,0.3336351006255165,133,13
3,2107,family,0.1631113328357663,0.4654938898636378,-0.0033334343971268207,0.01681484344800928,0.0201482778451361,0.8345548724519856,119,13
3,2107,marriage,0.2647528734823216,0.5565414571625752,-0.001203655219532477,0.018639520005962657,0.019843175225495134,0.9393416019969766,161,13
3,2107,love,0.1207188446708986,0.434594121624309,0.003966665161664645,0.02299947127652238,0.019032806114857734,1.2084119985523156,87,13
3,2107,wealth,0.17900068625252014,0.4938962962962963,-0.014216119888943458,0.008007871874050014,0.022223991762993472,0.3603255418328622,125,13
3,2107,emotion,0.17768741968799157,0.5025066844919787,-0.023890544869344946,8.26432620948414e-06,0.02389880919555443,0.0003458049370374335,121,13
3,2107,scandal,0.13738901368190481,0.5881112984822934,-0.0063353141747893565,0.013902391600233327,0.020237705775022683,0.686954922365986,72,13
3,2107,duty,0.17450850338905782,0.5731034482758621,0.031550568714349046,0.047069480718100756,0.015518912003751712,3.0330399904122545,85,13
3,2107,class,0.19175777124958485,0.5656565656565656,0.024510554321745905,0.04041332498333367,0.015902770661587767,2.541275721117483,99,13
3,2107,society,0.2826254252161342,0.6005517911770591,0.03269802315090512,0.04580846093952764,0.013110437788622517,3.49404510166602,131,13
3,2130,female,0.22071175542140267,0.5186467631065969,-0.02241268071002623,0.02632202207865686,0.04873470278868309,0.5401083944689432,152,29
3,2130,male,0.5795554571030597,0.7197269489513257,0.20864909683795874,0.2105306687117487,0.001881571873789948,111.89084591055104,133,29
3,2130,family,0.19146779512415146,0.5083725798011512,0.018536219822598128,0.058830944017747605,0.04029472419514948,1.4600160490332734,119,29
3,2130,marriage,0.219836155693158,0.49327122153209113,-0.057535227224658016,6.211102967664998e-06,0.057541438327625684,0.0001079413922918069,161,29
3,2130,love,0.14576591975445963,0.5819114664121227,-0.023714899954027004,0.02299947127652238,0.04671437123054938,0.49234252051731087,87,29
3,2130,wealth,0.16697428865457384,0.47448888888888896,-0.03399392278439587,0.016007743876097984,0.050001666660493854,0.32014420608154454,125,29
3,2130,emotion,0.1710087180225266,0.518716577540107,-0.033097091953319675,0.016536916745177765,0.04963400869849744,0.3331771335516812,121,29
3,2130,scandal,0.10104696956454426,0.5106567359940042,-0.03331667342821515,0.013902391600233327,0.04721906502844848,0.2944232714384118,72,29
3,2130,duty,0.13839996147283068,0.5338742393509128,-0.009524104115688235,0.035305051645843626,0.04482915576153186,0.7875466545223574,85,29
3,2130,class,0.14480099438818106,0.48975621943819825,-0.01562548128006917,0.030312518939011334,0.0459380002190805,0.6598571725758552,99,29
3,2130,society,0.16493709214616917,0.4345712897046631,-0.04479502848204448,0.007641104715958534,0.05243613319800301,0.14572212422604452,131,29
3,2153,female,0.19621749775517047,0.4359418282548476,-0.011691231284185227,6.578860804463099e-06,0.01169781014498969,0.0005624010581774146,152,6
3,2153,male,0.2321525467002673,0.5672451806207248,-0.0018741379867287765,0.007526202613494532,0.009400340600223309,0.8006308423032154,133,6
3,2153,family,0.18281597134341818,0.49721427032351406,-0.000747683774703559,0.008411623334061612,0.00915930710876517,0.9183689588368078,119,6
3,2153,marriage,0.25831785136265994,0.5215419501133787,-0.003705265601670226,0.006217314070632662,0.009922579672302888,0.6265824286965015,161,6
3,2153,love,0.2031538618944227,0.6171300163067255,0.029301436363449687,0.0344934599204616,0.005192023557011914,6.643548422894588,87,6
3,2153,wealth,0.1798430918722822,0.4921037037037037,-0.01110492193199127,7.999872002047968e-06,0.01111292180399332,0.0007198711682154931,125,6
3,2153,emotion,0.18096185434700884,0.47043631502187655,-0.0009203903724648022,0.008272590535693625,0.009192980908158427,0.899881182985176,121,6
3,2153,scandal,0.19399483722561883,0.6357035787895822,0.036618706599535034,0.04167939779450571,0.005060691194970675,8.235910111980527,72,6
3,2153,duty,0.20951615742899005,0.6482758620689655,0.01664237049859366,0.023540622573586505,0.006898252074992846,3.412548905760068,85,6
3,2153,class,0.14376550008563285,0.48186815147945894,-0.010592335227750613,1.0100806044322337e-05,0.010602436033794935,0.0009526872891450271,99,6
3,2153,society,0.16682462015198404,0.4239071389770421,-0.011230152155026351,7.63347124471382e-06,0.011237785626271065,0.0006792682738305178,131,6
3,2160,female,0.25051681714541557,0.5210385246742587,0.027780958900348027,0.14474151655899264,0.11696055765864462,1.2375241658832599,152,82
3,2160,male,0.20700187533967643,0.5105644750975182,0.015041650100983642,0.13534382941609902,0.12030217931511537,1.1250322328780016,133,82
3,2160,family,0.17997388288510408,0.4855095884507649,-0.006890015025278695,0.11765348481538125,0.12454349984065995,0.9446778432030704,119,82
3,2160,marriage,0.19414203070166258,0.40431208715370204,-0.10532698554037172,0.04348393187662265,0.14881091741699437,0.29220928565664855,161,82
3,2160,love,0.11898968223587933,0.4048542337827626,-0.04928965208140583,0.08046941449621849,0.12975906657762432,0.6201448316327092,87,82
3,2160,wealth,0.1501367751032906,0.4018592592592592,-0.0730314054509426,0.06400697588838579,0.13703838133932839,0.467073350271319,125,82
3,2160,emotion,0.18841306494642207,0.49044421487603307,0.021015116823811436,0.1405018098874399,0.11948669306362847,1.1758783031299116,121,82
3,2160,scandal,0.13368935788849678,0.5732621322840546,0.048630792600040246,0.16667592566873143,0.11804513306869119,1.4119677900683099,72,82
3,2160,duty,0.11448813253225835,0.4551622718052738,-0.04694885512849664,0.08236276793487213,0.12931162306336877,0.6369324425993289,85,82
3,2160,class,0.13209667583917767,0.4556519256165899,-0.0855295578639027,0.05051413102765601,0.1360436888915587,0.3713081543058557,99,82
3,2160,society,0.16368053635341479,0.42738799782714354,-0.05849048242308398,0.07634234591838292,0.1348328283414669,0.5661999889557917,131,82
3,2190,female,0.23525797881986835,0.523321278342054,-0.023387092119035773,6.578860804463099e-06,0.023393670979840235,0.00028122396052553204,152,12
3,2190,male,0.20488234392190352,0.521326813273786,-0.0037539149652055064,0.0150448865430595,0.018798801508265007,0.8003109419313043,133,12
3,2190,family,0.17561142824170733,0.5172376642964878,-0.011736654511074487,0.008411623334061612,0.0201482778451361,0.4174859706768803,119,12
3,2190,marriage,0.2237450100429568,0.42372202504190076,0.0007804638911059723,0.018639520005962657,0.017859056114856685,1.0437012955803984,161,12
3,2190,love,0.12775630390342074,0.4371793342083284,0.005696762981395372,0.02299947127652238,0.017302708295127006,1.3292411154888697,87,12
3,2190,wealth,0.16910101371185585,0.43177037037037036,-0.0025125579005621027,0.016007743876097984,0.018520301776660086,0.8643349373176604,125,12
3,2190,emotion,0.1965545230582687,0.5026206246961594,0.018357902648214127,0.033065569164146054,0.014707666515931927,2.2481859461580758,121,12
3,2190,scandal,0.09222219604161508,0.37779885703578786,-0.020223817271925546,1.3888503097136193e-05,0.020237705775022683,0.0006862686537122737,72,12
3,2190,duty,0.13959641438279466,0.5274949290060851,-0.007190982473925878,0.01177619350132938,0.018967175975255258,0.6208722645939402,85,12
3,2190,class,0.13525960638560694,0.4147571117535782,-0.02119300448333628,1.0100806044322337e-05,0.021203105289380603,0.00047638333659102554,99,12
3,2190,society,0.19224899706766507,0.5029090545215427,-0.012959941722069789,0.007641104715958534,0.020601046438028323,0.37090857197829497,131,12
3,2203,female,0.23461968981993783,0.5140491946239869,0.007314420742166244,0.01316430046973066,0.0058498797275644155,2.2503540381267344,152,5
3,2203,male,0.17606561979424862,0.38730284357510314,-0.009392821916293743,7.518683929564969e-06,0.009400340600223309,0.0007998310112919236,133,5
3,2203,family,0.15914784388662637,0.3674700649490565,-0.009150903888651222,8.403220113947665e-06,0.00915930710876517,0.0009174515073294785,119,5
3,2203,marriage,0.25523592370857434,0.5543971211673074,-0.0017211464910317767,0.006217314070632662,0.007938460561664439,0.7831888842370092,161,5
3,2203,love,0.13840688462893916,0.4990355168436543,0.0045833612558405165,0.011505482632583159,0.006922121376742642,1.6621324597944547,87,5
3,2203,wealth,0.1778552938972858,0.47596296296296287,-0.00925307693882458,7.999872002047968e-06,0.009261076810826628,0.0008638166127541378,125,5
3,2203,emotion,0.18131695008588888,0.486395539620807,0.0009178381634596978,0.008272590535693625,0.007354752372233927,1.1247952501840819,121,5
3,2203,scandal,0.12153521791890187,0.5604623383923552,-0.008419472598551763,1.3888503097136193e-05,0.0084333611016489,0.0016468526519958745,72,5
3,2203,duty,0.14953491346580616,0.5089148073022313,0.004877941426336534,0.01177619350132938,0.006898252074992846,1.7071271637510383,85,5
3,2203,class,0.1386229104222396,0.48402755469893277,-0.008825557018486335,1.0100806044322337e-05,0.008835657824530658,0.0011431866470808807,99,5
3,2203,society,0.19284331157688162,0.48566200646138885,-0.009357499992674899,7.63347124471382e-06,0.009365133463919612,0.0008150947632842244,131,5
3,2216,female,0.21565752843002317,0.39646814404432135,0.0034158004638827275,0.01316430046973066,0.009748500005847932,1.3503924152929438,152,7
3,2216,male,0.20941476049465263,0.495703544575725,-0.0037538301683371165,0.007526202613494532,0.011280032781831649,0.6672146046374534,133,7
3,2216,family,0.2069628767825651,0.4925662572721396,0.02812496681259642,0.03362128367590461,0.005496316863308193,6.1170570230827535,119,7
3,2216,marriage,0.23542971911054172,0.4956990042393769,-0.013884606790612123,6.211102967664998e-06,0.013890817893579788,0.0004471373114817506,161,7
3,2216,love,0.12560738483696293,0.47056834904347133,0.0011231656163790613,0.011505482632583159,0.010382317016204097,1.108180631887652,87,7
3,2216,wealth,0.1848547852795931,0.4633333333333333,0.006746667065271356,0.016007743876097984,0.009261076810826628,1.7284970421210297,125,7
3,2216,emotion,0.1751248781787316,0.45936132717549827,-0.012861173653797945,8.26432620948414e-06,0.012869437980007429,0.0006421668313473005,121,7
3,2216,scandal,0.11092412099111017,0.49721285366310664,-0.011792142505229987,1.3888503097136193e-05,0.011806031008327124,0.0011763905317683692,72,7
3,2216,duty,0.12001350665422647,0.45541582150101423,-0.012058883603175908,1.1764429072257124e-05,0.012070648032248166,0.0009746311084419351,85,7
3,2216,class,0.1455837926465264,0.4618624406610272,-0.000491529183428277,0.010110906850366658,0.010602436033794935,0.953639976434172,99,7
3,2216,society,0.18213700582901543,0.49117991823198104,-0.0035966809103125308,0.007641104715958534,0.011237785626271065,0.6799475421043484,131,7
3,2305,female,0.2873220023782282,0.5595824356212168,0.011943971407487586,0.01974316127419376,0.0077991898667061745,2.5314374453100004,152,7
3,2305,male,0.21319994523813818,0.5055684323590932,0.005644545942836192,0.0150448865430595,0.009400340600223309,1.600461853595139,133,7
3,2305,family,0.16592919005000079,0.4516575861113676,-0.0128138941341082,8.403220113947665e-06,0.012822297354222148,0.0006553599469072738,119,7
3,2305,marriage,0.21706215214657898,0.4633244602188702,-0.013884606790612123,6.211102967664998e-06,0.013890817893579788,0.0004471373114817506,161,7
3,2305,love,0.11561839843769187,0.3795489798353418,0.014347252080049009,0.02299947127652238,0.00865221919647337,2.658216435760054,87,7
3,2305,wealth,0.19262468387187512,0.5399407407407407,-0.012956766925157964,7.999872002047968e-06,0.012964766797160012,0.0006170471190568061,125,7
3,2305,emotion,0.1746461618822883,0.49972654350996604,-0.002758618908389304,0.008272590535693625,0.011031209444082929,0.7499259783686787,121,7
3,2305,scandal,0.10023602245573147,0.4873524451939292,-0.011792142505229987,1.3888503097136193e-05,0.011806031008327124,0.0011763905317683692,72,7
3,2305,duty,0.23014234953271964,0.6360649087221095,0.02840679957085078,0.035305051645843626,0.006898252074992846,5.117970647769097,85,7
3,2305,class,0.16593890707662,0.5618731484455866,-0.012359113437014891,1.0100806044322337e-05,0.012369214243059213,0.0008166085448130736,99,7
3,2305,society,0.17579446186684403,0.4059381879520828,-0.0035966809103125308,0.007641104715958534,0.011237785626271065,0.6799475421043484,131,7
3,2347,female,0.3081900261662229,0.6049233097363291,0.050685718526105684,0.10526835173221405,0.054582633206108365,1.9286052274683008,152,44
3,2347,male,0.2251941262919055,0.5332833964610775,0.048876448557407304,0.10526909369783911,0.05639264514043181,1.8667167222574148,133,44
3,2347,family,0.2685254786599349,0.6180318281158617,0.13434980629513696,0.17647602561301493,0.04212621931787796,4.189220596255383,119,44
3,2347,marriage,0.22430496233316743,0.45721803214039236,-0.03812568141441407,0.03727282890895765,0.07539851032337172,0.4943443676619912,161,44
3,2347,love,0.14649331233184634,0.5483037028198703,-0.009994107858978064,0.05748143720834004,0.06747554506731811,0.8518854816236139,87,44
3,2347,wealth,0.15007491960032873,0.40624444444444446,-0.06177159768189625,0.016007743876097984,0.07777934155799424,0.20580971187518213,125,44
3,2347,emotion,0.1441435902508363,0.3961245138551288,-0.050567965246778535,0.024801242954661906,0.07536920820144044,0.32906333430021156,121,44
3,2347,scandal,0.08664974766987271,0.4039839797639123,-0.05861169772830182,0.013902391600233327,0.07251408932853515,0.1917198675288452,72,44
3,2347,duty,0.10989849190095377,0.44396551724137934,-0.06236320601798263,0.01177619350132938,0.074139399519312,0.15883853359377492,85,44
3,2347,class,0.1358351334059274,0.4871595816825499,-0.042127154419033336,0.030312518939011334,0.07243967335804467,0.4184518998141862,99,44
3,2347,society,0.174407616917389,0.4538911284558424,-0.07288481091731625,0.007641104715958534,0.08052591563327478,0.09489000722031156,131,44
3,2372,female,0.32199555398503127,0.6420180568380014,0.014867692955638886,0.04605860449204616,0.03119091153640727,1.47666747208744,152,23
3,2372,male,0.3980751627964191,0.6776103793317881,0.1259434888158757,0.13534382941609902,0.009400340600223309,14.39775803426592,133,23
3,2372,family,0.3605687792349447,0.6943238833995136,0.09093348197902598,0.10925026470143359,0.01831678272240761,5.964489853440209,119,23
3,2372,marriage,0.2264292197165595,0.4563985014295573,-0.03743529048252388,0.006217314070632662,0.04365260455315654,0.1424271045023053,161,23
3,2372,love,0.11906346570232235,0.4533070834824803,-0.03978248596298253,1.1493988643939221e-05,0.03979397995162647,0.00028883737333190766,87,23
3,2372,wealth,0.17464627586880832,0.488237037037037,-0.02288285282539572,0.016007743876097984,0.0388905967014937,0.41160962374926874,125,23
3,2372,emotion,0.16865211642516642,0.40188988818667964,-0.04227283022858995,8.26432620948414e-06,0.042281094554799434,0.00019546150108714665,121,23
3,2372,scandal,0.10121960633117016,0.40045905939666476,-0.03877350175865578,1.3888503097136193e-05,0.038787390261752916,0.00035806748025718976,72,23
3,2372,duty,0.12186787971109861,0.3896957403651116,-0.03964499537520429,1.1764429072257124e-05,0.03965675980427654,0.00029665633627212794,85,23
3,2372,class,0.1420988613492994,0.5055680479708748,-0.028759980531656733,0.010110906850366658,0.03887088738202339,0.26011515381000877,99,23
3,2372,society,0.1866068163139172,0.386396775023587,-0.04306523891500103,7.63347124471382e-06,0.04307287238624575,0.0001772222473598988,131,23
3,2388,female,0.30718494113075545,0.5483353852467426,0.07773257945211856,0.08553176931882474,0.0077991898667061745,10.96675049199444,152,17
3,2388,male,0.21372681482338368,0.5161823732262988,-0.003753999762073898,0.02256357047262447,0.026317570234698367,0.8573576614613989,133,17
3,2388,family,0.24589015042321827,0.5639640471573245,0.040514161295339995,0.058830944017747605,0.01831678272240761,3.211860123370118,119,17
3,2388,marriage,0.25355675551069273,0.5021073646850044,0.02364075665112752,0.04348393187662265,0.019843175225495134,2.191379725285183,161,17
3,2388,love,0.12957873611231144,0.46468201885216565,-0.029401899044598164,1.1493988643939221e-05,0.029413393033242103,0.0003907739794099341,87,17
3,2388,wealth,0.18492264144524206,0.47001481481481483,-0.03147521685682489,7.999872002047968e-06,0.03148321672882694,0.00025409957536101944,125,17
3,2388,emotion,0.17865750234171285,0.47579910063198827,-0.02114090426763431,0.008272590535693625,0.029413494803327934,0.281251534056959,121,17
3,2388,scandal,0.10673622186780081,0.47496252576353754,-0.028655492038621107,1.3888503097136193e-05,0.028669380541718244,0.00048443680450095195,72,17
3,2388,duty,0.12578039025457383,0.4786409736308317,-0.015811642402684747,0.01177619350132938,0.02758783590401413,0.4268618075689308,85,17
3,2388,class,0.1475979894640182,0.46318306742335014,-0.030026895529657673,1.0100806044322337e-05,0.030036996335701997,0.0003362788319809539,99,17
3,2388,society,0.1956622124360172,0.4595305486462532,-0.03182932594089232,7.63347124471382e-06,0.03183695941213704,0.00023976759669970193,131,17
3,2424,female,0.25277735832739245,0.5586462501282446,-0.022656161731997946,0.006585439665267561,0.029241601397265508,0.22520790074302097,152,16
3,2424,male,0.2656367877603945,0.5830742269206851,0.007524068530707754,0.03008225440218944,0.022558185871481687,1.3335404971055862,133,16
3,2424,family,0.22619799627975273,0.60227167790193,-0.008827919765312286,0.01681484344800928,0.025642763213321564,0.6557344583916813,119,16
3,2424,marriage,0.20574346214226155,0.4421645469782115,-0.023546456708054723,0.006217314070632662,0.029763770778687384,0.20888865583105945,161,16
3,2424,love,0.11144004013335904,0.40134431054369,-0.014447714761197486,0.011505482632583159,0.025953197393780644,0.4433165770510028,87,16
3,2424,wealth,0.15041194317815493,0.3812148148148148,-0.019771654868443532,0.008007871874050014,0.027779526742493548,0.28826523748917354,125,16
3,2424,emotion,0.1743934097451467,0.35725571220223623,0.0009024337591074759,0.024801242954661906,0.02389880919555443,1.037760616049338,121,16
3,2424,scandal,0.09101791239235882,0.44369495971519574,-0.026969157085281997,1.3888503097136193e-05,0.026983045588379134,0.0005147122125681351,72,16
3,2424,duty,0.133876591933472,0.5391886409736308,-0.0005989493589240724,0.023540622573586505,0.024139571932510578,0.9751880703778094,85,16
3,2424,class,0.12874014177780782,0.39920405468108644,-0.01639253306680678,0.010110906850366658,0.026503439917173438,0.38149413365144347,99,16
3,2424,society,0.1723207149172014,0.39663207250478894,0.017573943256785494,0.03817498969481382,0.020601046438028323,1.8530607077556978,131,16
3,2425,female,0.32447139803013314,0.6458076844157177,0.00024811057263704125,0.01974316127419376,0.01949505070155672,1.0127268492615156,152,13
3,2425,male,0.18212653475454776,0.4459197806546442,-0.024430359369160465,7.518683929564969e-06,0.02443787805309003,0.0003076651709662906,133,13
3,2425,family,0.19052611989677584,0.5240865577000031,-0.0033334343971268207,0.01681484344800928,0.0201482778451361,0.8345548724519856,119,13
3,2425,marriage,0.2933390250336621,0.5702146800749285,0.031577233093681316,0.04348393187662265,0.011906698782941339,3.6520560959574944,161,13
3,2425,love,0.11565206472611275,0.44021198743188955,-0.02248150776567525,1.1493988643939221e-05,0.02249300175431919,0.0005110028785384814,87,13
3,2425,wealth,0.1630264153507683,0.4534370370370371,-0.014216119888943458,0.008007871874050014,0.022223991762993472,0.3603255418328622,125,13
3,2425,emotion,0.1580626765172349,0.4320004861448712,-0.013787990123936306,0.008272590535693625,0.02206058065962993,0.37499423351340766,121,13
3,2425,scandal,0.09028374643819913,0.3890645493723065,-0.021910152225264656,1.3888503097136193e-05,0.021924040728361793,0.0006334828177241981,72,13
3,2425,duty,0.13463406241307205,0.4835496957403651,-0.008915114459677654,0.01177619350132938,0.020691307961007033,0.5691372204672895,85,13
3,2425,class,0.1311677043019991,0.45536638469500657,-0.022959782692600558,1.0100806044322337e-05,0.022969883498644882,0.00043974128316665153,99,13
3,2425,society,0.19232398565722134,0.5400763358778626,-0.01483259388442124,0.007641104715958534,0.022473698600379774,0.3400020998541561,131,13
3,2552,female,0.24788634328589768,0.5188327177593106,0.045081756451774785,0.07237404770989854,0.02729229125812375,2.651812814935575,152,25
3,2552,male,0.22608179901412984,0.5292201368081859,0.04699709556327253,0.07519435797957924,0.02819726241630671,2.6667254737973076,133,25
3,2552,family,0.24472749060891644,0.5506818111860128,0.09750520697024515,0.11765348481538125,0.0201482778451361,5.839381693753248,119,25
3,2552,marriage,0.25694671461261853,0.49232229123533466,-0.008622640390586987,0.031061725941292653,0.03968436633187964,0.7827194639002493,161,25
3,2552,love,0.13082706766917293,0.4749134948096886,-0.04324268160244399,1.1493988643939221e-05,0.04325417559108793,0.0002657313077085142,87,25
3,2552,wealth,0.18607779063042218,0.4828222222222222,-0.03643825980694377,0.008007871874050014,0.04444613168099378,0.18017027738983638,125,25
3,2552,emotion,0.18195488721804512,0.4733455882352941,-0.04594928730043896,8.26432620948414e-06,0.04595755162664844,0.00017982520645230053,121,25
3,2552,scandal,0.10827067669172932,0.47554806070826305,-0.042146171665334006,1.3888503097136193e-05,0.04216006016843114,0.00032942322760739996,72,25
3,2552,duty,0.12781954887218044,0.475,-0.04309325934670784,1.1764429072257124e-05,0.04310502377578009,0.0002729247786332138,85,25
3,2552,class,0.14887218045112782,0.4743816254416961,-0.04416112120377191,1.0100806044322337e-05,0.04417122200981623,0.00022867390994636618,99,25
3,2552,society,0.19699248120300752,0.47284644194756553,-0.04681054323970394,7.63347124471382e-06,0.04681817671094866,0.00016304503465991769,131,25
3,2562,female,0.2134351908474769,0.45948112239663486,-0.007061680618863887,0.006585439665267561,0.013647120284131448,0.4825515953312439,152,8
3,2562,male,0.24689519659326153,0.5369014641867828,0.02256160598357447,0.03008225440218944,0.007520648418614969,3.999954887364559,133,8
3,2562,family,0.2174395298522939,0.510750454027765,0.02629347168986793,0.03362128367590461,0.007327811986036682,4.588174988029521,119,8
3,2562,marriage,0.23225938660005227,0.4719819087055112,-0.007673503822947126,0.006217314070632662,0.013890817893579788,0.4475844487932323,161,8
3,2562,love,0.12646723659602838,0.48335520820904426,-0.013831018667021612,1.1493988643939221e-05,0.013842512655665551,0.000830339760491716,87,8
3,2562,wealth,0.18852783662770958,0.5035851851851851,-0.004956894923109998,0.008007871874050014,0.012964766797160012,0.6176641661758627,125,8
3,2562,emotion,0.18537266211779146,0.4863575595527467,-0.004596847444313804,0.008272590535693625,0.012869437980007429,0.6428089981786478,121,8
3,2562,scandal,0.10311008670271395,0.4832771219786397,-0.013478477458569097,1.3888503097136193e-05,0.013492365961666234,0.0010293600941129288,72,8
3,2562,duty,0.12180433046728961,0.47237322515212987,-0.01378301558892768,1.1764429072257124e-05,0.013794780017999938,0.0008528174466032547,85,8
3,2562,class,0.1725365728154118,0.5530749187993004,0.00960927686089406,0.020211712894688996,0.010602436033794935,1.9063272655791992,99,8
3,2562,society,0.18450665904083038,0.40563799067958944,-0.014975456479729253,7.63347124471382e-06,0.014983089950973966,0.0005094724298647182,131,8
3,2569,female,0.3174550335528428,0.5579280804350056,0.07700164906508074,0.07895290851436164,0.0019512594492808995,40.462537415511676,152,13
3,2569,male,0.19882058086392454,0.5006359884674092,-0.015031983257987155,0.007526202613494532,0.022558185871481687,0.3336351006255165,133,13
3,2569,family,0.2186370725951729,0.5346907993966818,0.058074857022930096,0.06723416413169526,0.00915930710876517,7.340529510143157,119,13
3,2569,marriage,0.24596447573159202,0.500727102435177,-0.001203655219532477,0.018639520005962657,0.019843175225495134,0.9393416019969766,161,13
3,2569,love,0.12934151516176293,0.492065385992125,-0.02248150776567525,1.1493988643939221e-05,0.02249300175431919,0.0005110028785384814,87,13
3,2569,wealth,0.18564344986312947,0.49697777777777785,-0.024067836884158113,7.999872002047968e-06,0.024075836756160162,0.0003322780463557016,125,13
3,2569,emotion,0.1806993064931299,0.4929812834224599,-0.0036854353785276614,0.016536916745177765,0.020222352123705427,0.8177543662181016,121,13
3,2569,scandal,0.10827067669172932,0.4797639123102867,-0.021910152225264656,1.3888503097136193e-05,0.021924040728361793,0.0006334828177241981,72,13
3,2569,duty,0.12779335882959997,0.49937119675456393,-0.022403675517686548,1.1764429072257124e-05,0.022415439946758806,0.0005248359657305492,85,13
3,2569,class,0.14887218045112782,0.4787985865724382,-0.022959782692600558,1.0100806044322337e-05,0.022969883498644882,0.00043974128316665153,99,13
3,2569,society,0.19699248120300752,0.47752808988764045,-0.024338717291486515,7.63347124471382e-06,0.024346350762731228,0.00031353656729884164,131,13
3,2757,female,0.22865953783117252,0.4657715194418795,0.005365110603024485,0.01316430046973066,0.0077991898667061745,1.6879061406415563,152,6
3,2757,male,0.19330383313167984,0.43787805981118216,-0.0018741379867287765,0.007526202613494532,0.009400340600223309,0.8006308423032154,133,6
3,2757,family,0.1685230788156833,0.43146489364976764,-0.000747683774703559,0.008411623334061612,0.00915930710876517,0.9183689588368078,119,6
3,2757,marriage,0.22702657755347572,0.4775276052449965,-0.011900487679973674,6.211102967664998e-06,0.011906698782941339,0.0005216477783113119,161,6
3,2757,love,0.20011815755933876,0.6239907727797,0.016077349899779735,0.02299947127652238,0.006922121376742642,3.322604447601103,87,6
3,2757,wealth,0.18829433877577964,0.5301481481481481,-0.01110492193199127,7.999872002047968e-06,0.01111292180399332,0.0007198711682154931,125,6
3,2757,emotion,0.19874414306207838,0.5314474963539134,-0.0009203903724648022,0.008272590535693625,0.009192980908158427,0.899881182985176,121,6
3,2757,scandal,0.10755445236131593,0.48981169196177626,-0.010105807551890875,1.3888503097136193e-05,0.010119696054988012,0.001372422948307633,72,6
3,2757,duty,0.14145498090622388,0.5402332657200811,0.00315380944058476,0.01177619350132938,0.00862238406074462,1.3657700024726838,85,6
3,2757,class,0.13801297938785553,0.4663061712531677,-0.010592335227750613,1.0100806044322337e-05,0.010602436033794935,0.0009526872891450271,99,6
3,2757,society,0.18455976134950075,0.4656488549618321,-0.0017240287479610783,0.007641104715958534,0.009365133463919612,0.8159098580475086,131,6
3,2778,female,0.20403985983388306,0.4113445162614138,-0.012909611036289157,0.006585439665267561,0.01949505070155672,0.3378005918396457,152,11
3,2778,male,0.18825678590094685,0.4538272372660975,0.007524153327576142,0.02256357047262447,0.015039417145048327,1.5002955402798404,133,11
3,2778,family,0.2277398303331706,0.578400591005633,0.010564271085006308,0.02521806356195694,0.014653792476950634,1.7209240269986235,119,11
3,2778,marriage,0.21292482118131706,0.4358424529231983,-0.021821083233165922,6.211102967664998e-06,0.021827294336133587,0.0002845567055509206,161,11
3,2778,love,0.15064563151286037,0.5039871932545839,0.0074268608011261,0.02299947127652238,0.015572610475396279,1.476918164194959,87,11
3,2778,wealth,0.19270453673310708,0.5225037037037037,-0.02036414689782473,7.999872002047968e-06,0.02037214676982678,0.0003926867448993596,125,11
3,2778,emotion,0.19700893042849818,0.5408133811375789,0.01009357643872998,0.024801242954661906,0.014707666515931927,1.6862799361210656,121,11
3,2778,scandal,0.103678350897298,0.48331225407532324,-0.0029626442681111326,0.013902391600233327,0.01686503586834446,0.8243321691063626,72,11
3,2778,duty,0.1385710134894359,0.49261663286004054,0.008021710569834794,0.023540622573586505,0.015518912003751712,1.5168990304461187,85,11
3,2778,class,0.16239600401039886,0.5663436484991256,0.004308942233101229,0.020211712894688996,0.015902770661587767,1.2709554406288635,99,11
3,2778,society,0.18012196090509658,0.47795694313405956,-0.02059341296678361,7.63347124471382e-06,0.020601046438028323,0.00037053803394435065,131,11
3,2813,female,0.20974803641543013,0.45948112239663486,-0.019488471840752256,6.578860804463099e-06,0.01949505070155672,0.00033746312871093485,152,10
3,2813,male,0.19827614624303624,0.5001059980779016,5.469398011173632e-06,0.0150448865430595,0.015039417145048327,1.0003636708097168,133,10
3,2813,family,0.16151100894001758,0.4485101733000893,-0.01830837950229366,8.403220113947665e-06,0.01831678272240761,0.0004587716216783485,119,10
3,2813,marriage,0.3160908549093688,0.5639110716750468,0.029334368347293215,0.03727282890895765,0.007938460561664439,4.695221273033259,161,10
3,2813,love,0.16134892820314997,0.5259416139681024,0.022381045084526777,0.0344934599204616,0.012112414835934825,2.847777291715558,87,10
3,2813,wealth,0.18338774295738355,0.4672222222222222,-0.008660584909443379,0.008007871874050014,0.016668456783493393,0.4804207118621629,125,10
3,2813,emotion,0.18728704784552616,0.5133385999027711,-0.008273304516162802,0.008272590535693625,0.016545895051856427,0.4999784242113559,121,10
3,2813,scandal,0.12927776675019081,0.5264427581038036,0.029873366786178586,0.04167939779450571,0.011806031008327124,3.530347985836876,72,10
3,2813,duty,0.20243525369870988,0.5935091277890466,0.036722964671604366,0.047069480718100756,0.010346516046496394,4.549307274257834,85,10
3,2813,class,0.13076323618970587,0.4134632544526537,-0.017659448064807723,1.0100806044322337e-05,0.017669548870852047,0.0005716504771897786,99,10
3,2813,society,0.2000723175132637,0.5005503616662379,0.00029148600969838845,0.015274575960672354,0.014983089950973966,1.019454332159301,131,10
3,2942,female,0.2569875807112393,0.5492843951985227,0.031680066499754196,0.09211063012328784,0.06043056362353364,1.5242391365996246,152,45
3,2942,male,0.2695752039216288,0.5856181807903217,0.05639513248697228,0.11278777762740409,0.05639264514043181,2.0000441076054196,133,45
3,2942,family,0.28675698908334757,0.6160156370240404,0.12228359593573232,0.16807280549906725,0.04578920956333494,3.670576694776112,119,45
3,2942,marriage,0.2280984509064045,0.5028714384304447,-0.04010980052505253,0.03727282890895765,0.07738262943401018,0.4816691960598372,161,45
3,2942,love,0.1035912873875488,0.3330748120749314,-0.06462055153338858,0.011505482632583159,0.07612603416597175,0.1511372917095287,87,45
3,2942,wealth,0.15173781089973945,0.40149629629629635,-0.05377172567984828,0.02400761587814595,0.07777934155799424,0.3086631410981617,125,45
3,2942,emotion,0.14955558939426317,0.3914073894020418,-0.04230363903729439,0.033065569164146054,0.07536920820144044,0.43871456199105185,121,45
3,2942,scandal,0.09002888241003117,0.44193835488101924,-0.06029803268164093,0.013902391600233327,0.07420042428187426,0.18736269683894585,72,45
3,2942,duty,0.11876767499046298,0.5073833671399595,-0.0640873380037344,0.01177619350132938,0.07586353150506378,0.1552286489640692,85,45
3,2942,class,0.12528904678828465,0.4337188135774708,-0.07949668538905746,1.0100806044322337e-05,0.07950678619510179,0.0001270433195401574,99,45
3,2942,society,0.15781833507362078,0.37697629871058125,-0.08426358648673297,7.63347124471382e-06,0.08427121995797769,9.058218509747112e-05,131,45
3,3080,female,0.3308136109367378,0.62357648507233,0.18226244729424496,0.28947645425718077,0.10721400696293583,2.6999872726942624,152,99
3,3080,male,0.21822341447434918,0.510691672791,0.030078763569508393,0.17293724906392385,0.14285848549441546,1.210549366138098,133,99
3,3080,family,0.2743410560587587,0.6135992858681935,0.1871383030952124,0.3025243273222299,0.11538602422701749,2.62184549078841,119,99
3,3080,marriage,0.32313662647181024,0.5862355811889972,0.0822139856929677,0.21118371200357758,0.12896972631060988,1.6374673192166553,161,99
3,3080,love,0.11589364920442907,0.419182277373424,-0.07870131501682821,0.08046941449621849,0.1591707295130467,0.5055540974266699,87,99
3,3080,wealth,0.17206660107623542,0.4408592592592593,-0.04540246836348841,0.11200620790067359,0.157408676264162,0.7115631142974234,125,99
3,3080,emotion,0.152402411096304,0.4214268351968887,-0.07085009675935694,0.09091585263053503,0.16176594938989197,0.5620209504711374,121,99
3,3080,scandal,0.08601430735230253,0.40076353756792205,-0.12021044406100237,0.04167939779450571,0.1618898418555081,0.2574552999529672,72,99
3,3080,duty,0.10144405961241239,0.38872210953346853,-0.11672478206030347,0.047069480718100756,0.16379426277840423,0.2873695324816917,85,99
3,3080,class,0.1156941066353743,0.3638505193275512,-0.13929995592856867,0.030312518939011334,0.16961247486758,0.17871632945924665,99,99
3,3080,society,0.17741564406292698,0.4715027017754524,-0.1188439394042545,0.05344193218424146,0.17228587158849595,0.3101933530079419,131,99
3,3124,female,0.21492589449464108,0.4717477172463322,-0.008767509736033928,0.02632202207865686,0.03508953181469079,0.7501388795072663,152,22
3,3124,male,0.1656517455381615,0.4140002261292329,-0.041347589003635526,7.518683929564969e-06,0.04135510768756509,0.00018180786726965591,133,22
3,3124,family,0.19581028687397203,0.529811924769908,0.010887255208345246,0.04202450378985228,0.031137248581507033,1.3496537331645202,119,22
3,3124,marriage,0.3017243622813284,0.6046904268953958,0.013720161097935269,0.04348393187662265,0.029763770778687384,1.4609685109622854,161,22
3,3124,love,0.20244090808146054,0.594598894324464,0.041292130638767896,0.06897542585227927,0.027683295213511375,2.491590156367038,87,22
3,3124,wealth,0.22189998433787658,0.5594962962962963,0.01837586014862961,0.048007231884289854,0.029631371735660245,1.620148817642985,125,22
3,3124,emotion,0.1662739470503134,0.4432577783179387,-0.020229492201848172,0.016536916745177765,0.03676640894702594,0.4497832999832764,121,22
3,3124,scandal,0.09867122186733192,0.4524779838860783,-0.021512328754841367,0.013902391600233327,0.035414720355074696,0.39255968875238195,72,22
3,3124,duty,0.12032565062552206,0.48255578093306284,-0.010943741273434716,0.023540622573586505,0.03448436384702122,0.6826462763626511,85,22
3,3124,class,0.13142344361101793,0.4282399971445908,-0.015125618068805836,0.020211712894688996,0.03533733096349483,0.5719648978299099,99,22
3,3124,society,0.1739721159847383,0.4637476055693741,-0.041192586752649585,7.63347124471382e-06,0.0412002202238943,0.00018527743791285533,131,22
3,3140,female,0.19414029642560518,0.39451882630553,-0.0017011995665047186,0.01974316127419376,0.02144436084069848,0.9206691409427908,152,14
3,3140,male,0.15737483523160958,0.3675872010854203,-0.016911675439595496,0.007526202613494532,0.02443787805309003,0.3079728361372568,133,14
3,3140,family,0.14775070552120703,0.43187274909963985,-0.025634359993207616,8.403220113947665e-06,0.025642763213321564,0.0003277033775070871,119,14
3,3140,marriage,0.24532477358616683,0.512866015971606,-0.0031877743301709296,0.018639520005962657,0.021827294336133587,0.8539546733583125,161,14
3,3140,love,0.1285117434352931,0.5024559519548184,0.015460653805603866,0.0344934599204616,0.019032806114857734,1.8123160458048473,87,14
3,3140,wealth,0.19345066167367897,0.5088962962962963,0.013487186103533833,0.03200748788019392,0.018520301776660086,1.7282379231424083,125,14
3,3140,emotion,0.15528184609345388,0.41090635634419054,-0.025728773405269446,8.26432620948414e-06,0.02573703773147893,0.0003211063485777522,121,14
3,3140,scandal,0.11783038242498145,0.543189057522953,-0.008021649128128467,0.013902391600233327,0.021924040728361793,0.6341163005419223,72,14
3,3140,duty,0.15557942639920255,0.5052231237322515,-0.010639246445429426,0.01177619350132938,0.022415439946758806,0.5253608016962797,85,14
3,3140,class,0.15124698797244482,0.5079594531891352,-0.0009913923946916064,0.020211712894688996,0.021203105289380603,0.9532430565186422,99,14
3,3140,society,0.19332406860167428,0.5005432141121309,-0.026211369453837965,7.63347124471382e-06,0.02621900292508268,0.0002911426977690307,131,14
3,3148,female,0.2612465828609222,0.5884374679388529,-0.003650509705646475,0.01974316127419376,0.023393670979840235,0.8439531055371218,152,15
3,3148,male,0.2515452254488858,0.5072785346825711,0.056395641268182625,0.06767567405001428,0.011280032781831649,5.999599057284434,133,15
3,3148,family,0.2775340809394964,0.6027795733678087,0.044177151540796974,0.058830944017747605,0.014653792476950634,4.0147247960737635,119,15
3,3148,marriage,0.25952829152184875,0.5292812777284828,-0.005171893440809379,0.018639520005962657,0.023811413446772036,0.7827977136614166,161,15
3,3148,love,0.11414115246747429,0.4199777273992762,-0.025941703405136705,1.1493988643939221e-05,0.025953197393780644,0.0004428737033476552,87,15
3,3148,wealth,0.2114902520420402,0.5583111111111112,0.0017836241151524788,0.02400761587814595,0.022223991762993472,1.0802566943460736,125,15
3,3148,emotion,0.1614381209566974,0.46487603305785125,-0.017464447195785306,0.008272590535693625,0.02573703773147893,0.32142745492632996,121,15
3,3148,scandal,0.09995132753807878,0.45912966085816004,-0.00970798408146758,0.013902391600233327,0.023610375681700907,0.5888255141327325,72,15
3,3148,duty,0.11453951460793466,0.46498985801217035,-0.012363378431181198,0.01177619350132938,0.024139571932510578,0.4878377103689091,85,15
3,3148,class,0.15256536059149012,0.5345147588963843,-0.002758170603955886,0.020211712894688996,0.022969883498644882,0.8799223076164697,99,15
3,3148,society,0.22268088929782065,0.5596106012522515,-0.009071774802058874,0.015274575960672354,0.024346350762731228,0.6273866711649821,131,15
3,3159,female,0.28219806304353284,0.5819611162408945,0.026563553790489438,0.04605860449204616,0.01949505070155672,2.362579364105255,152,17
3,3159,male,0.18860403020290997,0.44211091638871614,-0.031949128095593825,7.518683929564969e-06,0.03195664677952339,0.00023527762412630163,133,17
3,3159,family,0.17358693946800235,0.5026472127312462,-0.010659414888040775,0.01681484344800928,0.027474258336050054,0.6120217420149188,119,17
3,3159,marriage,0.288139023334133,0.5557404121068716,0.007250312494520617,0.031061725941292653,0.023811413446772036,1.3044889590205746,161,17
3,3159,love,0.20145097497079206,0.6522690211987432,0.023494446810081636,0.045987448564400825,0.02249300175431919,2.0445225170324646,87,17
3,3159,wealth,0.3196184078268445,0.6582370370370371,0.047338519104892396,0.06400697588838579,0.016668456783493393,3.8400061094996665,125,17
3,3159,emotion,0.3035287689682814,0.6445825230918814,0.02937186945940891,0.049594221583114335,0.020222352123705427,2.4524457529609336,121,17
3,3159,scandal,0.10918560255152841,0.533726812816189,-0.028655492038621107,1.3888503097136193e-05,0.028669380541718244,0.00048443680450095195,72,17
3,3159,duty,0.12332577907285644,0.48263691683569987,-0.002323081344675848,0.023540622573586505,0.025863703918262353,0.9101798662354119,85,17
3,3159,class,0.18553317944443665,0.5591783559981439,-0.006291727022484442,0.020211712894688996,0.026503439917173438,0.7626071542822561,99,17
3,3159,society,0.18169937015325144,0.48966463676130034,-0.022323202533827052,0.007641104715958534,0.029964307249785587,0.25500688709425123,131,17
3,3183,female,0.23214285714285712,0.4949856366061352,0.007314420742166244,0.01316430046973066,0.0058498797275644155,2.2503540381267344,152,5
3,3183,male,0.20225563909774436,0.49161908530725307,5.554194879563504e-06,0.007526202613494532,0.007520648418614969,1.0007385259314978,133,5
3,3183,family,0.17894736842105263,0.48717948717948717,-0.009150903888651222,8.403220113947665e-06,0.00915930710876517,0.0009174515073294785,119,5
3,3183,marriage,0.30800915331807793,0.5434782608695652,0.031059741822182015,0.031061725941292653,1.9841191106384497e-06,15655.164107629362,161,5
3,3183,love,0.13063282754752809,0.5009346537803763,-0.008640725207829431,1.1493988643939221e-05,0.00865221919647337,0.0013284439958820863,87,5
3,3183,wealth,0.18726616541353383,0.49192592592592593,-0.00925307693882458,7.999872002047968e-06,0.009261076810826628,0.0008638166127541378,125,5
3,3183,emotion,0.1817502527920101,0.5021268838113757,-0.009184716581948943,8.26432620948414e-06,0.009192980908158427,0.0008989822007843917,121,5
3,3183,scandal,0.10775898078529658,0.49583099119355445,-0.008419472598551763,1.3888503097136193e-05,0.0084333611016489,0.0016468526519958745,72,5
3,3183,duty,0.12781954887218044,0.4879310344827586,-0.008610619631672362,1.1764429072257124e-05,0.00862238406074462,0.0013644055968758083,85,5
3,3183,class,0.14808992177413233,0.4934504051111825,-0.008825557018486335,1.0100806044322337e-05,0.008835657824530658,0.0011431866470808807,99,5
3,3183,society,0.19699248120300752,0.4868913857677903,-0.009357499992674899,7.63347124471382e-06,0.009365133463919612,0.0008150947632842244,131,5
3,3271,female,0.21185692886261556,0.4438288704216682,-0.012909611036289157,0.006585439665267561,0.01949505070155672,0.3378005918396457,152,11
3,3271,male,0.17901679708055293,0.4403725479111311,-0.011272598894770475,0.007526202613494532,0.018798801508265007,0.40035544871226164,133,11
3,3271,family,0.17787093420383,0.4748976513682395,-0.02013987462502215,8.403220113947665e-06,0.0201482778451361,0.00041706890177510526,119,11
3,3271,marriage,0.27241249763473374,0.5127058069604653,0.019155027158351316,0.031061725941292653,0.011906698782941339,2.6087605393348703,161,11
3,3271,love,0.1355376809302071,0.4945710535735593,0.0074268608011261,0.02299947127652238,0.015572610475396279,1.476918164194959,87,11
3,3271,wealth,0.19438815719301006,0.4868740740740741,0.00919100408781925,0.02400761587814595,0.014816611790326702,1.6203175338777147,125,11
3,3271,emotion,0.1907015443994635,0.5261910549343705,0.01009357643872998,0.024801242954661906,0.014707666515931927,1.6862799361210656,121,11
3,3271,scandal,0.0969048268080706,0.4950815064643058,-0.018537482318586433,1.3888503097136193e-05,0.01855137082168357,0.0007486510420110904,72,11
3,3271,duty,0.11309543927004924,0.4479918864097363,-0.018955411546183,1.1764429072257124e-05,0.018967175975255258,0.000620252012581359,85,11
3,3271,class,0.14708238917983602,0.4959845807902345,0.016176526486687846,0.030312518939011334,0.01413599245232349,2.1443502491319317,99,11
3,3271,society,0.16568186547916372,0.4581868084741401,-0.02059341296678361,7.63347124471382e-06,0.020601046438028323,0.00037053803394435065,131,11
3,3320,female,0.25171647259386193,0.5432504873294347,-0.003163060340580371,0.006585439665267561,0.009748500005847932,0.6755336370356005,152,6
3,3320,male,0.2239398537673955,0.5579244163039176,-0.011272514097902083,7.518683929564969e-06,0.011280032781831649,0.0006665480565808727,133,6
3,3320,family,0.18926192460005625,0.4764521193092622,0.01972174669864875,0.02521806356195694,0.005496316863308193,4.58817498782088,119,6
3,3320,marriage,0.2931035051749765,0.5837585034013605,-0.011900487679973674,6.211102967664998e-06,0.011906698782941339,0.0005216477783113119,161,6
3,3320,love,0.16538861777899502,0.5987451775842183,-0.010370823027560159,1.1493988643939221e-05,0.010382317016204097,0.0011070735583293227,87,6
3,3320,wealth,0.211572619993031,0.5678296296296297,-0.0012532049367766137,0.008007871874050014,0.009261076810826628,0.8646804293668918,125,6
3,3320,emotion,0.16447235898389373,0.48189110354885756,-0.011022945117873445,8.26432620948414e-06,0.011031209444082929,0.0007491768015671116,121,6
3,3320,scandal,0.09612299444620542,0.44807476110174255,-0.010105807551890875,1.3888503097136193e-05,0.010119696054988012,0.001372422948307633,72,6
3,3320,duty,0.15472864203913894,0.5406795131845843,0.00315380944058476,0.01177619350132938,0.00862238406074462,1.3657700024726838,85,6
3,3320,class,0.19095755167802225,0.5880982974622551,0.025010417533009234,0.030312518939011334,0.005302101406002099,5.7170764216202645,99,6
3,3320,society,0.1771949524986647,0.45193269863052865,0.007782094659104195,0.015274575960672354,0.00749248130156816,2.038653864299503,131,6
3,3342,female,0.20228800587104803,0.4203793474915359,-0.04507347199268949,0.03290088288311996,0.07797435487580945,0.4219449193917614,152,45
3,3342,male,0.20795519010453217,0.46390412120526875,4.875819932428915e-06,0.06767567405001428,0.06767079823008185,1.0000720520381003,133,45
3,3342,family,0.16686980951677274,0.40592390802474837,-0.01076770214105767,0.058830944017747605,0.06959864615880527,0.8452886264865845,119,45
3,3342,marriage,0.21758464320458193,0.45686064280784777,-0.05650024468165943,0.024850622973627657,0.08135086765528708,0.3054745903709745,161,45
3,3342,love,0.2137776944597039,0.6991608002227261,0.041172140175971,0.10345739178409692,0.062285251608125924,1.661025509431169,87,45
3,3342,wealth,0.21970843065562273,0.5572962962962964,0.02504201028186899,0.08800659189452968,0.06296458161266069,1.3977158211662906,125,45
3,3342,emotion,0.29601802908742225,0.6918980918813806,0.06882446316220066,0.1239731574684716,0.05514869430627094,2.247979920933988,121,45
3,3342,scandal,0.1438690116675182,0.6372493910436574,0.01757615757073558,0.08334490708591429,0.0657687495151787,1.2672417781854275,72,45
3,3342,duty,0.1735955587498781,0.597079107505071,0.030332589402327872,0.09412719700712924,0.06379460760480136,1.4754726228391986,85,45
3,3342,class,0.16227526147945695,0.5606328300674591,-0.008291179867537773,0.06061493707197835,0.06890611693951612,0.879674254816953,99,45
3,3342,society,0.1800816062829195,0.4790147811418933,-0.027226846044341342,0.04580846093952764,0.07303530698386898,0.6272098089355325,131,45
3,3348,female,0.2281641604010025,0.49838411819021233,-0.003163060340580371,0.006585439665267561,0.009748500005847932,0.6755336370356005,152,6
3,3348,male,0.2360902255639098,0.5225563909774436,0.045117742569137774,0.04511962226131938,1.87969218160834e-06,24003.716512241237,133,6
3,3348,family,0.17894736842105263,0.4945054945054945,-0.01098239901137971,8.403220113947665e-06,0.010990802231493658,0.0007645684033058152,119,6
3,3348,marriage,0.24210526315789474,0.49404761904761907,-0.011900487679973674,6.211102967664998e-06,0.011906698782941339,0.0005216477783113119,161,6
3,3348,love,0.13123901708293723,0.501372151294595,0.002853263436109789,0.011505482632583159,0.00865221919647337,1.329772439877968,87,6
3,3348,wealth,0.18796992481203006,0.49444444444444446,-0.01110492193199127,7.999872002047968e-06,0.01111292180399332,0.0007198711682154931,125,6
3,3348,emotion,0.18195488721804512,0.4944852941176471,-0.011022945117873445,8.26432620948414e-06,0.011031209444082929,0.0007491768015671116,121,6
3,3348,scandal,0.10827067669172932,0.49494097807757165,-0.010105807551890875,1.3888503097136193e-05,0.010119696054988012,0.001372422948307633,72,6
3,3348,duty,0.12781954887218044,0.49482758620689654,-0.010334751617424136,1.1764429072257124e-05,0.010346516046496394,0.0011370425579249773,85,6
3,3348,class,0.14887218045112782,0.49469964664310956,-0.010592335227750613,1.0100806044322337e-05,0.010602436033794935,0.0009526872891450271,99,6
3,3348,society,0.19699248120300752,0.4943820224719101,-0.011230152155026351,7.63347124471382e-06,0.011237785626271065,0.0006792682738305178,131,6
3,3382,female,0.20941124275356907,0.45993639068431313,-0.014127990788393092,0.01316430046973066,0.02729229125812375,0.482345008879746,152,16
3,3382,male,0.1789639047474254,0.4279213070269659,-0.011272683691638866,0.0150448865430595,0.026317570234698367,0.5716670045265776,133,16
3,3382,family,0.1582465789944474,0.429694954905039,-0.008827919765312286,0.01681484344800928,0.025642763213321564,0.6557344583916813,119,16
3,3382,marriage,0.24239923221880744,0.5142462782214334,-0.015351234629751275,0.012428417038297659,0.027779651668048935,0.4473928322198851,161,16
3,3382,love,0.19745466867432876,0.6469991647774729,0.025224544629812364,0.045987448564400825,0.02076290393458846,2.2148851965536704,87,16
3,3382,wealth,0.268746840227885,0.6252,0.029486930107629768,0.048007231884289854,0.018520301776660086,2.5921409089671563,125,16
3,3382,emotion,0.2688225208435604,0.6103245017015071,0.061517762231559324,0.07438720021156675,0.012869437980007429,5.7801436489570515,121,16
3,3382,scandal,0.10317840062875307,0.4950346636687277,-0.026969157085281997,1.3888503097136193e-05,0.026983045588379134,0.0005147122125681351,72,16
3,3382,duty,0.15971875184530268,0.5620283975659229,-0.014087510416932974,0.01177619350132938,0.025863703918262353,0.4553173643686393,85,16
3,3382,class,0.22647377957087117,0.6607952314666096,0.01921021969395307,0.04041332498333367,0.021203105289380603,1.9060097297006935,99,16
3,3382,society,0.2045142931468358,0.5462589701804043,-0.010944426964410324,0.015274575960672354,0.02621900292508268,0.5825765382358304,131,16
3,3389,female,0.22587040669102754,0.49127936801066996,-0.00974192114504347,6.578860804463099e-06,0.009748500005847932,0.0006748587782573433,152,5
3,3389,male,0.2545000521672165,0.564983888292159,0.018802306417226182,0.02256357047262447,0.0037612640553982882,5.9989328412722225,133,5
3,3389,family,0.23860307062210034,0.5464031766552775,0.011318526584701085,0.01681484344800928,0.005496316863308193,3.0592929525590074,119,5
3,3389,marriage,0.22284534500792663,0.4761288573400375,-0.009916368569335223,6.211102967664998e-06,0.009922579672302888,0.0006259564722242773,161,5
3,3389,love,0.12206615566158083,0.4814660143976455,-0.008640725207829431,1.1493988643939221e-05,0.00865221919647337,0.0013284439958820863,87,5
3,3389,wealth,0.1692340760169228,0.462237037037037,-0.00925307693882458,7.999872002047968e-06,0.009261076810826628,0.0008638166127541378,125,5
3,3389,emotion,0.16280254777816788,0.44690386485172584,0.0009178381634596978,0.008272590535693625,0.007354752372233927,1.1247952501840819,121,5
3,3389,scandal,0.10269629454967193,0.5129286115795391,-0.008419472598551763,1.3888503097136193e-05,0.0084333611016489,0.0016468526519958745,72,5
3,3389,duty,0.14089411146731526,0.5501014198782962,0.004877941426336534,0.01177619350132938,0.006898252074992846,1.7071271637510383,85,5
3,3389,class,0.14350727889752496,0.5169718385266089,-0.008825557018486335,1.0100806044322337e-05,0.008835657824530658,0.0011431866470808807,99,5
3,3389,society,0.17570978238915394,0.47957229036223803,-0.009357499992674899,7.63347124471382e-06,0.009365133463919612,0.0008150947632842244,131,5
3,3419,female,0.5083924337387776,0.716374269005848,0.15814076987975142,0.17763582058130814,0.01949505070155672,9.111841938323954,152,37
3,3419,male,0.28984205221485027,0.6450336367233874,0.005644037161625842,0.06015699012044931,0.05451295295882347,1.103535707647053,133,37
3,3419,family,0.3061099391669204,0.6545541293440453,0.0755272654975033,0.11765348481538125,0.04212621931787796,2.7928802232356364,119,37
3,3419,marriage,0.23310029205631438,0.47213595583160806,0.00034881859496540407,0.05590613781195264,0.055557319216987235,1.006278535373472,161,37
3,3419,love,0.125052912622848,0.5107385753490037,-0.037555682511872815,0.02299947127652238,0.0605551537883952,0.3798103024642998,87,37
3,3419,wealth,0.14667942321994196,0.3976296296296296,-0.06851211672015872,7.999872002047968e-06,0.06852011659216077,0.00011675216563841139,125,37
3,3419,emotion,0.1548435763492432,0.434947739426349,-0.03770036549530703,0.024801242954661906,0.06250160844996894,0.39680967529208316,121,37
3,3419,scandal,0.0896804979577566,0.4494097807757167,-0.06238219110540334,1.3888503097136193e-05,0.06239607960850048,0.00022258614938720474,72,37
3,3419,duty,0.10300952210843546,0.38247464503042594,-0.036805721059711305,0.023540622573586505,0.060346343633297814,0.3900919451929678,85,37
3,3419,class,0.10732828369803654,0.33740229146589573,-0.06536245971494323,1.0100806044322337e-05,0.06537256052098755,0.00015451140300562355,99,37
3,3419,society,0.15553251803905066,0.4132429882494211,-0.05977624578085609,0.007641104715958534,0.06741735049681462,0.1133403294483699,131,37
3,3459,female,0.23096804511278196,0.4991792346362983,0.0014664903247409693,0.01316430046973066,0.01169781014498969,1.1253645174130065,152,8
3,3459,male,0.2045333113002286,0.5056532308214144,0.01316322987240116,0.02256357047262447,0.009400340600223309,2.4002928648870627,133,8
3,3459,family,0.17954444935869085,0.4923507864684335,-0.004410674020160536,0.008411623334061612,0.012822297354222148,0.6560153068541811,119,8
3,3459,marriage,0.2410451594825573,0.490128660159716,-0.01586872590125057,6.211102967664998e-06,0.015874937004218236,0.0003912521331973382,161,8
3,3459,love,0.13162215884538936,0.494551167322913,-0.0006069322033516664,0.011505482632583159,0.012112414835934825,0.9498917257605043,87,8
3,3459,wealth,0.19446616541353384,0.49205925925925925,-0.004956894923109998,0.008007871874050014,0.012964766797160012,0.6176641661758627,125,8
3,3459,emotion,0.18193062797238527,0.5021420758385998,-0.014699402189722443,8.26432620948414e-06,0.014707666515931927,0.0005619060100370096,121,8
3,3459,scandal,0.10827067669172932,0.4881956155143339,-0.013478477458569097,1.3888503097136193e-05,0.013492365961666234,0.0010293600941129288,72,8
3,3459,duty,0.127156125608138,0.4945436105476673,-0.01378301558892768,1.1764429072257124e-05,0.013794780017999938,0.0008528174466032547,85,8
3,3459,class,0.14905192273613327,0.49359317557197413,-0.002258307392692555,0.010110906850366658,0.012369214243059213,0.8174251533578866,99,8
3,3459,society,0.19699248120300752,0.4868913857677903,-0.014975456479729253,7.63347124471382e-06,0.014983089950973966,0.0005094724298647182,131,8
