layer,neuron,primary_concept,primary_AP,secondary_concept,secondary_AP,polarity_score,polarity_flag
1,100,wealth,0.3209744250320269,emotion,0.3202177690779548,0.002357371468581,two-strong
1,236,female,0.2889676113360324,marriage,0.2505829791870982,0.1328336827737558,two-strong
1,907,male,0.2810762363189522,female,0.2599359603204267,0.0752118934000687,two-strong
1,999,family,0.2712146541299601,female,0.2303691947428243,0.1506019627426237,two-strong
1,1307,family,0.3140625948517207,male,0.2785748130321597,0.1129958877252481,two-strong
1,1342,female,0.246496623233781,male,0.2153223969013442,0.1264691815936217,two-strong
1,1406,marriage,0.2750572082379863,female,0.2387218045112781,0.1321012593248188,two-strong
1,1604,emotion,0.2312786388133345,family,0.2239616693014484,0.0316370310625816,two-strong
1,1631,female,0.2838502506265665,family,0.2122008612057263,0.2524196790746628,leaning
1,1829,female,0.2406980994152046,male,0.220036604999011,0.0858398731878335,two-strong
1,2061,female,0.2755890891940212,male,0.2571368819944265,0.0669555067894882,two-strong
1,2155,family,0.4525193231512838,male,0.4318267740172338,0.0457274375472464,two-strong
1,2301,female,0.2891233319161283,male,0.2163292323465502,0.2517752504973196,leaning
1,2493,female,0.4152285978187842,family,0.4012620746477072,0.0336357447700087,two-strong
1,2660,female,0.2867794486215539,family,0.2297943333878761,0.1987071085772628,two-strong
1,2665,family,0.3099389225475815,female,0.2596885638231748,0.1621298743289089,two-strong
2,155,female,0.4323965134849731,family,0.314286667872322,0.2731517060292023,leaning
2,177,society,0.227973559853833,class,0.1559770638718007,0.3158107269649282,leaning
2,211,male,0.2660086013854907,family,0.2636419979119299,0.0088967178216711,two-strong
2,238,family,0.2361694048548706,male,0.2320979068918028,0.0172397349619865,two-strong
2,285,female,0.2962305603752972,marriage,0.2578904559535485,0.1294265664006736,two-strong
2,301,male,0.2360902255639098,,,0.9999999957643312,dominant
2,322,female,0.2612934638940752,family,0.2301721840705984,0.1191047002882102,two-strong
2,324,marriage,0.2717774374849447,emotion,0.1885892416992896,0.3060894099576384,leaning
2,375,female,0.3465397095661237,family,0.2740105296304782,0.2092954363503057,leaning
2,422,female,0.3046992481203008,marriage,0.242622083158206,0.2037325826739586,leaning
2,452,female,0.3351845565971796,marriage,0.2436562420544114,0.2730684110237731,leaning
2,553,emotion,0.2924870378371631,male,0.2276645114259575,0.2216252954965788,leaning
2,555,male,0.2645526676705001,duty,0.1621419261759683,0.3871090849666847,leaning
2,866,marriage,0.2975085385447653,society,0.2067034609391471,0.3052183905193584,leaning
2,910,family,0.3964322452332944,male,0.3962099962715631,0.0005606228147255,two-strong
2,1013,male,0.2487334327670462,family,0.2052879205908839,0.1746669577876355,two-strong
2,1086,female,0.3216723910529219,male,0.2703599038654812,0.1595178462782056,two-strong
2,1141,male,0.2829897716676582,family,0.2731705204531662,0.0346982547175783,two-strong
2,1215,family,0.2008434952928539,duty,0.1286687306501548,0.3593582365119736,leaning
2,1218,family,0.2512179785396552,female,0.2512031435670085,5.905219313477838e-05,two-strong
2,1240,male,0.2721804511278195,family,0.2139624270760936,0.2138949494594343,leaning
2,1247,female,0.3918185229358803,,,0.999999997447798,dominant
2,1320,male,0.3085447787975813,family,0.2685042483449309,0.1297721856740493,two-strong
2,1378,male,0.3676518312729933,family,0.2748155296572674,0.2525114618408645,leaning
2,1466,male,0.5667136414423994,family,0.2156598794338178,0.6194552869693138,dominant
2,1633,marriage,0.3497532847237369,female,0.2342874370047941,0.3301351336271561,leaning
2,1727,female,0.3002692306779072,family,0.1903567771626079,0.3660463408158987,leaning
2,1758,female,0.2539473684210526,emotion,0.1821040203815323,0.2829064471244897,leaning
2,1843,male,0.2740954675240675,family,0.2625010035509023,0.0423008232700758,two-strong
2,1883,marriage,0.2952418724927042,female,0.2399388537159435,0.1873142793822818,two-strong
2,1899,duty,0.2883002765153539,male,0.2110988411580924,0.2677813425037372,leaning
2,1980,marriage,0.3217354036406863,wealth,0.1945726301322907,0.3952402243402799,leaning
2,2020,male,0.2631752836332764,emotion,0.1825948788294128,0.3061853050378533,leaning
2,2021,family,0.2770813969384743,society,0.2713085684713893,0.0208344136778422,two-strong
2,2045,female,0.3094448674354408,male,0.2559606894823532,0.1728391174282665,two-strong
2,2206,male,0.2870572933528914,family,0.2205463886204935,0.2316990581351793,leaning
2,2242,male,0.2818616380648536,duty,0.1303969013566536,0.5373726528048375,dominant
2,2246,female,0.2676335749206183,male,0.2624207710351587,0.0194773913083526,two-strong
2,2255,emotion,0.3115046838137114,wealth,0.3072349081726722,0.0137069387691316,two-strong
2,2282,marriage,0.2736533261654142,society,0.2238703272826659,0.1819199473962769,two-strong
2,2303,female,0.2729729737465121,family,0.2462402719521053,0.0979316792046219,two-strong
2,2354,female,0.2685826427643836,family,0.257973285803267,0.0395012753334267,two-strong
2,2355,female,0.2574386857157406,marriage,0.2513874707655634,0.0235054607657272,two-strong
2,2363,female,0.3692111793142827,family,0.2509019039098964,0.3204379545161069,leaning
2,2403,male,0.316064528229325,family,0.2835930752592979,0.1027367830525108,two-strong
2,2417,male,0.3239287767508221,female,0.2392312170295213,0.2614696980904032,leaning
2,2462,marriage,0.3116441411154939,female,0.3050934565362892,0.0210197584165628,two-strong
2,2526,male,0.2320191909079681,family,0.2281511792308759,0.016671085030873,two-strong
2,2567,female,0.3130995922998754,male,0.2476178806895311,0.2091402001523147,leaning
2,2583,marriage,0.2521068339963404,female,0.235535298035298,0.065732196278149,two-strong
3,119,emotion,0.2056206035269144,family,0.1971396579801592,0.0412456016568372,two-strong
3,125,society,0.3139611916476346,emotion,0.2680084901125349,0.146364272436286,two-strong
3,159,female,0.2866024976115079,marriage,0.2444601709721029,0.1470410301500172,two-strong
3,181,female,0.3864664649492326,male,0.3077855738157589,0.2035904743771726,leaning
3,221,marriage,0.2470578620464204,male,0.2010025062656641,0.1864152600239355,two-strong
3,251,marriage,0.2811031090466207,love,0.1544923477146595,0.4504068322508524,leaning
3,253,family,0.2047295049206783,love,0.157657248749514,0.2299241428805199,leaning
3,293,marriage,0.2735801438400327,emotion,0.1858344207626504,0.3207313276652033,leaning
3,303,female,0.2512001172960292,family,0.2152345036939417,0.1431751459595392,two-strong
3,327,female,0.2908717394656321,family,0.2642659470208379,0.0914691554504512,two-strong
3,344,male,0.2721804511278195,family,0.1986829819647157,0.2700321370933297,leaning
3,383,female,0.2949681120117507,love,0.1451974681663583,0.5077519814469774,dominant
3,548,male,0.2839885517786984,emotion,0.212902802103097,0.250312024833606,leaning
3,570,marriage,0.2312303779021258,female,0.2196028033209974,0.0502856702321543,two-strong
3,664,family,0.2356354818088062,male,0.2316364268570823,0.0169713614607385,two-strong
3,745,female,0.3059267665648528,emotion,0.2352867114519495,0.2309051139107285,leaning
3,776,female,0.2566571934988761,emotion,0.2448099850960139,0.0461596583177569,two-strong
3,805,female,0.3230603394826967,male,0.262725602974625,0.1867599607488906,two-strong
3,856,emotion,0.261046084535482,wealth,0.1903958242533386,0.270642864217707,leaning
3,914,love,0.1593639915245024,duty,0.1422338946086192,0.1074903850269025,two-strong
3,994,society,0.2331491897683139,class,0.1552555631502999,0.334093489071634,leaning
3,1013,female,0.2849937343358396,marriage,0.2546747303040209,0.1063848087611135,two-strong
3,1021,female,0.2290516639549007,emotion,0.181431326960613,0.207902164796156,leaning
3,1072,family,0.3470289254192472,female,0.2988118520686484,0.138942519426601,two-strong
3,1114,male,0.209651031091711,society,0.19134799873475,0.0873023718240242,two-strong
3,1124,male,0.3149042830054929,family,0.2983574614123414,0.0525455588684938,two-strong
3,1137,female,0.2539473684210526,emotion,0.1821040203815323,0.2829064471244897,leaning
3,1140,family,0.2910328351554393,female,0.2670340970516948,0.0824605856190293,two-strong
3,1167,society,0.3780807339387501,marriage,0.2311627315655279,0.3885889673723344,leaning
3,1230,marriage,0.2935982140727337,male,0.2547278927373391,0.1323929075173878,two-strong
3,1355,female,0.290278327397441,marriage,0.2456685191238966,0.1536794307719242,two-strong
3,1496,female,0.3132777184212562,male,0.2330882053163669,0.2559694103143689,leaning
3,1578,female,0.2935728744939272,marriage,0.2432136241224178,0.171539180132979,two-strong
3,1643,marriage,0.3096677283514767,female,0.2963175967529076,0.0431111489289752,two-strong
3,1664,society,0.3760092531006628,marriage,0.235378197720888,0.3740095591959179,leaning
3,1768,male,0.2586064406993366,female,0.2478717192430489,0.0415098764970757,two-strong
3,1777,family,0.226636915114257,male,0.2226412951149922,0.0176300492778079,two-strong
3,1803,marriage,0.2360403594386681,love,0.1455958436969268,0.3831739435309076,leaning
3,1837,emotion,0.2341389921296383,female,0.2290384783451134,0.021784127950447,two-strong
3,1838,marriage,0.2660055708108856,male,0.2418080607478209,0.0909661775064911,two-strong
3,1842,society,0.2739357936826799,emotion,0.1842125976097268,0.3275336696209639,leaning
3,1894,family,0.2478063248822537,male,0.2086849656433387,0.1578707044690364,two-strong
3,1896,family,0.2874770856807982,marriage,0.275134076279645,0.0429356285179638,two-strong
3,1924,family,0.2234138954986009,love,0.1358976674091651,0.3917224016098026,leaning
3,1998,love,0.2955435473994753,marriage,0.2717977505443943,0.080346185811455,two-strong
3,1999,male,0.2029890258609526,class,0.159810747368351,0.2127123774142664,leaning
3,2017,marriage,0.3561435550764396,male,0.213856857960324,0.3995206278155328,leaning
3,2061,male,0.299822049400326,female,0.2563253052768767,0.1450752006577632,two-strong
3,2068,male,0.2492887837290825,female,0.2389937792078093,0.0412975037463535,two-strong
3,2074,male,0.3068316179087222,female,0.2891261427598732,0.0577042066649465,two-strong
3,2082,wealth,0.2227789865755392,love,0.1492055070228444,0.3302532269913819,leaning
3,2107,society,0.2826254252161342,class,0.1917577712495848,0.3215126649541415,leaning
3,2130,male,0.5795554571030597,family,0.1914677951241514,0.6696298974547772,dominant
3,2153,duty,0.20951615742899,love,0.2031538618944227,0.0303666103000052,two-strong
3,2160,female,0.2505168171454155,male,0.2070018753396764,0.1737006805686009,two-strong
3,2190,marriage,0.2237450100429568,emotion,0.1965545230582687,0.1215244391727143,two-strong
3,2203,female,0.2346196898199378,emotion,0.1813169500858888,0.2271878355468337,leaning
3,2216,female,0.2156575284300231,family,0.2069628767825651,0.0403169398742428,two-strong
3,2305,female,0.2873220023782282,duty,0.2301423495327196,0.19900895919286,two-strong
3,2347,female,0.3081900261662229,family,0.2685254786599349,0.1287015932053336,two-strong
3,2372,male,0.3980751627964191,family,0.3605687792349447,0.0942193509481432,two-strong
3,2388,female,0.3071849411307554,marriage,0.2535567555106927,0.1745794740070153,two-strong
3,2424,male,0.2656367877603945,emotion,0.1743934097451467,0.343489237469851,leaning
3,2425,female,0.3244713980301331,marriage,0.2933390250336621,0.0959479728861395,two-strong
3,2552,female,0.2478863432858976,family,0.2447274906089164,0.0127431492286559,two-strong
3,2562,male,0.2468951965932615,family,0.2174395298522939,0.1193043324783225,two-strong
3,2569,female,0.3174550335528428,family,0.2186370725951729,0.3112817571057324,leaning
3,2757,female,0.2286595378311725,love,0.2001181575593387,0.1248204226148943,two-strong
3,2778,family,0.2277398303331706,emotion,0.1970089304284981,0.1349386259082405,two-strong
3,2813,marriage,0.3160908549093688,duty,0.2024352536987098,0.3595662420656892,leaning
3,2942,family,0.2867569890833475,male,0.2695752039216288,0.059917580934033,two-strong
3,3080,female,0.3308136109367378,marriage,0.3231366264718102,0.0232063741875158,two-strong
3,3124,marriage,0.3017243622813284,wealth,0.2218999843378765,0.2645605978759609,leaning
3,3140,wealth,0.1934506616736789,love,0.1285117434352931,0.3356872359125883,leaning
3,3148,family,0.2775340809394964,male,0.2515452254488858,0.093642032391093,two-strong
3,3159,wealth,0.3196184078268445,emotion,0.3035287689682814,0.0503401506741113,two-strong
3,3183,marriage,0.3080091533180779,female,0.2321428571428571,0.2463118225923715,leaning
3,3271,marriage,0.2724124976347337,wealth,0.19438815719301,0.2864198259358987,leaning
3,3320,class,0.1909575516780222,family,0.1892619246000562,0.0088796020591289,two-strong
3,3342,emotion,0.2960180290874222,wealth,0.2197084306556227,0.2577869949653512,leaning
3,3348,male,0.2360902255639098,love,0.1312390170829372,0.4441149894554796,leaning
3,3382,emotion,0.2688225208435604,wealth,0.268746840227885,0.0002815263213677,two-strong
3,3389,male,0.2545000521672165,family,0.2386030706221003,0.0624635686605191,two-strong
3,3419,female,0.5083924337387776,family,0.3061099391669204,0.3978865159073307,leaning
3,3459,female,0.2309680451127819,male,0.2045333113002286,0.1144519090733668,two-strong
4,10,female,0.3522080759292175,marriage,0.3227544929837002,0.0836255181945657,two-strong
4,29,male,0.2139604111204728,,,0.9999999953262382,dominant
4,52,male,0.3330440900681132,female,0.331162246352013,0.0056504341814468,two-strong
4,76,marriage,0.392963295765371,wealth,0.220292428072043,0.4394071128643488,leaning
4,117,marriage,0.2464007846000477,female,0.2417438774251561,0.0188997253541657,two-strong
4,125,family,0.2611482654004177,wealth,0.1897066262951094,0.2735673496517379,leaning
4,147,emotion,0.2425835358645713,family,0.182013960082548,0.249685434407026,leaning
4,202,female,0.2744776239842029,marriage,0.247945951836112,0.0966624224820433,two-strong
4,208,family,0.3497685025206005,male,0.3049756011283777,0.1280644224432993,two-strong
4,211,female,0.337187429518385,male,0.2448693192937473,0.2737887058325683,leaning
4,241,female,0.2849937343358396,marriage,0.2508961725862674,0.1196431974527133,two-strong
4,251,female,0.2455690447642844,society,0.2302653758053405,0.062319210107749,two-strong
4,281,male,0.288858885659465,wealth,0.2214619375197046,0.2333213595024842,leaning
4,303,emotion,0.1996405735710616,society,0.1902296267989571,0.0471394494447053,two-strong
4,371,marriage,0.2781205086352195,wealth,0.1869637906959905,0.3277597831917874,leaning
4,376,female,0.2262309408213114,family,0.190148223504304,0.1594950585738504,two-strong
4,383,emotion,0.3211053091115036,marriage,0.3066398422490828,0.0450489805272845,two-strong
4,386,society,0.3015942616657574,class,0.1964346526378601,0.3486790766455683,leaning
4,425,wealth,0.2076051822573562,society,0.1970286403030477,0.0509454619020632,two-strong
4,437,female,0.349973132099759,male,0.2803009244473101,0.1990787322311082,two-strong
4,484,female,0.2958417504289131,male,0.2154216136463282,0.2718349806751627,leaning
4,508,emotion,0.2123470849476602,class,0.1740664703294709,0.1802737930089833,two-strong
4,525,female,0.3561992615192276,family,0.2744203925683301,0.2295874179315097,leaning
4,537,emotion,0.2826554079864443,scandal,0.1596847423099654,0.4350550591528795,leaning
4,560,love,0.2355572268931517,emotion,0.1969948615913944,0.163706992337544,two-strong
4,569,female,0.4576453873498723,family,0.226168333136364,0.5058000366793663,dominant
4,570,male,0.4084875673140604,family,0.3228187733855975,0.2097219121797056,leaning
4,578,emotion,0.2021060830835641,family,0.1962269428014672,0.0290893780301341,two-strong
4,656,marriage,0.2666640235849945,emotion,0.2011934012982606,0.2455172661127609,leaning
4,692,love,0.2367365649652537,duty,0.1435485417547374,0.3936359507056197,leaning
4,712,scandal,0.2213451232546011,duty,0.1708786323570104,0.227999108033398,leaning
4,720,female,0.291679821135672,family,0.2860822167490346,0.019190920872249,two-strong
4,875,wealth,0.1920289953495238,emotion,0.1827293827527226,0.0484281685244784,two-strong
4,885,female,0.2341100209377228,wealth,0.2008059782736334,0.1422580818558414,two-strong
4,947,wealth,0.2093070920103583,emotion,0.1958684570493785,0.0642053490290209,two-strong
4,955,female,0.2653850420514937,male,0.2593679245451294,0.0226731598630325,two-strong
4,964,marriage,0.2630727701751013,family,0.1795550486436548,0.317470033703553,leaning
4,966,society,0.2327285943876074,love,0.216542347519045,0.0695498842400709,two-strong
4,975,marriage,0.3018042293785959,love,0.1622817534256245,0.4622946331068605,leaning
4,1068,female,0.267431105197662,class,0.166789301693648,0.3763279632460864,leaning
4,1087,family,0.2277353181762784,scandal,0.1062246403831298,0.5335609699569408,dominant
4,1124,wealth,0.2088340066899579,duty,0.1370284635910838,0.343840277228597,leaning
4,1181,marriage,0.2691109059922344,female,0.2329893651041528,0.1342254808316779,two-strong
4,1294,male,0.3916090545979244,female,0.3058645003138923,0.2189544727282005,leaning
4,1355,female,0.2945488721804511,marriage,0.244633322436526,0.1694644057027,two-strong
4,1391,society,0.2091800679162613,class,0.1700298101964782,0.1871605546485199,two-strong
4,1458,society,0.2862044720349609,emotion,0.2235245167541769,0.219004107853784,leaning
4,1536,female,0.3139781517779529,family,0.2519240671350116,0.1976382244876327,two-strong
4,1544,marriage,0.2506350451131758,emotion,0.1936183330826737,0.2274889841413313,leaning
4,1555,female,0.3142720629388534,marriage,0.2582818239392326,0.1781584983974731,two-strong
4,1578,female,0.2539473684210526,emotion,0.1821040203815323,0.2829064471244897,leaning
4,1643,family,0.2918792495990455,female,0.2861071654816707,0.019775589068179,two-strong
4,1652,duty,0.2308533802789002,emotion,0.2244449999340316,0.0277595255887825,two-strong
4,1663,female,0.2608644017429586,male,0.2211909354513769,0.1520846304609591,two-strong
4,1768,female,0.2836099521104444,emotion,0.2726447724783833,0.0386628872217011,two-strong
4,1803,marriage,0.251840488925507,male,0.1937710405581832,0.2305802708075273,leaning
4,1837,wealth,0.2218041561125816,,,0.9999999954915182,dominant
4,1838,family,0.2669691082640917,female,0.2458295842534359,0.0791834084060419,two-strong
4,1853,marriage,0.2977974369852317,society,0.2092437041460622,0.2973623058622856,leaning
4,1861,female,0.3133653876678207,emotion,0.2007285688272969,0.3594424365733738,leaning
4,1877,emotion,0.3274951726778011,wealth,0.2328377227979278,0.2890346407761108,leaning
4,1895,wealth,0.1978215538847118,family,0.1878814683768244,0.0502477372280303,two-strong
4,1939,male,0.2000227842333105,family,0.1900009348046903,0.0501035390389675,two-strong
4,2030,female,0.3955912461678077,male,0.3430723311409647,0.1327605587910411,two-strong
4,2032,marriage,0.2545926150780678,emotion,0.1858344207626504,0.2700714395202001,leaning
4,2074,marriage,0.3002330086037568,male,0.1920429646565951,0.3603535936636326,leaning
4,2086,class,0.2399252178586675,wealth,0.2004774326648494,0.1644170020203484,two-strong
4,2107,society,0.382445201710628,class,0.2061099306941621,0.4610732982572867,leaning
4,2121,female,0.2976715086852511,emotion,0.1967034359535649,0.3391929339776144,leaning
4,2130,male,0.591075112632674,family,0.2106006405006985,0.6436990212523529,dominant
4,2153,society,0.3106707598890931,wealth,0.2671506427911871,0.1400843676867367,two-strong
4,2154,society,0.2921839009726105,class,0.1585500800971209,0.4573620243048725,leaning
4,2160,marriage,0.2531896404905625,emotion,0.245974826416338,0.0284956921292271,two-strong
4,2209,marriage,0.2545140023972976,female,0.2498034773963566,0.0185079207354568,two-strong
4,2248,female,0.2541833166833167,male,0.211063372717508,0.16964112499126,two-strong
4,2307,family,0.2124683778158235,male,0.2099301995275879,0.0119461460683323,two-strong
4,2347,female,0.2686305845040085,class,0.1487615005097322,0.4462227700891774,leaning
4,2367,society,0.227973559853833,class,0.1552555631502999,0.3189755708126031,leaning
4,2428,female,0.2590113909196637,male,0.2081308148269637,0.1964414604145341,two-strong
4,2442,female,0.3070866247394158,male,0.2512468402604184,0.1818372400443818,two-strong
4,2454,society,0.2455162309628448,class,0.1631164006831767,0.3356186661097751,leaning
4,2455,female,0.2364114305860631,male,0.2141085385379521,0.0943393130293357,two-strong
4,2458,marriage,0.3014162934324881,wealth,0.298054098919251,0.0111546541289929,two-strong
4,2473,female,0.2443921280086609,emotion,0.1963338427761989,0.1966441612804923,two-strong
4,2493,male,0.2546886529411009,society,0.2050355095220002,0.1949562442250899,two-strong
4,2552,marriage,0.2559513036208401,family,0.2485017841336202,0.0291052217852745,two-strong
4,2572,society,0.2644205934684038,love,0.1312390170829372,0.503673235638916,dominant
4,2599,female,0.2933366354164423,male,0.2847304550726147,0.0293389208009108,two-strong
4,2619,marriage,0.2600791629204617,male,0.231176940337022,0.1111285585041278,two-strong
4,2625,emotion,0.23738339681569,marriage,0.2348284412093505,0.0107629919777423,two-strong
4,2648,emotion,0.2158063673722417,love,0.1283828628438041,0.405101597269094,leaning
4,2755,male,0.2807705538355693,family,0.2266696219648453,0.1926873418133455,two-strong
4,2759,marriage,0.2674482584411367,duty,0.2330263150556324,0.1287050566619233,two-strong
4,2803,marriage,0.2510579130807704,female,0.2336302121369244,0.0694170546571145,two-strong
4,2809,society,0.3085497857991379,female,0.2560256280959785,0.1702291168243521,two-strong
4,2861,family,0.2887214179666997,female,0.2619549120909514,0.0927070321680411,two-strong
4,2868,female,0.256031732902605,marriage,0.2511862423534,0.0189253514607226,two-strong
4,2907,male,0.2360902255639098,love,0.1312390170829372,0.4441149894554796,leaning
4,2926,male,0.2741250307876675,female,0.2525542171263529,0.0786896895939913,two-strong
4,2942,male,0.1987104876363229,scandal,0.1756024558874348,0.1162899447707568,two-strong
4,3079,marriage,0.2596570201166488,duty,0.1990365587842706,0.2334635939043025,leaning
4,3110,marriage,0.2613143138635374,emotion,0.1798779135967647,0.3116415582104643,leaning
4,3134,male,0.3395619848985087,female,0.3173029482222465,0.0655522043121611,two-strong
4,3140,male,0.264430987231544,female,0.2362787194346527,0.1064635729161981,two-strong
4,3144,family,0.2276731886221132,society,0.204261155863723,0.1028317510605835,two-strong
4,3165,female,0.2203945835505077,wealth,0.2057300980212283,0.0665374131546265,two-strong
4,3221,marriage,0.2784113405778168,wealth,0.2358387328515516,0.1529126201719983,two-strong
4,3278,male,0.2582911973876667,family,0.1982644217861203,0.2323996170843297,leaning
4,3320,society,0.3945955675381246,family,0.251050255095337,0.3637783185822034,leaning
4,3323,wealth,0.1974441348125558,society,0.1960771309103973,0.0069234971022702,two-strong
4,3349,marriage,0.2425538819154155,female,0.2121810589943521,0.1252209305247656,two-strong
4,3369,marriage,0.345345813649983,wealth,0.2210520733202994,0.3599109502909671,leaning
4,3385,wealth,0.1986702263756135,,,0.9999999949665332,dominant
4,3419,female,0.4299880847427104,male,0.2347429034997779,0.4540711422403463,leaning
4,3453,female,0.3184903174076066,marriage,0.2866087631486149,0.1001021143072531,two-strong
4,3459,male,0.3219673949610306,family,0.2550806712452284,0.2077437795095807,leaning
4,3532,male,0.2366151546581159,emotion,0.1834242185242963,0.2247993624325354,leaning
4,3552,female,0.3623108516643,family,0.2262103846906646,0.3756455705723494,leaning
5,4,male,0.2922334366215637,marriage,0.2640525923218392,0.0964326482591568,two-strong
5,36,female,0.3057347045548174,class,0.1507648924174002,0.5068767441896828,dominant
5,44,society,0.2331491897683139,class,0.1545821624768993,0.3369817713392306,leaning
5,60,female,0.3615033234089021,male,0.2721086668199605,0.2472858492660109,leaning
5,76,emotion,0.3528846892974209,male,0.2481719625875991,0.2967335494820334,leaning
5,125,female,0.320670450554171,family,0.2932150975392944,0.0856185934245285,two-strong
5,147,marriage,0.364093791523431,female,0.2265941899763424,0.377648848650008,leaning
5,159,female,0.2432954198579198,family,0.2140593079336998,0.1201671277705361,two-strong
5,210,male,0.2377242548886111,love,0.1585647543268931,0.332988740529739,leaning
5,221,society,0.3270697145225391,wealth,0.193297412198546,0.409002411336902,leaning
5,263,family,0.2470817652459806,female,0.2414771855347872,0.0226830971639315,two-strong
5,281,female,0.2851724846790637,marriage,0.2569986001793782,0.0987959425068542,two-strong
5,282,female,0.2403888009497427,male,0.206971975393028,0.1390115732749524,two-strong
5,287,female,0.2590225563909774,,,0.9999999961393324,dominant
5,318,male,0.2049289891395154,emotion,0.193186748951812,0.0572990682270443,two-strong
5,320,marriage,0.2410444667447464,scandal,0.1044834427941452,0.5665387188857296,dominant
5,322,family,0.2049587850776168,wealth,0.2043850873439966,0.0027990882684236,two-strong
5,347,female,0.2927009396393499,family,0.2411871532986437,0.1759946046916831,two-strong
5,354,emotion,0.2148480495075445,,,0.9999999953455476,dominant
5,363,female,0.2698755233976318,emotion,0.2297400222140986,0.1487185667285559,two-strong
5,383,emotion,0.3617183739549298,love,0.2811334468550486,0.222783614766383,leaning
5,390,female,0.2276928162846014,family,0.2123501544700212,0.0673831612149752,two-strong
5,404,female,0.340581530067267,male,0.2679355025250622,0.2132999617288605,leaning
5,425,duty,0.1629637087417065,love,0.1409176682937288,0.1352819010006592,two-strong
5,484,female,0.2473619277388925,duty,0.1601901464028276,0.3524058119229847,leaning
5,501,female,0.3332598015296164,family,0.2882125475346167,0.1351715798097082,two-strong
5,510,family,0.2883470445478919,female,0.2571491611998137,0.1081956060579664,two-strong
5,535,family,0.2169836355594869,society,0.199305515697641,0.0814721337615677,two-strong
5,548,wealth,0.3531137937898864,marriage,0.3035100248917981,0.1404753074787237,two-strong
5,571,family,0.1890694718445536,emotion,0.1871085881235754,0.0103712338722729,two-strong
5,577,female,0.288465778113309,male,0.2414075740702362,0.1631327091474111,two-strong
5,632,female,0.2364770461960527,male,0.212702084882536,0.1005381350766187,two-strong
5,686,female,0.360718489714163,male,0.3065110787007088,0.1502762192925914,two-strong
5,693,marriage,0.2561961801944138,female,0.2535849501616296,0.0101923066167903,two-strong
5,737,society,0.456560235215411,female,0.2215857725295937,0.5146625659597595,dominant
5,771,marriage,0.2619579390356699,male,0.2141578443849664,0.1824724024177114,two-strong
5,799,society,0.4101587270807966,,,0.9999999975619194,dominant
5,842,male,0.2138733364390716,emotion,0.2065309812062128,0.0343303906918762,two-strong
5,844,female,0.2365088334551223,family,0.2241499409848121,0.0522555214429222,two-strong
5,867,male,0.1950545999725412,emotion,0.1768601763698626,0.0932786179457511,two-strong
5,898,society,0.3111067830509094,class,0.196221446659452,0.3692794316328942,leaning
5,914,male,0.3142819241006633,female,0.3092588660522312,0.0159826501216169,two-strong
5,947,love,0.3195433892251531,marriage,0.2876123876642542,0.0999269662201431,two-strong
5,948,society,0.2099469358615674,wealth,0.1947274231432882,0.0724921875298161,two-strong
5,964,female,0.2251296697651367,emotion,0.223635415238954,0.0066373060516824,two-strong
5,966,love,0.2704362674907627,society,0.2579557938800156,0.0461494076974124,two-strong
5,975,female,0.2859085037103335,family,0.2832680696355693,0.0092352414540426,two-strong
5,987,wealth,0.1973082706766917,family,0.1937109931691975,0.0182317622921998,two-strong
5,1099,family,0.2533442367986339,duty,0.1346314283520874,0.468583021575976,leaning
5,1117,society,0.2691418606578734,male,0.2125181614742417,0.2103860723665883,leaning
5,1124,marriage,0.2473453553313522,society,0.2109542670836644,0.1471266280776141,two-strong
5,1159,society,0.2766802502439304,emotion,0.1908241678576606,0.3103079529538819,leaning
5,1172,emotion,0.1939160291161161,wealth,0.1915370779890904,0.0122679446645086,two-strong
5,1193,female,0.3300116704526366,marriage,0.3268758681318161,0.0095020952047464,two-strong
5,1232,emotion,0.2286714057533206,society,0.2141652181798093,0.0634368230793273,two-strong
5,1299,family,0.2660263610538517,female,0.2552322171184148,0.040575467228514,two-strong
5,1320,duty,0.1710422820136177,class,0.1695081098665803,0.0089695490495485,two-strong
5,1323,female,0.2401271839298217,male,0.2255441960499295,0.0607302662718265,two-strong
5,1345,emotion,0.2126506052707201,scandal,0.1371334675765392,0.3551230773263912,leaning
5,1359,marriage,0.3175435268956051,female,0.3159571676707509,0.0049957221152236,two-strong
5,1438,female,0.3166443613928065,male,0.2392204931299815,0.2445136483016818,leaning
5,1443,marriage,0.3448581147596036,class,0.1643730976593041,0.52336021352652,dominant
5,1458,female,0.3087235401737983,family,0.2203204039425238,0.2863504865717619,leaning
5,1469,marriage,0.2387762437631366,family,0.2062815343687701,0.1360885352167294,two-strong
5,1497,female,0.2425654930094456,wealth,0.199033537506036,0.1794647490203798,two-strong
5,1555,marriage,0.2575806056344225,society,0.2054971499077201,0.2022025509110748,leaning
5,1568,family,0.2006095289366129,wealth,0.1903477198564174,0.0511531485240903,two-strong
5,1572,family,0.2568241697234485,male,0.2551640688149679,0.0064639589949975,two-strong
5,1576,emotion,0.2228115171838507,love,0.1288436115732106,0.4217371991204846,leaning
5,1605,society,0.2071939101220655,emotion,0.1848379448098998,0.107898756247692,two-strong
5,1616,male,0.2043690262695861,,,0.9999999951068906,dominant
5,1631,female,0.2874059609788776,duty,0.1323888349907025,0.539366424136907,dominant
5,1641,society,0.301217018518125,marriage,0.2729625707482347,0.0938009672066027,two-strong
5,1643,female,0.2623014842250567,male,0.2185337085250513,0.1668605713858323,two-strong
5,1650,society,0.2736095842942504,emotion,0.2181074157137923,0.2028516965908519,leaning
5,1652,wealth,0.2924258184722591,marriage,0.2402580545263334,0.1783965726421589,two-strong
5,1654,society,0.2915747748663211,wealth,0.2162144038502096,0.2584598437646133,leaning
5,1667,marriage,0.2493288661020488,family,0.1989489554697069,0.2020620845789256,leaning
5,1687,marriage,0.250574126324912,family,0.2479355538589349,0.0105301073743967,two-strong
5,1760,family,0.258253487730322,male,0.2437602464808638,0.0561202147576505,two-strong
5,1831,male,0.2205837146931902,love,0.1933029367041023,0.1236753941847308,two-strong
5,1838,female,0.3520719807688532,family,0.2288547320194925,0.3499774339619472,leaning
5,1841,society,0.3850920762902673,marriage,0.2800893086534744,0.2726692493277287,leaning
5,1853,marriage,0.2904381257408404,society,0.2067726676363628,0.2880663742165392,leaning
5,1877,emotion,0.2878089095067581,wealth,0.2195148998385361,0.2372894207756586,leaning
5,1931,marriage,0.2722294046906826,male,0.2192257843886798,0.1947020387732378,two-strong
5,1976,female,0.240191452806768,family,0.2189275846457811,0.0885288290818769,two-strong
5,2019,female,0.2365288220551378,family,0.2134453781512605,0.0975925200392862,two-strong
5,2024,wealth,0.2862590705564141,marriage,0.2696612600626481,0.05798177994333,two-strong
5,2025,female,0.2495718097691781,wealth,0.2017429740643463,0.1916435816906715,two-strong
5,2030,society,0.2103252277824743,emotion,0.1964820545539455,0.0658179397149065,two-strong
5,2050,marriage,0.2652420189448736,female,0.2322830312961892,0.1242600537257799,two-strong
5,2093,female,0.5612504284758084,duty,0.1300519452490713,0.7682817875604372,dominant
5,2094,emotion,0.2307622518516998,male,0.2196441350392327,0.0481799630358618,two-strong
5,2153,society,0.2734347954144058,emotion,0.2101850251776527,0.231315732548152,leaning
5,2157,male,0.3597249412652713,family,0.29092073268854,0.1912689404950773,two-strong
5,2160,wealth,0.2059432808323299,duty,0.1468320147430733,0.2870269210208198,leaning
5,2209,wealth,0.1958966522755996,emotion,0.1958410889168827,0.0002836360794726,two-strong
5,2229,female,0.2843984962406015,scandal,0.1102391395154553,0.6123779078122453,dominant
5,2242,society,0.2959744501765062,emotion,0.1963952285058419,0.3364453292330952,leaning
5,2246,male,0.626468657414909,family,0.2024639477746709,0.6768171143837504,dominant
5,2266,marriage,0.288426024821217,class,0.1686364103191868,0.4153217940751388,leaning
5,2296,male,0.2676211324286953,society,0.1956239631358643,0.2690264717528888,leaning
5,2305,family,0.2030632061599439,wealth,0.1943556618819776,0.0428809551456938,two-strong
5,2314,female,0.4048128333571269,family,0.230805316343859,0.4298468384521574,leaning
5,2425,marriage,0.2734753880579235,society,0.2111808259150479,0.2277885493004318,leaning
5,2428,family,0.3248176423459584,male,0.3242269420017323,0.0018185599099275,two-strong
5,2441,male,0.2907296489909395,class,0.1461870948066728,0.4971716995111139,leaning
5,2458,marriage,0.2630770503552375,wealth,0.2378676635062149,0.0958251079642135,two-strong
5,2464,female,0.2255475876207405,male,0.2105232151095935,0.0666128713812613,two-strong
5,2473,male,0.2503246753246753,emotion,0.18268605397792,0.2702035705781832,leaning
5,2478,female,0.2909720777851938,society,0.2713798690891685,0.0673336382577414,two-strong
5,2493,wealth,0.1948091482422305,emotion,0.1899666521676091,0.0248576419200933,two-strong
5,2513,society,0.2349746361305491,emotion,0.198201493442014,0.1564983486626448,two-strong
5,2552,family,0.3006037426168574,marriage,0.2682393001090817,0.1076648019028887,two-strong
5,2562,emotion,0.2735654360812454,class,0.1506244409811684,0.4494025137523681,leaning
5,2564,society,0.312822691454778,duty,0.1551362633536734,0.5040760529989362,dominant
5,2602,emotion,0.2433635319836412,wealth,0.2068457021513672,0.1500546502779803,two-strong
5,2606,male,0.3490346563778603,family,0.2341876385532238,0.3290418742007749,leaning
5,2619,male,0.2421052631578947,love,0.1312390170829372,0.4579257971138267,leaning
5,2625,female,0.3306359870663776,love,0.1311720392936363,0.6032735545191089,dominant
5,2636,male,0.29367124540125,female,0.2695110278593046,0.0822696053427537,two-strong
5,2669,marriage,0.359623507797324,female,0.2620645251312266,0.2712808820323243,leaning
5,2675,marriage,0.2505962832681522,society,0.2255212620543281,0.100061424641845,two-strong
5,2684,marriage,0.2599941757109121,emotion,0.2013754767991264,0.2254615839991059,leaning
5,2700,female,0.289793522760709,family,0.1837370935156159,0.365972392580681,leaning
5,2712,family,0.2074374885520396,wealth,0.194203744655757,0.0637962979828807,two-strong
5,2724,class,0.3069386043825982,wealth,0.2657591687061978,0.1341617996376516,two-strong
5,2756,male,0.2041822892821367,emotion,0.2008905430642308,0.0161216049313454,two-strong
5,2759,scandal,0.1861701668688188,class,0.1513272523889345,0.1871562714840311,two-strong
5,2777,wealth,0.2028613842298053,love,0.1439115028951689,0.2905919293997565,leaning
5,2778,family,0.302280823982948,female,0.2695571461502621,0.1082558836953414,two-strong
5,2783,female,0.2423901597616334,male,0.2217304570405523,0.0852332564001962,two-strong
5,2790,wealth,0.2022207407932529,duty,0.1518177878830001,0.2492471962237381,leaning
5,2803,emotion,0.2153473752311472,wealth,0.191446274754667,0.1109885845594213,two-strong
5,2861,love,0.2985327898987964,wealth,0.2738745043380683,0.0825982482074718,two-strong
5,2868,female,0.232803462984384,wealth,0.188833299128715,0.1888724639364405,two-strong
5,2899,wealth,0.2061513443465952,emotion,0.197220693245114,0.0433208480229242,two-strong
5,2934,society,0.2230568906275886,emotion,0.2023216055933526,0.0929596251563265,two-strong
5,2946,marriage,0.2472681413597432,female,0.2337005858691915,0.0548698079787919,two-strong
5,2953,marriage,0.2421953330625303,emotion,0.2377000925321109,0.0185603927830368,two-strong
5,2978,marriage,0.2582914783318341,emotion,0.197666464317182,0.2347155011519582,leaning
5,3000,female,0.2759643193346243,emotion,0.1890766735708084,0.3148510128354965,leaning
5,3021,marriage,0.3453165391774333,wealth,0.2589153915719708,0.2502085407234394,leaning
5,3042,male,0.2397478961096393,family,0.1925215032232761,0.1969835542072182,two-strong
5,3046,marriage,0.2445021539577622,duty,0.130127985892325,0.4677838855252436,leaning
5,3054,emotion,0.1924100088511661,class,0.1643998254847734,0.145575499882045,two-strong
5,3071,male,0.2742334636814645,female,0.2614878659330701,0.0464771787177725,two-strong
5,3076,female,0.2367918212312934,male,0.2271495192401024,0.0407205869710001,two-strong
5,3079,female,0.2682485189935609,wealth,0.2219877002740711,0.172455075318217,two-strong
5,3093,male,0.3140077265485433,female,0.2429115456768669,0.2264153861012399,leaning
5,3121,marriage,0.264346504898973,class,0.1489638352078543,0.4364826737494885,leaning
5,3140,male,0.2321968240132929,society,0.2045304898102763,0.1191503553135695,two-strong
5,3167,marriage,0.2491313455319076,wealth,0.219448315408663,0.1191461072099288,two-strong
5,3173,female,0.3056300371025603,scandal,0.1137113617376775,0.6279444146143798,dominant
5,3183,class,0.2326442538392502,wealth,0.1949135198141084,0.1621821009558673,two-strong
5,3190,emotion,0.2670636537948093,male,0.2510848865343021,0.0598313060337019,two-strong
5,3200,female,0.2682874325966431,emotion,0.1851457155284906,0.309897917891868,leaning
5,3230,society,0.2017562069494999,emotion,0.1984565188256307,0.0163548282226592,two-strong
5,3242,love,0.1909055127245628,family,0.1883112789896858,0.0135890980006996,two-strong
5,3246,wealth,0.1925518271202481,emotion,0.19134302698896,0.0062777909879578,two-strong
5,3255,wealth,0.1977463659147869,emotion,0.1930663161148241,0.0236669319036314,two-strong
5,3308,society,0.2097840019897071,class,0.1625235034325943,0.2252817082503263,leaning
5,3349,wealth,0.2174972737998871,emotion,0.195111235979594,0.1029256014397873,two-strong
5,3366,female,0.2737306659591252,family,0.224035243475303,0.181548611399259,two-strong
5,3434,female,0.3794683123497167,marriage,0.2515554209420669,0.3370845124814564,leaning
5,3480,marriage,0.2682452380565481,society,0.2077163725040855,0.2256474924414321,leaning
5,3486,wealth,0.2067556509713467,emotion,0.20119323286055,0.0269033424613107,two-strong
5,3497,female,0.2747821631876891,marriage,0.2495274241837251,0.0919082178372896,two-strong
5,3501,male,0.2035060228330676,duty,0.1598326255463252,0.2146049363264396,leaning
5,3538,society,0.281188028279244,female,0.2386696932593701,0.1512096198720092,two-strong
5,3539,marriage,0.2463280846731441,love,0.1460203718030687,0.4072118394293657,leaning
5,3541,emotion,0.2002827925428544,family,0.1819058650327999,0.0917548990853394,two-strong
5,3567,female,0.2970300275620817,family,0.2615228251402627,0.1195407837844168,two-strong
5,3578,marriage,0.2718519982276342,emotion,0.185395759115223,0.3180268651988738,leaning
5,3582,family,0.2668705320913705,female,0.2489055608134555,0.0673171783703981,two-strong
6,2,marriage,0.2982324795294585,love,0.2868321851004882,0.0382261999388233,two-strong
6,70,society,0.2323620226981267,emotion,0.2074699688176775,0.1071261709821727,two-strong
6,94,emotion,0.2034158828774151,class,0.1543317405306826,0.241299457107844,leaning
6,101,family,0.2024824147008623,emotion,0.1771199712128417,0.1252575113756537,two-strong
6,105,family,0.2431907530350644,female,0.235232329046124,0.0327250269876333,two-strong
6,113,emotion,0.3274616207476305,female,0.2500597088207108,0.2363694148762633,leaning
6,170,family,0.1956690368455074,love,0.1303171722409472,0.3339918534078932,leaning
6,190,emotion,0.1928059049943214,class,0.1486257731871767,0.2291430419587142,leaning
6,197,society,0.1995286350842523,emotion,0.1825236204425867,0.0852259353614041,two-strong
6,209,family,0.3059676432526246,male,0.2710881115980341,0.1139974513965011,two-strong
6,226,male,0.2541353383458646,duty,0.1302373581011351,0.4875275534824811,leaning
6,263,society,0.2705504218561672,emotion,0.1856588786014623,0.3137734635877313,leaning
6,271,marriage,0.2984214443341655,society,0.2071779651890454,0.3057537605682049,leaning
6,305,male,0.223588685331727,wealth,0.1946332497911445,0.1295031337033879,two-strong
6,346,marriage,0.257174390335938,love,0.2090323490222684,0.1871960931397065,two-strong
6,376,society,0.4968989283137924,marriage,0.2575362524593867,0.4817130038596798,leaning
6,408,society,0.245993618692512,marriage,0.2444005520136434,0.0064760487725652,two-strong
6,420,male,0.2217520598683175,duty,0.1380861947506058,0.3772946451550446,leaning
6,424,female,0.2342744018968418,duty,0.1794126343406578,0.2341773871912985,leaning
6,427,male,0.255442786354352,family,0.2065099489821788,0.1915608496093226,two-strong
6,443,society,0.2135015601692358,wealth,0.2036726015217995,0.0460369404027223,two-strong
6,495,marriage,0.2548246087858978,wealth,0.2111755611550269,0.171290550263354,two-strong
6,529,female,0.2399767885623148,wealth,0.1953563909774436,0.1859363051995686,two-strong
6,558,society,0.2585990279436982,family,0.2009631729611021,0.2228773062993383,leaning
6,582,emotion,0.2248957382192797,family,0.197048732008181,0.1238218487720973,two-strong
6,599,emotion,0.2003296786946555,family,0.1897938794652626,0.0525923030748697,two-strong
6,641,family,0.268937329127082,marriage,0.2569880848938028,0.0444313336033817,two-strong
6,671,emotion,0.1929655765006173,class,0.1490747069694438,0.2274543993787342,leaning
6,680,family,0.2276916029569722,wealth,0.1911538847117794,0.1604702044792897,two-strong
6,703,female,0.3535842108710585,male,0.2325328851839931,0.3423550080092636,leaning
6,716,marriage,0.2504933195374131,female,0.2316817859867058,0.075097944768941,two-strong
6,739,emotion,0.1990751672569854,wealth,0.190907268170426,0.0410292210629479,two-strong
6,770,female,0.3108689577598673,male,0.255301229584529,0.1787496841016601,two-strong
6,851,family,0.2586400513681762,female,0.2470148698635779,0.0449473366485781,two-strong
6,881,female,0.2973742816518281,family,0.218830600778324,0.2641239860188739,leaning
6,883,female,0.2212545079740555,society,0.2086136993368966,0.0571324340271011,two-strong
6,908,female,0.2284358042668813,male,0.2209245243530327,0.0328813598423118,two-strong
6,943,family,0.2401893769983079,male,0.2111551876969877,0.1208804050507375,two-strong
6,957,marriage,0.3107856602497738,class,0.2309502693708966,0.256882478290125,leaning
6,965,female,0.247182284385999,wealth,0.2072169447901003,0.1616836721672387,two-strong
6,996,emotion,0.2333294596367029,male,0.2328083921673285,0.0022331833620689,two-strong
6,1031,female,0.2715207596734877,marriage,0.2636766193896404,0.0288896519897429,two-strong
6,1035,marriage,0.3458363089537687,female,0.3211832405793424,0.0712853672817696,two-strong
6,1042,marriage,0.2538085496942511,family,0.1942736135644265,0.2345663137312619,leaning
6,1044,marriage,0.3241259270904081,society,0.3075847027223585,0.0510333266625796,two-strong
6,1069,duty,0.1590363859604004,,,0.9999999937121308,dominant
6,1074,emotion,0.2712654601704711,wealth,0.2639227779508666,0.0270682533188039,two-strong
6,1077,female,0.2413298829350848,wealth,0.2036857224303044,0.1559863200154121,two-strong
6,1110,marriage,0.2578228726440449,society,0.2281613556150292,0.1150461035895789,two-strong
6,1120,marriage,0.2846130912029592,class,0.1844066978912951,0.3520793528366795,leaning
6,1124,emotion,0.1898713726464923,love,0.1626325351222771,0.1434594220344621,two-strong
6,1126,male,0.2061224489795918,emotion,0.1947853292133413,0.0550018679060577,two-strong
6,1152,wealth,0.1967796264279236,family,0.1901205458259858,0.0338402947956432,two-strong
6,1225,female,0.2459496351259822,male,0.2171593500956744,0.1170576443364226,two-strong
6,1253,male,0.2041047907793398,emotion,0.1985407734211562,0.0272605915308393,two-strong
6,1279,wealth,0.2097979372033437,family,0.1996972083833093,0.0481450337717066,two-strong
6,1295,emotion,0.1838770590683187,family,0.1787311415794387,0.0279856415311842,two-strong
6,1307,emotion,0.2048407967992569,family,0.2041277531746351,0.0034809648872807,two-strong
6,1328,female,0.2549087600243753,family,0.2543024848308214,0.0023784007702109,two-strong
6,1346,wealth,0.1999069073650309,duty,0.1452313983729026,0.2735048500289472,leaning
6,1351,marriage,0.2418445639125215,duty,0.2338804540217168,0.0329306961836641,two-strong
6,1352,female,0.2651928501671646,male,0.2290420293458557,0.1363189869644003,two-strong
6,1404,class,0.3336604868710279,wealth,0.250178815145635,0.2501994535165388,leaning
6,1419,male,0.2967823484149704,female,0.2502870562121599,0.1566646139652979,two-strong
6,1452,marriage,0.2704107177814085,male,0.2583593224692056,0.0445670029890525,two-strong
6,1461,female,0.2742481203007518,scandal,0.1137113617376775,0.5853704951620181,dominant
6,1541,wealth,0.2019015207742807,emotion,0.1901477775087784,0.0582152287026474,two-strong
6,1569,female,0.2491563522665077,marriage,0.2429900980571134,0.0247485329133815,two-strong
6,1580,male,0.2786102504152567,family,0.2352979457224224,0.1554584028147591,two-strong
6,1582,female,0.4231654271340822,family,0.3973198173411623,0.0610768462510849,two-strong
6,1588,female,0.2873003080566895,family,0.2515498899344825,0.1244357106318071,two-strong
6,1590,female,0.3168617914497506,male,0.2267576251842298,0.2843642509527554,leaning
6,1601,female,0.3199248120300752,marriage,0.2500096394833237,0.2185362613314365,leaning
6,1611,society,0.3880077628851325,class,0.1583478854785885,0.5918950567044156,dominant
6,1647,emotion,0.2310967217102877,society,0.2019634914547529,0.1260650947960755,two-strong
6,1660,class,0.2295807483773332,wealth,0.2135155627660576,0.069976187702355,two-strong
6,1661,emotion,0.1951842415957248,wealth,0.1929624060150375,0.0113832733172486,two-strong
6,1664,female,0.2413873099277205,family,0.1812727659785182,0.2490377133668083,leaning
6,1699,love,0.248683656637372,wealth,0.2142268592494678,0.1385567419880431,two-strong
6,1723,marriage,0.3115192500507385,duty,0.1351535923188372,0.5661468982640043,dominant
6,1729,female,0.2529488916601504,male,0.2370329375941852,0.0629216198520745,two-strong
6,1741,society,0.192910085199237,emotion,0.1841854528357326,0.0452264188741983,two-strong
6,1745,marriage,0.2459829108031686,wealth,0.2250238423252465,0.0852053840825056,two-strong
6,1751,emotion,0.2104195161846018,,,0.9999999952475892,dominant
6,1770,society,0.354271891151428,male,0.215700343160862,0.3911446294794838,leaning
6,1773,male,0.2500682994728641,love,0.209662846849233,0.1615776671702362,two-strong
6,1779,marriage,0.2587447774657601,female,0.244927357615246,0.0534017340656887,two-strong
6,1794,society,0.3635072700941816,emotion,0.1978370885237271,0.4557547943175276,leaning
6,1804,marriage,0.2468974881133858,class,0.2460550687187406,0.0034120209066132,two-strong
6,1817,female,0.2410769173317349,family,0.2406388616485658,0.0018170784917961,two-strong
6,1828,society,0.2305293654893328,wealth,0.1904997402939936,0.1736421949400163,two-strong
6,1830,wealth,0.3059223481324908,marriage,0.2799341086015349,0.0849504444662222,two-strong
6,1835,marriage,0.283502725679965,male,0.2160962436060061,0.2377630820815751,leaning
6,1849,wealth,0.2081872951298325,family,0.2006680489693295,0.0361176993038699,two-strong
6,1854,female,0.3207437985809075,marriage,0.285943098684385,0.1084999926483194,two-strong
6,1954,marriage,0.2478846182285009,wealth,0.2040511403075793,0.1768301642003684,two-strong
6,2009,female,0.3163331725603383,marriage,0.2467466945038509,0.2199784400519545,leaning
6,2010,family,0.2570935545117323,female,0.2470842285883004,0.0389326208644508,two-strong
6,2022,male,0.3001838971387843,female,0.2602638736185058,0.1329852259491355,two-strong
6,2033,society,0.2920064624671391,class,0.2491299863682271,0.1468339967198606,two-strong
6,2035,family,0.2293214565461481,male,0.2181528337949545,0.0487029119328968,two-strong
6,2042,marriage,0.2603872290914649,male,0.2044767957754836,0.214720335157534,leaning
6,2044,society,0.2716170374677363,emotion,0.1988619440450929,0.267859092467373,leaning
6,2047,family,0.1981424148606811,love,0.1350335085362308,0.3185027599987665,leaning
6,2072,male,0.2917666987813359,family,0.2246430589323254,0.2300592901771045,leaning
6,2084,family,0.2096310134156117,class,0.1623823810705139,0.2253895134592216,leaning
6,2091,male,0.2309036226305506,love,0.1819007284911601,0.2122222829114015,leaning
6,2124,wealth,0.1986806397332072,class,0.1480651024548483,0.2547582748453412,leaning
6,2128,society,0.2021733723622032,emotion,0.1947856901206183,0.036541321533719,two-strong
6,2142,marriage,0.2723602312542212,emotion,0.2407318147935117,0.1161271460188341,two-strong
6,2153,wealth,0.196869871648819,family,0.18234399022767,0.0737841764496927,two-strong
6,2162,marriage,0.2488358156017894,duty,0.1834770578331098,0.2626581601525349,leaning
6,2163,marriage,0.2510218229368848,society,0.2160387808781928,0.1393625522675187,two-strong
6,2175,wealth,0.2057888824625666,class,0.1579858737753474,0.2322915012846875,leaning
6,2183,love,0.2199575524858633,wealth,0.2194211255952244,0.0024387745823576,two-strong
6,2200,society,0.2204222648995681,male,0.2137984895524599,0.0300503913253764,two-strong
6,2224,wealth,0.2147816043605517,emotion,0.1899663819988347,0.1155370001078999,two-strong
6,2228,male,0.3149143575128235,class,0.1494107744107744,0.525551085963931,dominant
6,2238,male,0.3049578214562466,family,0.1847237629321045,0.3942645496210956,leaning
6,2242,marriage,0.2738566838800032,society,0.2026553049360297,0.259995037094574,leaning
6,2252,male,0.2481203007518797,love,0.1309653443954714,0.4721699737152636,leaning
6,2271,emotion,0.211421060188133,,,0.9999999952701024,dominant
6,2281,family,0.1898861973939373,love,0.1321968714890675,0.3038099998462643,leaning
6,2330,emotion,0.3470480123088,male,0.2604228938770058,0.2496055736089634,leaning
6,2338,emotion,0.2239895625262185,wealth,0.189500182266235,0.1539776216222968,two-strong
6,2342,duty,0.2492022501579032,society,0.2136439693141948,0.142688441530881,two-strong
6,2353,society,0.3630496617418517,marriage,0.240920716732364,0.3363973515004422,leaning
6,2375,female,0.231286423007899,wealth,0.1926100037468068,0.1672230414171274,two-strong
6,2376,female,0.3723682641732609,male,0.2982559249878865,0.19902968678303,two-strong
6,2380,male,0.2516758406789035,society,0.2000471351264897,0.2051396956021047,leaning
6,2382,emotion,0.192508129828704,duty,0.1483414418398938,0.2294276496202138,leaning
6,2389,emotion,0.2121719521839139,male,0.2032581453634085,0.0420121825092442,two-strong
6,2415,family,0.1931622888389805,duty,0.1277310924369747,0.3387369059279068,leaning
6,2424,marriage,0.2493102427851385,female,0.2462822539302802,0.0121454650594618,two-strong
6,2462,emotion,0.2143391263339082,class,0.150614227146297,0.2973087554300684,leaning
6,2509,wealth,0.2003062257486364,emotion,0.196155504275339,0.0207218793977189,two-strong
6,2529,marriage,0.244362009645863,society,0.2228876957523555,0.0878791013249139,two-strong
6,2535,wealth,0.1976733500417711,duty,0.134141604010025,0.3213976274339629,leaning
6,2540,female,0.2604193143293454,family,0.1839113967639415,0.2937874153791026,leaning
6,2541,emotion,0.2003489392210192,wealth,0.1907427660059239,0.0479472125208051,two-strong
6,2557,emotion,0.1960251499580318,love,0.1586896182408503,0.1904629662811733,two-strong
6,2584,emotion,0.2175332274432331,male,0.2067913891335605,0.0493802183075482,two-strong
6,2621,emotion,0.2015464889794014,wealth,0.1902930449667291,0.0558354750500612,two-strong
6,2639,wealth,0.2026275684816215,love,0.1520465805319646,0.2496253993425344,leaning
6,2667,female,0.3103585991756058,family,0.239701238351942,0.227663614875453,leaning
6,2669,marriage,0.2440813508891312,scandal,0.1329679214547635,0.4552311291885937,leaning
6,2700,emotion,0.2451428895991255,duty,0.1430787509118649,0.416345497264136,leaning
6,2716,female,0.279131060650705,marriage,0.2435997532627334,0.1272925599102053,two-strong
6,2726,wealth,0.1934449260405916,family,0.1808418104083738,0.0651509234438245,two-strong
6,2761,family,0.1973455612382666,class,0.1919356492179799,0.0274133958672706,two-strong
6,2763,emotion,0.2765017797963401,society,0.2069232887623721,0.2516384915626156,leaning
6,2766,marriage,0.2492494391471218,female,0.232503101648382,0.0671870616393566,two-strong
6,2785,female,0.3069468906533557,marriage,0.2373620897828426,0.226699806261916,leaning
6,2801,wealth,0.2031769423558897,love,0.1382059713363501,0.3197753147892124,leaning
6,2851,male,0.3970223756480882,female,0.331199415383943,0.1657915627322164,two-strong
6,2855,emotion,0.2271087808708492,wealth,0.1955535971689911,0.138943036204574,two-strong
6,2867,female,0.3113822128787356,family,0.2906468629171148,0.0665913113768789,two-strong
6,2871,female,0.4534996585463117,family,0.2373476360991119,0.4766310578125719,leaning
6,2880,society,0.225927593167405,male,0.2256992047427807,0.0010108921199552,two-strong
6,2905,male,0.2060150375939849,family,0.1922600619195046,0.0667668524024047,two-strong
6,2955,marriage,0.2685989802939786,,,0.9999999962769776,dominant
6,2969,society,0.2126358261840942,emotion,0.203185214259683,0.0444450591867057,two-strong
6,2994,society,0.258472485507188,wealth,0.23850405445752,0.0772555381793515,two-strong
6,3019,wealth,0.1909269880105614,class,0.1663296725692182,0.1288310027242013,two-strong
6,3035,family,0.2054497902726456,wealth,0.1924502588249956,0.0632735198567261,two-strong
6,3038,emotion,0.2242455311833302,class,0.1486481072863472,0.3371189747280179,leaning
6,3052,female,0.3692028451971771,marriage,0.2411460522424072,0.3468467111609959,leaning
6,3104,society,0.3650898850043356,family,0.1779343184317903,0.5126287354077037,dominant
6,3126,wealth,0.2100267335004176,society,0.1964658784365494,0.0645672804280125,two-strong
6,3207,male,0.2920917012927678,female,0.2184096570337063,0.252256547107281,leaning
6,3212,female,0.2295017165429215,family,0.1965871611802616,0.1434174685708145,two-strong
6,3222,male,0.3453591685981872,love,0.1544945604517626,0.5526553945809187,dominant
6,3242,marriage,0.2615218992619816,emotion,0.2006821285989978,0.2326373837221168,leaning
6,3258,marriage,0.2715050047161376,female,0.2435286635552561,0.103041714045343,two-strong
6,3264,society,0.2073919597085108,scandal,0.1134593257907076,0.4529232164877665,leaning
6,3309,family,0.1890019165560961,love,0.1414398064125832,0.2516488232422107,leaning
6,3316,emotion,0.2333614730677133,male,0.216235742421607,0.0733871377635239,two-strong
6,3322,female,0.2953101078082025,family,0.2041875944332938,0.3085655067571384,leaning
6,3355,family,0.1915966386554622,wealth,0.1901624060150376,0.0074856878649005,two-strong
6,3395,society,0.3010377846363913,,,0.9999999966781578,dominant
6,3404,marriage,0.2554492291334397,family,0.1892820286009141,0.2590229005503821,leaning
6,3415,society,0.2268253264381226,emotion,0.2121435252205428,0.0647273449724653,two-strong
6,3476,family,0.2046582141628581,society,0.1998603378675696,0.0234433603922058,two-strong
6,3490,female,0.2291112763428582,wealth,0.2044044333716274,0.1078377426801987,two-strong
6,3574,society,0.2654271071854824,marriage,0.2403183209233327,0.0945976710283996,two-strong
6,3601,male,0.2691991912383173,female,0.2296078970800518,0.1470706276236372,two-strong
6,3605,marriage,0.259101610271735,male,0.236547850645595,0.0870460029771353,two-strong
6,3608,female,0.2851901636754858,wealth,0.1966025105965712,0.3106266065651925,leaning
6,3617,female,0.3278395768052016,marriage,0.2667096786747621,0.1864628381346994,two-strong
6,3646,male,0.2270394779152371,wealth,0.1997103305880244,0.1203717849326801,two-strong
6,3711,marriage,0.409595211542379,society,0.2397703943520434,0.4146162161813954,leaning
6,3722,society,0.2101311504682812,duty,0.1823939400817671,0.131999516457706,two-strong
6,3737,love,0.1992455423300709,emotion,0.1925579866938075,0.0335643925805898,two-strong
6,3740,class,0.2772159383962136,wealth,0.2080696700912033,0.2494310697127062,leaning
6,3754,male,0.2837359148125344,family,0.2049002052349076,0.2778488911136435,leaning
6,3764,society,0.2266696473603692,love,0.185570038941001,0.1813194166782589,two-strong
6,3782,society,0.2764338191677095,class,0.1637650928034743,0.4075793848085601,leaning
6,3837,wealth,0.2115844611528822,family,0.1850403319222426,0.1254540572618226,two-strong
6,3839,emotion,0.299964673415973,duty,0.155616772693713,0.4812163332342494,leaning
6,3867,marriage,0.2443739187475554,emotion,0.2012104922168449,0.1766286131322829,two-strong
6,3883,society,0.2305500797338333,class,0.1695379954311765,0.2646370112231465,leaning
6,3904,female,0.2459181685187877,male,0.2194235588972431,0.1077375033873634,two-strong
6,3949,female,0.2356516290726817,male,0.2269024834814308,0.037127456273281,two-strong
6,3966,female,0.3300751879699248,family,0.201664093437645,0.3890358888622196,leaning
6,3984,female,0.3920419261107501,male,0.305405337374152,0.2209880697584768,leaning
6,3991,emotion,0.2164164883487849,duty,0.1318110148140917,0.3909382034117551,leaning
6,4010,marriage,0.3196187692339618,female,0.2821822695590963,0.11712860182605,two-strong
6,4047,family,0.1856909492460713,class,0.1737533610921352,0.064287398702612,two-strong
6,4049,female,0.3372313458817451,duty,0.1305048311863812,0.6130109688998022,dominant
6,4062,wealth,0.2093875871284203,family,0.2000782499234511,0.0444598330215238,two-strong
6,4071,society,0.4602209839543164,marriage,0.2406308856111443,0.4771405596921435,leaning
6,4081,family,0.2191444999052252,love,0.1423782710534071,0.3502995901549802,leaning
6,4086,class,0.22872118881773,society,0.2261807655112681,0.0111070745499635,two-strong
6,4120,family,0.2969955389042317,female,0.2738783328929627,0.0778368793643274,two-strong
6,4147,female,0.2640977443609023,,,0.9999999962135232,dominant
6,4151,society,0.3025487113078487,wealth,0.1906140843676447,0.3699722470684605,leaning
6,4191,emotion,0.2572240305555265,female,0.2540431920250241,0.0123660239335598,two-strong
6,4199,scandal,0.1709733304359186,class,0.1519186197869785,0.1114484375364815,two-strong
6,4232,female,0.3010992680056197,marriage,0.2826116563517246,0.0614003870383028,two-strong
6,4265,male,0.2781954887218045,family,0.2120015617583066,0.2379403312026799,leaning
6,4288,emotion,0.2356701877431347,class,0.1814608436824163,0.2300220674911203,leaning
6,4328,male,0.7261912941062467,family,0.2160500167922316,0.7024888355889449,dominant
6,4351,female,0.3170888436760833,male,0.2573371516092307,0.1884383290995018,two-strong
6,4356,emotion,0.2627323172178767,marriage,0.2493537164515333,0.0509210319350544,two-strong
6,4386,male,0.2105845908477487,wealth,0.1942919799498746,0.0773684852957026,two-strong
6,4389,marriage,0.2810816811254082,male,0.2113197098816353,0.2481910977487594,leaning
6,4422,society,0.2612863432345388,duty,0.1886906221326758,0.2778397061451432,leaning
6,4443,female,0.2325501253132832,male,0.2074949277956797,0.1077410617436088,two-strong
7,2,society,0.3722299835026939,wealth,0.2104514043726473,0.434619955042541,leaning
7,11,society,0.2012588641957866,emotion,0.1966469893742621,0.0229151387544495,two-strong
7,16,family,0.2013162677249364,emotion,0.1880817746846455,0.0657398089290714,two-strong
7,19,female,0.346352620406469,duty,0.1306405391690403,0.622810592168943,dominant
7,98,marriage,0.2952749359506363,female,0.253512981654072,0.1414341316193254,two-strong
7,101,family,0.2063666120178832,,,0.999999995154255,dominant
7,116,female,0.2691729323308271,love,0.1330193299340304,0.5058220405446823,dominant
7,133,marriage,0.251524750057945,society,0.2032437008551914,0.1919534717743577,two-strong
7,199,family,0.271926736726803,female,0.2374992784600517,0.1266056385427592,two-strong
7,288,marriage,0.241664416456015,family,0.1889922429240014,0.217955850043999,leaning
7,297,marriage,0.2723655716130787,female,0.2490045997954907,0.085770648593589,two-strong
7,316,wealth,0.21169112010588,family,0.196826556489994,0.0702181722985505,two-strong
7,346,wealth,0.1955699294582266,class,0.152413455762738,0.2206702921782076,leaning
7,347,female,0.2312332150187974,emotion,0.1798829868961838,0.2220711583168019,leaning
7,368,female,0.2773530819374582,family,0.2168982090629679,0.2179707982121929,leaning
7,401,family,0.2027510578577231,,,0.9999999950678432,dominant
7,402,wealth,0.2047088309007813,duty,0.1286687306501548,0.371454907658707,leaning
7,405,wealth,0.2063645068014006,emotion,0.2005390173254341,0.0282291249499781,two-strong
7,411,wealth,0.1988112267849109,class,0.1507134840468174,0.2419266923401795,leaning
7,435,female,0.3286594476215753,male,0.2848459687552014,0.1333096585238343,two-strong
7,450,society,0.3391012943711544,marriage,0.2777878198019799,0.1808116790060191,two-strong
7,469,wealth,0.1993847077562257,family,0.1870473709675089,0.0618770459664528,two-strong
7,479,male,0.3988239580568651,class,0.1547532247946135,0.6119761055464862,dominant
7,483,female,0.261606778322246,male,0.2223094963361178,0.1502150750371877,two-strong
7,489,emotion,0.2151864965705177,class,0.1505799528303919,0.3002351191619441,leaning
7,493,emotion,0.1859789942677643,family,0.1832165434774899,0.0148535633623417,two-strong
7,495,marriage,0.250884912007828,wealth,0.2140211313590624,0.1469350237398108,two-strong
7,518,marriage,0.2588349265461913,family,0.2579778952573514,0.0033111114367938,two-strong
7,552,society,0.2826885961740888,emotion,0.2015991302642887,0.2868508553950005,leaning
7,597,emotion,0.2567071122802781,society,0.2060187296585763,0.1974560890580355,two-strong
7,640,female,0.2469205402973843,marriage,0.2419210593351528,0.0202473270792415,two-strong
7,667,female,0.2535677263234326,emotion,0.1895278240674829,0.2525554136243255,leaning
7,670,female,0.4370341197238341,male,0.3667965150556336,0.1607142356570925,two-strong
7,680,family,0.1795783230717815,love,0.1508109353844381,0.1601940982356224,two-strong
7,702,marriage,0.2695148720058206,male,0.2136013887547326,0.2074597317302055,leaning
7,712,wealth,0.2054586466165413,scandal,0.1133650097465887,0.4482344157245306,leaning
7,731,marriage,0.2655090269112328,love,0.1403696175714965,0.4713188486440994,leaning
7,756,emotion,0.2103669770795087,love,0.1395638261322623,0.3365697011651999,leaning
7,852,marriage,0.252355312834516,duty,0.1485701566488308,0.4112659829059242,leaning
7,858,society,0.2001773626101305,wealth,0.1895136336808971,0.0532714026047535,two-strong
7,863,marriage,0.2499914382228864,female,0.2379803675856307,0.0480459277909388,two-strong
7,882,male,0.2689615022159789,female,0.2355467243335646,0.1242362846833953,two-strong
7,890,female,0.2303320802005012,family,0.1846110373974151,0.1985005413261841,two-strong
7,895,society,0.2031223095907708,wealth,0.189725313283208,0.0659553166198155,two-strong
7,915,female,0.2878125269779024,family,0.2073859367991106,0.2794408941954283,leaning
7,941,male,0.2387619732777293,family,0.2143577612516581,0.1022114685552234,two-strong
7,942,male,0.2349705855262633,society,0.2330689769536436,0.0080929643183537,two-strong
7,965,male,0.3103344450195828,wealth,0.1913428837833588,0.3834300792658877,leaning
7,970,duty,0.1585505600830742,,,0.9999999936928636,dominant
7,973,society,0.2430133601913751,wealth,0.2065862674700769,0.149897489350849,two-strong
7,976,society,0.24246168011252,emotion,0.190180437411908,0.2156268258997581,leaning
7,986,emotion,0.2758378744938581,society,0.2105281523107682,0.2367685078278675,leaning
7,993,female,0.2500469497273633,male,0.2445676109010587,0.021913239935003,two-strong
7,996,society,0.2851406285139063,emotion,0.2038976474492808,0.2849225001821892,leaning
7,1004,male,0.3008585877833755,family,0.2032844454160874,0.3243189525080951,leaning
7,1018,female,0.2539473684210526,emotion,0.1825172435220282,0.2812792471994109,leaning
7,1024,emotion,0.2435147132306338,wealth,0.2387335463708292,0.0196339957316762,two-strong
7,1035,female,0.2242301849248397,society,0.2095330393771499,0.0655449019366918,two-strong
7,1044,society,0.3927501715896749,class,0.1685523786085962,0.5708407242771831,dominant
7,1053,female,0.2483489102011995,family,0.1806083837043589,0.2727635332452121,leaning
7,1067,female,0.2282574914515891,male,0.2027845587995964,0.111597356031567,two-strong
7,1071,female,0.2455396303258145,family,0.1967761919125147,0.1985970173124273,two-strong
7,1073,emotion,0.26017050569008,family,0.176448986514588,0.3217948115664878,leaning
7,1096,marriage,0.2753889545907704,female,0.2585686609538334,0.0610783159435487,two-strong
7,1120,society,0.2217593977084723,love,0.185892808798773,0.1617364996414423,two-strong
7,1123,female,0.3246710526315789,marriage,0.2536589922009994,0.2187200233475712,leaning
7,1126,male,0.201921470342523,emotion,0.2001708817498291,0.0086696505381754,two-strong
7,1135,wealth,0.1971450742240215,emotion,0.1925282896284132,0.0234182091049554,two-strong
7,1165,male,0.2880158392545446,emotion,0.2107588698973714,0.2682386124627538,leaning
7,1177,female,0.2818529575845297,male,0.2789998317818997,0.0101227456222509,two-strong
7,1180,family,0.2885953075865728,female,0.260715378583144,0.0966056209990863,two-strong
7,1218,female,0.2843984962406015,marriage,0.2496022665359049,0.1223502586768555,two-strong
7,1224,family,0.2131504709614335,,,0.9999999953084786,dominant
7,1253,marriage,0.247179329397663,female,0.2318512719632796,0.0620118899493884,two-strong
7,1280,female,0.2849624648565377,male,0.2800258989814348,0.0173235652641641,two-strong
7,1317,marriage,0.2521382733940288,love,0.237467217386265,0.0581865488015381,two-strong
7,1328,female,0.2314520754823936,family,0.1972547517350701,0.1477512073646264,two-strong
7,1344,female,0.2504409194218445,male,0.2149093596462017,0.1418760149730849,two-strong
7,1405,male,0.2842105263157894,family,0.2150827942513037,0.24322720455628,leaning
7,1409,emotion,0.3908396950773643,marriage,0.2561724992690095,0.3445586442726592,leaning
7,1476,male,0.3149143575128235,class,0.1499125874125874,0.5239575955807588,dominant
7,1527,society,0.20452931406542,love,0.1430183464968188,0.3007440158342412,leaning
7,1532,emotion,0.3379570166594097,male,0.2064781706486897,0.3890401416171309,leaning
7,1537,emotion,0.21814312264508,male,0.2070175438596491,0.0510012811750705,two-strong
7,1542,female,0.2360066833751044,male,0.2140350877192982,0.0930973447382743,two-strong
7,1590,male,0.2309197579106104,society,0.2037318862979145,0.1177373116140329,two-strong
7,1611,emotion,0.1955119081080179,scandal,0.1431188021771825,0.2679791025000367,leaning
7,1627,female,0.2460830384785493,duty,0.2140449812131655,0.130192057661806,two-strong
7,1668,family,0.2513514822846874,female,0.2486976870018767,0.0105581047230381,two-strong
7,1691,family,0.2225427012910427,emotion,0.1914765466586124,0.1395963754938222,two-strong
7,1712,emotion,0.1979214506383732,,,0.9999999949474906,dominant
7,1723,marriage,0.2501771715349416,emotion,0.1878356673050017,0.2491894188356966,leaning
7,1770,wealth,0.2336050615926042,emotion,0.2047186691774023,0.1236548219230091,two-strong
7,1773,male,0.6527723618134995,family,0.2439530262562851,0.6262816241103888,dominant
7,1779,marriage,0.2512910960703396,male,0.2467941365734332,0.0178954190949616,two-strong
7,1790,marriage,0.2616191024563891,family,0.185907345394298,0.2893968982456663,leaning
7,1798,female,0.3952462501538884,marriage,0.2389229330985111,0.3955086647855722,leaning
7,1804,emotion,0.1892246871580317,duty,0.1547423384433861,0.1822296501070067,two-strong
7,1828,emotion,0.1957052685149782,wealth,0.1956996306354111,2.880801105182872e-05,two-strong
7,1830,female,0.3073975830521906,male,0.2816401310843257,0.0837919791962053,two-strong
7,1832,male,0.2731135859532688,female,0.2325640881015795,0.1484711848430577,two-strong
7,1833,female,0.248754078218269,marriage,0.2425621507184109,0.0248917626569854,two-strong
7,1849,duty,0.2303440456172654,male,0.2069207202212128,0.1016884340621673,two-strong
7,1854,society,0.3188347685405137,marriage,0.2327822597852597,0.269896877555945,leaning
7,1891,society,0.199305515697641,wealth,0.1931645477329687,0.0308118313352485,two-strong
7,1902,society,0.2202311790233167,emotion,0.2118059201149174,0.0382564308446574,two-strong
7,1938,marriage,0.2454069957502452,class,0.1635288864953936,0.3336421142799783,leaning
7,1955,female,0.3031257368684091,scandal,0.1068559168985093,0.6474864897651914,dominant
7,1959,male,0.3793082664052735,love,0.1722861477787849,0.5457885746668816,dominant
7,1964,marriage,0.2418897162185893,class,0.160049850398297,0.3383354479113131,leaning
7,1967,marriage,0.2642332822457046,emotion,0.1885892416992896,0.2862774878972203,leaning
7,1976,marriage,0.24813743070959,,,0.9999999959699752,dominant
7,1989,marriage,0.2507101621864545,wealth,0.192030275689223,0.2340546779254055,leaning
7,2010,marriage,0.2467009916094584,female,0.2383287764866712,0.0339366900563748,two-strong
7,2022,female,0.2534190590111643,male,0.2061224489795918,0.1866339888936879,two-strong
7,2029,marriage,0.247764772010204,society,0.2391898325446769,0.0346091954935576,two-strong
7,2047,family,0.1998344792462439,society,0.1980562092253534,0.0088987146697568,two-strong
7,2050,male,0.2034343576432372,society,0.1975926968726914,0.0287152121672343,two-strong
7,2071,male,0.2081815209961663,wealth,0.1998455943781021,0.0400416258759877,two-strong
7,2072,society,0.2807382808332257,family,0.182299873109396,0.3506411989167464,leaning
7,2091,marriage,0.2409920289515592,emotion,0.2094404150326401,0.1309238895795066,two-strong
7,2150,marriage,0.3091460045421417,duty,0.135469613965486,0.5617940632035134,dominant
7,2158,wealth,0.1935772414380175,class,0.185344580716251,0.0425290732427007,two-strong
7,2173,male,0.2643172558218878,female,0.2573622849381953,0.0263129655903593,two-strong
7,2228,male,0.2615530668162247,female,0.2286941311612364,0.125630090785538,two-strong
7,2238,wealth,0.1960467554187704,family,0.1858881896146573,0.0518170562455705,two-strong
7,2285,emotion,0.2179632019969028,wealth,0.1961252848683189,0.1001908433548492,two-strong
7,2309,marriage,0.264907394272649,wealth,0.2093134861642592,0.2098616690227586,leaning
7,2332,family,0.2091678369106368,wealth,0.1878841719401142,0.1017540037853031,two-strong
7,2351,female,0.2283466101470111,male,0.2255367445416773,0.0123052651897023,two-strong
7,2353,family,0.3313281340196219,male,0.2429840168186032,0.2666363277473758,leaning
7,2376,female,0.2948393828192578,male,0.2257974913454932,0.2341678054655296,leaning
7,2382,emotion,0.192893390501046,duty,0.1495526145680944,0.2246877178926919,leaning
7,2391,marriage,0.2476927469511327,society,0.2348624865002533,0.0517990960858114,two-strong
7,2424,emotion,0.2022369974523084,duty,0.1297877045555064,0.358239557802214,leaning
7,2429,female,0.2932522815641142,male,0.231300751096768,0.2112567715608543,leaning
7,2431,female,0.2380156941012204,male,0.2167606516290727,0.089301012116485,two-strong
7,2445,wealth,0.2452117769435524,family,0.2086368280127825,0.1491565749308723,two-strong
7,2447,female,0.2728091740510647,family,0.2376802167180065,0.1287675069083828,two-strong
7,2509,family,0.2195415008108506,emotion,0.1868864497833615,0.1487420408357394,two-strong
7,2523,society,0.2487707323224263,marriage,0.2434184865633984,0.0215147726082833,two-strong
7,2528,emotion,0.1916215321545225,class,0.1586456272397503,0.1720887228690557,two-strong
7,2535,family,0.1989367676895319,wealth,0.1887814371831123,0.0510480318611607,two-strong
7,2557,class,0.2312365464995771,wealth,0.204852835375686,0.1140983612200807,two-strong
7,2600,wealth,0.2206897482080868,society,0.2093192527890854,0.0515225354136418,two-strong
7,2630,wealth,0.2080180754917596,emotion,0.203474960423161,0.0218400013365116,two-strong
7,2667,family,0.2666151014448228,marriage,0.2490111984864067,0.0660274035378746,two-strong
7,2690,emotion,0.2100150098381843,love,0.1418134691587348,0.3247460284255515,leaning
7,2694,society,0.2037499613684828,emotion,0.1913830516982782,0.0606965003892318,two-strong
7,2700,society,0.2018734466283683,wealth,0.1876287584697977,0.0705624653758024,two-strong
7,2726,wealth,0.2999458511758036,marriage,0.2803775690013356,0.0652393824836046,two-strong
7,2759,female,0.2820289851089713,male,0.2421963789656825,0.1412358590967601,two-strong
7,2760,wealth,0.212340506712441,society,0.2086314866546112,0.0174673221694123,two-strong
7,2768,male,0.1890054158998079,duty,0.1594485619281486,0.1563809887381558,two-strong
7,2773,female,0.2336707152496626,male,0.2130803198472371,0.0881171407906583,two-strong
7,2838,female,0.2701000473775082,emotion,0.1923412730131214,0.2878887835507027,leaning
7,2856,marriage,0.2973965077852359,society,0.2360708600044658,0.2062083648233283,leaning
7,2871,female,0.2927365488280383,male,0.259786922115401,0.1125572694355823,two-strong
7,2899,class,0.2681476611463848,emotion,0.190697692360755,0.2888332800132673,leaning
7,2960,female,0.2332706766917293,male,0.2210347296813462,0.0524538580307684,two-strong
7,2963,society,0.4673460412175101,marriage,0.2488257773407136,0.4675770074780986,leaning
7,2966,female,0.2505182127740144,society,0.2152492645929844,0.1407839679586936,two-strong
7,2974,female,0.2947250322056824,marriage,0.2548587551472837,0.1352660024320937,two-strong
7,3047,female,0.2739140531114083,male,0.2296996524541542,0.1614170576266631,two-strong
7,3116,male,0.2003466458353676,wealth,0.1919919799498746,0.0417010517393801,two-strong
7,3189,marriage,0.261170292748069,male,0.2568207536150771,0.0166540346934999,two-strong
7,3195,female,0.2742481203007518,scandal,0.1102391395154553,0.5980313739521937,dominant
7,3207,male,0.266516024444371,emotion,0.2562331827333265,0.0385824518202969,two-strong
7,3232,marriage,0.2581399150049036,wealth,0.1891328320802005,0.2673243409724833,leaning
7,3234,emotion,0.2812144229842706,class,0.14609418345695,0.4804882964853836,leaning
7,3264,marriage,0.2596083867822998,female,0.2343358395989974,0.0973487312917456,two-strong
7,3305,female,0.2542758032295646,wealth,0.196375526272129,0.2277065925830765,leaning
7,3309,emotion,0.208485835528019,society,0.2017832649599538,0.0321488053082417,two-strong
7,3315,wealth,0.2038311122634171,emotion,0.1913153705074105,0.0614025089478471,two-strong
7,3321,marriage,0.309738740030714,society,0.2012930458497585,0.3501198907830581,leaning
7,3326,wealth,0.2337217400032942,emotion,0.1923217109186449,0.1771338383281417,two-strong
7,3330,society,0.2038930312132401,male,0.2032581453634085,0.003113818274906,two-strong
7,3389,wealth,0.203870936157449,emotion,0.1909757100260533,0.0632519098170268,two-strong
7,3393,wealth,0.2460424251378997,marriage,0.2428382956898138,0.0130226705141091,two-strong
7,3428,emotion,0.203136068048983,wealth,0.201248121263299,0.0092940007873675,two-strong
7,3432,female,0.2331739488825747,duty,0.1950323714176157,0.1635756373478551,two-strong
7,3448,society,0.2052739576349722,family,0.1843909880593675,0.1017321910410457,two-strong
7,3462,society,0.2066273880850846,family,0.2059708897440949,0.0031772087132136,two-strong
7,3503,male,0.3714144191614879,family,0.2081481688992017,0.4395797292719527,leaning
7,3572,male,0.2300751879699248,love,0.1508080546193068,0.3445270813663429,leaning
7,3577,male,0.206656413953055,class,0.1577659837591897,0.2365783331960513,leaning
7,3601,marriage,0.2693387537557999,female,0.2403145401152442,0.1077610003316119,two-strong
7,3608,emotion,0.2024422335704051,family,0.2008783429708071,0.0077251202196848,two-strong
7,3625,female,0.2387331966279335,love,0.208452164894996,0.1268404731047526,two-strong
7,3643,society,0.4404934594124162,marriage,0.2533892405916747,0.4247604916666943,leaning
7,3650,emotion,0.1944256895464415,scandal,0.1716481222237801,0.1171530740543808,two-strong
7,3722,emotion,0.210390448506765,society,0.1974200769098318,0.0616490512156833,two-strong
7,3724,male,0.3255506813644147,female,0.2308796287897537,0.2908028079900878,leaning
7,3728,marriage,0.2484949832775919,emotion,0.2438391087912619,0.0187362915990648,two-strong
7,3742,marriage,0.243974015383078,wealth,0.2047725624609535,0.1606788030270076,two-strong
7,3758,society,0.4850944154278827,marriage,0.2548252080007277,0.4746894617398431,leaning
7,3768,marriage,0.2429111315839004,female,0.2298402255639097,0.0538094153238368,two-strong
7,3782,society,0.245415137871382,emotion,0.1958425085311273,0.2019949933334588,leaning
7,3804,female,0.2305044676755203,male,0.2180775005145714,0.0539120444490916,two-strong
7,3834,emotion,0.3413212381087515,marriage,0.2715029138587125,0.2045531196134956,leaning
7,3847,society,0.2414873491277985,male,0.202845265943486,0.1600170077805838,two-strong
7,3856,family,0.2366904956932057,male,0.2188680104888761,0.0752986936667372,two-strong
7,3870,female,0.2355753230971525,male,0.2129648030815423,0.0959800017351796,two-strong
7,3883,emotion,0.2069003575828707,wealth,0.1900663940229592,0.0813626601481646,two-strong
7,3900,marriage,0.32392435210276,society,0.2489363053719941,0.2314986385323646,leaning
7,3934,female,0.2966752031319243,male,0.2290135553416594,0.2280664067906982,leaning
7,3945,female,0.258229385913046,family,0.2180199818860322,0.1557119602369407,two-strong
7,3946,society,0.2839062844031964,female,0.2373124527071895,0.1641169431308486,two-strong
7,3949,female,0.4222204189988807,male,0.4045874888215339,0.0417623813111491,two-strong
7,3979,marriage,0.2500194997359317,emotion,0.2061250540302935,0.1755640883068521,two-strong
7,3989,marriage,0.2967214003761855,,,0.9999999966298352,dominant
7,4016,female,0.2656975433629853,marriage,0.253810231452017,0.0447400142122817,two-strong
7,4029,wealth,0.2013982681155856,duty,0.1411068920507869,0.2993639236799823,leaning
7,4047,marriage,0.2483674779460831,wealth,0.196024961920698,0.2107462548941357,leaning
7,4086,society,0.2467109740756533,class,0.2427347287360814,0.0161170184599715,two-strong
7,4089,wealth,0.1944661654135338,emotion,0.1859146834027217,0.0439741378591652,two-strong
7,4098,female,0.4018908865594196,male,0.2324388382054849,0.4216369507230522,leaning
7,4135,marriage,0.2763003582178623,duty,0.2057191084208021,0.2554511691438194,leaning
7,4151,society,0.3167728905391747,class,0.1985831340627047,0.3731056527665458,leaning
7,4156,marriage,0.2434149750927044,emotion,0.2130806851082652,0.1246196535289859,two-strong
7,4177,male,0.2136877547403863,family,0.1819582378405908,0.1484854234621863,two-strong
7,4219,marriage,0.2491898490573943,love,0.208974374706273,0.1613848812134953,two-strong
7,4233,female,0.2474739480279646,family,0.2297031502861483,0.071808761332726,two-strong
7,4256,male,0.3267536106545032,family,0.2100824636255264,0.3570615377079302,leaning
7,4257,female,0.2977193714843705,marriage,0.2862780019165674,0.0384300473037029,two-strong
7,4260,emotion,0.2314418311463062,society,0.2041222527051554,0.1180407974988752,two-strong
7,4315,wealth,0.1751382084460556,love,0.1614856055043947,0.0779533089029669,two-strong
7,4324,female,0.2649551919379432,marriage,0.2547177388497231,0.0386384315578139,two-strong
7,4325,wealth,0.1980275122194626,family,0.1899017906757844,0.0410332958868848,two-strong
7,4328,male,0.2388990037688279,female,0.2247510184638487,0.0592216167608968,two-strong
7,4340,marriage,0.3220902095979771,wealth,0.2637172014684863,0.1812318605434119,two-strong
7,4349,society,0.3788803184006207,marriage,0.2986380355479112,0.2117879413204962,leaning
7,4356,emotion,0.2543431926827632,female,0.2394901088896631,0.0583978032910367,two-strong
7,4383,female,0.2834286734683265,male,0.2452604863955224,0.1346659336582737,two-strong
7,4415,marriage,0.355824805779572,society,0.1988102744099714,0.441269209953843,leaning
7,4436,class,0.3040026478602493,love,0.2265074720850738,0.2549161201907822,leaning
7,4453,female,0.2363522442469811,male,0.2022556390977443,0.144261820375799,two-strong
7,4464,society,0.2119494490652685,emotion,0.1911661686454413,0.0980577227892174,two-strong
7,4473,society,0.3879986538674289,wealth,0.2103698843135393,0.4578076942420886,leaning
7,4477,female,0.4240639854686051,family,0.2139199049515033,0.4955480475177287,leaning
8,5,family,0.2242186830336636,society,0.2048599493475368,0.0863386286007295,two-strong
8,23,marriage,0.2445360594924275,society,0.1972643760336079,0.1933117077441567,two-strong
8,60,male,0.2060150375939849,wealth,0.1891328320802005,0.081946471621695,two-strong
8,82,emotion,0.1913038672839568,class,0.1525873795411275,0.202382147784704,leaning
8,88,emotion,0.3096382356463566,female,0.281450108193604,0.0910356800828406,two-strong
8,95,male,0.3235227297097324,society,0.249615000369017,0.2284467900557692,leaning
8,128,male,0.310567451286218,class,0.1490895613960629,0.5199446648431709,dominant
8,132,marriage,0.2629960901929964,female,0.2296946126750712,0.12662346944726,two-strong
8,146,male,0.2721804511278195,family,0.1998767928223921,0.2656460364445007,leaning
8,147,marriage,0.3131151757826632,society,0.2316541552125551,0.2601631176333911,leaning
8,172,male,0.2360902255639098,class,0.1490519227361332,0.3686654212440058,leaning
8,181,emotion,0.195061279140542,love,0.15955266969186,0.1820382262594503,two-strong
8,206,female,0.246875018737034,male,0.2069947596263386,0.1615402771539016,two-strong
8,259,marriage,0.3218819414363209,wealth,0.2030508135874638,0.3691761238590322,leaning
8,272,marriage,0.2399665561854904,family,0.2084117837509608,0.1314965418707834,two-strong
8,291,duty,0.1752539774750722,scandal,0.1483665512470424,0.1534197766121139,two-strong
8,341,society,0.199074020930188,emotion,0.1954762940408873,0.0180723072474136,two-strong
8,344,marriage,0.273574994230921,female,0.253993167562792,0.0715775454975344,two-strong
8,374,male,0.2090678305557609,wealth,0.1903237183868762,0.0896556492187341,two-strong
8,376,female,0.237875939849624,male,0.2172753311851056,0.086602321323203,two-strong
8,391,class,0.1534124567617391,love,0.1469766369947858,0.0419510896367268,two-strong
8,452,marriage,0.2499924315632063,society,0.2012399078088109,0.1950159981025392,two-strong
8,470,society,0.3505147793958777,class,0.1731698047445915,0.5059557672603409,dominant
8,493,emotion,0.2098174154394249,class,0.1542821700716437,0.2646836774096608,leaning
8,511,marriage,0.248220849244468,emotion,0.2006486931612751,0.1916525386015719,two-strong
8,529,society,0.3105662266698964,male,0.2229488228007587,0.2821214802604584,leaning
8,547,society,0.227388367897335,,,0.9999999956022376,dominant
8,557,marriage,0.2876537032519847,society,0.2258528109757382,0.2148447642520497,leaning
8,558,male,0.250653116526517,family,0.2474934075661881,0.0126059032957953,two-strong
8,567,family,0.1934773909563825,emotion,0.1895731063195178,0.020179539311471,two-strong
8,568,female,0.2405701754385965,male,0.2097744360902255,0.1280114592933814,two-strong
8,570,marriage,0.2514884048064826,scandal,0.1102391395154553,0.5616531896890584,dominant
8,588,emotion,0.2101252908772198,society,0.2085635634451086,0.0074323629400297,two-strong
8,613,wealth,0.1961624060150376,family,0.1884416924664602,0.0393587826845208,two-strong
8,629,family,0.2038653973644998,love,0.1304768223859612,0.3599854392520499,leaning
8,657,marriage,0.2812366122399621,scandal,0.1345884551755131,0.5214404887578525,dominant
8,658,female,0.3237566104255856,duty,0.1281747421521597,0.6041015422425736,dominant
8,664,marriage,0.3919183489573032,society,0.2386639832029304,0.3910364640264198,leaning
8,666,marriage,0.2886223166588638,male,0.2038135342713726,0.293840001963156,leaning
8,683,marriage,0.2477252914895936,society,0.2105249815412768,0.1501675891648387,two-strong
8,687,male,0.2368648894964684,family,0.2331835445501965,0.015541961236027,two-strong
8,697,family,0.25130926864673,male,0.2469379617875858,0.0173941329951298,two-strong
8,700,society,0.2141477791437614,wealth,0.2024687324541407,0.0545373231596439,two-strong
8,716,emotion,0.2202476916937168,love,0.1449209406570109,0.3420092629140847,leaning
8,727,female,0.3015607472738148,male,0.2445888859355845,0.188923331913543,two-strong
8,731,emotion,0.216351652300913,male,0.182995368743416,0.1541762359962342,two-strong
8,741,female,0.2387362637362637,society,0.2121654045306351,0.1112979598427658,two-strong
8,755,female,0.4455658787337547,family,0.229297100397431,0.4853800261042291,leaning
8,790,emotion,0.2068918853607849,love,0.1320158634133225,0.3619089335233336,leaning
8,794,marriage,0.2517139966706661,female,0.2324196865383098,0.0766517170713735,two-strong
8,795,marriage,0.2365699460068035,male,0.2160869770677326,0.0865831404125132,two-strong
8,805,marriage,0.2505485823993036,society,0.2261648381641628,0.0973214212761283,two-strong
8,821,emotion,0.2325766653481874,male,0.2270680315552309,0.023685238418155,two-strong
8,851,family,0.2182606181037426,wealth,0.21565083480715,0.0119571881877239,two-strong
8,855,female,0.3646510820966357,marriage,0.2409813814727327,0.3391452990450311,leaning
8,862,emotion,0.2066787574255669,love,0.1539517674272665,0.2551156703280152,leaning
8,875,female,0.2926319041866236,male,0.2569010001495023,0.122101874073964,two-strong
8,881,society,0.2046719853067784,class,0.1635528214475583,0.2009027449295746,leaning
8,968,female,0.2533387667417945,male,0.2458905511895572,0.0294002201819684,two-strong
8,994,marriage,0.2439517603877686,love,0.1386051335234638,0.4318338439739864,leaning
8,998,emotion,0.2129897345836159,,,0.999999995304938,dominant
8,999,wealth,0.2074359140632746,love,0.1995390803935283,0.0380687870147149,two-strong
8,1000,wealth,0.2817669600278111,love,0.2656726610506837,0.0571191843018771,two-strong
8,1030,love,0.2064323835125694,emotion,0.1974657927654022,0.0434359694499447,two-strong
8,1038,male,0.2796591450449401,female,0.2494260094831335,0.1081070867496257,two-strong
8,1076,male,0.2661654135338346,family,0.1792078234802692,0.3267050687478085,leaning
8,1078,marriage,0.2373598073471487,wealth,0.2356882664388065,0.0070422238709322,two-strong
8,1104,marriage,0.2789542738622084,,,0.999999996415183,dominant
8,1122,male,0.4032009662785984,female,0.3497193005123528,0.1326427020431515,two-strong
8,1162,class,0.214279792961312,emotion,0.2110468867942184,0.0150873122814244,two-strong
8,1169,female,0.2449701268870258,male,0.2062387856066694,0.1581063847026211,two-strong
8,1172,wealth,0.3101980885105655,marriage,0.2845240308625981,0.0827666530392765,two-strong
8,1189,marriage,0.2401378505987855,female,0.235176103052691,0.020662080188776,two-strong
8,1193,male,0.3149143575128235,class,0.1505593172259838,0.5219039267151963,dominant
8,1209,class,0.2110003772014748,male,0.2078634085213032,0.0148671234948036,two-strong
8,1231,emotion,0.2236443261027139,family,0.1830610830859513,0.1814633241205523,two-strong
8,1234,male,0.2312775640548644,society,0.2124539144132171,0.0813898643267967,two-strong
8,1249,female,0.2363968633705475,male,0.2132157316367842,0.0980602335631124,two-strong
8,1252,male,0.333430138717974,emotion,0.2946264583778585,0.1163772428399451,two-strong
8,1257,male,0.2695937795159153,female,0.2477123966957439,0.0811642715877847,two-strong
8,1271,wealth,0.2049177944862155,emotion,0.1943454617008336,0.0515930437388151,two-strong
8,1316,female,0.2751627736018893,male,0.2314355815688856,0.1589139086719452,two-strong
8,1323,marriage,0.2685946037376323,female,0.2467000296767222,0.0815153159248938,two-strong
8,1375,marriage,0.2559885422220287,wealth,0.2081776613250297,0.1867696120116234,two-strong
8,1435,female,0.3630643622539629,family,0.2129481820245637,0.4134698841934898,leaning
8,1447,society,0.3134592205705102,emotion,0.1939445721742372,0.3812765430778341,leaning
8,1450,wealth,0.1971929824561403,emotion,0.1837683050601711,0.0680788796877,two-strong
8,1452,female,0.2959219095596108,marriage,0.2780611729295189,0.0603562493778034,two-strong
8,1468,family,0.1967024461606505,love,0.1364402385273528,0.30636226698329,leaning
8,1510,male,0.2572410718214416,duty,0.1889174978489933,0.2656013412752078,leaning
8,1520,female,0.3148496240601505,duty,0.1296489887821157,0.5882193292834733,dominant
8,1537,female,0.302631380335663,marriage,0.2576798518478777,0.1485355824283385,two-strong
8,1568,marriage,0.2450991609458428,male,0.207124955245256,0.1549340495459449,two-strong
8,1578,emotion,0.2281451278496029,society,0.2082366542644707,0.0872623215122695,two-strong
8,1580,marriage,0.3237065589131507,society,0.2330693886968408,0.27999794085306,leaning
8,1593,class,0.2114337966060381,male,0.1999013092292729,0.0545442001578835,two-strong
8,1661,marriage,0.2492048523921685,love,0.1522340333592602,0.3891209088143534,leaning
8,1669,wealth,0.2181872360405316,emotion,0.2177115489964863,0.0021801781373534,two-strong
8,1695,female,0.2560091087643102,family,0.2448962047793645,0.0434082365083671,two-strong
8,1710,marriage,0.3146491473907546,society,0.2018018312819428,0.3586449119152538,leaning
8,1735,family,0.2944926450737908,female,0.291948723155817,0.0086383206911604,two-strong
8,1747,society,0.293816586425488,marriage,0.2392992561131024,0.18554885137726,two-strong
8,1765,marriage,0.2485487976709015,female,0.2366692985789069,0.0477954395898086,two-strong
8,1768,female,0.2591355238004229,family,0.2429167959624668,0.0625878209884467,two-strong
8,1802,female,0.4002715484094291,male,0.259666232453223,0.3512748187165906,leaning
8,1809,marriage,0.254424329104636,family,0.2389082480984419,0.0609850520184641,two-strong
8,1815,marriage,0.2582439296351747,society,0.2123708671628069,0.1776346199484292,two-strong
8,1822,male,0.3241492067355755,female,0.2353678724475518,0.2738903325052918,leaning
8,1852,marriage,0.2535783438529434,female,0.2511069619235254,0.0097460291053293,two-strong
8,1864,love,0.1565688223262686,class,0.1558621933621933,0.0045132162908496,two-strong
8,1879,family,0.2067717704930942,,,0.99999999516375,dominant
8,1893,male,0.2030628184178536,duty,0.1299778297361656,0.3599131977543214,leaning
8,1919,family,0.2893695204604266,female,0.2675709088737196,0.0753314014437007,two-strong
8,1954,marriage,0.2615257562547814,duty,0.2094096406928262,0.1992771806074271,two-strong
8,1973,emotion,0.2538549649968761,wealth,0.2437076346086714,0.0399729441902254,two-strong
8,1980,male,0.4449682183999655,family,0.2359907464537499,0.4696458372420827,leaning
8,1982,society,0.2054579980130247,duty,0.1425573250485389,0.3061485718085782,leaning
8,1989,society,0.297142280740149,male,0.20635477582846,0.3055354639535367,leaning
8,2022,wealth,0.2326404737333529,emotion,0.2133207459455166,0.0830454279719817,two-strong
8,2023,female,0.2354323308270676,male,0.2032581453634085,0.1366600127262556,two-strong
8,2054,emotion,0.1954740344475011,duty,0.1370047668190083,0.2991152635419757,leaning
8,2088,female,0.2486120604541657,duty,0.2216478413733012,0.1084590141087569,two-strong
8,2102,female,0.2455745966384852,male,0.2341327860428921,0.0465919956934503,two-strong
8,2111,female,0.2393474069789859,family,0.1965386154461784,0.178856298859798,two-strong
8,2175,male,0.2958174578766465,wealth,0.2042288504136931,0.3096119066493134,leaning
8,2182,society,0.2822372871946974,class,0.2477363296969399,0.1222409615626602,two-strong
8,2186,society,0.2743860142974789,wealth,0.1982792365529207,0.2773711978799141,leaning
8,2232,female,0.2930435533966092,marriage,0.2925291263642322,0.0017554627107777,two-strong
8,2252,female,0.2990919922703481,male,0.2109086265420371,0.2948369321561958,leaning
8,2253,male,0.2250284802916382,wealth,0.1942957393483709,0.1365726718985294,two-strong
8,2278,marriage,0.2450060022202403,love,0.2039543006747367,0.1675538599297156,two-strong
8,2312,society,0.1970154393617632,wealth,0.1902957393483709,0.0341074790942956,two-strong
8,2318,male,0.2765739885912097,female,0.2752102754051212,0.0049307354900007,two-strong
8,2320,marriage,0.3329050696659411,wealth,0.2626652870058595,0.2109904259480769,leaning
8,2327,family,0.2150544428297634,emotion,0.1871741389816437,0.1296430027281356,two-strong
8,2334,female,0.281099103765746,love,0.1667224717301901,0.4068907730277962,leaning
8,2343,wealth,0.2055936090225564,emotion,0.1834064641317795,0.1079174828845248,two-strong
8,2349,class,0.2814262663170995,wealth,0.207022543485234,0.264380875108685,leaning
8,2373,female,0.3199629842939974,male,0.2820660287459107,0.1184416863508919,two-strong
8,2374,family,0.1912428129146395,class,0.1493886230728336,0.2188536603549838,leaning
8,2392,family,0.4779166466147045,male,0.3896825378997889,0.1846223795619895,two-strong
8,2398,emotion,0.2255656358527172,society,0.2136333667671554,0.0528993212443655,two-strong
8,2400,marriage,0.2470051329216858,emotion,0.2222867646583346,0.1000722854254044,two-strong
8,2459,family,0.2974183605772185,female,0.2768450047873478,0.0691731192410904,two-strong
8,2465,marriage,0.2425357742472601,scandal,0.1145362695147699,0.5277551511812945,dominant
8,2493,family,0.3302032148348391,female,0.3053485364900437,0.0752708548944818,two-strong
8,2514,female,0.2805183623786977,marriage,0.2647036679941991,0.0563766813481258,two-strong
8,2549,society,0.1973971187510761,emotion,0.1880217071604631,0.047495179273313,two-strong
8,2566,male,0.212781954887218,society,0.1995829267826053,0.0620307678326288,two-strong
8,2581,marriage,0.2482498051147936,female,0.2333526122999807,0.060008879958296,two-strong
8,2582,female,0.231484962406015,male,0.2007518796992481,0.1327649202547223,two-strong
8,2602,male,0.2022556390977443,wealth,0.1891328320802005,0.0648822797287725,two-strong
8,2633,emotion,0.2154297183568222,wealth,0.188416951469583,0.1253901595744884,two-strong
8,2652,society,0.2307180164150836,wealth,0.1899147869674185,0.1768532423467224,two-strong
8,2658,female,0.3152484519125749,male,0.2271909628444059,0.2793272679202939,leaning
8,2682,marriage,0.2563858787258469,female,0.2476089007069034,0.0342334688178955,two-strong
8,2690,wealth,0.2047526999316473,society,0.1977317156304701,0.0342900692847076,two-strong
8,2698,family,0.1971973542438233,love,0.1400775538706127,0.2896580448687317,leaning
8,2706,female,0.2351660401002506,male,0.210357061484881,0.1054955830327287,two-strong
8,2719,female,0.2493932032149658,emotion,0.2453691096640929,0.0161355381095481,two-strong
8,2749,marriage,0.2730563147886085,class,0.1903466286190806,0.3029033989953892,leaning
8,2769,marriage,0.2872981161129002,,,0.9999999965192948,dominant
8,2793,marriage,0.2596927100359594,wealth,0.1884661654135338,0.2742724057917933,leaning
8,2832,male,0.398578030623718,class,0.1563602372437376,0.6077048260618858,dominant
8,2843,marriage,0.2465296752506906,society,0.2037462313169542,0.1735427741779486,two-strong
8,2854,family,0.2667492072227381,male,0.2493547533429848,0.0652090178473136,two-strong
8,2880,family,0.2088617265087853,society,0.1980743844343683,0.0516482469195474,two-strong
8,2893,female,0.2419605316378984,male,0.2281613123718386,0.0570308682809472,two-strong
8,2895,society,0.2371506188413881,emotion,0.1907462495457276,0.1956746700754854,two-strong
8,2910,marriage,0.2523630976556769,wealth,0.1969624060150376,0.2195277040730418,leaning
8,2925,family,0.2091438872319081,duty,0.1263878496693206,0.3956894856560375,leaning
8,2932,female,0.2838502506265665,marriage,0.2430065847849437,0.1438915963877909,two-strong
8,2968,marriage,0.2519631806251809,love,0.1405947370917478,0.4420028466663205,leaning
8,2978,marriage,0.2717730738692491,female,0.2507391081795577,0.0773953258607789,two-strong
8,2980,society,0.2116452366788724,wealth,0.2115640269882014,0.0003837066761417,two-strong
8,3002,family,0.2640497826168241,marriage,0.2603925782556677,0.0138504349863946,two-strong
8,3030,male,0.2361723115934214,society,0.2060055802072838,0.1277318710854589,two-strong
8,3036,society,0.4973540722034092,marriage,0.2587457488711628,0.479755442225281,leaning
8,3041,family,0.2484622336236666,male,0.2426360017691287,0.0234491646722996,two-strong
8,3060,love,0.1582927625577353,duty,0.1343815420905204,0.1510569398739039,two-strong
8,3163,female,0.2615671790010691,male,0.2585783536140207,0.0114266070652906,two-strong
8,3167,wealth,0.2148480697209193,emotion,0.19829818506852,0.0770306412194739,two-strong
8,3174,female,0.24677311953974,male,0.2217780724310205,0.1012875594151038,two-strong
8,3198,society,0.4137212925493477,,,0.9999999975829138,dominant
8,3219,female,0.2284614862691488,wealth,0.2080418104083738,0.0893790726168158,two-strong
8,3242,male,0.2746776102727074,family,0.2579002406422727,0.0610802225660017,two-strong
8,3268,emotion,0.1934837092731829,duty,0.1483414418398938,0.2333130131190474,leaning
8,3271,male,0.2303995984276945,family,0.2006030893731095,0.129325350949388,two-strong
8,3278,female,0.253858518837845,duty,0.200060290531768,0.2119220908576999,leaning
8,3302,wealth,0.1944661654135338,emotion,0.1821040203815323,0.0635696443242125,two-strong
8,3311,society,0.3221586602859736,emotion,0.2065336249615944,0.358907113851399,leaning
8,3337,marriage,0.2765257854594047,class,0.1498671782762692,0.4580354288287309,leaning
8,3339,male,0.2789542920916619,female,0.2516839163684728,0.0977592974854424,two-strong
8,3340,society,0.2182491260612229,emotion,0.1985280558720375,0.0903603622829303,two-strong
8,3362,emotion,0.2244509157370609,class,0.1523651786809681,0.3211648145796597,leaning
8,3379,marriage,0.2616861267170235,society,0.2065081066444971,0.2108557322235806,leaning
8,3397,male,0.2290539535916995,society,0.2228216891269775,0.0272087180325322,two-strong
8,3406,marriage,0.2502449638784397,female,0.2320031324420694,0.0728958980063056,two-strong
8,3435,female,0.3128240007914524,marriage,0.2493424715423927,0.2029304940973818,leaning
8,3457,emotion,0.2004105282447787,class,0.1758733125360145,0.122434763289282,two-strong
8,3463,wealth,0.2056613842298053,class,0.1507429040921864,0.2670335030382741,leaning
8,3472,love,0.2184321648261147,emotion,0.2145311747249991,0.0178590460171557,two-strong
8,3487,society,0.2318787016168698,male,0.2093435928272806,0.0971849011369693,two-strong
8,3492,marriage,0.2475032020892509,emotion,0.1945037070807866,0.2141366024638978,leaning
8,3524,male,0.3490098161906782,female,0.2965002742553083,0.1504529080529612,two-strong
8,3538,family,0.2172819414847278,wealth,0.1980853659074372,0.0883486927526887,two-strong
8,3573,society,0.2829989474909265,class,0.1951471520990143,0.3104315258426796,leaning
8,3587,marriage,0.2716735765859603,society,0.2032737163442702,0.2517722218313545,leaning
8,3606,marriage,0.2400620583279934,duty,0.1480333997159137,0.3833536164344164,leaning
8,3629,emotion,0.1968371341577083,wealth,0.1950667157403999,0.0089943313587138,two-strong
8,3630,female,0.2539473684210526,emotion,0.1825172435220282,0.2812792471994109,leaning
8,3634,marriage,0.2436949167979108,,,0.9999999958965086,dominant
8,3645,marriage,0.2713768123632823,society,0.215641802020125,0.2053786749590388,leaning
8,3654,emotion,0.1953154235450886,class,0.152598668388142,0.2187065115642488,leaning
8,3677,emotion,0.1927605687773151,wealth,0.1916838763575605,0.0055856465925496,two-strong
8,3681,emotion,0.2229343124548811,wealth,0.1914253569419278,0.1413373967634205,two-strong
8,3700,marriage,0.2787678869188578,male,0.2151246804589939,0.2283017851697064,leaning
8,3741,female,0.244047619047619,male,0.2072323666308628,0.1508527409919947,two-strong
8,3797,emotion,0.2382331968784035,duty,0.1431605645310336,0.3990738200806752,leaning
8,3798,marriage,0.2496700186642907,female,0.2346972880061115,0.0599700784191538,two-strong
8,3814,emotion,0.217750415766177,wealth,0.1905563909774436,0.1248862123553806,two-strong
8,3838,society,0.2848569957622209,marriage,0.2821235450417871,0.0095958700383108,two-strong
8,3854,wealth,0.2457897143472558,female,0.2380001347051238,0.0316920487544678,two-strong
8,3856,male,0.2042248478338704,emotion,0.1865846057668589,0.0863765705678705,two-strong
8,3867,marriage,0.2440987379890109,emotion,0.2404796293552274,0.0148264126589627,two-strong
8,3888,emotion,0.233722424325626,wealth,0.2087893898360858,0.1066779726198848,two-strong
8,3941,female,0.2465527917856197,male,0.2384775110096459,0.0327527451007028,two-strong
8,3945,society,0.3416155384138051,emotion,0.1869557555681957,0.4527305259912875,leaning
8,3955,male,0.2265262650518277,class,0.201569987030794,0.1101694671262707,two-strong
8,3956,female,0.2985945961303338,male,0.2588523759546148,0.1330975863517445,two-strong
8,3963,female,0.2387218045112781,male,0.2032581453634085,0.1485564298238946,two-strong
8,3968,emotion,0.2867334593442616,duty,0.219747364925163,0.2336179891201845,leaning
8,3979,emotion,0.1864951635286563,class,0.1524189261031366,0.1827191472317431,two-strong
8,3993,wealth,0.274336846605428,society,0.2656722098491497,0.0315839335178935,two-strong
8,4013,wealth,0.2092882205513784,family,0.1795444493586908,0.1421187058316408,two-strong
8,4016,marriage,0.2500962088056157,society,0.19883761962408,0.2049554818178805,leaning
8,4047,female,0.3843706432272147,family,0.2816333642201336,0.2672870068254993,leaning
8,4058,male,0.2144179659838317,emotion,0.1859726618634984,0.1326628757863292,two-strong
8,4071,society,0.2334884463252157,class,0.1718309539431348,0.2640708484227526,leaning
8,4076,society,0.2753479830403283,family,0.1937523561109343,0.2963363876215751,leaning
8,4080,wealth,0.2162807017543859,emotion,0.1826663766855154,0.1554198994213728,two-strong
8,4097,male,0.1988447198081405,love,0.15181379175703,0.2365208785024234,leaning
8,4101,family,0.2584515680684672,female,0.2479089283982376,0.0407915483284866,two-strong
8,4108,male,0.2422737646492576,family,0.2025207525554282,0.1640830239596815,two-strong
8,4110,female,0.2945488721804512,scandal,0.1137113617376775,0.6139473849963981,dominant
8,4142,emotion,0.2191672963823438,society,0.2105034642069667,0.0395306794346366,two-strong
8,4164,duty,0.2555699216472075,emotion,0.179946717436925,0.2959002508079711,leaning
8,4169,marriage,0.2630837057224628,duty,0.1620345206060701,0.3840951854270223,leaning
8,4193,female,0.2742481203007518,duty,0.1282765737874097,0.5322608804793367,dominant
8,4194,female,0.2453427399054334,family,0.2278109785606468,0.071458243598673,two-strong
8,4226,marriage,0.2628437574941447,female,0.2319472759088051,0.1175469478991941,two-strong
8,4241,society,0.2350575867148788,wealth,0.1932874914559124,0.1777015397164412,two-strong
8,4258,female,0.2501712568149325,family,0.186168582265442,0.2558354429222134,leaning
8,4260,duty,0.2003757851677528,emotion,0.1957964602019943,0.0228536843365133,two-strong
8,4272,female,0.3006426513519494,wealth,0.1965129679402125,0.3463569875968122,leaning
8,4273,female,0.2287492372482411,male,0.2202239369356745,0.0372691965134102,two-strong
8,4288,female,0.2843984962406015,marriage,0.2448921216083687,0.1389120372137913,two-strong
8,4333,female,0.2640977443609023,love,0.1439115028951689,0.4550824214780519,leaning
8,4339,family,0.1961816305469556,emotion,0.1933172091066828,0.014600864605345,two-strong
8,4388,marriage,0.291981212048763,female,0.2860467793299873,0.0203247073906244,two-strong
8,4390,male,0.2269810077140904,class,0.1527517139957331,0.3270286538018603,leaning
8,4411,female,0.3235916730981348,society,0.1980271789170467,0.3880337605441866,leaning
8,4435,marriage,0.3062079194809061,class,0.1498869727892537,0.5105058890904813,dominant
8,4443,wealth,0.1956290726817042,emotion,0.18721183123097,0.0430265363543528,two-strong
8,4448,marriage,0.2560295666702989,female,0.2332393483709273,0.0890140092284951,two-strong
