layer,neuron,concept,AP,AUROC,ΔP,P(fire|1),P(fire|0),lift,label_support,neuron_fires_total
7,2,female,0.23554626726980155,0.5441289627577718,-0.027042231375347572,0.01974316127419376,0.04678539264954133,0.42199413440137756,152,27
7,2,male,0.19382845094924783,0.5134688224320199,-0.05074604991167723,7.518683929564969e-06,0.05075356859560679,0.00014814099062322175,133,27
7,2,family,0.17670084535426994,0.4716040262258749,-0.02897436611532566,0.01681484344800928,0.04578920956333494,0.3672228371704914,119,27
7,2,marriage,0.24440381105742226,0.5277469683525584,-0.02078610069016733,0.024850622973627657,0.04563672366379499,0.5445312673222834,161,27
7,2,love,0.15127458751882916,0.5684783041005449,-0.0070306178508956,0.0344934599204616,0.0415240777713572,0.8306857556129539,87,27
7,2,wealth,0.2104514043726473,0.5576444444444444,0.009116635182796151,0.048007231884289854,0.0388905967014937,1.2344174673260178,125,27
7,2,emotion,0.194570067772116,0.5075124574623238,0.010989584100163902,0.049594221583114335,0.038604637482950434,1.2846700504241941,121,27
7,2,scandal,0.12627910717308755,0.5536467116357505,0.016780510629888994,0.05556790089164191,0.038787390261752916,1.4326279885090163,72,27
7,2,duty,0.12496079023510027,0.4972413793103448,-0.03305296226020248,0.01177619350132938,0.04482915576153186,0.262690503557774,85,27
7,2,class,0.1583462896050465,0.5405289645572331,-0.00022434060795399613,0.04041332498333367,0.04063766559128767,0.9944794907462261,99,27
7,2,society,0.3722299835026939,0.6067058352631729,0.15857886739102917,0.1679440008549488,0.009365133463919612,17.932899887016227,131,27
7,11,female,0.2273417919799499,0.47685185185185186,-0.00974192114504347,6.578860804463099e-06,0.009748500005847932,0.0006748587782573433,152,5
7,11,male,0.2,0.4736842105263158,-0.009392821916293743,7.518683929564969e-06,0.009400340600223309,0.0007998310112919236,133,5
7,11,family,0.1779379243957645,0.47943792901776094,-0.009150903888651222,8.403220113947665e-06,0.00915930710876517,0.0009174515073294785,119,5
7,11,marriage,0.2395058752208716,0.49646307798481715,-0.009916368569335223,6.211102967664998e-06,0.009922579672302888,0.0006259564722242773,161,5
7,11,love,0.12986297160525834,0.4889233583900091,-0.008640725207829431,1.1493988643939221e-05,0.00865221919647337,0.0013284439958820863,87,5
7,11,wealth,0.18979038505354295,0.49398518518518525,0.0005986400563900785,0.008007871874050014,0.007409231817659936,1.0807965076598656,125,5
7,11,emotion,0.19664698937426212,0.5100267379679144,0.011020392908868339,0.016536916745177765,0.005516523836309426,2.9977060251847503,121,5
7,11,scandal,0.10726294903926484,0.48386265692336516,-0.008419472598551763,1.3888503097136193e-05,0.0084333611016489,0.0016468526519958745,72,5
7,11,duty,0.13524192677352392,0.5162474645030426,0.004877941426336534,0.01177619350132938,0.006898252074992846,1.7071271637510383,85,5
7,11,class,0.1576955803563991,0.5046043473605312,0.0030420272351002805,0.010110906850366658,0.007068879615266378,1.430340789380568,99,5
7,11,society,0.20125886419578665,0.4925093632958802,0.00014862341439037408,0.007641104715958534,0.00749248130156816,1.0198363409114455,131,5
7,16,female,0.22684837092731833,0.4868549297219658,-0.00974192114504347,6.578860804463099e-06,0.009748500005847932,0.0006748587782573433,152,5
7,16,male,0.19805044219744766,0.48954858951891006,-0.009392821916293743,7.518683929564969e-06,0.009400340600223309,0.0007998310112919236,133,5
7,16,family,0.20131626772493644,0.522955335980546,0.021553241821377238,0.02521806356195694,0.003664821740579705,6.881116010593958,119,5
7,16,marriage,0.24162012173290368,0.49385660061125897,-0.0017211464910317767,0.006217314070632662,0.007938460561664439,0.7831888842370092,161,5
7,16,love,0.13082706766917293,0.4731833910034602,-0.008640725207829431,1.1493988643939221e-05,0.00865221919647337,0.0013284439958820863,87,5
7,16,wealth,0.18765585773690888,0.5053037037037038,-0.00925307693882458,7.999872002047968e-06,0.009261076810826628,0.0008638166127541378,125,5
7,16,emotion,0.18808177468464554,0.4817923553719008,0.0009178381634596978,0.008272590535693625,0.007354752372233927,1.1247952501840819,121,5
7,16,scandal,0.10765428528586422,0.48939010680157385,-0.008419472598551763,1.3888503097136193e-05,0.0084333611016489,0.0016468526519958745,72,5
7,16,duty,0.1312091781223087,0.5005780933062881,-0.008610619631672362,1.1764429072257124e-05,0.00862238406074462,0.0013644055968758083,85,5
7,16,class,0.14740850824442156,0.49023806974337003,-0.008825557018486335,1.0100806044322337e-05,0.008835657824530658,0.0011431866470808807,99,5
7,16,society,0.19526612399252014,0.48040855419275524,-0.009357499992674899,7.63347124471382e-06,0.009365133463919612,0.0008150947632842244,131,5
7,19,female,0.346352620406469,0.5766261413768339,0.11184526322653801,0.11184721253667715,1.949310139141758e-06,57377.814290806964,152,17
7,19,male,0.19622879139845206,0.49352705070948044,-0.031949128095593825,7.518683929564969e-06,0.03195664677952339,0.00023527762412630163,133,17
7,19,family,0.17556689211195003,0.4918121094591683,-0.031128845361393084,8.403220113947665e-06,0.031137248581507033,0.00026987677127864826,119,17
7,19,marriage,0.24119582130952597,0.5008133688257912,-0.009140131662086277,0.018639520005962657,0.027779651668048935,0.6709774560179286,161,17
7,19,love,0.1320305404149825,0.49544604860199654,-0.002953726117258266,0.02299947127652238,0.025953197393780644,0.886190280398658,87,17
7,19,wealth,0.18506249494704505,0.48099259259259264,-0.03147521685682489,7.999872002047968e-06,0.03148321672882694,0.00025409957536101944,125,17
7,19,emotion,0.18490305273014396,0.4922368740884784,-0.0009357947768170241,0.024801242954661906,0.02573703773147893,0.9636401520818344,121,17
7,19,scandal,0.10613133211817423,0.4918727749672101,-0.028655492038621107,1.3888503097136193e-05,0.028669380541718244,0.00048443680450095195,72,17
7,19,duty,0.13064053916904034,0.5093103448275862,0.011165479713333048,0.035305051645843626,0.024139571932510578,1.4625384303867095,85,17
7,19,class,0.14621630232262414,0.4912196166613128,-0.030026895529657673,1.0100806044322337e-05,0.030036996335701997,0.0003362788319809539,99,17
7,19,society,0.1967212377819047,0.4809017354261371,-0.0033109557196965046,0.022908047205386174,0.02621900292508268,0.8737192360048611,131,17
7,98,female,0.253512981654072,0.5044500872063199,0.05019826916103959,0.11842607334114025,0.06822780418010066,1.7357450494346214,152,53
7,98,male,0.19386884915301453,0.4896828537509186,-0.0432277899664542,0.04511962226131938,0.08834741222777358,0.5107067781960966,133,53
7,98,family,0.18275489668096734,0.47891464278018897,-0.025419663122885586,0.058830944017747605,0.08425060714063319,0.6982851045672259,119,53
7,98,marriage,0.29527493595063636,0.5896061323079956,0.034164689451177815,0.10559496155327264,0.07143027210209482,1.4782942643823076,161,53
7,98,love,0.121578694173967,0.4753012766972915,-0.025564988236554613,0.05748143720834004,0.08304642544489466,0.6921602814294471,87,53
7,98,wealth,0.2233535949641024,0.5664296296296296,0.03978240132217943,0.11200620790067359,0.07222380657849416,1.5508211655583726,125,53
7,98,emotion,0.23254497302496735,0.5654016771998056,0.08442629911103061,0.14876613609692405,0.06433983698589343,2.312193239271479,121,53
7,98,scandal,0.09591210226484095,0.41371557054525016,-0.05821387425787852,0.027790894697369516,0.08600476895524804,0.3231320197081998,72,53
7,98,duty,0.11993854707646415,0.4786612576064909,-0.050903271773730795,0.035305051645843626,0.08620832341957442,0.4095318206526882,85,53
7,98,class,0.14893575632090625,0.48163614948067246,-0.010557821288065372,0.07071574311630069,0.08127356440436606,0.8700952595556606,99,53
7,98,society,0.1762923103605025,0.40759642050490325,-0.07072643356434877,0.022908047205386174,0.09363448076973495,0.24465396739345174,131,53
7,101,female,0.2290946316794489,0.5075151328613933,-0.0060872692098543416,0.03290088288311996,0.0389881520929743,0.8438687425815408,152,25
7,101,male,0.19668552478969928,0.49632539996608066,-0.01879153721494062,0.02256357047262447,0.04135510768756509,0.5456054096762374,133,25
7,101,family,0.20636661201788323,0.5358220211161387,0.05656634602354055,0.0840406043595906,0.027474258336050054,3.058885278306448,119,25
7,101,marriage,0.24988469532171256,0.4742063492063493,-0.008622640390586987,0.031061725941292653,0.03968436633187964,0.7827194639002493,161,25
7,101,love,0.1254824585810481,0.4622061806467008,-0.04324268160244399,1.1493988643939221e-05,0.04325417559108793,0.0002657313077085142,87,25
7,101,wealth,0.18663072239577655,0.5059185185185184,-0.026586542811729105,0.016007743876097984,0.04259428668782709,0.3758190386669153,125,25
7,101,emotion,0.17689871423454417,0.49778956003889163,-0.01564162306421303,0.024801242954661906,0.04044286601887494,0.6132414785459015,121,25
7,101,scandal,0.10486429549353998,0.4725969645868465,-0.042146171665334006,1.3888503097136193e-05,0.04216006016843114,0.00032942322760739996,72,25
7,101,duty,0.12713449210365782,0.4802332657200812,-0.0026275761726811467,0.035305051645843626,0.03793262781852477,0.9307304469866263,85,25
7,101,class,0.143239574813298,0.5063889781204268,-0.04416112120377191,1.0100806044322337e-05,0.04417122200981623,0.00022867390994636618,99,25
7,101,society,0.19586229952301326,0.5117148411813478,-0.03730441983263867,0.007641104715958534,0.0449455245485972,0.17000813301281212,131,25
7,116,female,0.2691729323308271,0.5263157894736842,0.03947779437744391,0.03947974368758306,1.949310139141758e-06,20253.177081297134,152,6
7,116,male,0.2,0.4924812030075188,-0.011272514097902083,7.518683929564969e-06,0.011280032781831649,0.0006665480565808727,133,6
7,116,family,0.17894736842105263,0.4926739926739927,-0.01098239901137971,8.403220113947665e-06,0.010990802231493658,0.0007645684033058152,119,6
7,116,marriage,0.24210526315789474,0.4920634920634921,-0.011900487679973674,6.211102967664998e-06,0.011906698782941339,0.0005216477783113119,161,6
7,116,love,0.13301932993403048,0.5062243964522929,0.002853263436109789,0.011505482632583159,0.00865221919647337,1.329772439877968,87,6
7,116,wealth,0.18796992481203006,0.4925925925925926,-0.01110492193199127,7.999872002047968e-06,0.01111292180399332,0.0007198711682154931,125,6
7,116,emotion,0.18210402038153237,0.49769081186193487,-0.0009203903724648022,0.008272590535693625,0.009192980908158427,0.899881182985176,121,6
7,116,scandal,0.10827067669172932,0.49325463743676223,-0.010105807551890875,1.3888503097136193e-05,0.010119696054988012,0.001372422948307633,72,6
7,116,duty,0.12778637770897833,0.49977687626774847,-0.010334751617424136,1.1764429072257124e-05,0.010346516046496394,0.0011370425579249773,85,6
7,116,class,0.14887218045112782,0.4929328621908127,-0.010592335227750613,1.0100806044322337e-05,0.010602436033794935,0.0009526872891450271,99,6
7,116,society,0.19699248120300752,0.49250936329588013,-0.011230152155026351,7.63347124471382e-06,0.011237785626271065,0.0006792682738305178,131,6
7,133,female,0.22679294389820706,0.48641248589309527,-0.014858921175430917,0.006585439665267561,0.02144436084069848,0.3070942386150395,152,12
7,133,male,0.1979427693049984,0.49319492339872234,-0.022550667187552123,7.518683929564969e-06,0.022558185871481687,0.0003333017988266899,133,12
7,133,family,0.1769166546438446,0.49036537691999876,-0.02197136974775064,8.403220113947665e-06,0.02197977296786459,0.00038231605603257295,119,12
7,133,marriage,0.251524750057945,0.5021813073055309,0.017170908047712867,0.031061725941292653,0.013890817893579788,2.236133694720235,161,12
7,133,love,0.13082706766917293,0.47664359861591693,-0.020751409945944523,1.1493988643939221e-05,0.02076290393458846,0.0005535829034125644,87,12
7,133,wealth,0.19779408116250222,0.4998518518518519,0.01719087608986722,0.03200748788019392,0.014816611790326702,2.160243403213841,125,12
7,133,emotion,0.1814344746162928,0.4903682547399125,-0.011949761588011802,0.008272590535693625,0.020222352123705427,0.40908151953239363,121,12
7,133,scandal,0.10984649122807016,0.49278620948098173,-0.004648979221450243,0.013902391600233327,0.01855137082168357,0.7493996930531014,72,12
7,133,duty,0.13069340016708436,0.5037018255578094,0.00629757858408302,0.023540622573586505,0.017243043989503486,1.3652242948838604,85,12
7,133,class,0.14819542597320376,0.4995449191562266,-0.009325420229749668,0.010110906850366658,0.019436327080116327,0.520206662923988,99,12
7,133,society,0.20324370085519142,0.5081482116819624,0.015558428499126033,0.0305415184501,0.014983089950973966,2.038399191888738,131,12
7,199,female,0.23749927846005173,0.5102082692110392,0.004389237230646936,0.14474151655899264,0.1403522793283457,1.0312730028370063,152,94
7,199,male,0.19270237265985862,0.44076120753010345,-0.007514656078316445,0.13534382941609902,0.14285848549441546,0.9473979018239165,133,94
7,199,family,0.271926736726803,0.5926986179087019,0.12465277205212177,0.24370178652459626,0.11904901447247448,2.047071011905738,119,94
7,199,marriage,0.2291491190136838,0.4910591048013408,-0.06357463824160557,0.09317275561794262,0.1567473938595482,0.5944134273826246,161,94
7,199,love,0.1357763292825111,0.5319273754126397,-0.05682673945450464,0.09196340314015769,0.14879014259466233,0.6180745682196738,87,94
7,199,wealth,0.22677092884287386,0.5479851851851852,-0.016439809407225614,0.12800595190476954,0.14444576131199516,0.8861869724747222,125,94
7,199,emotion,0.18837796412944535,0.5301257899854156,0.009058929138126087,0.14876613609692405,0.13970720695879796,1.0648422463970157,121,94
7,199,scandal,0.12167332411837016,0.5768573168446693,-0.0027549029409797143,0.13889891947445904,0.14165382241543875,0.9805518630208173,72,94
7,199,duty,0.11330824300367782,0.46499999999999997,-0.06763843895751792,0.08236276793487213,0.15000120689239005,0.5490807016866843,85,94
7,199,class,0.16334623434011122,0.5088517685690831,-0.011790222346381107,0.1313205793822347,0.14311080172861582,0.917614727855017,99,94
7,199,society,0.2122360022219516,0.5595248306029676,-0.014419444521844488,0.12977664463137967,0.14419608915322416,0.9000011400626666,131,94
7,288,female,0.2249221538695223,0.4720170308812969,-0.02582385162324364,0.01316430046973066,0.0389881520929743,0.33764874103292597,152,22
7,288,male,0.2,0.4567669172932331,-0.041347589003635526,7.518683929564969e-06,0.04135510768756509,0.00018180786726965591,133,22
7,288,family,0.1889922429240014,0.48958044756364083,0.010887255208345246,0.04202450378985228,0.031137248581507033,1.3496537331645202,119,22
7,288,marriage,0.24166441645601502,0.4874174307404122,0.0055249390196318166,0.03727282890895765,0.03174788988932584,1.1740253931117284,161,22
7,288,love,0.13055059349344583,0.49914489122220895,-0.02482830167958186,0.011505482632583159,0.03633378431216502,0.31666072912791293,87,22
7,288,wealth,0.1901223345715471,0.5064,-0.0013275738417997118,0.03200748788019392,0.03333506172199363,0.9601748497173477,125,22
7,288,emotion,0.1798340141744906,0.4974933155080214,-0.020229492201848172,0.016536916745177765,0.03676640894702594,0.4497832999832764,121,22
7,288,scandal,0.10957972551221981,0.4847292486415589,-0.005937490704366066,0.027790894697369516,0.03372838540173558,0.8239616087616072,72,22
7,288,duty,0.12544594360720354,0.48008113590263696,-0.03792086338945252,1.1764429072257124e-05,0.03793262781852477,0.00031014010229477723,85,22
7,288,class,0.166654019494963,0.5402077310204519,-0.0032580338152192224,0.030312518939011334,0.033570552754230557,0.9029496523344677,99,22
7,288,society,0.19356420588515233,0.48511879234925814,-0.02218033993851904,0.015274575960672354,0.03745491589919139,0.4078123149809102,131,22
7,297,female,0.24900459979549072,0.5357545911562531,0.03777196526027387,0.05921632610097235,0.02144436084069848,2.7613938479260445,152,20
7,297,male,0.20265243823657914,0.5196308440273616,5.299804274390418e-06,0.03008225440218944,0.03007695459791505,1.0001762081083363,133,20
7,297,family,0.20469695188438464,0.5359066703604519,0.014550245453802225,0.04202450378985228,0.027474258336050054,1.5295955681242424,119,20
7,297,marriage,0.2723655716130787,0.5368234250221828,0.042274065554122504,0.06211724077961764,0.019843175225495134,3.1304083177513373,161,20
7,297,love,0.1312257511143549,0.49762359304776677,-0.008144019576450452,0.02299947127652238,0.03114349085297283,0.7385001053466825,87,20
7,297,wealth,0.18865221386800332,0.4989703703703704,0.0023761161445336743,0.03200748788019392,0.029631371735660245,1.0801892050307587,125,20
7,297,emotion,0.18073610929575293,0.47453816237238694,-0.03675814462081645,8.26432620948414e-06,0.03676640894702594,0.00022477926036145745,121,20
7,297,scandal,0.10719958951866845,0.48749297358066324,-0.01813965884816314,0.013902391600233327,0.03204205044839647,0.4338795865198816,72,20
7,297,duty,0.1282765737874097,0.47851926977687625,-0.020984038359940067,0.01177619350132938,0.032760231861269445,0.35946612193829547,85,20
7,297,class,0.14707102114926487,0.48243031016882604,-0.023459645903863898,0.010110906850366658,0.033570552754230557,0.30118380606024725,99,20
7,297,society,0.19528579429141904,0.48812791262829863,-0.008928912206750864,0.022908047205386174,0.03183695941213704,0.7195425576958056,131,20
7,316,female,0.22856852469855568,0.4822894223863753,-0.00633075023182606,0.01316430046973066,0.01949505070155672,0.6752637205505806,152,12
7,316,male,0.2036906301852943,0.49878455537339583,-0.0037539149652055064,0.0150448865430595,0.018798801508265007,0.8003109419313043,133,12
7,316,family,0.19682655648999406,0.5234709268322715,0.018967491198953978,0.03362128367590461,0.014653792476950634,2.2943742192674086,119,12
7,316,marriage,0.24055549955199138,0.49283988957902003,-0.007414758187197475,0.012428417038297659,0.019843175225495134,0.6263320711749251,161,12
7,316,love,0.13002909390570946,0.5074374577417173,-0.020751409945944523,1.1493988643939221e-05,0.02076290393458846,0.0005535829034125644,87,12
7,316,wealth,0.21169112010588004,0.5161629629629629,0.01719087608986722,0.03200748788019392,0.014816611790326702,2.160243403213841,125,12
7,316,emotion,0.18029710410093186,0.49685525036460865,-0.011949761588011802,0.008272590535693625,0.020222352123705427,0.40908151953239363,121,12
7,316,scandal,0.10683590288853445,0.48486977702829304,-0.020223817271925546,1.3888503097136193e-05,0.020237705775022683,0.0006862686537122737,72,12
7,316,duty,0.12733732179601348,0.4958012170385396,-0.020679543531934776,1.1764429072257124e-05,0.020691307961007033,0.0005685686518154742,85,12
7,316,class,0.17275919403948423,0.5161866009922548,0.02627733253101018,0.04041332498333367,0.01413599245232349,2.858895483764365,99,12
7,316,society,0.19578232133475204,0.47093804500100056,-0.02246606512913506,7.63347124471382e-06,0.022473698600379774,0.00033966243741673935,131,12
7,346,female,0.22785218253968254,0.4856622550528367,-0.003163060340580371,0.006585439665267561,0.009748500005847932,0.6755336370356005,152,6
7,346,male,0.2,0.4736842105263158,-0.011272514097902083,7.518683929564969e-06,0.011280032781831649,0.0006665480565808727,133,6
7,346,family,0.17814388913460122,0.4795148828762274,-0.01098239901137971,8.403220113947665e-06,0.010990802231493658,0.0007645684033058152,119,6
7,346,marriage,0.24037103628636808,0.4803682342502218,-0.011900487679973674,6.211102967664998e-06,0.011906698782941339,0.0005216477783113119,161,6
7,346,love,0.14114436178864492,0.5092669928011773,0.002853263436109789,0.011505482632583159,0.00865221919647337,1.329772439877968,87,6
7,346,wealth,0.19556992945822665,0.5181037037037037,0.008598512058438049,0.016007743876097984,0.007409231817659936,2.160513298528863,125,6
7,346,emotion,0.1816728725819635,0.4895175012153622,-0.0009203903724648022,0.008272590535693625,0.009192980908158427,0.899881182985176,121,6
7,346,scandal,0.10730110532742113,0.4839094997189432,-0.010105807551890875,1.3888503097136193e-05,0.010119696054988012,0.001372422948307633,72,6
7,346,duty,0.146797202338998,0.5292292089249494,0.00315380944058476,0.01177619350132938,0.00862238406074462,1.3657700024726838,85,6
7,346,class,0.15241345576273807,0.4931470178820002,0.0012752490258360009,0.010110906850366658,0.008835657824530658,1.1443298337279613,99,6
7,346,society,0.195820616925653,0.4784143865969065,-0.011230152155026351,7.63347124471382e-06,0.011237785626271065,0.0006792682738305178,131,6
7,347,female,0.2312332150187974,0.493421052631579,0.0034158004638827275,0.01316430046973066,0.009748500005847932,1.3503924152929438,152,7
7,347,male,0.20480833628655554,0.5126985697326022,-0.0037538301683371165,0.007526202613494532,0.011280032781831649,0.6672146046374534,133,7
7,347,family,0.18607319195009223,0.5082956259426847,-0.0025791788974320468,0.008411623334061612,0.010990802231493658,0.7653329717091208,119,7
7,347,marriage,0.24626470601293005,0.49858892832495316,-0.005689384712308677,0.006217314070632662,0.011906698782941339,0.522169426089623,161,7
7,347,love,0.13916346691037695,0.5035695819910114,0.0011231656163790613,0.011505482632583159,0.010382317016204097,1.108180631887652,87,7
7,347,wealth,0.1867051425214068,0.5122962962962962,-0.003105049929943305,0.008007871874050014,0.01111292180399332,0.7205910393837085,125,7
7,347,emotion,0.17988298689618382,0.45746232377248425,0.007343935837019339,0.016536916745177765,0.009192980908158427,1.7988633837695678,121,7
7,347,scandal,0.10557784743876991,0.4888045718568485,-0.011792142505229987,1.3888503097136193e-05,0.011806031008327124,0.0011763905317683692,72,7
7,347,duty,0.1291584348025244,0.5132048681541581,-0.012058883603175908,1.1764429072257124e-05,0.012070648032248166,0.0009746311084419351,85,7
7,347,class,0.15013301522791245,0.48293000678159687,0.011376055070158339,0.020211712894688996,0.008835657824530658,2.287516480808842,99,7
7,347,society,0.19169944466384448,0.4812162278068445,-0.013102804317377804,7.63347124471382e-06,0.013110437788622517,0.0005822438096427295,131,7
7,368,female,0.2773530819374582,0.5986072637734687,0.0470305792697939,0.12500493414560335,0.07797435487580945,1.603154451782215,152,59
7,368,male,0.18423908138702796,0.4833371021538809,-0.05450594305610425,0.04511962226131938,0.09962556531742363,0.45289200735883267,133,59
7,368,family,0.21689820906296794,0.5369455474497491,0.0454690880341527,0.1260567049293289,0.08058761689517621,1.564219290560882,119,59
7,368,marriage,0.2612281403056843,0.5489253672483485,-0.010520913525866704,0.08075054968261262,0.09127146320847933,0.8847294306795552,161,59
7,368,love,0.1172670790181209,0.46913653899693747,-0.049169661618608924,0.045987448564400825,0.09515711018300975,0.48327916301233553,87,59
7,368,wealth,0.19657210988645518,0.5348740740740742,-0.010735536617679356,0.08000671989248172,0.09074225651016107,0.8816919808759779,125,59
7,368,emotion,0.19773795674012906,0.5517668327661642,0.012781599423031725,0.09918017884001917,0.08639857941698745,1.1479376108743138,121,59
7,368,scandal,0.12160672087004952,0.5730981824995316,-0.021607369826487283,0.0694564039887781,0.09106377381526538,0.7627226621303511,72,59
7,368,duty,0.1406064352595607,0.543924949290061,-0.007293819456205844,0.08236276793487213,0.08965658739107797,0.918647143847789,85,59
7,368,class,0.15419140626771904,0.5418228218581576,-0.021158490543651043,0.07071574311630069,0.09187423365995173,0.7697015833325661,99,59
7,368,society,0.1786407925259794,0.49028647396860797,-0.06295009972432694,0.03817498969481382,0.10112508941914075,0.3775026545213678,131,59
7,401,female,0.22466686988467124,0.47640299579357753,-0.024361990849167993,0.02632202207865686,0.05068401292782485,0.5193357936282721,152,30
7,401,male,0.1946162269150751,0.47620696478037194,-0.01879162201180901,0.03008225440218944,0.04887387641399845,0.6155078460884633,133,30
7,401,family,0.20275105785772313,0.5307353710715056,0.0474088704098981,0.0840406043595906,0.0366317339496925,2.2942021929049816,119,30
7,401,marriage,0.24055959208099972,0.48972813763186435,-0.0021527917871723354,0.04348393187662265,0.04563672366379499,0.9528276437198966,161,30
7,401,love,0.12674756853526192,0.478353816171499,-0.03866908423742768,0.011505482632583159,0.05017456687001084,0.22930905735891138,87,30
7,401,wealth,0.18559998201587463,0.4766222222222222,-0.016142333787133242,0.03200748788019392,0.04814982166732716,0.6647477970047887,125,30
7,401,emotion,0.18494491456835996,0.4820354278074867,-0.024832765743835535,0.024801242954661906,0.04963400869849744,0.49968244767046244,121,30
7,401,scandal,0.10333328868609176,0.47168353007307473,-0.05057784643202956,1.3888503097136193e-05,0.0505917349351267,0.0002745211864086252,72,30
7,401,duty,0.12704530800990946,0.48732251521298176,-0.011248236101440011,0.035305051645843626,0.046553287747283636,0.7583793401819463,85,30
7,401,class,0.14956402739436525,0.47842381411286,-0.0055246752357468315,0.04041332498333367,0.0459380002190805,0.879736270401865,99,30
7,401,society,0.19655244982685724,0.4357577836864225,-0.027655433830265384,0.022908047205386174,0.05056348103565156,0.45305518401276595,131,30
7,402,female,0.22747885338345866,0.48760516056222425,-0.011691231284185227,6.578860804463099e-06,0.01169781014498969,0.0005624010581774146,152,6
7,402,male,0.20182599355531686,0.49344931878568604,-0.0018741379867287765,0.007526202613494532,0.009400340600223309,0.8006308423032154,133,6
7,402,family,0.18164528969482532,0.4896574014221073,-0.000747683774703559,0.008411623334061612,0.00915930710876517,0.9183689588368078,119,6
7,402,marriage,0.24101558243434673,0.4871586315685694,-0.011900487679973674,6.211102967664998e-06,0.011906698782941339,0.0005216477783113119,161,6
7,402,love,0.1364310942804591,0.5117030585053494,-0.010370823027560159,1.1493988643939221e-05,0.010382317016204097,0.0011070735583293227,87,6
7,402,wealth,0.20470883090078135,0.509051851851852,0.01845022905365271,0.02400761587814595,0.005557386824493243,4.319946880072572,125,6
7,402,emotion,0.18556053197201522,0.5044892440447252,-0.0009203903724648022,0.008272590535693625,0.009192980908158427,0.899881182985176,121,6
7,402,scandal,0.11497874115908173,0.5166291924302043,0.005469030498584427,0.013902391600233327,0.0084333611016489,1.64849950464787,72,6
7,402,duty,0.1286687306501548,0.4921703853955375,0.00315380944058476,0.01177619350132938,0.00862238406074462,1.3657700024726838,85,6
7,402,class,0.14887218045112782,0.48498233215547704,-0.010592335227750613,1.0100806044322337e-05,0.010602436033794935,0.0009526872891450271,99,6
7,402,society,0.19548441714974457,0.49341710266746724,-0.011230152155026351,7.63347124471382e-06,0.011237785626271065,0.0006792682738305178,131,6
7,405,female,0.22814538386169042,0.5394352108341028,-0.04824116188393518,0.03947974368758306,0.08772090557151824,0.45006083133678365,152,51
7,405,male,0.18489123666274193,0.4035558821866697,-0.07706191004793075,0.0150448865430595,0.09210679659099026,0.16334176303736336,133,51
7,405,family,0.18038416243826097,0.5145673654077015,-0.001287242404076308,0.07563738424564292,0.07692462664971923,0.9832661858611143,119,51
7,405,marriage,0.24319921681345802,0.5303965789214236,-0.0028431827190625453,0.07453944671494764,0.07738262943401018,0.9632581272978014,161,51
7,405,love,0.17944571794345165,0.5768006999960228,0.07046381264859648,0.1379393577159146,0.06747554506731811,2.0442866756578666,87,51
7,405,wealth,0.20636450680140067,0.5407037037037037,0.03363437431329816,0.10400633589862562,0.07037196158532746,1.4779513538362552,125,51
7,405,emotion,0.20053901732543417,0.5460394385026739,0.017384872965019088,0.09091585263053503,0.07353097966551594,1.2364292308203217,121,51
7,405,scandal,0.11584727490045987,0.4352866779089376,-0.039266366300725004,0.04167939779450571,0.08094576409523072,0.5149052363624118,72,51
7,405,duty,0.16078330553018605,0.5400608519269776,0.04696491960383503,0.11765605515164348,0.07069113554780845,1.6643678763712637,85,51
7,405,class,0.14142831262114128,0.46206767319841524,-0.05449460188388329,0.030312518939011334,0.08480712082289463,0.3574289357370885,99,51
7,405,society,0.19938254504888656,0.497655602252909,0.009067858016876304,0.08397581716309674,0.07490795914622043,1.121053331569944,131,51
7,411,female,0.2253644053315106,0.4855596593823741,-0.011691231284185227,6.578860804463099e-06,0.01169781014498969,0.0005624010581774146,152,6
7,411,male,0.1981772613351561,0.47926677596246264,-0.011272514097902083,7.518683929564969e-06,0.011280032781831649,0.0006665480565808727,133,6
7,411,family,0.1835440058376292,0.4966294209991689,-0.000747683774703559,0.008411623334061612,0.00915930710876517,0.9183689588368078,119,6
7,411,marriage,0.24079560313828047,0.47216060337178345,-0.011900487679973674,6.211102967664998e-06,0.011906698782941339,0.0005216477783113119,161,6
7,411,love,0.1313787590259835,0.4985284174521736,-0.010370823027560159,1.1493988643939221e-05,0.010382317016204097,0.0011070735583293227,87,6
7,411,wealth,0.19881122678491098,0.5,0.008598512058438049,0.016007743876097984,0.007409231817659936,2.160513298528863,125,6
7,411,emotion,0.18846666872596804,0.5158604764219737,-0.0009203903724648022,0.008272590535693625,0.009192980908158427,0.899881182985176,121,6
7,411,scandal,0.11278322209573388,0.511804384485666,-0.010105807551890875,1.3888503097136193e-05,0.010119696054988012,0.001372422948307633,72,6
7,411,duty,0.1326653149475871,0.5057403651115618,0.00315380944058476,0.01177619350132938,0.00862238406074462,1.3657700024726838,85,6
7,411,class,0.1507134840468174,0.4954313452546668,0.013142833279422618,0.020211712894688996,0.007068879615266378,2.8592526668836333,99,6
7,411,society,0.19566934849472134,0.48426108585641986,-0.0017240287479610783,0.007641104715958534,0.009365133463919612,0.8159098580475086,131,6
7,435,female,0.3286594476215753,0.6203511336821586,0.1030726366187161,0.19079354219023434,0.08772090557151824,2.1750065271784806,152,74
7,435,male,0.2848459687552014,0.6018712194018883,0.15225807699910338,0.2330867205004436,0.08082864350134022,2.8837143665994476,133,74
7,435,family,0.2620435938795059,0.5847415889432697,0.13057852879666307,0.21849212618275324,0.08791359738609017,2.485305261946181,119,74
7,435,marriage,0.23561269323941722,0.47773710933648816,-0.04028270018544344,0.08075054968261262,0.12103324986805607,0.6671765797413136,161,74
7,435,love,0.12338834146162915,0.4589945511673229,-0.048672955987229954,0.06897542585227927,0.11764838183950922,0.5862845265971124,87,74
7,435,wealth,0.1808652821023797,0.5066518518518519,-0.02866149451996508,0.08800659189452968,0.11666808641449476,0.7543330365521574,125,74
7,435,emotion,0.17463216103780935,0.48021238454059306,-0.03499693810665307,0.08265152642105089,0.11764846452770396,0.7025295804084677,121,74
7,435,scandal,0.10162333379616939,0.4558272437699082,-0.046902394126573974,0.0694564039887781,0.11635879811535207,0.5969157907537487,72,74
7,435,duty,0.12295781984679913,0.49920892494929003,-0.04664436030049135,0.070598338862615,0.11724269916310635,0.6021555232517929,85,74
7,435,class,0.13916483803764487,0.467448334939501,-0.05952774793620186,0.06061493707197835,0.1201426850081802,0.5045245748199044,99,74
7,435,society,0.18068312421683821,0.4233925150813392,-0.10054600556666399,0.0305415184501,0.131087524016764,0.23298569927952292,131,74
7,450,female,0.24385811231521318,0.5534395198522623,0.04824847170077516,0.17105695977684504,0.12280848807606988,1.392875707984421,152,89
7,450,male,0.20221237182176616,0.49970320538187574,0.0018838048297252497,0.13534382941609902,0.13346002458637377,1.0141151242445032,133,89
7,450,family,0.17708479284498252,0.5034475328592976,-0.009475765647701972,0.1260567049293289,0.13553247057703088,0.9300849043163687,119,89
7,450,marriage,0.2777878198019799,0.579284974859509,0.06107906640783499,0.1801281971652526,0.11904913075741762,1.5130576428212708,161,89
7,450,love,0.12837268542140548,0.36320248180408066,-0.08784850974686084,0.05748143720834004,0.14532994695520088,0.3955236922068349,87,89
7,450,wealth,0.168653379850824,0.45149629629629634,-0.11554947138875343,0.04000735988224189,0.15555683127099532,0.2571880614634528,125,89
7,450,emotion,0.17527415401653546,0.43209923432182795,-0.05246781140011195,0.09091585263053503,0.14338366403064698,0.6340739947227775,121,89
7,450,scandal,0.09719238506894334,0.4347479857597901,-0.07219741842666065,0.0694564039887781,0.14165382241543875,0.4903249542012907,72,89
7,450,duty,0.12599825252997812,0.44367139959432045,-0.04552921797075016,0.09412719700712924,0.1396564149778794,0.673991216381749,85,89
7,450,class,0.13770086142286872,0.3977941963807688,-0.09789700532875265,0.05051413102765601,0.14841113635640865,0.34036617647078854,99,89
7,450,society,0.33910129437115444,0.5981716556594334,0.1565479142100224,0.2595456557915146,0.1029977415814922,2.5199159884844775,131,89
7,469,female,0.23106074135767343,0.48210987996306554,-0.0034075160047974395,0.09211063012328784,0.09551814612808528,0.9643259826128487,152,63
7,469,male,0.19547385829941816,0.47791706710384985,-0.015032831226671067,0.08271304190914422,0.09774587313581529,0.8462049522374253,133,63
7,469,family,0.1870473709675089,0.5137824360513437,0.0279083923065626,0.11765348481538125,0.08974509250881865,1.3109740212536884,119,63
7,469,marriage,0.231254052022746,0.46196268362417425,-0.043043056203330834,0.06211724077961764,0.10516029698294847,0.5906909980398698,161,63
7,469,love,0.12780737548268303,0.46964363838841827,-0.029641879970191937,0.06897542585227927,0.0986173058224712,0.6994251696121971,87,63
7,469,wealth,0.19938470775622574,0.5166444444444445,0.021263951390512514,0.11200620790067359,0.09074225651016107,1.2343335090735494,125,63
7,469,emotion,0.1851727894472199,0.47623966942148765,-0.01477642421148355,0.08265152642105089,0.09742795063253444,0.8483348554865574,121,63
7,469,scandal,0.11049276125170641,0.5258572231590781,-0.01277787158936844,0.08334490708591429,0.09612277867528272,0.867067184632676,72,63
7,469,duty,0.11980801866291717,0.4462677484787018,-0.06814459163124853,0.035305051645843626,0.10344964327709215,0.3412776547806645,85,63
7,469,class,0.17261272899171154,0.5402523467894493,0.04297990214081153,0.1313205793822347,0.08834067724142318,1.486524480923626,99,63
7,469,society,0.1885891535399269,0.39711810618406385,-0.10846520200199383,0.007641104715958534,0.11610630671795237,0.06581128047122055,131,63
7,479,female,0.22535635027113313,0.474864060736637,-0.027773161762385402,0.01316430046973066,0.04093746223211606,0.32157099516250653,152,23
7,479,male,0.39882395805686516,0.6252614619254904,0.16353699326056892,0.16541856513435887,0.001881571873789948,87.9150923494887,133,23
7,479,family,0.17782166078553335,0.510442638593899,-0.02164838562441171,0.01681484344800928,0.03846322907242099,0.4371667135879847,119,23
7,479,marriage,0.2373811077242328,0.4772503204180223,-0.02924006840422043,0.012428417038297659,0.04166848544251809,0.2982689892855468,161,23
7,479,love,0.14670220808109635,0.5223919182277373,0.013113859891697263,0.045987448564400825,0.03287358867270356,1.3989178066581875,87,23
7,479,wealth,0.18442343621290988,0.4843111111111111,-0.02288285282539572,0.016007743876097984,0.0388905967014937,0.41160962374926874,125,23
7,479,emotion,0.17823041517475144,0.48503585318424897,-0.03217027548318131,0.008272590535693625,0.04044286601887494,0.2045500566559305,121,23
7,479,scandal,0.10682487703516662,0.4791315345699831,-0.023198663708180474,0.013902391600233327,0.0371010553084138,0.37471687757371736,72,23
7,479,duty,0.12832607014764022,0.5030121703853955,0.0008206877988224046,0.035305051645843626,0.03448436384702122,1.0237988382630263,85,23
7,479,class,0.15475322479461354,0.5208355641217832,0.03057794073627635,0.06061493707197835,0.030036996335701997,2.0180092707177044,99,23
7,479,society,0.19569925745933853,0.5020156102581697,-0.00504074528673994,0.0305415184501,0.03558226373683994,0.8583354526041759,131,23
7,483,female,0.261606778322246,0.5480019493177388,0.03411682600396206,0.07895290851436164,0.044836082510399576,1.7609234369280113,152,35
7,483,male,0.2223094963361178,0.5301882525863532,0.028200173747189132,0.07519435797957924,0.04699418423239011,1.6000779502020266,133,35
7,483,family,0.17427997555687028,0.49398220826792255,-0.023156896623801257,0.03362128367590461,0.05677818029970587,0.5921514831549934,119,35
7,483,marriage,0.22999702049444526,0.44355713299812677,-0.05304949773188181,0.012428417038297659,0.06547791477017947,0.18981082524894494,161,35
7,483,love,0.12815962515595763,0.47213936284452934,-0.020871400408741414,0.0344934599204616,0.055364860329203014,0.6230208062431343,87,35
7,483,wealth,0.18177833044310307,0.42943703703703706,-0.05495670973861068,0.008007871874050014,0.06296458161266069,0.1271805778554183,125,35
7,483,emotion,0.1927247882215336,0.4894111570247934,0.006386310558176539,0.057858547792598476,0.05147223723442194,1.1240729158122087,121,35
7,483,scandal,0.10463898870842993,0.4378161888701517,-0.04343468314824982,0.013902391600233327,0.057337074748483145,0.2424677516419452,72,35
7,483,duty,0.12264042543875543,0.4663488843813388,-0.019868896030198868,0.035305051645843626,0.055173947676042494,0.639886271189071,85,35
7,483,class,0.1441086659790992,0.44082164400185603,-0.03809373478924145,0.020211712894688996,0.05830544768393044,0.34665222028494763,99,35
7,483,society,0.1934296892470645,0.45112502501643936,-0.02751257123495737,0.0305415184501,0.05805408968505737,0.5260872854136759,131,35
7,489,female,0.22665281172885385,0.4913755514517288,-0.011691231284185227,6.578860804463099e-06,0.01169781014498969,0.0005624010581774146,152,6
7,489,male,0.19423776377346288,0.48263751483973094,-0.011272514097902083,7.518683929564969e-06,0.011280032781831649,0.0006665480565808727,133,6
7,489,family,0.17580673308624992,0.4979299412072521,-0.01098239901137971,8.403220113947665e-06,0.010990802231493658,0.0007645684033058152,119,6
7,489,marriage,0.242093101680916,0.5118924381346742,-0.003705265601670226,0.006217314070632662,0.009922579672302888,0.6265824286965015,161,6
7,489,love,0.1471469123108598,0.5428051545161675,-0.010370823027560159,1.1493988643939221e-05,0.010382317016204097,0.0011070735583293227,87,6
7,489,wealth,0.1976557171569267,0.5162592592592594,-0.0012532049367766137,0.008007871874050014,0.009261076810826628,0.8646804293668918,125,6
7,489,emotion,0.2151864965705177,0.5400841638308216,0.009182164372943839,0.016536916745177765,0.007354752372233927,2.2484668287895584,121,6
7,489,scandal,0.11791275249513236,0.5294641184185872,0.005469030498584427,0.013902391600233327,0.0084333611016489,1.64849950464787,72,6
7,489,duty,0.13812880617834178,0.4851724137931035,0.00315380944058476,0.01177619350132938,0.00862238406074462,1.3657700024726838,85,6
7,489,class,0.1505799528303919,0.5079326837277367,0.0012752490258360009,0.010110906850366658,0.008835657824530658,1.1443298337279613,99,6
7,489,society,0.21722966916080444,0.5452726077136404,-0.0017240287479610783,0.007641104715958534,0.009365133463919612,0.8159098580475086,131,6
7,493,female,0.2264191729323308,0.4791089566020314,-0.03313364281474457,6.578860804463099e-06,0.03314022167554903,0.00019851589614195276,152,17
7,493,male,0.19832272990167726,0.4811323421335294,-0.022550751984420518,0.007526202613494532,0.03007695459791505,0.25023153819456245,133,17
7,493,family,0.18321654347748995,0.5083264074860713,0.009810015585311537,0.03362128367590461,0.023811268090593075,1.4119904721821646,119,17
7,493,marriage,0.23974792947242812,0.47811298432416444,-0.03372579789699662,6.211102967664998e-06,0.033732008999964286,0.00018413083452833905,161,17
7,493,love,0.13868662020611455,0.519806705643718,0.010270360346411683,0.0344934599204616,0.024223099574049917,1.4239903449841853,87,17
7,493,wealth,0.19347446878064725,0.49706666666666666,-0.0019200658711809038,0.02400761587814595,0.025927681749326855,0.9259453316856338,125,17
7,493,emotion,0.18597899426776432,0.5078390860476423,0.019269314714000264,0.041329895373630195,0.02206058065962993,1.8734726891114406,121,17
7,493,scandal,0.10796377517868747,0.4903035413153457,-0.013080653988145808,0.013902391600233327,0.026983045588379134,0.5152269247807032,72,17
7,493,duty,0.14169282386000653,0.5079918864097364,0.011165479713333048,0.035305051645843626,0.024139571932510578,1.4625384303867095,85,17
7,493,class,0.14905192273613327,0.4796016704143913,-0.018159311276071063,0.010110906850366658,0.02827021812643772,0.3576522404173987,99,17
7,493,society,0.19577144727807647,0.4764988420962346,-0.03182932594089232,7.63347124471382e-06,0.03183695941213704,0.00023976759669970193,131,17
7,495,female,0.23269769819285052,0.48175720734585004,-0.009498440123071748,0.01974316127419376,0.029241601397265508,0.6751737363934126,152,18
7,495,male,0.20353444998787235,0.5255455367742664,-0.033828820277202166,7.518683929564969e-06,0.03383633896113173,0.0002222073711337263,133,18
7,495,family,0.18581893191579169,0.4930202850370918,-0.012490910010769265,0.01681484344800928,0.029305753458778543,0.5737727737008113,119,18
7,495,marriage,0.250884912007828,0.5128413684314306,0.021656637540489066,0.04348393187662265,0.021827294336133587,1.9921814955619952,161,18
7,495,love,0.15272823915690542,0.5245197470468919,0.034988435454020854,0.05748143720834004,0.02249300175431919,2.5555253955709456,87,18
7,495,wealth,0.21402113135906242,0.5167703703703703,0.015931523126081728,0.04000735988224189,0.024075836756160162,1.6617225098248638,125,18
7,495,emotion,0.18624477991257543,0.4977971560525037,-0.002774023312741524,0.024801242954661906,0.02757526626740343,0.8994017578383248,121,18
7,495,scandal,0.11491257077879884,0.5198964774217726,0.016382687159465694,0.04167939779450571,0.025296710635040017,1.647621241914568,72,18
7,495,duty,0.1373718810649975,0.5183874239350913,0.009441347727581272,0.035305051645843626,0.025863703918262353,1.3650423681021844,85,18
7,495,class,0.1507738189475711,0.5051397365884999,0.01567666327542451,0.04041332498333367,0.024736661707909162,1.6337420731584975,99,18
7,495,society,0.197671001730034,0.494868056151185,0.00432251552501732,0.0305415184501,0.02621900292508268,1.164861933773892,131,18
7,518,female,0.2530692032358991,0.5340168769877911,0.03947730705632123,0.09211063012328784,0.05263332306696661,1.7500439788751945,152,41
7,518,male,0.22043356084379673,0.5306546441291198,0.01692202065753909,0.07519435797957924,0.05827233732204015,1.2903954334752303,133,41
7,518,family,0.2579778952573514,0.5662880536830117,0.11937486118997012,0.1596695853851196,0.04029472419514948,3.9625432006400847,119,41
7,518,marriage,0.25883492654619134,0.5153492556442868,0.0006075642307150561,0.06211724077961764,0.06150967654890258,1.0098775390116406,161,41
7,518,love,0.1254955266646782,0.4722189078471145,-0.07092424671813562,1.1493988643939221e-05,0.07093574070677956,0.00016203381439673425,87,41
7,518,wealth,0.18061897386730977,0.47551111111111116,-0.03651262871196685,0.03200748788019392,0.06852011659216077,0.467125414719284,125,41
7,518,emotion,0.1781212752015275,0.4375759601361205,-0.07536094387523096,8.26432620948414e-06,0.07536920820144044,0.00010965122769084023,121,41
7,518,scandal,0.10445669096984887,0.45936387483605023,-0.06912753091875978,1.3888503097136193e-05,0.06914141942185692,0.00020087095713491963,72,41
7,518,duty,0.12451845961946485,0.4554462474645031,-0.04370224900271841,0.023540622573586505,0.06724287157630492,0.3500835407738845,85,41
7,518,class,0.14289307511930413,0.47790627119249024,-0.048694404044827125,0.020211712894688996,0.06890611693951612,0.29332247690197016,99,41
7,518,society,0.18904711747741293,0.4900934900077194,-0.0292423608020008,0.03817498969481382,0.06741735049681462,0.5662487388324654,131,41
7,552,female,0.2201637957436497,0.4289396737457679,-0.03946902259723595,0.01316430046973066,0.05263332306696661,0.25011342059347647,152,29
7,552,male,0.18917065414285153,0.46227881734411214,-0.0451070581637206,0.007526202613494532,0.052633260777215134,0.142993280336711,133,29
7,552,family,0.17987017725524876,0.5081571089974452,-0.022402641124106486,0.02521806356195694,0.04762070468606343,0.5295609069138292,119,29
7,552,marriage,0.23635814434114863,0.49701764763876566,-0.016559116833140784,0.031061725941292653,0.04762084277443344,0.6522716552449745,161,29
7,552,love,0.1261281530839571,0.4562900210794257,-0.023714899954027004,0.02299947127652238,0.04671437123054938,0.49234252051731087,87,29
7,552,wealth,0.17777725029296587,0.48417777777777776,-0.03399392278439587,0.016007743876097984,0.050001666660493854,0.32014420608154454,125,29
7,552,emotion,0.20159913026428872,0.508340422946038,0.007313127028314902,0.049594221583114335,0.042281094554799434,1.1729644680239673,121,29
7,552,scandal,0.1036055524591861,0.44250046842795576,-0.03331667342821515,0.013902391600233327,0.04721906502844848,0.2944232714384118,72,29
7,552,duty,0.1249927777871451,0.4296146044624747,-0.036501226231706034,0.01177619350132938,0.04827741973303541,0.24392756626608206,85,29
7,552,class,0.15271103874226896,0.507174215654781,-0.0037578970264825554,0.04041332498333367,0.04417122200981623,0.914924313695411,99,29
7,552,society,0.28268859617408887,0.5819395602824714,0.08829069921686934,0.11450970214195202,0.02621900292508268,4.36743160923323,131,29
7,597,female,0.22223538532905737,0.4893556991894942,-0.025336402258177532,6.578860804463099e-06,0.025342981118981995,0.00025959301209737764,152,13
7,597,male,0.19952352361227005,0.4979931030583979,-0.005633607146813848,0.0150448865430595,0.02067849368987335,0.7275620152980343,133,13
7,597,family,0.1763577995214406,0.4525810324129651,-0.023802864870479126,8.403220113947665e-06,0.023811268090593075,0.00035290939069786663,119,13
7,597,marriage,0.23916363547609676,0.5030686187518485,-0.017594099376139375,0.006217314070632662,0.023811413446772036,0.26110646830225853,161,13
7,597,love,0.12877484377922022,0.49196595473889354,-0.009257421302005303,0.011505482632583159,0.02076290393458846,0.5541364863159769,87,13
7,597,wealth,0.18826388024503993,0.5015703703703704,-0.024067836884158113,7.999872002047968e-06,0.024075836756160162,0.0003322780463557016,125,13
7,597,emotion,0.2567071122802781,0.5568029897909578,0.05692989309392418,0.06612287400208261,0.009192980908158427,7.192756588475918,121,13
7,597,scandal,0.11898707984965295,0.5259743301480232,0.009239523875685947,0.027790894697369516,0.01855137082168357,1.4980507350641916,72,13
7,597,duty,0.12755440329640566,0.4922515212981744,-0.008915114459677654,0.01177619350132938,0.020691307961007033,0.5691372204672895,85,13
7,597,class,0.15044206229423385,0.5045151158225363,-0.011092198439013944,0.010110906850366658,0.021203105289380603,0.47685971992761655,99,13
7,597,society,0.2060187296585763,0.5044171884381166,0.004179652929709305,0.022908047205386174,0.01872839427567687,1.2231719851132339,131,13
7,640,female,0.24692054029738433,0.5144275161588181,0.012918382816497126,0.04605860449204616,0.03314022167554903,1.3898097888898113,152,24
7,640,male,0.19643568628531036,0.45703544575725025,-0.04510697336685221,7.518683929564969e-06,0.045114492050781774,0.00016665784291520184,133,24
7,640,family,0.1790463199016598,0.4902268599747591,-0.0234798807471402,0.01681484344800928,0.04029472419514948,0.4172964025304357,119,24
7,640,marriage,0.24192105933515287,0.4980528443261362,0.001556700798354918,0.03727282890895765,0.035716128110602735,1.0435853738818126,161,24
7,640,love,0.1464363920423118,0.5156703655092869,0.03783193499930644,0.06897542585227927,0.03114349085297283,2.2147621850002213,87,24
7,640,wealth,0.21116284963492232,0.5338370370370371,0.034375604152725545,0.06400697588838579,0.029631371735660245,2.160108430255211,125,24
7,640,emotion,0.18385420789065637,0.49405991735537186,-0.023905949273697172,0.016536916745177765,0.04044286601887494,0.408895767600916,121,24
7,640,scandal,0.13013608863712062,0.5050590219224284,0.021839515489906328,0.05556790089164191,0.03372838540173558,1.6475114426062925,72,24
7,640,duty,0.12643301436863863,0.4947667342799188,-0.027880566302947163,0.01177619350132938,0.03965675980427654,0.2969529926084,85,24
7,640,class,0.14557140181807912,0.476335796123782,-0.03052675874092101,0.010110906850366658,0.04063766559128767,0.24880629098649643,99,24
7,640,society,0.19442347538542223,0.45272607713640395,-0.044937891077352486,7.63347124471382e-06,0.0449455245485972,0.00016983829471809404,131,24
7,667,female,0.25356772632343266,0.5303041961629219,0.005365110603024485,0.01316430046973066,0.0077991898667061745,1.6879061406415563,152,6
7,667,male,0.20075480319657835,0.47057493357453783,-0.0018741379867287765,0.007526202613494532,0.009400340600223309,0.8006308423032154,133,6
7,667,family,0.1756631548303704,0.4624388216825192,-0.01098239901137971,8.403220113947665e-06,0.010990802231493658,0.0007645684033058152,119,6
7,667,marriage,0.23574575504712883,0.4965308587202997,-0.003705265601670226,0.006217314070632662,0.009922579672302888,0.6265824286965015,161,6
7,667,love,0.14179717015616553,0.4971363799069323,0.002853263436109789,0.011505482632583159,0.00865221919647337,1.329772439877968,87,6
7,667,wealth,0.18775509745521915,0.4850518518518519,-0.0012532049367766137,0.008007871874050014,0.009261076810826628,0.8646804293668918,125,6
7,667,emotion,0.18952782406748298,0.4878615702479338,0.009182164372943839,0.016536916745177765,0.007354752372233927,2.2484668287895584,121,6
7,667,scandal,0.10763172050097639,0.5043915120854412,0.005469030498584427,0.013902391600233327,0.0084333611016489,1.64849950464787,72,6
7,667,duty,0.12641219840337278,0.5073022312373224,-0.010334751617424136,1.1764429072257124e-05,0.010346516046496394,0.0011370425579249773,85,6
7,667,class,0.164534167811792,0.5231109683406504,0.013142833279422618,0.020211712894688996,0.007068879615266378,2.8592526668836333,99,6
7,667,society,0.1940302704158985,0.4955184835749207,-0.011230152155026351,7.63347124471382e-06,0.011237785626271065,0.0006792682738305178,131,6
7,670,female,0.4370341197238341,0.6899687083205089,0.2680311187742369,0.39473822712859036,0.12670710835435342,3.1153597635701433,152,125
7,670,male,0.3667965150556336,0.7177200520097236,0.31954830684993063,0.4436098705282627,0.12406156367833206,3.5757236759878555,133,125
7,670,family,0.29398696607576114,0.6770708283313325,0.23163186703435704,0.37815330834775884,0.1465214413134018,2.5808735223695183,119,125
7,670,marriage,0.24427382851202337,0.527186236813566,0.030626888816367992,0.21118371200357758,0.1805568231872096,1.1696246548569533,161,125
7,670,love,0.11937225659868712,0.41846637235015705,-0.12368385832982713,0.08046941449621849,0.20415327282604562,0.39416176572584505,87,125
7,670,wealth,0.1751929007475363,0.48463703703703703,-0.05414357020496377,0.14400569590886547,0.19814926611382924,0.7267536172726116,125,125
7,670,emotion,0.16575581316419594,0.42792902284880896,-0.05802871022094208,0.1405018098874399,0.19853052010838199,0.7077088691956748,121,125
7,670,scandal,0.09541117762134271,0.43973674348885133,-0.11733063869639339,0.08334490708591429,0.20067554578230767,0.41532169134305635,72,125
7,670,duty,0.1173211514288755,0.41048681541582144,-0.09410940839980513,0.10589162607938636,0.2000010344791915,0.5294553918413561,85,125
7,670,class,0.13140564330324578,0.42813291929899705,-0.10216309959433359,0.10101816124926769,0.20318126084360127,0.49718247061439985,99,125
7,670,society,0.169817621471096,0.4247934356863082,-0.12950840199713115,0.08397581716309674,0.2134842191602279,0.3933584294569164,131,125
7,680,female,0.23131188871743455,0.5123948394377758,-0.004381440092684303,0.01316430046973066,0.017545740562414962,0.7502846871667448,152,11
7,680,male,0.2,0.46710526315789475,-0.020670975005943785,7.518683929564969e-06,0.02067849368987335,0.0003635992080449947,133,11
7,680,family,0.17957832307178156,0.48343952965801695,0.00032955584833015486,0.01681484344800928,0.016485287599679124,1.0199909067595871,119,11
7,680,marriage,0.24354168164397474,0.50609410430839,-0.013625861154862473,0.006217314070632662,0.019843175225495134,0.31332254035287355,161,11
7,680,love,0.15081093538443813,0.4971662092829017,0.033875033728466,0.045987448564400825,0.012112414835934825,3.796720074693085,87,11
7,680,wealth,0.19144060150375938,0.48784444444444447,-0.0006607129073954096,0.016007743876097984,0.016668456783493393,0.960361482953235,125,11
7,680,emotion,0.18223070007706949,0.4925407146329607,-0.010111533052087302,0.008272590535693625,0.018384123587780927,0.44998558107725334,121,11
7,680,scandal,0.112670329022207,0.5239483792392731,-0.0029626442681111326,0.013902391600233327,0.01686503586834446,0.8243321691063626,72,11
7,680,duty,0.12713180008845643,0.4900202839756593,-0.005466850488174106,0.01177619350132938,0.017243043989503486,0.682953282947898,85,11
7,680,class,0.1509916767226709,0.498732912160474,-0.0075586420204853885,0.010110906850366658,0.017669548870852047,0.5722221276669683,99,11
7,680,society,0.19525405475586272,0.4862266632358407,-0.011087289559718334,0.007641104715958534,0.01872839427567687,0.407995720459296,131,11
7,702,female,0.22430156372113075,0.4878937108854007,-0.0109603008971474,0.006585439665267561,0.017545740562414962,0.3753298210164475,152,10
7,702,male,0.21360138875473264,0.5210017525015547,0.00940384550918448,0.02256357047262447,0.013159724963439989,1.7145928606863297,133,10
7,702,family,0.18910282184275995,0.5018468926031951,0.012395766207734794,0.02521806356195694,0.012822297354222148,1.9667352006687286,119,10
7,702,marriage,0.2695148720058206,0.5360470275066549,0.021139146268989766,0.031061725941292653,0.009922579672302888,3.1304083175936106,161,10
7,702,love,0.12968196352951344,0.4866762120669769,-0.00406712784281312,0.011505482632583159,0.015572610475396279,0.738828127116019,87,10
7,702,wealth,0.1848542393279235,0.4936740740740741,-0.008660584909443379,0.008007871874050014,0.016668456783493393,0.4804207118621629,125,10
7,702,emotion,0.18984030323743245,0.480736509479825,0.0018292502292458386,0.016536916745177765,0.014707666515931927,1.1243739260840562,121,10
7,702,scandal,0.10769284321915902,0.47585253887952034,-0.016851147365247322,1.3888503097136193e-05,0.01686503586834446,0.0008235086604459168,72,10
7,702,duty,0.12583823406869815,0.4870182555780934,-0.017231279560431228,1.1764429072257124e-05,0.017243043989503486,0.0006822710119359622,85,10
7,702,class,0.14636342648038556,0.48370632116215156,-0.017659448064807723,1.0100806044322337e-05,0.017669548870852047,0.0005716504771897786,99,10
7,702,society,0.1959243063300918,0.47388283729307834,-0.009214637397366884,0.007641104715958534,0.01685574211332542,0.45332354186081697,131,10
7,712,female,0.2275062656641604,0.48858623166102394,-0.011691231284185227,6.578860804463099e-06,0.01169781014498969,0.0005624010581774146,152,6
7,712,male,0.2,0.4849624060150376,-0.011272514097902083,7.518683929564969e-06,0.011280032781831649,0.0006665480565808727,133,6
7,712,family,0.18121380130999767,0.500692584726198,-0.000747683774703559,0.008411623334061612,0.00915930710876517,0.9183689588368078,119,6
7,712,marriage,0.2415822164105917,0.4923469387755102,-0.003705265601670226,0.006217314070632662,0.009922579672302888,0.6265824286965015,161,6
7,712,love,0.13028116267680698,0.4927017460128068,-0.010370823027560159,1.1493988643939221e-05,0.010382317016204097,0.0011070735583293227,87,6
7,712,wealth,0.20545864661654137,0.500237037037037,0.01845022905365271,0.02400761587814595,0.005557386824493243,4.319946880072572,125,6
7,712,emotion,0.18787560610092147,0.5153895235780263,-0.0009203903724648022,0.008272590535693625,0.009192980908158427,0.899881182985176,121,6
7,712,scandal,0.1133650097465887,0.5022250327899568,0.005469030498584427,0.013902391600233327,0.0084333611016489,1.64849950464787,72,6
7,712,duty,0.12799646174259177,0.4929817444219067,-0.010334751617424136,1.1764429072257124e-05,0.010346516046496394,0.0011370425579249773,85,6
7,712,class,0.14887218045112782,0.48586572438162545,-0.010592335227750613,1.0100806044322337e-05,0.010602436033794935,0.0009526872891450271,99,6
7,712,society,0.19699248120300752,0.4850187265917603,-0.011230152155026351,7.63347124471382e-06,0.011237785626271065,0.0006792682738305178,131,6
7,731,female,0.2264939692982456,0.48059018159433664,-0.00974192114504347,6.578860804463099e-06,0.009748500005847932,0.0006748587782573433,152,5
7,731,male,0.2,0.46898496240601506,-0.009392821916293743,7.518683929564969e-06,0.009400340600223309,0.0007998310112919236,133,5
7,731,family,0.1777797434763379,0.4747745251946932,-0.009150903888651222,8.403220113947665e-06,0.00915930710876517,0.0009174515073294785,119,5
7,731,marriage,0.2655090269112328,0.516778812974465,0.014669297665575119,0.018639520005962657,0.003970222340387538,4.694830264707139,161,5
7,731,love,0.14036961757149652,0.5115041959988863,0.0045833612558405165,0.011505482632583159,0.006922121376742642,1.6621324597944547,87,5
7,731,wealth,0.1863531556163135,0.48904444444444445,-0.00925307693882458,7.999872002047968e-06,0.009261076810826628,0.0008638166127541378,125,5
7,731,emotion,0.18170393924394912,0.48984412980068054,-0.009184716581948943,8.26432620948414e-06,0.009192980908158427,0.0008989822007843917,121,5
7,731,scandal,0.11567003446115288,0.5109260820685779,0.022730203502398842,0.027790894697369516,0.005060691194970675,5.49152153751184,72,5
7,731,duty,0.12980921699337758,0.5115111561866126,-0.008610619631672362,1.1764429072257124e-05,0.00862238406074462,0.0013644055968758083,85,5
7,731,class,0.14675254353616926,0.48825712959988576,-0.008825557018486335,1.0100806044322337e-05,0.008835657824530658,0.0011431866470808807,99,5
7,731,society,0.19455271080421743,0.4831603625239443,-0.009357499992674899,7.63347124471382e-06,0.009365133463919612,0.0008150947632842244,131,5
7,756,female,0.2228659796211411,0.43101723607263775,-0.05384512395826608,0.006585439665267561,0.06043056362353364,0.1089753143158506,152,32
7,756,male,0.1960804011559304,0.42646560009045165,-0.06014451081971892,7.518683929564969e-06,0.06015202950364849,0.00012499468416080512,133,32
7,756,family,0.1733001745836163,0.4668790593160341,-0.0381318417289681,0.01681484344800928,0.05494668517697738,0.3060210710353946,119,32
7,756,marriage,0.23085156713895283,0.4712486443852903,-0.03890191832166302,0.018639520005962657,0.057541438327625684,0.32393211826771245,161,32
7,756,love,0.13956382613226237,0.5208805631786183,0.03721523890513056,0.08046941449621849,0.04325417559108793,1.860384885267308,87,32
7,756,wealth,0.19900402529576458,0.5361185185185185,-0.00014258978303730713,0.048007231884289854,0.04814982166732716,0.9970386228007341,125,32
7,756,emotion,0.21036697707950877,0.5420971074380165,0.03210610565676732,0.07438720021156675,0.042281094554799434,1.759348971285407,121,32
7,756,scandal,0.10731534307007648,0.4756651676972082,-0.02280084023775718,0.027790894697369516,0.0505917349351267,0.5493168940036589,72,32
7,756,duty,0.13241164815522483,0.4948073022312373,-0.0012079390149346558,0.047069480718100756,0.04827741973303541,0.9749792134171773,85,32
7,756,class,0.15027468462412735,0.5042831138237498,-0.03279340016144862,0.020211712894688996,0.053005113056137615,0.381316286843903,99,32
7,756,society,0.1898152725257281,0.4698802069931669,-0.021894614747903014,0.0305415184501,0.05243613319800301,0.5824517672611431,131,32
7,852,female,0.22731224367737526,0.49612060121062884,-0.011691231284185227,6.578860804463099e-06,0.01169781014498969,0.0005624010581774146,152,6
7,852,male,0.2,0.48402255639097747,-0.011272514097902083,7.518683929564969e-06,0.011280032781831649,0.0006665480565808727,133,6
7,852,family,0.17814388913460122,0.4895034937051744,-0.01098239901137971,8.403220113947665e-06,0.010990802231493658,0.0007645684033058152,119,6
7,852,marriage,0.252355312834516,0.503623188405797,0.0044899564766332205,0.012428417038297659,0.007938460561664439,1.565595361996259,161,6
7,852,love,0.13397862472272637,0.5051306526667462,0.002853263436109789,0.011505482632583159,0.00865221919647337,1.329772439877968,87,6
7,852,wealth,0.18846616541353384,0.4892592592592592,-0.0012532049367766137,0.008007871874050014,0.009261076810826628,0.8646804293668918,125,6
7,852,emotion,0.18195488721804512,0.484375,-0.011022945117873445,8.26432620948414e-06,0.011031209444082929,0.0007491768015671116,121,6
7,852,scandal,0.10827067669172932,0.4856661045531197,-0.010105807551890875,1.3888503097136193e-05,0.010119696054988012,0.001372422948307633,72,6
7,852,duty,0.14857015664883083,0.5258924949290061,0.030130931556602555,0.035305051645843626,0.005174120089241072,6.823392389448521,85,6
7,852,class,0.14887218045112782,0.48498233215547704,-0.010592335227750613,1.0100806044322337e-05,0.010602436033794935,0.0009526872891450271,99,6
7,852,society,0.19668607808422994,0.49358864396603486,-0.0017240287479610783,0.007641104715958534,0.009365133463919612,0.8159098580475086,131,6
7,858,female,0.22857142857142856,0.44249512670565305,-0.04677881378873687,6.578860804463099e-06,0.04678539264954133,0.00014061783885417446,152,24
7,858,male,0.19867525957751522,0.44907852337610943,-0.04510697336685221,7.518683929564969e-06,0.045114492050781774,0.00016665784291520184,133,24
7,858,family,0.17753132022039583,0.47212731246344697,-0.0234798807471402,0.01681484344800928,0.04029472419514948,0.4172964025304357,119,24
7,858,marriage,0.23783090241644228,0.4658693187419896,-0.023028965436555433,0.018639520005962657,0.04166848544251809,0.44732895394599,161,24
7,858,love,0.16479720687450414,0.5304160203635206,0.06428010792664632,0.09196340314015769,0.027683295213511375,3.321981809880464,87,24
7,858,wealth,0.1895136336808971,0.4997185185185185,0.014672170162296223,0.048007231884289854,0.03333506172199363,1.4401422827177714,125,24
7,858,emotion,0.1821285594886427,0.5103913466212932,-0.013803394528288528,0.024801242954661906,0.038604637482950434,0.642442063209966,121,24
7,858,scandal,0.10965639022877019,0.48081787521079256,-0.024884998661519588,0.013902391600233327,0.038787390261752916,0.3584255477374469,72,24
7,858,duty,0.13987280505117305,0.49055780933062876,0.012585116871079535,0.047069480718100756,0.03448436384702122,1.3649514001634018,85,24
7,858,class,0.15015706548410102,0.5116179462469216,-0.006791590233747775,0.030312518939011334,0.03710410917275911,0.8169585421673202,99,24
7,858,society,0.2001773626101305,0.49729822454755984,0.002592725957973878,0.03817498969481382,0.03558226373683994,1.0728656831975714,131,24
7,863,female,0.23798036758563074,0.5082717759310558,0.011943971407487586,0.01974316127419376,0.0077991898667061745,2.5314374453100004,152,7
7,863,male,0.20723236663086286,0.5103100797105545,0.0150429220540095,0.02256357047262447,0.007520648418614969,3.000216100220205,133,7
7,863,family,0.17864408921463323,0.496844891802875,-0.0025791788974320468,0.008411623334061612,0.010990802231493658,0.7653329717091208,119,7
7,863,marriage,0.24999143822288641,0.5074866903283053,0.01889628152260167,0.024850622973627657,0.0059543414510259875,4.173530049267184,161,7
7,863,love,0.13082706766917293,0.4922145328719723,-0.012100920847290886,1.1493988643939221e-05,0.012112414835934825,0.0009489427829775269,87,7
7,863,wealth,0.1962205513784461,0.506488888888889,0.016598384060486016,0.02400761587814595,0.007409231817659936,3.2402300893978597,125,7
7,863,emotion,0.18195488721804512,0.49172794117647056,-0.012861173653797945,8.26432620948414e-06,0.012869437980007429,0.0006421668313473005,121,7
7,863,scandal,0.10827067669172932,0.4924114671163575,-0.011792142505229987,1.3888503097136193e-05,0.011806031008327124,0.0011763905317683692,72,7
7,863,duty,0.12781954887218044,0.49224137931034484,-0.012058883603175908,1.1764429072257124e-05,0.012070648032248166,0.0009746311084419351,85,7
7,863,class,0.14887218045112782,0.4920494699646643,-0.012359113437014891,1.0100806044322337e-05,0.012369214243059213,0.0008166085448130736,99,7
7,863,society,0.19699248120300752,0.49157303370786515,-0.013102804317377804,7.63347124471382e-06,0.013110437788622517,0.0005822438096427295,131,7
7,882,female,0.23554672433356466,0.5013978660100544,0.01584210436464842,0.07237404770989854,0.05653194334525012,1.2802327927525468,152,40
7,882,male,0.2689615022159789,0.5875402792696025,0.056395217283840664,0.10526909369783911,0.04887387641399845,2.1538928650548796,133,40
7,882,family,0.17408301075769866,0.5081724997691385,-0.0323143722374437,0.03362128367590461,0.06593565591334831,0.5099105060785215,119,40
7,882,marriage,0.22885200214742182,0.4792221236320615,-0.03838442705016372,0.031061725941292653,0.06944615299145637,0.4472778491368233,161,40
7,882,love,0.14210424185026074,0.5107783478502963,0.023374456347284744,0.08046941449621849,0.05709495814893374,1.4093961551719234,87,40
7,882,wealth,0.17883364802300808,0.5024,-0.03466078371880016,0.03200748788019392,0.06666827159899408,0.48010076025724896,125,40
7,882,emotion,0.172749734611504,0.4569457948468643,-0.033112496357671876,0.033065569164146054,0.06617806552181793,0.4996454475198459,121,40
7,882,scandal,0.11419974520511562,0.5266769720816938,0.010432994286955849,0.0694564039887781,0.05902340970182225,1.1767602776336554,72,40
7,882,duty,0.19965464616464954,0.5952941176470588,0.10639605462113123,0.15294934236841487,0.046553287747283636,3.2854681111980955,85,40
7,882,class,0.14804361192265525,0.4845094050041046,0.02427787968595685,0.08081654916062302,0.05653866947466617,1.429403095440827,99,40
7,882,society,0.18536189922521207,0.47552677473768473,-0.036875832046714616,0.0305415184501,0.06741735049681462,0.4530216364864416,131,40
7,890,female,0.23033208020050128,0.4875602749563968,0.0014664903247409693,0.01316430046973066,0.01169781014498969,1.1253645174130065,152,8
7,890,male,0.1987124674431176,0.48497653909209115,-0.015031898461118761,7.518683929564969e-06,0.015039417145048327,0.0004999318694701234,133,8
7,890,family,0.18461103739741513,0.5019546280050482,0.00582404121651562,0.01681484344800928,0.010990802231493658,1.5299013750149362,119,8
7,890,marriage,0.24122262177182086,0.47834713595583156,-0.01586872590125057,6.211102967664998e-06,0.015874937004218236,0.0003912521331973382,161,8
7,890,love,0.13096534439547144,0.484250089488128,-0.0006069322033516664,0.011505482632583159,0.012112414835934825,0.9498917257605043,87,8
7,890,wealth,0.1872756043956044,0.500237037037037,-0.004956894923109998,0.008007871874050014,0.012964766797160012,0.6176641661758627,125,8
7,890,emotion,0.18671964021378704,0.5208434613514826,-0.014699402189722443,8.26432620948414e-06,0.014707666515931927,0.0005619060100370096,121,8
7,890,scandal,0.15444002162268416,0.5178939479108112,0.04882087474333212,0.05556790089164191,0.006747026148309788,8.235910112387282,72,8
7,890,duty,0.13660199965153524,0.5114604462474646,0.026682667585099004,0.035305051645843626,0.00862238406074462,4.0945811962243,85,8
7,890,class,0.147772461456672,0.4827604668594068,-0.014125891646279167,1.0100806044322337e-05,0.01413599245232349,0.0007145452346324331,99,8
7,890,society,0.19459034893948512,0.4942962518226263,-0.014975456479729253,7.63347124471382e-06,0.014983089950973966,0.0005094724298647182,131,8
7,895,female,0.22852443609022555,0.4997178619062275,-0.0012137502014386136,0.006585439665267561,0.0077991898667061745,0.8443748359731122,152,5
7,895,male,0.2,0.49154135338345867,-0.009392821916293743,7.518683929564969e-06,0.009400340600223309,0.0007998310112919236,133,5
7,895,family,0.17912428129146396,0.4968756733462616,0.0010838113480249297,0.008411623334061612,0.007327811986036682,1.1479038148006873,119,5
7,895,marriage,0.24794543294052937,0.5114611061816031,-0.0017211464910317767,0.006217314070632662,0.007938460561664439,0.7831888842370092,161,5
7,895,love,0.1503989859706738,0.512130612894245,0.017807447719510466,0.02299947127652238,0.005192023557011914,4.429770208001356,87,5
7,895,wealth,0.18972531328320802,0.5063407407407408,0.0005986400563900785,0.008007871874050014,0.007409231817659936,1.0807965076598656,125,5
7,895,emotion,0.18458335922450758,0.49682486631016043,0.0009178381634596978,0.008272590535693625,0.007354752372233927,1.1247952501840819,121,5
7,895,scandal,0.10827067669172932,0.4924114671163575,-0.008419472598551763,1.3888503097136193e-05,0.0084333611016489,0.0016468526519958745,72,5
7,895,duty,0.12781954887218044,0.49224137931034484,-0.008610619631672362,1.1764429072257124e-05,0.00862238406074462,0.0013644055968758083,85,5
7,895,class,0.1498936735778841,0.49800121354891674,0.0030420272351002805,0.010110906850366658,0.007068879615266378,1.430340789380568,99,5
7,895,society,0.20312230959077085,0.49638333762186576,0.00014862341439037408,0.007641104715958534,0.00749248130156816,1.0198363409114455,131,5
7,915,female,0.2878125269779024,0.5817431004411614,0.12159083928000143,0.2171089854080867,0.09551814612808528,2.2729606279699035,152,82
7,915,male,0.19155221862395116,0.4447538017977274,-0.050746982677229546,0.08271304190914422,0.13346002458637377,0.6197589290491516,133,82
7,915,family,0.20738593679911066,0.5186382245205774,0.06475299163145441,0.17647602561301493,0.11172303398156051,1.5795849729659335,119,82
7,915,marriage,0.22530462213831973,0.47253031647441585,-0.015179542679033806,0.11180606452093762,0.12698560719997143,0.8804624948084849,161,82
7,915,love,0.1550008074690495,0.5638149783239869,0.003606693773273939,0.12644536907197534,0.1228386752987014,1.0293612232749525,87,82
7,915,wealth,0.1619860769883191,0.44155555555555553,-0.09273483944137192,0.048007231884289854,0.14074207132566177,0.3411007911974328,125,82
7,915,emotion,0.16732539803864221,0.46236934856587264,-0.06990787588486636,0.06612287400208261,0.13603074988694897,0.48608769749890546,121,82
7,915,scandal,0.09681262395944962,0.4749391043657485,-0.09154274985423747,0.04167939779450571,0.13322214764874318,0.31285637208075784,72,82
7,915,duty,0.12459850243818363,0.47596348884381334,-0.019971733012478857,0.10589162607938636,0.12586335909186522,0.8413221039274568,85,82
7,915,class,0.15317883996587645,0.49241531927044285,-0.0024564680887963902,0.12121977333791237,0.12367624142670876,0.9801379144333695,99,82
7,915,society,0.2333434279972668,0.5711324584727107,-0.0014537419806923413,0.12214317338666586,0.1235969153673582,0.988238039943313,131,82
7,941,female,0.22409316543649468,0.47463322047809575,-0.017295680679638784,0.01974316127419376,0.037038841953832544,0.5330393779122412,152,22
7,941,male,0.23876197327772936,0.5473528746678726,0.04323779599692425,0.06767567405001428,0.02443787805309003,2.769294203867581,133,22
7,941,family,0.2143577612516581,0.5427093914488872,0.0415914009183737,0.06723416413169526,0.025642763213321564,2.6219547234342038,119,22
7,941,marriage,0.23741364643666887,0.4917430740412107,-0.010865505136975078,0.024850622973627657,0.035716128110602735,0.6957815498918734,161,22
7,941,love,0.1285995691084355,0.4864276339338981,-0.02482830167958186,0.011505482632583159,0.03633378431216502,0.31666072912791293,87,22
7,941,wealth,0.20073691178512285,0.48813333333333336,-0.0013275738417997118,0.03200748788019392,0.03333506172199363,0.9601748497173477,125,22
7,941,emotion,0.18374006460895448,0.48977576567817205,-0.010126937456439528,0.024801242954661906,0.034928180411101434,0.7100639844974322,121,22
7,941,scandal,0.11206657346863988,0.4959949409780775,0.009637347346109243,0.04167939779450571,0.03204205044839647,1.300771867278886,72,22
7,941,duty,0.12555020769917874,0.46025354969574034,-0.03792086338945252,1.1764429072257124e-05,0.03793262781852477,0.00031014010229477723,85,22
7,941,class,0.14713326566802093,0.4985901416996823,-0.015125618068805836,0.020211712894688996,0.03533733096349483,0.5719648978299099,99,22
7,941,society,0.1946972241467208,0.45220430568659403,-0.031686463345584316,0.007641104715958534,0.03932756806154285,0.19429385269404006,131,22
7,942,female,0.23005570524359548,0.5254950241099826,-0.0060872692098543416,0.03290088288311996,0.0389881520929743,0.8438687425815408,152,25
7,942,male,0.23497058552626338,0.5568785686019561,0.018801967229752616,0.052638306190884346,0.03383633896113173,1.5556738053072179,133,25
7,942,family,0.1976587326601355,0.5178379043925262,0.036096915550188235,0.06723416413169526,0.031137248581507033,2.159284047000465,119,25
7,942,marriage,0.23121382878455005,0.4897466232869959,-0.03320830662549733,0.012428417038297659,0.04563672366379499,0.27233368305720795,161,25
7,942,love,0.12577100379160377,0.48895318776597857,-0.030018595138774043,0.011505482632583159,0.0415240777713572,0.27707978719379095,87,25
7,942,wealth,0.18258263862550697,0.48869629629629635,-0.016734825816514445,0.02400761587814595,0.040742441694660396,0.5892532425395378,125,25
7,942,emotion,0.17979008424373316,0.4837749149246476,-0.01564162306421303,0.024801242954661906,0.04044286601887494,0.6132414785459015,121,25
7,942,scandal,0.10573122037106052,0.42870526513022295,-0.042146171665334006,1.3888503097136193e-05,0.04216006016843114,0.00032942322760739996,72,25
7,942,duty,0.12235656673032848,0.46455375253549697,-0.02960469828869894,0.01177619350132938,0.04138089179002832,0.28458046677192556,85,25
7,942,class,0.1542470466950045,0.5044705000535389,-0.008558368443012058,0.030312518939011334,0.03887088738202339,0.7798257508330034,99,25
7,942,society,0.23306897695364368,0.5118863824799154,0.04825069083094879,0.07634234591838292,0.02809165508743413,2.7176165191425308,131,25
7,965,female,0.22819722291438058,0.5142223248178927,-0.02070685159285619,0.006585439665267561,0.02729229125812375,0.2412930304290983,152,15
7,965,male,0.3103344450195828,0.5659732036859064,0.07519239349052925,0.08271304190914422,0.007520648418614969,10.998126397375033,133,15
7,965,family,0.183860506980912,0.5209930125896512,0.003238290594092353,0.02521806356195694,0.02197977296786459,1.1473304841537513,119,15
7,965,marriage,0.24034540314105624,0.4967711722370107,-0.021562337597416274,0.006217314070632662,0.027779651668048935,0.22380820842184154,161,15
7,965,love,0.12444556914427077,0.45354571849023584,-0.025941703405136705,1.1493988643939221e-05,0.025953197393780644,0.0004428737033476552,87,15
7,965,wealth,0.19134288378335884,0.48835555555555565,0.0017836241151524788,0.02400761587814595,0.022223991762993472,1.0802566943460736,125,15
7,965,emotion,0.18341639050078884,0.4771511910549344,0.012843217040440627,0.033065569164146054,0.020222352123705427,1.6351000595895178,121,15
7,965,scandal,0.10780561105079065,0.4970489038785834,-0.00970798408146758,0.013902391600233327,0.023610375681700907,0.5888255141327325,72,15
7,965,duty,0.12721236645598247,0.45959432048681537,-0.012363378431181198,0.01177619350132938,0.024139571932510578,0.4878377103689091,85,15
7,965,class,0.14572686279636282,0.5004461576899739,-0.014625754857542504,0.010110906850366658,0.024736661707909162,0.4087417683658225,99,15
7,965,society,0.18759766850797788,0.49253795351230817,-0.028084021616189416,7.63347124471382e-06,0.02809165508743413,0.00027173447846640645,131,15
7,970,female,0.22124888610693955,0.4645724325433466,-0.03898157323216984,6.578860804463099e-06,0.0389881520929743,0.0001687400005162049,152,20
7,970,male,0.194168088505423,0.4710837243484651,-0.01879145241807223,0.0150448865430595,0.03383633896113173,0.4446369496385863,133,20
7,970,family,0.17997986728636883,0.45266568165727833,-0.01615390025622624,0.01681484344800928,0.03296874370423552,0.5100237849020325,119,20
7,970,marriage,0.2349857140261209,0.4857537217785665,-0.03148293315060852,0.006217314070632662,0.037700247221241184,0.16491441114382852,161,20
7,970,love,0.13146371676317228,0.4686990414827189,-0.008144019576450452,0.02299947127652238,0.03114349085297283,0.7385001053466825,87,20
7,970,wealth,0.18527287122319322,0.4980962962962963,-0.017327317845895647,0.016007743876097984,0.03333506172199363,0.48020741671692396,125,20
7,970,emotion,0.17892600591109195,0.4718567695673311,-0.006450480384590528,0.024801242954661906,0.031251723339252434,0.7935960101988275,121,20
7,970,scandal,0.10676789161109662,0.5103054150271689,-0.01813965884816314,0.013902391600233327,0.03204205044839647,0.4338795865198816,72,20
7,970,duty,0.15855056008307422,0.5369371196754564,0.03297020587209552,0.05883390979035788,0.025863703918262353,2.2747673718357295,85,20
7,970,class,0.14734739363177793,0.4745333190562873,-0.011592061650277284,0.020211712894688996,0.03180377454496628,0.6355130226909648,99,20
7,970,society,0.19152281562741563,0.48138776910541214,-0.01843503561381614,0.015274575960672354,0.03370961157448849,0.45312227720176596,131,20
7,973,female,0.2174557901128005,0.46098799630655585,-0.012909611036289157,0.006585439665267561,0.01949505070155672,0.3378005918396457,152,11
7,973,male,0.19108530893658457,0.44187065407880605,-0.020670975005943785,7.518683929564969e-06,0.02067849368987335,0.0003635992080449947,133,11
7,973,family,0.1706594761925533,0.4480561455351371,-0.02013987462502215,8.403220113947665e-06,0.0201482778451361,0.00041706890177510526,119,11
7,973,marriage,0.2323315264430479,0.4748841565611752,-0.021821083233165922,6.211102967664998e-06,0.021827294336133587,0.0002845567055509206,161,11
7,973,love,0.13094558285720115,0.5111959591138687,-0.0057972256625438475,0.011505482632583159,0.017302708295127006,0.6649527019512036,87,11
7,973,wealth,0.20658626747007694,0.5162518518518517,0.00919100408781925,0.02400761587814595,0.014816611790326702,1.6203175338777147,125,11
7,973,emotion,0.1988909221144978,0.5360354885755955,0.01009357643872998,0.024801242954661906,0.014707666515931927,1.6862799361210656,121,11
7,973,scandal,0.13255312216582646,0.5265364436949598,0.043761869883314784,0.05556790089164191,0.011806031008327124,4.706738517605245,72,11
7,973,duty,0.16347444812776463,0.5771196754563894,0.008021710569834794,0.023540622573586505,0.015518912003751712,1.5168990304461187,85,11
7,973,class,0.16562585307455918,0.5389227968733269,-0.019426226274072003,1.0100806044322337e-05,0.019436327080116327,0.0005196869759480399,99,11
7,973,society,0.24301336019137515,0.5592961088715442,0.007924957254412208,0.022908047205386174,0.014983089950973966,1.5289267620240192,131,11
7,976,female,0.22282065913587382,0.4692084744023802,-0.018757541453714433,0.006585439665267561,0.025342981118981995,0.259852605109475,152,14
7,976,male,0.19415502358760245,0.4523715303295833,-0.026310051550768803,7.518683929564969e-06,0.026317570234698367,0.0002856906569348214,133,14
7,976,family,0.1761075219132,0.4785298734878567,-0.015399644756531463,0.008411623334061612,0.023811268090593075,0.35326230008856446,119,14
7,976,marriage,0.2439346962407043,0.49388741003647835,-0.011382996408474377,0.012428417038297659,0.023811413446772036,0.5219520909818376,161,14
7,976,love,0.13746773739652796,0.529193015948773,-0.024211605585405978,1.1493988643939221e-05,0.024223099574049917,0.000474505279901428,87,14
7,976,wealth,0.18543746379057344,0.48373333333333335,-0.016067964882110146,0.008007871874050014,0.024075836756160162,0.33261032440205723,125,14
7,976,emotion,0.190180437411908,0.5261910549343704,0.014681445576365127,0.033065569164146054,0.018384123587780927,1.7985937161739172,121,14
7,976,scandal,0.11174222345221166,0.5300964961588908,0.007553188922346833,0.027790894697369516,0.020237705775022683,1.3732235760782596,72,14
7,976,duty,0.13761305893253908,0.5174847870182556,0.016337875670588368,0.035305051645843626,0.018967175975255258,1.861376289756658,85,14
7,976,class,0.15150555200706725,0.48297462255059426,-0.0009913923946916064,0.020211712894688996,0.021203105289380603,0.9532430565186422,99,14
7,976,society,0.24246168011252006,0.545458444120422,0.04033149439561894,0.05344193218424146,0.013110437788622517,4.076288911308749,131,14
7,986,female,0.22111539471736838,0.4270224171539961,-0.04994650367998256,0.006585439665267561,0.05653194334525012,0.11649059408647389,152,30
7,986,male,0.191535695932342,0.446442704505625,-0.03758837423415563,0.0150448865430595,0.052633260777215134,0.28584371024351524,133,30
7,986,family,0.17099604271693444,0.4483947425123895,-0.054938281956863434,8.403220113947665e-06,0.05494668517697738,0.00015293406848345556,119,30
7,986,marriage,0.23317390450775238,0.46018806073153895,-0.02673845802208268,0.024850622973627657,0.051589080995710336,0.48170315294456006,161,30
7,986,love,0.13551166939653528,0.5033309469832559,0.0010031751535821698,0.045987448564400825,0.044984273410818655,1.0223005747675056,87,30
7,986,wealth,0.1793983937585721,0.4788074074074075,-0.035845767777562564,0.016007743876097984,0.05185351165366055,0.3087108927686139,125,30
7,986,emotion,0.2758378744938581,0.5757930238210986,0.08629533645565952,0.11570883125898745,0.029413494803327934,3.9338688594720113,121,30
7,986,scandal,0.13028622957027422,0.5319350758853288,0.027296343820346958,0.0694564039887781,0.04216006016843114,1.6474455612646073,72,30
7,986,duty,0.12858457458372372,0.5203651115618662,-0.024736797159448907,0.023540622573586505,0.04827741973303541,0.48761144864978045,85,30
7,986,class,0.1491291977899345,0.517346610986187,-0.029259843742920066,0.020211712894688996,0.04947155663760906,0.4085521917641698,99,30
7,986,society,0.2105281523107682,0.510178117048346,0.010369059797995711,0.05344193218424146,0.04307287238624575,1.2407329537666516,131,30
7,993,female,0.2500469497273633,0.549733251256797,0.004146730850920556,0.01974316127419376,0.015596430423273204,1.2658769178020934,152,11
7,993,male,0.24456761090105872,0.5486743173723783,0.03571928166109607,0.04511962226131938,0.009400340600223309,4.799785898762834,133,11
7,993,family,0.18971910366063982,0.5220088035214085,0.00032955584833015486,0.01681484344800928,0.016485287599679124,1.0199909067595871,119,11
7,993,marriage,0.24540700994972547,0.5192250813368826,-0.005430639076559026,0.012428417038297659,0.017859056114856685,0.6959167918881629,161,11
7,993,love,0.1337807540477193,0.5141192379588753,0.0074268608011261,0.02299947127652238,0.015572610475396279,1.476918164194959,87,11
7,993,wealth,0.17556223590279574,0.4745629629629629,-0.02036414689782473,7.999872002047968e-06,0.02037214676982678,0.0003926867448993596,125,11
7,993,emotion,0.18111467100665213,0.5157845162858531,-0.010111533052087302,0.008272590535693625,0.018384123587780927,0.44998558107725334,121,11
7,993,scandal,0.14229970172123113,0.571341577665355,-0.0029626442681111326,0.013902391600233327,0.01686503586834446,0.8243321691063626,72,11
7,993,duty,0.13462911987652904,0.4946450304259635,0.008021710569834794,0.023540622573586505,0.015518912003751712,1.5168990304461187,85,11
7,993,class,0.16279891786076006,0.5244315951029733,0.016176526486687846,0.030312518939011334,0.01413599245232349,2.1443502491319317,99,11
7,993,society,0.2012014714149264,0.5218858106755869,-0.011087289559718334,0.007641104715958534,0.01872839427567687,0.407995720459296,131,11
7,996,female,0.22401019267182637,0.46840053349748645,-0.011691231284185227,6.578860804463099e-06,0.01169781014498969,0.0005624010581774146,152,6
7,996,male,0.1987312030075188,0.45388376957431176,-0.011272514097902083,7.518683929564969e-06,0.011280032781831649,0.0006665480565808727,133,6
7,996,family,0.17663058059086875,0.4810077877304768,-0.000747683774703559,0.008411623334061612,0.00915930710876517,0.9183689588368078,119,6
7,996,marriage,0.23895335407718676,0.4829439021985606,-0.003705265601670226,0.006217314070632662,0.009922579672302888,0.6265824286965015,161,6
7,996,love,0.12993824147928984,0.4799745455991727,-0.010370823027560159,1.1493988643939221e-05,0.010382317016204097,0.0011070735583293227,87,6
7,996,wealth,0.18527949147744444,0.4844592592592593,-0.01110492193199127,7.999872002047968e-06,0.01111292180399332,0.0007198711682154931,125,6
7,996,emotion,0.20389764744928088,0.5063958434613515,0.01928471911835248,0.024801242954661906,0.005516523836309426,4.495809985796819,121,6
7,996,scandal,0.10668453204614085,0.48498688401723816,-0.010105807551890875,1.3888503097136193e-05,0.010119696054988012,0.001372422948307633,72,6
7,996,duty,0.1251681074343613,0.4731237322515213,-0.010334751617424136,1.1764429072257124e-05,0.010346516046496394,0.0011370425579249773,85,6
7,996,class,0.1466066589517215,0.48192169040225585,-0.010592335227750613,1.0100806044322337e-05,0.010602436033794935,0.0009526872891450271,99,6
7,996,society,0.2851406285139063,0.565443005403551,0.026794341473234742,0.0305415184501,0.0037471769768652554,8.150540695171362,131,6
7,1004,female,0.23731760007050134,0.5246229609110495,-0.0012142375225612928,0.05921632610097235,0.06043056362353364,0.9799068972597116,152,40
7,1004,male,0.3008585877833755,0.597518231669399,0.0845903456173606,0.12782514548653404,0.04323479986917343,2.956533761469249,133,40
7,1004,family,0.20328444541608742,0.5509280635331055,0.008624488709260913,0.06723416413169526,0.05860967542243435,1.1471512791352623,119,40
7,1004,marriage,0.23434368674553088,0.492692004337967,-0.02199398289355682,0.04348393187662265,0.06547791477017947,0.6641007434122258,161,40
7,1004,love,0.148108844452304,0.5501928966312691,0.036598542810954676,0.09196340314015769,0.055364860329203014,1.6610428093140008,87,40
7,1004,wealth,0.18639926681152436,0.5136444444444445,-0.014957349728370838,0.048007231884289854,0.06296458161266069,0.7624481995108545,125,40
7,1004,emotion,0.17091850894890245,0.47189474963539135,-0.043215051103080535,0.024801242954661906,0.06801629405774244,0.3646367873739526,121,40
7,1004,scandal,0.09338838865412259,0.42151489600899383,-0.05186635791494538,0.013902391600233327,0.0657687495151787,0.21138293950401812,72,40
7,1004,duty,0.12054917909282828,0.48125760649087224,-0.015000994900948833,0.047069480718100756,0.06207047561904959,0.7583231842176619,85,40
7,1004,class,0.1493295847987079,0.5221829603455045,-0.023192457328389614,0.04041332498333367,0.06360578231172329,0.6353718720829199,99,40
7,1004,society,0.20501505905091197,0.5489035651999885,-0.01786358523258407,0.04580846093952764,0.06367204617211171,0.7194438327768434,131,40
7,1018,female,0.2539473684210526,0.5164473684210527,0.032898933572980814,0.03290088288311996,1.949310139141758e-06,16878.210062250786,152,5
7,1018,male,0.2,0.49530075187969924,-0.009392821916293743,7.518683929564969e-06,0.009400340600223309,0.0007998310112919236,133,5
7,1018,family,0.17894736842105263,0.49542124542124544,-0.009150903888651222,8.403220113947665e-06,0.00915930710876517,0.0009174515073294785,119,5
7,1018,marriage,0.24210526315789474,0.49503968253968256,-0.009916368569335223,6.211102967664998e-06,0.009922579672302888,0.0006259564722242773,161,5
7,1018,love,0.13082706766917293,0.49567474048442905,-0.008640725207829431,1.1493988643939221e-05,0.00865221919647337,0.0013284439958820863,87,5
7,1018,wealth,0.18796992481203006,0.49537037037037035,-0.00925307693882458,7.999872002047968e-06,0.009261076810826628,0.0008638166127541378,125,5
7,1018,emotion,0.18251724352202822,0.5004405687894993,0.0009178381634596978,0.008272590535693625,0.007354752372233927,1.1247952501840819,121,5
7,1018,scandal,0.10827067669172932,0.4957841483979764,-0.008419472598551763,1.3888503097136193e-05,0.0084333611016489,0.0016468526519958745,72,5
7,1018,duty,0.12781954887218044,0.4956896551724138,-0.008610619631672362,1.1764429072257124e-05,0.00862238406074462,0.0013644055968758083,85,5
7,1018,class,0.14887218045112782,0.495583038869258,-0.008825557018486335,1.0100806044322337e-05,0.008835657824530658,0.0011431866470808807,99,5
7,1018,society,0.19699248120300752,0.4953183520599251,-0.009357499992674899,7.63347124471382e-06,0.009365133463919612,0.0008150947632842244,131,5
7,1024,female,0.22275272392360365,0.47336359905611985,-0.02753065538265903,0.13816265575452955,0.16569331113718858,0.8338457044853282,152,106
7,1024,male,0.17873593901177476,0.40650969529085873,-0.11465634725817632,0.06767567405001428,0.1823320213081906,0.3711672451393102,133,106
7,1024,family,0.17248984575102977,0.46538615446178466,-0.020141752260733947,0.14286314515722426,0.1630048974179582,0.8764346803031,119,106
7,1024,marriage,0.226339636807097,0.4743542344474021,-0.030017513021142833,0.1366504763915976,0.16666798941274044,0.8198963512565891,161,106
7,1024,love,0.19001559113323552,0.6510360736586724,0.17366972951845566,0.3103491873750029,0.13667945785654723,2.270635194488854,87,106
7,1024,wealth,0.23873354637082922,0.597437037037037,0.09926208860777933,0.2400041599334411,0.14074207132566177,1.7052765933534715,125,106
7,1024,emotion,0.2435147132306338,0.6206246961594555,0.07792317941570984,0.2231450719822813,0.14522189256657148,1.5365801122475546,121,106
7,1024,scandal,0.11464019062903524,0.5448988195615514,0.05488326787132747,0.20834143496014002,0.15345816708881255,1.3576431864861687,72,106
7,1024,duty,0.16442948956446518,0.5921095334685598,0.08702327096757648,0.23530034587421475,0.14827707490663827,1.5868963291917055,85,106
7,1024,class,0.1841657098457521,0.5833422564871328,0.09755186593190035,0.24242944586978044,0.14487757993788009,1.6733399741495878,99,106
7,1024,society,0.17855489011567688,0.4652628870400549,-0.07491576409832301,0.09924275965252438,0.1741585237508474,0.5698415300874509,131,106
7,1035,female,0.2242301849248397,0.46746434800451425,0.012186965108336625,0.09211063012328784,0.07992366501495121,1.152482560764754,152,55
7,1035,male,0.18137070722121254,0.37283763921080904,-0.06578392655201751,0.03008225440218944,0.09586618095420694,0.31379422964856857,133,55
7,1035,family,0.16154336557400736,0.4056622649059624,-0.039317368605018714,0.05042772390379994,0.08974509250881865,0.5618995144306397,119,55
7,1035,marriage,0.2377795913375605,0.5070738440303657,-0.02717010331822324,0.06211724077961764,0.08928734409784088,0.6957003974813496,161,55
7,1035,love,0.1575956062583931,0.48917193652308794,0.03709524844233367,0.11495138042803614,0.07785613198570247,1.4764589184531975,87,55
7,1035,wealth,0.17416596199064618,0.4502814814814815,-0.023031590635441898,0.06400697588838579,0.08703856652382769,0.7353863746150718,125,55
7,1035,emotion,0.18096841842307537,0.5040942513368984,-0.010173150669496187,0.07438720021156675,0.08456035088106294,0.8796936085957735,121,55
7,1035,scandal,0.10981473420717905,0.508747892074199,-0.014862030013130828,0.0694564039887781,0.08431843400190893,0.8237392547682029,72,55
7,1035,duty,0.1734112964680192,0.5479513184584178,0.04006839166082793,0.11765605515164348,0.07758766349081556,1.5164273527073617,85,55
7,1035,class,0.14004769792405525,0.4686351143948317,-0.037826546213767166,0.05051413102765601,0.08834067724142318,0.5718105475808826,99,55
7,1035,society,0.20953303937714995,0.5017297080938903,0.030095619588666328,0.1068762308972382,0.07678061130857187,1.3919690019961386,131,55
7,1044,female,0.21654745262290997,0.47100389863547754,-0.05555144039655881,0.07895290851436164,0.13450434891092045,0.5869914924911728,152,81
7,1044,male,0.18464127357206903,0.448513200293968,-0.04886729049562119,0.08271304190914422,0.1315803324047654,0.6286125015558937,133,81
7,1044,family,0.165199536074492,0.4684335272570566,-0.04599738084925481,0.0840406043595906,0.1300379852088454,0.6462773490682147,119,81
7,1044,marriage,0.2252230505511713,0.4773735581188997,-0.0541715339599126,0.08075054968261262,0.13492208364252523,0.5984976476939233,161,81
7,1044,love,0.11525984119000382,0.41852603110209596,-0.06078364072534505,0.06897542585227927,0.12975906657762432,0.5315653670372644,87,81
7,1044,wealth,0.17447038111535745,0.4625925925925926,-0.031772692476917275,0.09600646389657766,0.12777915637349493,0.7513468285484847,125,81
7,1044,emotion,0.15815565628141762,0.3711260330578513,-0.09837731158516777,0.041329895373630195,0.13970720695879796,0.2958322356664338,121,81
7,1044,scandal,0.10433848237254255,0.5106801573917932,-0.05870673879994777,0.0694564039887781,0.12816314278872587,0.5419374281632086,72,81
7,1044,duty,0.11950886610587963,0.45133874239350913,-0.08569040631677156,0.047069480718100756,0.13275988703487232,0.3545459533675437,85,81
7,1044,class,0.1685523786085962,0.5381197130313737,0.04678064713481436,0.16162299751520173,0.11484235038038737,1.4073466537253678,99,81
7,1044,society,0.3927501715896749,0.6992595133945164,0.23807199535829088,0.3129799545045113,0.07490795914622043,4.178193586737503,131,81
7,1053,female,0.24834891020119956,0.5185056940597108,0.025101693016413785,0.03290088288311996,0.0077991898667061745,4.2185000546468885,152,9
7,1053,male,0.19794595183611202,0.4856054610209735,-0.016911590642727105,7.518683929564969e-06,0.01691910932665667,0.00044439005528941293,133,9
7,1053,family,0.18060838370435892,0.48755656108597284,0.0039925460937871304,0.01681484344800928,0.012822297354222148,1.311375253761455,119,9
7,1053,marriage,0.24554378606029473,0.4995378586217096,-0.009657622933585575,0.006217314070632662,0.015874937004218236,0.3916433853305355,161,9
7,1053,love,0.16963315638451754,0.5254941733285606,0.0505593158315974,0.05748143720834004,0.006922121376742642,8.304020411021048,87,9
7,1053,wealth,0.18640150375939848,0.4915111111111111,-0.016660456911491345,7.999872002047968e-06,0.016668456783493393,0.0004799407710910719,125,9
7,1053,emotion,0.180638938414058,0.4969995746232377,-0.016537630725646943,8.26432620948414e-06,0.016545895051856427,0.0004994789452660898,121,9
7,1053,scandal,0.10870584094268305,0.5020493723065393,-0.015164812411908209,1.3888503097136193e-05,0.015178700915005346,0.000914999457067588,72,9
7,1053,duty,0.13122078929835493,0.5054056795131846,0.01146997454133834,0.023540622573586505,0.012070648032248166,1.9502368479923122,85,9
7,1053,class,0.14778929647350703,0.4836527822393547,-0.015892669855543443,1.0100806044322337e-05,0.015902770661587767,0.0006351601402443095,99,9
7,1053,society,0.1959976276569286,0.48131629356434225,-0.016848108642080705,7.63347124471382e-06,0.01685574211332542,0.00045287067118962733,131,9
7,1067,female,0.22825749145158913,0.4844311070072843,0.00024811057263704125,0.01974316127419376,0.01949505070155672,1.0127268492615156,152,13
7,1067,male,0.20278455879959645,0.492961727627339,0.013163145075532772,0.03008225440218944,0.01691910932665667,1.7780046112129413,133,13
7,1067,family,0.17775484462790966,0.47020346600178536,-0.023802864870479126,8.403220113947665e-06,0.023811268090593075,0.00035290939069786663,119,13
7,1067,marriage,0.2389452417011864,0.47432958690722665,-0.02578932145444282,6.211102967664998e-06,0.025795532557410485,0.00024078211812843166,161,13
7,1067,love,0.14423038542820757,0.5071391639820229,0.003966665161664645,0.02299947127652238,0.019032806114857734,1.2084119985523156,87,13
7,1067,wealth,0.18582182246066092,0.47442962962962965,-0.024067836884158113,7.999872002047968e-06,0.024075836756160162,0.0003322780463557016,125,13
7,1067,emotion,0.19008548438735476,0.490702479338843,0.006417119366880979,0.024801242954661906,0.018384123587780927,1.3490576711416955,121,13
7,1067,scandal,0.10845782506966717,0.49149803260258573,-0.0063353141747893565,0.013902391600233327,0.020237705775022683,0.686954922365986,72,13
7,1067,duty,0.14386183740883532,0.5468762677484788,-0.008915114459677654,0.01177619350132938,0.020691307961007033,0.5691372204672895,85,13
7,1067,class,0.14702000594673453,0.4780490416532819,-0.022959782692600558,1.0100806044322337e-05,0.022969883498644882,0.00043974128316665153,99,13
7,1067,society,0.196837831019111,0.5021013809074535,-0.005326470477355969,0.015274575960672354,0.020601046438028323,0.7414466059226457,131,13
7,1071,female,0.24553963032581452,0.4999935877705961,0.004146730850920556,0.01974316127419376,0.015596430423273204,1.2658769178020934,152,11
7,1071,male,0.1994360902255639,0.4756769743908644,-0.011272598894770475,0.007526202613494532,0.018798801508265007,0.40035544871226164,133,11
7,1071,family,0.19677619191251472,0.5127050820328132,0.020798986321682464,0.03362128367590461,0.012822297354222148,2.622095147576003,119,11
7,1071,marriage,0.23978490078269135,0.4771825396825397,-0.021821083233165922,6.211102967664998e-06,0.021827294336133587,0.0002845567055509206,161,11
7,1071,love,0.1331089725666431,0.5060255339458299,0.0074268608011261,0.02299947127652238,0.015572610475396279,1.476918164194959,87,11
7,1071,wealth,0.19018277999650993,0.505688888888889,-0.0006607129073954096,0.016007743876097984,0.016668456783493393,0.960361482953235,125,11
7,1071,emotion,0.18338155160347674,0.5066389158969373,-0.010111533052087302,0.008272590535693625,0.018384123587780927,0.44998558107725334,121,11
7,1071,scandal,0.10815580618212198,0.4817898632190369,-0.0029626442681111326,0.013902391600233327,0.01686503586834446,0.8243321691063626,72,11
7,1071,duty,0.12925696594427244,0.48026369168356997,-0.005466850488174106,0.01177619350132938,0.017243043989503486,0.682953282947898,85,11
7,1071,class,0.14772790562264249,0.4903094549737659,-0.0075586420204853885,0.010110906850366658,0.017669548870852047,0.5722221276669683,99,11
7,1071,society,0.1960339780749584,0.4757554964691082,-0.02059341296678361,7.63347124471382e-06,0.020601046438028323,0.00037053803394435065,131,11
7,1073,female,0.2117339070450699,0.39050477069867656,-0.045316953014661224,0.01316430046973066,0.058481253484391885,0.225102912218169,152,32
7,1073,male,0.19480989682570485,0.3700604895697892,-0.031949382486198996,0.02256357047262447,0.05451295295882347,0.41391209331943585,133,32
7,1073,family,0.176448986514588,0.4470865269184596,0.013041734454412666,0.058830944017747605,0.04578920956333494,1.2848211309498303,119,32
7,1073,marriage,0.22994117069303616,0.47257961155476674,-0.030706696243359578,0.024850622973627657,0.055557319216987235,0.44729701366839925,161,32
7,1073,love,0.1366148612868788,0.5230083919977727,-0.0024570204858792855,0.045987448564400825,0.04844446905028011,0.9492817129592556,87,32
7,1073,wealth,0.18109338226269617,0.4934370370370371,-0.009994306778251964,0.04000735988224189,0.050001666660493854,0.8001205270433805,125,32
7,1073,emotion,0.26017050569008,0.6150947982498784,0.042208660402175954,0.08265152642105089,0.04044286601887494,2.0436614551608003,121,32
7,1073,scandal,0.11726809980974254,0.5396758478546,0.008348835863193432,0.05556790089164191,0.04721906502844848,1.176810698326759,72,32
7,1073,duty,0.16731480939061036,0.5574239350912779,0.039257744159092035,0.08236276793487213,0.04310502377578009,1.91074637521113,85,32
7,1073,class,0.1404133047834883,0.4986258343148802,-0.03279340016144862,0.020211712894688996,0.053005113056137615,0.381316286843903,99,32
7,1073,society,0.18870955185817045,0.5043600080052606,-0.04090686156203356,0.015274575960672354,0.056181437522705914,0.27187940775326735,131,32
7,1096,female,0.25856866095383346,0.5453601108033241,0.07505087696257096,0.236845567821476,0.16179469085890505,1.4638648929868538,152,119
7,1096,male,0.23627517080407134,0.5694852733337101,0.11466380938259457,0.2706801401482684,0.15601633076567384,1.7349474815753554,133,119
7,1096,family,0.23125826275060246,0.5840028319019915,0.1709778311139949,0.3193307675501252,0.1483529364361303,2.152507225129667,119,119
7,1096,marriage,0.27538895459077045,0.4863699102829538,0.00155549308868147,0.1801281971652526,0.17857270407657114,1.0087106990719352,161,119
7,1096,love,0.12092886552700889,0.4000417611263572,-0.10007918494777282,0.09196340314015769,0.1920425880879305,0.4788698384838031,87,119
7,1096,wealth,0.1698928915414889,0.4595333333333333,-0.08243936822682227,0.11200620790067359,0.19444557612749586,0.5760285738085206,125,119
7,1096,emotion,0.15629077518168027,0.41456003889158966,-0.12781977696866423,0.07438720021156675,0.20220697718023098,0.3678765255706094,121,119
7,1096,scandal,0.11792122584582584,0.43313190931234774,-0.07606295287540811,0.11112191328018665,0.18718486615559476,0.5936479564925109,72,119
7,1096,duty,0.11348047124649069,0.39151115618661253,-0.12423029965932116,0.070598338862615,0.19482863852193616,0.3623611980140375,85,119
7,1096,class,0.1347166745160431,0.4583467180640326,-0.07969484608516131,0.11111896729359003,0.19081381337875133,0.5823423646612247,99,119
7,1096,society,0.1702456828898975,0.43960316779598024,-0.13728473583715298,0.0687088746736691,0.20599361051082207,0.33354857222489365,131,119
7,1120,female,0.22729181143104593,0.4797565917718272,-0.015103376839647992,0.09211063012328784,0.10721400696293583,0.8591286971885268,152,69
7,1120,male,0.1942017724590785,0.49626886765786643,-0.026310984316321104,0.08271304190914422,0.10902402622546532,0.7586680181608063,133,69
7,1120,family,0.16193240720857865,0.4208529565672423,-0.06495830032321756,0.05042772390379994,0.11538602422701749,0.4370349376467667,119,69
7,1120,marriage,0.2208987794561249,0.4615128660159716,-0.06314299294546498,0.05590613781195264,0.11904913075741762,0.46960559439447797,161,69
7,1120,love,0.18589280879877307,0.5199359662729189,0.0922183977481232,0.1839153122916715,0.0916969145435483,2.005687031075855,87,69
7,1120,wealth,0.17520342900017147,0.4676518518518519,-0.0686608545302049,0.048007231884289854,0.11666808641449476,0.4114855515270882,125,69
7,1120,emotion,0.17733020590300358,0.5034941662615459,-0.01570324068162192,0.09091585263053503,0.10661909331215695,0.852716430100385,121,69
7,1120,scandal,0.09733016632186596,0.45671725688589093,-0.05404555741035371,0.05556790089164191,0.10961345830199562,0.5069441449246136,72,69
7,1120,duty,0.16399905436984,0.5955476673427993,0.0429076659763209,0.14118491329615773,0.09827724731983684,1.4365981663613767,85,69
7,1120,class,0.14239982593705722,0.46988435592675876,-0.015091104129120611,0.09091735520494536,0.10600845933406597,0.8576424539628348,99,69
7,1120,society,0.22175939770847233,0.5461017239900506,0.02289073612987655,0.12214317338666586,0.09925243725678931,1.2306314762772244,131,69
7,1123,female,0.32467105263157897,0.5616343490304709,0.0855298200086856,0.08553176931882474,1.949310139141758e-06,43877.94621462157,152,13
7,1123,male,0.19939887312265628,0.4998445361524111,-0.005633607146813848,0.0150448865430595,0.02067849368987335,0.7275620152980343,133,13
7,1123,family,0.19619433100193825,0.5227013882476067,0.03760542654957779,0.05042772390379994,0.012822297354222148,3.9328150413905503,119,13
7,1123,marriage,0.2536589922009994,0.49682046731736174,0.006991566858770972,0.024850622973627657,0.017859056114856685,1.391485799272634,161,13
7,1123,love,0.13082706766917293,0.4826989619377163,-0.02248150776567525,1.1493988643939221e-05,0.02249300175431919,0.0005110028785384814,87,13
7,1123,wealth,0.18796992481203006,0.4814814814814815,-0.024067836884158113,7.999872002047968e-06,0.024075836756160162,0.0003322780463557016,125,13
7,1123,emotion,0.18040954261049957,0.49153804083616914,-0.013787990123936306,0.008272590535693625,0.02206058065962993,0.37499423351340766,121,13
7,1123,scandal,0.10827067669172932,0.4831365935919056,-0.021910152225264656,1.3888503097136193e-05,0.021924040728361793,0.0006334828177241981,72,13
7,1123,duty,0.1272630104673448,0.49610547667342797,-0.008915114459677654,0.01177619350132938,0.020691307961007033,0.5691372204672895,85,13
7,1123,class,0.14887218045112782,0.4823321554770318,-0.022959782692600558,1.0100806044322337e-05,0.022969883498644882,0.00043974128316665153,99,13
7,1123,society,0.19699248120300752,0.4812734082397004,-0.024338717291486515,7.63347124471382e-06,0.024346350762731228,0.00031353656729884164,131,13
7,1126,female,0.22857142857142856,0.4892787524366472,-0.00974192114504347,6.578860804463099e-06,0.009748500005847932,0.0006748587782573433,152,5
7,1126,male,0.201921470342523,0.5037028661880264,5.554194879563504e-06,0.007526202613494532,0.007520648418614969,1.0007385259314978,133,5
7,1126,family,0.18060838370435892,0.5001616031027795,0.0010838113480249297,0.008411623334061612,0.007327811986036682,1.1479038148006873,119,5
7,1126,marriage,0.24210526315789474,0.48908730158730157,-0.009916368569335223,6.211102967664998e-06,0.009922579672302888,0.0006259564722242773,161,5
7,1126,love,0.13082706766917293,0.49048442906574397,-0.008640725207829431,1.1493988643939221e-05,0.00865221919647337,0.0013284439958820863,87,5
7,1126,wealth,0.18719343814080655,0.4946666666666667,-0.00925307693882458,7.999872002047968e-06,0.009261076810826628,0.0008638166127541378,125,5
7,1126,emotion,0.20017088174982914,0.5052108653378707,0.021122947654276983,0.024801242954661906,0.003678295300384925,6.74259158728336,121,5
7,1126,scandal,0.10827067669172932,0.49072512647554806,-0.008419472598551763,1.3888503097136193e-05,0.0084333611016489,0.0016468526519958745,72,5
7,1126,duty,0.1330421642341147,0.5106896551724138,-0.008610619631672362,1.1764429072257124e-05,0.00862238406074462,0.0013644055968758083,85,5
7,1126,class,0.14887218045112782,0.4902826855123675,-0.008825557018486335,1.0100806044322337e-05,0.008835657824530658,0.0011431866470808807,99,5
7,1126,society,0.19689960501531414,0.4991494410612688,0.00014862341439037408,0.007641104715958534,0.00749248130156816,1.0198363409114455,131,5
7,1135,female,0.22857142857142856,0.4746588693957115,-0.03118433267560281,6.578860804463099e-06,0.03119091153640727,0.00021092236424617052,152,16
7,1135,male,0.2,0.4755639097744361,-0.030069435913985487,7.518683929564969e-06,0.03007695459791505,0.0002499815566379246,133,16
7,1135,family,0.17795979635873488,0.49638316865207627,-0.019062635001988442,0.008411623334061612,0.027474258336050054,0.30616379997847754,119,16
7,1135,marriage,0.24074344165877345,0.4824632751651385,-0.015351234629751275,0.012428417038297659,0.027779651668048935,0.4473928322198851,161,16
7,1135,love,0.1295053726269697,0.49047448594042076,-0.014447714761197486,0.011505482632583159,0.025953197393780644,0.4433165770510028,87,16
7,1135,wealth,0.19714507422402158,0.5104888888888889,0.01963521311241511,0.04000735988224189,0.02037214676982678,1.9638264112416977,125,16
7,1135,emotion,0.19252828962841323,0.51643777345649,0.0009024337591074759,0.024801242954661906,0.02389880919555443,1.037760616049338,121,16
7,1135,scandal,0.10827067669172932,0.47807757166947723,-0.026969157085281997,1.3888503097136193e-05,0.026983045588379134,0.0005147122125681351,72,16
7,1135,duty,0.1374817133331065,0.4910750507099391,-0.014087510416932974,0.01177619350132938,0.025863703918262353,0.4553173643686393,85,16
7,1135,class,0.14942229487684033,0.5006424670735624,0.007342635440366452,0.030312518939011334,0.022969883498644882,1.3196635907831213,99,16
7,1135,society,0.19710854745005005,0.49469651485261745,-0.001438303557345054,0.022908047205386174,0.024346350762731228,0.9409232384638238,131,16
7,1165,female,0.24625023513824787,0.5492138606750795,-0.042150237765660875,0.11184721253667715,0.15399745030233802,0.7262926257309129,152,96
7,1165,male,0.28801583925454466,0.5704321894962971,0.10150647289254656,0.22556803657087862,0.12406156367833206,1.8181943696430851,133,96
7,1165,family,0.16249752216502614,0.46180010465724747,-0.07346980769018213,0.0840406043595906,0.15751041204977273,0.5335558663417153,119,96
7,1165,marriage,0.21999251276870738,0.4466134279798876,-0.05934765438457901,0.09938385858560764,0.15873151297018664,0.6261129672697573,161,96
7,1165,love,0.16262379100569088,0.5628107226663485,0.12485027539741322,0.2528792441553068,0.1280289687578936,1.9751720771221195,87,96
7,1165,wealth,0.19039060508153197,0.5259407407407407,-0.010291782398344357,0.1360058239068175,0.14629760630516186,0.9296517375834134,125,96
7,1165,emotion,0.2107588698973714,0.5659409941662614,0.09630546477495486,0.2231450719822813,0.12683960720732645,1.7592696547520752,121,96
7,1165,scandal,0.11876006757668302,0.5546772531384673,0.04059694130376798,0.18056442876586762,0.13996748746209964,1.2900455101294204,72,96
7,1165,duty,0.1387825150593463,0.5276470588235295,-0.04410958081300369,0.10589162607938636,0.15000120689239005,0.7059384939125618,85,96
7,1165,class,0.1675328554900983,0.5588928150765606,0.008411389742263575,0.1515221914708794,0.14311080172861582,1.0587753659374748,99,96
7,1165,society,0.18853473491266196,0.5278254281384911,-0.06569536588187376,0.09160928840781056,0.15730465428968432,0.5823685816601786,131,96
7,1177,female,0.2818529575845297,0.5804606545603775,0.02753747787837632,0.12500493414560335,0.09746745626722703,1.282529973918619,152,69
7,1177,male,0.27899983178189974,0.6441997851772288,0.0864695290177586,0.17293724906392385,0.08646772004616525,2.000020920750453,133,69
7,1177,family,0.1721958160012858,0.4797457444516268,-0.003550008903160637,0.10084704458748592,0.10439705349064655,0.9659951235650085,119,69
7,1177,marriage,0.2217474649742866,0.4783101646455683,-0.07133821502376843,0.04969503484428764,0.12103324986805607,0.4105899403515307,161,69
7,1177,love,0.22002407749761677,0.6184226225987351,0.0922183977481232,0.1839153122916715,0.0916969145435483,2.005687031075855,87,69
7,1177,wealth,0.17388206677369364,0.4471407407407407,-0.039105703544560944,0.07200684789043375,0.1111125514349947,0.6480532303491617,125,69
7,1177,emotion,0.1632466324208877,0.469281720952844,-0.056113459663256475,0.057858547792598476,0.11397200745585495,0.5076557751648035,121,69
7,1177,scandal,0.10191810008426885,0.5095325089001312,-0.05404555741035371,0.05556790089164191,0.10961345830199562,0.5069441449246136,72,69
7,1177,duty,0.1291694905445282,0.49770791075050713,-0.011046578255714687,0.09412719700712924,0.10517377526284392,0.8949683204867114,85,69
7,1177,class,0.13310178745986662,0.43969732662312166,-0.03882627263629383,0.07071574311630069,0.10954201575259452,0.6455581689802912,99,69
7,1177,society,0.16854649543259398,0.38975612545386973,-0.07217049794077618,0.04580846093952764,0.11797895888030382,0.3882765314585847,131,69
7,1180,female,0.26071537858314403,0.5354981019800965,0.07139622502738185,0.20395126379916054,0.13255503877177868,1.538615700220697,152,99
7,1180,male,0.24680232069840174,0.5215246763525355,0.05827389190302831,0.19549330085261876,0.13721940894959045,1.4246767446944142,133,99
7,1180,family,0.2885953075865728,0.5589081786560779,0.10526058120180318,0.23529856641064859,0.1300379852088454,1.809460259099998,119,99
7,1180,marriage,0.25542982013566756,0.535554076703145,0.033042653223147034,0.1739170941975876,0.14087444097444057,1.2345539261299183,161,99
7,1180,love,0.12046720372145009,0.46299168754722986,-0.07870131501682821,0.08046941449621849,0.1591707295130467,0.5055540974266699,87,99
7,1180,wealth,0.1751368005685977,0.49766666666666665,-0.05525418535870308,0.10400633589862562,0.1592605212573287,0.6530578644152623,125,99
7,1180,emotion,0.16677803404371705,0.4863727515799709,-0.07085009675935694,0.09091585263053503,0.16176594938989197,0.5620209504711374,121,99
7,1180,scandal,0.10483123125090636,0.535518549747049,-0.05791109185910118,0.09723341018305048,0.15514450204215166,0.6267280432277653,72,99
7,1180,duty,0.11703132284118742,0.4343914807302231,-0.08974765994428567,0.070598338862615,0.16034599880690067,0.44028749945418927,85,99
7,1180,class,0.13705459701185624,0.45973873005675125,-0.07996203466063558,0.08081654916062302,0.1607785838212586,0.5026574263769238,99,99
7,1180,society,0.21637065612691392,0.6012736941418648,-0.004770458519471221,0.1450435871208073,0.14981404564027853,0.9681574681462523,131,99
7,1218,female,0.2843984962406015,0.5361842105263158,0.0723720983997594,0.07237404770989854,1.949310139141758e-06,37128.01217652887,152,11
7,1218,male,0.19999999999999998,0.49437503533269267,-0.011272598894770475,0.007526202613494532,0.018798801508265007,0.40035544871226164,133,11
7,1218,family,0.20098723700006318,0.5206159386831656,0.04126841679503477,0.05042772390379994,0.00915930710876517,5.505626495484201,119,11
7,1218,marriage,0.24960226653590495,0.5014788524105295,0.0027645830017444216,0.018639520005962657,0.015874937004218236,1.1741476517252118,161,11
7,1218,love,0.13082706766917293,0.49048442906574397,-0.019021312126213795,1.1493988643939221e-05,0.019032806114857734,0.0006039040472525317,87,11
7,1218,wealth,0.18796992481203006,0.4898148148148148,-0.02036414689782473,7.999872002047968e-06,0.02037214676982678,0.0003926867448993596,125,11
7,1218,emotion,0.18120244262045046,0.49486509479824986,-0.010111533052087302,0.008272590535693625,0.018384123587780927,0.44998558107725334,121,11
7,1218,scandal,0.10827067669172932,0.49072512647554806,-0.018537482318586433,1.3888503097136193e-05,0.01855137082168357,0.0007486510420110904,72,11
7,1218,duty,0.12781954887218044,0.49051724137931035,-0.018955411546183,1.1764429072257124e-05,0.018967175975255258,0.000620252012581359,85,11
7,1218,class,0.14887218045112782,0.4902826855123675,-0.019426226274072003,1.0100806044322337e-05,0.019436327080116327,0.0005196869759480399,99,11
7,1218,society,0.19699248120300752,0.4897003745318352,-0.02059341296678361,7.63347124471382e-06,0.020601046438028323,0.00037053803394435065,131,11
7,1224,female,0.22751383392907015,0.5044116138298964,-0.014127990788393092,0.01316430046973066,0.02729229125812375,0.482345008879746,152,16
7,1224,male,0.19828478692744622,0.47012267510882466,-0.011272683691638866,0.0150448865430595,0.026317570234698367,0.5716670045265776,133,16
7,1224,family,0.21315047096143358,0.5333210207159786,0.02187622594471618,0.04202450378985228,0.0201482778451361,2.0857615777773018,119,16
7,1224,marriage,0.23826494521684247,0.4858584738243124,-0.023546456708054723,0.006217314070632662,0.029763770778687384,0.20888865583105945,161,16
7,1224,love,0.12840284118592332,0.47872171180845563,-0.027671801224867437,1.1493988643939221e-05,0.027683295213511375,0.00041519582675671353,87,16
7,1224,wealth,0.19024549576739672,0.4960222222222223,-6.822087801421073e-05,0.02400761587814595,0.024075836756160162,0.9971664171134604,125,16
7,1224,emotion,0.1800315237574074,0.46693455274671847,-0.019302675731709806,0.008272590535693625,0.02757526626740343,0.30000038640325327,121,16
7,1224,scandal,0.10707555926854173,0.4676667603522578,-0.026969157085281997,1.3888503097136193e-05,0.026983045588379134,0.0005147122125681351,72,16
7,1224,duty,0.1316350498284572,0.4867038539553753,-0.014087510416932974,0.01177619350132938,0.025863703918262353,0.4553173643686393,85,16
7,1224,class,0.15386414473646054,0.5228611200342649,-0.01639253306680678,0.010110906850366658,0.026503439917173438,0.38149413365144347,99,16
7,1224,society,0.19347318966939414,0.4795437001458101,-0.020450550371475595,0.007641104715958534,0.02809165508743413,0.2720062129448728,131,16
7,1253,female,0.23185127196327968,0.5086565096952907,0.0014664903247409693,0.01316430046973066,0.01169781014498969,1.1253645174130065,152,8
7,1253,male,0.20567042606516292,0.48982418452145393,-0.0056335223499454565,0.007526202613494532,0.013159724963439989,0.5719118472332608,133,8
7,1253,family,0.17830821849364048,0.5014775140825561,-0.014645389256836686,8.403220113947665e-06,0.014653792476950634,0.0005734501922687849,119,8
7,1253,marriage,0.247179329397663,0.49494725426402447,0.0005217182553563203,0.012428417038297659,0.011906698782941339,1.0438172044009348,161,8
7,1253,love,0.13529081323999653,0.4910909597104562,0.012617154260318281,0.02299947127652238,0.010382317016204097,2.2152541902169745,87,8
7,1253,wealth,0.18719343814080655,0.4808888888888889,-0.014808611918324653,7.999872002047968e-06,0.014816611790326702,0.0005399258693361262,125,8
7,1253,emotion,0.18144528916060018,0.4913253524550316,-0.004596847444313804,0.008272590535693625,0.012869437980007429,0.6428089981786478,121,8
7,1253,scandal,0.10827067669172932,0.47807757166947723,-0.013478477458569097,1.3888503097136193e-05,0.013492365961666234,0.0010293600941129288,72,8
7,1253,duty,0.1294311983166472,0.5042190669371197,-0.0002944545309187859,0.01177619350132938,0.012070648032248166,0.9756057395503769,85,8
7,1253,class,0.14887218045112782,0.47703180212014135,-0.014125891646279167,1.0100806044322337e-05,0.01413599245232349,0.0007145452346324331,99,8
7,1253,society,0.19445470024819164,0.48952168567916055,-0.014975456479729253,7.63347124471382e-06,0.014983089950973966,0.0005094724298647182,131,8
7,1280,female,0.28496246485653776,0.5930157997332514,0.09893004799733815,0.2236878462125498,0.12475779821521166,1.7929768672647404,152,98
7,1280,male,0.2800258989814348,0.6158346995307818,0.11654384075167647,0.24060540443000852,0.12406156367833206,1.9394032873220346,133,98
7,1280,family,0.22372997608162118,0.5854495644411611,0.08662264585117935,0.21849212618275324,0.1318694803315739,1.656881680520145,119,98
7,1280,marriage,0.27623536701505624,0.5574410923789807,0.05141721649039238,0.1863393001329176,0.13492208364252523,1.3810882184805322,161,98
7,1280,love,0.11925147732525115,0.44835540707155075,-0.024074871342417703,0.12644536907197534,0.15052024041439305,0.8400555880260494,87,98
7,1280,wealth,0.16283825248936762,0.4245185185185185,-0.11251264233682433,0.056007103886337825,0.16851974622316215,0.3323474259914806,125,98
7,1280,emotion,0.1552947721937102,0.4229764219737482,-0.10942208720506699,0.057858547792598476,0.16728063499766546,0.34587714108725176,121,98
7,1280,scandal,0.09000545077700511,0.42130410342889263,-0.14967378520861388,0.013902391600233327,0.1635761768088472,0.08499031993145599,72,98
7,1280,duty,0.11549258902141446,0.41661257606490876,-0.07453496690052502,0.08236276793487213,0.15689773483539715,0.524945551449514,85,98
7,1280,class,0.1281862750040119,0.4061284220294822,-0.0900628407049579,0.07071574311630069,0.1607785838212586,0.4398331011204654,99,98
7,1280,society,0.17644816259892776,0.42788117906052553,-0.040922299985380856,0.11450970214195202,0.15543200212733288,0.7367189547452831,131,98
7,1317,female,0.21502326762714224,0.48244331589206935,-0.08259830132257169,0.09868949092775094,0.18128779225032263,0.5443802348860637,152,108
7,1317,male,0.21468169552602662,0.5624116682684153,0.013161533935033332,0.17293724906392385,0.15977571512889052,1.0823750588337757,133,108
7,1317,family,0.18944025458788905,0.562886693138794,-0.03403945774286704,0.1344599250432766,0.16849938278614365,0.7979846740040153,119,108
7,1317,marriage,0.25213827339402883,0.5139751552795031,0.015185581227400963,0.1739170941975876,0.15873151297018664,1.095668345510935,161,108
7,1317,love,0.23746721738626503,0.7026011215845365,0.2363299661973439,0.36781913059469895,0.13148916439735506,2.79733415508191,87,108
7,1317,wealth,0.2107279422599453,0.5506962962962964,0.026596379654943325,0.18400505591910532,0.157408676264162,1.1689638734344003,125,108
7,1317,emotion,0.1835634631098229,0.47314049586776863,-0.026778825110225557,0.1405018098874399,0.16728063499766546,0.8399167655512594,121,108
7,1317,scandal,0.10768113076025296,0.4771641371557055,0.004786083813223346,0.16667592566873143,0.1618898418555081,1.0295638303017525,72,108
7,1317,duty,0.1484045645543755,0.5428194726166329,0.07008644593806404,0.22353591680195764,0.1534494708638936,1.4567395738938225,85,108
7,1317,class,0.1637263386683859,0.5424920583931184,0.046547972499025314,0.20202622169249107,0.15547824919346576,1.299385751635298,99,108
7,1317,society,0.20114423382052032,0.5048174514681076,-0.021624327980634295,0.1450435871208073,0.1666679151014416,0.8702550039799621,131,108
7,1328,female,0.23145207548239363,0.5055145172873705,0.016086072707742823,0.03947974368758306,0.023393670979840235,1.687624987113718,152,18
7,1328,male,0.1979736320125336,0.4830968398439708,-0.01503206805485555,0.0150448865430595,0.03007695459791505,0.500213094832487,133,18
7,1328,family,0.19725475173507018,0.5217471604026226,0.018213235699259204,0.04202450378985228,0.023811268090593075,1.7648998628800312,119,18
7,1328,marriage,0.25046451699048666,0.4908434388248053,-0.011124250772724727,0.018639520005962657,0.029763770778687384,0.626248607541468,161,18
7,1328,love,0.12962578860945467,0.47337231038460015,-0.031131996864328892,1.1493988643939221e-05,0.03114349085297283,0.0003690655199133846,87,18
7,1328,wealth,0.18580330126094424,0.5078222222222223,-0.023475344854776925,0.008007871874050014,0.03148321672882694,0.25435367493638045,125,18
7,1328,emotion,0.18058011901618518,0.4903530627126884,-0.012876578058150168,0.016536916745177765,0.029413494803327934,0.5622220975504246,121,18
7,1328,scandal,0.10637756706268503,0.49053775529323596,-0.03034182699196022,1.3888503097136193e-05,0.030355715495057358,0.0004575251437884919,72,18
7,1328,duty,0.12728499637841403,0.5067748478701826,-0.017535774388436523,0.01177619350132938,0.0293119678897659,0.40175376642109434,85,18
7,1328,class,0.14768407761828817,0.47214191383802695,-0.03179367373892196,1.0100806044322337e-05,0.03180377454496628,0.0003175977124892378,99,18
7,1328,society,0.19509819395817787,0.4738542470766504,-0.024195854696178503,0.007641104715958534,0.03183695941213704,0.24000736429640163,131,18
7,1344,female,0.25044091942184454,0.5138247665948497,0.02583262340345161,0.03947974368758306,0.013647120284131448,2.892899224358437,152,13
7,1344,male,0.21490935964620178,0.5152213239866584,0.013163145075532772,0.03008225440218944,0.01691910932665667,1.7780046112129413,133,13
7,1344,family,0.17776681522811555,0.4693108012435744,-0.023802864870479126,8.403220113947665e-06,0.023811268090593075,0.00035290939069786663,119,13
7,1344,marriage,0.2376871989124508,0.4972641230405206,-0.02578932145444282,6.211102967664998e-06,0.025795532557410485,0.00024078211812843166,161,13
7,1344,love,0.13670245303639134,0.4990255737183311,0.003966665161664645,0.02299947127652238,0.019032806114857734,1.2084119985523156,87,13
7,1344,wealth,0.1845317655249234,0.48301481481481484,-0.024067836884158113,7.999872002047968e-06,0.024075836756160162,0.0003322780463557016,125,13
7,1344,emotion,0.18069548910728106,0.47944518716577533,-0.0036854353785276614,0.016536916745177765,0.020222352123705427,0.8177543662181016,121,13
7,1344,scandal,0.11336365517867067,0.5063120667041409,0.009239523875685947,0.027790894697369516,0.01855137082168357,1.4980507350641916,72,13
7,1344,duty,0.1281070118167978,0.5061967545638946,-0.008915114459677654,0.01177619350132938,0.020691307961007033,0.5691372204672895,85,13
7,1344,class,0.16024541453926044,0.5071028304243852,0.0007753858145726697,0.020211712894688996,0.019436327080116327,1.039893638872028,99,13
7,1344,society,0.19414982700438707,0.4774566143465706,-0.024338717291486515,7.63347124471382e-06,0.024346350762731228,0.00031353656729884164,131,13
7,1405,female,0.22857142857142856,0.48635477582846004,-0.023387092119035773,6.578860804463099e-06,0.023393670979840235,0.00028122396052553204,152,12
7,1405,male,0.28421052631578947,0.5526315789473684,0.09022984614652757,0.09023172583870918,1.87969218160834e-06,48003.43307172256,133,12
7,1405,family,0.21508279425130378,0.5231938929417921,0.03943692167230628,0.05042772390379994,0.010990802231493658,4.588174988238197,119,12
7,1405,marriage,0.2412916348843122,0.4901902790101547,-0.015609980265500926,0.006217314070632662,0.021827294336133587,0.28484126225647144,161,12
7,1405,love,0.13036824035009154,0.49443184981903515,-0.007527323482274575,0.011505482632583159,0.019032806114857734,0.6045079512997841,87,12
7,1405,wealth,0.18796992481203006,0.48703703703703705,-0.022215991890991424,7.999872002047968e-06,0.022223991762993472,0.00035996557625660565,125,12
7,1405,emotion,0.18104144659168583,0.49208495381623724,-0.022052316333420446,8.26432620948414e-06,0.02206058065962993,0.0003746196138995082,121,12
7,1405,scandal,0.11139654692286272,0.4960886265692337,-0.004648979221450243,0.013902391600233327,0.01855137082168357,0.7493996930531014,72,12
7,1405,duty,0.12781954887218044,0.4879310344827586,-0.020679543531934776,1.1764429072257124e-05,0.020691307961007033,0.0005685686518154742,85,12
7,1405,class,0.14887218045112782,0.4876325088339223,-0.02119300448333628,1.0100806044322337e-05,0.021203105289380603,0.00047638333659102554,99,12
7,1405,society,0.19699248120300752,0.4868913857677903,-0.02246606512913506,7.63347124471382e-06,0.022473698600379774,0.00033966243741673935,131,12
7,1409,female,0.23391744338295828,0.5155175951574844,0.0068264840559774526,0.07895290851436164,0.07212642445838419,1.0946460899198125,152,49
7,1409,male,0.24464748304367195,0.5964017185821697,0.030079611538192302,0.09775040976827415,0.06767079823008185,1.4444991388231687,133,49
7,1409,family,0.17786486441119495,0.5182226736848586,-0.018093682631971628,0.058830944017747605,0.07692462664971923,0.7647868644832421,119,49
7,1409,marriage,0.2561724992690095,0.5300823227841861,0.009320277580517802,0.08075054968261262,0.07143027210209482,1.1304807794385259,161,49
7,1409,love,0.20871478167751228,0.6145845762239988,0.11359626767906778,0.17242132364773224,0.05882505596866447,2.9310864359678352,87,49
7,1409,wealth,0.19009258998947076,0.5066666666666667,0.007782913313987561,0.08000671989248172,0.07222380657849416,1.1077610511212972,125,49
7,1409,emotion,0.3908396950773643,0.6743437044239183,0.17259965121799775,0.21488074577279717,0.042281094554799434,5.0821944897669,121,49
7,1409,scandal,0.10610898505868656,0.48693086003372676,-0.020318858343571465,0.05556790089164191,0.07588675923521337,0.7322476470325372,72,49
7,1409,duty,0.11882325228269522,0.4826774847870182,-0.057495304888732585,0.023540622573586505,0.0810359274623191,0.2904961208007666,85,49
7,1409,class,0.1373226817202034,0.4561873148445587,-0.03909346121176812,0.04041332498333367,0.07950678619510179,0.5083003214801698,99,49
7,1409,society,0.18122159493033685,0.413242988249421,-0.05372970150787769,0.0305415184501,0.08427121995797769,0.362419322574982,131,49
7,1476,female,0.22685332402151626,0.49351082384323386,-0.023874541484101883,0.01316430046973066,0.037038841953832544,0.3554187921367526,152,21
7,1476,male,0.3149143575128235,0.571838430663124,0.148499625401439,0.15038119727522894,0.001881571873789948,79.92317449580126,133,21
7,1476,family,0.17782423974374437,0.4882414504263244,-0.01798539537895473,0.01681484344800928,0.03480023882696401,0.48318184053661084,119,21
7,1476,marriage,0.24023646071700994,0.4842748693680371,-0.03346705226124698,0.006217314070632662,0.03968436633187964,0.15666910285225943,161,21
7,1476,love,0.13162825928919664,0.4990653462196238,0.0033499690674887693,0.0344934599204616,0.03114349085297283,1.1075656252600672,87,21
7,1476,wealth,0.18735505430242272,0.48275555555555555,-0.029030879834276997,0.008007871874050014,0.03703875170832701,0.21620253125413758,125,21
7,1476,emotion,0.18136940146509525,0.4830456976178901,-0.028493818411332313,0.008272590535693625,0.03676640894702594,0.2250040396218189,121,21
7,1476,scandal,0.10815580618212198,0.48761008056960836,-0.019825993801502254,0.013902391600233327,0.03372838540173558,0.41218669183926476,72,21
7,1476,duty,0.12769032652933582,0.49933062880324547,-0.00921960928768294,0.023540622573586505,0.032760231861269445,0.7185731368616676,85,21
7,1476,class,0.1499125874125874,0.5024270978334583,0.010376328647631675,0.04041332498333367,0.030036996335701997,1.3454516067557964,99,21
7,1476,society,0.1950070718338051,0.4962117963232982,-0.010801564369102318,0.022908047205386174,0.03370961157448849,0.6795701918453272,131,21
7,1527,female,0.24175286278633185,0.5283292295065148,-0.013640541423326985,6.578860804463099e-06,0.013647120284131448,0.00048206952580543853,152,7
7,1527,male,0.19097489345843985,0.4705042681892702,-0.013152206279510423,7.518683929564969e-06,0.013159724963439989,0.0005713405067265345,133,7
7,1527,family,0.17069152343427874,0.45741373472465907,-0.0128138941341082,8.403220113947665e-06,0.012822297354222148,0.0006553599469072738,119,7
7,1527,marriage,0.2368498921937508,0.5054471063787834,-0.005689384712308677,0.006217314070632662,0.011906698782941339,0.522169426089623,161,7
7,1527,love,0.14301834649681888,0.5347213936284453,0.014347252080049009,0.02299947127652238,0.00865221919647337,2.658216435760054,87,7
7,1527,wealth,0.21183099127341157,0.546148148148148,-0.003105049929943305,0.008007871874050014,0.01111292180399332,0.7205910393837085,125,7
7,1527,emotion,0.20100951921321386,0.5351391589693729,-0.002758618908389304,0.008272590535693625,0.011031209444082929,0.7499259783686787,121,7
7,1527,scandal,0.10801681918669903,0.4961588907626007,0.003782695545245315,0.013902391600233327,0.010119696054988012,1.3737953712559403,72,7
7,1527,duty,0.12588060284378427,0.49135902636916834,0.0014296774548329862,0.01177619350132938,0.010346516046496394,1.138179600482902,85,7
7,1527,class,0.16213330887244454,0.526573152014848,-0.000491529183428277,0.010110906850366658,0.010602436033794935,0.953639976434172,99,7
7,1527,society,0.20452931406542008,0.4658918718014695,0.005909442496752742,0.015274575960672354,0.009365133463919612,1.631004621331733,131,7
7,1532,female,0.22007746900272376,0.481436595875654,-0.03240271242770674,0.006585439665267561,0.0389881520929743,0.16890874051672108,152,21
7,1532,male,0.20647817064868976,0.49257306800836675,0.016922359845012672,0.04511962226131938,0.02819726241630671,1.6001419426315013,133,21
7,1532,family,0.1695671013616846,0.47955335980546065,-0.028220110615630886,0.008411623334061612,0.0366317339496925,0.22962667684210444,119,21
7,1532,marriage,0.23013188887260846,0.47945011337868476,-0.025271830182943524,0.012428417038297659,0.037700247221241184,0.3296640726261747,161,21
7,1532,love,0.16208152800034273,0.5601757944557133,0.043022228458498624,0.06897542585227927,0.025953197393780644,2.6576850937892793,87,21
7,1532,wealth,0.18161246489483412,0.4550222222222222,-0.00932744584384768,0.02400761587814595,0.03333506172199363,0.7201911332171359,125,21
7,1532,emotion,0.3379570166594097,0.6520342124453088,0.09273683853357138,0.10744450504950331,0.014707666515931927,7.305340036491161,121,21
7,1532,scandal,0.10815676344378362,0.5085370994940979,-0.019825993801502254,0.013902391600233327,0.03372838540173558,0.41218669183926476,72,21
7,1532,duty,0.12189552139818105,0.44562880324543613,-0.03619673140370074,1.1764429072257124e-05,0.036208495832773,0.00032490797536206985,85,21
7,1532,class,0.14349428987138496,0.4689831173930114,-0.025226424113128174,0.010110906850366658,0.03533733096349483,0.2861253686795301,99,21
7,1532,society,0.1870550592732682,0.45917317094090404,-0.03931993459029813,7.63347124471382e-06,0.03932756806154285,0.00019409975294109897,131,21
7,1537,female,0.22857142857142856,0.48830409356725146,-0.00974192114504347,6.578860804463099e-06,0.009748500005847932,0.0006748587782573433,152,5
7,1537,male,0.20701754385964913,0.498205099214201,5.554194879563504e-06,0.007526202613494532,0.007520648418614969,1.0007385259314978,133,5
7,1537,family,0.17944125018428422,0.49923046141533534,-0.009150903888651222,8.403220113947665e-06,0.00915930710876517,0.0009174515073294785,119,5
7,1537,marriage,0.24210526315789474,0.4880952380952381,-0.009916368569335223,6.211102967664998e-06,0.009922579672302888,0.0006259564722242773,161,5
7,1537,love,0.14081756114423993,0.49634092988108025,0.0045833612558405165,0.011505482632583159,0.006922121376742642,1.6621324597944547,87,5
7,1537,wealth,0.18796992481203006,0.4888888888888889,-0.00925307693882458,7.999872002047968e-06,0.009261076810826628,0.0008638166127541378,125,5
7,1537,emotion,0.21814312264508,0.5294421487603306,0.03122550239968563,0.033065569164146054,0.0018400667644604247,17.969765980677515,121,5
7,1537,scandal,0.10827067669172932,0.48988195615514335,-0.008419472598551763,1.3888503097136193e-05,0.0084333611016489,0.0016468526519958745,72,5
7,1537,duty,0.12781954887218044,0.4896551724137931,-0.008610619631672362,1.1764429072257124e-05,0.00862238406074462,0.0013644055968758083,85,5
7,1537,class,0.14849075550829938,0.49528857479387517,-0.008825557018486335,1.0100806044322337e-05,0.008835657824530658,0.0011431866470808807,99,5
7,1537,society,0.1959511895630819,0.49812734082397003,-0.009357499992674899,7.63347124471382e-06,0.009365133463919612,0.0008150947632842244,131,5
7,1542,female,0.23600668337510444,0.5073355904380835,0.015842591685771103,0.01974316127419376,0.0039005695884226574,5.06160980379177,152,5
7,1542,male,0.21403508771929824,0.5094550285488156,0.009403930306052872,0.0150448865430595,0.005640956237006628,2.667080882793018,133,5
7,1542,family,0.17867094206103493,0.5009696186166774,-0.009150903888651222,8.403220113947665e-06,0.00915930710876517,0.0009174515073294785,119,5
7,1542,marriage,0.24210526315789474,0.49007936507936506,-0.009916368569335223,6.211102967664998e-06,0.009922579672302888,0.0006259564722242773,161,5
7,1542,love,0.13076008987987212,0.4979119436821382,-0.008640725207829431,1.1493988643939221e-05,0.00865221919647337,0.0013284439958820863,87,5
7,1542,wealth,0.18810526315789472,0.5005333333333334,-0.00925307693882458,7.999872002047968e-06,0.009261076810826628,0.0008638166127541378,125,5
7,1542,emotion,0.18195488721804512,0.49080882352941174,-0.009184716581948943,8.26432620948414e-06,0.009192980908158427,0.0008989822007843917,121,5
7,1542,scandal,0.10827067669172932,0.49156829679595276,-0.008419472598551763,1.3888503097136193e-05,0.0084333611016489,0.0016468526519958745,72,5
7,1542,duty,0.12749226006191952,0.49803245436105475,-0.008610619631672362,1.1764429072257124e-05,0.00862238406074462,0.0013644055968758083,85,5
7,1542,class,0.15786836620169956,0.514830281614734,0.0030420272351002805,0.010110906850366658,0.007068879615266378,1.430340789380568,99,5
7,1542,society,0.19699248120300752,0.49063670411985016,-0.009357499992674899,7.63347124471382e-06,0.009365133463919612,0.0008150947632842244,131,5
7,1590,female,0.21921546281264429,0.48114804555247764,-0.012178680649251336,0.01316430046973066,0.025342981118981995,0.5194456172068526,152,15
7,1590,male,0.23091975791061042,0.5062680196732432,0.028200512934662712,0.04511962226131938,0.01691910932665667,2.6667847217917675,133,15
7,1590,family,0.18460219511095682,0.5419937205651492,-0.017231139879259953,0.008411623334061612,0.025642763213321564,0.32803108088459415,119,15
7,1590,marriage,0.22884094558247012,0.46739746623287,-0.021562337597416274,0.006217314070632662,0.027779651668048935,0.22380820842184154,161,15
7,1590,love,0.1436190494189606,0.5041462832597542,0.0005064695222031894,0.02299947127652238,0.02249300175431919,1.0225167599555012,87,15
7,1590,wealth,0.17498720443029508,0.44636296296296296,-0.0277715268704915,7.999872002047968e-06,0.027779526742493548,0.00028797726022894465,125,15
7,1590,emotion,0.18690196469176526,0.503911947010209,0.002740662295031976,0.024801242954661906,0.02206058065962993,1.124233461312424,121,15
7,1590,scandal,0.10542732784519761,0.4979974704890388,-0.02528282213194288,1.3888503097136193e-05,0.025296710635040017,0.0005490240726139847,72,15
7,1590,duty,0.12272684453476708,0.46122718052738343,-0.012363378431181198,0.01177619350132938,0.024139571932510578,0.4878377103689091,85,15
7,1590,class,0.14091479235699617,0.4490934075739729,-0.014625754857542504,0.010110906850366658,0.024736661707909162,0.4087417683658225,99,15
7,1590,society,0.2037318862979145,0.5373316751007805,0.0004343486050064002,0.022908047205386174,0.022473698600379774,1.0193269746876348,131,15
7,1611,female,0.22605032317636195,0.464232584384939,-0.0175391617016105,6.578860804463099e-06,0.017545740562414962,0.0003749548661502973,152,9
7,1611,male,0.19816207184628237,0.46721832777432304,-0.016911590642727105,7.518683929564969e-06,0.01691910932665667,0.00044439005528941293,133,9
7,1611,family,0.17766475011057056,0.4636777788038292,-0.016476884379565175,8.403220113947665e-06,0.016485287599679124,0.0005097405830882495,119,9
7,1611,marriage,0.23813611469917198,0.5031487232574189,-0.009657622933585575,0.006217314070632662,0.015874937004218236,0.3916433853305355,161,9
7,1611,love,0.1468254335307677,0.5321361810444258,-0.0023370300230823923,0.011505482632583159,0.013842512655665551,0.8311701002522076,87,9
7,1611,wealth,0.18609364319890634,0.4878592592592593,-0.006808739916276688,0.008007871874050014,0.014816611790326702,0.5404657952054622,125,9
7,1611,emotion,0.19551190810801794,0.5143564657267866,0.003667478765170337,0.016536916745177765,0.012869437980007429,1.2849758295259481,121,9
7,1611,scandal,0.14311880217718254,0.5562816188870152,0.015984863689042395,0.027790894697369516,0.011806031008327124,2.3539574540685066,72,9
7,1611,duty,0.13203918645550405,0.4951926977687627,0.01146997454133834,0.023540622573586505,0.012070648032248166,1.9502368479923122,85,9
7,1611,class,0.14772790562264246,0.4783167362672663,-0.004025085601956831,0.010110906850366658,0.01413599245232349,0.7152597798670655,99,9
7,1611,society,0.19548441714974457,0.4676001372330389,-0.016848108642080705,7.63347124471382e-06,0.01685574211332542,0.00045287067118962733,131,9
7,1627,female,0.2460830384785493,0.5131707191956499,0.0034158004638827275,0.01316430046973066,0.009748500005847932,1.3503924152929438,152,7
7,1627,male,0.21314018388716002,0.5129741647351461,0.005644545942836192,0.0150448865430595,0.009400340600223309,1.600461853595139,133,7
7,1627,family,0.19324859883135087,0.5171607104380214,0.007655536339244108,0.01681484344800928,0.00915930710876517,1.8358204661662865,119,7
7,1627,marriage,0.2456121148111995,0.50677807354826,-0.005689384712308677,0.006217314070632662,0.011906698782941339,0.522169426089623,161,7
7,1627,love,0.15659012504076814,0.5370281987034164,0.014347252080049009,0.02299947127652238,0.00865221919647337,2.658216435760054,87,7
7,1627,wealth,0.2099323034859877,0.5300296296296297,0.026450101055700677,0.03200748788019392,0.005557386824493243,5.759449339277028,125,7
7,1627,emotion,0.18918497770172413,0.5017622751579972,0.007343935837019339,0.016536916745177765,0.009192980908158427,1.7988633837695678,121,7
7,1627,scandal,0.12848015978498434,0.5402145400037474,0.003782695545245315,0.013902391600233327,0.010119696054988012,1.3737953712559403,72,7
7,1627,duty,0.2140449812131655,0.5723529411764705,0.041895360628859686,0.047069480718100756,0.005174120089241072,9.097098617188783,85,7
7,1627,class,0.1574901901217691,0.5183103115965306,-0.000491529183428277,0.010110906850366658,0.010602436033794935,0.953639976434172,99,7
7,1627,society,0.20099635365304308,0.49969980272750664,0.005909442496752742,0.015274575960672354,0.009365133463919612,1.631004621331733,131,7
7,1668,female,0.24869768700187678,0.5143056838001437,0.032410996886792026,0.09868949092775094,0.06627849404095891,1.4890122709377434,152,49
7,1668,male,0.23404153019218102,0.5195531121035672,0.03947798764936561,0.10526909369783911,0.0657911060484735,1.600050523830364,133,49
7,1668,family,0.25135148228468746,0.549396681749623,0.10472290020814223,0.1596695853851196,0.05494668517697738,2.9059002352541397,119,49
7,1668,marriage,0.24969815033794635,0.48078108054816127,-0.03165583281099944,0.04969503484428764,0.08135086765528708,0.6108728311817462,161,49
7,1668,love,0.12875051883226857,0.4602573280833631,-0.058316856348641546,0.02299947127652238,0.08131632762516393,0.2828395224912024,87,49
7,1668,wealth,0.1819485457291964,0.4764,-0.051327388657300396,0.03200748788019392,0.08333487653749432,0.3840827419406917,125,49
7,1668,emotion,0.17808230556760773,0.46881076810889655,-0.05975910792640103,0.024801242954661906,0.08456035088106294,0.29329635811531124,121,49
7,1668,scandal,0.10563111435100732,0.4709925988382987,-0.0670433724949974,0.013902391600233327,0.08094576409523072,0.17174946404490976,72,49
7,1668,duty,0.12682729842509086,0.4543204868154158,-0.07098386594674148,0.01177619350132938,0.08276005944807087,0.14229319770578763,85,49
7,1668,class,0.14659272147310426,0.45760609629867577,-0.07469621397252797,0.010110906850366658,0.08480712082289463,0.1192223807640205,99,49
7,1668,society,0.1925266821067877,0.46099579723818507,-0.07274194832200823,0.015274575960672354,0.08801652428268059,0.1735421397855,131,49
7,1691,female,0.22488014942819232,0.45751256796963163,-0.0409308833713116,6.578860804463099e-06,0.04093746223211606,0.0001607051450087489,152,21
7,1691,male,0.198071734359823,0.45687998190966145,-0.03006952071085388,0.007526202613494532,0.037595723324348414,0.2001877327472535,133,21
7,1691,family,0.22254270129104273,0.4870871425493274,0.03318818080442604,0.058830944017747605,0.025642763213321564,2.2942513459271168,119,21
7,1691,marriage,0.23848833999950098,0.4563122350389431,-0.04166227433955042,6.211102967664998e-06,0.04166848544251809,0.00014905996466044318,161,21
7,1691,love,0.15289717352086046,0.5437696376725134,0.043022228458498624,0.06897542585227927,0.025953197393780644,2.6576850937892793,87,21
7,1691,wealth,0.18627883693725383,0.501125925925926,-0.019179162839062333,0.016007743876097984,0.03518690671516032,0.4549346722980368,125,21
7,1691,emotion,0.1914765466586124,0.5286217792902285,0.0018138458248936201,0.033065569164146054,0.031251723339252434,1.058039865646621,121,21
7,1691,scandal,0.12198704593471668,0.5137717818999438,-0.004251155751026952,0.027790894697369516,0.03204205044839647,0.8673257268993837,72,21
7,1691,duty,0.13246875217574025,0.5175659229208924,-0.00921960928768294,0.023540622573586505,0.032760231861269445,0.7185731368616676,85,21
7,1691,class,0.1480596821722461,0.4863475746867973,-0.0014912556059549463,0.030312518939011334,0.03180377454496628,0.9531107351802026,99,21
7,1691,society,0.1955525741835505,0.457329101981302,-0.02981381118323286,0.007641104715958534,0.03745491589919139,0.20400805961813648,131,21
7,1712,female,0.2246839950555121,0.48577767518210735,-0.023387092119035773,6.578860804463099e-06,0.023393670979840235,0.00028122396052553204,152,12
7,1712,male,0.1987312030075188,0.4706738651139126,-0.022550667187552123,7.518683929564969e-06,0.022558185871481687,0.0003333017988266899,133,12
7,1712,family,0.17710877055089097,0.4822544402376335,-0.011736654511074487,0.008411623334061612,0.0201482778451361,0.4174859706768803,119,12
7,1712,marriage,0.24042684937700481,0.4963891353642907,-0.015609980265500926,0.006217314070632662,0.021827294336133587,0.28484126225647144,161,12
7,1712,love,0.12952849731434124,0.48848586087579055,-0.007527323482274575,0.011505482632583159,0.019032806114857734,0.6045079512997841,87,12
7,1712,wealth,0.19255918490865861,0.5107703703703703,-0.0025125579005621027,0.016007743876097984,0.018520301776660086,0.8643349373176604,125,12
7,1712,emotion,0.1979214506383732,0.5028864851725815,0.018357902648214127,0.033065569164146054,0.014707666515931927,2.2481859461580758,121,12
7,1712,scandal,0.1097961918685603,0.5080569608394229,-0.004648979221450243,0.013902391600233327,0.01855137082168357,0.7493996930531014,72,12
7,1712,duty,0.12729618163054696,0.475841784989858,-0.007190982473925878,0.01177619350132938,0.018967175975255258,0.6208722645939402,85,12
7,1712,class,0.14775596398403418,0.486044187457615,-0.009325420229749668,0.010110906850366658,0.019436327080116327,0.520206662923988,99,12
7,1712,society,0.19630305053082153,0.49912799839894784,-0.0034538183150045147,0.015274575960672354,0.01872839427567687,0.815583852786265,131,12
7,1723,female,0.22435304311271803,0.4864573714989227,-0.014858921175430917,0.006585439665267561,0.02144436084069848,0.3070942386150395,152,12
7,1723,male,0.19845992404338356,0.4869693029566397,-0.013152291076378816,0.007526202613494532,0.02067849368987335,0.36396280725303964,133,12
7,1723,family,0.18472722473771108,0.4804075476344385,-0.0015019392743983312,0.01681484344800928,0.01831678272240761,0.9180020149783754,119,12
7,1723,marriage,0.2501771715349416,0.5098836636103716,0.0007804638911059723,0.018639520005962657,0.017859056114856685,1.0437012955803984,161,12
7,1723,love,0.12962578860945467,0.4682416577178539,-0.020751409945944523,1.1493988643939221e-05,0.02076290393458846,0.0005535829034125644,87,12
7,1723,wealth,0.1857866332497911,0.47902222222222224,-0.012364274895776765,0.008007871874050014,0.02037214676982678,0.3930794316442589,125,12
7,1723,emotion,0.18783566730500179,0.4805086290714633,0.00825534790280548,0.024801242954661906,0.016545895051856427,1.4989363147435355,121,12
7,1723,scandal,0.10848492759676971,0.48657953906689155,-0.004648979221450243,0.013902391600233327,0.01855137082168357,0.7493996930531014,72,12
7,1723,duty,0.12956167463960783,0.4955375253549696,-0.007190982473925878,0.01177619350132938,0.018967175975255258,0.6208722645939402,85,12
7,1723,class,0.14630537421235096,0.4843130956205161,-0.009325420229749668,0.010110906850366658,0.019436327080116327,0.520206662923988,99,12
7,1723,society,0.19399598732664222,0.48681991022672044,-0.012959941722069789,0.007641104715958534,0.020601046438028323,0.37090857197829497,131,12
7,1770,female,0.20514769051255866,0.39385195444752236,-0.08625246593663813,0.01316430046973066,0.09941676640636879,0.1324152951805815,152,53
7,1770,male,0.1943612896928414,0.44139719599751254,-0.005634285521760984,0.07519435797957924,0.08082864350134022,0.9302934544163436,133,53
7,1770,family,0.18806334383391465,0.45021854895804475,0.025753913060495168,0.10084704458748592,0.07509313152699075,1.3429596360606624,119,53
7,1770,marriage,0.23223499760088645,0.49351153504880213,-0.03139708717524979,0.05590613781195264,0.08730322498720243,0.6403673841316563,161,53
7,1770,love,0.1770514719539244,0.5834327645865648,0.08022770347280497,0.1494333463598538,0.06920564288704883,2.1592653449023813,87,53
7,1770,wealth,0.2336050615926042,0.5781333333333333,0.029930684326964774,0.10400633589862562,0.07407565157166085,1.4040556335384473,125,53
7,1770,emotion,0.20471866917740233,0.565188988818668,0.0036058611477614577,0.08265152642105089,0.07904566527328943,1.0456174432114533,121,53
7,1770,scandal,0.10538366462648445,0.5102468615326963,0.0040854779440226835,0.08334490708591429,0.0792594291418916,1.0515456392659255,72,53
7,1770,duty,0.15392932534586146,0.5860547667342799,0.01653953351631368,0.09412719700712924,0.07758766349081556,1.213172207680392,85,53
7,1770,class,0.1957529312376351,0.6023842666952207,0.02504493147269446,0.10101816124926769,0.07597322977657323,1.3296546894875798,99,53
7,1770,society,0.1926871040733151,0.5146381908111044,-0.032701939936087686,0.05344193218424146,0.08614387212032915,0.6203799628251129,131,53
7,1773,female,0.21599721650302556,0.4353390786908793,-0.05628188346247394,0.01974316127419376,0.0760250447366677,0.25969285966643735,152,42
7,1773,male,0.6527723618134995,0.7845977726270564,0.3063919879223033,0.3082735597960933,0.001881571873789948,163.8383119595194,133,42
7,1773,family,0.2439530262562851,0.5603472158094006,0.06636978988386084,0.11765348481538125,0.05128369493152041,2.2941694230532894,119,42
7,1773,marriage,0.2284834527455663,0.4394409937888199,-0.05874310942804753,0.018639520005962657,0.07738262943401018,0.24087473044085508,161,42
7,1773,love,0.1260379239729493,0.48084954062761004,-0.04620617161052645,0.02299947127652238,0.06920564288704883,0.33233520153447155,87,42
7,1773,wealth,0.17924784363286314,0.5003851851851852,-0.038364473705133545,0.03200748788019392,0.07037196158532746,0.45483296413344027,125,42
7,1773,emotion,0.17458760446799673,0.4876792659212445,-0.016583843938703595,0.049594221583114335,0.06617806552181793,0.7494057312088466,121,42
7,1773,scandal,0.10571655491745657,0.5009368559115608,-0.008514513670197683,0.05556790089164191,0.06408241456183959,0.8671318219002453,72,42
7,1773,duty,0.12113072637996125,0.47947261663286,-0.04542638098847017,0.023540622573586505,0.06896700356205668,0.3413316710514074,85,42
7,1773,class,0.15706968019169715,0.5197558625120463,-0.002990845239744938,0.06061493707197835,0.06360578231172329,0.9529784064907779,99,42
7,1773,society,0.18518516374740196,0.4771421219658633,-0.050127259778482806,0.022908047205386174,0.07303530698386898,0.31365716324204845,131,42
7,1779,female,0.24000402203833193,0.5267069354673233,-0.015589851562468742,6.578860804463099e-06,0.015596430423273204,0.00042181836647853824,152,8
7,1779,male,0.24679413657343324,0.5431482842444457,0.04135835820592109,0.04511962226131938,0.0037612640553982882,11.995866704590009,133,8
7,1779,family,0.24415262117606215,0.5558608058608058,0.04676290216322023,0.05042772390379994,0.003664821740579705,13.759939080164726,119,8
7,1779,marriage,0.2512910960703396,0.49986443852903484,0.0005217182553563203,0.012428417038297659,0.011906698782941339,1.0438172044009348,161,8
7,1779,love,0.13082706766917293,0.4749134948096886,-0.013831018667021612,1.1493988643939221e-05,0.013842512655665551,0.000830339760491716,87,8
7,1779,wealth,0.1901931752458068,0.4832222222222222,-0.004956894923109998,0.008007871874050014,0.012964766797160012,0.6176641661758627,125,8
7,1779,emotion,0.18195488721804512,0.4733455882352941,-0.014699402189722443,8.26432620948414e-06,0.014707666515931927,0.0005619060100370096,121,8
7,1779,scandal,0.10827067669172932,0.47554806070826305,-0.013478477458569097,1.3888503097136193e-05,0.013492365961666234,0.0010293600941129288,72,8
7,1779,duty,0.12781954887218044,0.475,-0.01378301558892768,1.1764429072257124e-05,0.013794780017999938,0.0008528174466032547,85,8
7,1779,class,0.1477425325378542,0.4801013670271621,-0.014125891646279167,1.0100806044322337e-05,0.01413599245232349,0.0007145452346324331,99,8
7,1779,society,0.19699248120300752,0.47284644194756553,-0.014975456479729253,7.63347124471382e-06,0.014983089950973966,0.0005094724298647182,131,8
7,1790,female,0.22634876665347578,0.47328665230327277,-0.021437781979894016,6.578860804463099e-06,0.02144436084069848,0.0003067874511638756,152,11
7,1790,male,0.19718151426733227,0.4799592967380858,-0.020670975005943785,7.518683929564969e-06,0.02067849368987335,0.0003635992080449947,133,11
7,1790,family,0.18590734539429807,0.4827623357035121,0.00032955584833015486,0.01681484344800928,0.016485287599679124,1.0199909067595871,119,11
7,1790,marriage,0.2616191024563891,0.5257690032534753,0.019155027158351316,0.031061725941292653,0.011906698782941339,2.6087605393348703,161,11
7,1790,love,0.12935895773917552,0.48190351191186415,-0.019021312126213795,1.1493988643939221e-05,0.019032806114857734,0.0006039040472525317,87,11
7,1790,wealth,0.18734857433438667,0.49125925925925934,-0.0006607129073954096,0.016007743876097984,0.016668456783493393,0.960361482953235,125,11
7,1790,emotion,0.1844570102943309,0.4774398395721925,-8.978306678661396e-06,0.016536916745177765,0.016545895051856427,0.9994573694774457,121,11
7,1790,scandal,0.11637139162871335,0.5163012928611579,0.01261219378236417,0.027790894697369516,0.015178700915005346,1.8309139135922432,72,11
7,1790,duty,0.13067451151389445,0.5092494929006085,-0.005466850488174106,0.01177619350132938,0.017243043989503486,0.682953282947898,85,11
7,1790,class,0.14678658306109285,0.49150515758289615,-0.019426226274072003,1.0100806044322337e-05,0.019436327080116327,0.0005196869759480399,99,11
7,1790,society,0.2001816083247284,0.5088057866598049,-0.001581166152653064,0.015274575960672354,0.01685574211332542,0.9061942130504443,131,11
7,1798,female,0.3952462501538884,0.6112137067815737,0.1315818456399273,0.13158379495006645,1.949310139141758e-06,67502.71534794601,152,20
7,1798,male,0.19273842000907201,0.4798462321216575,-0.02818982852924554,0.007526202613494532,0.03571603114274007,0.21072337469986907,133,20
7,1798,family,0.17331846220535693,0.49058084772370486,-0.03662333072957855,8.403220113947665e-06,0.0366317339496925,0.00022939727956254193,119,20
7,1798,marriage,0.23892293309851118,0.4971778566499064,0.0012979551626052695,0.031061725941292653,0.029763770778687384,1.0436085592518767,161,20
7,1798,love,0.1371378218565811,0.5160680905222129,0.005080066887219497,0.0344934599204616,0.029413393033242103,1.172712712209212,87,20
7,1798,wealth,0.18633069232530639,0.5167703703703704,-0.027179034841110304,0.008007871874050014,0.03518690671516032,0.22758101297867805,125,20
7,1798,emotion,0.1942283407904461,0.5309613514827418,0.013754629106226764,0.041329895373630195,0.02757526626740343,1.4988031292733965,121,20
7,1798,scandal,0.10442858227751634,0.482527637249391,-0.033714496898638445,1.3888503097136193e-05,0.03372838540173558,0.0004117749169223425,72,20
7,1798,duty,0.14485878672744829,0.5456186612576065,0.0059930837560777245,0.035305051645843626,0.0293119678897659,1.2044585944352688,85,20
7,1798,class,0.1470826183777223,0.5068708284255987,-0.023459645903863898,0.010110906850366658,0.033570552754230557,0.30118380606024725,99,20
7,1798,society,0.19462214420350252,0.4875775509620607,0.000577211200314412,0.0305415184501,0.029964307249785587,1.0192632919721272,131,20
7,1804,female,0.21759655505184808,0.45614035087719307,-0.003163060340580371,0.006585439665267561,0.009748500005847932,0.6755336370356005,152,6
7,1804,male,0.18858610581125207,0.47491378822997343,-0.011272514097902083,7.518683929564969e-06,0.011280032781831649,0.0006665480565808727,133,6
7,1804,family,0.17398379234665656,0.47114230307507615,-0.000747683774703559,0.008411623334061612,0.00915930710876517,0.9183689588368078,119,6
7,1804,marriage,0.26118937060686737,0.5431455190771961,-0.003705265601670226,0.006217314070632662,0.009922579672302888,0.6265824286965015,161,6
7,1804,love,0.1427493253890495,0.532673109811876,0.002853263436109789,0.011505482632583159,0.00865221919647337,1.329772439877968,87,6
7,1804,wealth,0.1813392232273011,0.492637037037037,-0.01110492193199127,7.999872002047968e-06,0.01111292180399332,0.0007198711682154931,125,6
7,1804,emotion,0.18922468715803176,0.5035549343704424,0.009182164372943839,0.016536916745177765,0.007354752372233927,2.2484668287895584,121,6
7,1804,scandal,0.10385202371615812,0.49105302604459433,-0.010105807551890875,1.3888503097136193e-05,0.010119696054988012,0.001372422948307633,72,6
7,1804,duty,0.15474233844338614,0.5116430020283975,0.01664237049859366,0.023540622573586505,0.006898252074992846,3.412548905760068,85,6
7,1804,class,0.1469992443314061,0.49138023342970333,-0.010592335227750613,1.0100806044322337e-05,0.010602436033794935,0.0009526872891450271,99,6
7,1804,society,0.20141739538409906,0.4821168196243245,-0.0017240287479610783,0.007641104715958534,0.009365133463919612,0.8159098580475086,131,6
7,1828,female,0.21944286634237226,0.4686185492972197,-0.04994650367998256,0.006585439665267561,0.05653194334525012,0.11649059408647389,152,30
7,1828,male,0.19516870278148474,0.4443015433320142,-0.056385126456502246,7.518683929564969e-06,0.05639264514043181,0.0001333273853480048,133,30
7,1828,family,0.1884397463961143,0.4859020531289439,0.006470009463193489,0.05042772390379994,0.04395771444060645,1.147187121632274,119,30
7,1828,marriage,0.2324014112355957,0.47359016070196197,-0.034933680100386125,0.018639520005962657,0.053573200106348785,0.3479262013210561,161,30
7,1828,love,0.13143550025063472,0.5164061567832,-0.03866908423742768,0.011505482632583159,0.05017456687001084,0.22930905735891138,87,30
7,1828,wealth,0.19569963063541115,0.5022962962962964,0.003561100203296072,0.048007231884289854,0.04444613168099378,1.0801217129035048,125,30
7,1828,emotion,0.19570526851497824,0.5203117403986387,0.03578256272861632,0.07438720021156675,0.038604637482950434,1.926898037638422,121,30
7,1828,scandal,0.1065962778893638,0.4878911373430767,-0.01942817033107896,0.027790894697369516,0.04721906502844848,0.5885524137345275,72,30
7,1828,duty,0.14050311003542298,0.5127180527383367,0.0022403249565688954,0.047069480718100756,0.04482915576153186,1.0499747300046494,85,30
7,1828,class,0.15262455869643307,0.5088160759538851,0.006342909017839786,0.05051413102765601,0.04417122200981623,1.1435982236417774,99,30
7,1828,society,0.19365255626787792,0.4651342310661292,-0.018149310423200105,0.0305415184501,0.048690828873300104,0.6272540261934288,131,30
7,1830,female,0.30739758305219067,0.5540743305632502,0.09503094039793195,0.2763187326482546,0.18128779225032263,1.5241993364075435,152,135
7,1830,male,0.28164013108432573,0.6151068460625246,0.1785724955885942,0.3458669794439181,0.1672944838553239,2.067414127897702,133,135
7,1830,family,0.26708842437883457,0.6192784806230185,0.21331691580707215,0.37815330834775884,0.1648363925406867,2.294112983891739,119,135
7,1830,marriage,0.25629178635548056,0.5377600315488514,0.01898091978828695,0.21739481497124258,0.19841389518295563,1.0956632587132527,161,135
7,1830,love,0.11485832234763727,0.34342560553633217,-0.1674330094544743,0.05748143720834004,0.22491444666281435,0.2555702315301208,87,135
7,1830,wealth,0.16067908952414353,0.39951851851851855,-0.16132747309356266,0.07200684789043375,0.2333343209839964,0.3085994704356581,125,135
7,1830,emotion,0.1579478357142653,0.35693667963052983,-0.18753909777968217,0.049594221583114335,0.2371333193627965,0.20914067123156865,121,135
7,1830,scandal,0.0922112350389094,0.3982457373056024,-0.1653436643307351,0.05556790089164191,0.220911565222377,0.2515391208036295,72,135
7,1830,duty,0.11503267368503436,0.4084989858012171,-0.11135072825732285,0.10589162607938636,0.21724235433670921,0.4874354561393443,85,135
7,1830,class,0.12924540003209667,0.39648249277224545,-0.14356605019414959,0.08081654916062302,0.22438259935477262,0.3601729786206966,99,135
7,1830,society,0.1807565152754692,0.49030076907682185,-0.10070430658531929,0.12214317338666586,0.22284747997198515,0.5481021073313136,131,135
7,1832,female,0.2325640881015795,0.49156150610444244,0.009507211903279723,0.03290088288311996,0.023393670979840235,1.4064010265881859,152,17
7,1832,male,0.2731135859532688,0.556546441291198,0.05263625690496595,0.06767567405001428,0.015039417145048327,4.4998867571005805,133,17
7,1832,family,0.17268442608073337,0.4345430479884262,-0.02089413012471693,0.008411623334061612,0.029305753458778543,0.2870297583580769,119,17
7,1832,marriage,0.23601042505168363,0.49546485260770984,-0.009140131662086277,0.018639520005962657,0.027779651668048935,0.6709774560179286,161,17
7,1832,love,0.12547648585988355,0.47583820546474165,-0.029401899044598164,1.1493988643939221e-05,0.029413393033242103,0.0003907739794099341,87,17
7,1832,wealth,0.17644897320695332,0.4618814814814815,-0.03147521685682489,7.999872002047968e-06,0.03148321672882694,0.00025409957536101944,125,17
7,1832,emotion,0.17276994557910944,0.48088842975206614,-0.03124345901304295,8.26432620948414e-06,0.031251723339252434,0.0002644438554477932,121,17
7,1832,scandal,0.1071729655732034,0.4784288926363125,-0.028655492038621107,1.3888503097136193e-05,0.028669380541718244,0.00048443680450095195,72,17
7,1832,duty,0.12995391303791037,0.4994929006085193,-0.002323081344675848,0.023540622573586505,0.025863703918262353,0.9101798662354119,85,17
7,1832,class,0.14881725644238816,0.4924510118856409,-0.018159311276071063,0.010110906850366658,0.02827021812643772,0.3576522404173987,99,17
7,1832,society,0.18734372638873617,0.45680018297738517,-0.022323202533827052,0.007641104715958534,0.029964307249785587,0.25500688709425123,131,17
7,1833,female,0.24875407821826906,0.5260593002975275,0.008776281516241897,0.02632202207865686,0.017545740562414962,1.5001944194673396,152,13
7,1833,male,0.2225433645086225,0.5237577025269942,0.041358273409052695,0.052638306190884346,0.011280032781831649,4.66650294412269,133,13
7,1833,family,0.18175910226345643,0.5081417182257518,0.006901280839549332,0.02521806356195694,0.01831678272240761,1.3767736366567238,119,13
7,1833,marriage,0.24256215071841092,0.4949719018042,0.006991566858770972,0.024850622973627657,0.017859056114856685,1.391485799272634,161,13
7,1833,love,0.12927913653866466,0.4869745058266714,-0.02248150776567525,1.1493988643939221e-05,0.02249300175431919,0.0005110028785384814,87,13
7,1833,wealth,0.18796992481203006,0.4722222222222222,-0.024067836884158113,7.999872002047968e-06,0.024075836756160162,0.0003322780463557016,125,13
7,1833,emotion,0.18257213281136728,0.48266589693728723,-0.013787990123936306,0.008272590535693625,0.02206058065962993,0.37499423351340766,121,13
7,1833,scandal,0.10827067669172932,0.47470489038785835,-0.021910152225264656,1.3888503097136193e-05,0.021924040728361793,0.0006334828177241981,72,13
7,1833,duty,0.12710010319917442,0.48089249492900604,-0.022403675517686548,1.1764429072257124e-05,0.022415439946758806,0.0005248359657305492,85,13
7,1833,class,0.14808466387413755,0.4854374129992504,-0.011092198439013944,0.010110906850366658,0.021203105289380603,0.47685971992761655,99,13
7,1833,society,0.19494311768317393,0.48606226949138,-0.01483259388442124,0.007641104715958534,0.022473698600379774,0.3400020998541561,131,13
7,1849,female,0.23359910192147035,0.49363906843131217,-0.0053563388228165185,0.03947974368758306,0.044836082510399576,0.8805350841600698,152,29
7,1849,male,0.20692072022121286,0.4941630391768896,0.011283198503319256,0.052638306190884346,0.04135510768756509,1.2728368787548612,133,29
7,1849,family,0.176709812781737,0.47145011850894203,-0.042872071597458795,0.008411623334061612,0.05128369493152041,0.16402139793417203,119,29
7,1849,marriage,0.2392091605737934,0.4948609878734102,-0.016559116833140784,0.031061725941292653,0.04762084277443344,0.6522716552449745,161,29
7,1849,love,0.13047273355803302,0.47050869029153247,-0.03693898641769695,0.011505482632583159,0.04844446905028011,0.23749837407453503,87,29
7,1849,wealth,0.19466076957098627,0.4809037037037037,-0.03399392278439587,0.016007743876097984,0.050001666660493854,0.32014420608154454,125,29
7,1849,emotion,0.17948447718490734,0.49617160913952363,-0.0027894277170937426,0.041329895373630195,0.04411932309072394,0.9367753736317638,121,29
7,1849,scandal,0.10712304264935844,0.471964586846543,-0.048891511478690454,1.3888503097136193e-05,0.04890539998178759,0.00028398710780454294,72,29
7,1849,duty,0.23034404561726546,0.5932657200811359,0.15233862858041855,0.17647820051292912,0.024139571932510578,7.310742750493513,85,29
7,1849,class,0.14887218045112782,0.4628975265017668,-0.05122823404082902,1.0100806044322337e-05,0.05123833484687334,0.00019713376857994388,99,29
7,1849,society,0.19340129185767066,0.4790719615747492,-0.04479502848204448,0.007641104715958534,0.05243613319800301,0.14572212422604452,131,29
7,1854,female,0.2166224344050656,0.48528393351800553,-0.02728571239731929,6.578860804463099e-06,0.02729229125812375,0.0002410519784506477,152,14
7,1854,male,0.18458454838856267,0.4160848549946294,-0.026310051550768803,7.518683929564969e-06,0.026317570234698367,0.0002856906569348214,133,14
7,1854,family,0.1651717529459018,0.43704404838858624,-0.015399644756531463,0.008411623334061612,0.023811268090593075,0.35326230008856446,119,14
7,1854,marriage,0.23278225978525977,0.4893152913339249,0.005007447748132523,0.024850622973627657,0.019843175225495134,1.2523511328190282,161,14
7,1854,love,0.11911841207839777,0.42660979198981824,-0.024211605585405978,1.1493988643939221e-05,0.024223099574049917,0.000474505279901428,87,14
7,1854,wealth,0.1774641862502175,0.47119259259259255,-0.016067964882110146,0.008007871874050014,0.024075836756160162,0.33261032440205723,125,14
7,1854,emotion,0.1839456445806697,0.4708009236752553,-0.015626218659860806,0.008272590535693625,0.02389880919555443,0.34615074197447093,121,14
7,1854,scandal,0.10558059197912854,0.49937933295859094,-0.008021649128128467,0.013902391600233327,0.021924040728361793,0.6341163005419223,72,14
7,1854,duty,0.12300268941693136,0.4930831643002029,-0.010639246445429426,0.01177619350132938,0.022415439946758806,0.5253608016962797,85,14
7,1854,class,0.1827116538390544,0.5605079059142662,0.034611360366068246,0.05051413102765601,0.015902770661587767,3.1764358613617922,99,14
7,1854,society,0.3188347685405137,0.6612273779912513,0.030825370988553674,0.04580846093952764,0.014983089950973966,3.057344051618174,131,14
7,1891,female,0.22762515262515262,0.49042654149994863,-0.00974192114504347,6.578860804463099e-06,0.009748500005847932,0.0006748587782573433,152,5
7,1891,male,0.19832010607446637,0.4969260557408559,-0.009392821916293743,7.518683929564969e-06,0.009400340600223309,0.0007998310112919236,133,5
7,1891,family,0.19235489229392297,0.5248407055129743,-0.009150903888651222,8.403220113947665e-06,0.00915930710876517,0.0009174515073294785,119,5
7,1891,marriage,0.24035192496290894,0.4853162279404516,-0.009916368569335223,6.211102967664998e-06,0.009922579672302888,0.0006259564722242773,161,5
7,1891,love,0.14547287759628957,0.5001988625064631,0.017807447719510466,0.02299947127652238,0.005192023557011914,4.429770208001356,87,5
7,1891,wealth,0.19316454773296876,0.5033777777777778,0.010450357051604742,0.016007743876097984,0.005557386824493243,2.880444420868116,125,5
7,1891,emotion,0.1808446736676402,0.4837749149246475,-0.009184716581948943,8.26432620948414e-06,0.009192980908158427,0.0008989822007843917,121,5
7,1891,scandal,0.13892577912171733,0.5351203859846356,0.007155365451923539,0.013902391600233327,0.006747026148309788,2.0605213752810965,72,5
7,1891,duty,0.12745017624274588,0.49362068965517236,-0.008610619631672362,1.1764429072257124e-05,0.00862238406074462,0.0013644055968758083,85,5
7,1891,class,0.15235310498468393,0.4974836706285469,0.0030420272351002805,0.010110906850366658,0.007068879615266378,1.430340789380568,99,5
7,1891,society,0.19930551569764107,0.4833604940389398,0.00014862341439037408,0.007641104715958534,0.00749248130156816,1.0198363409114455,131,5
7,1902,female,0.18401025922129974,0.4073945829485996,-0.15545321953673188,0.03947974368758306,0.19493296322431494,0.20252984941264168,152,106
7,1902,male,0.16465803968338816,0.3973867940528012,-0.11465634725817632,0.06767567405001428,0.1823320213081906,0.3711672451393102,133,106
7,1902,family,0.14552761526835628,0.4053775356296364,-0.12248890462749548,0.058830944017747605,0.1813198486452431,0.32445948117090806,119,106
7,1902,marriage,0.23624816833603762,0.48635758651286604,-0.030017513021142833,0.1366504763915976,0.16666798941274044,0.8198963512565891,161,106
7,1902,love,0.17845414302448537,0.5877281947261663,0.08110112427276603,0.22989126686742836,0.14879014259466233,1.5450705460519556,87,106
7,1902,wealth,0.18076672836969565,0.4681777777777778,-0.018958515334796616,0.14400569590886547,0.1629642112436621,0.8836645470131246,125,106
7,1902,emotion,0.21180592011491745,0.5763551288283909,0.05771806992489256,0.20661641956331303,0.14889834963842047,1.3876340474133222,121,106
7,1902,scandal,0.09939967877229655,0.5054454749859472,-0.10086511263342555,0.0694564039887781,0.17032151662220366,0.4077958285354755,72,106
7,1902,duty,0.15016335520733087,0.5838539553752535,0.006091904619523053,0.16471377144067198,0.15862186682114893,1.038405200623149,85,106
7,1902,class,0.18361194494715277,0.5805850019630938,0.0738166974247271,0.22222783378113575,0.14841113635640865,1.4973797737520131,99,106
7,1902,society,0.22023117902331676,0.5571446950853418,0.03915771678646027,0.19084441458909024,0.15168669780262997,1.2581486534577535,131,106
7,1938,female,0.22741392956074397,0.4788524674258746,-0.00974192114504347,6.578860804463099e-06,0.009748500005847932,0.0006748587782573433,152,5
7,1938,male,0.2,0.4755639097744361,-0.009392821916293743,7.518683929564969e-06,0.009400340600223309,0.0007998310112919236,133,5
7,1938,family,0.17679591134699493,0.4912118693631299,-0.009150903888651222,8.403220113947665e-06,0.00915930710876517,0.0009174515073294785,119,5
7,1938,marriage,0.2454069957502452,0.4908187912846298,0.0064740755872716715,0.012428417038297659,0.0059543414510259875,2.0872865854995335,161,5
7,1938,love,0.14105389468365873,0.5170822893051744,0.0045833612558405165,0.011505482632583159,0.006922121376742642,1.6621324597944547,87,5
7,1938,wealth,0.18948616295984716,0.5053185185185185,-0.00925307693882458,7.999872002047968e-06,0.009261076810826628,0.0008638166127541378,125,5
7,1938,emotion,0.1826400075203903,0.5060920029168692,-0.009184716581948943,8.26432620948414e-06,0.009192980908158427,0.0008989822007843917,121,5
7,1938,scandal,0.10827067669172932,0.47807757166947723,-0.008419472598551763,1.3888503097136193e-05,0.0084333611016489,0.0016468526519958745,72,5
7,1938,duty,0.14758133052084416,0.5181744421906694,0.01836650248434543,0.023540622573586505,0.005174120089241072,4.549686161708261,85,5
7,1938,class,0.16352888649539368,0.5244672877181712,0.0030420272351002805,0.010110906850366658,0.007068879615266378,1.430340789380568,99,5
7,1938,society,0.2010697323195846,0.5133945163964893,-0.009357499992674899,7.63347124471382e-06,0.009365133463919612,0.0008150947632842244,131,5
7,1955,female,0.3031257368684091,0.5539396737457678,0.03752848423830216,0.03947974368758306,0.0019512594492808995,20.232954506331605,152,7
7,1955,male,0.1948972960031552,0.48555599525128607,-0.013152206279510423,7.518683929564969e-06,0.013159724963439989,0.0005713405067265345,133,7
7,1955,family,0.17559451954343444,0.4817927170868347,-0.0025791788974320468,0.008411623334061612,0.010990802231493658,0.7653329717091208,119,7
7,1955,marriage,0.23667879745555184,0.47526619343389526,-0.005689384712308677,0.006217314070632662,0.011906698782941339,0.522169426089623,161,7
7,1955,love,0.13674857219791123,0.5311319253867876,-0.012100920847290886,1.1493988643939221e-05,0.012112414835934825,0.0009489427829775269,87,7
7,1955,wealth,0.1861523682744811,0.5125851851851853,-0.012956766925157964,7.999872002047968e-06,0.012964766797160012,0.0006170471190568061,125,7
7,1955,emotion,0.2166829505809119,0.5671563563441905,-0.002758618908389304,0.008272590535693625,0.011031209444082929,0.7499259783686787,121,7
7,1955,scandal,0.10685591689850937,0.4799161513959153,0.003782695545245315,0.013902391600233327,0.010119696054988012,1.3737953712559403,72,7
7,1955,duty,0.12632569803915322,0.4876673427991886,-0.012058883603175908,1.1764429072257124e-05,0.012070648032248166,0.0009746311084419351,85,7
7,1955,class,0.16094335982220317,0.5144733554627547,-0.000491529183428277,0.010110906850366658,0.010602436033794935,0.953639976434172,99,7
7,1955,society,0.19181413902168876,0.4675643994625039,-0.0035966809103125308,0.007641104715958534,0.011237785626271065,0.6799475421043484,131,7
7,1959,female,0.22571902862976304,0.5086565096952909,-0.0109603008971474,0.006585439665267561,0.017545740562414962,0.3753298210164475,152,10
7,1959,male,0.37930826640527354,0.6373452428062638,0.06579410217622433,0.06767567405001428,0.001881571873789948,35.96762630052033,133,10
7,1959,family,0.1785534187592563,0.5172222735247946,-0.01830837950229366,8.403220113947665e-06,0.01831678272240761,0.0004587716216783485,119,10
7,1959,marriage,0.23125643530136972,0.4708542837424824,-0.01983696412252747,6.211102967664998e-06,0.019843175225495134,0.00031300953082205157,161,10
7,1959,love,0.17228614777878493,0.552022431690729,0.022381045084526777,0.0344934599204616,0.012112414835934825,2.847777291715558,87,10
7,1959,wealth,0.17909468899220699,0.45911111111111114,-0.018512301904658038,7.999872002047968e-06,0.018520301776660086,0.000431951492912374,125,10
7,1959,emotion,0.1797764508284961,0.506456611570248,-0.018375859261571443,8.26432620948414e-06,0.018384123587780927,0.0004495360450322211,121,10
7,1959,scandal,0.1048666563135693,0.46252576353756797,-0.001276309314772019,0.013902391600233327,0.015178700915005346,0.9159144565246554,72,10
7,1959,duty,0.12995659067531973,0.5146247464503043,-0.003742718502422332,0.01177619350132938,0.015518912003751712,0.7588285504630509,85,10
7,1959,class,0.14108177987027493,0.45659777991933465,-0.017659448064807723,1.0100806044322337e-05,0.017669548870852047,0.0005716504771897786,99,10
7,1959,society,0.18668516736551624,0.45479886782742945,-0.018720760804432156,7.63347124471382e-06,0.01872839427567687,0.000407588132326969,131,10
7,1964,female,0.22870343608952612,0.49773007079101267,-0.002188648931570829,0.03290088288311996,0.03508953181469079,0.9376267274221042,152,23
7,1964,male,0.20256657686998245,0.48073661597603035,-0.005633776740550631,0.03008225440218944,0.03571603114274007,0.8422619602139624,133,23
7,1964,family,0.17884416924664603,0.4632622279681103,-0.031883100861087865,0.008411623334061612,0.04029472419514948,0.2087524732298681,119,23
7,1964,marriage,0.24188971621858932,0.499322192645174,0.0035408199089933673,0.03727282890895765,0.033732008999964286,1.1049691380045625,161,23
7,1964,love,0.12907255608950202,0.4731933341287833,-0.026558399499312588,0.011505482632583159,0.038063882131895745,0.302267713850444,87,23
7,1964,wealth,0.186091305186042,0.48681481481481487,-0.013031135830181059,0.02400761587814595,0.03703875170832701,0.6481756206729941,125,23
7,1964,emotion,0.17995543545782777,0.47798675255226053,-0.02206772073777267,0.016536916745177765,0.038604637482950434,0.42836606747189004,121,23
7,1964,scandal,0.10636488479737907,0.48402660670788833,-0.023198663708180474,0.013902391600233327,0.0371010553084138,0.37471687757371736,72,23
7,1964,duty,0.1265704496029425,0.5061663286004057,-0.03964499537520429,1.1764429072257124e-05,0.03965675980427654,0.00029665633627212794,85,23
7,1964,class,0.16004985039829703,0.5011421636863332,0.006842772229103115,0.04041332498333367,0.033570552754230557,1.2038325754715777,99,23
7,1964,society,0.20287696076199976,0.4808445549932813,-0.024052992100870495,0.015274575960672354,0.03932756806154285,0.388393605635139,131,23
7,1967,female,0.22857142857142856,0.48830409356725146,-0.013640541423326985,6.578860804463099e-06,0.013647120284131448,0.00048206952580543853,152,7
7,1967,male,0.2,0.4887218045112782,-0.013152206279510423,7.518683929564969e-06,0.013159724963439989,0.0005713405067265345,133,7
7,1967,family,0.18584697036709422,0.4942130698433219,-0.0025791788974320468,0.008411623334061612,0.010990802231493658,0.7653329717091208,119,7
7,1967,marriage,0.2642332822457046,0.5248816918071577,0.027091503600905113,0.031061725941292653,0.003970222340387538,7.823674159880175,161,7
7,1967,love,0.13036824035009154,0.49614206737461725,-0.012100920847290886,1.1493988643939221e-05,0.012112414835934825,0.0009489427829775269,87,7
7,1967,wealth,0.18806616541353383,0.4938370370370371,-0.003105049929943305,0.008007871874050014,0.01111292180399332,0.7205910393837085,125,7
7,1967,emotion,0.1885892416992896,0.49919482255712194,0.007343935837019339,0.016536916745177765,0.009192980908158427,1.7988633837695678,121,7
7,1967,scandal,0.10827067669172932,0.48988195615514335,-0.011792142505229987,1.3888503097136193e-05,0.011806031008327124,0.0011763905317683692,72,7
7,1967,duty,0.12762297901616787,0.49634888438133873,-0.012058883603175908,1.1764429072257124e-05,0.012070648032248166,0.0009746311084419351,85,7
7,1967,class,0.14887218045112782,0.48939929328621906,-0.012359113437014891,1.0100806044322337e-05,0.012369214243059213,0.0008166085448130736,99,7
7,1967,society,0.19699248120300752,0.4887640449438202,-0.013102804317377804,7.63347124471382e-06,0.013110437788622517,0.0005822438096427295,131,7
7,1976,female,0.2267999489755388,0.49281189083820665,-0.01997592120581837,0.01316430046973066,0.03314022167554903,0.39723030818004745,152,19
7,1976,male,0.19942324755989355,0.4869410368025326,-0.016911760236463888,0.0150448865430595,0.03195664677952339,0.4707905258767295,133,19
7,1976,family,0.17884416924664603,0.4786991719764829,-0.024557120370173907,0.008411623334061612,0.03296874370423552,0.25513933467612915,119,19
7,1976,marriage,0.24813743070959002,0.5082692497288771,0.019672518429850617,0.04348393187662265,0.023811413446772036,1.8261802043797328,161,19
7,1976,love,0.1297338173018754,0.4812671518911825,-0.03286209468405962,1.1493988643939221e-05,0.03287358867270356,0.00034964204115425833,87,19
7,1976,wealth,0.19039933166248954,0.49295555555555554,-0.005623755857514293,0.02400761587814595,0.029631371735660245,0.8102093987246455,125,19
7,1976,emotion,0.1813321447292739,0.4885907875546912,-0.014714806594074668,0.016536916745177765,0.031251723339252434,0.5291521547510343,121,19
7,1976,scandal,0.10763497284878865,0.48331225407532324,-0.016453323894824033,0.013902391600233327,0.030355715495057358,0.4579826689322803,72,19
7,1976,duty,0.12653752027126638,0.48828600405679506,-0.0192599063741883,0.01177619350132938,0.031036099875517677,0.37943535264362915,85,19
7,1976,class,0.150067317052963,0.49216547096405755,-0.021692867694599622,0.010110906850366658,0.03180377454496628,0.317915310201727,99,19
7,1976,society,0.20284681168570284,0.4873202390142093,-0.007056260044399413,0.022908047205386174,0.029964307249785587,0.7645111570128351,131,19
7,1989,female,0.2264364859517214,0.47912178106083925,-0.021437781979894016,6.578860804463099e-06,0.02144436084069848,0.0003067874511638756,152,11
7,1989,male,0.19974937343358395,0.4766380236305049,-0.011272598894770475,0.007526202613494532,0.018798801508265007,0.40035544871226164,133,11
7,1989,family,0.17718650213121687,0.4826238187582725,-0.02013987462502215,8.403220113947665e-06,0.0201482778451361,0.00041706890177510526,119,11
7,1989,marriage,0.25071016218645453,0.5033150941536035,0.010959805080047869,0.024850622973627657,0.013890817893579788,1.788996383238484,161,11
7,1989,love,0.1435441791521646,0.500656246271328,0.0074268608011261,0.02299947127652238,0.015572610475396279,1.476918164194959,87,11
7,1989,wealth,0.192030275689223,0.5066666666666667,0.00919100408781925,0.02400761587814595,0.014816611790326702,1.6203175338777147,125,11
7,1989,emotion,0.1801507581716368,0.49728062712688387,-0.010111533052087302,0.008272590535693625,0.018384123587780927,0.44998558107725334,121,11
7,1989,scandal,0.11139654692286272,0.48278527262507026,-0.0029626442681111326,0.013902391600233327,0.01686503586834446,0.8243321691063626,72,11
7,1989,duty,0.12941579188291744,0.5074036511156187,-0.005466850488174106,0.01177619350132938,0.017243043989503486,0.682953282947898,85,11
7,1989,class,0.14821017189438243,0.47949459256879756,-0.019426226274072003,1.0100806044322337e-05,0.019436327080116327,0.0005196869759480399,99,11
7,1989,society,0.19496045131176423,0.48120193269863054,-0.02059341296678361,7.63347124471382e-06,0.020601046438028323,0.00037053803394435065,131,11
7,2010,female,0.23832877648667122,0.5091053657535652,0.0034158004638827275,0.01316430046973066,0.009748500005847932,1.3503924152929438,152,7
7,2010,male,0.23085219917926686,0.526414721013059,0.03383967427635612,0.03760093833175441,0.0037612640553982882,9.996888750150745,133,7
7,2010,family,0.2257367319397395,0.5407393726721458,0.02812496681259642,0.03362128367590461,0.005496316863308193,6.1170570230827535,119,7
7,2010,marriage,0.2467009916094584,0.4996487725524993,0.0025058373659947713,0.012428417038297659,0.009922579672302888,1.2525389009207788,161,7
7,2010,love,0.13082706766917293,0.4852941176470588,-0.012100920847290886,1.1493988643939221e-05,0.012112414835934825,0.0009489427829775269,87,7
7,2010,wealth,0.18796992481203006,0.4842592592592593,-0.012956766925157964,7.999872002047968e-06,0.012964766797160012,0.0006170471190568061,125,7
7,2010,emotion,0.18195488721804512,0.484375,-0.012861173653797945,8.26432620948414e-06,0.012869437980007429,0.0006421668313473005,121,7
7,2010,scandal,0.10827067669172932,0.4856661045531197,-0.011792142505229987,1.3888503097136193e-05,0.011806031008327124,0.0011763905317683692,72,7
7,2010,duty,0.12781954887218044,0.4853448275862069,-0.012058883603175908,1.1764429072257124e-05,0.012070648032248166,0.0009746311084419351,85,7
7,2010,class,0.14887218045112782,0.48498233215547704,-0.012359113437014891,1.0100806044322337e-05,0.012369214243059213,0.0008166085448130736,99,7
7,2010,society,0.19593775638017363,0.4887211596191783,-0.013102804317377804,7.63347124471382e-06,0.013110437788622517,0.0005822438096427295,131,7
7,2022,female,0.25341905901116435,0.520531958551349,0.022421452490234202,0.02632202207865686,0.0039005695884226574,6.748250858037611,152,6
7,2022,male,0.20612244897959184,0.505667363898468,0.007524238124444532,0.0150448865430595,0.007520648418614969,2.000477313075851,133,6
7,2022,family,0.18493397358943575,0.5126512143318867,0.009487031461972596,0.01681484344800928,0.007327811986036682,2.294660872543632,119,6
7,2022,marriage,0.2410451594825573,0.490128660159716,-0.011900487679973674,6.211102967664998e-06,0.011906698782941339,0.0005216477783113119,161,6
7,2022,love,0.13082706766917293,0.48788927335640137,-0.010370823027560159,1.1493988643939221e-05,0.010382317016204097,0.0011070735583293227,87,6
7,2022,wealth,0.18856240601503757,0.4969037037037037,-0.0012532049367766137,0.008007871874050014,0.009261076810826628,0.8646804293668918,125,6
7,2022,emotion,0.18108685572800406,0.49210014584346135,-0.011022945117873445,8.26432620948414e-06,0.011031209444082929,0.0007491768015671116,121,6
7,2022,scandal,0.10827067669172932,0.4881956155143339,-0.010105807551890875,1.3888503097136193e-05,0.010119696054988012,0.001372422948307633,72,6
7,2022,duty,0.13808049535603717,0.4948073022312373,0.00315380944058476,0.01177619350132938,0.00862238406074462,1.3657700024726838,85,6
7,2022,class,0.14887218045112782,0.4876325088339223,-0.010592335227750613,1.0100806044322337e-05,0.010602436033794935,0.0009526872891450271,99,6
7,2022,society,0.19699248120300752,0.4868913857677903,-0.011230152155026351,7.63347124471382e-06,0.011237785626271065,0.0006792682738305178,131,6
7,2029,female,0.21209226111863932,0.4534856879039704,-0.022657623695365975,0.16447809897238194,0.18713572266774792,0.8789241125465252,152,121
7,2029,male,0.17936389368690112,0.42484029622929503,-0.05826634498174163,0.13534382941609902,0.19361017439784065,0.699053290129723,133,121
7,2029,family,0.1751474988955357,0.47560562686613106,-0.0169100333916328,0.16807280549906725,0.18498283889070005,0.9085859342739737,119,121
7,2029,marriage,0.24776477201020403,0.5221458148476781,0.01397769902401147,0.1925504031005826,0.17857270407657114,1.0782745554266773,161,121
7,2029,love,0.11040128052292335,0.42025613490832436,-0.15643572644191406,0.045987448564400825,0.20242317500631488,0.22718470136998392,87,121
7,2029,wealth,0.2058031748261487,0.49201481481481485,-0.017181039246653013,0.16800531191500936,0.18518635116166238,0.9072229722126677,125,121
7,2029,emotion,0.1624153456401301,0.401396147301896,-0.11129112454969595,0.09091585263053503,0.20220697718023098,0.4496177822244499,121,121
7,2029,scandal,0.11549777875218491,0.5459176503653738,-0.0327111086306604,0.15278742257159525,0.18549853120225565,0.8236583954628839,72,121
7,2029,duty,0.1257288697820147,0.5173123732251521,-0.0062815141087446125,0.17647820051292912,0.18275971462167373,0.9656296568271983,85,121
7,2029,class,0.1361443962283691,0.47453331905628726,-0.03575806548934338,0.1515221914708794,0.18728025696022277,0.8090665504706818,99,121
7,2029,society,0.2391898325446769,0.5424564713954885,0.05859855138651485,0.22901177081265933,0.17041321942614449,1.3438615359917372,131,121
7,2047,female,0.2276159147869674,0.4915294449574228,-0.00974192114504347,6.578860804463099e-06,0.009748500005847932,0.0006748587782573433,152,5
7,2047,male,0.2,0.48778195488721804,-0.009392821916293743,7.518683929564969e-06,0.009400340600223309,0.0007998310112919236,133,5
7,2047,family,0.19983447924624395,0.5137439591221106,0.021553241821377238,0.02521806356195694,0.003664821740579705,6.881116010593958,119,5
7,2047,marriage,0.24075405906069522,0.4951998915508232,-0.009916368569335223,6.211102967664998e-06,0.009922579672302888,0.0006259564722242773,161,5
7,2047,love,0.13134619464020553,0.5018792506860756,-0.008640725207829431,1.1493988643939221e-05,0.00865221919647337,0.0013284439958820863,87,5
7,2047,wealth,0.18708155002891846,0.49279999999999996,-0.00925307693882458,7.999872002047968e-06,0.009261076810826628,0.0008638166127541378,125,5
7,2047,emotion,0.18462582075022266,0.5032207097715119,0.0009178381634596978,0.008272590535693625,0.007354752372233927,1.1247952501840819,121,5
7,2047,scandal,0.11498538011695907,0.5046608581600149,0.007155365451923539,0.013902391600233327,0.006747026148309788,2.0605213752810965,72,5
7,2047,duty,0.12722076684924982,0.49541582150101415,-0.008610619631672362,1.1764429072257124e-05,0.00862238406074462,0.0013644055968758083,85,5
7,2047,class,0.1560661560661561,0.5121979512438877,0.0030420272351002805,0.010110906850366658,0.007068879615266378,1.430340789380568,99,5
7,2047,society,0.19805620922535347,0.49737684764273665,0.00014862341439037408,0.007641104715958534,0.00749248130156816,1.0198363409114455,131,5
7,2050,female,0.22706478821786588,0.48388606750795116,-0.0012137502014386136,0.006585439665267561,0.0077991898667061745,0.8443748359731122,152,5
7,2050,male,0.20343435764323725,0.5109814008705975,5.554194879563504e-06,0.007526202613494532,0.007520648418614969,1.0007385259314978,133,5
7,2050,family,0.1912921798338999,0.5391387324160434,-0.009150903888651222,8.403220113947665e-06,0.00915930710876517,0.0009174515073294785,119,5
7,2050,marriage,0.23311618636048553,0.4666580400276052,-0.009916368569335223,6.211102967664998e-06,0.009922579672302888,0.0006259564722242773,161,5
7,2050,love,0.12683065000051028,0.47521178856938306,-0.008640725207829431,1.1493988643939221e-05,0.00865221919647337,0.0013284439958820863,87,5
7,2050,wealth,0.18570646833636317,0.48071851851851854,0.0005986400563900785,0.008007871874050014,0.007409231817659936,1.0807965076598656,125,5
7,2050,emotion,0.18828727183988336,0.513725996596986,-0.009184716581948943,8.26432620948414e-06,0.009192980908158427,0.0008989822007843917,121,5
7,2050,scandal,0.10997338723256374,0.5216999250515271,-0.008419472598551763,1.3888503097136193e-05,0.0084333611016489,0.0016468526519958745,72,5
7,2050,duty,0.14298504369627668,0.5384787018255578,-0.008610619631672362,1.1764429072257124e-05,0.00862238406074462,0.0013644055968758083,85,5
7,2050,class,0.1574803783256734,0.48375093693114896,0.0030420272351002805,0.010110906850366658,0.007068879615266378,1.430340789380568,99,5
7,2050,society,0.19759269687269143,0.5020156102581697,0.00014862341439037408,0.007641104715958534,0.00749248130156816,1.0198363409114455,131,5
7,2071,female,0.2277843045112782,0.49080486303478005,-0.003163060340580371,0.006585439665267561,0.009748500005847932,0.6755336370356005,152,6
7,2071,male,0.20818152099616632,0.503045678105037,0.01692261423561784,0.02256357047262447,0.005640956237006628,3.99995488718733,133,6
7,2071,family,0.177843769086582,0.480284421460892,-0.01098239901137971,8.403220113947665e-06,0.010990802231493658,0.0007645684033058152,119,6
7,2071,marriage,0.2390681252809399,0.4893091294488811,-0.011900487679973674,6.211102967664998e-06,0.011906698782941339,0.0005216477783113119,161,6
7,2071,love,0.1515318044943325,0.5169331424253272,0.029301436363449687,0.0344934599204616,0.005192023557011914,6.643548422894588,87,6
7,2071,wealth,0.1998455943781021,0.5046,0.008598512058438049,0.016007743876097984,0.007409231817659936,2.160513298528863,125,6
7,2071,emotion,0.18251724352202822,0.48038709285367037,-0.0009203903724648022,0.008272590535693625,0.009192980908158427,0.899881182985176,121,6
7,2071,scandal,0.10827067669172932,0.4772344013490725,-0.010105807551890875,1.3888503097136193e-05,0.010119696054988012,0.001372422948307633,72,6
7,2071,duty,0.1379948474466777,0.5300709939148074,-0.010334751617424136,1.1764429072257124e-05,0.010346516046496394,0.0011370425579249773,85,6
7,2071,class,0.1570864450689012,0.5232269693400435,-0.010592335227750613,1.0100806044322337e-05,0.010602436033794935,0.0009526872891450271,99,6
7,2071,society,0.1973690587792637,0.49387454613031423,-0.011230152155026351,7.63347124471382e-06,0.011237785626271065,0.0006792682738305178,131,6
7,2072,female,0.21678038909067807,0.490407304811737,-0.03557040231895243,0.01316430046973066,0.04873470278868309,0.2701216939096114,152,27
7,2072,male,0.19745211560591813,0.5075753293006953,-0.003754169355810681,0.03760093833175441,0.04135510768756509,0.9092211442155492,133,27
7,2072,family,0.18229987310939602,0.49759903961584634,0.0017297795947028016,0.04202450378985228,0.04029472419514948,1.0429281904321386,119,27
7,2072,marriage,0.23297250831989272,0.48298087350882385,-0.02078610069016733,0.024850622973627657,0.04563672366379499,0.5445312673222834,161,27
7,2072,love,0.13416744253361476,0.5396332975380822,-0.02025470431456555,0.02299947127652238,0.04325417559108793,0.5317283467247369,87,27
7,2072,wealth,0.1880480273027308,0.48788148148148147,-0.000735081812418506,0.04000735988224189,0.040742441694660396,0.9819578360347313,125,27
7,2072,emotion,0.1794306458651513,0.47592063684978125,-0.00921552539065338,0.033065569164146054,0.042281094554799434,0.7820414658496738,121,27
7,2072,scandal,0.10279790582002032,0.46479763912310285,-0.02994400352153692,0.013902391600233327,0.04384639512177025,0.31707034435343023,72,27
7,2072,duty,0.12217265687493505,0.46535496957403655,-0.03305296226020248,0.01177619350132938,0.04482915576153186,0.262690503557774,85,27
7,2072,class,0.1607433955698874,0.5373344754970197,0.011643243645632621,0.05051413102765601,0.03887088738202339,1.299536347855998,99,27
7,2072,society,0.2807382808332257,0.6091288561054408,0.05401150991331115,0.08397581716309674,0.029964307249785587,2.802528236687171,131,27
7,2091,female,0.22653609510211878,0.4962296091104955,-0.005112370479722129,0.006585439665267561,0.01169781014498969,0.562963459235592,152,7
7,2091,male,0.1963966342187758,0.46712646277347497,-0.0037538301683371165,0.007526202613494532,0.011280032781831649,0.6672146046374534,133,7
7,2091,family,0.1736822405287976,0.47103456767322316,-0.0128138941341082,8.403220113947665e-06,0.012822297354222148,0.0006553599469072738,119,7
7,2091,marriage,0.24099202895155927,0.5014542048703539,0.0025058373659947713,0.012428417038297659,0.009922579672302888,1.2525389009207788,161,7
7,2091,love,0.12943588273953907,0.4647416776041046,0.0011231656163790613,0.011505482632583159,0.010382317016204097,1.108180631887652,87,7
7,2091,wealth,0.1851494681789256,0.5031851851851853,-0.012956766925157964,7.999872002047968e-06,0.012964766797160012,0.0006170471190568061,125,7
7,2091,emotion,0.2094404150326401,0.5089025279533301,0.007343935837019339,0.016536916745177765,0.009192980908158427,1.7988633837695678,121,7
7,2091,scandal,0.11795936426241882,0.5314315158328649,-0.011792142505229987,1.3888503097136193e-05,0.011806031008327124,0.0011763905317683692,72,7
7,2091,duty,0.12520592443193063,0.4783367139959432,-0.012058883603175908,1.1764429072257124e-05,0.012070648032248166,0.0009746311084419351,85,7
7,2091,class,0.15908133384574316,0.5255380661741086,0.011376055070158339,0.020211712894688996,0.008835657824530658,2.287516480808842,99,7
7,2091,society,0.1935553188090897,0.48722017325671146,-0.0035966809103125308,0.007641104715958534,0.011237785626271065,0.6799475421043484,131,7
7,2150,female,0.21938904781426993,0.46054555247768547,-0.07090195316659846,0.04605860449204616,0.11696055765864462,0.3937960404231036,152,67
7,2150,male,0.1957860554947374,0.4423511786986263,-0.07894185662014427,0.03760093833175441,0.11654279495189869,0.3226363186754788,133,67
7,2150,family,0.1820307626356461,0.44594760981315607,-0.08176474055111288,0.03362128367590461,0.11538602422701749,0.2913809007706572,119,67
7,2150,marriage,0.30914600454214175,0.5601030267179337,0.08014402060697053,0.1614948882622576,0.08135086765528708,1.9851649148302195,161,67
7,2150,love,0.12890269216725192,0.47733961738853753,-0.0497863577127848,0.05748143720834004,0.10726779492112484,0.535868545168388,87,67
7,2150,wealth,0.18484209641150814,0.4880518518518519,-0.0255502965630129,0.08000671989248172,0.10555701645549462,0.7579479088958196,125,67
7,2150,emotion,0.1827606686950119,0.4504663952357803,-0.07264211208222476,0.041329895373630195,0.11397200745585495,0.36263198565907484,121,67
7,2150,scandal,0.10522824175247958,0.5195451564549373,-0.06624772555415082,0.04167939779450571,0.10792712334865652,0.3861809385901543,72,67
7,2150,duty,0.135469613965486,0.5190770791075051,0.03286736888981556,0.12942048422390062,0.09655311533408506,1.340407130052202,85,67
7,2150,class,0.14921016447823335,0.5049701966663097,-0.011557547710592045,0.09091735520494536,0.1024749029155374,0.8872158217997502,99,67
7,2150,society,0.18801944200076479,0.47729936815621693,-0.058919070209008,0.05344193218424146,0.11236100239324946,0.4756270507157434,131,67
7,2158,female,0.22263559588168808,0.48237919359803016,-0.0038944780487408723,0.05263746529650925,0.05653194334525012,0.9311101331527248,152,37
7,2158,male,0.1830364059503017,0.435228107863644,-0.06014459561658732,0.007526202613494532,0.06767079823008185,0.11121787846796337,133,37
7,2158,family,0.1659569014020823,0.44377751100440177,-0.03705460210593439,0.02521806356195694,0.06227266566789133,0.40496200525674253,119,37
7,2158,marriage,0.23405981790617514,0.4900793650793651,-0.01604162556164148,0.04348393187662265,0.05952555743826413,0.7305086041569745,161,37
7,2158,love,0.12573927408631705,0.48263930318577736,-0.02433159604820287,0.0344934599204616,0.05882505596866447,0.5863736013825394,87,37
7,2158,wealth,0.19357724143801755,0.5311111111111111,0.00044990224634389175,0.056007103886337825,0.05555720163999393,1.0080980004761781,125,37
7,2158,emotion,0.18056943838260378,0.5212536460865338,-0.03770036549530703,0.024801242954661906,0.06250160844996894,0.39680967529208316,121,37
7,2158,scandal,0.09981175522095498,0.44259415401911195,-0.04680735305492804,0.013902391600233327,0.060709744655161366,0.2289976951636279,72,37
7,2158,duty,0.13688343395308636,0.5312981744421907,-0.02331716000170242,0.035305051645843626,0.058622211647546045,0.6022470093333516,85,37
7,2158,class,0.18534458071625107,0.5564300246279046,0.0058430458065764496,0.06061493707197835,0.0547718912654019,1.1066796429788555,99,37
7,2158,society,0.1916741879190663,0.5079623752751808,-0.002739505338464454,0.05344193218424146,0.056181437522705914,0.9512382477164542,131,37
7,2173,female,0.25736228493819535,0.5471555350364216,0.059701338834776636,0.09868949092775094,0.0389881520929743,2.5312687477435896,152,35
7,2173,male,0.2643172558218878,0.5495788343038046,0.084590430414229,0.12030646155696907,0.03571603114274007,3.3684163022703357,133,35
7,2173,family,0.17224425729161308,0.46935697355865424,-0.05386104233382972,0.008411623334061612,0.06227266566789133,0.13507729665511473,119,35
7,2173,marriage,0.2390357976735638,0.512915311051957,-0.02846383149697148,0.031061725941292653,0.05952555743826413,0.5218216725309284,161,35
7,2173,love,0.1687528784928744,0.5202839756592292,0.032024945445938376,0.08046941449621849,0.04844446905028011,1.661065051843976,87,35
7,2173,wealth,0.18166908997845363,0.4732740740740741,-0.04510499274339602,0.016007743876097984,0.061112736619494006,0.2619379324395993,125,35
7,2173,emotion,0.17753344273240157,0.4855675741370928,-0.023921353678049387,0.033065569164146054,0.05698692284219544,0.5802308233966044,121,35
7,2173,scandal,0.10468811495341816,0.4781478358628443,-0.04343468314824982,0.013902391600233327,0.057337074748483145,0.2424677516419452,72,35
7,2173,duty,0.12728876356448746,0.48054766734279913,-0.006380334972189976,0.047069480718100756,0.05344981569029073,0.8806294298554597,85,35
7,2173,class,0.14536394078752196,0.4955562694078595,-0.03809373478924145,0.020211712894688996,0.05830544768393044,0.34665222028494763,99,35
7,2173,society,0.19062038403760476,0.48952168567916055,-0.03701869464202264,0.022908047205386174,0.059926741847408815,0.38226752362633964,131,35
7,2228,female,0.22869413116123644,0.5032702369959988,0.00682697137710014,0.02632202207865686,0.01949505070155672,1.3501899779724504,152,14
7,2228,male,0.26155306681622476,0.5386680988184748,0.0770720856721376,0.08271304190914422,0.005640956237006628,14.662946922341828,133,14
7,2228,family,0.17894736842105263,0.48717948717948717,-0.025634359993207616,8.403220113947665e-06,0.025642763213321564,0.0003277033775070871,119,14
7,2228,marriage,0.24210526315789474,0.4861111111111111,-0.02777344056508127,6.211102967664998e-06,0.027779651668048935,0.00022358462379804353,161,14
7,2228,love,0.1323353127345868,0.5075170027443027,0.015460653805603866,0.0344934599204616,0.019032806114857734,1.8123160458048473,87,14
7,2228,wealth,0.18796992481203006,0.48703703703703705,-0.025919681877324807,7.999872002047968e-06,0.025927681749326855,0.0003085455953634234,125,14
7,2228,emotion,0.18195488721804512,0.48713235294117646,-0.025728773405269446,8.26432620948414e-06,0.02573703773147893,0.0003211063485777522,121,14
7,2228,scandal,0.10827067669172932,0.4881956155143339,-0.02359648717860377,1.3888503097136193e-05,0.023610375681700907,0.0005882372768558768,72,14
7,2228,duty,0.12873359870263892,0.5013590263691683,0.002849314612579472,0.023540622573586505,0.020691307961007033,1.1377058722827638,85,14
7,2228,class,0.14881142249563303,0.4935753292643752,-0.012858976648278224,0.010110906850366658,0.022969883498644882,0.44018102444981816,99,14
7,2228,society,0.19699248120300752,0.4868913857677903,-0.026211369453837965,7.63347124471382e-06,0.02621900292508268,0.0002911426977690307,131,14
7,2238,female,0.22364834556705426,0.47636452241715405,-0.0175391617016105,6.578860804463099e-06,0.017545740562414962,0.0003749548661502973,152,9
7,2238,male,0.19880922401698026,0.4675363220080275,-0.007513214531553795,0.007526202613494532,0.015039417145048327,0.5004318013395934,133,9
7,2238,family,0.18588818961465733,0.5062948256225567,0.0039925460937871304,0.01681484344800928,0.012822297354222148,1.311375253761455,119,9
7,2238,marriage,0.2452020084542968,0.5037217785664991,-0.009657622933585575,0.006217314070632662,0.015874937004218236,0.3916433853305355,161,9
7,2238,love,0.14247928321815928,0.5162271805273834,0.024111142904257504,0.0344934599204616,0.010382317016204097,3.3223277485462974,87,9
7,2238,wealth,0.19604675541877045,0.5081777777777778,0.012894694074152632,0.02400761587814595,0.01111292180399332,2.160333375814695,125,9
7,2238,emotion,0.181115308609628,0.49872386971317456,-0.006435075980238302,0.008272590535693625,0.014707666515931927,0.5624679160470465,121,9
7,2238,scandal,0.12040963564066379,0.5205405658609706,0.0004100256385670929,0.013902391600233327,0.013492365961666234,1.0303894542070415,72,9
7,2238,duty,0.15159216057881103,0.5248681541582151,0.01146997454133834,0.023540622573586505,0.012070648032248166,1.9502368479923122,85,9
7,2238,class,0.14654802755281227,0.49095192204732835,-0.015892669855543443,1.0100806044322337e-05,0.015902770661587767,0.0006351601402443095,99,9
7,2238,society,0.19748291883377753,0.5003430825971352,-0.007341985235015432,0.007641104715958534,0.014983089950973966,0.5099819022945828,131,9
7,2285,female,0.2246197376274607,0.48900943880168257,-0.0175391617016105,6.578860804463099e-06,0.017545740562414962,0.0003749548661502973,152,9
7,2285,male,0.1975052839471952,0.47921024365424836,-0.016911590642727105,7.518683929564969e-06,0.01691910932665667,0.00044439005528941293,133,9
7,2285,family,0.17734302888717057,0.5060562686613106,-0.016476884379565175,8.403220113947665e-06,0.016485287599679124,0.0005097405830882495,119,9
7,2285,marriage,0.23834499103618192,0.487472887705807,-0.01785284501188902,6.211102967664998e-06,0.017859056114856685,0.0003477845036922354,161,9
7,2285,love,0.12963359596753427,0.5003778387622798,-0.01556111648675234,1.1493988643939221e-05,0.015572610475396279,0.0007380900370789401,87,9
7,2285,wealth,0.1961252848683189,0.5054000000000001,0.012894694074152632,0.02400761587814595,0.01111292180399332,2.160333375814695,125,9
7,2285,emotion,0.21796320199690283,0.5223778561011181,0.03397514300139627,0.041329895373630195,0.007354752372233927,5.619481564605988,121,9
7,2285,scandal,0.12054639725474393,0.5380480607082632,0.0004100256385670929,0.013902391600233327,0.013492365961666234,1.0303894542070415,72,9
7,2285,duty,0.12589268961172984,0.48104462474645027,-0.015507147574679454,1.1764429072257124e-05,0.015518912003751712,0.0007580704799830678,85,9
7,2285,class,0.15209108630161264,0.5031141806760181,-0.004025085601956831,0.010110906850366658,0.01413599245232349,0.7152597798670655,99,9
7,2285,society,0.19313844667050903,0.4930025445292621,-0.016848108642080705,7.63347124471382e-06,0.01685574211332542,0.00045287067118962733,131,9
7,2309,female,0.21405312637535412,0.46856725146198835,-0.031185794638970837,0.15789923816791884,0.18908503280688968,0.8350699990535179,152,121
7,2309,male,0.18384493570176255,0.49007857990841763,-0.07706309720408826,0.12030646155696907,0.19736955876105733,0.6095492248731571,133,121
7,2309,family,0.15038749185091466,0.4117339243389664,-0.10902247052171819,0.09244382447353826,0.20146629499525645,0.45885503813556505,119,121
7,2309,marriage,0.26490739427264903,0.5439219165927239,0.03036814318061834,0.20497260903591258,0.17460446585529424,1.1739253519701633,161,121
7,2309,love,0.11636491329544851,0.4331623115777751,-0.06386712119622445,0.12644536907197534,0.1903124902681998,0.6644091982250693,87,121
7,2309,wealth,0.2093134861642592,0.5416148148148148,0.0517809797198496,0.22400441592934514,0.17222343620949554,1.3006616338531398,125,121
7,2309,emotion,0.16509178446732434,0.4690538405444823,-0.0708809055680614,0.1239731574684716,0.194854063036533,0.6362359374799988,121,121
7,2309,scandal,0.13809737832580843,0.5859799512834927,0.060737919672191415,0.2361184411544124,0.175380521482221,1.3463207838448714,72,121
7,2309,duty,0.17449571267785968,0.5860040567951319,0.1151155354133355,0.2823580621632433,0.16724252674990778,1.6883149737613652,85,121
7,2309,class,0.15835581821719386,0.48848913159867224,-0.012022896982170156,0.17172380355952407,0.18374670054169423,0.9345680932084187,99,121
7,2309,society,0.20972522878800942,0.418803785344655,-0.04596880609120316,0.1450435871208073,0.19101239321201047,0.7593412379219796,131,121
7,2332,female,0.2246935334458232,0.48766287062685953,-0.023387092119035773,6.578860804463099e-06,0.023393670979840235,0.00028122396052553204,152,12
7,2332,male,0.19850887723510457,0.4773588105602352,-0.013152291076378816,0.007526202613494532,0.02067849368987335,0.36396280725303964,133,12
7,2332,family,0.20916783691063687,0.525702588727799,0.03943692167230628,0.05042772390379994,0.010990802231493658,4.588174988238197,119,12
7,2332,marriage,0.2388619371765546,0.49455289362121657,-0.015609980265500926,0.006217314070632662,0.021827294336133587,0.28484126225647144,161,12
7,2332,love,0.14044907418319397,0.5171220618064669,0.01892084944506532,0.0344934599204616,0.015572610475396279,2.215008201273899,87,12
7,2332,wealth,0.1878841719401142,0.4978074074074075,0.007339159094652558,0.02400761587814595,0.016668456783493393,1.440302254044307,125,12
7,2332,emotion,0.18906596970297831,0.4940599173553719,-0.0018472068426031614,0.016536916745177765,0.018384123587780927,0.8995216261094745,121,12
7,2332,scandal,0.11962806169220642,0.5252482668165638,-0.004648979221450243,0.013902391600233327,0.01855137082168357,0.7493996930531014,72,12
7,2332,duty,0.12675151932117876,0.47724137931034477,-0.020679543531934776,1.1764429072257124e-05,0.020691307961007033,0.0005685686518154742,85,12
7,2332,class,0.14709600302995557,0.4875254309883285,-0.02119300448333628,1.0100806044322337e-05,0.021203105289380603,0.00047638333659102554,99,12
7,2332,society,0.19698644732794993,0.48729164879778136,-0.012959941722069789,0.007641104715958534,0.020601046438028323,0.37090857197829497,131,12
7,2351,female,0.22834661014701113,0.4738445162614138,0.018278863868856285,0.05921632610097235,0.04093746223211606,1.446507010223749,152,30
7,2351,male,0.2255367445416773,0.4736700774492622,5.130210537607205e-06,0.04511962226131938,0.045114492050781774,1.0001137153341264,133,30
7,2351,family,0.17327205184062514,0.46273124634469176,-0.013999421010158816,0.03362128367590461,0.04762070468606343,0.7060223887245021,119,30
7,2351,marriage,0.23312193967474407,0.45085280489007196,-0.043128902178689574,0.012428417038297659,0.055557319216987235,0.22370440498637012,161,30
7,2351,love,0.14324418074465278,0.525315197072744,0.014227261617252115,0.05748143720834004,0.04325417559108793,1.3289222698502794,87,30
7,2351,wealth,0.20320450728872588,0.5012222222222222,0.013412817198510736,0.056007103886337825,0.04259428668782709,1.3148970963053845,125,30
7,2351,emotion,0.21426923777656257,0.5626595162858532,0.025680007983207673,0.06612287400208261,0.04044286601887494,1.6349700332708292,121,30
7,2351,scandal,0.10799875988008813,0.5116521454000375,-0.05057784643202956,1.3888503097136193e-05,0.0505917349351267,0.0002745211864086252,72,30
7,2351,duty,0.1350103310802331,0.5269168356997972,0.0022403249565688954,0.047069480718100756,0.04482915576153186,1.0499747300046494,85,30
7,2351,class,0.14607981821022728,0.5001249241531927,-0.017392259489333445,0.030312518939011334,0.04770477842834478,0.6354189231568699,99,30
7,2351,society,0.19375056760910214,0.4995997369700089,-0.03716155723733066,0.015274575960672354,0.05243613319800301,0.29129867190441067,131,30
7,2353,female,0.23945893572082902,0.5163127116035703,0.01340583218156324,0.03290088288311996,0.01949505070155672,1.6876531066833853,152,15
7,2353,male,0.24298401681860327,0.5359404149471423,0.056395641268182625,0.06767567405001428,0.011280032781831649,5.999599057284434,133,15
7,2353,family,0.33132813401962197,0.5934527657216733,0.11582015819753004,0.11765348481538125,0.0018333266178512167,64.17486311801018,119,15
7,2353,marriage,0.2399828375286041,0.4812493838114956,-0.02975755967571972,6.211102967664998e-06,0.029763770778687384,0.0002086799758552043,161,15
7,2353,love,0.13082706766917293,0.47664359861591693,-0.025941703405136705,1.1493988643939221e-05,0.025953197393780644,0.0004428737033476552,87,15
7,2353,wealth,0.18602558684292428,0.48461481481481483,-0.0277715268704915,7.999872002047968e-06,0.027779526742493548,0.00028797726022894465,125,15
7,2353,emotion,0.1809372726907205,0.4801895964997569,-0.027567001941193946,8.26432620948414e-06,0.02757526626740343,0.0002997006857175357,121,15
7,2353,scandal,0.10827067669172932,0.4772344013490725,-0.02528282213194288,1.3888503097136193e-05,0.025296710635040017,0.0005490240726139847,72,15
7,2353,duty,0.12781954887218044,0.47672413793103446,-0.025851939489190096,1.1764429072257124e-05,0.025863703918262353,0.0004548625018667726,85,15
7,2353,class,0.1477425325378542,0.48185030517185995,-0.026493339111129114,1.0100806044322337e-05,0.026503439917173438,0.0003811130206308127,99,15
7,2353,society,0.1959658210411525,0.4794436343883123,-0.028084021616189416,7.63347124471382e-06,0.02809165508743413,0.00027173447846640645,131,15
7,2376,female,0.2948393828192578,0.5474120242125782,0.09235216183512043,0.11184721253667715,0.01949505070155672,5.737210651214604,152,27
7,2376,male,0.22579749134549326,0.5463423596585449,0.04323771120005585,0.07519435797957924,0.03195664677952339,2.353011518887142,133,27
7,2376,family,0.17664873268588438,0.47315849416689754,-0.04944379658867797,8.403220113947665e-06,0.04945219980879192,0.00016992611342405364,119,27
7,2376,marriage,0.2385264750114552,0.48471852509119595,-0.02078610069016733,0.024850622973627657,0.04563672366379499,0.5445312673222834,161,27
7,2376,love,0.13113666771532237,0.49838921369764944,-0.0070306178508956,0.0344934599204616,0.0415240777713572,0.8306857556129539,87,27
7,2376,wealth,0.18565870231133388,0.4724296296296296,-0.04014194979327715,0.008007871874050014,0.04814982166732716,0.16631155831087063,125,27
7,2376,emotion,0.18095209327266742,0.48360780262518227,-0.00921552539065338,0.033065569164146054,0.042281094554799434,0.7820414658496738,121,27
7,2376,scandal,0.10720094507101087,0.47379145587408655,-0.04551884157201223,1.3888503097136193e-05,0.045532730075109364,0.0003050224107783814,72,27
7,2376,duty,0.12901977795166647,0.49939148073022316,0.020901281971833108,0.05883390979035788,0.03793262781852477,1.5510106515761808,85,27
7,2376,class,0.14629324732523907,0.4819216904022558,-0.03582709336871384,0.010110906850366658,0.0459380002190805,0.2200989769238357,99,27
7,2376,society,0.19408139706833266,0.48140206421362614,-0.02203747734321103,0.022908047205386174,0.0449455245485972,0.5096847224490002,131,27
7,2382,female,0.2276159147869674,0.4915294449574228,-0.015589851562468742,6.578860804463099e-06,0.015596430423273204,0.00042181836647853824,152,8
7,2382,male,0.19912280701754387,0.4924105376222512,-0.015031898461118761,7.518683929564969e-06,0.015039417145048327,0.0004999318694701234,133,8
7,2382,family,0.17814388913460122,0.4931357158247914,-0.014645389256836686,8.403220113947665e-06,0.014653792476950634,0.0005734501922687849,119,8
7,2382,marriage,0.2417798448690897,0.49528615794143743,-0.007673503822947126,0.006217314070632662,0.013890817893579788,0.4475844487932323,161,8
7,2382,love,0.13082706766917293,0.48875432525951557,-0.013831018667021612,1.1493988643939221e-05,0.013842512655665551,0.000830339760491716,87,8
7,2382,wealth,0.18796992481203006,0.487962962962963,-0.014808611918324653,7.999872002047968e-06,0.014816611790326702,0.0005399258693361262,125,8
7,2382,emotion,0.192893390501046,0.5133537919299952,0.025710816791912127,0.033065569164146054,0.007354752372233927,4.495809986000512,121,8
7,2382,scandal,0.10802954355585935,0.4967327150084317,-0.013478477458569097,1.3888503097136193e-05,0.013492365961666234,0.0010293600941129288,72,8
7,2382,duty,0.14955261456809443,0.5091277890466532,0.013194106527090112,0.023540622573586505,0.010346516046496394,2.275222158407879,85,8
7,2382,class,0.15057382513522863,0.5061926687368383,-0.002258307392692555,0.010110906850366658,0.012369214243059213,0.8174251533578866,99,8
7,2382,society,0.19822584450949254,0.49736255253452266,-0.005469333072663983,0.007641104715958534,0.013110437788622517,0.5828260534523723,131,8
7,2391,female,0.21736632258444416,0.5025007694675285,-0.0455614086788783,0.09868949092775094,0.14425089960662923,0.6841516496340199,152,89
7,2391,male,0.17955309950388382,0.424628300073492,-0.09209995628200784,0.06015699012044931,0.15225694640245716,0.3951017772354548,133,89
7,2391,family,0.15455478602541312,0.4348662541939853,-0.09135348754111117,0.058830944017747605,0.15018443155885877,0.3917246508623595,119,89
7,2391,marriage,0.2476927469511327,0.5172902494331065,0.011907733938014281,0.1428615793592626,0.13095384542124833,1.0909307695289048,161,89
7,2391,love,0.18725581038592737,0.6142862824643042,0.13696096013552833,0.2528792441553068,0.1159182840197785,2.1815302589363545,87,89
7,2391,wealth,0.20888501842741564,0.5601333333333334,0.04207800053468114,0.16800531191500936,0.12592731138032823,1.3341451514537792,125,89
7,2391,emotion,0.1943754047361479,0.4944245260087506,0.01825007181774857,0.14876613609692405,0.13051606427917548,1.139830080821098,121,89
7,2391,scandal,0.13666123293145926,0.605115233277122,0.03682644792666648,0.16667592566873143,0.12984947774206496,1.2836087488818053,72,89
7,2391,duty,0.16377785024702893,0.5510344827586207,0.12982207578336552,0.2470647749464719,0.11724269916310635,2.1072934750559744,85,89
7,2391,class,0.1495250953078935,0.49255808973123466,0.032646421460700126,0.16162299751520173,0.1289765760545016,1.253118996162928,99,89
7,2391,society,0.23486248650025338,0.563070017440032,0.051980556732304395,0.1755774720996626,0.1235969153673582,1.4205651619733854,131,89
7,2424,female,0.22783186775136222,0.49743510823843234,-0.003163060340580371,0.006585439665267561,0.009748500005847932,0.6755336370356005,152,6
7,2424,male,0.1994360902255639,0.49060150375939854,-0.0018741379867287765,0.007526202613494532,0.009400340600223309,0.8006308423032154,133,6
7,2424,family,0.1804787704555506,0.5020777541785946,-0.000747683774703559,0.008411623334061612,0.00915930710876517,0.9183689588368078,119,6
7,2424,marriage,0.24367129002630802,0.5046583850931677,-0.003705265601670226,0.006217314070632662,0.009922579672302888,0.6265824286965015,161,6
7,2424,love,0.1315551810560885,0.49598297736944674,-0.010370823027560159,1.1493988643939221e-05,0.010382317016204097,0.0011070735583293227,87,6
7,2424,wealth,0.18969514695830483,0.5012,-0.0012532049367766137,0.008007871874050014,0.009261076810826628,0.8646804293668918,125,6
7,2424,emotion,0.20223699745230847,0.49715909090909083,0.01928471911835248,0.024801242954661906,0.005516523836309426,4.495809985796819,121,6
7,2424,scandal,0.10854247888239116,0.49861813753044776,-0.010105807551890875,1.3888503097136193e-05,0.010119696054988012,0.001372422948307633,72,6
7,2424,duty,0.1297877045555064,0.5028803245436106,0.00315380944058476,0.01177619350132938,0.00862238406074462,1.3657700024726838,85,6
7,2424,class,0.1477165135059872,0.4940036406467501,-0.010592335227750613,1.0100806044322337e-05,0.010602436033794935,0.0009526872891450271,99,6
7,2424,society,0.1954415956820655,0.49995711467535814,-0.011230152155026351,7.63347124471382e-06,0.011237785626271065,0.0006792682738305178,131,6
7,2429,female,0.2932522815641142,0.6188186108546219,0.05385292109622872,0.15132037736345574,0.09746745626722703,1.5525220741067394,152,73
7,2429,male,0.23130075109676804,0.5667575894623778,0.041357255846631996,0.14286251334566397,0.10150525749903197,1.4074395441597591,133,73
7,2429,family,0.14756936452194613,0.41264967525471724,-0.11322314176083613,0.01681484344800928,0.1300379852088454,0.12930716683186658,119,73
7,2429,marriage,0.2378008979208859,0.5278455585132604,-0.05468902523141188,0.06832834374728264,0.12301736897869452,0.555436555943259,161,73
7,2429,love,0.14754091615808185,0.5187925068607565,0.04562574707819042,0.1494333463598538,0.10380759928166339,1.4395222256605085,87,73
7,2429,wealth,0.17480017566878597,0.4542222222222222,-0.036661366522013045,0.08000671989248172,0.11666808641449476,0.6857635395471436,125,73
7,2429,emotion,0.21300339176868383,0.5302321341759845,0.017354064156314644,0.1239731574684716,0.10661909331215695,1.1627669455445755,121,73
7,2429,scandal,0.11077748744553229,0.5341952407719693,-0.029641221122759562,0.08334490708591429,0.11298612820867385,0.7376561035107522,72,73
7,2429,duty,0.11910894451913379,0.4641480730223124,-0.031431667256730675,0.08236276793487213,0.1137944351916028,0.7237855506332009,85,73
7,2429,class,0.15159125159528836,0.49315594103579974,0.01344453579458213,0.12121977333791237,0.10777523754333024,1.1247460557723392,99,73
7,2429,society,0.17659088258638164,0.4421834348286016,-0.03213048955485563,0.08397581716309674,0.11610630671795237,0.7232666298340632,131,73
7,2431,female,0.23801569410122042,0.5132669026367087,0.01462421193366717,0.02632202207865686,0.01169781014498969,2.250166633767836,152,10
7,2431,male,0.2167606516290727,0.5077025269941773,0.018802221620357794,0.03008225440218944,0.011280032781831649,2.6668587743800716,133,10
7,2431,family,0.18708938120702825,0.5100655646874135,0.012395766207734794,0.02521806356195694,0.012822297354222148,1.9667352006687286,119,10
7,2431,marriage,0.24113018204993666,0.49532929113674457,-0.011641742044224024,0.006217314070632662,0.017859056114856685,0.34813228819592756,161,10
7,2431,love,0.13767464638608012,0.5117826035079346,0.022381045084526777,0.0344934599204616,0.012112414835934825,2.847777291715558,87,10
7,2431,wealth,0.18796992481203006,0.4842592592592593,-0.018512301904658038,7.999872002047968e-06,0.018520301776660086,0.000431951492912374,125,10
7,2431,emotion,0.18195488721804512,0.484375,-0.018375859261571443,8.26432620948414e-06,0.018384123587780927,0.0004495360450322211,121,10
7,2431,scandal,0.10827067669172932,0.4856661045531197,-0.016851147365247322,1.3888503097136193e-05,0.01686503586834446,0.0008235086604459168,72,10
7,2431,duty,0.12705108359133127,0.49194726166328595,-0.017231279560431228,1.1764429072257124e-05,0.017243043989503486,0.0006822710119359622,85,10
7,2431,class,0.14887218045112782,0.48498233215547704,-0.017659448064807723,1.0100806044322337e-05,0.017669548870852047,0.0005716504771897786,99,10
7,2431,society,0.19699248120300752,0.48408239700374533,-0.018720760804432156,7.63347124471382e-06,0.01872839427567687,0.000407588132326969,131,10
7,2445,female,0.2191525207591017,0.4444252077562326,-0.03995647196230205,0.02632202207865686,0.06627849404095891,0.3971427302194462,152,38
7,2445,male,0.1950035904556352,0.4074142122222851,-0.06202428779819566,0.007526202613494532,0.06955049041169019,0.10821207109880134,133,38
7,2445,family,0.20863682801278252,0.5053021208483394,0.03275690942807019,0.0840406043595906,0.05128369493152041,1.6387392614781766,119,38
7,2445,marriage,0.24641631975241593,0.5222998619737751,-0.009830522593976494,0.04969503484428764,0.05952555743826413,0.8348520699699974,161,38
7,2445,love,0.13107934439268784,0.5106292009704491,-0.012837607404263644,0.045987448564400825,0.05882505596866447,0.7817663375979808,87,38
7,2445,wealth,0.24521177694355245,0.5702222222222223,0.05770835922446515,0.10400633589862562,0.046297976674160475,2.246455317655955,125,38
7,2445,emotion,0.17349796551677849,0.4311953087019932,-0.049641148776640165,0.016536916745177765,0.06617806552181793,0.24988516383084516,121,38
7,2445,scandal,0.10104332828814436,0.4745760727000187,-0.04849368800826715,0.013902391600233327,0.06239607960850048,0.22280873553659192,72,38
7,2445,duty,0.12153133542153002,0.478235294117647,-0.05201841410347199,0.01177619350132938,0.06379460760480136,0.18459543750306684,85,38
7,2445,class,0.16731770599124862,0.5463914766034907,0.03967902035807202,0.09091735520494536,0.05123833484687334,1.774401050988075,99,38
7,2445,society,0.20064333583870325,0.514845469880207,0.00489396590624936,0.061075403428955274,0.056181437522705914,1.0871100157090914,131,38
7,2447,female,0.27280917405106475,0.5389222324817893,0.028268895586536787,0.07895290851436164,0.05068401292782485,1.557747777888751,152,38
7,2447,male,0.20916411246609318,0.4951735541862175,0.041357849424710734,0.09023172583870918,0.04887387641399845,1.8462158612615964,133,38
7,2447,family,0.23768021671800652,0.6050035398774894,0.05322633990142249,0.10084704458748592,0.04762070468606343,2.1177142432098846,119,38
7,2447,marriage,0.23396023300408086,0.49381346741595195,-0.01802574467227993,0.04348393187662265,0.06150967654890258,0.7069445706049892,161,38
7,2447,love,0.12831378041876626,0.5044246907688025,0.0003864790594063014,0.05748143720834004,0.05709495814893374,1.0067690575653176,87,38
7,2447,wealth,0.1752717415641118,0.4473407407407407,-0.011253659742037458,0.048007231884289854,0.05926089162632731,0.8100997228693739,125,38
7,2447,emotion,0.16597663729041795,0.44479976908118624,-0.049641148776640165,0.016536916745177765,0.06617806552181793,0.24988516383084516,121,38
7,2447,scandal,0.09799353040988344,0.4697395540565862,-0.04849368800826715,0.013902391600233327,0.06239607960850048,0.22280873553659192,72,38
7,2447,duty,0.11768493588845683,0.4761561866125761,-0.03852985304546308,0.023540622573586505,0.06207047561904959,0.37925635881518155,85,38
7,2447,class,0.13914268818137832,0.4414373416140201,-0.031526485163447665,0.030312518939011334,0.061839004102459,0.4901844617079754,99,38
7,2447,society,0.19914069014921668,0.5442147697058066,-0.04263665112907699,0.022908047205386174,0.06554469833446316,0.34950267202605617,131,38
7,2509,female,0.22857142857142856,0.4766081871345029,-0.023387092119035773,6.578860804463099e-06,0.023393670979840235,0.00028122396052553204,152,12
7,2509,male,0.1984544695071011,0.48672904064672967,-0.013152291076378816,0.007526202613494532,0.02067849368987335,0.36396280725303964,133,12
7,2509,family,0.21954150081085066,0.5146212331086281,0.049671636908982436,0.058830944017747605,0.00915930710876517,6.423078002813679,119,12
7,2509,marriage,0.2405007082924703,0.49652469683525585,-0.007414758187197475,0.012428417038297659,0.019843175225495134,0.6263320711749251,161,12
7,2509,love,0.1299357327487999,0.49872727995863664,-0.007527323482274575,0.011505482632583159,0.019032806114857734,0.6045079512997841,87,12
7,2509,wealth,0.18996240601503758,0.4877333333333333,-0.012364274895776765,0.008007871874050014,0.02037214676982678,0.3930794316442589,125,12
7,2509,emotion,0.1868864497833615,0.5034333981526495,0.018357902648214127,0.033065569164146054,0.014707666515931927,2.2481859461580758,121,12
7,2509,scandal,0.122286312185693,0.5106567359940041,-0.004648979221450243,0.013902391600233327,0.01855137082168357,0.7493996930531014,72,12
7,2509,duty,0.12956316129690743,0.49296146044624745,-0.007190982473925878,0.01177619350132938,0.018967175975255258,0.6208722645939402,85,12
7,2509,class,0.14741641103197167,0.4904343791269586,-0.02119300448333628,1.0100806044322337e-05,0.021203105289380603,0.00047638333659102554,99,12
7,2509,society,0.1980332510665978,0.4824170168968179,-0.012959941722069789,0.007641104715958534,0.020601046438028323,0.37090857197829497,131,12
7,2523,female,0.22567449889793442,0.5005001538935058,-0.022656161731997946,0.006585439665267561,0.029241601397265508,0.22520790074302097,152,16
7,2523,male,0.19715106915076322,0.5026146192549041,-0.020671059802812176,0.007526202613494532,0.02819726241630671,0.26691252867424303,133,16
7,2523,family,0.17846704682564327,0.50380921599409,-0.008827919765312286,0.01681484344800928,0.025642763213321564,0.6557344583916813,119,16
7,2523,marriage,0.24341848656339843,0.5024401064773736,0.009234431605159066,0.031061725941292653,0.021827294336133587,1.4230680844601538,161,16
7,2523,love,0.17561138034684107,0.56291015391958,0.06489680402082221,0.08046941449621849,0.015572610475396279,5.16736834958966,87,16
7,2523,wealth,0.20237811238203496,0.5313555555555556,0.009783496117200446,0.03200748788019392,0.022223991762993472,1.4402222706026793,125,16
7,2523,emotion,0.19957243079877016,0.5291231161886243,0.021107543249924768,0.041329895373630195,0.020222352123705427,2.0437729062752257,121,16
7,2523,scandal,0.1115287753163813,0.5040284804197115,-0.01139431903480669,0.013902391600233327,0.025296710635040017,0.5495730966865986,72,16
7,2523,duty,0.13236371471665587,0.5100709939148074,-0.0005989493589240724,0.023540622573586505,0.024139571932510578,0.9751880703778094,85,16
7,2523,class,0.16748690017230683,0.5087446907234894,0.01921021969395307,0.04041332498333367,0.021203105289380603,1.9060097297006935,99,16
7,2523,society,0.2487707323224263,0.5340366526574606,0.04609231347798131,0.061075403428955274,0.014983089950973966,4.07628891134761,131,16
7,2528,female,0.2215595811092023,0.4859123319995896,-0.023387092119035773,6.578860804463099e-06,0.023393670979840235,0.00028122396052553204,152,12
7,2528,male,0.1987164881901724,0.4574877042229634,-0.0037539149652055064,0.0150448865430595,0.018798801508265007,0.8003109419313043,133,12
7,2528,family,0.18188331473386507,0.4791916766706683,-0.011736654511074487,0.008411623334061612,0.0201482778451361,0.4174859706768803,119,12
7,2528,marriage,0.242487452700484,0.5079981267869468,-0.007414758187197475,0.012428417038297659,0.019843175225495134,0.6263320711749251,161,12
7,2528,love,0.1293137943986614,0.49315912977767173,-0.020751409945944523,1.1493988643939221e-05,0.02076290393458846,0.0005535829034125644,87,12
7,2528,wealth,0.18321568574219327,0.4772,-0.022215991890991424,7.999872002047968e-06,0.022223991762993472,0.00035996557625660565,125,12
7,2528,emotion,0.19162153215452252,0.4960576689353427,0.018357902648214127,0.033065569164146054,0.014707666515931927,2.2481859461580758,121,12
7,2528,scandal,0.13789170490723412,0.5436340640809444,0.026500696879500366,0.04167939779450571,0.015178700915005346,2.7459133706598315,72,12
7,2528,duty,0.1292486332589204,0.4927991886409736,-0.007190982473925878,0.01177619350132938,0.018967175975255258,0.6208722645939402,85,12
7,2528,class,0.15864562723975031,0.4885069779062712,0.0025421640238369493,0.020211712894688996,0.017669548870852047,1.1438726048567471,99,12
7,2528,society,0.1923531491032909,0.4754695943048289,-0.012959941722069789,0.007641104715958534,0.020601046438028323,0.37090857197829497,131,12
7,2535,female,0.22857142857142856,0.4678362573099415,-0.025336402258177532,6.578860804463099e-06,0.025342981118981995,0.00025959301209737764,152,13
7,2535,male,0.19771303258145362,0.4779877324891176,-0.024430359369160465,7.518683929564969e-06,0.02443787805309003,0.0003076651709662906,133,13
7,2535,family,0.19893676768953197,0.5112891310370302,0.03760542654957779,0.05042772390379994,0.012822297354222148,3.9328150413905503,119,13
7,2535,marriage,0.24087155506914734,0.47128561569555355,-0.02578932145444282,6.211102967664998e-06,0.025795532557410485,0.00024078211812843166,161,13
7,2535,love,0.1538342152906581,0.5112655609911307,0.017190751625334594,0.0344934599204616,0.017302708295127006,1.9935295290265358,87,13
7,2535,wealth,0.18878143718311238,0.5036444444444445,0.005487314101485865,0.02400761587814595,0.018520301776660086,1.2962864302300343,125,13
7,2535,emotion,0.18983882938930013,0.5246110841030627,-0.013787990123936306,0.008272590535693625,0.02206058065962993,0.37499423351340766,121,13
7,2535,scandal,0.12785158041005995,0.5111368746486791,0.009239523875685947,0.027790894697369516,0.01855137082168357,1.4980507350641916,72,13
7,2535,duty,0.12784081723763585,0.49180527383367145,0.0045734465983312475,0.023540622573586505,0.018967175975255258,1.2411242771752993,85,13
7,2535,class,0.14766724573515255,0.49998215369240107,-0.011092198439013944,0.010110906850366658,0.021203105289380603,0.47685971992761655,99,13
7,2535,society,0.1953383429824793,0.49270949481087567,-0.005326470477355969,0.015274575960672354,0.020601046438028323,0.7414466059226457,131,13
7,2557,female,0.21620973583502928,0.4562685954652713,-0.03581437066204682,0.04605860449204616,0.08187297515409298,0.562561753799673,152,49
7,2557,male,0.209701788558249,0.5113983266436768,-0.007513892906500924,0.06767567405001428,0.0751895669565152,0.9000673469532475,133,49
7,2557,family,0.1662840841234368,0.4510573460153292,-0.03856311310532393,0.04202450378985228,0.08058761689517621,0.5214759464099042,119,49
7,2557,marriage,0.2362931505023705,0.49179853100660553,-0.015265388654392545,0.06211724077961764,0.07738262943401018,0.8027284835518133,161,49
7,2557,love,0.18588675726202053,0.5412241975897865,0.060699921824387965,0.12644536907197534,0.06574544724758738,1.9232566567518812,87,49
7,2557,wealth,0.20485283537568608,0.5340518518518518,0.02748634730441689,0.09600646389657766,0.06852011659216077,1.401142739826575,125,49
7,2557,emotion,0.19360668522235278,0.5406158847836656,0.021061330036868095,0.09091585263053503,0.06985452259366694,1.3015027410333488,121,49
7,2557,scandal,0.1270365842041824,0.5225079632752483,0.010830817757379138,0.08334490708591429,0.07251408932853515,1.149361563477123,72,49
7,2557,duty,0.12423757150432356,0.4907403651115618,-0.0305181827727148,0.047069480718100756,0.07758766349081556,0.6066619176264528,85,49
7,2557,class,0.23123654649957714,0.5881250669236534,0.1270527183384445,0.18182460960384642,0.0547718912654019,3.319670097194198,99,49
7,2557,society,0.18885492867762854,0.4936958572776396,-0.0157052078796166,0.061075403428955274,0.07678061130857187,0.7954534665360405,131,49
7,2600,female,0.21300604632338,0.4652200677131425,-0.010229370510109576,0.01316430046973066,0.023393670979840235,0.5627291450115895,152,14
7,2600,male,0.1843391470802208,0.39928769291650174,-0.016911675439595496,0.007526202613494532,0.02443787805309003,0.3079728361372568,133,14
7,2600,family,0.16808659442880017,0.43393511250654104,-0.00516492951985531,0.01681484344800928,0.02197977296786459,0.7650144281211785,119,14
7,2600,marriage,0.23348083997741045,0.4953785862170955,-0.011382996408474377,0.012428417038297659,0.023811413446772036,0.5219520909818376,161,14
7,2600,love,0.11786600347412521,0.4655769001312492,-0.01098751912173603,0.011505482632583159,0.02249300175431919,0.5115138814170198,87,14
7,2600,wealth,0.22068974820808684,0.5309703703703703,0.013487186103533833,0.03200748788019392,0.018520301776660086,1.7282379231424083,125,14
7,2600,emotion,0.19530293224914952,0.5202965483714147,0.004578890830956479,0.024801242954661906,0.020222352123705427,1.2264272129038096,121,14
7,2600,scandal,0.09542844428723699,0.3993348323027919,-0.02359648717860377,1.3888503097136193e-05,0.023610375681700907,0.0005882372768558768,72,14
7,2600,duty,0.1382847416857179,0.5321602434077078,0.016337875670588368,0.035305051645843626,0.018967175975255258,1.861376289756658,85,14
7,2600,class,0.15015728842682996,0.5276439304707856,-0.024726560901864838,1.0100806044322337e-05,0.024736661707909162,0.00040833343493089163,99,14
7,2600,society,0.20931925278908542,0.5250950624696229,0.01181312417442313,0.0305415184501,0.01872839427567687,1.6307601174402033,131,14
7,2630,female,0.22857142857142856,0.4746588693957115,-0.021437781979894016,6.578860804463099e-06,0.02144436084069848,0.0003067874511638756,152,11
7,2630,male,0.19882314481856816,0.4801288936627283,-0.020670975005943785,7.518683929564969e-06,0.02067849368987335,0.0003635992080449947,133,11
7,2630,family,0.17719578678153183,0.4862406501061963,-0.02013987462502215,8.403220113947665e-06,0.0201482778451361,0.00041706890177510526,119,11
7,2630,marriage,0.23910118104626113,0.4943310657596372,-0.021821083233165922,6.211102967664998e-06,0.021827294336133587,0.0002845567055509206,161,11
7,2630,love,0.12964510668151105,0.4905341446923597,-0.019021312126213795,1.1493988643939221e-05,0.019032806114857734,0.0006039040472525317,87,11
7,2630,wealth,0.20801807549175966,0.5058814814814815,0.019042721083033905,0.03200748788019392,0.012964766797160012,2.468805523346281,125,11
7,2630,emotion,0.203474960423161,0.5267227758872144,0.030298685929547264,0.041329895373630195,0.011031209444082929,3.7466331846371257,121,11
7,2630,scandal,0.11140857193488773,0.5091343451377178,0.01261219378236417,0.027790894697369516,0.015178700915005346,1.8309139135922432,72,11
7,2630,duty,0.12781954887218044,0.47758620689655173,-0.018955411546183,1.1764429072257124e-05,0.018967175975255258,0.000620252012581359,85,11
7,2630,class,0.14863104731525786,0.48306385408858915,-0.0075586420204853885,0.010110906850366658,0.017669548870852047,0.5722221276669683,99,11
7,2630,society,0.19593775638017363,0.48035852131400625,-0.02059341296678361,7.63347124471382e-06,0.020601046438028323,0.00037053803394435065,131,11
7,2667,female,0.24520406619998272,0.5036806196778496,0.030462174068772954,0.04605860449204616,0.015596430423273204,2.9531503837162467,152,15
7,2667,male,0.22031360316031035,0.522485725592176,0.018802136823489402,0.03760093833175441,0.018798801508265007,2.0001774215884325,133,15
7,2667,family,0.26661510144482287,0.5414781297134238,0.09535072772417773,0.10084704458748592,0.005496316863308193,18.34811330517773,119,15
7,2667,marriage,0.2490111984864067,0.5008318544809227,0.01121855071579752,0.031061725941292653,0.019843175225495134,1.5653606636410797,161,15
7,2667,love,0.12891286050461884,0.4905242015670365,-0.025941703405136705,1.1493988643939221e-05,0.025953197393780644,0.0004428737033476552,87,15
7,2667,wealth,0.19589413276781695,0.4926296296296297,0.03133877510079646,0.048007231884289854,0.016668456783493393,2.8801245673175226,125,15
7,2667,emotion,0.18822057442941206,0.5125714025279533,0.012843217040440627,0.033065569164146054,0.020222352123705427,1.6351000595895178,121,15
7,2667,scandal,0.10738304093567251,0.48107551058647174,-0.02528282213194288,1.3888503097136193e-05,0.025296710635040017,0.0005490240726139847,72,15
7,2667,duty,0.12598983110574138,0.4845233265720082,-0.012363378431181198,0.01177619350132938,0.024139571932510578,0.4878377103689091,85,15
7,2667,class,0.15629845964774194,0.48170753471106825,-0.014625754857542504,0.010110906850366658,0.024736661707909162,0.4087417683658225,99,15
7,2667,society,0.19332712852014852,0.48005117648740603,-0.028084021616189416,7.63347124471382e-06,0.02809165508743413,0.00027173447846640645,131,15
7,2690,female,0.22606320236593883,0.5013337437160151,-0.013640541423326985,6.578860804463099e-06,0.013647120284131448,0.00048206952580543853,152,7
7,2690,male,0.19874686716791978,0.47350048052461985,-0.013152206279510423,7.518683929564969e-06,0.013159724963439989,0.0005713405067265345,133,7
7,2690,family,0.17579200959380617,0.4945670575922677,-0.0128138941341082,8.403220113947665e-06,0.012822297354222148,0.0006553599469072738,119,7
7,2690,marriage,0.24091547828000454,0.48746672582076306,-0.005689384712308677,0.006217314070632662,0.011906698782941339,0.522169426089623,161,7
7,2690,love,0.14181346915873483,0.5116036272521178,0.014347252080049009,0.02299947127652238,0.00865221919647337,2.658216435760054,87,7
7,2690,wealth,0.18654882661198446,0.48916296296296297,-0.012956766925157964,7.999872002047968e-06,0.012964766797160012,0.0006170471190568061,125,7
7,2690,emotion,0.21001500983818439,0.5159668206125425,0.01744649058242798,0.024801242954661906,0.007354752372233927,3.3721384073950347,121,7
7,2690,scandal,0.1066818521999443,0.4948121603897321,-0.011792142505229987,1.3888503097136193e-05,0.011806031008327124,0.0011763905317683692,72,7
7,2690,duty,0.12766121185316232,0.4917038539553753,0.0014296774548329862,0.01177619350132938,0.010346516046496394,1.138179600482902,85,7
7,2690,class,0.1510287534821928,0.5063265160438305,-0.000491529183428277,0.010110906850366658,0.010602436033794935,0.953639976434172,99,7
7,2690,society,0.19789381693858168,0.49730537210166686,-0.0035966809103125308,0.007641104715958534,0.011237785626271065,0.6799475421043484,131,7
7,2694,female,0.22903091060985797,0.49622319688109157,-0.003163060340580371,0.006585439665267561,0.009748500005847932,0.6755336370356005,152,6
7,2694,male,0.19875012205839274,0.49332212109220425,-0.011272514097902083,7.518683929564969e-06,0.011280032781831649,0.0006665480565808727,133,6
7,2694,family,0.17894736842105263,0.48443223443223443,-0.01098239901137971,8.403220113947665e-06,0.010990802231493658,0.0007645684033058152,119,6
7,2694,marriage,0.24210526315789474,0.48313492063492064,-0.011900487679973674,6.211102967664998e-06,0.011906698782941339,0.0005216477783113119,161,6
7,2694,love,0.13076008987987212,0.491926182237601,-0.010370823027560159,1.1493988643939221e-05,0.010382317016204097,0.0011070735583293227,87,6
7,2694,wealth,0.18884812030075185,0.4942,-0.0012532049367766137,0.008007871874050014,0.009261076810826628,0.8646804293668918,125,6
7,2694,emotion,0.19138305169827827,0.5046107802625182,0.009182164372943839,0.016536916745177765,0.007354752372233927,2.2484668287895584,121,6
7,2694,scandal,0.10827067669172932,0.4856661045531197,-0.010105807551890875,1.3888503097136193e-05,0.010119696054988012,0.001372422948307633,72,6
7,2694,duty,0.12781954887218044,0.4853448275862069,-0.010334751617424136,1.1764429072257124e-05,0.010346516046496394,0.0011370425579249773,85,6
7,2694,class,0.15276390276390275,0.5085751508012992,0.0012752490258360009,0.010110906850366658,0.008835657824530658,1.1443298337279613,99,6
7,2694,society,0.20374996136848286,0.5078194241930412,0.007782094659104195,0.015274575960672354,0.00749248130156816,2.038653864299503,131,6
7,2700,female,0.2212170494694225,0.45358828357443315,-0.013640541423326985,6.578860804463099e-06,0.013647120284131448,0.00048206952580543853,152,7
7,2700,male,0.20431100744981684,0.4756063090055967,-0.0037538301683371165,0.007526202613494532,0.011280032781831649,0.6672146046374534,133,7
7,2700,family,0.19675201728785516,0.5091575091575091,-0.0025791788974320468,0.008411623334061612,0.010990802231493658,0.7653329717091208,119,7
7,2700,marriage,0.23853463675944198,0.4988785369220152,-0.005689384712308677,0.006217314070632662,0.011906698782941339,0.522169426089623,161,7
7,2700,love,0.1285152883933327,0.4994829574831961,-0.012100920847290886,1.1493988643939221e-05,0.012112414835934825,0.0009489427829775269,87,7
7,2700,wealth,0.18762875846979776,0.4684740740740741,0.016598384060486016,0.02400761587814595,0.007409231817659936,3.2402300893978597,125,7
7,2700,emotion,0.17734514335021173,0.4499726543509966,-0.012861173653797945,8.26432620948414e-06,0.012869437980007429,0.0006421668313473005,121,7
7,2700,scandal,0.12414609678789779,0.5668915120854413,-0.011792142505229987,1.3888503097136193e-05,0.011806031008327124,0.0011763905317683692,72,7
7,2700,duty,0.12798959793132933,0.48328600405679517,0.0014296774548329862,0.01177619350132938,0.010346516046496394,1.138179600482902,85,7
7,2700,class,0.15153373099531597,0.45800763821965246,-0.000491529183428277,0.010110906850366658,0.010602436033794935,0.953639976434172,99,7
7,2700,society,0.2018734466283683,0.46233238985619124,0.005909442496752742,0.015274575960672354,0.009365133463919612,1.631004621331733,131,7
7,2726,female,0.2584111874822862,0.5567033446188571,0.0635994717919375,0.15132037736345574,0.08772090557151824,1.7250206934806467,152,68
7,2726,male,0.20934173560025193,0.5325131437616598,0.022560588421153785,0.12030646155696907,0.09774587313581529,1.2308086029225564,133,68
7,2726,family,0.17476487018244868,0.48233139409610004,-0.011953229017108297,0.09244382447353826,0.10439705349064655,0.885502237675082,119,68
7,2726,marriage,0.28037756900133565,0.5640712806861874,0.06996467941802863,0.1552837852945926,0.08531910587656398,1.8200353097632138,161,68
7,2726,love,0.1971566886534717,0.628703814182874,0.21296527374088342,0.28736121008712445,0.07439593634624102,3.862592826923688,87,68
7,2726,wealth,0.29994585117580363,0.6422296296296296,0.2090390663289722,0.2720036479416329,0.06296458161266069,4.319946880781297,125,68
7,2726,emotion,0.2670786737165692,0.6219919786096256,0.13767330903543223,0.21488074577279717,0.07720743673736494,2.7831612452174745,121,68
7,2726,scandal,0.11198037303117855,0.5395938729623384,0.025514967795361915,0.12501041637732285,0.09949544858196094,1.2564435675978396,72,68
7,2726,duty,0.12441417466581725,0.4896855983772819,-0.022811007327971797,0.08236276793487213,0.10517377526284392,0.7831112625581137,85,68
7,2726,class,0.19835422028758004,0.5751418781454116,0.09348393236242324,0.18182460960384642,0.08834067724142318,2.058220689262841,99,68
7,2726,society,0.20887392233873264,0.49710524058667127,-0.022767228743098375,0.08397581716309674,0.10674304590619511,0.7867099580061381,131,68
7,2759,female,0.28202898510897134,0.5361906227557197,0.037041034873236046,0.05263746529650925,0.015596430423273204,3.3749687501947845,152,16
7,2759,male,0.24219637896568252,0.5580728136129798,0.045117572975400984,0.06015699012044931,0.015039417145048327,3.9999548876304574,133,16
7,2759,family,0.17651091103141617,0.5095268876781481,-0.029297350238664595,8.403220113947665e-06,0.029305753458778543,0.00028674301534273425,119,16
7,2759,marriage,0.237786809845485,0.4903997831016464,-0.03174167878635817,6.211102967664998e-06,0.03174788988932584,0.0001956382924698764,161,16
7,2759,love,0.13712012931613657,0.50091476752973,0.025224544629812364,0.045987448564400825,0.02076290393458846,2.2148851965536704,87,16
7,2759,wealth,0.18610250263339506,0.4746370370370371,-0.029623371863658196,7.999872002047968e-06,0.029631371735660245,0.00026997980630611313,125,16
7,2759,emotion,0.18141272602995093,0.4804022848808945,-0.019302675731709806,0.008272590535693625,0.02757526626740343,0.30000038640325327,121,16
7,2759,scandal,0.10717541402525924,0.47540753232152894,-0.026969157085281997,1.3888503097136193e-05,0.026983045588379134,0.0005147122125681351,72,16
7,2759,duty,0.1264635973234795,0.48734279918864104,-0.014087510416932974,0.01177619350132938,0.025863703918262353,0.4553173643686393,85,16
7,2759,class,0.14768432891497907,0.47840596780526107,-0.01639253306680678,0.010110906850366658,0.026503439917173438,0.38149413365144347,99,16
7,2759,society,0.19478012780041706,0.4736827057780828,-0.029956673778540874,7.63347124471382e-06,0.029964307249785587,0.00025475213495929197,131,16
7,2760,female,0.22969600725486972,0.5214040217502821,-0.013154554021628906,0.14474151655899264,0.15789607058062155,0.9166885282567631,152,103
7,2760,male,0.17572143188079026,0.4121770591893266,-0.1184156468245246,0.06015699012044931,0.1785726369449739,0.33687686506331566,133,103
7,2760,family,0.17659818436835722,0.5073721796410872,0.026291594054156153,0.17647602561301493,0.15018443155885877,1.1750620472447382,119,103
7,2760,marriage,0.22709822729021686,0.4796411318150449,-0.04045559984583437,0.12422827045626762,0.164683870302102,0.7543438846052408,161,103
7,2760,love,0.11861341883416435,0.38718530008352225,-0.09884579275942106,0.06897542585227927,0.16782121861170032,0.41100539265813296,87,103
7,2760,wealth,0.21234050671244104,0.5368740740740742,0.04570732161599142,0.19200492792115328,0.14629760630516186,1.3124269956908126,125,103
7,2760,emotion,0.1931645166996515,0.47851847350510457,-0.007485127685194437,0.14876613609692405,0.15625126378211848,0.952095570269537,121,103
7,2760,scandal,0.09720504954858245,0.42481731309724563,-0.11138094582388353,0.05556790089164191,0.16694884671552543,0.3328438739441829,72,103
7,2760,duty,0.12634266475643302,0.44040567951318454,-0.04268994365525719,0.11765605515164348,0.16034599880690067,0.7337635864091562,85,103
7,2760,class,0.1821355054568059,0.5775422065174716,0.10285220055969319,0.24242944586978044,0.13957724531008725,1.7368837257782102,99,103
7,2760,society,0.20863148665461126,0.5274894930954628,0.006751179645253513,0.16031052961023495,0.15355934996498144,1.04396462765536,131,103
7,2768,female,0.19761188484702555,0.4089591669231558,-0.07967457977442038,0.12500493414560335,0.20467951392002373,0.6107349570599279,152,124
7,2768,male,0.18900541589980793,0.4276951777941093,0.001883211251646505,0.18797461692305378,0.18609140567140728,1.0101198185044702,133,124
7,2768,family,0.17407659238909243,0.4076553698402438,-0.032639233996494404,0.1596695853851196,0.192308819381614,0.8302769779239505,119,124
7,2768,marriage,0.23938137582717617,0.47675736961451254,-0.032950768699421124,0.1614948882622576,0.19444565696167873,0.8305399605466859,161,124
7,2768,love,0.1252382231509383,0.4833750944596906,-0.0029369823370668513,0.1839153122916715,0.18685229462873834,0.9842817967856017,87,124
7,2768,wealth,0.15950986995318797,0.43191111111111113,-0.08184687619744108,0.12000607990272155,0.20185295610016263,0.594522281073645,125,124
7,2768,emotion,0.17242795842802808,0.460531113271755,-0.015780262703383008,0.17355911472537647,0.18933937742875948,0.9166562026420673,121,124
7,2768,scandal,0.08652507980984432,0.3545531197301855,-0.13121914179352956,0.0694564039887781,0.20067554578230767,0.34611294424373024,72,124
7,2768,duty,0.15944856192814866,0.5236308316430021,0.002034650992008974,0.18824262958518626,0.18620797859317728,1.0109267659010643,85,124
7,2768,class,0.12212265079146428,0.43170218081878864,-0.14786665839941576,0.06061493707197835,0.2084815954713941,0.29074478701408735,99,124
7,2768,society,0.1589059958099105,0.4270520627841152,-0.1561541200559755,0.061075403428955274,0.2172295234849308,0.2811560898761117,131,124
7,2773,female,0.23367071524966265,0.5085603262542321,0.007314420742166244,0.01316430046973066,0.0058498797275644155,2.2503540381267344,152,5
7,2773,male,0.21308031984723713,0.5066920119848494,0.009403930306052872,0.0150448865430595,0.005640956237006628,2.667080882793018,133,5
7,2773,family,0.17816638126235648,0.4982069750977313,-0.009150903888651222,8.403220113947665e-06,0.00915930710876517,0.0009174515073294785,119,5
7,2773,marriage,0.2438542007191893,0.5034568175096126,-0.0017211464910317767,0.006217314070632662,0.007938460561664439,0.7831888842370092,161,5
7,2773,love,0.13082706766917293,0.48875432525951557,-0.008640725207829431,1.1493988643939221e-05,0.00865221919647337,0.0013284439958820863,87,5
7,2773,wealth,0.18796992481203006,0.487962962962963,-0.00925307693882458,7.999872002047968e-06,0.009261076810826628,0.0008638166127541378,125,5
7,2773,emotion,0.18148418567078856,0.49308762761302866,-0.009184716581948943,8.26432620948414e-06,0.009192980908158427,0.0008989822007843917,121,5
7,2773,scandal,0.10827067669172932,0.48903878583473864,-0.008419472598551763,1.3888503097136193e-05,0.0084333611016489,0.0016468526519958745,72,5
7,2773,duty,0.12930400868481362,0.5022413793103448,0.004877941426336534,0.01177619350132938,0.006898252074992846,1.7071271637510383,85,5
7,2773,class,0.15073542441963497,0.49452118356711994,0.0030420272351002805,0.010110906850366658,0.007068879615266378,1.430340789380568,99,5
7,2773,society,0.19625208058313726,0.492537953512308,-0.009357499992674899,7.63347124471382e-06,0.009365133463919612,0.0008150947632842244,131,5
7,2838,female,0.2701000473775082,0.5398071201395302,0.07017881991752326,0.10526835173221405,0.03508953181469079,2.999993054485321,152,34
7,2838,male,0.19099686147116537,0.46162869579964955,-0.05450551907176229,0.007526202613494532,0.06203172168525682,0.1213282883161047,133,34
7,2838,family,0.176961941076271,0.4766983716563549,-0.011090686264396611,0.04202450378985228,0.05311519005424889,0.7911955835259105,119,34
7,2838,marriage,0.23135097670143626,0.4827713694173322,-0.04287015654293992,0.018639520005962657,0.06150967654890258,0.30303394606278705,161,34
7,2838,love,0.12889764839236337,0.48880404088613133,-0.019141302589010693,0.0344934599204616,0.05363476250947229,0.6431176033216645,87,34
7,2838,wealth,0.18511335680279814,0.48638518518518525,-0.03340143075501467,0.02400761587814595,0.057409046633160626,0.41818523883761,125,34
7,2838,emotion,0.19234127301312143,0.5426744044725328,0.018327093839509673,0.06612287400208261,0.04779578016257294,1.3834458560104743,121,34
7,2838,scandal,0.11500329778811563,0.48311317219411654,0.02055100400699051,0.0694564039887781,0.04890539998178759,1.4202195261305193,72,34
7,2838,duty,0.13027843010151718,0.5041379310344827,-0.0046562029864382,0.047069480718100756,0.051725683704538956,0.909982765738878,85,34
7,2838,class,0.14780733065818136,0.46882250062462083,-0.04819454083356378,0.010110906850366658,0.05830544768393044,0.17341272988767242,99,34
7,2838,society,0.19039407521108948,0.4446493409955114,-0.05415828929380173,0.007641104715958534,0.06179939400976026,0.12364368353884013,131,34
7,2856,female,0.19250696318619884,0.3386683081973941,-0.16495628921046895,0.05921632610097235,0.2241726153114413,0.26415503971544163,152,124
7,2856,male,0.17158905889909024,0.43077618859178024,-0.09210054986008658,0.11278777762740409,0.20488832748749067,0.5504841540264893,133,124
7,2856,family,0.1608051456326334,0.45335057099762976,-0.04287394923317056,0.15126636527117193,0.1941403145043425,0.779159988777134,119,124
7,2856,marriage,0.2973965077852359,0.5485063590653653,0.04900145208361331,0.22360591793890755,0.17460446585529424,1.2806426046567632,161,124
7,2856,love,0.11195403787560865,0.43664240544087823,-0.0955055875827565,0.10345739178409692,0.19896297936685342,0.519983125065791,87,124
7,2856,wealth,0.18035367301267002,0.46177777777777773,-0.05229172521179706,0.14400569590886547,0.19629742112066254,0.7336097187930587,125,124
7,2856,emotion,0.1896778582750308,0.5120320855614974,-0.04608792693960895,0.14876613609692405,0.194854063036533,0.763474642395671,121,124
7,2856,scandal,0.10691526084943115,0.5218053213415778,-0.03777011349067774,0.15278742257159525,0.190557536062273,0.8017915519272011,72,124
7,2856,duty,0.196089210441845,0.5793103448275861,0.10994313945608017,0.2823580621632433,0.1724149227071631,1.6376660310382452,85,124
7,2856,class,0.15055295323122064,0.48574080022843275,-0.029190815863549602,0.16162299751520173,0.19081381337875133,0.8470193779605725,99,124
7,2856,society,0.2360708600044658,0.5732481344883781,0.05298059489946047,0.22901177081265933,0.17603117591319886,1.300972794298007,131,124
7,2871,female,0.2927365488280383,0.5668474915358572,0.1137940860445571,0.16447809897238194,0.05068401292782485,3.24516725231203,152,51
7,2871,male,0.259786922115401,0.5889253208208491,0.14849911662022866,0.19549330085261876,0.04699418423239011,4.159946683651925,133,51
7,2871,family,0.2291482527341583,0.5783928956197864,0.12152934043603755,0.17647602561301493,0.05494668517697738,3.2117683722210506,119,51
7,2871,marriage,0.267135119948967,0.48797200039436067,-0.019233626875669443,0.06211724077961764,0.08135086765528708,0.7635719515871322,161,51
7,2871,love,0.12965171549563564,0.4554746848029273,-0.07500113845177295,0.011505482632583159,0.08650662108435611,0.13300117942684056,87,51
7,2871,wealth,0.1829679323095032,0.46882962962962965,-0.05503107864363377,0.03200748788019392,0.08703856652382769,0.3677391432114614,125,51
7,2871,emotion,0.17754937844328222,0.4648076689353427,-0.07353811974365868,0.016536916745177765,0.09007503648883644,0.18359045291137568,121,51
7,2871,scandal,0.10675678691029569,0.473686059584036,-0.039266366300725004,0.04167939779450571,0.08094576409523072,0.5149052363624118,72,51
7,2871,duty,0.12426335096067384,0.4816430020283976,-0.04745500780222724,0.035305051645843626,0.08276005944807087,0.42659529102404464,85,51
7,2871,class,0.14837092731829574,0.46035442766891527,-0.0663621861374699,0.020211712894688996,0.0865738990321589,0.233461968565695,99,51
7,2871,society,0.19699248120300752,0.4447565543071161,-0.09549949946084169,7.63347124471382e-06,0.0955071329320864,7.992566639040388e-05,131,51
7,2899,female,0.22281947705640934,0.47686467631065965,-0.03264668077080113,0.03947974368758306,0.07212642445838419,0.5473686514131153,152,43
7,2899,male,0.19381915155275994,0.4860365198711063,-0.024430868150370808,0.04511962226131938,0.06955049041169019,0.6487319067571499,133,43
7,2899,family,0.17509094022935753,0.47963800904977383,-0.027574142368952996,0.04202450378985228,0.06959864615880527,0.603812086996059,119,43
7,2899,marriage,0.23142626055034085,0.45950409149166904,-0.06892245061698943,0.012428417038297659,0.08135086765528708,0.15277546996558858,161,43
7,2899,love,0.13241382553717415,0.5087698365350197,-0.008264010039247337,0.05748143720834004,0.06574544724758738,0.8743029306804981,87,43
7,2899,wealth,0.20369178466474197,0.5349185185185185,-0.0008094507174415955,0.06400697588838579,0.06481642660582738,0.9875116423287004,125,43
7,2899,emotion,0.19069769236075507,0.5048918327661643,0.011885591761597813,0.07438720021156675,0.06250160844996894,1.1901645742432658,121,43
7,2899,scandal,0.11010092552453754,0.5168399850103055,-0.010200848623536797,0.05556790089164191,0.0657687495151787,0.8448982427128638,72,43
7,2899,duty,0.1339111582689506,0.5107302231237322,0.006803731257813639,0.070598338862615,0.06379460760480136,1.1066505698860183,85,43
7,2899,class,0.2681476611463848,0.6500517542920371,0.17325614035479003,0.2121270277368134,0.03887088738202339,5.457221124039955,99,43
7,2899,society,0.19252740070257332,0.5091488692569403,-0.03298766512670371,0.03817498969481382,0.07116265482151753,0.5364469578885688,131,43
7,2960,female,0.23327067669172932,0.504046116753873,0.013893281546629345,0.01974316127419376,0.0058498797275644155,3.3749687498342484,152,6
7,2960,male,0.22103472968134624,0.5150941262931765,0.026320990346791154,0.03008225440218944,0.0037612640553982882,7.997910795711485,133,6
7,2960,family,0.18084181040837388,0.5019931049342814,0.009487031461972596,0.01681484344800928,0.007327811986036682,2.294660872543632,119,6
7,2960,marriage,0.24168573607932875,0.49921744059942824,-0.003705265601670226,0.006217314070632662,0.009922579672302888,0.6265824286965015,161,6
7,2960,love,0.13060044747885038,0.49874716620928294,-0.010370823027560159,1.1493988643939221e-05,0.010382317016204097,0.0011070735583293227,87,6
7,2960,wealth,0.18796992481203006,0.49166666666666664,-0.01110492193199127,7.999872002047968e-06,0.01111292180399332,0.0007198711682154931,125,6
7,2960,emotion,0.1816317653638228,0.4967489061740399,-0.011022945117873445,8.26432620948414e-06,0.011031209444082929,0.0007491768015671116,121,6
7,2960,scandal,0.10827067669172932,0.4924114671163575,-0.010105807551890875,1.3888503097136193e-05,0.010119696054988012,0.001372422948307633,72,6
7,2960,duty,0.12781954887218044,0.49224137931034484,-0.010334751617424136,1.1764429072257124e-05,0.010346516046496394,0.0011370425579249773,85,6
7,2960,class,0.14887218045112782,0.4920494699646643,-0.010592335227750613,1.0100806044322337e-05,0.010602436033794935,0.0009526872891450271,99,6
7,2960,society,0.19699248120300752,0.49157303370786515,-0.011230152155026351,7.63347124471382e-06,0.011237785626271065,0.0006792682738305178,131,6
7,2963,female,0.21237277411626027,0.45103621627167334,-0.04117485171440598,0.03290088288311996,0.07407573459752594,0.44415196233200316,152,43
7,2963,male,0.18216854393794968,0.4775708067160382,-0.03382924426154412,0.03760093833175441,0.07143018259329853,0.5264012629691313,133,43
7,2963,family,0.169302879753231,0.5020931449502879,-0.03780885760562916,0.03362128367590461,0.07143014128153377,0.4706876267109631,119,43
7,2963,marriage,0.2488257773407136,0.5131617864537119,0.004834548087741614,0.06832834374728264,0.06349379565954102,1.0761420550850151,161,43
7,2963,love,0.13066396460735338,0.4951278685916557,-0.008264010039247337,0.05748143720834004,0.06574544724758738,0.8743029306804981,87,43
7,2963,wealth,0.18309179724083227,0.4877333333333333,-0.030364601703085574,0.04000735988224189,0.07037196158532746,0.5685127852115309,125,43
7,2963,emotion,0.19083132702368258,0.4998784637822071,-0.008319517729219454,0.057858547792598476,0.06617806552181793,0.8742858730533469,121,43
7,2963,scandal,0.11018770084276569,0.44275810380363495,0.020948827477413806,0.08334490708591429,0.06239607960850048,1.3357394824726154,72,43
7,2963,duty,0.12198330121245254,0.4683975659229209,-0.047150512974221945,0.023540622573586505,0.07069113554780845,0.33300671139075083,85,43
7,2963,class,0.14773593780073843,0.515651211764286,-0.02849279195618245,0.04041332498333367,0.06890611693951612,0.5864983658594616,99,43
7,2963,society,0.4673460412175101,0.70038882694342,0.2141715434569934,0.23664524205737317,0.022473698600379774,10.529875222356338,131,43
7,2966,female,0.2505182127740144,0.5309774802503335,0.00609506634781698,0.12500493414560335,0.11890986779778637,1.0512578683304128,152,80
7,2966,male,0.19469940103003722,0.5011306461642829,-0.04698759831401286,0.08271304190914422,0.12970064022315708,0.6377226956335309,133,80
7,2966,family,0.16109831874505334,0.45699048850309365,-0.05440060096320248,0.07563738424564292,0.1300379852088454,0.5816560762886711,119,80
7,2966,marriage,0.21150304573838083,0.42566918071576465,-0.10135874731909482,0.04348393187662265,0.14484267919571747,0.3002149098441153,161,80
7,2966,love,0.12431762831144161,0.45465934852642875,-0.019381283514604483,0.10345739178409692,0.1228386752987014,0.8422216499134487,87,80
7,2966,wealth,0.17044526368107737,0.4278740740740741,-0.05947599846939457,0.07200684789043375,0.13148284635982832,0.5476520312986334,125,80
7,2966,emotion,0.17274915374094388,0.46669148031113267,-0.015718645085974148,0.10744450504950331,0.12316315013547746,0.8723754217916944,121,80
7,2966,scandal,0.1050996979906928,0.5218638748360502,-0.07259524189708397,0.05556790089164191,0.12816314278872587,0.43357161569306085,72,80
7,2966,duty,0.1270052474366959,0.42271805273833674,-0.030012030098984205,0.09412719700712924,0.12413922710611344,0.7582389483214008,85,80
7,2966,class,0.15771124934893713,0.4935485598029768,0.03667984109049202,0.1515221914708794,0.11484235038038737,1.3193929849718293,99,80
7,2966,society,0.21524926459298444,0.5226863367355691,0.07834054960053277,0.18321094334437643,0.10487039374384366,1.7470225561481185,131,80
7,2974,female,0.2947250322056824,0.5335103108648814,0.06652416798233413,0.07237404770989854,0.0058498797275644155,12.371886443494356,152,14
7,2974,male,0.23675726217493168,0.5627084628865396,0.0018850767827511203,0.02256357047262447,0.02067849368987335,1.091161223343029,133,14
7,2974,family,0.21366701761398504,0.5432634592298459,0.04600864666352546,0.058830944017747605,0.012822297354222148,4.588174988297824,119,14
7,2974,marriage,0.2548587551472837,0.4925934141772651,0.013202669826435968,0.031061725941292653,0.017859056114856685,1.739270302964869,161,14
7,2974,love,0.12968250367297554,0.47434673666626903,-0.024211605585405978,1.1493988643939221e-05,0.024223099574049917,0.000474505279901428,87,14
7,2974,wealth,0.1867518796992481,0.4705333333333333,-0.025919681877324807,7.999872002047968e-06,0.025927681749326855,0.0003085455953634234,125,14
7,2974,emotion,0.18015260258083227,0.4760649611084103,-0.025728773405269446,8.26432620948414e-06,0.02573703773147893,0.0003211063485777522,121,14
7,2974,scandal,0.1072803536619326,0.4843076634813565,-0.02359648717860377,1.3888503097136193e-05,0.023610375681700907,0.0005882372768558768,72,14
7,2974,duty,0.12609223110771098,0.48780933062880333,-0.010639246445429426,0.01177619350132938,0.022415439946758806,0.5253608016962797,85,14
7,2974,class,0.14887218045112782,0.4673144876325088,-0.024726560901864838,1.0100806044322337e-05,0.024736661707909162,0.00040833343493089163,99,14
7,2974,society,0.19699248120300752,0.46535580524344566,-0.026211369453837965,7.63347124471382e-06,0.02621900292508268,0.0002911426977690307,131,14
7,3047,female,0.2739140531114083,0.5650841284497794,0.06701113002627757,0.11184721253667715,0.044836082510399576,2.494580397567963,152,40
7,3047,male,0.22969965245415425,0.5352973599412064,0.04699684117266736,0.09775040976827415,0.05075356859560679,1.925981019092506,133,40
7,3047,family,0.18567914471717822,0.5246637116385016,0.02909391918261322,0.0840406043595906,0.05494668517697738,1.529493618903039,119,40
7,3047,marriage,0.22868685697886598,0.4482278418613822,-0.03018920497186027,0.03727282890895765,0.06746203388081792,0.552500818078704,161,40
7,3047,love,0.13154983163462095,0.49289066539394666,-0.029521889507395052,0.0344934599204616,0.06401534942785665,0.5388310807987675,87,40
7,3047,wealth,0.17667544297276644,0.43174814814814816,-0.0740676516996588,7.999872002047968e-06,0.07407565157166085,0.00010799597212048669,125,40
7,3047,emotion,0.18538137536747046,0.46609899124939225,-0.012907386866854602,0.049594221583114335,0.06250160844996894,0.7934871247676746,121,40
7,3047,scandal,0.10112833982933539,0.457384766722878,-0.06744119596542068,1.3888503097136193e-05,0.06745508446851782,0.00020589260552200846,72,40
7,3047,duty,0.12365929842994637,0.5111359026369169,-0.04197811701696663,0.023540622573586505,0.06551873959055314,0.35929602309720604,85,40
7,3047,class,0.14360039027341737,0.4398044044687154,-0.04692762583556284,0.020211712894688996,0.06713933873025184,0.30104128632534327,99,40
7,3047,society,0.18971207535843398,0.46582754381450675,-0.027369708639649347,0.03817498969481382,0.06554469833446316,0.58242681199677,131,40
7,3116,female,0.23364661654135338,0.4897340207243254,-0.0012137502014386136,0.006585439665267561,0.0077991898667061745,0.8443748359731122,152,5
7,3116,male,0.20034664583536765,0.4999293346147323,5.554194879563504e-06,0.007526202613494532,0.007520648418614969,1.0007385259314978,133,5
7,3116,family,0.18164528969482532,0.49147351248191584,0.0010838113480249297,0.008411623334061612,0.007327811986036682,1.1479038148006873,119,5
7,3116,marriage,0.24458474945562228,0.5055333727693976,-0.0017211464910317767,0.006217314070632662,0.007938460561664439,0.7831888842370092,161,5
7,3116,love,0.13047273355803302,0.4935966272918904,-0.008640725207829431,1.1493988643939221e-05,0.00865221919647337,0.0013284439958820863,87,5
7,3116,wealth,0.19199197994987469,0.5009925925925925,0.010450357051604742,0.016007743876097984,0.005557386824493243,2.880444420868116,125,5
7,3116,emotion,0.18458335922450758,0.49135573650947983,0.0009178381634596978,0.008272590535693625,0.007354752372233927,1.1247952501840819,121,5
7,3116,scandal,0.10827067669172932,0.4873524451939292,-0.008419472598551763,1.3888503097136193e-05,0.0084333611016489,0.0016468526519958745,72,5
7,3116,duty,0.12785124576146245,0.5004158215010142,-0.008610619631672362,1.1764429072257124e-05,0.00862238406074462,0.0013644055968758083,85,5
7,3116,class,0.14905192273613327,0.4927187064996253,-0.008825557018486335,1.0100806044322337e-05,0.008835657824530658,0.0011431866470808807,99,5
7,3116,society,0.19699248120300752,0.4859550561797753,-0.009357499992674899,7.63347124471382e-06,0.009365133463919612,0.0008150947632842244,131,5
7,3189,female,0.23040649077173306,0.5073227659792757,0.006339522012034027,0.03947974368758306,0.03314022167554903,1.1912938927478587,152,23
7,3189,male,0.25682075361507717,0.5271284414042626,0.041358103815315905,0.06767567405001428,0.026317570234698367,2.571501603070327,133,23
7,3189,family,0.17015097314961192,0.46113830147443585,-0.02164838562441171,0.01681484344800928,0.03846322907242099,0.4371667135879847,119,23
7,3189,marriage,0.261170292748069,0.5618838114956126,0.0035408199089933673,0.03727282890895765,0.033732008999964286,1.1049691380045625,161,23
7,3189,love,0.1222201540619402,0.4768921767489958,-0.026558399499312588,0.011505482632583159,0.038063882131895745,0.302267713850444,87,23
7,3189,wealth,0.1799264245696882,0.5038444444444444,-0.02288285282539572,0.016007743876097984,0.0388905967014937,0.41160962374926874,125,23
7,3189,emotion,0.18647931592690162,0.49492586290714635,0.008239943498453257,0.041329895373630195,0.03308995187517694,1.249016484771185,121,23
7,3189,scandal,0.12436047452255233,0.5930532134157767,-0.007623825657705179,0.027790894697369516,0.035414720355074696,0.7847272099835327,72,23
7,3189,duty,0.13978135829643407,0.5171602434077079,0.014309248856831311,0.047069480718100756,0.032760231861269445,1.436787166708412,85,23
7,3189,class,0.19646965892013252,0.5772834350572866,0.03057794073627635,0.06061493707197835,0.030036996335701997,2.0180092707177044,99,23
7,3189,society,0.18761086118544795,0.49433913714726824,-0.03355911550793577,0.007641104715958534,0.0412002202238943,0.1854627153507682,131,23
7,3195,female,0.27424812030075185,0.5296052631578947,0.059214376790833204,0.05921632610097235,1.949310139141758e-06,30378.078138436176,152,9
7,3195,male,0.19957035445757249,0.49621233534965237,-0.007513214531553795,0.007526202613494532,0.015039417145048327,0.5004318013395934,133,9
7,3195,family,0.17849402919062363,0.4968295010311817,-0.006242169142889022,0.008411623334061612,0.014653792476950634,0.5740236424610536,119,9
7,3195,marriage,0.2412916348843122,0.4951197870452529,-0.009657622933585575,0.006217314070632662,0.015874937004218236,0.3916433853305355,161,9
7,3195,love,0.13082706766917293,0.4922145328719723,-0.01556111648675234,1.1493988643939221e-05,0.015572610475396279,0.0007380900370789401,87,9
7,3195,wealth,0.18779949874686716,0.4965777777777778,-0.006808739916276688,0.008007871874050014,0.014816611790326702,0.5404657952054622,125,9
7,3195,emotion,0.18458335922450758,0.49682486631016043,-0.006435075980238302,0.008272590535693625,0.014707666515931927,0.5624679160470465,121,9
7,3195,scandal,0.11023913951545532,0.5002225032789956,0.0004100256385670929,0.013902391600233327,0.013492365961666234,1.0303894542070415,72,9
7,3195,duty,0.13023735810113518,0.49902636916835696,-0.002018586516670558,0.01177619350132938,0.013794780017999938,0.8536702640498578,85,9
7,3195,class,0.14887218045112782,0.4920494699646643,-0.015892669855543443,1.0100806044322337e-05,0.015902770661587767,0.0006351601402443095,99,9
7,3195,society,0.19699248120300752,0.49157303370786515,-0.016848108642080705,7.63347124471382e-06,0.01685574211332542,0.00045287067118962733,131,9
7,3207,female,0.22463070898106519,0.46299502410998256,0.0026838954345995703,0.11184721253667715,0.10916331710207758,1.0245860560564066,152,73
7,3207,male,0.26651602444437106,0.6104641302504381,0.05075563195780532,0.15038119727522894,0.09962556531742363,1.5094639292091339,133,73
7,3207,family,0.18407698508435766,0.5156139378828455,0.040297586789306186,0.14286314515722426,0.10256555836791807,1.3928958943835685,119,73
7,3207,marriage,0.21906924992713483,0.4419858523119393,-0.07107946938801879,0.05590613781195264,0.12698560719997143,0.44025570333710196,161,73
7,3207,love,0.16743485810586128,0.5520423179413753,0.0191775741508505,0.12644536907197534,0.10726779492112484,1.17878221663616,87,73
7,3207,wealth,0.19393180613795774,0.5433703703703703,-0.007106215536369073,0.10400633589862562,0.1111125514349947,0.9360448892089158,125,73
7,3207,emotion,0.2562331827333265,0.6103245017015071,0.08807194737417516,0.1818234409348606,0.09375149356068545,1.9394191391225855,121,73
7,3207,scandal,0.1195455429410672,0.535705920929361,0.0015084549781910345,0.11112191328018665,0.10961345830199562,1.013761585489086,72,73
7,3207,duty,0.13609223219609667,0.519290060851927,0.03601113803331381,0.14118491329615773,0.10517377526284392,1.342396552201103,85,73
7,3207,class,0.1542029546678524,0.5069243673483956,0.01344453579458213,0.12121977333791237,0.10777523754333024,1.1247460557723392,99,73
7,3207,society,0.18369668477136153,0.49330274180175543,-0.04163661296192091,0.07634234591838292,0.11797895888030382,0.6470844177832537,131,73
7,3232,female,0.22857142857142856,0.49415204678362573,-0.00974192114504347,6.578860804463099e-06,0.009748500005847932,0.0006748587782573433,152,5
7,3232,male,0.2,0.4943609022556391,-0.009392821916293743,7.518683929564969e-06,0.009400340600223309,0.0007998310112919236,133,5
7,3232,family,0.17894736842105263,0.4945054945054945,-0.009150903888651222,8.403220113947665e-06,0.00915930710876517,0.0009174515073294785,119,5
7,3232,marriage,0.2581399150049036,0.5104628808044958,0.02286451974387857,0.024850622973627657,0.001986103229749088,12.512251422225862,161,5
7,3232,love,0.13082706766917293,0.49480968858131485,-0.008640725207829431,1.1493988643939221e-05,0.00865221919647337,0.0013284439958820863,87,5
7,3232,wealth,0.1891328320802005,0.49937777777777775,0.0005986400563900785,0.008007871874050014,0.007409231817659936,1.0807965076598656,125,5
7,3232,emotion,0.18182853828786844,0.4994986631016043,-0.009184716581948943,8.26432620948414e-06,0.009192980908158427,0.0008989822007843917,121,5
7,3232,scandal,0.10827067669172932,0.49494097807757165,-0.008419472598551763,1.3888503097136193e-05,0.0084333611016489,0.0016468526519958745,72,5
7,3232,duty,0.12781954887218044,0.49482758620689654,-0.008610619631672362,1.1764429072257124e-05,0.00862238406074462,0.0013644055968758083,85,5
7,3232,class,0.14887218045112782,0.49469964664310956,-0.008825557018486335,1.0100806044322337e-05,0.008835657824530658,0.0011431866470808807,99,5
7,3232,society,0.19699248120300752,0.4943820224719101,-0.009357499992674899,7.63347124471382e-06,0.009365133463919612,0.0008150947632842244,131,5
7,3234,female,0.21703602167672062,0.44190520160049246,-0.060911434127795275,0.01316430046973066,0.07407573459752594,0.1777140725107655,152,40
7,3234,male,0.1946269594853354,0.4725323647464526,-0.018791791605545782,0.04511962226131938,0.06391141386686516,0.7059712738416768,133,40
7,3234,family,0.17508102876024656,0.5041247268138025,-0.0323143722374437,0.03362128367590461,0.06593565591334831,0.5099105060785215,119,40
7,3234,marriage,0.22991765158375138,0.46707088632554467,-0.05477487120677062,0.018639520005962657,0.07341439121273327,0.25389463425089126,161,40
7,3234,love,0.13159332765592627,0.4772302430099829,-0.0162978030437251,0.045987448564400825,0.062285251608125924,0.7383360807948125,87,40
7,3234,wealth,0.18239151369092238,0.44938518518518517,-0.024809066723585495,0.04000735988224189,0.06481642660582738,0.6172410602781941,125,40
7,3234,emotion,0.2812144229842706,0.5601376397666504,0.09822071533264047,0.1405018098874399,0.042281094554799434,3.3230409799825806,121,40
7,3234,scandal,0.11075661009232747,0.47180063706201986,-0.005141843763519456,0.05556790089164191,0.060709744655161366,0.9153044738757995,72,40
7,3234,duty,0.12135620046408233,0.45032454361054763,-0.05546667807497554,0.01177619350132938,0.06724287157630492,0.17512924753356238,85,40
7,3234,class,0.14609418345695008,0.47534532605203983,0.0005427111787836211,0.06061493707197835,0.060072225893194726,1.0090343111097548,99,40
7,3234,society,0.18612333255844982,0.4656488549618321,-0.06539420226791044,0.007641104715958534,0.07303530698386898,0.10462206611305915,131,40
7,3264,female,0.23433583959899748,0.49404945111316295,0.005365110603024485,0.01316430046973066,0.0077991898667061745,1.6879061406415563,152,6
7,3264,male,0.19933166248955722,0.49058737068234504,-0.011272514097902083,7.518683929564969e-06,0.011280032781831649,0.0006665480565808727,133,6
7,3264,family,0.17894736842105263,0.48626373626373626,-0.01098239901137971,8.403220113947665e-06,0.010990802231493658,0.0007645684033058152,119,6
7,3264,marriage,0.2596083867822998,0.5218623681356601,0.0044899564766332205,0.012428417038297659,0.007938460561664439,1.565595361996259,161,6
7,3264,love,0.13397718434016073,0.5003480093863103,0.002853263436109789,0.011505482632583159,0.00865221919647337,1.329772439877968,87,6
7,3264,wealth,0.18796992481203006,0.4861111111111111,-0.01110492193199127,7.999872002047968e-06,0.01111292180399332,0.0007198711682154931,125,6
7,3264,emotion,0.20309583123850192,0.5166276737967914,0.02938727386376113,0.033065569164146054,0.003678295300384925,8.989373189177183,121,6
7,3264,scandal,0.10827067669172932,0.4873524451939292,-0.010105807551890875,1.3888503097136193e-05,0.010119696054988012,0.001372422948307633,72,6
7,3264,duty,0.127156125608138,0.49369168356997967,-0.010334751617424136,1.1764429072257124e-05,0.010346516046496394,0.0011370425579249773,85,6
7,3264,class,0.14887218045112782,0.48674911660777387,-0.010592335227750613,1.0100806044322337e-05,0.010602436033794935,0.0009526872891450271,99,6
7,3264,society,0.19625208058313726,0.4906795894444921,-0.011230152155026351,7.63347124471382e-06,0.011237785626271065,0.0006792682738305178,131,6
7,3305,female,0.25427580322956467,0.551317071919565,0.01657303475168625,0.07895290851436164,0.06237987376267539,1.2656791966824554,152,44
7,3305,male,0.19561894834101273,0.5142814743625983,0.0018845680015407706,0.06767567405001428,0.0657911060484735,1.0286447228767306,133,44
7,3305,family,0.16540998688632771,0.47071136146766407,-0.03964035272835764,0.03362128367590461,0.07326163640426225,0.458920730215762,119,44
7,3305,marriage,0.27046312642896675,0.5699373952479543,-0.021735237257807183,0.04969503484428764,0.07143027210209482,0.6957139232587989,161,44
7,3305,love,0.12855570777397957,0.5021278288191544,-0.02321819432264801,0.045987448564400825,0.06920564288704883,0.6645043185104552,87,44
7,3305,wealth,0.196375526272129,0.5135037037037037,0.017042138279821026,0.08000671989248172,0.06296458161266069,1.2706622968352033,125,44
7,3305,emotion,0.1939586336404968,0.5275811254253767,-5.519151973532033e-05,0.06612287400208261,0.06617806552181793,0.9991660148978472,121,44
7,3305,scandal,0.1017872535835562,0.4590242645681095,-0.05861169772830182,0.013902391600233327,0.07251408932853515,0.1917198675288452,72,44
7,3305,duty,0.12683830094264203,0.5008316430020284,-0.008408961785947036,0.05883390979035788,0.06724287157630492,0.8749464204948507,85,44
7,3305,class,0.16670811876713543,0.5281525502373559,0.04094593535607296,0.10101816124926769,0.060072225893194726,1.6816117556088412,99,44
7,3305,society,0.18337712158773067,0.4864768276295851,-0.025354193881989888,0.04580846093952764,0.07116265482151753,0.6437148958786845,131,44
7,3309,female,0.2126355100739791,0.40452190417564377,-0.058962123988653525,0.01316430046973066,0.07212642445838419,0.18251702574198359,152,39
7,3309,male,0.19519669176982468,0.5119565831872914,-0.03570885164628407,0.03008225440218944,0.0657911060484735,0.4572389219230974,133,39
7,3309,family,0.16939897694329492,0.47748330101271286,-0.010013446641362903,0.05042772390379994,0.06044117054516284,0.8343273872448419,119,39
7,3309,marriage,0.2313152800080221,0.46180863649807746,-0.020009863782918372,0.04348393187662265,0.06349379565954102,0.6848532431279148,161,39
7,3309,love,0.14472413363208733,0.48007397685240416,0.025104554167015472,0.08046941449621849,0.055364860329203014,1.4534384086998278,87,39
7,3309,wealth,0.17978333900170604,0.45879999999999993,-0.013105504735204151,0.048007231884289854,0.061112736619494006,0.7855519902898727,125,39
7,3309,emotion,0.208485835528019,0.4660306271268838,0.00913595115988717,0.06612287400208261,0.05698692284219544,1.160316625342722,121,39
7,3309,scandal,0.10385705132364659,0.5034195240771969,-0.050180022961606265,0.013902391600233327,0.06408241456183959,0.21694550205502258,72,39
7,3309,duty,0.1265651494715001,0.4763488843813387,-0.013276862915197057,0.047069480718100756,0.060346343633297814,0.7799889418875884,85,39
7,3309,class,0.14712585817723162,0.4595424206731627,0.002309489388047904,0.06061493707197835,0.05830544768393044,1.0396101818740484,99,39
7,3309,society,0.20178326495995383,0.5225719758698574,0.0030213137438979062,0.061075403428955274,0.05805408968505737,1.0520430818782354,131,39
7,3315,female,0.22584532809145935,0.492151431209603,-0.004381440092684303,0.01316430046973066,0.017545740562414962,0.7502846871667448,152,11
7,3315,male,0.19761911930856893,0.4958307422692068,-0.011272598894770475,0.007526202613494532,0.018798801508265007,0.40035544871226164,133,11
7,3315,family,0.175763366278411,0.4936282205189768,-0.02013987462502215,8.403220113947665e-06,0.0201482778451361,0.00041706890177510526,119,11
7,3315,marriage,0.23950573780583587,0.47851966873706003,-0.021821083233165922,6.211102967664998e-06,0.021827294336133587,0.0002845567055509206,161,11
7,3315,love,0.12948895226572177,0.48369327447003146,-0.019021312126213795,1.1493988643939221e-05,0.019032806114857734,0.0006039040472525317,87,11
7,3315,wealth,0.20383111226341716,0.4984740740740741,0.00919100408781925,0.02400761587814595,0.014816611790326702,1.6203175338777147,125,11
7,3315,emotion,0.19131537050741054,0.5094798249878463,0.01009357643872998,0.024801242954661906,0.014707666515931927,1.6862799361210656,121,11
7,3315,scandal,0.10966614117736409,0.5021313471988008,0.01261219378236417,0.027790894697369516,0.015178700915005346,1.8309139135922432,72,11
7,3315,duty,0.13167477517322718,0.48468559837728187,0.008021710569834794,0.023540622573586505,0.015518912003751712,1.5168990304461187,85,11
7,3315,class,0.15071326830872755,0.5054252775100831,-0.019426226274072003,1.0100806044322337e-05,0.019436327080116327,0.0005196869759480399,99,11
7,3315,society,0.19445785408314656,0.48697715641707406,-0.02059341296678361,7.63347124471382e-06,0.020601046438028323,0.00037053803394435065,131,11
7,3321,female,0.21089974616404722,0.4285036421463014,-0.0933197507484127,0.12500493414560335,0.21832468489401605,0.5725643630527323,152,131
7,3321,male,0.18428637860821498,0.4100429645542427,-0.16164865179838483,0.06767567405001428,0.2293243258483991,0.2951090068589494,133,131
7,3321,family,0.16756895335814032,0.39597377412503465,-0.1478068522223554,0.07563738424564292,0.22344423646799833,0.33850675873726194,119,131
7,3321,marriage,0.30973874003071405,0.5930321403923888,0.14165050532708898,0.3043502565185525,0.16269975119146354,1.870625211703768,161,131
7,3321,love,0.12412290765735759,0.48377281947261663,-0.04149584000252185,0.16092733500379303,0.20242317500631488,0.7950044998453248,87,131
7,3321,wealth,0.1832278158004972,0.5210962962962963,-0.006144338192675958,0.19200492792115328,0.19814926611382924,0.9689913653774762,125,131
7,3321,emotion,0.1834821668928767,0.4227485415653865,-0.12967340990894094,0.09091585263053503,0.22058926253947597,0.41214994593788473,121,131
7,3321,scandal,0.14393477900274648,0.6562207232527637,0.1684732745426027,0.3472264659315019,0.17875319138889922,1.942491002435454,72,131
7,3321,duty,0.14115587767025753,0.5174239350912779,0.030431410265773257,0.22353591680195764,0.19310450653618438,1.1575903680886563,85,131
7,3321,class,0.14434351932884945,0.48197522932505266,-0.01782309482122632,0.18182460960384642,0.19964770442507274,0.9107272739575826,99,131
7,3321,society,0.2012930458497585,0.5531492123395373,0.07789652339126141,0.2595456557915146,0.1816491324002532,1.428829592305413,131,131
7,3326,female,0.21060464389579545,0.45457576690263674,-0.038250642845132014,0.006585439665267561,0.044836082510399576,0.14687812352011825,152,24
7,3326,male,0.18766541156300962,0.413477302278252,-0.0357085972556789,0.007526202613494532,0.04323479986917343,0.17407742457683179,133,24
7,3326,family,0.17047366919200546,0.49558284852402507,-0.03371459598381635,0.008411623334061612,0.04212621931787796,0.19967667334182357,119,24
7,3326,marriage,0.22504088253470342,0.458012915311052,-0.04761463167146577,6.211102967664998e-06,0.04762084277443344,0.0001304282453999149,161,24
7,3326,love,0.1661139638404978,0.5682297259674661,0.03783193499930644,0.06897542585227927,0.03114349085297283,2.2147621850002213,87,24
7,3326,wealth,0.2337217400032942,0.5718518518518518,0.024523887157510887,0.056007103886337825,0.03148321672882694,1.7789511271024971,125,24
7,3326,emotion,0.19232171091864497,0.5036460865337871,0.026606824453346042,0.057858547792598476,0.031251723339252434,1.8513714319900008,121,24
7,3326,scandal,0.11463042061050223,0.514123102866779,0.021839515489906328,0.05556790089164191,0.03372838540173558,1.6475114426062925,72,24
7,3326,duty,0.13267833296803822,0.5075862068965518,-0.014392005244938267,0.023540622573586505,0.03793262781852477,0.6205903446918491,85,24
7,3326,class,0.1517527633008533,0.5098868544098226,-0.018659174487334396,0.020211712894688996,0.03887088738202339,0.5199704523215061,99,24
7,3326,society,0.19433144315638548,0.5202418732309804,-0.02592564426322195,0.015274575960672354,0.0412002202238943,0.37074015326362353,131,24
7,3330,female,0.22857142857142856,0.4892787524366472,-0.00974192114504347,6.578860804463099e-06,0.009748500005847932,0.0006748587782573433,152,5
7,3330,male,0.20325814536340853,0.4991308157612076,0.009403930306052872,0.0150448865430595,0.005640956237006628,2.667080882793018,133,5
7,3330,family,0.17894736842105263,0.4899267399267399,-0.009150903888651222,8.403220113947665e-06,0.00915930710876517,0.0009174515073294785,119,5
7,3330,marriage,0.2415822164105917,0.4972456373853889,-0.0017211464910317767,0.006217314070632662,0.007938460561664439,0.7831888842370092,161,5
7,3330,love,0.13082706766917293,0.49048442906574397,-0.008640725207829431,1.1493988643939221e-05,0.00865221919647337,0.0013284439958820863,87,5
7,3330,wealth,0.18779949874686716,0.49474074074074076,-0.00925307693882458,7.999872002047968e-06,0.009261076810826628,0.0008638166127541378,125,5
7,3330,emotion,0.18458335922450758,0.4950018230432669,0.0009178381634596978,0.008272590535693625,0.007354752372233927,1.1247952501840819,121,5
7,3330,scandal,0.10827067669172932,0.49072512647554806,-0.008419472598551763,1.3888503097136193e-05,0.0084333611016489,0.0016468526519958745,72,5
7,3330,duty,0.1410685135298138,0.5240365111561867,0.004877941426336534,0.01177619350132938,0.006898252074992846,1.7071271637510383,85,5
7,3330,class,0.15073542441963497,0.49627012171181784,0.0030420272351002805,0.010110906850366658,0.007068879615266378,1.430340789380568,99,5
7,3330,society,0.20389303121324015,0.5039168596506275,0.00014862341439037408,0.007641104715958534,0.00749248130156816,1.0198363409114455,131,5
7,3389,female,0.2248190821333236,0.4876051605622243,-0.014858921175430917,0.006585439665267561,0.02144436084069848,0.3070942386150395,152,12
7,3389,male,0.2,0.45958646616541354,-0.022550667187552123,7.518683929564969e-06,0.022558185871481687,0.0003333017988266899,133,12
7,3389,family,0.1778637770897833,0.46577092375411705,-0.02197136974775064,8.403220113947665e-06,0.02197977296786459,0.00038231605603257295,119,12
7,3389,marriage,0.23942972221773445,0.4860987873410234,-0.015609980265500926,0.006217314070632662,0.021827294336133587,0.28484126225647144,161,12
7,3389,love,0.14575087143145218,0.5032712882313168,0.01892084944506532,0.0344934599204616,0.015572610475396279,2.215008201273899,87,12
7,3389,wealth,0.203870936157449,0.5243555555555556,0.01719087608986722,0.03200748788019392,0.014816611790326702,2.160243403213841,125,12
7,3389,emotion,0.1909757100260533,0.4863575595527468,0.00825534790280548,0.024801242954661906,0.016545895051856427,1.4989363147435355,121,12
7,3389,scandal,0.11416290621334481,0.49512834925988386,-0.004648979221450243,0.013902391600233327,0.01855137082168357,0.7493996930531014,72,12
7,3389,duty,0.12492099599788566,0.48873225152129823,-0.020679543531934776,1.1764429072257124e-05,0.020691307961007033,0.0005685686518154742,85,12
7,3389,class,0.15440883861936497,0.49801013670271616,0.014409748277423567,0.030312518939011334,0.015902770661587767,1.9061155808731731,99,12
7,3389,society,0.1945408968898369,0.46871515567372846,-0.02246606512913506,7.63347124471382e-06,0.022473698600379774,0.00033966243741673935,131,12
7,3393,female,0.22418980646138212,0.4899648609828665,-0.023387092119035773,6.578860804463099e-06,0.023393670979840235,0.00028122396052553204,152,12
7,3393,male,0.19699274204788864,0.4771892136355928,-0.013152291076378816,0.007526202613494532,0.02067849368987335,0.36396280725303964,133,12
7,3393,family,0.17618114967739026,0.49025764151814577,-0.011736654511074487,0.008411623334061612,0.0201482778451361,0.4174859706768803,119,12
7,3393,marriage,0.24283829568981388,0.49289534654441486,0.0007804638911059723,0.018639520005962657,0.017859056114856685,1.0437012955803984,161,12
7,3393,love,0.2041688795555241,0.596627291890387,0.032144935908735274,0.045987448564400825,0.013842512655665551,3.322189381727356,87,12
7,3393,wealth,0.24604242513789978,0.5631925925925926,0.01719087608986722,0.03200748788019392,0.014816611790326702,2.160243403213841,125,12
7,3393,emotion,0.22754234404192986,0.5565067452600875,0.04866556688444005,0.057858547792598476,0.009192980908158427,6.293774387691527,121,12
7,3393,scandal,0.1361353836448526,0.537310286677909,0.010925858829025057,0.027790894697369516,0.01686503586834446,1.6478408295522793,72,12
7,3393,duty,0.1944332195652994,0.546997971602434,0.060251822816118614,0.070598338862615,0.010346516046496394,6.823392390107788,85,12
7,3393,class,0.156591854409282,0.515856444301674,0.02627733253101018,0.04041332498333367,0.01413599245232349,2.858895483764365,99,12
7,3393,society,0.20400374761964388,0.5243302741801756,-0.0034538183150045147,0.015274575960672354,0.01872839427567687,0.815583852786265,131,12
7,3428,female,0.23345669891508525,0.46899045860264704,-0.003650509705646475,0.01974316127419376,0.023393670979840235,0.8439531055371218,152,15
7,3428,male,0.19749901663127073,0.49364011532590885,-0.009392991510030528,0.0150448865430595,0.02443787805309003,0.6156380071035473,133,15
7,3428,family,0.17335638798856645,0.4966294209991689,-0.017231139879259953,0.008411623334061612,0.025642763213321564,0.32803108088459415,119,15
7,3428,marriage,0.23901338244503617,0.5076653849945776,-0.013367115519112826,0.012428417038297659,0.025795532557410485,0.4818050183749917,161,15
7,3428,love,0.1267299870810064,0.4875710933460605,-0.012717616941466758,0.011505482632583159,0.024223099574049917,0.47497978518132933,87,15
7,3428,wealth,0.201248121263299,0.5195555555555555,0.01163534111036714,0.03200748788019392,0.02037214676982678,1.5711396663423378,125,15
7,3428,emotion,0.203136068048983,0.5453026251823043,0.002740662295031976,0.024801242954661906,0.02206058065962993,1.124233461312424,121,15
7,3428,scandal,0.10269316003035692,0.47622728124414476,-0.00970798408146758,0.013902391600233327,0.023610375681700907,0.5888255141327325,72,15
7,3428,duty,0.13466696650324533,0.49423935091277893,0.0011251826268276997,0.023540622573586505,0.022415439946758806,1.050196767426829,85,15
7,3428,class,0.14669651391621955,0.5086911518006925,-0.026493339111129114,1.0100806044322337e-05,0.026503439917173438,0.0003811130206308127,99,15
7,3428,society,0.20562185131853264,0.5331074706235525,-0.018577898209124144,0.007641104715958534,0.02621900292508268,0.2914338404667997,131,15
7,3432,female,0.23317394888257473,0.5015774084333641,0.008776281516241897,0.02632202207865686,0.017545740562414962,1.5001944194673396,152,13
7,3432,male,0.19976705496793615,0.45928260500876256,-0.005633607146813848,0.0150448865430595,0.02067849368987335,0.7275620152980343,133,13
7,3432,family,0.1697436298886868,0.45286576168929116,-0.013568149633802977,0.008411623334061612,0.02197977296786459,0.38269837208860547,119,13
7,3432,marriage,0.23669576698302466,0.5083740017746229,-0.009398877297835928,0.012428417038297659,0.021827294336133587,0.569397967807392,161,13
7,3432,love,0.12605268201418196,0.4552857654217874,-0.009257421302005303,0.011505482632583159,0.02076290393458846,0.5541364863159769,87,13
7,3432,wealth,0.18157761291960836,0.49640740740740735,-0.024067836884158113,7.999872002047968e-06,0.024075836756160162,0.0003322780463557016,125,13
7,3432,emotion,0.19331669466939685,0.5160807608167234,0.006417119366880979,0.024801242954661906,0.018384123587780927,1.3490576711416955,121,13
7,3432,scandal,0.12757469526441112,0.5763069139966273,-0.021910152225264656,1.3888503097136193e-05,0.021924040728361793,0.0006334828177241981,72,13
7,3432,duty,0.19503237141761576,0.5687322515212982,0.04503912977235794,0.05883390979035788,0.013794780017999938,4.264940050462877,85,13
7,3432,class,0.14138236007266033,0.4562676232287539,-0.011092198439013944,0.010110906850366658,0.021203105289380603,0.47685971992761655,99,13
7,3432,society,0.19116991533833153,0.4742473625525346,-0.01483259388442124,0.007641104715958534,0.022473698600379774,0.3400020998541561,131,13
7,3448,female,0.22832552363289169,0.4311134195136965,-0.009254959101100031,0.03947974368758306,0.04873470278868309,0.8100950950282749,152,31
7,3448,male,0.19467000567525833,0.4856266606365538,-0.011272938082244041,0.03760093833175441,0.04887387641399845,0.7693463479851049,133,31
7,3448,family,0.18439098805936754,0.4794994921045341,0.014873229577141156,0.058830944017747605,0.04395771444060645,1.3383531142388851,119,31
7,3448,marriage,0.22202926800572262,0.4606563639948733,-0.05330824336763147,0.006217314070632662,0.05952555743826413,0.10444780927883607,161,31
7,3448,love,0.13746506589994523,0.5051604820427157,0.012497163797521388,0.05748143720834004,0.044984273410818655,1.2778118406429129,87,31
7,3448,wealth,0.1949413452717049,0.49084444444444447,-0.008142461785085271,0.04000735988224189,0.04814982166732716,0.8308932099027614,125,31
7,3448,emotion,0.178472757682737,0.44641012396694224,0.0036366699564658947,0.049594221583114335,0.04595755162664844,1.0791310639202556,121,31
7,3448,scandal,0.10085728675897307,0.46856848416713504,-0.03668934333489337,0.013902391600233327,0.0505917349351267,0.2747957075950338,72,31
7,3448,duty,0.1698000055005871,0.5790162271805274,0.02749331508683491,0.070598338862615,0.04310502377578009,1.6378215965779162,85,31
7,3448,class,0.16005914444473932,0.5153389013813042,0.01644371506216212,0.06061493707197835,0.04417122200981623,1.3722721335881434,99,31
7,3448,society,0.20527395763497225,0.525967064070675,0.008496407635644257,0.05344193218424146,0.0449455245485972,1.1890379013213765,131,31
7,3462,female,0.22605127540371323,0.5057966553811429,-0.016808231314572673,0.006585439665267561,0.023393670979840235,0.28150518448605755,152,13
7,3462,male,0.20697490128067303,0.5086918423879248,-0.005633607146813848,0.0150448865430595,0.02067849368987335,0.7275620152980343,133,13
7,3462,family,0.20597088974409491,0.5438790900975775,0.006901280839549332,0.02521806356195694,0.01831678272240761,1.3767736366567238,119,13
7,3462,marriage,0.2362820812544076,0.4950458444247264,-0.009398877297835928,0.012428417038297659,0.021827294336133587,0.569397967807392,161,13
7,3462,love,0.12903911209517574,0.5019687388139841,-0.02248150776567525,1.1493988643939221e-05,0.02249300175431919,0.0005110028785384814,87,13
7,3462,wealth,0.19144716443768678,0.48558518518518523,0.005487314101485865,0.02400761587814595,0.018520301776660086,1.2962864302300343,125,13
7,3462,emotion,0.180854834527268,0.4923736023334954,-0.013787990123936306,0.008272590535693625,0.02206058065962993,0.37499423351340766,121,13
7,3462,scandal,0.11729068566160927,0.5249906314408844,0.009239523875685947,0.027790894697369516,0.01855137082168357,1.4980507350641916,72,13
7,3462,duty,0.12621585684365766,0.4908316430020285,-0.008915114459677654,0.01177619350132938,0.020691307961007033,0.5691372204672895,85,13
7,3462,class,0.15005742704641112,0.4606667380518971,0.012642970068159287,0.030312518939011334,0.017669548870852047,1.7155230820465257,99,13
7,3462,society,0.2066273880850846,0.5028161363181519,0.01368577633677458,0.0305415184501,0.01685574211332542,1.8119355554296994,131,13
7,3503,female,0.24059249776768393,0.551874935877706,-0.02460547187113971,0.006585439665267561,0.03119091153640727,0.21113328661041667,152,17
7,3503,male,0.3714144191614879,0.6573011476058567,0.09022976134965918,0.09775040976827415,0.007520648418614969,12.99760397166374,133,17
7,3503,family,0.20814816889920174,0.5621787176409025,0.009810015585311537,0.03362128367590461,0.023811268090593075,1.4119904721821646,119,17
7,3503,marriage,0.2329317062295782,0.5080227743271222,-0.017335353740389726,0.012428417038297659,0.029763770778687384,0.41756863168626374,161,17
7,3503,love,0.11911580234237638,0.45127868591655734,-0.016177812580928215,0.011505482632583159,0.027683295213511375,0.41561102258347016,87,17
7,3503,wealth,0.17178626054676685,0.4663851851851852,-0.03147521685682489,7.999872002047968e-06,0.03148321672882694,0.00025409957536101944,125,17
7,3503,emotion,0.17153051119682097,0.4528135634419057,-0.02114090426763431,0.008272590535693625,0.029413494803327934,0.281251534056959,121,17
7,3503,scandal,0.10842294057904867,0.5159968146899007,-0.013080653988145808,0.013902391600233327,0.026983045588379134,0.5152269247807032,72,17
7,3503,duty,0.12484985108270046,0.4624137931034483,-0.002323081344675848,0.023540622573586505,0.025863703918262353,0.9101798662354119,85,17
7,3503,class,0.13591899582861375,0.43521790341578326,-0.030026895529657673,1.0100806044322337e-05,0.030036996335701997,0.0003362788319809539,99,17
7,3503,society,0.18641144720145347,0.45442719501386625,-0.022323202533827052,0.007641104715958534,0.029964307249785587,0.25500688709425123,131,17
7,3572,female,0.22857142857142856,0.4951267056530214,-0.00974192114504347,6.578860804463099e-06,0.009748500005847932,0.0006748587782573433,152,5
7,3572,male,0.23007518796992482,0.518796992481203,0.0375990586395728,0.03760093833175441,1.87969218160834e-06,20003.763752327683,133,5
7,3572,family,0.17894736842105263,0.49542124542124544,-0.009150903888651222,8.403220113947665e-06,0.00915930710876517,0.0009174515073294785,119,5
7,3572,marriage,0.24210526315789474,0.49503968253968256,-0.009916368569335223,6.211102967664998e-06,0.009922579672302888,0.0006259564722242773,161,5
7,3572,love,0.15080805461930685,0.5089587559161596,0.017807447719510466,0.02299947127652238,0.005192023557011914,4.429770208001356,87,5
7,3572,wealth,0.18796992481203006,0.49537037037037035,-0.00925307693882458,7.999872002047968e-06,0.009261076810826628,0.0008638166127541378,125,5
7,3572,emotion,0.18195488721804512,0.4954044117647059,-0.009184716581948943,8.26432620948414e-06,0.009192980908158427,0.0008989822007843917,121,5
7,3572,scandal,0.10827067669172932,0.4957841483979764,-0.008419472598551763,1.3888503097136193e-05,0.0084333611016489,0.0016468526519958745,72,5
7,3572,duty,0.13023735810113518,0.5024340770791075,0.004877941426336534,0.01177619350132938,0.006898252074992846,1.7071271637510383,85,5
7,3572,class,0.14887218045112782,0.495583038869258,-0.008825557018486335,1.0100806044322337e-05,0.008835657824530658,0.0011431866470808807,99,5
7,3572,society,0.19699248120300752,0.4953183520599251,-0.009357499992674899,7.63347124471382e-06,0.009365133463919612,0.0008150947632842244,131,5
7,3577,female,0.22639692857111518,0.47432543346670775,-0.011447750262213511,0.01974316127419376,0.03119091153640727,0.6329780151027578,152,19
7,3577,male,0.20665641395305503,0.5156382497597376,0.03008012031940266,0.052638306190884346,0.022558185871481687,2.333445893585656,133,19
7,3577,family,0.17731157776893303,0.48727183180964695,-0.004087689896821602,0.02521806356195694,0.029305753458778543,0.8605157890435454,119,19
7,3577,marriage,0.23941805531991392,0.492162082224194,-0.01310836988336318,0.018639520005962657,0.03174788988932584,0.587110515702099,161,19
7,3577,love,0.14315267898944284,0.5129857216720359,0.0068101647069502246,0.0344934599204616,0.027683295213511375,1.2460026760968972,87,19
7,3577,wealth,0.18321169927717265,0.48914814814814817,-0.03517890684315827,7.999872002047968e-06,0.03518690671516032,0.00022735365931935873,125,19
7,3577,emotion,0.17946214720924394,0.48144293874574623,-0.024817361339483313,0.008272590535693625,0.03308995187517694,0.25000309963126494,121,19
7,3577,scandal,0.130055871714429,0.5032321528948848,0.030271190256601892,0.05556790089164191,0.025296710635040017,2.1966453145285527,72,19
7,3577,duty,0.13489539262557446,0.495,0.007717215741829497,0.035305051645843626,0.02758783590401413,1.2797325519623988,85,19
7,3577,class,0.15776598375918974,0.5124477995502731,0.013909885066160234,0.04041332498333367,0.026503439917173438,1.5248331955438816,99,19
7,3577,society,0.19623554027330645,0.46486262401006373,-0.016562383451464685,0.015274575960672354,0.03183695941213704,0.47977496099610356,131,19
7,3601,female,0.2403145401152442,0.49755052836770297,0.0021959587484107757,0.17763582058130814,0.17543986183289736,1.012516874582869,152,117
7,3601,male,0.2041849468384368,0.4582367573068009,-0.03195082403296165,0.15038119727522894,0.1823320213081906,0.824765700481207,133,117
7,3601,family,0.17854499202196095,0.48774894573213906,-0.019818768137395,0.1596695853851196,0.1794883535225146,0.8895818711947873,119,117
7,3601,marriage,0.26933875375579996,0.5466208222419402,0.054695063779779035,0.21739481497124258,0.16269975119146354,1.336171772715732,161,117
7,3601,love,0.18874670152050627,0.630533349242334,0.19431091289242752,0.34483115330682057,0.15052024041439305,2.290928797052042,87,117
7,3601,wealth,0.22577924741057054,0.5480888888888888,0.07889179368294572,0.2400041599334411,0.16111236625049538,1.489669387381451,125,117
7,3601,emotion,0.17090941675725455,0.48002248420029164,-0.04332288193354608,0.1405018098874399,0.18382469182098599,0.7643250125695871,121,117
7,3601,scandal,0.11689137931660845,0.561973018549747,0.036333583384597246,0.20834143496014002,0.17200785157554277,1.2112321213862087,72,117
7,3601,duty,0.18157694401533514,0.6202231237322515,0.1220120633563426,0.2823580621632433,0.16034599880690067,1.760929890751541,85,117
7,3601,class,0.15655099385255103,0.4960381197130314,-0.016823368398699662,0.16162299751520173,0.1784463659139014,0.9057231100591732,99,117
7,3601,society,0.18967937189162273,0.5088629670926609,-0.07650269107005844,0.11450970214195202,0.19101239321201047,0.5994883379857701,131,117
7,3608,female,0.22775623765121325,0.4860726377346876,-0.006818199596892172,0.02632202207865686,0.03314022167554903,0.7942621004639531,152,21
7,3608,male,0.19454753135006403,0.4773729436372887,-0.03006952071085388,0.007526202613494532,0.037595723324348414,0.2001877327472535,133,21
7,3608,family,0.20087834297080712,0.5244251546772555,0.03318818080442604,0.058830944017747605,0.025642763213321564,2.2942513459271168,119,21
7,3608,marriage,0.23858392753382832,0.4951690821256039,-0.025271830182943524,0.012428417038297659,0.037700247221241184,0.3296640726261747,161,21
7,3608,love,0.15390556167065744,0.5161476355247983,0.016574055531158722,0.045987448564400825,0.029413393033242103,1.5634866916191463,87,21
7,3608,wealth,0.18672325302204798,0.4860592592592593,-0.00932744584384768,0.02400761587814595,0.03333506172199363,0.7201911332171359,125,21
7,3608,emotion,0.2024422335704051,0.5185038891589694,0.04222406480652818,0.06612287400208261,0.02389880919555443,2.766785301236505,121,21
7,3608,scandal,0.12065580618212199,0.4595512460183624,-0.019825993801502254,0.013902391600233327,0.03372838540173558,0.41218669183926476,72,21
7,3608,duty,0.1262002540861453,0.4902028397565923,-0.022708170345691843,0.01177619350132938,0.03448436384702122,0.34149371446227567,85,21
7,3608,class,0.1470663335454624,0.46080950851268865,-0.025226424113128174,0.010110906850366658,0.03533733096349483,0.2861253686795301,99,21
7,3608,society,0.19326473657216733,0.4645624267375704,-0.02981381118323286,0.007641104715958534,0.03745491589919139,0.20400805961813648,131,21
7,3625,female,0.2387331966279335,0.5063609315686879,0.011943971407487586,0.01974316127419376,0.0077991898667061745,2.5314374453100004,152,7
7,3625,male,0.20731590881966822,0.5084727796935948,0.0150429220540095,0.02256357047262447,0.007520648418614969,3.000216100220205,133,7
7,3625,family,0.17954444935869085,0.4950749530581463,-0.0025791788974320468,0.008411623334061612,0.010990802231493658,0.7653329717091208,119,7
7,3625,marriage,0.24137790127492642,0.49316030760130136,-0.013884606790612123,6.211102967664998e-06,0.013890817893579788,0.0004471373114817506,161,7
7,3625,love,0.20845216489499607,0.5435807182913732,0.08046768439839876,0.08046941449621849,1.7300978197307277e-06,46511.4556339289,87,7
7,3625,wealth,0.18796992481203006,0.4898148148148148,-0.012956766925157964,7.999872002047968e-06,0.012964766797160012,0.0006170471190568061,125,7
7,3625,emotion,0.18195488721804512,0.4898897058823529,-0.012861173653797945,8.26432620948414e-06,0.012869437980007429,0.0006421668313473005,121,7
7,3625,scandal,0.10827067669172932,0.49072512647554806,-0.011792142505229987,1.3888503097136193e-05,0.011806031008327124,0.0011763905317683692,72,7
7,3625,duty,0.12863555948695266,0.5038843813387424,-0.012058883603175908,1.1764429072257124e-05,0.012070648032248166,0.0009746311084419351,85,7
7,3625,class,0.14887218045112782,0.4902826855123675,-0.012359113437014891,1.0100806044322337e-05,0.012369214243059213,0.0008166085448130736,99,7
7,3625,society,0.19699248120300752,0.4897003745318352,-0.013102804317377804,7.63347124471382e-06,0.013110437788622517,0.0005822438096427295,131,7
7,3643,female,0.22400138973382341,0.4962424335693034,-0.01656475029260096,0.02632202207865686,0.04288677237125782,0.6137561915403966,152,26
7,3643,male,0.19578239553607632,0.48533693255695626,-0.020671229396548963,0.02256357047262447,0.04323479986917343,0.5218844666883838,133,26
7,3643,family,0.17705209536731345,0.5093345030319821,-0.02714287099259717,0.01681484344800928,0.04395771444060645,0.382523151205829,119,26
7,3643,marriage,0.2533892405916747,0.5063344178251011,0.013978906733684904,0.04969503484428764,0.035716128110602735,1.3913891978717514,161,26
7,3643,love,0.1292732027522527,0.47897028994153434,-0.01852460649483482,0.02299947127652238,0.0415240777713572,0.5538827714033724,87,26
7,3643,wealth,0.18548550905922107,0.49300740740740745,-0.018586670809681138,0.02400761587814595,0.04259428668782709,0.5636346501946091,125,26
7,3643,emotion,0.18120585206882323,0.48992008993680114,-0.017479851600137528,0.024801242954661906,0.042281094554799434,0.586579964762527,121,26
7,3643,scandal,0.10694645954728324,0.4919079070638936,-0.012682830517722513,0.027790894697369516,0.04047372521509203,0.6866403956886103,72,26
7,3643,duty,0.12577281438891344,0.46573022312373225,-0.031328830274450714,0.01177619350132938,0.04310502377578009,0.273197703411847,85,26
7,3643,class,0.14604431423069572,0.49763536424313815,-0.022192730905862948,0.020211712894688996,0.042404443800551944,0.47664138667347117,99,26
7,3643,society,0.44049345941241624,0.6589258655688024,0.18896988977457643,0.19084441458909024,0.0018745248145138032,101.8094895355014,131,26
7,3650,female,0.2287124060150376,0.4819495742279676,-0.005112370479722129,0.006585439665267561,0.01169781014498969,0.562963459235592,152,7
7,3650,male,0.199129931853044,0.49241053762225107,-0.0037538301683371165,0.007526202613494532,0.011280032781831649,0.6672146046374534,133,7
7,3650,family,0.1779379243957645,0.4839782066672823,-0.0128138941341082,8.403220113947665e-06,0.012822297354222148,0.0006553599469072738,119,7
7,3650,marriage,0.24029484262296916,0.4934129448881002,-0.005689384712308677,0.006217314070632662,0.011906698782941339,0.522169426089623,161,7
7,3650,love,0.13526611382915427,0.5130056079226822,-0.012100920847290886,1.1493988643939221e-05,0.012112414835934825,0.0009489427829775269,87,7
7,3650,wealth,0.19088010235378655,0.5080370370370372,-0.003105049929943305,0.008007871874050014,0.01111292180399332,0.7205910393837085,125,7
7,3650,emotion,0.1944256895464415,0.5092747326203209,0.007343935837019339,0.016536916745177765,0.009192980908158427,1.7988633837695678,121,7
7,3650,scandal,0.17164812222378012,0.5434466928986322,0.05050720969667123,0.05556790089164191,0.005060691194970675,10.980298686449213,72,7
7,3650,duty,0.12650074383820512,0.4933164300202839,-0.012058883603175908,1.1764429072257124e-05,0.012070648032248166,0.0009746311084419351,85,7
7,3650,class,0.15413104848650233,0.515017667844523,-0.000491529183428277,0.010110906850366658,0.010602436033794935,0.953639976434172,99,7
7,3650,society,0.1959976276569286,0.4831746576321582,-0.013102804317377804,7.63347124471382e-06,0.013110437788622517,0.0005822438096427295,131,7
7,3722,female,0.2276159147869674,0.485719965117472,-0.00974192114504347,6.578860804463099e-06,0.009748500005847932,0.0006748587782573433,152,5
7,3722,male,0.19903329752953813,0.48678557295494373,-0.009392821916293743,7.518683929564969e-06,0.009400340600223309,0.0007998310112919236,133,5
7,3722,family,0.1782626208378088,0.4978299011912457,-0.009150903888651222,8.403220113947665e-06,0.00915930710876517,0.0009174515073294785,119,5
7,3722,marriage,0.2410451594825573,0.4851991521246179,-0.009916368569335223,6.211102967664998e-06,0.009922579672302888,0.0006259564722242773,161,5
7,3722,love,0.13082706766917293,0.4835640138408305,-0.008640725207829431,1.1493988643939221e-05,0.00865221919647337,0.0013284439958820863,87,5
7,3722,wealth,0.18671688837478312,0.4969925925925926,-0.00925307693882458,7.999872002047968e-06,0.009261076810826628,0.0008638166127541378,125,5
7,3722,emotion,0.21039044850676508,0.5329894871171608,0.011020392908868339,0.016536916745177765,0.005516523836309426,2.9977060251847503,121,5
7,3722,scandal,0.10827067669172932,0.4839797639123103,-0.008419472598551763,1.3888503097136193e-05,0.0084333611016489,0.0016468526519958745,72,5
7,3722,duty,0.13853752027126637,0.4972515212981744,0.004877941426336534,0.01177619350132938,0.006898252074992846,1.7071271637510383,85,5
7,3722,class,0.15479861269334957,0.5011600099939323,0.014909611488686896,0.020211712894688996,0.005302101406002099,3.812019300120676,99,5
7,3722,society,0.19742007690983185,0.4918017554392887,0.00014862341439037408,0.007641104715958534,0.00749248130156816,1.0198363409114455,131,5
7,3724,female,0.23087962878975377,0.5238791423001949,0.011699515743270536,0.10526835173221405,0.09356883598894351,1.125036457047814,152,64
7,3724,male,0.32555068136441473,0.5912148793035219,0.14285987048166685,0.2105306687117487,0.06767079823008185,3.111100714267176,133,64
7,3724,family,0.22310865060704763,0.5609166743620526,0.06701575813053874,0.15126636527117193,0.08425060714063319,1.7954335333973195,119,64
7,3724,marriage,0.23426901267413036,0.5008380163659667,-0.045027175313969284,0.06211724077961764,0.10714441609358692,0.5797524784192265,161,64
7,3724,love,0.12812652829756252,0.41767092232430497,-0.05782015071726256,0.045987448564400825,0.10380759928166339,0.4430065706382351,87,64
7,3724,wealth,0.17644613593354394,0.4517777777777778,-0.039698195573942135,0.06400697588838579,0.10370517146232792,0.6172013891421012,125,64
7,3724,emotion,0.1936276925237257,0.4968856344190569,-0.0065120980019994085,0.09091585263053503,0.09742795063253444,0.9331598585349082,121,64
7,3724,scandal,0.10509089429353055,0.4379332958590969,-0.061188720694133454,0.04167939779450571,0.10286811848863917,0.40517313241909486,72,64
7,3724,duty,0.11850793847775767,0.4327383367139959,-0.04289160150098249,0.05883390979035788,0.10172551129134037,0.5783594404483263,85,64
7,3724,class,0.14610742753388825,0.5070135988863904,-0.0062572130827992095,0.09091735520494536,0.09717456828774457,0.9356085322117765,99,64
7,3724,society,0.1758558774689316,0.4292249192326386,-0.08181948394314946,0.0305415184501,0.11236100239324946,0.27181600198738604,131,64
7,3728,female,0.22836174242424243,0.5016800041038268,-0.00974192114504347,6.578860804463099e-06,0.009748500005847932,0.0006748587782573433,152,5
7,3728,male,0.19889196675900275,0.48578212448414276,-0.009392821916293743,7.518683929564969e-06,0.009400340600223309,0.0007998310112919236,133,5
7,3728,family,0.17769054990417218,0.49181210945916826,-0.009150903888651222,8.403220113947665e-06,0.00915930710876517,0.0009174515073294785,119,5
7,3728,marriage,0.24849498327759198,0.5087129054520358,0.0064740755872716715,0.012428417038297659,0.0059543414510259875,2.0872865854995335,161,5
7,3728,love,0.138475499092559,0.5026448713359584,0.017807447719510466,0.02299947127652238,0.005192023557011914,4.429770208001356,87,5
7,3728,wealth,0.18961501793699934,0.5012,0.0005986400563900785,0.008007871874050014,0.007409231817659936,1.0807965076598656,125,5
7,3728,emotion,0.24383910879126192,0.5472775887214391,0.03122550239968563,0.033065569164146054,0.0018400667644604247,17.969765980677515,121,5
7,3728,scandal,0.11567318560352616,0.5142167884579352,0.007155365451923539,0.013902391600233327,0.006747026148309788,2.0605213752810965,72,5
7,3728,duty,0.12781954887218044,0.4827586206896552,-0.008610619631672362,1.1764429072257124e-05,0.00862238406074462,0.0013644055968758083,85,5
7,3728,class,0.1541252120199489,0.5003569261519791,0.0030420272351002805,0.010110906850366658,0.007068879615266378,1.430340789380568,99,5
7,3728,society,0.1959976276569286,0.4859622037338822,-0.009357499992674899,7.63347124471382e-06,0.009365133463919612,0.0008150947632842244,131,5
7,3742,female,0.22474940322795675,0.4810518621114189,-0.00974192114504347,6.578860804463099e-06,0.009748500005847932,0.0006748587782573433,152,5
7,3742,male,0.21904675266174378,0.5276230991011363,-0.009392821916293743,7.518683929564969e-06,0.009400340600223309,0.0007998310112919236,133,5
7,3742,family,0.17778064111892633,0.49292794040693205,-0.009150903888651222,8.403220113947665e-06,0.00915930710876517,0.0009174515073294785,119,5
7,3742,marriage,0.24397401538307803,0.4922421867297644,0.0064740755872716715,0.012428417038297659,0.0059543414510259875,2.0872865854995335,161,5
7,3742,love,0.13082706766917293,0.46453287197231835,-0.008640725207829431,1.1493988643939221e-05,0.00865221919647337,0.0013284439958820863,87,5
7,3742,wealth,0.2047725624609535,0.5064148148148148,0.010450357051604742,0.016007743876097984,0.005557386824493243,2.880444420868116,125,5
7,3742,emotion,0.1806153180499397,0.477242343218279,0.0009178381634596978,0.008272590535693625,0.007354752372233927,1.1247952501840819,121,5
7,3742,scandal,0.10606288040498567,0.49524545624882893,-0.008419472598551763,1.3888503097136193e-05,0.0084333611016489,0.0016468526519958745,72,5
7,3742,duty,0.17780116221835082,0.5471095334685597,0.031855063542354324,0.035305051645843626,0.0034499881034892985,10.233383587584813,85,5
7,3742,class,0.14823921076336663,0.5046221936681301,-0.008825557018486335,1.0100806044322337e-05,0.008835657824530658,0.0011431866470808807,99,5
7,3742,society,0.1949955900734744,0.5078837521800039,-0.009357499992674899,7.63347124471382e-06,0.009365133463919612,0.0008150947632842244,131,5
7,3758,female,0.227392043283942,0.5040653534420848,-0.020463370570884473,0.02632202207865686,0.04678539264954133,0.562611973255552,152,28
7,3758,male,0.20018871329137922,0.49274266493300917,-0.03382898987093895,0.0150448865430595,0.04887387641399845,0.30783084229517993,133,28
7,3758,family,0.18397959708137154,0.5126204327885,-0.00010171552802568096,0.04202450378985228,0.04212621931787796,0.9975854579245355,119,28
7,3758,marriage,0.2548252080007277,0.5179988662131518,0.010010668512407998,0.04969503484428764,0.03968436633187964,1.2522572346862415,161,28
7,3758,love,0.1306025949102884,0.5108081772262657,-0.035208888597966226,0.011505482632583159,0.04671437123054938,0.24629428437672574,87,28
7,3758,wealth,0.19163801333398853,0.4956518518518519,-0.012438643800799863,0.03200748788019392,0.04444613168099378,0.7201411386980374,125,28
7,3758,emotion,0.19031543073923796,0.5170074744773943,-0.0009511991811692391,0.041329895373630195,0.042281094554799434,0.9775029669368205,121,28
7,3758,scandal,0.10911961055566036,0.5065579913809255,0.01509417567654988,0.05556790089164191,0.04047372521509203,1.3729376427536886,72,28
7,3758,duty,0.1259185483581768,0.4726876267748479,-0.03477709424595426,0.01177619350132938,0.046553287747283636,0.2529615859787165,85,28
7,3758,class,0.148901458145366,0.4996252275404219,-0.0019911188172182723,0.04041332498333367,0.042404443800551944,0.9530445717544018,99,28
7,3758,society,0.4850944154278827,0.6793893129770993,0.21374295567106935,0.2137448283232317,1.8726521623514522e-06,114140.10486321808,131,28
7,3768,female,0.22984022556390976,0.4959218220991074,0.005365110603024485,0.01316430046973066,0.0077991898667061745,1.6879061406415563,152,6
7,3768,male,0.202236360131097,0.5018655661710668,0.007524238124444532,0.0150448865430595,0.007520648418614969,2.000477313075851,133,6
7,3768,family,0.17945655995191598,0.5033244066857512,-0.000747683774703559,0.008411623334061612,0.00915930710876517,0.9183689588368078,119,6
7,3768,marriage,0.24291113158390046,0.4993961352657004,0.0044899564766332205,0.012428417038297659,0.007938460561664439,1.565595361996259,161,6
7,3768,love,0.14743739321779248,0.5151831523684525,0.002853263436109789,0.011505482632583159,0.00865221919647337,1.329772439877968,87,6
7,3768,wealth,0.1884159115738063,0.5026370370370371,-0.0012532049367766137,0.008007871874050014,0.009261076810826628,0.8646804293668918,125,6
7,3768,emotion,0.18458335922450758,0.49317877977637337,-0.0009203903724648022,0.008272590535693625,0.009192980908158427,0.899881182985176,121,6
7,3768,scandal,0.10827067669172932,0.48903878583473864,-0.010105807551890875,1.3888503097136193e-05,0.010119696054988012,0.001372422948307633,72,6
7,3768,duty,0.12781954887218044,0.48879310344827587,-0.010334751617424136,1.1764429072257124e-05,0.010346516046496394,0.0011370425579249773,85,6
7,3768,class,0.14814542182963236,0.49434272049113037,-0.010592335227750613,1.0100806044322337e-05,0.010602436033794935,0.0009526872891450271,99,6
7,3768,society,0.19602058581568427,0.497219601452383,-0.011230152155026351,7.63347124471382e-06,0.011237785626271065,0.0006792682738305178,131,6
7,3782,female,0.21467926395583348,0.3915884374679388,-0.07723684562796716,0.006585439665267561,0.08382228529323472,0.07856430592593859,152,44
7,3782,male,0.19145577588800622,0.3845822262422975,-0.0733024408878457,0.007526202613494532,0.08082864350134022,0.09311306348072793,133,44
7,3782,family,0.16674581647386072,0.4144119186135993,-0.07034449843838611,0.008411623334061612,0.07875612177244773,0.10680596180521362,119,44
7,3782,marriage,0.235089438345444,0.5046029281277729,-0.013540015179503734,0.05590613781195264,0.06944615299145637,0.8050285783004492,161,44
7,3782,love,0.13103179140127294,0.502296861949648,-0.009994107858978064,0.05748143720834004,0.06747554506731811,0.8518854816236139,87,44
7,3782,wealth,0.17879846494644647,0.4673629629629629,-0.03221644669625227,0.04000735988224189,0.07222380657849416,0.5539359080749534,125,44
7,3782,emotion,0.19584250853112734,0.5355341516771999,0.010047363225673317,0.07438720021156675,0.06433983698589343,1.1561608436577178,121,44
7,3782,scandal,0.10418521190379854,0.48731731309724563,-0.02746202162735121,0.04167939779450571,0.06914141942185692,0.6028137423618938,72,44
7,3782,duty,0.17239334710796883,0.5623529411764706,0.05903384350409744,0.11765605515164348,0.058622211647546045,2.0070217728566644,85,44
7,3782,class,0.13962765312120595,0.44194596138059034,-0.06586232292620657,0.010110906850366658,0.07597322977657323,0.13308512590511623,99,44
7,3782,society,0.245415137871382,0.5976284415473025,0.031682546560401745,0.09160928840781056,0.059926741847408815,1.5286879543617802,131,44
7,3804,female,0.2305044676755203,0.4915615061044424,0.00804535112920407,0.01974316127419376,0.01169781014498969,1.6877655755904213,152,9
7,3804,male,0.21807750051457148,0.5247187517666346,0.01128353769079282,0.02256357047262447,0.011280032781831649,2.0003107177991986,133,9
7,3804,family,0.217171319971764,0.5319820235786622,0.014227261330463283,0.02521806356195694,0.010990802231493658,2.2944697783207513,119,9
7,3804,marriage,0.2477544301516926,0.5013925860199152,-0.009657622933585575,0.006217314070632662,0.015874937004218236,0.3916433853305355,161,9
7,3804,love,0.1417079847900815,0.515352185498946,0.024111142904257504,0.0344934599204616,0.010382317016204097,3.3223277485462974,87,9
7,3804,wealth,0.18474954207854016,0.4883259259259259,-0.016660456911491345,7.999872002047968e-06,0.016668456783493393,0.0004799407710910719,125,9
7,3804,emotion,0.17957449073583326,0.4747052746718522,-0.016537630725646943,8.26432620948414e-06,0.016545895051856427,0.0004994789452660898,121,9
7,3804,scandal,0.10720094507101087,0.47046561738804565,-0.015164812411908209,1.3888503097136193e-05,0.015178700915005346,0.000914999457067588,72,9
7,3804,duty,0.12831940814603351,0.48912778904665316,-0.002018586516670558,0.01177619350132938,0.013794780017999938,0.8536702640498578,85,9
7,3804,class,0.14799973418394471,0.4671806403255167,-0.015892669855543443,1.0100806044322337e-05,0.015902770661587767,0.0006351601402443095,99,9
7,3804,society,0.19546694098723025,0.46829344998141637,-0.007341985235015432,0.007641104715958534,0.014983089950973966,0.5099819022945828,131,9
7,3834,female,0.26063284302673123,0.5532728018877603,0.09137628846274284,0.2434244286259391,0.15204814016319626,1.6009694585087717,152,115
7,3834,male,0.21160179115680966,0.5140200124371077,0.028198816997294873,0.19549330085261876,0.1672944838553239,1.1685579604675587,133,115
7,3834,family,0.16888978561343215,0.5053252070058794,-0.07756406931199494,0.10925026470143359,0.18681433401342853,0.5848066492210158,119,115
7,3834,marriage,0.27150291385871256,0.5441683919944789,0.0750537461576628,0.22981702090657255,0.15476327474890975,1.4849583745106594,161,115
7,3834,love,0.19758905027906593,0.6147237799785229,0.184547022068219,0.3333371646628813,0.14879014259466233,2.240317529426167,87,115
7,3834,wealth,0.2646037148990623,0.6196888888888888,0.1909643706166403,0.3280027519559687,0.13703838133932839,2.39351011554485,125,115
7,3834,emotion,0.3413212381087515,0.6668084589207582,0.2836353269913794,0.4049602485909324,0.12132492159955297,3.3378158687315125,121,115
7,3834,scandal,0.10389158441520796,0.5029979389169945,-0.022593098910625747,0.15278742257159525,0.175380521482221,0.8711766921403111,72,115
7,3834,duty,0.11618003009621607,0.47154158215010145,-0.07686808854228737,0.10589162607938636,0.18275971462167373,0.5794035425039404,85,115
7,3834,class,0.2000955794682323,0.5791483742013777,0.14098878331645492,0.29293347609139214,0.15194469277493722,1.9278954120718237,99,115
7,3834,society,0.197543188307511,0.47165280041169905,-0.06325126333829026,0.12214317338666586,0.18539443672495612,0.6588286873311836,131,115
7,3847,female,0.21854649633114687,0.4766979583461578,-0.02314361109706406,0.01974316127419376,0.04288677237125782,0.4603554938297251,152,25
7,3847,male,0.202845265943486,0.4824184521454011,0.009403591118579309,0.04511962226131938,0.03571603114274007,1.2632876838900247,133,25
7,3847,family,0.17232865600195013,0.4740511589251086,-0.02531137586986868,0.01681484344800928,0.04212621931787796,0.39915386948750153,119,25
7,3847,marriage,0.2324950862008282,0.46557971014492755,-0.025013084547193882,0.018639520005962657,0.04365260455315654,0.4269967438675507,161,25
7,3847,love,0.12825378243916818,0.4536451497434673,-0.030018595138774043,0.011505482632583159,0.0415240777713572,0.27707978719379095,87,25
7,3847,wealth,0.18028155132761364,0.43940740740740747,-0.03643825980694377,0.008007871874050014,0.04444613168099378,0.18017027738983638,125,25
7,3847,emotion,0.1886010014243368,0.4990125182304327,0.004563486426604257,0.041329895373630195,0.03676640894702594,1.124121081067649,121,25
7,3847,scandal,0.1040869278776547,0.4597151958028855,-0.0265713336148587,0.013902391600233327,0.04047372521509203,0.34349177215607146,72,25
7,3847,duty,0.13683436575519808,0.527707910750507,0.01086098488532776,0.047069480718100756,0.036208495832773,1.2999568094236413,85,25
7,3847,class,0.14380050921521736,0.46980404754256344,-0.020425952696598672,0.020211712894688996,0.04063766559128767,0.49736402423973963,99,25
7,3847,society,0.24148734912779854,0.5329216342167711,0.04825069083094879,0.07634234591838292,0.02809165508743413,2.7176165191425308,131,25
7,3856,female,0.23725533499400686,0.5097337642351493,-0.003163060340580371,0.006585439665267561,0.009748500005847932,0.6755336370356005,152,6
7,3856,male,0.2188680104888761,0.5184860647860252,0.007524238124444532,0.0150448865430595,0.007520648418614969,2.000477313075851,133,6
7,3856,family,0.23669049569320574,0.552898082309847,0.01972174669864875,0.02521806356195694,0.005496316863308193,4.58817498782088,119,6
7,3856,marriage,0.23901045802779897,0.47742285319925076,-0.011900487679973674,6.211102967664998e-06,0.011906698782941339,0.0005216477783113119,161,6
7,3856,love,0.12856411585994162,0.46412520383406913,-0.010370823027560159,1.1493988643939221e-05,0.010382317016204097,0.0011070735583293227,87,6
7,3856,wealth,0.18638591934381404,0.46320000000000006,-0.0012532049367766137,0.008007871874050014,0.009261076810826628,0.8646804293668918,125,6
7,3856,emotion,0.18008673433187328,0.4690538405444822,-0.0009203903724648022,0.008272590535693625,0.009192980908158427,0.899881182985176,121,6
7,3856,scandal,0.10911654135338346,0.4768362375866592,0.005469030498584427,0.013902391600233327,0.0084333611016489,1.64849950464787,72,6
7,3856,duty,0.1321981424148607,0.4590060851926977,0.00315380944058476,0.01177619350132938,0.00862238406074462,1.3657700024726838,85,6
7,3856,class,0.14514883264883263,0.47331977013955817,-0.010592335227750613,1.0100806044322337e-05,0.010602436033794935,0.0009526872891450271,99,6
7,3856,society,0.1926600500014086,0.4657489207193299,-0.011230152155026351,7.63347124471382e-06,0.011237785626271065,0.0006792682738305178,131,6
7,3870,female,0.23557532309715254,0.5067584897917309,0.002928351098816624,0.02632202207865686,0.023393670979840235,1.1251770660626539,152,16
7,3870,male,0.2129648030815423,0.5082395839222117,0.026320820753054374,0.04511962226131938,0.018798801508265007,2.4001329148074753,133,16
7,3870,family,0.17740027430429908,0.4815772462831286,-0.019062635001988442,0.008411623334061612,0.027474258336050054,0.30616379997847754,119,16
7,3870,marriage,0.23962346098529222,0.49185398797200036,-0.007156012551447828,0.018639520005962657,0.025795532557410485,0.7225871365034233,161,16
7,3870,love,0.1347020441321987,0.5138607167004733,-0.0012236282975275382,0.02299947127652238,0.024223099574049917,0.9494850650827572,87,16
7,3870,wealth,0.18796992481203006,0.46574074074074073,-0.029623371863658196,7.999872002047968e-06,0.029631371735660245,0.00026997980630611313,125,16
7,3870,emotion,0.1879260507011703,0.4862588113757899,-0.009200120986301165,0.016536916745177765,0.02573703773147893,0.6425338035040822,121,16
7,3870,scandal,0.10827067669172932,0.4688026981450253,-0.026969157085281997,1.3888503097136193e-05,0.026983045588379134,0.0005147122125681351,72,16
7,3870,duty,0.12821836887489774,0.5077991886409736,-0.014087510416932974,0.01177619350132938,0.025863703918262353,0.4553173643686393,85,16
7,3870,class,0.14790428869376238,0.47934289895420634,-0.004524948813220166,0.020211712894688996,0.024736661707909162,0.8170752032967141,99,16
7,3870,society,0.1941786816905819,0.48882122537667605,-0.020450550371475595,0.007641104715958534,0.02809165508743413,0.2720062129448728,131,16
7,3883,female,0.21124361024578447,0.4485097978865292,-0.048728611249001304,0.05263746529650925,0.10136607654551055,0.5192808786710533,152,60
7,3883,male,0.19329077709567977,0.4545338911187744,-0.04698725912653928,0.052638306190884346,0.09962556531742363,0.5283614303481399,133,60
7,3883,family,0.17130021931486653,0.45473574045002624,-0.017770698508632707,0.07563738424564292,0.09340808275427563,0.8097520258906178,119,60
7,3883,marriage,0.2437871784131746,0.528874593315587,-0.028895476793112038,0.06832834374728264,0.09722382054039468,0.7027942675652279,161,60
7,3883,love,0.11627021530491675,0.4438810006761325,-0.0905720188293495,0.011505482632583159,0.10207750146193266,0.11271320778517621,87,60
7,3883,wealth,0.19006639402295927,0.4995111111111111,0.007116052379583279,0.09600646389657766,0.08889041151699438,1.0800542179641361,125,60
7,3883,emotion,0.20690035758287076,0.5409425133689839,0.06145614461415047,0.1405018098874399,0.07904566527328943,1.7774764675570365,121,60
7,3883,scandal,0.1024403670743434,0.4543516957092,-0.007718866729351098,0.08334490708591429,0.09106377381526538,0.9152366917504973,72,60
7,3883,duty,0.12476927052223771,0.44772819472616626,0.004470609616051266,0.09412719700712924,0.08965658739107797,1.049863704888753,85,60
7,3883,class,0.15396232938371482,0.5196487846664526,-0.046660437260088554,0.05051413102765601,0.09717456828774457,0.519828715652827,99,60
7,3883,society,0.18717845754581314,0.5007862309517683,-0.03630438166548258,0.061075403428955274,0.09737978509443786,0.6271876998814263,131,60
7,3900,female,0.21316232361837023,0.4425720734585001,-0.030697370631659365,0.03947974368758306,0.07017711431924242,0.5625729138337513,152,42
7,3900,male,0.18372429966442005,0.38299225507377466,-0.06954305652462901,0.007526202613494532,0.07706925913812354,0.09765505335802456,133,42
7,3900,family,0.17639391125714826,0.46727921938005973,-0.005273216772872208,0.058830944017747605,0.06410416079061981,0.9177398672917099,119,42
7,3900,marriage,0.32392435210276,0.5903578822833481,0.06418522174650418,0.11180606452093762,0.04762084277443344,2.3478388454438686,161,42
7,3900,love,0.12339676382511437,0.46239510002784073,-0.059430258074196406,0.011505482632583159,0.07093574070677956,0.16219584821113098,87,42
7,3900,wealth,0.20583302161302752,0.540785185185185,0.0010423942757250976,0.06400697588838579,0.06296458161266069,1.0165552481730291,125,42
7,3900,emotion,0.1786722286433488,0.48895539620807,0.0036212655521136727,0.06612287400208261,0.06250160844996894,1.057938757751402,121,42
7,3900,scandal,0.11100953550110348,0.5158094435075886,-0.024089351720672995,0.04167939779450571,0.0657687495151787,0.6337264749765819,72,42
7,3900,duty,0.12930403357627288,0.49999999999999994,-0.004960697814443485,0.05883390979035788,0.06379460760480136,0.922239543409428,85,42
7,3900,class,0.14231809461587314,0.4858657243816254,-0.026726013746918166,0.04041332498333367,0.06713933873025184,0.6019321272302341,99,42
7,3900,society,0.24893630537199418,0.6147039483088887,0.006909480663908833,0.0687088746736691,0.06179939400976026,1.1118049905425575,131,42
7,3934,female,0.2966752031319243,0.5546770801272186,0.020472142351092446,0.02632202207865686,0.0058498797275644155,4.4995834615417625,152,7
7,3934,male,0.22901355534165949,0.5439962688676578,0.0150429220540095,0.02256357047262447,0.007520648418614969,3.000216100220205,133,7
7,3934,family,0.22808270327816343,0.5330439868254995,0.03835968204927257,0.04202450378985228,0.003664821740579705,11.466998056974472,119,7
7,3934,marriage,0.24234818531157204,0.49211278714384304,-0.005689384712308677,0.006217314070632662,0.011906698782941339,0.522169426089623,161,7
7,3934,love,0.13082706766917293,0.4679930795847751,-0.012100920847290886,1.1493988643939221e-05,0.012112414835934825,0.0009489427829775269,87,7
7,3934,wealth,0.18514826221850883,0.48998518518518525,-0.012956766925157964,7.999872002047968e-06,0.012964766797160012,0.0006170471190568061,125,7
7,3934,emotion,0.17995746943115368,0.47589784880894503,-0.012861173653797945,8.26432620948414e-06,0.012869437980007429,0.0006421668313473005,121,7
7,3934,scandal,0.10799133249791143,0.48442477047030164,-0.011792142505229987,1.3888503097136193e-05,0.011806031008327124,0.0011763905317683692,72,7
7,3934,duty,0.12854068532087107,0.48845841784989863,0.0014296774548329862,0.01177619350132938,0.010346516046496394,1.138179600482902,85,7
7,3934,class,0.1475898644863839,0.4851518720776671,-0.012359113437014891,1.0100806044322337e-05,0.012369214243059213,0.0008166085448130736,99,7
7,3934,society,0.19699248120300752,0.46535580524344566,-0.013102804317377804,7.63347124471382e-06,0.013110437788622517,0.0005822438096427295,131,7
7,3945,female,0.25822938591304606,0.5108366676926234,0.02997472470370684,0.05921632610097235,0.029241601397265508,2.025071243344587,152,24
7,3945,male,0.21641731834070954,0.5042681892701679,0.039478411633707564,0.06767567405001428,0.02819726241630671,2.400079591005856,133,24
7,3945,family,0.2180199818860322,0.5403392126081201,0.06863255638294519,0.09244382447353826,0.023811268090593075,3.8823562070672306,119,24
7,3945,marriage,0.23516671293023006,0.4655673863748398,-0.023028965436555433,0.018639520005962657,0.04166848544251809,0.44732895394599,161,24
7,3945,love,0.12912807740096427,0.44425883943841227,-0.028288497319043315,0.011505482632583159,0.03979397995162647,0.28912621070523953,87,24
7,3945,wealth,0.18049169278813906,0.461362962962963,-0.034586414813777076,0.008007871874050014,0.04259428668782709,0.18800342713922147,125,24
7,3945,emotion,0.17601554758955965,0.46337202236266406,-0.023905949273697172,0.016536916745177765,0.04044286601887494,0.408895767600916,121,24
7,3945,scandal,0.10434464668077445,0.4551948660296047,-0.04045983671199489,1.3888503097136193e-05,0.04047372521509203,0.00034314862353253896,72,24
7,3945,duty,0.16839133798177403,0.5155172413793103,0.053050800045106226,0.08236276793487213,0.0293119678897659,2.809868250463618,85,24
7,3945,class,0.14241105869402598,0.4674304886319021,-0.042394342994507624,1.0100806044322337e-05,0.042404443800551944,0.00023820159254046535,99,24
7,3945,society,0.19007224372906845,0.4546559167452898,-0.03543176767028722,0.007641104715958534,0.04307287238624575,0.1773994696072587,131,24
7,3946,female,0.23731245270718954,0.48479019185390376,0.005365110603024485,0.01316430046973066,0.0077991898667061745,1.6879061406415563,152,6
7,3946,male,0.19868423358728068,0.48534399909548304,-0.011272514097902083,7.518683929564969e-06,0.011280032781831649,0.0006665480565808727,133,6
7,3946,family,0.19082593299967557,0.5244328500631023,-0.000747683774703559,0.008411623334061612,0.00915930710876517,0.9183689588368078,119,6
7,3946,marriage,0.2384135805351889,0.4658200236616386,-0.011900487679973674,6.211102967664998e-06,0.011906698782941339,0.0005216477783113119,161,6
7,3946,love,0.13198538437850738,0.5074474008670404,0.002853263436109789,0.011505482632583159,0.00865221919647337,1.329772439877968,87,6
7,3946,wealth,0.1843345168476747,0.4721111111111111,-0.01110492193199127,7.999872002047968e-06,0.01111292180399332,0.0007198711682154931,125,6
7,3946,emotion,0.1945338227817425,0.5191875303840545,0.009182164372943839,0.016536916745177765,0.007354752372233927,2.2484668287895584,121,6
7,3946,scandal,0.10726043614802455,0.49535085253887956,-0.010105807551890875,1.3888503097136193e-05,0.010119696054988012,0.001372422948307633,72,6
7,3946,duty,0.1251587443715016,0.4952231237322515,-0.010334751617424136,1.1764429072257124e-05,0.010346516046496394,0.0011370425579249773,85,6
7,3946,class,0.14611175861175862,0.4783970446514616,-0.010592335227750613,1.0100806044322337e-05,0.010602436033794935,0.0009526872891450271,99,6
7,3946,society,0.28390628440319643,0.5716184921519856,0.03630046488030001,0.03817498969481382,0.0018745248145138032,20.36515568045448,131,6
7,3949,female,0.42222041899888074,0.696534831230122,0.22977633369956232,0.3486862014973487,0.11890986779778637,2.9323571538013895,152,114
7,3949,male,0.40458748882153395,0.7540703261914183,0.27443628806940923,0.3909790830213079,0.11654279495189869,3.354811279232868,133,114
7,3949,family,0.2616916080638939,0.6709606919690952,0.16990059149096118,0.3109275474361775,0.14102695594521633,2.204738415787379,119,114
7,3949,marriage,0.23470656256646005,0.49973503894311344,-0.013109577593036631,0.1614948882622576,0.17460446585529424,0.9249184290347631,161,114
7,3949,love,0.11603548513671738,0.44721194765938826,-0.0914286958491192,0.09196340314015769,0.18339209898927689,0.5014578253179458,87,114
7,3949,wealth,0.1665942579493828,0.45421481481481485,-0.10273529424663279,0.08800659189452968,0.19074188614116247,0.4613910120870735,125,114
7,3949,emotion,0.1607042941154391,0.3827631259115217,-0.14893629852526766,0.049594221583114335,0.19853052010838199,0.24980653632393648,121,114
7,3949,scandal,0.09740111021870684,0.44144650552744985,-0.09878095420966317,0.08334490708591429,0.18212586129557745,0.4576225830454344,72,114
7,3949,duty,0.11414663721079277,0.3979716024340771,-0.12909820078857118,0.05883390979035788,0.18793211057892906,0.3130593787767596,85,114
7,3949,class,0.15006931484924818,0.5245475961023665,-0.011523033770906826,0.16162299751520173,0.17314603128610856,0.9334490447961843,99,114
7,3949,society,0.17383796803007984,0.4129499385310347,-0.12792147502539572,0.0687088746736691,0.19663034969906482,0.34943168630110233,131,114
7,3979,female,0.21797303883504002,0.430132348414897,-0.03898157323216984,6.578860804463099e-06,0.0389881520929743,0.0001687400005162049,152,20
7,3979,male,0.19253395487529096,0.4937319803267567,-0.02818982852924554,0.007526202613494532,0.03571603114274007,0.21072337469986907,133,20
7,3979,family,0.17500166770120354,0.4830393695939914,-0.005919185019550091,0.02521806356195694,0.031137248581507033,0.8099001906072234,119,20
7,3979,marriage,0.2500194997359317,0.47442817706792856,0.0012979551626052695,0.031061725941292653,0.029763770778687384,1.0436085592518767,161,20
7,3979,love,0.12563237106107938,0.46562661575786507,-0.021368106040120405,0.011505482632583159,0.03287358867270356,0.3499916831954126,87,20
7,3979,wealth,0.17806132215744283,0.4924888888888888,-0.03703075183632496,7.999872002047968e-06,0.03703875170832701,0.00021598654470942819,125,20
7,3979,emotion,0.20612505403029355,0.507664377734565,0.04406229334245268,0.06612287400208261,0.02206058065962993,2.997331530809965,121,20
7,3979,scandal,0.11396856463447114,0.5458473861720067,-0.0025648207976878418,0.027790894697369516,0.030355715495057358,0.9155078127207721,72,20
7,3979,duty,0.12863970653140164,0.4945131845841786,-0.007495477301931171,0.023540622573586505,0.031036099875517677,0.7584916489909111,85,20
7,3979,class,0.15061509426031064,0.5070225220401899,-0.011592061650277284,0.020211712894688996,0.03180377454496628,0.6355130226909648,99,20
7,3979,society,0.202322568406553,0.5331146181776595,-0.008928912206750864,0.022908047205386174,0.03183695941213704,0.7195425576958056,131,20
7,3989,female,0.21688539781119312,0.45426797989124856,-0.055307472053464396,0.04605860449204616,0.10136607654551055,0.4543788815868072,152,59
7,3989,male,0.1886400471058786,0.4701933404940924,-0.04510756694493094,0.052638306190884346,0.09774587313581529,0.5385220316893204,133,59
7,3989,family,0.17173622977987224,0.47365099886108286,-0.03640863385925651,0.058830944017747605,0.09523957787700411,0.6177152957681766,119,59
7,3989,marriage,0.29672140037618555,0.5360963225870059,0.04684564102225744,0.12422827045626762,0.07738262943401018,1.6053767022817538,161,59
7,3989,love,0.1240538507232609,0.4463468957562742,-0.06239374808227888,0.0344934599204616,0.09688720800274048,0.35601665721577946,87,59
7,3989,wealth,0.17806569021410137,0.4713925925925926,-0.05999412159375265,0.04000735988224189,0.10000148147599454,0.4000676719118969,125,59
7,3989,emotion,0.17753406426971455,0.43953573164803106,-0.047833729049420105,0.049594221583114335,0.09742795063253444,0.5090348432931538,121,59
7,3989,scandal,0.1045086699828005,0.4922709387296234,-0.0527570459274379,0.04167939779450571,0.09443644372194361,0.44134865896458547,72,59
7,3989,duty,0.12100995193449667,0.45535496957403654,-0.061248063688241434,0.035305051645843626,0.09655311533408506,0.3656541948265301,85,59
7,3989,class,0.14213351242665836,0.4684298818574437,-0.03302607479723767,0.06061493707197835,0.09364101186921601,0.6473118547243921,99,59
7,3989,society,0.18953881748235638,0.477285073048003,-0.0439378529101964,0.05344193218424146,0.09737978509443786,0.5487990359792358,131,59
7,4016,female,0.26569754336298534,0.47427413563147636,0.014622749970299137,0.18421468138577124,0.1695919314154721,1.086223146627121,152,115
7,4016,male,0.20861285965722143,0.5035403358019108,-0.009394687447398353,0.16541856513435887,0.17481325258175723,0.94625872289659,133,115
7,4016,family,0.15815909843788992,0.4213223751038877,-0.09803349978534727,0.09244382447353826,0.19047732425888553,0.48532718964179034,119,115
7,4016,marriage,0.25381023145201703,0.5503918958887902,0.001296747452931818,0.1739170941975876,0.1726203467446558,1.0075121355991856,161,115
7,4016,love,0.11846371441563494,0.4715030028238476,-0.053486534277840087,0.12644536907197534,0.17993190334981543,0.702740129555809,87,115
7,4016,wealth,0.1705615023886441,0.48179259259259255,-0.0750319882541555,0.11200620790067359,0.18703819615482908,0.5988413607633207,125,115
7,4016,emotion,0.18657263845173572,0.5162858531842489,0.03107145835616343,0.1983520933538289,0.16728063499766546,1.1857445026760647,121,115
7,4016,scandal,0.13105184026181266,0.5988851414652426,0.008556577190324849,0.18056442876586762,0.17200785157554277,1.049745270991407,72,115
7,4016,duty,0.13183547967893552,0.5409634888438133,-0.0094252832522429,0.16471377144067198,0.17413905469291488,0.9458749602735023,85,115
7,4016,class,0.16608061169990862,0.49070207374094293,-0.013289811980171096,0.16162299751520173,0.17491280949537283,0.9240203618051959,99,115
7,4016,society,0.16885451264848156,0.4316479400749064,-0.13930025059481244,0.061075403428955274,0.20037565402376772,0.304804511936395,131,115
7,4029,female,0.22652780206329776,0.4665025135939263,-0.018757541453714433,0.006585439665267561,0.025342981118981995,0.259852605109475,152,14
7,4029,male,0.19917976760082023,0.4644411781333032,-0.016911675439595496,0.007526202613494532,0.02443787805309003,0.3079728361372568,133,14
7,4029,family,0.17894736842105263,0.46062271062271065,-0.025634359993207616,8.403220113947665e-06,0.025642763213321564,0.0003277033775070871,119,14
7,4029,marriage,0.24181105768706485,0.48651779552400676,-0.0031877743301709296,0.018639520005962657,0.021827294336133587,0.8539546733583125,161,14
7,4029,love,0.1292931710354578,0.4758680348407111,-0.01098751912173603,0.011505482632583159,0.02249300175431919,0.5115138814170198,87,14
7,4029,wealth,0.20139826811558562,0.509962962962963,0.013487186103533833,0.03200748788019392,0.018520301776660086,1.7282379231424083,125,14
7,4029,emotion,0.18003819215752792,0.49031508264462814,-0.015626218659860806,0.008272590535693625,0.02389880919555443,0.34615074197447093,121,14
7,4029,scandal,0.10734808034579202,0.48708309911935543,-0.008021649128128467,0.013902391600233327,0.021924040728361793,0.6341163005419223,72,14
7,4029,duty,0.14110689205078691,0.5035598377281947,0.002849314612579472,0.023540622573586505,0.020691307961007033,1.1377058722827638,85,14
7,4029,class,0.1504637114899027,0.5028197166006353,-0.0009913923946916064,0.020211712894688996,0.021203105289380603,0.9532430565186422,99,14
7,4029,society,0.19536001335167666,0.49730537210166686,-0.016705246046772693,0.007641104715958534,0.024346350762731228,0.3138501038661405,131,14
7,4047,female,0.2231289334631459,0.48718836565096957,-0.00974192114504347,6.578860804463099e-06,0.009748500005847932,0.0006748587782573433,152,5
7,4047,male,0.19710658971628026,0.4935411837865341,-0.009392821916293743,7.518683929564969e-06,0.009400340600223309,0.0007998310112919236,133,5
7,4047,family,0.17569520408586267,0.4743281928155878,-0.009150903888651222,8.403220113947665e-06,0.00915930710876517,0.0009174515073294785,119,5
7,4047,marriage,0.24836747794608316,0.5094276841171251,0.0064740755872716715,0.012428417038297659,0.0059543414510259875,2.0872865854995335,161,5
7,4047,love,0.13008640181605047,0.49701706240305454,-0.008640725207829431,1.1493988643939221e-05,0.00865221919647337,0.0013284439958820863,87,5
7,4047,wealth,0.19602496192069802,0.5019703703703704,0.010450357051604742,0.016007743876097984,0.005557386824493243,2.880444420868116,125,5
7,4047,emotion,0.18021537064051735,0.493133203694701,0.0009178381634596978,0.008272590535693625,0.007354752372233927,1.1247952501840819,121,5
7,4047,scandal,0.1091721951196785,0.5066048341765037,-0.008419472598551763,1.3888503097136193e-05,0.0084333611016489,0.0016468526519958745,72,5
7,4047,duty,0.1870676961237,0.5618458417849898,0.01836650248434543,0.023540622573586505,0.005174120089241072,4.549686161708261,85,5
7,4047,class,0.14531578242828677,0.47349823321554774,-0.008825557018486335,1.0100806044322337e-05,0.008835657824530658,0.0011431866470808807,99,5
7,4047,society,0.20590698636115512,0.5360236726992023,-0.009357499992674899,7.63347124471382e-06,0.009365133463919612,0.0008150947632842244,131,5
7,4086,female,0.20618288933670897,0.43519800964399313,-0.09599999127459227,0.11842607334114025,0.21442606461573252,0.5522932743872173,152,128
7,4086,male,0.18904585376435012,0.48513200293968,-0.024432309697133475,0.17293724906392385,0.19736955876105733,0.8762103444351906,133,128
7,4086,family,0.1705885703923682,0.4732970111121372,-0.009261068777379894,0.1848792457269626,0.1941403145043425,0.9522970342250834,119,128
7,4086,marriage,0.22488968558985173,0.4695849354234448,-0.04908246722027837,0.1552837852945926,0.20436625251487098,0.7598308594641052,161,128
7,4086,love,0.21732020772493793,0.6294197192061408,0.18850392333905944,0.35632514195075976,0.16782121861170032,2.1232424892175934,87,128
7,4086,wealth,0.2234561935437872,0.5767925925925925,0.038818064767682764,0.22400441592934514,0.18518635116166238,1.209616229937951,125,128
7,4086,emotion,0.22596828484397624,0.5726102941176471,0.12840514433404857,0.29752400786763855,0.16911886353358999,1.7592597398621106,121,128
7,4086,scandal,0.09956945770958536,0.48312488289301103,-0.0445154533040342,0.15278742257159525,0.19730287587562945,0.774380109224211,72,128
7,4086,duty,0.14473559565070182,0.5352839756592292,0.04909236728103747,0.23530034587421475,0.18620797859317728,1.2636426626327846,85,128
7,4086,class,0.24273472873608143,0.6482938929935398,0.17735858786395237,0.3434375063130038,0.16607891844905143,2.0679175269093126,99,128
7,4086,society,0.24671097407565332,0.6163121479829602,0.15005734372777263,0.3129799545045113,0.1629226107767387,1.9210344899977263,131,128
7,4089,female,0.2292606516290727,0.49358135836667694,-0.0012137502014386136,0.006585439665267561,0.0077991898667061745,0.8443748359731122,152,5
7,4089,male,0.2,0.48966165413533835,-0.009392821916293743,7.518683929564969e-06,0.009400340600223309,0.0007998310112919236,133,5
7,4089,family,0.17894736842105263,0.4899267399267399,-0.009150903888651222,8.403220113947665e-06,0.00915930710876517,0.0009174515073294785,119,5
7,4089,marriage,0.2414174906492657,0.50125702454895,-0.009916368569335223,6.211102967664998e-06,0.009922579672302888,0.0006259564722242773,161,5
7,4089,love,0.1350704347074583,0.497176152408225,0.0045833612558405165,0.011505482632583159,0.006922121376742642,1.6621324597944547,87,5
7,4089,wealth,0.19446616541353384,0.4948148148148149,0.0005986400563900785,0.008007871874050014,0.007409231817659936,1.0807965076598656,125,5
7,4089,emotion,0.1859146834027217,0.5050589450656295,0.011020392908868339,0.016536916745177765,0.005516523836309426,2.9977060251847503,121,5
7,4089,scandal,0.11371136173767754,0.49860642683155326,0.007155365451923539,0.013902391600233327,0.006747026148309788,2.0605213752810965,72,5
7,4089,duty,0.1286317397772506,0.5038843813387424,-0.008610619631672362,1.1764429072257124e-05,0.00862238406074462,0.0013644055968758083,85,5
7,4089,class,0.15175691754639123,0.5021861726808723,0.0030420272351002805,0.010110906850366658,0.007068879615266378,1.430340789380568,99,5
7,4089,society,0.1969535798784493,0.4991637361694828,-0.009357499992674899,7.63347124471382e-06,0.009365133463919612,0.0008150947632842244,131,5
7,4098,female,0.4018908865594196,0.6674489586539448,0.18007014345425415,0.2171089854080867,0.037038841953832544,5.861656951176898,152,52
7,4098,male,0.23243883820548494,0.5370286618802645,0.052635663326887225,0.12030646155696907,0.06767079823008185,1.7778194539119705,133,52
7,4098,family,0.17048002811314983,0.47263520792932556,-0.03382288323683325,0.05042772390379994,0.08425060714063319,0.5985443383099447,119,52
7,4098,marriage,0.2325135742766099,0.49949472542640244,-0.021217745986307893,0.06211724077961764,0.08333498676592553,0.7453920998793641,161,52
7,4098,love,0.12458347784215354,0.4800143181004653,-0.050283063344163784,0.0344934599204616,0.08477652326462538,0.4068751417463209,87,52
7,4098,wealth,0.17078330562913197,0.41336296296296293,-0.07658635762722979,0.016007743876097984,0.09259410150332777,0.17288081655341506,125,52
7,4098,emotion,0.18741264481879108,0.5368862421001458,-0.024863574552539965,0.057858547792598476,0.08272212234513844,0.6994325840734352,121,52
7,4098,scandal,0.09946904673495645,0.446294734869777,-0.040952701254064104,0.04167939779450571,0.08263209904856982,0.5043971806828099,72,52
7,4098,duty,0.12908531399692025,0.49070993914807304,0.0047751044440565715,0.08236276793487213,0.07758766349081556,1.0615446351669073,85,52
7,4098,class,0.1365301663645253,0.4255452046971481,-0.07999654860032081,0.010110906850366658,0.09010745545068746,0.11220943705138561,99,52
7,4098,society,0.18372580124107718,0.39115704605883866,-0.06885378140199733,0.022908047205386174,0.0917618286073835,0.24964680360885114,131,52
7,4135,female,0.22637135303350472,0.5026290140556068,-0.015346370540497027,0.01974316127419376,0.03508953181469079,0.5626510315924285,152,21
7,4135,male,0.19967288350746998,0.4852733337102154,-0.011272768488507261,0.02256357047262447,0.03383633896113173,0.6668443207723126,133,21
7,4135,family,0.17638002012374152,0.4921507064364207,-0.028220110615630886,0.008411623334061612,0.0366317339496925,0.22962667684210444,119,21
7,4135,marriage,0.27630035821786236,0.5303411219560288,0.048485168521787504,0.06832834374728264,0.019843175225495134,3.443417848573389,161,21
7,4135,love,0.1471397603203411,0.5089289265401901,0.016574055531158722,0.045987448564400825,0.029413393033242103,1.5634866916191463,87,21
7,4135,wealth,0.1931088932640474,0.5156296296296297,0.010375988146581645,0.04000735988224189,0.029631371735660245,1.3501690113368718,125,21
7,4135,emotion,0.18092357113670726,0.4871931210500729,-0.008288708920515031,0.024801242954661906,0.03308995187517694,0.7495097922012248,121,21
7,4135,scandal,0.1291777596129532,0.5248735244519392,0.058048196450874265,0.08334490708591429,0.025296710635040017,3.294693459756522,72,21
7,4135,duty,0.2057191084208021,0.5707302231237322,0.11217744023439713,0.12942048422390062,0.017243043989503486,7.50566340230752,85,21
7,4135,class,0.14857607428205047,0.4976264410893387,-0.01335883985954156,0.020211712894688996,0.033570552754230557,0.6020667291973575,99,21
7,4135,society,0.20398482562798378,0.5134945821539869,0.00821068244502823,0.03817498969481382,0.029964307249785587,1.2740154269314192,131,21
7,4151,female,0.22162776488280633,0.47614650661742075,-0.05701281384951176,0.01316430046973066,0.07017711431924242,0.18758680229650662,152,38
7,4151,male,0.1948141615519056,0.48224885522075867,-0.033829159464675726,0.03008225440218944,0.06391141386686516,0.4706867299850939,133,38
7,4151,family,0.17578852390807623,0.5015698587127158,-0.018416666755310562,0.04202450378985228,0.06044117054516284,0.6952959946028087,119,38
7,4151,marriage,0.235760079074576,0.49397367642709256,-0.04261141090719027,0.024850622973627657,0.06746203388081792,0.3683645680941334,161,38
7,4151,love,0.13072285248681376,0.5081135902636918,-0.012837607404263644,0.045987448564400825,0.05882505596866447,0.7817663375979808,87,38
7,4151,wealth,0.19237577287083976,0.49660740740740744,0.018301491243606513,0.07200684789043375,0.05370535664682724,1.340775899927795,125,38
7,4151,emotion,0.1818386638362715,0.4667446524064171,-0.03953859403123153,0.024801242954661906,0.06433983698589343,0.3854725799152106,121,38
7,4151,scandal,0.11994542139827032,0.5486696646055836,-0.01734401190731654,0.04167939779450571,0.05902340970182225,0.7061502885780043,72,38
7,4151,duty,0.13906797251503106,0.4975050709939148,0.01542439118657251,0.070598338862615,0.055173947676042494,1.2795593180291955,85,38
7,4151,class,0.19858313406270478,0.5569118749330764,0.08714935737241848,0.1313205793822347,0.04417122200981623,2.9729895032127067,99,38
7,4151,society,0.3167728905391747,0.5985361809188896,0.1379796936051632,0.1679440008549488,0.029964307249785587,5.604801721239383,131,38
7,4156,female,0.2263502822713349,0.4800194931773879,-0.00974192114504347,6.578860804463099e-06,0.009748500005847932,0.0006748587782573433,152,5
7,4156,male,0.19881847475832437,0.491470687998191,5.554194879563504e-06,0.007526202613494532,0.007520648418614969,1.0007385259314978,133,5
7,4156,family,0.17686501940170954,0.49850709514575064,-0.009150903888651222,8.403220113947665e-06,0.00915930710876517,0.0009174515073294785,119,5
7,4156,marriage,0.2434149750927044,0.49569284235433314,0.0064740755872716715,0.012428417038297659,0.0059543414510259875,2.0872865854995335,161,5
7,4156,love,0.16333097472078797,0.5536431611184027,0.017807447719510466,0.02299947127652238,0.005192023557011914,4.429770208001356,87,5
7,4156,wealth,0.20281502329799544,0.5223185185185185,0.010450357051604742,0.016007743876097984,0.005557386824493243,2.880444420868116,125,5
7,4156,emotion,0.2130806851082652,0.5338858167233836,0.021122947654276983,0.024801242954661906,0.003678295300384925,6.74259158728336,121,5
7,4156,scandal,0.1135192125210274,0.5066516769720817,0.007155365451923539,0.013902391600233327,0.006747026148309788,2.0605213752810965,72,5
7,4156,duty,0.13884384893779572,0.515709939148073,0.004877941426336534,0.01177619350132938,0.006898252074992846,1.7071271637510383,85,5
7,4156,class,0.15464710457400516,0.5157404433022807,-0.008825557018486335,1.0100806044322337e-05,0.008835657824530658,0.0011431866470808807,99,5
7,4156,society,0.1966574311332627,0.5056465677445178,-0.009357499992674899,7.63347124471382e-06,0.009365133463919612,0.0008150947632842244,131,5
7,4177,female,0.23247361191440138,0.4865279060223658,-0.007061680618863887,0.006585439665267561,0.013647120284131448,0.4825515953312439,152,8
7,4177,male,0.21368775474038634,0.5077590593023912,0.02256160598357447,0.03008225440218944,0.007520648418614969,3.999954887364559,133,8
7,4177,family,0.1819582378405908,0.5006925847261982,0.00582404121651562,0.01681484344800928,0.010990802231493658,1.5299013750149362,119,8
7,4177,marriage,0.24086030293124114,0.47718870156758353,-0.01586872590125057,6.211102967664998e-06,0.015874937004218236,0.0003912521331973382,161,8
7,4177,love,0.1358943335349869,0.49687785864853046,0.012617154260318281,0.02299947127652238,0.010382317016204097,2.2152541902169745,87,8
7,4177,wealth,0.1868872180451128,0.47985185185185186,-0.014808611918324653,7.999872002047968e-06,0.014816611790326702,0.0005399258693361262,125,8
7,4177,emotion,0.18552720884736698,0.5104065386485173,-0.004596847444313804,0.008272590535693625,0.012869437980007429,0.6428089981786478,121,8
7,4177,scandal,0.11005813143971038,0.4928798950721378,0.002096360591906203,0.013902391600233327,0.011806031008327124,1.1775669223001375,72,8
7,4177,duty,0.12718873833424915,0.49015212981744416,-0.01378301558892768,1.1764429072257124e-05,0.013794780017999938,0.0008528174466032547,85,8
7,4177,class,0.1488490611555627,0.49398579433915124,-0.002258307392692555,0.010110906850366658,0.012369214243059213,0.8174251533578866,99,8
7,4177,society,0.19457439495252934,0.48867827429453636,-0.014975456479729253,7.63347124471382e-06,0.014983089950973966,0.0005094724298647182,131,8
7,4219,female,0.2111985701614864,0.431793115830512,-0.04507347199268949,0.03290088288311996,0.07797435487580945,0.4219449193917614,152,45
7,4219,male,0.20433106051452068,0.523793035219628,-0.009393500291240878,0.06015699012044931,0.06955049041169019,0.8649398410204892,133,45
7,4219,family,0.16496811798567193,0.42203804598762584,-0.04147184785108614,0.03362128367590461,0.07509313152699075,0.4477278146720033,119,45
7,4219,marriage,0.24918984905739433,0.5167911367445529,0.0008663098664647151,0.06832834374728264,0.06746203388081792,1.0128414430401305,161,45
7,4219,love,0.208974374706273,0.5747126436781609,0.0940684860306508,0.1494333463598538,0.055364860329203014,2.6990648123848677,87,45
7,4219,wealth,0.18893255943232184,0.49163703703703704,-0.0045131407037749816,0.06400697588838579,0.06852011659216077,0.9341340772729295,125,45
7,4219,emotion,0.18726146105517505,0.4848991249392318,0.00820913468974882,0.07438720021156675,0.06617806552181793,1.1240461567423474,121,45
7,4219,scandal,0.09903189994732985,0.454398538504778,-0.06029803268164093,0.013902391600233327,0.07420042428187426,0.18736269683894585,72,45
7,4219,duty,0.12240182670871172,0.47202839756592296,-0.023621654829707697,0.047069480718100756,0.07069113554780845,0.6658470026358791,85,45
7,4219,class,0.15223740900465696,0.5351483028161473,-0.020158764121124377,0.05051413102765601,0.07067289514878039,0.7147596107475014,99,45
7,4219,society,0.18469262804743503,0.47045201132172565,-0.03673296945140662,0.03817498969481382,0.07490795914622043,0.5096252805364322,131,45
7,4233,female,0.24747394802796463,0.5100030778701139,0.018766313233922405,0.04605860449204616,0.02729229125812375,1.6876049011329846,152,21
7,4233,male,0.22051705236136904,0.5237506359884674,0.054515864289705895,0.07519435797957924,0.02067849368987335,3.6363556796579917,133,21
7,4233,family,0.22970315028614832,0.5440329978145104,0.07412704175113065,0.09244382447353826,0.01831678272240761,5.046946610083512,119,21
7,4233,marriage,0.2549206868101932,0.49611801242236025,-0.0006861639480331833,0.031061725941292653,0.03174788988932584,0.9783871006418519,161,21
7,4233,love,0.13082706766917293,0.47837370242214533,-0.03632229032352108,1.1493988643939221e-05,0.03633378431216502,0.0003163443847431698,87,21
7,4233,wealth,0.18613412318675474,0.48649629629629626,-0.029030879834276997,0.008007871874050014,0.03703875170832701,0.21620253125413758,125,21
7,4233,emotion,0.18195488721804512,0.47702205882352944,-0.03859637315674095,8.26432620948414e-06,0.038604637482950434,0.00021407599573807596,121,21
7,4233,scandal,0.10827067669172932,0.47892074198988194,-0.03540083185197756,1.3888503097136193e-05,0.035414720355074696,0.00039216752123115087,72,21
7,4233,duty,0.12687601356332007,0.48503042596348883,-0.022708170345691843,0.01177619350132938,0.03448436384702122,0.34149371446227567,85,21
7,4233,class,0.14887218045112782,0.47791519434628976,-0.03709400836671479,1.0100806044322337e-05,0.03710410917275911,0.00027222877113206273,99,21
7,4233,society,0.19699248120300752,0.47659176029962547,-0.03931993459029813,7.63347124471382e-06,0.03932756806154285,0.00019409975294109897,131,21
7,4256,female,0.25595762836068764,0.571387349953832,-0.01827057940977099,0.04605860449204616,0.06432918390181715,0.7159830375219345,152,40
7,4256,male,0.32675361065450326,0.6706781050370286,0.11278547395088054,0.15038119727522894,0.037595723324348414,3.999954887790028,133,40
7,4256,family,0.21008246362552646,0.5085264875180842,0.04956334965596551,0.10084704458748592,0.05128369493152041,1.966454342265733,119,40
7,4256,marriage,0.21371418888528398,0.4271295474711624,-0.06297009328507407,0.012428417038297659,0.07539851032337172,0.164836373886293,161,40
7,4256,love,0.1269645581594677,0.4767231436185022,-0.029521889507395052,0.0344934599204616,0.06401534942785665,0.5388310807987675,87,40
7,4256,wealth,0.17882853130813836,0.48430370370370374,-0.014957349728370838,0.048007231884289854,0.06296458161266069,0.7624481995108545,125,40
7,4256,emotion,0.1748110441567316,0.4994075109382596,-0.033112496357671876,0.033065569164146054,0.06617806552181793,0.4996454475198459,121,40
7,4256,scandal,0.09961441353305331,0.4873992879895072,-0.020716681813994768,0.04167939779450571,0.06239607960850048,0.6679810343110013,72,40
7,4256,duty,0.12184745615017006,0.4812981744421907,-0.02848955595895774,0.035305051645843626,0.06379460760480136,0.5534174904562473,85,40
7,4256,class,0.16181605330389312,0.4819038440946568,0.02427787968595685,0.08081654916062302,0.05653866947466617,1.429403095440827,99,40
7,4256,society,0.17631217749056904,0.402135689167167,-0.055888078860845174,0.015274575960672354,0.07116265482151753,0.21464314391822156,131,40
7,4257,female,0.29771937148437055,0.5896301426079819,0.10599635816686737,0.2171089854080867,0.11111262724121934,1.9539542066159699,152,90
7,4257,male,0.2243534211287971,0.548165526598451,0.06579274542633007,0.18797461692305378,0.12218187149672372,1.5384820564526693,133,90
7,4257,family,0.2504226044696369,0.5993320405085111,0.12174403730635959,0.23529856641064859,0.113554529104289,2.0721196086549503,119,90
7,4257,marriage,0.28627800191656744,0.540298728186927,0.04270450314058963,0.1677059912299226,0.12500148808933298,1.341631958083003,161,90
7,4257,love,0.1290679922569405,0.45523604979517157,-0.07635452110292161,0.06897542585227927,0.14532994695520088,0.47461261286407047,87,90
7,4257,wealth,0.19096131687251933,0.5001925925925925,-0.028735863424988184,0.11200620790067359,0.14074207132566177,0.795826058582779,125,90
7,4257,emotion,0.1738042183224767,0.46394931939718037,-0.06440859468144508,0.08265152642105089,0.14706012110249597,0.5620254206297268,121,90
7,4257,scandal,0.10316758898789052,0.459199925051527,-0.058308915329524466,0.08334490708591429,0.14165382241543875,0.5883703359651961,72,90
7,4257,duty,0.12364293342356318,0.4291480730223124,-0.11469615524654642,0.035305051645843626,0.15000120689239005,0.23536511723492923,85,90
7,4257,class,0.14046369825883462,0.4535996002427098,-0.0877961992844303,0.06061493707197835,0.14841113635640865,0.4084257998402723,99,90
7,4257,society,0.18638722544860648,0.47541241387197297,-0.07347169972189561,0.07634234591838292,0.14981404564027853,0.5095806978017299,131,90
7,4260,female,0.2259256511160943,0.49222837796245,-0.0175391617016105,6.578860804463099e-06,0.017545740562414962,0.0003749548661502973,152,9
7,4260,male,0.19903329752953813,0.47279382667194303,-0.016911590642727105,7.518683929564969e-06,0.01691910932665667,0.00044439005528941293,133,9
7,4260,family,0.17686380240559807,0.48916489672792196,-0.016476884379565175,8.403220113947665e-06,0.016485287599679124,0.0005097405830882495,119,9
7,4260,marriage,0.24019659878676372,0.49874297545105,-0.01785284501188902,6.211102967664998e-06,0.017859056114856685,0.0003477845036922354,161,9
7,4260,love,0.1299816940470298,0.5029630513462992,-0.01556111648675234,1.1493988643939221e-05,0.015572610475396279,0.0007380900370789401,87,9
7,4260,wealth,0.19172464806149014,0.5079259259259259,-0.006808739916276688,0.008007871874050014,0.014816611790326702,0.5404657952054622,125,9
7,4260,emotion,0.23144183114630623,0.5254314535731648,0.05418025249221355,0.057858547792598476,0.003678295300384925,15.72971799485865,121,9
7,4260,scandal,0.10746136173767754,0.47906127037661606,-0.015164812411908209,1.3888503097136193e-05,0.015178700915005346,0.000914999457067588,72,9
7,4260,duty,0.12669529611505043,0.47716024340770785,-0.015507147574679454,1.1764429072257124e-05,0.015518912003751712,0.0007580704799830678,85,9
7,4260,class,0.1524831700400875,0.5112431737873434,-0.004025085601956831,0.010110906850366658,0.01413599245232349,0.7152597798670655,99,9
7,4260,society,0.2041222527051554,0.5063613231552163,0.0021641381720498374,0.015274575960672354,0.013110437788622517,1.1650698630951017,131,9
7,4315,female,0.23654009535484868,0.5405060531445574,-0.012178680649251336,0.01316430046973066,0.025342981118981995,0.5194456172068526,152,15
7,4315,male,0.21172074675431105,0.5484552546780486,-0.009392991510030528,0.0150448865430595,0.02443787805309003,0.6156380071035473,133,15
7,4315,family,0.2088413568847681,0.5751223566349617,-0.017231139879259953,0.008411623334061612,0.025642763213321564,0.32803108088459415,119,15
7,4315,marriage,0.2759036515971816,0.5730306615399783,-0.021562337597416274,0.006217314070632662,0.027779651668048935,0.22380820842184154,161,15
7,4315,love,0.1614856055043947,0.5643717933420833,0.0005064695222031894,0.02299947127652238,0.02249300175431919,1.0225167599555012,87,15
7,4315,wealth,0.17513820844605563,0.4696814814814815,0.0017836241151524788,0.02400761587814595,0.022223991762993472,1.0802566943460736,125,15
7,4315,emotion,0.19906840812635077,0.5402436801166748,-0.007361892450376665,0.016536916745177765,0.02389880919555443,0.6919556790119044,121,15
7,4315,scandal,0.10256959325185355,0.4508970395353194,-0.02528282213194288,1.3888503097136193e-05,0.025296710635040017,0.0005490240726139847,72,15
7,4315,duty,0.11887225784512814,0.39546653144016225,-0.012363378431181198,0.01177619350132938,0.024139571932510578,0.4878377103689091,85,15
7,4315,class,0.15574695947533848,0.48293000678159687,0.009109413649630731,0.030312518939011334,0.021203105289380603,1.4296263931096678,99,15
7,4315,society,0.18793314599165772,0.495797238185093,-0.018577898209124144,0.007641104715958534,0.02621900292508268,0.2914338404667997,131,15
7,4324,female,0.26495519193794326,0.5580435005642763,0.031436585477782476,0.07237404770989854,0.04093746223211606,1.7679173002412465,152,32
7,4324,male,0.21887147672378338,0.5248883486912771,0.05263600251436077,0.09023172583870918,0.037595723324348414,2.4000529277720175,133,32
7,4324,family,0.16601620293638564,0.4413919413919414,-0.027897126492291948,0.02521806356195694,0.05311519005424889,0.47478063310563023,119,32
7,4324,marriage,0.25471773884972315,0.5081706595681751,0.0184646362264611,0.06211724077961764,0.04365260455315654,1.4229904816459096,161,32
7,4324,love,0.1331616146729248,0.5158294555144572,-0.0024570204858792855,0.045987448564400825,0.04844446905028011,0.9492817129592556,87,32
7,4324,wealth,0.23320639604503757,0.5888444444444444,0.029412561202606664,0.07200684789043375,0.04259428668782709,1.6905283193607719,125,32
7,4324,emotion,0.19955878147705808,0.5489942877977637,0.011900996165950035,0.057858547792598476,0.04595755162664844,1.258956270372556,121,32
7,4324,scandal,0.12093027988376562,0.5728405471238524,-0.02280084023775718,0.027790894697369516,0.0505917349351267,0.5493168940036589,72,32
7,4324,duty,0.15330683971111614,0.5959432048681542,-0.014696500072943555,0.035305051645843626,0.05000155171878718,0.7060791201780307,85,32
7,4324,class,0.18848200994074318,0.5989756219438198,0.05027968961365769,0.09091735520494536,0.04063766559128767,2.237268157012442,99,32
7,4324,society,0.24056729207144845,0.5510192412156559,0.01612987888035807,0.061075403428955274,0.0449455245485972,1.3588761960394704,131,32
7,4325,female,0.22739661654135337,0.4817443828870422,-0.011691231284185227,6.578860804463099e-06,0.01169781014498969,0.0005624010581774146,152,6
7,4325,male,0.2,0.4783834586466165,-0.011272514097902083,7.518683929564969e-06,0.011280032781831649,0.0006665480565808727,133,6
7,4325,family,0.18990179067578447,0.509596146150768,0.009487031461972596,0.01681484344800928,0.007327811986036682,2.294660872543632,119,6
7,4325,marriage,0.24136531805704736,0.48547643695159226,-0.011900487679973674,6.211102967664998e-06,0.011906698782941339,0.0005216477783113119,161,6
7,4325,love,0.13162215884538936,0.4868551883227937,0.002853263436109789,0.011505482632583159,0.00865221919647337,1.329772439877968,87,6
7,4325,wealth,0.19802751221946266,0.5036,0.008598512058438049,0.016007743876097984,0.007409231817659936,2.160513298528863,125,6
7,4325,emotion,0.1900367159364455,0.5190128220709771,-0.0009203903724648022,0.008272590535693625,0.009192980908158427,0.899881182985176,121,6
7,4325,scandal,0.10763497284878865,0.48830101180438445,-0.010105807551890875,1.3888503097136193e-05,0.010119696054988012,0.001372422948307633,72,6
7,4325,duty,0.12660769570986288,0.4933569979716024,-0.010334751617424136,1.1764429072257124e-05,0.010346516046496394,0.0011370425579249773,85,6
7,4325,class,0.14821017189438243,0.48561587607524004,-0.010592335227750613,1.0100806044322337e-05,0.010602436033794935,0.0009526872891450271,99,6
7,4325,society,0.19618233647964464,0.49268090459444774,-0.0017240287479610783,0.007641104715958534,0.009365133463919612,0.8159098580475086,131,6
7,4328,female,0.2247510184638487,0.5154406484046373,0.0031713447996656596,0.09868949092775094,0.09551814612808528,1.03320149026322,152,64
7,4328,male,0.2388990037688279,0.5600514444004749,0.05827448548110706,0.14286251334566397,0.08458802786455691,1.6889211978405236,133,64
7,4328,family,0.16170545574124798,0.43924492874072707,-0.06603553994625125,0.04202450378985228,0.10806004373610353,0.3888995630252806,119,64
7,4328,marriage,0.23735710978228702,0.4988538893818396,-0.004051064922452052,0.09317275561794262,0.09722382054039468,0.9583325886506666,161,64
7,4328,love,0.18776192377622852,0.6267549616195363,0.10086888684677683,0.1839153122916715,0.08304642544489466,2.214608410948327,87,64
7,4328,wealth,0.17770587050943146,0.48386666666666667,-0.04954991256915679,0.056007103886337825,0.10555701645549462,0.5305862723907243,125,64
7,4328,emotion,0.2203219693095962,0.5481891103548858,0.06420578521586111,0.14876613609692405,0.08456035088106294,1.7592894843164673,121,64
7,4328,scandal,0.12935297003218824,0.5548646243207795,0.06340998370966898,0.15278742257159525,0.08937743886192627,1.7094629753926793,72,64
7,4328,duty,0.17388231651745928,0.5635091277890467,0.05152832590507976,0.14118491329615773,0.08965658739107797,1.574729949052609,85,64
7,4328,class,0.14873433159116764,0.47296284398757893,0.01747795542437401,0.11111896729359003,0.09364101186921601,1.1866485108853586,99,64
7,4328,society,0.1993473688164734,0.4851616776739,0.013241750127503255,0.1068762308972382,0.09363448076973495,1.1414195926276969,131,64
7,4340,female,0.19574424468809737,0.40437442289935366,-0.09429367483629955,0.04605860449204616,0.1403522793283457,0.3281642785719686,152,79
7,4340,male,0.17170419361807474,0.3829357227655605,-0.10149816279944437,0.03760093833175441,0.13909910113119878,0.2703176226568046,133,79
7,4340,family,0.16601248447271322,0.47439745128820754,-0.03209967536712169,0.09244382447353826,0.12454349984065995,0.742261335124418,119,79
7,4340,marriage,0.3220902095979771,0.6200458444247263,0.07272503543591603,0.1739170941975876,0.10119205876167157,1.718683227954478,161,79
7,4340,love,0.16890547698111366,0.5930278805234062,0.07491741955081592,0.1839153122916715,0.10899789274085557,1.6873290635741562,87,79
7,4340,wealth,0.2637172014684863,0.6376000000000001,0.09015160145199205,0.19200492792115328,0.10185332646916123,1.8851119995320202,125,79
7,4340,emotion,0.2232092901004447,0.5760588842975205,0.06694002141321952,0.17355911472537647,0.10661909331215695,1.6278427187108617,121,79
7,4340,scandal,0.12750626994010097,0.6037685029042532,-0.02418439279231893,0.09723341018305048,0.12141780297536942,0.8008167484464717,72,79
7,4340,duty,0.13567895907117006,0.5080730223123732,0.03915490717681207,0.15294934236841487,0.1137944351916028,1.3440845513187039,85,79
7,4340,class,0.19025120376780388,0.5920155619802263,0.002843866538996445,0.12121977333791237,0.11837590679891592,1.0240240317043845,99,79
7,4340,society,0.21386198802950993,0.5560582668610802,0.03268258472755785,0.1450435871208073,0.11236100239324946,1.290871245629173,131,79
7,4349,female,0.20909139305451163,0.4252462296091105,-0.05140885177518087,0.04605860449204616,0.09746745626722703,0.47255367335425774,152,57
7,4349,male,0.17370756645837873,0.41770309231725933,-0.0883400631375808,0.0150448865430595,0.1033849496806403,0.1455229855930496,133,57
7,4349,family,0.17011342574218022,0.4500877273986517,-0.04298035885047569,0.05042772390379994,0.09340808275427563,0.5398646714109097,119,57
7,4349,marriage,0.29863803554791124,0.5544464162476584,0.08359476755674813,0.1490726823269276,0.06547791477017947,2.2766864651673804,161,57
7,4349,love,0.14103112587440914,0.532533906057352,0.020410966339202266,0.10345739178409692,0.08304642544489466,1.245777783072676,87,57
7,4349,wealth,0.20298368847349502,0.5598370370370371,0.0028198703638686873,0.08800659189452968,0.085186721530661,1.0331022289878902,125,57
7,4349,emotion,0.18849298422293712,0.49772119591638303,0.006355501749472095,0.09091585263053503,0.08456035088106294,1.0751593587559276,121,57
7,4349,scandal,0.12983430209608107,0.5693741802510774,0.04406465228209214,0.12501041637732285,0.08094576409523072,1.544372553314918,72,57
7,4349,duty,0.1695948805162948,0.5498377281947262,0.03662012768932439,0.11765605515164348,0.0810359274623191,1.4518999021131767,85,57
7,4349,class,0.17652738779819355,0.582057322340008,0.01797781863563734,0.10101816124926769,0.08304034261363034,1.216494995909012,99,57
7,4349,society,0.37888031840062075,0.6967292792406438,0.17844828977700777,0.22901177081265933,0.05056348103565156,4.529193127479838,131,57
7,4356,female,0.23949010888966318,0.5121575869498307,0.0014664903247409693,0.01316430046973066,0.01169781014498969,1.1253645174130065,152,8
7,4356,male,0.2027837263799309,0.5170798236191984,-0.015031898461118761,7.518683929564969e-06,0.015039417145048327,0.0004999318694701234,133,8
7,4356,family,0.17826077799540868,0.4820004925046942,-0.004410674020160536,0.008411623334061612,0.012822297354222148,0.6560153068541811,119,8
7,4356,marriage,0.24746025970895263,0.5179495711328009,-0.007673503822947126,0.006217314070632662,0.013890817893579788,0.4475844487932323,161,8
7,4356,love,0.14610441066026805,0.5259416139681024,0.012617154260318281,0.02299947127652238,0.010382317016204097,2.2152541902169745,87,8
7,4356,wealth,0.23044617854197832,0.535688888888889,0.03444997305774865,0.04000735988224189,0.005557386824493243,7.198951798481485,125,8
7,4356,emotion,0.2543431926827632,0.5627506684491979,0.04591592628272941,0.049594221583114335,0.003678295300384925,13.482936392964827,121,8
7,4356,scandal,0.10680317371743518,0.4964985010305416,-0.013478477458569097,1.3888503097136193e-05,0.013492365961666234,0.0010293600941129288,72,8
7,4356,duty,0.1321981424148607,0.48030425963488843,-0.0002944545309187859,0.01177619350132938,0.012070648032248166,0.9756057395503769,85,8
7,4356,class,0.16062346935929286,0.519247242745476,-0.002258307392692555,0.010110906850366658,0.012369214243059213,0.8174251533578866,99,8
7,4356,society,0.19484401288338613,0.4801798324613317,-0.014975456479729253,7.63347124471382e-06,0.014983089950973966,0.0005094724298647182,131,8
7,4383,female,0.28342867346832656,0.603660100543757,0.025588655060357207,0.07237404770989854,0.04678539264954133,1.546936845234773,152,35
7,4383,male,0.24526048639552245,0.5439326700209169,0.09398880652540231,0.12782514548653404,0.03383633896113173,3.777747516644481,133,35
7,4383,family,0.18235842678871422,0.5175454797303537,-0.0129221813871251,0.04202450378985228,0.05494668517697738,0.7648232764857614,119,35
7,4383,marriage,0.22776362696693345,0.45975672877846785,-0.04485427565357837,0.018639520005962657,0.06349379565954102,0.2935644311708145,161,35
7,4383,love,0.1336473397109732,0.4850157101380106,0.005576772518598477,0.05748143720834004,0.051904664689741566,1.1074426075349106,87,35
7,4383,wealth,0.2141918150022138,0.49205185185185185,0.014005309227891935,0.06400697588838579,0.050001666660493854,1.2800968480052164,125,35
7,4383,emotion,0.17147564830387835,0.4791033665532328,-0.06433157265968395,8.26432620948414e-06,0.06433983698589343,0.00012844804395708453,121,35
7,4383,scandal,0.10995837933419973,0.49948472924864157,-0.027859845097774515,0.027790894697369516,0.05565073979514403,0.49938050777350335,72,35
7,4383,duty,0.12891757279161076,0.47159229208924947,-0.006380334972189976,0.047069480718100756,0.05344981569029073,0.8806294298554597,85,35
7,4383,class,0.15352063430064583,0.5166595281436271,0.009376602225105009,0.06061493707197835,0.05123833484687334,1.1829997452482433,99,35
7,4383,society,0.2002011668431282,0.5148955027589559,-0.008500324420826821,0.04580846093952764,0.05430878536035446,0.8434815957442576,131,35
7,4415,female,0.20598151838870649,0.4490099517800349,-0.08162291527131679,0.01974316127419376,0.10136607654551055,0.19477089324982266,152,55
7,4415,male,0.1877572290367023,0.4687447000961049,-0.018792045996150974,0.06767567405001428,0.08646772004616525,0.7826698103419341,133,55
7,4415,family,0.1744593376100753,0.4857327546403176,-0.029082653368342565,0.058830944017747605,0.08791359738609017,0.6691904980148923,119,55
7,4415,marriage,0.355824805779572,0.6046164842748694,0.14492956032614918,0.1925504031005826,0.04762084277443344,4.043406035642763,161,55
7,4415,love,0.1294508305031925,0.5290239828182794,-0.029025183876016068,0.05748143720834004,0.08650662108435611,0.66447442388974,87,55
7,4415,wealth,0.19861216501322765,0.5423111111111111,0.0065235603502020595,0.08800659189452968,0.08148303154432762,1.0800603539839224,125,55
7,4415,emotion,0.1739384218153727,0.48704879679144386,-0.030378260160313468,0.057858547792598476,0.08823680795291194,0.6557189582698786,121,55
7,4415,scandal,0.10726903546809485,0.5195217350571483,-0.014862030013130828,0.0694564039887781,0.08431843400190893,0.8237392547682029,72,55
7,4415,duty,0.17117478432963668,0.5841379310344827,0.05355695271883684,0.12942048422390062,0.07586353150506378,1.7059644028508747,85,55
7,4415,class,0.16752583885599998,0.560017132455295,0.021511375054165893,0.10101816124926769,0.07950678619510179,1.2705602387211141,99,55
7,4415,society,0.19881027440997143,0.516732424164451,0.011083372774535777,0.09160928840781056,0.08052591563327478,1.1376373393116475,131,55
7,4436,female,0.20628539455448847,0.44479711706166,-0.07065895946574943,0.11842607334114025,0.18908503280688968,0.6263111975735335,152,115
7,4436,male,0.22190934507508153,0.5530414381819211,0.046995569219641486,0.2105306687117487,0.1635350994921072,1.2873729820956406,133,115
7,4436,family,0.17000948603964977,0.4587912087912088,-0.08779878454867113,0.10084704458748592,0.18864582913615704,0.5345840141218492,119,115
7,4436,marriage,0.21486928107092457,0.4101597160603372,-0.105241139565013,0.09317275561794262,0.19841389518295563,0.4695878558886175,161,115
7,4436,love,0.22650747208507382,0.6811736865131448,0.19777110853188898,0.34483115330682057,0.1470600447749316,2.344832369881455,87,115
7,4436,wealth,0.22017821348240668,0.566274074074074,0.043188615688420445,0.2080046719252492,0.16481605623682877,1.2620413124380276,125,115
7,4436,emotion,0.22190962232807815,0.5935373116188625,0.10178934157402389,0.25620237682021785,0.15441303524619396,1.6592017403846326,121,115
7,4436,scandal,0.14311787851411734,0.6147180063706202,0.0708559293922261,0.2361184411544124,0.16526251176218631,1.428747745845467,72,115
7,4436,duty,0.1745045588995135,0.5821196754563894,0.12546032732784612,0.2823580621632433,0.15689773483539715,1.7996312213026406,85,115
7,4436,class,0.30400264786024933,0.6495609808330657,0.25966462585232103,0.39394153653461544,0.13427691068229441,2.933799523164233,99,115
7,4436,society,0.192145867558624,0.4588586785601967,-0.05374513993122498,0.12977664463137967,0.18352178456260465,0.707145720819873,131,115
7,4453,female,0.23635224424698112,0.5063096337334565,0.007314420742166244,0.01316430046973066,0.0058498797275644155,2.2503540381267344,152,5
7,4453,male,0.20225563909774436,0.4944174345638533,5.554194879563504e-06,0.007526202613494532,0.007520648418614969,1.0007385259314978,133,5
7,4453,family,0.1793422951317688,0.5050943454304798,-0.009150903888651222,8.403220113947665e-06,0.00915930710876517,0.0009174515073294785,119,5
7,4453,marriage,0.2421542987904544,0.4932096026816523,-0.0017211464910317767,0.006217314070632662,0.007938460561664439,0.7831888842370092,161,5
7,4453,love,0.13301932993403048,0.5036888994948893,-0.008640725207829431,1.1493988643939221e-05,0.00865221919647337,0.0013284439958820863,87,5
7,4453,wealth,0.18796992481203006,0.4898148148148148,-0.00925307693882458,7.999872002047968e-06,0.009261076810826628,0.0008638166127541378,125,5
7,4453,emotion,0.18127757410054063,0.49488028682547397,-0.009184716581948943,8.26432620948414e-06,0.009192980908158427,0.0008989822007843917,121,5
7,4453,scandal,0.10827067669172932,0.49072512647554806,-0.008419472598551763,1.3888503097136193e-05,0.0084333611016489,0.0016468526519958745,72,5
7,4453,duty,0.12762297901616787,0.49720081135902633,-0.008610619631672362,1.1764429072257124e-05,0.00862238406074462,0.0013644055968758083,85,5
7,4453,class,0.15073542441963497,0.49627012171181784,0.0030420272351002805,0.010110906850366658,0.007068879615266378,1.430340789380568,99,5
7,4453,society,0.19843788861466644,0.49922091660233864,0.00014862341439037408,0.007641104715958534,0.00749248130156816,1.0198363409114455,131,5
7,4464,female,0.22656689071162753,0.48066071611777983,-0.010229370510109576,0.01316430046973066,0.023393670979840235,0.5627291450115895,152,14
7,4464,male,0.1987579242223205,0.47964836904290803,-0.016911675439595496,0.007526202613494532,0.02443787805309003,0.3079728361372568,133,14
7,4464,family,0.17780120556894677,0.501785329516422,-0.00516492951985531,0.01681484344800928,0.02197977296786459,0.7650144281211785,119,14
7,4464,marriage,0.2393308522141474,0.4789386769200433,-0.011382996408474377,0.012428417038297659,0.023811413446772036,0.5219520909818376,161,14
7,4464,love,0.13485437732261688,0.4838722507258481,0.002236567341933917,0.02299947127652238,0.02076290393458846,1.1077193897285413,87,14
7,4464,wealth,0.1867807780320366,0.48586666666666667,-0.006216247886895489,0.016007743876097984,0.022223991762993472,0.7202911180894679,125,14
7,4464,emotion,0.1911661686454413,0.5167568060281963,0.004578890830956479,0.024801242954661906,0.020222352123705427,1.2264272129038096,121,14
7,4464,scandal,0.10753736192332683,0.48006839048154387,-0.008021649128128467,0.013902391600233327,0.021924040728361793,0.6341163005419223,72,14
7,4464,duty,0.12989224397893126,0.47784989858012167,0.002849314612579472,0.023540622573586505,0.020691307961007033,1.1377058722827638,85,14
7,4464,class,0.14761478715265622,0.4684834207802406,-0.024726560901864838,1.0100806044322337e-05,0.024736661707909162,0.00040833343493089163,99,14
7,4464,society,0.2119494490652685,0.5130657289075677,0.01181312417442313,0.0305415184501,0.01872839427567687,1.6307601174402033,131,14
7,4473,female,0.21924217576770752,0.502859854314148,-0.04653533276676515,0.01974316127419376,0.06627849404095891,0.2978818628814191,152,37
7,4473,male,0.19437280236129184,0.49574594380688564,-0.06014459561658732,0.007526202613494532,0.06767079823008185,0.11121787846796337,133,37
7,4473,family,0.17159038573747934,0.5043094160741219,-0.03705460210593439,0.02521806356195694,0.06227266566789133,0.40496200525674253,119,37
7,4473,marriage,0.23233828703413004,0.49309868875086266,-0.03243206971824837,0.031061725941292653,0.06349379565954102,0.48920883714936464,161,37
7,4473,love,0.15197866854658026,0.5808376088772222,0.015340663342806975,0.06897542585227927,0.05363476250947229,1.2860209055425889,87,37
7,4473,wealth,0.21036988431353937,0.565762962962963,0.010301619241558549,0.06400697588838579,0.05370535664682724,1.1918173508857113,125,37
7,4473,emotion,0.19669828032883013,0.5429326689353428,0.01281240823173617,0.06612287400208261,0.05331046577034644,1.240335702293238,121,37
7,4473,scandal,0.1368961545280211,0.5041690088064456,0.015491999146973183,0.0694564039887781,0.05396440484180492,1.2870781062276226,72,37
7,4473,duty,0.1272603178105926,0.49941176470588233,-0.05029428211772021,0.01177619350132938,0.06207047561904959,0.1897229461139414,85,37
7,4473,class,0.2044083529875597,0.6054716779098405,0.041445798567336295,0.09091735520494536,0.04947155663760906,1.8377702539076923,99,37
7,4473,society,0.38799865386742893,0.6207078937587558,0.17787683939577573,0.19847788583380405,0.020601046438028323,9.634359420587062,131,37
7,4477,female,0.4240639854686051,0.6209025854108957,0.21320841581966404,0.2171089854080867,0.0039005695884226574,55.660841431167,152,35
7,4477,male,0.19753735429700103,0.49091949799310314,-0.0187917068086774,0.03760093833175441,0.05639264514043181,0.6667702541253719,133,35
7,4477,family,0.21391990495150331,0.5287114845938375,0.03825139479625566,0.0840406043595906,0.04578920956333494,1.8353801072174336,119,35
7,4477,marriage,0.24810245259706465,0.4828145026126392,-0.02026860941866803,0.03727282890895765,0.057541438327625684,0.6477562951431332,161,35
7,4477,love,0.12794138950891565,0.46816211271526864,-0.04731957333608131,0.011505482632583159,0.05882505596866447,0.19558812895165673,87,35
7,4477,wealth,0.18335998932437744,0.4840518518518519,-0.025401558752966708,0.03200748788019392,0.057409046633160626,0.5575338689067902,125,35
7,4477,emotion,0.17952937521452594,0.5047019324258629,-0.023921353678049387,0.033065569164146054,0.05698692284219544,0.5802308233966044,121,35
7,4477,scandal,0.10578157498651101,0.4805368184373243,-0.04343468314824982,0.013902391600233327,0.057337074748483145,0.2424677516419452,72,35
7,4477,duty,0.12756972281649023,0.4833671399594321,-0.019868896030198868,0.035305051645843626,0.055173947676042494,0.639886271189071,85,35
7,4477,class,0.14406617889088036,0.4874183531427348,-0.03809373478924145,0.020211712894688996,0.05830544768393044,0.34665222028494763,99,35
7,4477,society,0.19184886962424777,0.4674214483803642,-0.05603094145615318,0.007641104715958534,0.06367204617211171,0.12000721156634231,131,35
