layer,neuron,concept,AP,AUROC,ΔP,P(fire|1),P(fire|0),lift,label_support,neuron_fires_total
8,5,female,0.232869726224143,0.48811172668513386,-0.005112857800844799,0.05921632610097235,0.06432918390181715,0.9205204000478405,152,42
8,5,male,0.1949634572778286,0.4797896998134434,-0.0037544237464158525,0.06015699012044931,0.06391141386686516,0.9412558176982595,133,42
8,5,family,0.22421868303366366,0.570482038969434,0.04590035941050854,0.10084704458748592,0.05494668517697738,1.83536175586995,119,42
8,5,marriage,0.22837715344504936,0.4535948437345953,-0.05874310942804753,0.018639520005962657,0.07738262943401018,0.24087473044085508,161,42
8,5,love,0.12421402807235009,0.42629161197947735,-0.07265434453786634,1.1493988643939221e-05,0.07266583852651029,0.0001581759582886772,87,42
8,5,wealth,0.19335797452107492,0.49459259259259253,0.0010423942757250976,0.06400697588838579,0.06296458161266069,1.0165552481730291,125,42
8,5,emotion,0.17408780513881109,0.4609944701020904,-0.03678895342952088,0.033065569164146054,0.06985452259366694,0.4733490107148832,121,42
8,5,scandal,0.10258234233739304,0.4266090500281057,-0.0708138658720989,1.3888503097136193e-05,0.07082775437519603,0.00019608842916815492,72,42
8,5,duty,0.1510085637443484,0.4669979716024341,-0.004960697814443485,0.05883390979035788,0.06379460760480136,0.922239543409428,85,42
8,5,class,0.16952600878521232,0.5418406681657565,0.032611907521014914,0.09091735520494536,0.05830544768393044,1.5593286530658739,99,42
8,5,society,0.2048599493475368,0.4859121708551334,0.006909480663908833,0.0687088746736691,0.06179939400976026,1.1118049905425575,131,42
8,23,female,0.2248793250286085,0.47760849492151436,-0.022900617396215017,0.09211063012328784,0.11501124751950285,0.8008836710241529,152,73
8,23,male,0.1870274825431607,0.4447820679518345,-0.0526265052651011,0.06767567405001428,0.12030217931511537,0.562547365598294,133,73
8,23,family,0.16857859709628542,0.45496660202542555,-0.041580135104103064,0.07563738424564292,0.11721751934974599,0.6452737156065874,119,73
8,23,marriage,0.24453605949242752,0.4780513654737257,0.0026775293167122516,0.11180606452093762,0.10912853520422537,1.0245355562656178,161,73
8,23,love,0.1380973653701977,0.4808296543769638,-0.00727059877648939,0.10345739178409692,0.11072799056058631,0.9343382035507496,87,73
8,23,wealth,0.1715224734455358,0.4515407407407407,-0.06621651750765703,0.056007103886337825,0.12222362139399486,0.4582346951195095,125,73
8,23,emotion,0.1716108505675291,0.4495320855614974,-0.05336381906154586,0.06612287400208261,0.11948669306362847,0.5533911124841139,121,73
8,23,scandal,0.16701701828037058,0.6130316657298107,0.12610715938199352,0.22222993805727623,0.09612277867528272,2.3119383471600483,72,73
8,23,duty,0.12952063720169535,0.5416227180527383,-0.01794310619872179,0.09412719700712924,0.11207030320585103,0.8398941942130401,85,73
8,23,class,0.14586329325482694,0.4552771531570118,-0.034025801219764354,0.08081654916062302,0.11484235038038737,0.7037173036970605,99,73
8,23,society,0.19726437603360797,0.5034880064042084,0.005894004073405457,0.11450970214195202,0.10861569806854657,1.0542647534119012,131,73
8,60,female,0.2287124060150376,0.4993780137478198,-0.0012137502014386136,0.006585439665267561,0.0077991898667061745,0.8443748359731122,152,5
8,60,male,0.20601503759398496,0.5000282661541071,5.554194879563504e-06,0.007526202613494532,0.007520648418614969,1.0007385259314978,133,5
8,60,family,0.17894736842105263,0.49542124542124544,-0.009150903888651222,8.403220113947665e-06,0.00915930710876517,0.0009174515073294785,119,5
8,60,marriage,0.24210526315789474,0.49503968253968256,-0.009916368569335223,6.211102967664998e-06,0.009922579672302888,0.0006259564722242773,161,5
8,60,love,0.1350704347074583,0.5023068050749713,0.0045833612558405165,0.011505482632583159,0.006922121376742642,1.6621324597944547,87,5
8,60,wealth,0.1891328320802005,0.5002962962962962,0.0005986400563900785,0.008007871874050014,0.007409231817659936,1.0807965076598656,125,5
8,60,emotion,0.1863853849499783,0.5054919178415167,0.011020392908868339,0.016536916745177765,0.005516523836309426,2.9977060251847503,121,5
8,60,scandal,0.10827067669172932,0.4957841483979764,-0.008419472598551763,1.3888503097136193e-05,0.0084333611016489,0.0016468526519958745,72,5
8,60,duty,0.12781954887218044,0.4956896551724138,-0.008610619631672362,1.1764429072257124e-05,0.00862238406074462,0.0013644055968758083,85,5
8,60,class,0.14938862307283363,0.5014812435307135,0.0030420272351002805,0.010110906850366658,0.007068879615266378,1.430340789380568,99,5
8,60,society,0.19699248120300752,0.4953183520599251,-0.009357499992674899,7.63347124471382e-06,0.009365133463919612,0.0008150947632842244,131,5
8,82,female,0.2261454417293233,0.46920847440238017,-0.03118433267560281,6.578860804463099e-06,0.03119091153640727,0.00021092236424617052,152,16
8,82,male,0.1969194097013646,0.48552772909717906,-0.011272683691638866,0.0150448865430595,0.026317570234698367,0.5716670045265776,133,16
8,82,family,0.1779751900760304,0.4890571613260689,-0.008827919765312286,0.01681484344800928,0.025642763213321564,0.6557344583916813,119,16
8,82,marriage,0.2409284079764629,0.46443359952676716,-0.03174167878635817,6.211102967664998e-06,0.03174788988932584,0.0001956382924698764,161,16
8,82,love,0.13708702569864095,0.5055880364316112,0.012000458166142411,0.0344934599204616,0.02249300175431919,1.5335196384939827,87,16
8,82,wealth,0.18543516062884483,0.49217777777777777,-0.009919937873228871,0.016007743876097984,0.025927681749326855,0.6173997363222103,125,16
8,82,emotion,0.1913038672839568,0.5183367768595041,0.0009024337591074759,0.024801242954661906,0.02389880919555443,1.037760616049338,121,16
8,82,scandal,0.12065580618212199,0.4745175192055462,-0.01139431903480669,0.013902391600233327,0.025296710635040017,0.5495730966865986,72,16
8,82,duty,0.13364488901084903,0.5187221095334685,-0.014087510416932974,0.01177619350132938,0.025863703918262353,0.4553173643686393,85,16
8,82,class,0.15258737954112753,0.4948245707963023,0.01921021969395307,0.04041332498333367,0.021203105289380603,1.9060097297006935,99,16
8,82,society,0.1955771695827943,0.4816593761614776,-0.010944426964410324,0.015274575960672354,0.02621900292508268,0.5825765382358304,131,16
8,88,female,0.281450108193604,0.5542282240689442,0.027781933542593368,0.03947974368758306,0.01169781014498969,3.3749687501226653,152,12
8,88,male,0.20673247181638635,0.5118293854938096,-0.0037539149652055064,0.0150448865430595,0.018798801508265007,0.8003109419313043,133,12
8,88,family,0.18308819954184027,0.4830470649798381,-0.011736654511074487,0.008411623334061612,0.0201482778451361,0.4174859706768803,119,12
8,88,marriage,0.2389819675548877,0.49070787735384014,-0.015609980265500926,0.006217314070632662,0.021827294336133587,0.28484126225647144,161,12
8,88,love,0.15424037223255063,0.5515352185498946,0.005696762981395372,0.02299947127652238,0.017302708295127006,1.3292411154888697,87,12
8,88,wealth,0.18885699456679017,0.5142518518518518,-0.012364274895776765,0.008007871874050014,0.02037214676982678,0.3930794316442589,125,12
8,88,emotion,0.3096382356463566,0.610324501701507,0.06887067637525733,0.07438720021156675,0.005516523836309426,13.484433749469233,121,12
8,88,scandal,0.10704011806090596,0.4929267378677159,-0.020223817271925546,1.3888503097136193e-05,0.020237705775022683,0.0006862686537122737,72,12
8,88,duty,0.13118930604998716,0.48755578093306284,0.00629757858408302,0.023540622573586505,0.017243043989503486,1.3652242948838604,85,12
8,88,class,0.14674141046069383,0.5075489881143592,-0.02119300448333628,1.0100806044322337e-05,0.021203105289380603,0.00047638333659102554,99,12
8,88,society,0.19090693648388682,0.46785744918089034,-0.02246606512913506,7.63347124471382e-06,0.022473698600379774,0.00033966243741673935,131,12
8,95,female,0.24045369856860338,0.532599774289525,0.006339522012034027,0.03947974368758306,0.03314022167554903,1.1912938927478587,152,23
8,95,male,0.3235227297097324,0.6206258126519306,0.06015485603766253,0.08271304190914422,0.022558185871481687,3.6666530888924154,133,23
8,95,family,0.2419114426933509,0.6190630098193123,0.019290475322292906,0.05042772390379994,0.031137248581507033,1.6195305044431683,119,23
8,95,marriage,0.2292096044656064,0.4804421768707483,-0.012849624247613527,0.024850622973627657,0.037700247221241184,0.6591633955908672,161,23
8,95,love,0.19490977860144443,0.5766416099908523,0.03956203281903717,0.06897542585227927,0.029413393033242103,2.3450346504390143,87,23
8,95,wealth,0.18924167168716288,0.5151999999999999,-0.013031135830181059,0.02400761587814595,0.03703875170832701,0.6481756206729941,125,23
8,95,emotion,0.1723681769924074,0.472107438016529,-0.03217027548318131,0.008272590535693625,0.04044286601887494,0.2045500566559305,121,23
8,95,scandal,0.09929251141409104,0.4554525014052839,-0.023198663708180474,0.013902391600233327,0.0371010553084138,0.37471687757371736,72,23
8,95,duty,0.12193892578077158,0.45381338742393507,0.0008206877988224046,0.035305051645843626,0.03448436384702122,1.0237988382630263,85,23
8,95,class,0.16650505300374946,0.5252882178677232,0.006842772229103115,0.04041332498333367,0.033570552754230557,1.2038325754715777,99,23
8,95,society,0.24961500036901701,0.5904880349944249,0.061502118562716965,0.08397581716309674,0.022473698600379774,3.73662647402155,131,23
8,128,female,0.2276002506265664,0.488098902226326,-0.01997592120581837,0.01316430046973066,0.03314022167554903,0.39723030818004745,152,19
8,128,male,0.31056745128621804,0.5697043360280399,0.13346225754230906,0.13534382941609902,0.001881571873789948,71.93125664211382,133,19
8,128,family,0.1772470391665438,0.4907578415981777,-0.024557120370173907,0.008411623334061612,0.03296874370423552,0.25513933467612915,119,19
8,128,marriage,0.24020688366879933,0.48722641230405206,-0.029498814039970074,0.006217314070632662,0.035716128110602735,0.17407581390696453,161,19
8,128,love,0.13339147241143612,0.501769876307521,0.0068101647069502246,0.0344934599204616,0.027683295213511375,1.2460026760968972,87,19
8,128,wealth,0.18708155002891846,0.48545185185185186,-0.025327189847943618,0.008007871874050014,0.03333506172199363,0.24022370021671205,125,19
8,128,emotion,0.18108685572800406,0.485719494409334,-0.024817361339483313,0.008272590535693625,0.03308995187517694,0.25000309963126494,121,19
8,128,scandal,0.1079243247006405,0.490057616638561,-0.016453323894824033,0.013902391600233327,0.030355715495057358,0.4579826689322803,72,19
8,128,duty,0.1288969973954494,0.49548681541582146,-0.005771345316179396,0.023540622573586505,0.0293119678897659,0.8031061804281816,85,19
8,128,class,0.14908956139606294,0.49914337723525004,0.002042300812573613,0.030312518939011334,0.02827021812643772,1.0722421313612525,99,19
8,128,society,0.1953756970229449,0.4897003745318352,-0.016562383451464685,0.015274575960672354,0.03183695941213704,0.47977496099610356,131,19
8,132,female,0.22969461267507127,0.5193521083410281,0.0014660030036182936,0.06579518690543544,0.06432918390181715,1.0227890813107936,152,43
8,132,male,0.2051522283796558,0.4534597772627056,-0.015032492039197501,0.052638306190884346,0.06767079823008185,0.7778585086455662,133,43
8,132,family,0.181057904853964,0.47429741127220126,-0.048043572842305315,0.02521806356195694,0.07326163640426225,0.34421922303861574,119,43
8,132,marriage,0.26299609019299647,0.5419501133786848,0.013029770166045056,0.07453944671494764,0.06150967654890258,1.2118328512827417,161,43
8,132,love,0.1501653524712397,0.5711530048124727,0.03140824935176249,0.09196340314015769,0.0605551537883952,1.5186717791188717,87,43
8,132,wealth,0.20904012822449713,0.5669629629629628,0.009042266277773062,0.07200684789043375,0.06296458161266069,1.1436087725041162,125,43
8,132,emotion,0.2139312177063324,0.5757474477394264,0.021988146507006458,0.08265152642105089,0.060663379914044434,1.3624616125379032,121,43
8,132,scandal,0.10009782461895143,0.4482387108862657,-0.056925362774962705,0.013902391600233327,0.07082775437519603,0.19628451759732304,72,43
8,132,duty,0.15248771195525584,0.5229006085192698,0.020292292315822538,0.08236276793487213,0.06207047561904959,1.3269234223213824,85,43
8,132,class,0.15747481639836491,0.5533247671056858,-0.016625207702595825,0.05051413102765601,0.06713933873025184,0.7523775476826796,99,43
8,132,society,0.1821041261224362,0.4443205535065901,-0.04249378853376898,0.0305415184501,0.07303530698386898,0.4181747118065432,131,43
8,146,female,0.22857142857142856,0.48830409356725146,-0.023387092119035773,6.578860804463099e-06,0.023393670979840235,0.00028122396052553204,152,12
8,146,male,0.2721804511278195,0.5451127819548872,0.09022984614652757,0.09023172583870918,1.87969218160834e-06,48003.43307172256,133,12
8,146,family,0.19987679282239212,0.5198079231692677,0.03943692167230628,0.05042772390379994,0.010990802231493658,4.588174988238197,119,12
8,146,marriage,0.24122262177182086,0.49214975845410625,-0.015609980265500926,0.006217314070632662,0.021827294336133587,0.28484126225647144,161,12
8,146,love,0.1350704347074583,0.49632104363043394,-0.007527323482274575,0.011505482632583159,0.019032806114857734,0.6045079512997841,87,12
8,146,wealth,0.18796992481203006,0.4888888888888889,-0.022215991890991424,7.999872002047968e-06,0.022223991762993472,0.00035996557625660565,125,12
8,146,emotion,0.18195488721804512,0.4889705882352941,-0.022052316333420446,8.26432620948414e-06,0.02206058065962993,0.0003746196138995082,121,12
8,146,scandal,0.10831012716977631,0.49761101742551994,-0.004648979221450243,0.013902391600233327,0.01855137082168357,0.7493996930531014,72,12
8,146,duty,0.12781954887218044,0.4896551724137931,-0.020679543531934776,1.1764429072257124e-05,0.020691307961007033,0.0005685686518154742,85,12
8,146,class,0.14887218045112782,0.48939929328621906,-0.02119300448333628,1.0100806044322337e-05,0.021203105289380603,0.00047638333659102554,99,12
8,146,society,0.19699248120300752,0.4887640449438202,-0.02246606512913506,7.63347124471382e-06,0.022473698600379774,0.00033966243741673935,131,12
8,147,female,0.2124825766346883,0.45106186518928904,-0.05847467462358742,6.578860804463099e-06,0.058481253484391885,0.00011249520850483209,152,30
8,147,male,0.18824967856943264,0.4559613319011815,-0.03758837423415563,0.0150448865430595,0.052633260777215134,0.28584371024351524,133,30
8,147,family,0.1700264862396281,0.47283528796133834,-0.04470356672018728,0.008411623334061612,0.05311519005424889,0.15836568268535015,119,30
8,147,marriage,0.31311517578266324,0.5597209898452135,0.0716042069175587,0.09938385858560764,0.027779651668048935,3.577577565392495,161,30
8,147,love,0.1340919486131089,0.4959034323668616,0.014227261617252115,0.05748143720834004,0.04325417559108793,1.3289222698502794,87,30
8,147,wealth,0.1802232896038527,0.4727555555555555,-0.006290616791918585,0.04000735988224189,0.046297976674160475,0.8641276089221931,125,30
8,147,emotion,0.17741920087240948,0.48781599416626154,-0.004627656253018246,0.041329895373630195,0.04595755162664844,0.8993058574679551,121,30
8,147,scandal,0.10221644160782344,0.48323027918306166,-0.03500300838155426,0.013902391600233327,0.04890539998178759,0.2842710949123475,72,30
8,147,duty,0.13225546265904686,0.5108519269776876,0.015728886014577788,0.05883390979035788,0.04310502377578009,1.3648968179447023,85,30
8,147,class,0.1471053312372655,0.4834386265481672,-0.0055246752357468315,0.04041332498333367,0.0459380002190805,0.879736270401865,99,30
8,147,society,0.2316541552125551,0.5555650856276982,0.038887430019191524,0.07634234591838292,0.03745491589919139,2.0382463578831,131,30
8,172,female,0.22857142857142856,0.49415204678362573,-0.011691231284185227,6.578860804463099e-06,0.01169781014498969,0.0005624010581774146,152,6
8,172,male,0.2360902255639098,0.5225563909774436,0.045117742569137774,0.04511962226131938,1.87969218160834e-06,24003.716512241237,133,6
8,172,family,0.17894736842105263,0.4945054945054945,-0.01098239901137971,8.403220113947665e-06,0.010990802231493658,0.0007645684033058152,119,6
8,172,marriage,0.24210526315789474,0.49404761904761907,-0.011900487679973674,6.211102967664998e-06,0.011906698782941339,0.0005216477783113119,161,6
8,172,love,0.13082706766917293,0.49480968858131485,-0.010370823027560159,1.1493988643939221e-05,0.010382317016204097,0.0011070735583293227,87,6
8,172,wealth,0.18796992481203006,0.49444444444444446,-0.01110492193199127,7.999872002047968e-06,0.01111292180399332,0.0007198711682154931,125,6
8,172,emotion,0.18195488721804512,0.4944852941176471,-0.011022945117873445,8.26432620948414e-06,0.011031209444082929,0.0007491768015671116,121,6
8,172,scandal,0.10827067669172932,0.49494097807757165,-0.010105807551890875,1.3888503097136193e-05,0.010119696054988012,0.001372422948307633,72,6
8,172,duty,0.12781954887218044,0.49482758620689654,-0.010334751617424136,1.1764429072257124e-05,0.010346516046496394,0.0011370425579249773,85,6
8,172,class,0.14905192273613327,0.5005889281507656,0.0012752490258360009,0.010110906850366658,0.008835657824530658,1.1443298337279613,99,6
8,172,society,0.19699248120300752,0.4943820224719101,-0.011230152155026351,7.63347124471382e-06,0.011237785626271065,0.0006792682738305178,131,6
8,181,female,0.22105948962783645,0.43619190520160045,-0.02899154151448933,0.01974316127419376,0.04873470278868309,0.4051150441892773,152,28
8,181,male,0.19270180877661286,0.4266846627847815,-0.05262574209328557,7.518683929564969e-06,0.052633260777215134,0.00014285042990680422,133,28
8,181,family,0.17803743316945875,0.4774294333117863,-0.00010171552802568096,0.04202450378985228,0.04212621931787796,0.9975854579245355,119,28
8,181,marriage,0.23647406560588632,0.4787661441388149,-0.03096544187910923,0.018639520005962657,0.04960496188507189,0.37575918410686804,161,28
8,181,love,0.15955266969186,0.5180666587121664,0.01768745725671357,0.05748143720834004,0.03979397995162647,1.4444757040328702,87,28
8,181,wealth,0.1931488378443948,0.5194888888888888,-0.002586926805585199,0.04000735988224189,0.04259428668782709,0.9392658732499968,125,28
8,181,emotion,0.19506127914054205,0.5143640617403986,0.019253910309648042,0.057858547792598476,0.038604637482950434,1.4987460461622701,121,28
8,181,scandal,0.10713216429270414,0.48171959902566985,-0.00048066237392543204,0.04167939779450571,0.04216006016843114,0.9885991060498073,72,28
8,181,duty,0.1289414464239254,0.4660750507099392,0.01917714998608134,0.05883390979035788,0.03965675980427654,1.4835783376969118,85,28
8,181,class,0.1642717871539931,0.5209337188135774,-0.0019911188172182723,0.04041332498333367,0.042404443800551944,0.9530445717544018,99,28
8,181,society,0.19598798747429552,0.47856448523315326,-0.014404006098497204,0.0305415184501,0.0449455245485972,0.6795230171670943,131,28
8,206,female,0.246875018737034,0.5220324202318662,0.023883313264309855,0.03947974368758306,0.015596430423273204,2.531332017237708,152,14
8,206,male,0.2069947596263386,0.5039431284979367,0.011283452893924434,0.03008225440218944,0.018798801508265007,1.6002219283693897,133,14
8,206,family,0.18292483660130718,0.5064025610244098,0.015304500953497002,0.03362128367590461,0.01831678272240761,1.8355452583350724,119,14
8,206,marriage,0.24056258659070032,0.4954093956423149,-0.011382996408474377,0.012428417038297659,0.023811413446772036,0.5219520909818376,161,14
8,206,love,0.14032190334368194,0.5085610309032335,0.02868474026927382,0.045987448564400825,0.017302708295127006,2.657817942564202,87,14
8,206,wealth,0.18796992481203006,0.48055555555555557,-0.025919681877324807,7.999872002047968e-06,0.025927681749326855,0.0003085455953634234,125,14
8,206,emotion,0.18195488721804512,0.4806985294117647,-0.025728773405269446,8.26432620948414e-06,0.02573703773147893,0.0003211063485777522,121,14
8,206,scandal,0.10827067669172932,0.4822934232715008,-0.02359648717860377,1.3888503097136193e-05,0.023610375681700907,0.0005882372768558768,72,14
8,206,duty,0.12671679197994987,0.4951014198782961,-0.02412780750343832,1.1764429072257124e-05,0.024139571932510578,0.0004873503600089003,85,14
8,206,class,0.14887218045112782,0.48144876325088337,-0.024726560901864838,1.0100806044322337e-05,0.024736661707909162,0.00040833343493089163,99,14
8,206,society,0.19519735576030334,0.48962889899076534,-0.026211369453837965,7.63347124471382e-06,0.02621900292508268,0.0002911426977690307,131,14
8,259,female,0.20815246491928904,0.45673027598235355,-0.04751023149689736,0.04605860449204616,0.09356883598894351,0.4922429995495123,152,55
8,259,male,0.18191166607057238,0.4242891062242071,-0.056385550440844194,0.03760093833175441,0.0939864887725986,0.40006748653341273,133,55
8,259,family,0.1618956674453367,0.44657863145258103,-0.05978679907837102,0.03362128367590461,0.09340808275427563,0.35993976842443753,119,55
8,259,marriage,0.3218819414363209,0.5679409444937396,0.10395344993463193,0.1614948882622576,0.057541438327625684,2.806584140979271,161,55
8,259,love,0.12771659414766845,0.5221731694706281,-0.055473356803355967,0.0344934599204616,0.08996681672381757,0.3834020272826491,87,55
8,259,wealth,0.2030508135874638,0.5528296296296297,0.026226994340631388,0.10400633589862562,0.07777934155799424,1.3371974333279573,125,55
8,259,emotion,0.1946673072755079,0.5205396208070006,0.02013451356672974,0.09918017884001917,0.07904566527328943,1.2547200215959056,121,55
8,259,scandal,0.11118948221293,0.5204468802698144,0.0007128080373444701,0.08334490708591429,0.08263209904856982,1.008626284997515,72,55
8,259,duty,0.13672581163807118,0.5085192697768762,0.013091269544810144,0.09412719700712924,0.0810359274623191,1.161548956785074,85,55
8,259,class,0.16239542946771862,0.570528607631081,-0.0022237934530073278,0.08081654916062302,0.08304034261363034,0.973220324194381,99,55
8,259,society,0.19834062297466235,0.5097921491265689,-0.02694112085372531,0.061075403428955274,0.08801652428268059,0.6939083760238809,131,55
8,272,female,0.21725654896118365,0.472876269621422,-0.019488471840752256,6.578860804463099e-06,0.01949505070155672,0.00033746312871093485,152,10
8,272,male,0.19671925355605277,0.47297755667363894,5.469398011173632e-06,0.0150448865430595,0.015039417145048327,1.0003636708097168,133,10
8,272,family,0.2084117837509608,0.5327438667774802,0.022630481444410953,0.03362128367590461,0.010990802231493658,3.059038181626567,119,10
8,272,marriage,0.23996655618549045,0.5026188011436459,0.004748702112382869,0.018639520005962657,0.013890817893579788,1.3418590717567334,161,10
8,272,love,0.1321891374423914,0.49657956488883587,-0.00406712784281312,0.011505482632583159,0.015572610475396279,0.738828127116019,87,10
8,272,wealth,0.20634082182650587,0.49087407407407413,0.020894566076200598,0.03200748788019392,0.01111292180399332,2.880204544030188,125,10
8,272,emotion,0.1774932005497157,0.4897149975692756,-0.008273304516162802,0.008272590535693625,0.016545895051856427,0.4999784242113559,121,10
8,272,scandal,0.11458493160739132,0.5051292861157954,-0.001276309314772019,0.013902391600233327,0.015178700915005346,0.9159144565246554,72,10
8,272,duty,0.1354151490820753,0.5247058823529412,-0.003742718502422332,0.01177619350132938,0.015518912003751712,0.7588285504630509,85,10
8,272,class,0.15743703998585765,0.4810026055609094,0.006075720442365507,0.020211712894688996,0.01413599245232349,1.4298050144994987,99,10
8,272,society,0.208424286839863,0.5348586213797638,-0.009214637397366884,0.007641104715958534,0.01685574211332542,0.45332354186081697,131,10
8,291,female,0.21431451055092585,0.4378654970760234,-0.039713478261453036,0.09868949092775094,0.13840296918920397,0.7130590586689239,152,86
8,291,male,0.18736863457616384,0.3898043982135791,-0.11465600807070275,0.03760093833175441,0.15225694640245716,0.24695712885320706,133,86
8,291,family,0.16644013873269234,0.4152122387416505,-0.08585900217292572,0.058830944017747605,0.14468994619067332,0.4066000822186582,119,86
8,291,marriage,0.23153311922178832,0.5066178645371192,-0.03131124119989104,0.10559496155327264,0.13690620275316367,0.7712942104083097,161,86
8,291,love,0.13566427338232984,0.5120510678916598,0.009910388958020988,0.1379393577159146,0.1280289687578936,1.0774073950067067,87,86
8,291,wealth,0.1766616401370215,0.4402814814814815,-0.05088363443796541,0.08800659189452968,0.1388902263324951,0.6336413599270362,125,86
8,291,emotion,0.17055152953835423,0.40441176470588236,-0.07726079002856437,0.06612287400208261,0.14338366403064698,0.461160442848554,121,86
8,291,scandal,0.14836655124704248,0.5758853288364251,0.10418480498858504,0.22222993805727623,0.11804513306869119,1.8825845020317498,72,86
8,291,duty,0.17525397747507226,0.5698985801217038,0.10801734962460306,0.22353591680195764,0.11551856717735458,1.935064832104695,85,86
8,291,class,0.14920970643194115,0.4942534889531356,-0.009523580925853509,0.12121977333791237,0.13074335426376588,0.9271582025686178,99,86
8,291,society,0.18960348569652596,0.48749178031277696,-0.027956597444228695,0.1068762308972382,0.1348328283414669,0.7926573388031236,131,86
8,341,female,0.22852443609022555,0.5006796963168154,-0.003163060340580371,0.006585439665267561,0.009748500005847932,0.6755336370356005,152,6
8,341,male,0.2,0.4924812030075188,-0.011272514097902083,7.518683929564969e-06,0.011280032781831649,0.0006665480565808727,133,6
8,341,family,0.17894736842105263,0.4926739926739927,-0.01098239901137971,8.403220113947665e-06,0.010990802231493658,0.0007645684033058152,119,6
8,341,marriage,0.24210526315789474,0.4920634920634921,-0.011900487679973674,6.211102967664998e-06,0.011906698782941339,0.0005216477783113119,161,6
8,341,love,0.13082706766917293,0.4930795847750865,-0.010370823027560159,1.1493988643939221e-05,0.010382317016204097,0.0011070735583293227,87,6
8,341,wealth,0.18846616541353384,0.4975259259259259,-0.0012532049367766137,0.008007871874050014,0.009261076810826628,0.8646804293668918,125,6
8,341,emotion,0.19547629404088737,0.5028409090909091,0.009182164372943839,0.016536916745177765,0.007354752372233927,2.2484668287895584,121,6
8,341,scandal,0.10827067669172932,0.49325463743676223,-0.010105807551890875,1.3888503097136193e-05,0.010119696054988012,0.001372422948307633,72,6
8,341,duty,0.12781954887218044,0.49310344827586206,-0.010334751617424136,1.1764429072257124e-05,0.010346516046496394,0.0011370425579249773,85,6
8,341,class,0.15077086656034025,0.5047471178213228,0.0012752490258360009,0.010110906850366658,0.008835657824530658,1.1443298337279613,99,6
8,341,society,0.19907402093018806,0.5020156102581697,0.007782094659104195,0.015274575960672354,0.00749248130156816,2.038653864299503,131,6
8,344,female,0.253993167562792,0.5545295988509285,0.06432991485785261,0.2105301246036236,0.146200209745771,1.440012466249375,152,107
8,344,male,0.19662234958929758,0.5136737520492962,-0.01315390221687826,0.15038119727522894,0.1635350994921072,0.9195652660581731,133,107
8,344,family,0.1803238742540113,0.5042093760581156,-0.02197324738346243,0.14286314515722426,0.1648363925406867,0.8666966253892904,119,107
8,344,marriage,0.273574994230921,0.5437370600414079,0.03356014449464631,0.1863393001329176,0.1527791556382713,1.2196644192280102,161,107
8,344,love,0.1509135829093966,0.5419500457383765,0.052922853525695424,0.20690328957954993,0.1539804360538545,1.3436985560025432,87,107
8,344,wealth,0.19930482009727124,0.4960888888888889,0.01859650765289536,0.17600518391705736,0.157408676264162,1.1181415668636252,125,107
8,344,emotion,0.17776210839089027,0.4713630286825474,-0.0350431513197097,0.13223748367795576,0.16728063499766546,0.7905128031048587,121,107
8,344,scandal,0.09778858642331244,0.4670226719130598,-0.08697660953628937,0.08334490708591429,0.17032151662220366,0.4893386856711434,72,107
8,344,duty,0.1703539172692019,0.5938133874239351,0.07181057792381582,0.22353591680195764,0.15172533887814182,1.4732932445780673,85,107
8,344,class,0.14188198398772336,0.4794142841846022,-0.03475833906681672,0.1313205793822347,0.16607891844905143,0.7907119133951347,99,107
8,344,society,0.1822720041629983,0.47801412356691536,-0.06728229285360919,0.1068762308972382,0.1741585237508474,0.6136721223563111,131,107
8,374,female,0.22739990828520573,0.4962039601928799,-0.0004828198144007888,0.01316430046973066,0.013647120284131448,0.9646211211366824,152,9
8,374,male,0.2090678305557609,0.5140482785912149,0.01128353769079282,0.02256357047262447,0.011280032781831649,2.0003107177991986,133,9
8,374,family,0.18196706443155175,0.5033397974574445,-0.006242169142889022,0.008411623334061612,0.014653792476950634,0.5740236424610536,119,9
8,374,marriage,0.2430827200699375,0.49489795918367346,-0.001462400855282129,0.012428417038297659,0.013890817893579788,0.8947217602749828,161,9
8,374,love,0.14081756114423993,0.4809489718808417,-0.0023370300230823923,0.011505482632583159,0.013842512655665551,0.8311701002522076,87,9
8,374,wealth,0.19032371838687628,0.49217777777777777,0.0030429770789379713,0.016007743876097984,0.012964766797160012,1.234711285232669,125,9
8,374,emotion,0.18097013903886458,0.482635512882839,-0.016537630725646943,8.26432620948414e-06,0.016545895051856427,0.0004994789452660898,121,9
8,374,scandal,0.1068835282651072,0.4898351133595653,-0.015164812411908209,1.3888503097136193e-05,0.015178700915005346,0.000914999457067588,72,9
8,374,duty,0.12902695798080094,0.5073833671399595,-0.002018586516670558,0.01177619350132938,0.013794780017999938,0.8536702640498578,85,9
8,374,class,0.14887218045112782,0.4734982332155477,-0.015892669855543443,1.0100806044322337e-05,0.015902770661587767,0.0006351601402443095,99,9
8,374,society,0.194698312787907,0.49069388455270607,-0.016848108642080705,7.63347124471382e-06,0.01685574211332542,0.00045287067118962733,131,9
8,376,female,0.23787593984962407,0.5021737457679285,0.013893281546629345,0.01974316127419376,0.0058498797275644155,3.3749687498342484,152,6
8,376,male,0.21727533118510564,0.5132709593532705,0.026320990346791154,0.03008225440218944,0.0037612640553982882,7.997910795711485,133,6
8,376,family,0.18084181040837385,0.5001923846461661,0.009487031461972596,0.01681484344800928,0.007327811986036682,2.294660872543632,119,6
8,376,marriage,0.24220333442301406,0.49728260869565216,-0.003705265601670226,0.006217314070632662,0.009922579672302888,0.6265824286965015,161,6
8,376,love,0.13060044747885038,0.49703694865370085,-0.010370823027560159,1.1493988643939221e-05,0.010382317016204097,0.0011070735583293227,87,6
8,376,wealth,0.18719343814080655,0.4946666666666667,-0.01110492193199127,7.999872002047968e-06,0.01111292180399332,0.0007198711682154931,125,6
8,376,emotion,0.1816317653638228,0.4949258629071463,-0.011022945117873445,8.26432620948414e-06,0.011031209444082929,0.0007491768015671116,121,6
8,376,scandal,0.10827067669172932,0.49072512647554806,-0.010105807551890875,1.3888503097136193e-05,0.010119696054988012,0.001372422948307633,72,6
8,376,duty,0.12749226006191952,0.4971805273833671,-0.010334751617424136,1.1764429072257124e-05,0.010346516046496394,0.0011370425579249773,85,6
8,376,class,0.14887218045112782,0.4902826855123675,-0.010592335227750613,1.0100806044322337e-05,0.010602436033794935,0.0009526872891450271,99,6
8,376,society,0.19699248120300752,0.4897003745318352,-0.011230152155026351,7.63347124471382e-06,0.011237785626271065,0.0006792682738305178,131,6
8,391,female,0.2270520050125313,0.49474197188878627,-0.011691231284185227,6.578860804463099e-06,0.01169781014498969,0.0005624010581774146,152,6
8,391,male,0.2,0.4868421052631579,-0.011272514097902083,7.518683929564969e-06,0.011280032781831649,0.0006665480565808727,133,6
8,391,family,0.17954444935869085,0.4923507864684335,-0.000747683774703559,0.008411623334061612,0.00915930710876517,0.9183689588368078,119,6
8,391,marriage,0.24363263230540116,0.49839790988859306,-0.003705265601670226,0.006217314070632662,0.009922579672302888,0.6265824286965015,161,6
8,391,love,0.1469766369947858,0.5013323787933023,0.016077349899779735,0.02299947127652238,0.006922121376742642,3.322604447601103,87,6
8,391,wealth,0.18974436090225563,0.5018222222222222,-0.0012532049367766137,0.008007871874050014,0.009261076810826628,0.8646804293668918,125,6
8,391,emotion,0.18182853828786844,0.49220649003403016,-0.0009203903724648022,0.008272590535693625,0.009192980908158427,0.899881182985176,121,6
8,391,scandal,0.10783529336160916,0.4958544125913435,-0.010105807551890875,1.3888503097136193e-05,0.010119696054988012,0.001372422948307633,72,6
8,391,duty,0.13252395695120153,0.5081744421906694,0.00315380944058476,0.01177619350132938,0.00862238406074462,1.3657700024726838,85,6
8,391,class,0.1534124567617391,0.5053538922796874,0.0012752490258360009,0.010110906850366658,0.008835657824530658,1.1443298337279613,99,6
8,391,society,0.1960339780749584,0.4915515910455442,-0.011230152155026351,7.63347124471382e-06,0.011237785626271065,0.0006792682738305178,131,6
8,452,female,0.2272129186602871,0.4912665435518621,-0.0012137502014386136,0.006585439665267561,0.0077991898667061745,0.8443748359731122,152,5
8,452,male,0.20039384174722522,0.4888631352818136,-0.009392821916293743,7.518683929564969e-06,0.009400340600223309,0.0007998310112919236,133,5
8,452,family,0.17828394515701018,0.4849939975990396,-0.009150903888651222,8.403220113947665e-06,0.00915930710876517,0.0009174515073294785,119,5
8,452,marriage,0.24999243156320633,0.514850142955733,0.0064740755872716715,0.012428417038297659,0.0059543414510259875,2.0872865854995335,161,5
8,452,love,0.1408043435159908,0.5007159050232669,0.0045833612558405165,0.011505482632583159,0.006922121376742642,1.6621324597944547,87,5
8,452,wealth,0.18876394833236937,0.5041037037037037,-0.00925307693882458,7.999872002047968e-06,0.009261076810826628,0.0008638166127541378,125,5
8,452,emotion,0.18780585322560095,0.49974173553719003,0.0009178381634596978,0.008272590535693625,0.007354752372233927,1.1247952501840819,121,5
8,452,scandal,0.11912135135819346,0.5051995503091624,0.022730203502398842,0.027790894697369516,0.005060691194970675,5.49152153751184,72,5
8,452,duty,0.15936579942043427,0.5416632860040569,0.01836650248434543,0.023540622573586505,0.005174120089241072,4.549686161708261,85,5
8,452,class,0.14882354340089587,0.49248670450083876,-0.008825557018486335,1.0100806044322337e-05,0.008835657824530658,0.0011431866470808807,99,5
8,452,society,0.20123990780881099,0.5031592189152873,0.009654746821455647,0.015274575960672354,0.005619829139216707,2.7179787106629627,131,5
8,470,female,0.2222378203960505,0.47783933518005534,-0.04288019351045336,6.578860804463099e-06,0.04288677237125782,0.00015340069771067148,152,22
8,470,male,0.1951811346548189,0.47858838826389277,-0.03194921289246222,0.007526202613494532,0.03947541550595675,0.19065543748787622,133,22
8,470,family,0.17596651791897971,0.48773355496044574,-0.030051605738359376,0.008411623334061612,0.03846322907242099,0.2186925938538594,119,22
8,470,marriage,0.23796093326312198,0.5041161392093068,-0.019060727215278527,0.018639520005962657,0.037700247221241184,0.4944137341085209,161,22
8,470,love,0.13225019169788507,0.5135027641888398,0.0016198712477580382,0.0344934599204616,0.03287358867270356,1.049275765503929,87,22
8,470,wealth,0.20367186773750354,0.5435555555555555,-0.011179290837014366,0.02400761587814595,0.03518690671516032,0.6822883316173955,125,22
8,470,emotion,0.19118679290181786,0.49778196402527947,-2.4382711030883353e-05,0.033065569164146054,0.03308995187517694,0.9992631384862051,121,22
8,470,scandal,0.11626945704191621,0.5258806445568671,0.04078702344705985,0.0694564039887781,0.028669380541718244,2.4226684593092607,72,22
8,470,duty,0.1364416563734679,0.48206896551724143,-0.02443230233144362,0.01177619350132938,0.036208495832773,0.32523288333743183,85,22
8,470,class,0.1731698047445915,0.5196130920512546,0.008609550438367392,0.04041332498333367,0.03180377454496628,1.2707084476694404,99,22
8,470,society,0.3505147793958777,0.6006804471509849,0.1489298813886559,0.15267705836552115,0.0037471769768652554,40.74455497228753,131,22
8,493,female,0.22857142857142856,0.49122807017543857,-0.011691231284185227,6.578860804463099e-06,0.01169781014498969,0.0005624010581774146,152,6
8,493,male,0.2,0.49154135338345867,-0.011272514097902083,7.518683929564969e-06,0.011280032781831649,0.0006665480565808727,133,6
8,493,family,0.17894736842105263,0.49175824175824173,-0.01098239901137971,8.403220113947665e-06,0.010990802231493658,0.0007645684033058152,119,6
8,493,marriage,0.24210526315789474,0.49107142857142855,-0.011900487679973674,6.211102967664998e-06,0.011906698782941339,0.0005216477783113119,161,6
8,493,love,0.13123901708293723,0.49880682496122186,0.002853263436109789,0.011505482632583159,0.00865221919647337,1.329772439877968,87,6
8,493,wealth,0.18796992481203006,0.49166666666666664,-0.01110492193199127,7.999872002047968e-06,0.01111292180399332,0.0007198711682154931,125,6
8,493,emotion,0.20981741543942498,0.5220056514341274,0.01928471911835248,0.024801242954661906,0.005516523836309426,4.495809985796819,121,6
8,493,scandal,0.10827067669172932,0.4924114671163575,-0.010105807551890875,1.3888503097136193e-05,0.010119696054988012,0.001372422948307633,72,6
8,493,duty,0.12781954887218044,0.49224137931034484,-0.010334751617424136,1.1764429072257124e-05,0.010346516046496394,0.0011370425579249773,85,6
8,493,class,0.15428217007164374,0.5039708034407681,0.013142833279422618,0.020211712894688996,0.007068879615266378,2.8592526668836333,99,6
8,493,society,0.19699248120300752,0.49157303370786515,-0.011230152155026351,7.63347124471382e-06,0.011237785626271065,0.0006792682738305178,131,6
8,511,female,0.22493136768991204,0.4708243562121679,-0.018757541453714433,0.006585439665267561,0.025342981118981995,0.259852605109475,152,14
8,511,male,0.19694869412914529,0.46968454972016505,-0.026310051550768803,7.518683929564969e-06,0.026317570234698367,0.0002856906569348214,133,14
8,511,family,0.17844873989925386,0.5072567488533875,-0.00516492951985531,0.01681484344800928,0.02197977296786459,0.7650144281211785,119,14
8,511,marriage,0.24822084924446808,0.48246327516513854,0.005007447748132523,0.024850622973627657,0.019843175225495134,1.2523511328190282,161,14
8,511,love,0.13088355765433207,0.5109871534820825,-0.024211605585405978,1.1493988643939221e-05,0.024223099574049917,0.000474505279901428,87,14
8,511,wealth,0.18507256593572383,0.47612592592592595,-0.025919681877324807,7.999872002047968e-06,0.025927681749326855,0.0003085455953634234,125,14
8,511,emotion,0.20064869316127515,0.52234747204667,0.004578890830956479,0.024801242954661906,0.020222352123705427,1.2264272129038096,121,14
8,511,scandal,0.1134337855700085,0.4922475173318343,0.007553188922346833,0.027790894697369516,0.020237705775022683,1.3732235760782596,72,14
8,511,duty,0.12544883345719493,0.4858924949290061,-0.02412780750343832,1.1764429072257124e-05,0.024139571932510578,0.0004873503600089003,85,14
8,511,class,0.15720140391310294,0.5124388763964736,0.010876191858895008,0.030312518939011334,0.019436327080116327,1.559580614820068,99,14
8,511,society,0.19326023795538658,0.4886782742945364,-0.016705246046772693,0.007641104715958534,0.024346350762731228,0.3138501038661405,131,14
8,529,female,0.22374107459039422,0.4862906535344209,-0.019245478139903224,0.07237404770989854,0.09161952584980176,0.7899413038630694,152,58
8,529,male,0.22294882280075878,0.4935977160947482,0.022560758014890547,0.10526909369783911,0.08270833568294857,1.2727749002241011,133,58
8,529,family,0.19065119802165115,0.48066919075322434,0.016596437446852727,0.10084704458748592,0.08425060714063319,1.1969889358536319,119,58
8,529,marriage,0.23517444275458949,0.46349699300009856,-0.02492723857183514,0.06832834374728264,0.09325558231911778,0.7326997703229434,161,58
8,529,love,0.12614263506555645,0.42399475002982934,-0.06066365026254815,0.0344934599204616,0.09515711018300975,0.3624895696575903,87,58
8,529,wealth,0.20153458510839756,0.5198814814814814,0.0009680253707019942,0.08800659189452968,0.08703856652382769,1.0111217981677796,125,58
8,529,emotion,0.1851564852685842,0.46531660184735046,-0.005585281531861053,0.08265152642105089,0.08823680795291194,0.9367012286326317,121,58
8,529,scandal,0.1189438898422709,0.5218287427393666,-0.01992103487314817,0.0694564039887781,0.08937743886192627,0.7771133842322325,72,58
8,529,duty,0.11616727581123495,0.4717444219066937,-0.05952393170248966,0.035305051645843626,0.09482898334833328,0.37230233203899304,85,58
8,529,class,0.16346312827742152,0.5637113181282792,-0.007524128080800163,0.08081654916062302,0.08834067724142318,0.9148282725844112,99,58
8,529,society,0.3105662266698964,0.6274551848357491,0.13855114398639523,0.19847788583380405,0.059926741847408815,3.3120086243946876,131,58
8,547,female,0.217370820386019,0.48453370267774704,-0.017295680679638784,0.01974316127419376,0.037038841953832544,0.5330393779122412,152,22
8,547,male,0.19860766769813276,0.4840720221606648,-0.013152460670115603,0.02256357047262447,0.03571603114274007,0.6317490983759312,133,22
8,547,family,0.18519310187992125,0.5096500138516945,-0.01981689050168322,0.01681484344800928,0.0366317339496925,0.45902395640464644,119,22
8,547,marriage,0.23771290218275865,0.4929138321995465,-0.010865505136975078,0.024850622973627657,0.035716128110602735,0.6957815498918734,161,22
8,547,love,0.1217781490530485,0.4576820586246669,-0.02482830167958186,0.011505482632583159,0.03633378431216502,0.31666072912791293,87,22
8,547,wealth,0.18363490425171164,0.49558518518518513,-0.011179290837014366,0.02400761587814595,0.03518690671516032,0.6822883316173955,125,22
8,547,emotion,0.18779089601744337,0.5190052260573651,-0.010126937456439528,0.024801242954661906,0.034928180411101434,0.7100639844974322,121,22
8,547,scandal,0.10993074760641812,0.46175285741053024,-0.005937490704366066,0.027790894697369516,0.03372838540173558,0.8239616087616072,72,22
8,547,duty,0.1239241253253959,0.4959837728194726,-0.02443230233144362,0.01177619350132938,0.036208495832773,0.32523288333743183,85,22
8,547,class,0.15258078588987564,0.48955991005460964,-0.0032580338152192224,0.030312518939011334,0.033570552754230557,0.9029496523344677,99,22
8,547,society,0.22738836789733508,0.5764216485118792,0.01584415368974205,0.04580846093952764,0.029964307249785587,1.5287675618907113,131,22
8,557,female,0.22158969386716934,0.4610713552888068,-0.018757541453714433,0.006585439665267561,0.025342981118981995,0.259852605109475,152,14
8,557,male,0.19246753712041914,0.46155096387585504,-0.026310051550768803,7.518683929564969e-06,0.026317570234698367,0.0002856906569348214,133,14
8,557,family,0.1760973102410017,0.47927632591498137,-0.00516492951985531,0.01681484344800928,0.02197977296786459,0.7650144281211785,119,14
8,557,marriage,0.2876537032519847,0.5379140786749482,0.04598355813964975,0.05590613781195264,0.009922579672302888,5.634234206490719,161,14
8,557,love,0.16458351993286757,0.5511374935369685,0.02868474026927382,0.045987448564400825,0.017302708295127006,2.657817942564202,87,14
8,557,wealth,0.20817961310094846,0.5129777777777779,0.013487186103533833,0.03200748788019392,0.018520301776660086,1.7282379231424083,125,14
8,557,emotion,0.19665914261406042,0.5268519081186193,0.014681445576365127,0.033065569164146054,0.018384123587780927,1.7985937161739172,121,14
8,557,scandal,0.10926670606944919,0.5026114858534757,-0.008021649128128467,0.013902391600233327,0.021924040728361793,0.6341163005419223,72,14
8,557,duty,0.1792975682433529,0.5509127789046653,0.05680355884461506,0.070598338862615,0.013794780017999938,5.1177574970661315,85,14
8,557,class,0.15363341622058374,0.5179355391369526,-0.0009913923946916064,0.020211712894688996,0.021203105289380603,0.9532430565186422,99,14
8,557,society,0.22585281097573823,0.5617977528089888,0.01181312417442313,0.0305415184501,0.01872839427567687,1.6307601174402033,131,14
8,558,female,0.22041561483435326,0.46380937724428034,-0.009010990758005644,0.006585439665267561,0.015596430423273204,0.42224018484501674,152,9
8,558,male,0.25065311652651706,0.5574650912996778,0.030080289913139442,0.03760093833175441,0.007520648418614969,4.9996936745089124,133,9
8,558,family,0.24749340756618812,0.5214778218979901,0.0551661222771679,0.058830944017747605,0.003664821740579705,16.052880103354983,119,9
8,558,marriage,0.24669331211225426,0.49437419895494433,-0.001462400855282129,0.012428417038297659,0.013890817893579788,0.8947217602749828,161,9
8,558,love,0.12882302462610992,0.4636081613172653,-0.01556111648675234,1.1493988643939221e-05,0.015572610475396279,0.0007380900370789401,87,9
8,558,wealth,0.18094878889169028,0.4728148148148148,-0.016660456911491345,7.999872002047968e-06,0.016668456783493393,0.0004799407710910719,125,9
8,558,emotion,0.1756127806017663,0.4757991006319884,-0.016537630725646943,8.26432620948414e-06,0.016545895051856427,0.0004994789452660898,121,9
8,558,scandal,0.13479151023169528,0.5650529323590032,0.015984863689042395,0.027790894697369516,0.011806031008327124,2.3539574540685066,72,9
8,558,duty,0.1245621214959764,0.4830121703853955,-0.015507147574679454,1.1764429072257124e-05,0.015518912003751712,0.0007580704799830678,85,9
8,558,class,0.14120630315135588,0.46405753649569903,-0.015892669855543443,1.0100806044322337e-05,0.015902770661587767,0.0006351601402443095,99,9
8,558,society,0.19660768398351847,0.4785716327872603,-0.007341985235015432,0.007641104715958534,0.014983089950973966,0.5099819022945828,131,9
8,567,female,0.2277986633249791,0.4896314250538627,-0.00974192114504347,6.578860804463099e-06,0.009748500005847932,0.0006748587782573433,152,5
8,567,male,0.1994360902255639,0.4998728023065182,-0.009392821916293743,7.518683929564969e-06,0.009400340600223309,0.0007998310112919236,133,5
8,567,family,0.19347739095638253,0.5119740203773818,0.021553241821377238,0.02521806356195694,0.003664821740579705,6.881116010593958,119,5
8,567,marriage,0.2426505226276393,0.4974243320516612,-0.0017211464910317767,0.006217314070632662,0.007938460561664439,0.7831888842370092,161,5
8,567,love,0.13082706766917293,0.4870242214532872,-0.008640725207829431,1.1493988643939221e-05,0.00865221919647337,0.0013284439958820863,87,5
8,567,wealth,0.1879131920710868,0.5007851851851851,-0.00925307693882458,7.999872002047968e-06,0.009261076810826628,0.0008638166127541378,125,5
8,567,emotion,0.18957310631951782,0.4964374696159455,0.0009178381634596978,0.008272590535693625,0.007354752372233927,1.1247952501840819,121,5
8,567,scandal,0.10783529336160916,0.4950229529698332,-0.008419472598551763,1.3888503097136193e-05,0.0084333611016489,0.0016468526519958745,72,5
8,567,duty,0.12762297901616787,0.4937931034482758,-0.008610619631672362,1.1764429072257124e-05,0.00862238406074462,0.0013644055968758083,85,5
8,567,class,0.14887218045112782,0.48674911660777387,-0.008825557018486335,1.0100806044322337e-05,0.008835657824530658,0.0011431866470808807,99,5
8,567,society,0.19699248120300752,0.4859550561797753,-0.009357499992674899,7.63347124471382e-06,0.009365133463919612,0.0008150947632842244,131,5
8,568,female,0.24057017543859652,0.5092720837180672,0.013893281546629345,0.01974316127419376,0.0058498797275644155,3.3749687498342484,152,6
8,568,male,0.20977443609022556,0.5112640624116683,0.01692261423561784,0.02256357047262447,0.005640956237006628,3.99995488718733,133,6
8,568,family,0.17894736842105263,0.4926739926739927,-0.01098239901137971,8.403220113947665e-06,0.010990802231493658,0.0007645684033058152,119,6
8,568,marriage,0.24210526315789474,0.4920634920634921,-0.011900487679973674,6.211102967664998e-06,0.011906698782941339,0.0005216477783113119,161,6
8,568,love,0.13076008987987212,0.4996221612377203,-0.010370823027560159,1.1493988643939221e-05,0.010382317016204097,0.0011070735583293227,87,6
8,568,wealth,0.18796992481203006,0.4925925925925926,-0.01110492193199127,7.999872002047968e-06,0.01111292180399332,0.0007198711682154931,125,6
8,568,emotion,0.18195488721804512,0.49264705882352944,-0.011022945117873445,8.26432620948414e-06,0.011031209444082929,0.0007491768015671116,121,6
8,568,scandal,0.10827067669172932,0.49325463743676223,-0.010105807551890875,1.3888503097136193e-05,0.010119696054988012,0.001372422948307633,72,6
8,568,duty,0.12781954887218044,0.49310344827586206,-0.010334751617424136,1.1764429072257124e-05,0.010346516046496394,0.0011370425579249773,85,6
8,568,class,0.14887218045112782,0.4929328621908127,-0.010592335227750613,1.0100806044322337e-05,0.010602436033794935,0.0009526872891450271,99,6
8,568,society,0.19699248120300752,0.49250936329588013,-0.011230152155026351,7.63347124471382e-06,0.011237785626271065,0.0006792682738305178,131,6
8,570,female,0.22857142857142856,0.4834307992202729,-0.015589851562468742,6.578860804463099e-06,0.015596430423273204,0.00042181836647853824,152,8
8,570,male,0.19843358395989977,0.493237322629883,-0.015031898461118761,7.518683929564969e-06,0.015039417145048327,0.0004999318694701234,133,8
8,570,family,0.17773976463650476,0.4995228860775079,-0.014645389256836686,8.403220113947665e-06,0.014653792476950634,0.0005734501922687849,119,8
8,570,marriage,0.2514884048064826,0.5038326924972887,0.01691216241196322,0.024850622973627657,0.007938460561664439,3.1304083175147595,161,8
8,570,love,0.13241184858698468,0.5050113351628684,-0.0006069322033516664,0.011505482632583159,0.012112414835934825,0.9498917257605043,87,8
8,570,wealth,0.18940685045948202,0.4942,-0.004956894923109998,0.008007871874050014,0.012964766797160012,0.6176641661758627,125,8
8,570,emotion,0.18158799404929438,0.4994075109382596,-0.004596847444313804,0.008272590535693625,0.012869437980007429,0.6428089981786478,121,8
8,570,scandal,0.11023913951545532,0.493570826306914,0.002096360591906203,0.013902391600233327,0.011806031008327124,1.1775669223001375,72,8
8,570,duty,0.1383866907086721,0.4989148073022312,-0.0002944545309187859,0.01177619350132938,0.012070648032248166,0.9756057395503769,85,8
8,570,class,0.14887218045112782,0.48498233215547704,-0.014125891646279167,1.0100806044322337e-05,0.01413599245232349,0.0007145452346324331,99,8
8,570,society,0.1960339780749584,0.4887640449438202,-0.014975456479729253,7.63347124471382e-06,0.014983089950973966,0.0005094724298647182,131,8
8,588,female,0.21350041078106688,0.4232327895762798,-0.08893270646281771,0.006585439665267561,0.09551814612808528,0.06894438315802168,152,50
8,588,male,0.2094113666041939,0.4831039063824976,-0.02819033731045588,0.052638306190884346,0.08082864350134022,0.6512333241044719,133,50
8,588,family,0.17903335602583192,0.49515190691661276,-0.019925177754700124,0.058830944017747605,0.07875612177244773,0.7470015370612394,119,50
8,588,marriage,0.2265027571292724,0.4464408951986591,-0.050030396078244777,0.03727282890895765,0.08730322498720243,0.4269353040966637,161,50
8,588,love,0.1317552428784696,0.49868750745734397,0.0192975646136474,0.09196340314015769,0.07266583852651029,1.265565842267706,87,50
8,588,wealth,0.17775113945881668,0.43943703703703707,-0.043327516655252425,0.04000735988224189,0.08333487653749432,0.4800794282542863,125,50
8,588,emotion,0.21012529087721984,0.5442315872630044,0.049530765737169524,0.11570883125898745,0.06617806552181793,1.748446865964849,121,50
8,588,scandal,0.10897159844530775,0.5130457185684841,-0.02200519329691058,0.05556790089164191,0.07757309418855249,0.71632956596858,72,50
8,588,duty,0.12517565031379066,0.4885598377281947,0.008223368415560123,0.08236276793487213,0.074139399519312,1.1109176560339844,85,50
8,588,class,0.15918582325109748,0.47895028018702934,0.00661009759331406,0.08081654916062302,0.07420645156730896,1.0890771281015814,99,50
8,588,society,0.20856356344510865,0.5115218572204592,0.010940510179227758,0.08397581716309674,0.07303530698386898,1.1497975517580057,131,50
8,613,female,0.22857142857142856,0.49317738791423005,-0.013640541423326985,6.578860804463099e-06,0.013647120284131448,0.00048206952580543853,152,7
8,613,male,0.2,0.4934210526315789,-0.013152206279510423,7.518683929564969e-06,0.013159724963439989,0.0005713405067265345,133,7
8,613,family,0.18844169246646028,0.5089574291254964,0.01789025157592026,0.02521806356195694,0.007327811986036682,3.441417930286576,119,7
8,613,marriage,0.2421542987904544,0.4971532091097308,-0.005689384712308677,0.006217314070632662,0.011906698782941339,0.522169426089623,161,7
8,613,love,0.13096534439547144,0.5004971562661577,0.0011231656163790613,0.011505482632583159,0.010382317016204097,1.108180631887652,87,7
8,613,wealth,0.1961624060150376,0.5034,0.006746667065271356,0.016007743876097984,0.009261076810826628,1.7284970421210297,125,7
8,613,emotion,0.18195488721804512,0.49356617647058826,-0.012861173653797945,8.26432620948414e-06,0.012869437980007429,0.0006421668313473005,121,7
8,613,scandal,0.10827067669172932,0.49409780775716694,-0.011792142505229987,1.3888503097136193e-05,0.011806031008327124,0.0011763905317683692,72,7
8,613,duty,0.12781954887218044,0.4939655172413793,-0.012058883603175908,1.1764429072257124e-05,0.012070648032248166,0.0009746311084419351,85,7
8,613,class,0.14887218045112782,0.49381625441696114,-0.012359113437014891,1.0100806044322337e-05,0.012369214243059213,0.0008166085448130736,99,7
8,613,society,0.19699248120300752,0.4934456928838951,-0.013102804317377804,7.63347124471382e-06,0.013110437788622517,0.0005822438096427295,131,7
8,629,female,0.23404024111260954,0.49638350261618963,-0.005112370479722129,0.006585439665267561,0.01169781014498969,0.562963459235592,152,7
8,629,male,0.21705917995294274,0.5302871841257278,-0.0037538301683371165,0.007526202613494532,0.011280032781831649,0.6672146046374534,133,7
8,629,family,0.2038653973644998,0.5139748206975099,0.01789025157592026,0.02521806356195694,0.007327811986036682,3.441417930286576,119,7
8,629,marriage,0.24402789338466127,0.46868530020703936,-0.005689384712308677,0.006217314070632662,0.011906698782941339,0.522169426089623,161,7
8,629,love,0.1304768223859612,0.4719405003380662,0.0011231656163790613,0.011505482632583159,0.010382317016204097,1.108180631887652,87,7
8,629,wealth,0.1860168883747831,0.4704888888888889,-0.012956766925157964,7.999872002047968e-06,0.012964766797160012,0.0006170471190568061,125,7
8,629,emotion,0.1793973381989911,0.4909455517744288,-0.012861173653797945,8.26432620948414e-06,0.012869437980007429,0.0006421668313473005,121,7
8,629,scandal,0.10703784925276152,0.4749156829679595,-0.011792142505229987,1.3888503097136193e-05,0.011806031008327124,0.0011763905317683692,72,7
8,629,duty,0.13803402271083529,0.5196551724137932,-0.012058883603175908,1.1764429072257124e-05,0.012070648032248166,0.0009746311084419351,85,7
8,629,class,0.1463331076770353,0.4980547524717136,-0.012359113437014891,1.0100806044322337e-05,0.012369214243059213,0.0008166085448130736,99,7
8,629,society,0.19242112394186217,0.49193755896732144,-0.013102804317377804,7.63347124471382e-06,0.013110437788622517,0.0005822438096427295,131,7
8,657,female,0.2162909630084519,0.4752616189596799,-0.032159231405735025,0.02632202207865686,0.058481253484391885,0.45009332922783324,152,34
8,657,male,0.19107166932640665,0.45447735881056023,-0.03570876684941568,0.02256357047262447,0.05827233732204015,0.38720894869104755,133,34
8,657,family,0.1698882336756968,0.45502816511219873,-0.05202954721110123,0.008411623334061612,0.06044117054516284,0.13917042403467533,119,34
8,657,marriage,0.28123661223996216,0.5608671004633737,0.0308868421617911,0.07453944671494764,0.04365260455315654,1.707560121011155,161,34
8,657,love,0.12929879818370144,0.45899455116732296,-0.005917216125340741,0.045987448564400825,0.051904664689741566,0.8859983748744606,87,34
8,657,wealth,0.20070605772446762,0.5196444444444445,-0.003846279769370693,0.048007231884289854,0.05185351165366055,0.9258241216913803,125,34
8,657,emotion,0.1743862930276001,0.471043996110841,-0.011980570396716246,0.041329895373630195,0.05331046577034644,0.7752679474026352,121,34
8,657,scandal,0.1345884551755131,0.5801246018362376,0.02055100400699051,0.0694564039887781,0.04890539998178759,1.4202195261305193,72,34
8,657,duty,0.13542391404683382,0.5367545638945234,-0.0046562029864382,0.047069480718100756,0.051725683704538956,0.909982765738878,85,34
8,657,class,0.1620045531206927,0.5512545954242067,-0.012591788072803943,0.04041332498333367,0.053005113056137615,0.7624420108258151,99,34
8,657,society,0.19125239444577083,0.5133230408554192,-0.04465216588673646,0.015274575960672354,0.059926741847408815,0.2548874757668463,131,34
8,658,female,0.3237566104255856,0.5598902226326049,0.11184526322653801,0.11184721253667715,1.949310139141758e-06,57377.814290806964,152,17
8,658,male,0.19810428326455234,0.48848154220136814,-0.031949128095593825,7.518683929564969e-06,0.03195664677952339,0.00023527762412630163,133,17
8,658,family,0.17894736842105263,0.47985347985347987,-0.031128845361393084,8.403220113947665e-06,0.031137248581507033,0.00026987677127864826,119,17
8,658,marriage,0.24130687744205231,0.4945282460810411,-0.009140131662086277,0.018639520005962657,0.027779651668048935,0.6709774560179286,161,17
8,658,love,0.13270783629222832,0.5071789364833155,-0.002953726117258266,0.02299947127652238,0.025953197393780644,0.886190280398658,87,17
8,658,wealth,0.1861687552213868,0.4892444444444445,-0.03147521685682489,7.999872002047968e-06,0.03148321672882694,0.00025409957536101944,125,17
8,658,emotion,0.1906788006831504,0.5049374088478368,-0.0009357947768170241,0.024801242954661906,0.02573703773147893,0.9636401520818344,121,17
8,658,scandal,0.10827067669172932,0.4814502529510961,-0.028655492038621107,1.3888503097136193e-05,0.028669380541718244,0.00048443680450095195,72,17
8,658,duty,0.12817474215215974,0.5011156186612576,0.011165479713333048,0.035305051645843626,0.024139571932510578,1.4625384303867095,85,17
8,658,class,0.14782755787540477,0.4863118820715994,-0.030026895529657673,1.0100806044322337e-05,0.030036996335701997,0.0003362788319809539,99,17
8,658,society,0.19675716007576197,0.4983274723389656,-0.0033109557196965046,0.022908047205386174,0.02621900292508268,0.8737192360048611,131,17
8,664,female,0.20387175853075046,0.45253667795219044,-0.10355326348806494,0.08553176931882474,0.18908503280688968,0.4523455296735463,152,110
8,664,male,0.18271532918630481,0.4348253151676183,-0.07518323542874315,0.10526909369783911,0.18045232912658227,0.5833623439873277,133,110
8,664,family,0.1661777151413654,0.4416997568258072,-0.05817187846167636,0.11765348481538125,0.1758253632770576,0.6691496756888202,119,110
8,664,marriage,0.3919183489573032,0.6622116237799468,0.24887878327692403,0.3540390802598725,0.10516029698294847,3.36666109181788,161,110
8,664,love,0.11686279948306537,0.42842938392395497,-0.08450830457019629,0.09196340314015769,0.17647170771035398,0.5211226452830482,87,110
8,664,wealth,0.2357899935390077,0.5780888888888889,0.08200299163989785,0.2320042879313931,0.15000129629149525,1.5466818865284737,125,110
8,664,emotion,0.1637299728711194,0.4021101725814292,-0.09107061065452646,0.09091585263053503,0.1819864632850615,0.49957480896601586,121,110
8,664,scandal,0.1199709517034111,0.5575112422709386,0.06371276610844637,0.22222993805727623,0.15851717194882986,1.4019297425241173,72,110
8,664,duty,0.18972148971726516,0.6381034482758621,0.134080987256605,0.2823580621632433,0.14827707490663827,1.9042597268601635,85,110
8,664,class,0.13813488067568191,0.4886497483670629,-0.05192625794819619,0.12121977333791237,0.17314603128610856,0.7001013678269488,99,110
8,664,society,0.23866398320293047,0.5589816164908369,0.041173231544119726,0.19847788583380405,0.15730465428968432,1.261741979147263,131,110
8,666,female,0.2569233684353869,0.5752410998255874,-0.009498440123071748,0.01974316127419376,0.029241601397265508,0.6751737363934126,152,18
8,666,male,0.20381353427137266,0.49437503533269267,0.003764684167491074,0.03008225440218944,0.026317570234698367,1.1430483183962206,133,18
8,666,family,0.20045291040513485,0.5366069504724966,-0.002256194774093112,0.02521806356195694,0.027474258336050054,0.9178796840513599,119,18
8,666,marriage,0.28862231665886384,0.5585625554569655,0.029851859618792505,0.04969503484428764,0.019843175225495134,2.504389256107234,161,18
8,666,love,0.12539621434974638,0.4258441713399356,-0.017907910400658943,0.011505482632583159,0.029413393033242103,0.3911647533893439,87,18
8,666,wealth,0.18704910043637732,0.4897185185185185,-0.003771910864347597,0.02400761587814595,0.027779526742493548,0.8642197579470628,125,18
8,666,emotion,0.194732451647398,0.49529047156052497,0.007328531432667124,0.033065569164146054,0.02573703773147893,1.2847465006595868,121,18
8,666,scandal,0.11832836661393023,0.49564362001124235,0.0008078491089903821,0.027790894697369516,0.026983045588379134,1.0299391373488382,72,18
8,666,duty,0.1215337634508368,0.4812474645030426,-0.03102433544644542,1.1764429072257124e-05,0.031036099875517677,0.00037905629634728196,85,18
8,666,class,0.14115551985325234,0.41022414962344295,-0.03179367373892196,1.0100806044322337e-05,0.03180377454496628,0.0003175977124892378,99,18
8,666,society,0.18439648414441745,0.4468865254309975,-0.014689731289113233,0.015274575960672354,0.029964307249785587,0.5097590220535432,131,18
8,683,female,0.22765369305616984,0.48902226326049036,-0.0109603008971474,0.006585439665267561,0.017545740562414962,0.3753298210164475,152,10
8,683,male,0.2009406633466784,0.5000141330770536,5.469398011173632e-06,0.0150448865430595,0.015039417145048327,1.0003636708097168,133,10
8,683,family,0.17860503052895801,0.4969834087481146,-0.008073664265617512,0.008411623334061612,0.016485287599679124,0.5102503236713377,119,10
8,683,marriage,0.2477252914895936,0.5047816227940451,0.004748702112382869,0.018639520005962657,0.013890817893579788,1.3418590717567334,161,10
8,683,love,0.13082706766917293,0.4826989619377163,-0.017291214306483067,1.1493988643939221e-05,0.017302708295127006,0.0006642884135376661,87,10
8,683,wealth,0.21022890559732665,0.5064,0.020894566076200598,0.03200748788019392,0.01111292180399332,2.880204544030188,125,10
8,683,emotion,0.18251724352202822,0.48676774428779773,-0.008273304516162802,0.008272590535693625,0.016545895051856427,0.4999784242113559,121,10
8,683,scandal,0.10827067669172932,0.4831365935919056,-0.016851147365247322,1.3888503097136193e-05,0.01686503586834446,0.0008235086604459168,72,10
8,683,duty,0.1303675856307435,0.4964097363083164,0.009745842555586567,0.023540622573586505,0.013794780017999938,1.7064877106531127,85,10
8,683,class,0.1497928322489726,0.4943070278759324,0.006075720442365507,0.020211712894688996,0.01413599245232349,1.4298050144994987,99,10
8,683,society,0.2105249815412768,0.5144666495125368,0.009797609416763657,0.022908047205386174,0.013110437788622517,1.7473136727378311,131,10
8,687,female,0.23771929824561405,0.5138119421360419,-0.0012137502014386136,0.006585439665267561,0.0077991898667061745,0.8443748359731122,152,5
8,687,male,0.23686488949646847,0.5217649386624456,0.0375990586395728,0.03760093833175441,1.87969218160834e-06,20003.763752327683,133,5
8,687,family,0.2331835445501965,0.540123741804414,0.031787957058053394,0.03362128367590461,0.0018333266178512167,18.33894917042774,119,5
8,687,marriage,0.24137517707311756,0.4962535738933254,-0.009916368569335223,6.211102967664998e-06,0.009922579672302888,0.0006259564722242773,161,5
8,687,love,0.13082706766917293,0.48961937716262977,-0.008640725207829431,1.1493988643939221e-05,0.00865221919647337,0.0013284439958820863,87,5
8,687,wealth,0.19072531328320802,0.503674074074074,0.0005986400563900785,0.008007871874050014,0.007409231817659936,1.0807965076598656,125,5
8,687,emotion,0.18150541643364612,0.49898213417598436,-0.009184716581948943,8.26432620948414e-06,0.009192980908158427,0.0008989822007843917,121,5
8,687,scandal,0.10802954355585935,0.4975641746299419,-0.008419472598551763,1.3888503097136193e-05,0.0084333611016489,0.0016468526519958745,72,5
8,687,duty,0.12781954887218044,0.4896551724137931,-0.008610619631672362,1.1764429072257124e-05,0.00862238406074462,0.0013644055968758083,85,5
8,687,class,0.14849075550829938,0.49528857479387517,-0.008825557018486335,1.0100806044322337e-05,0.008835657824530658,0.0011431866470808807,99,5
8,687,society,0.19699248120300752,0.4887640449438202,-0.009357499992674899,7.63347124471382e-06,0.009365133463919612,0.0008150947632842244,131,5
8,697,female,0.22900651979599349,0.5042448958653944,-0.0012137502014386136,0.006585439665267561,0.0077991898667061745,0.8443748359731122,152,5
8,697,male,0.24693796178758584,0.5302023856634065,0.028200682528399492,0.03008225440218944,0.001881571873789948,15.987831666301728,133,5
8,697,family,0.25130926864673,0.5444793301936159,0.04202267229472955,0.04202450378985228,1.8314951227284884e-06,22945.450590005006,119,5
8,697,marriage,0.24210526315789474,0.4871031746031746,-0.009916368569335223,6.211102967664998e-06,0.009922579672302888,0.0006259564722242773,161,5
8,697,love,0.13082706766917293,0.48875432525951557,-0.008640725207829431,1.1493988643939221e-05,0.00865221919647337,0.0013284439958820863,87,5
8,697,wealth,0.18796992481203006,0.487962962962963,-0.00925307693882458,7.999872002047968e-06,0.009261076810826628,0.0008638166127541378,125,5
8,697,emotion,0.18136940146509525,0.49307243558580455,-0.009184716581948943,8.26432620948414e-06,0.009192980908158427,0.0008989822007843917,121,5
8,697,scandal,0.10827067669172932,0.48903878583473864,-0.008419472598551763,1.3888503097136193e-05,0.0084333611016489,0.0016468526519958745,72,5
8,697,duty,0.12781954887218044,0.48879310344827587,-0.008610619631672362,1.1764429072257124e-05,0.00862238406074462,0.0013644055968758083,85,5
8,697,class,0.14887218045112782,0.48851590106007065,-0.008825557018486335,1.0100806044322337e-05,0.008835657824530658,0.0011431866470808807,99,5
8,697,society,0.19699248120300752,0.48782771535580527,-0.009357499992674899,7.63347124471382e-06,0.009365133463919612,0.0008150947632842244,131,5
8,700,female,0.22243226088172544,0.4715681748230225,-0.013640541423326985,6.578860804463099e-06,0.013647120284131448,0.00048206952580543853,152,7
8,700,male,0.19631629958151908,0.4725252982079259,-0.013152206279510423,7.518683929564969e-06,0.013159724963439989,0.0005713405067265345,133,7
8,700,family,0.17782138721780377,0.4963369963369963,-0.0128138941341082,8.403220113947665e-06,0.012822297354222148,0.0006553599469072738,119,7
8,700,marriage,0.23554840114109282,0.4781622794045155,-0.013884606790612123,6.211102967664998e-06,0.013890817893579788,0.0004471373114817506,161,7
8,700,love,0.1296861007515976,0.4984886449508809,0.0011231656163790613,0.011505482632583159,0.010382317016204097,1.108180631887652,87,7
8,700,wealth,0.20246873245414077,0.5190518518518519,0.016598384060486016,0.02400761587814595,0.007409231817659936,3.2402300893978597,125,7
8,700,emotion,0.18028675374867165,0.49550315994166255,-0.012861173653797945,8.26432620948414e-06,0.012869437980007429,0.0006421668313473005,121,7
8,700,scandal,0.10977971021830671,0.4862516394978452,-0.011792142505229987,1.3888503097136193e-05,0.011806031008327124,0.0011763905317683692,72,7
8,700,duty,0.13786893704850361,0.4811359026369168,0.0014296774548329862,0.01177619350132938,0.010346516046496394,1.138179600482902,85,7
8,700,class,0.16563511670150818,0.5406360424028269,-0.000491529183428277,0.010110906850366658,0.010602436033794935,0.953639976434172,99,7
8,700,society,0.21414777914376146,0.5214712525373818,0.005909442496752742,0.015274575960672354,0.009365133463919612,1.631004621331733,131,7
8,716,female,0.22770387507229614,0.49198471324510107,-0.003163060340580371,0.006585439665267561,0.009748500005847932,0.6755336370356005,152,6
8,716,male,0.19976722108301057,0.499816269998304,-0.0018741379867287765,0.007526202613494532,0.009400340600223309,0.8006308423032154,133,6
8,716,family,0.17894736842105263,0.4725274725274725,-0.01098239901137971,8.403220113947665e-06,0.010990802231493658,0.0007645684033058152,119,6
8,716,marriage,0.24000148750067024,0.47831016464556836,-0.011900487679973674,6.211102967664998e-06,0.011906698782941339,0.0005216477783113119,161,6
8,716,love,0.14492094065701092,0.5138806029511196,0.016077349899779735,0.02299947127652238,0.006922121376742642,3.322604447601103,87,6
8,716,wealth,0.18776822055137843,0.4919851851851852,-0.0012532049367766137,0.008007871874050014,0.009261076810826628,0.8646804293668918,125,6
8,716,emotion,0.22024769169371683,0.5382079484686437,0.009182164372943839,0.016536916745177765,0.007354752372233927,2.2484668287895584,121,6
8,716,scandal,0.10689582921339849,0.4898351133595653,-0.010105807551890875,1.3888503097136193e-05,0.010119696054988012,0.001372422948307633,72,6
8,716,duty,0.13335729028453486,0.4948073022312373,0.01664237049859366,0.023540622573586505,0.006898252074992846,3.412548905760068,85,6
8,716,class,0.14823722370744313,0.4970196666309741,-0.010592335227750613,1.0100806044322337e-05,0.010602436033794935,0.0009526872891450271,99,6
8,716,society,0.195820616925653,0.47655602252909046,-0.011230152155026351,7.63347124471382e-06,0.011237785626271065,0.0006792682738305178,131,6
8,727,female,0.3015607472738148,0.5768954550117986,0.07139719966962718,0.09868949092775094,0.02729229125812375,3.616020728738166,152,29
8,727,male,0.24458888593558456,0.5550200689694159,0.0770718312815324,0.10526909369783911,0.02819726241630671,3.733309004963114,133,29
8,727,family,0.17373968072211707,0.486486902453289,-0.053106786834134945,8.403220113947665e-06,0.05311519005424889,0.00015820747521014004,119,29
8,727,marriage,0.23669644972888007,0.49626589766341317,-0.02475433891144423,0.024850622973627657,0.04960496188507189,0.5009705083677372,161,29
8,727,love,0.13925082527775878,0.5146163942250328,0.015957359436982843,0.05748143720834004,0.0415240777713572,1.3842917240321166,87,29
8,727,wealth,0.18340443571308568,0.4806370370370371,-0.03399392278439587,0.016007743876097984,0.050001666660493854,0.32014420608154454,125,29
8,727,emotion,0.1791523404283984,0.4822709042294604,-0.02299453720791103,0.024801242954661906,0.04779578016257294,0.5189002642029038,121,29
8,727,scandal,0.10721494596706822,0.463837361813753,-0.048891511478690454,1.3888503097136193e-05,0.04890539998178759,0.00028398710780454294,72,29
8,727,duty,0.1278620564998274,0.4892697768762677,-0.009524104115688235,0.035305051645843626,0.04482915576153186,0.7875466545223574,85,29
8,727,class,0.14661442188981968,0.4777099618089017,-0.027493065533655783,0.020211712894688996,0.04770477842834478,0.4236831940142941,99,29
8,727,society,0.19185805633823977,0.47880035451868375,-0.04479502848204448,0.007641104715958534,0.05243613319800301,0.14572212422604452,131,29
8,731,female,0.21494092361865258,0.4489714784036114,-0.016321269270629234,0.04605860449204616,0.06237987376267539,0.7383568082638007,152,39
8,731,male,0.182995368743416,0.4053083837413081,0.0018846527984091588,0.06015699012044931,0.05827233732204015,1.0323421521083211,133,39
8,731,family,0.16137605524683007,0.4374826853818451,-0.04071759235139137,0.02521806356195694,0.06593565591334831,0.3824647410001607,119,39
8,731,marriage,0.22792512144270122,0.49320960268165237,-0.03640030793952527,0.031061725941292653,0.06746203388081792,0.4604326930864187,161,39
8,731,love,0.12034192001181732,0.4932386747802569,-0.04101587815133427,0.02299947127652238,0.06401534942785665,0.35928057070254377,87,39
8,731,wealth,0.20611820613042844,0.5565777777777778,-0.0032537877399894874,0.056007103886337825,0.05926089162632731,0.9450938443273599,125,39
8,731,emotion,0.216351652300913,0.5599629314535731,0.02934106065070445,0.08265152642105089,0.05331046577034644,1.5503808722203065,121,39
8,731,scandal,0.09092451547844822,0.45683436387483606,-0.06575486101208157,1.3888503097136193e-05,0.0657687495151787,0.00021117176773628187,72,39
8,731,duty,0.15087468813697427,0.5805882352941176,0.013700259200820734,0.070598338862615,0.05689807966179427,1.2407859681911084,85,39
8,731,class,0.16112773984988119,0.5733661705393154,-0.04516084762629856,0.020211712894688996,0.06537256052098755,0.30917731741425275,99,39
8,731,society,0.21292999709270236,0.5851702547388283,-0.0064848096631673555,0.05344193218424146,0.059926741847408815,0.8917877150643133,131,39
8,741,female,0.23873626373626372,0.4963642659279778,0.007314420742166244,0.01316430046973066,0.0058498797275644155,2.2503540381267344,152,5
8,741,male,0.19855889724310777,0.49327972186104363,-0.009392821916293743,7.518683929564969e-06,0.009400340600223309,0.0007998310112919236,133,5
8,741,family,0.18210489201201277,0.4997999199679871,0.0010838113480249297,0.008411623334061612,0.007327811986036682,1.1479038148006873,119,5
8,741,marriage,0.24098970251716245,0.48714630779848167,-0.009916368569335223,6.211102967664998e-06,0.009922579672302888,0.0006259564722242773,161,5
8,741,love,0.13028116267680698,0.49184663723501576,-0.008640725207829431,1.1493988643939221e-05,0.00865221919647337,0.0013284439958820863,87,5
8,741,wealth,0.20267228035122772,0.5187407407407407,0.010450357051604742,0.016007743876097984,0.005557386824493243,2.880444420868116,125,5
8,741,emotion,0.1889825286356387,0.5096317452600875,0.011020392908868339,0.016536916745177765,0.005516523836309426,2.9977060251847503,121,5
8,741,scandal,0.10954469507101088,0.49354740490912496,0.007155365451923539,0.013902391600233327,0.006747026148309788,2.0605213752810965,72,5
8,741,duty,0.13218957027917144,0.5121196754563895,0.004877941426336534,0.01177619350132938,0.006898252074992846,1.7071271637510383,85,5
8,741,class,0.21107265341011472,0.5444640753828033,0.03864477999586013,0.04041332498333367,0.0017685449874735425,22.851171582700314,99,5
8,741,society,0.21216540453063512,0.5126297281070418,0.009654746821455647,0.015274575960672354,0.005619829139216707,2.7179787106629627,131,5
8,755,female,0.4455658787337547,0.6432299681953421,0.22904637795476984,0.236845567821476,0.0077991898667061745,30.36797049936865,152,40
8,755,male,0.1974797858742954,0.4894355249024818,-0.009393415494372476,0.052638306190884346,0.06203172168525682,0.8485707757253239,133,40
8,755,family,0.229297100397431,0.5465493889863638,0.04956334965596551,0.10084704458748592,0.05128369493152041,1.966454342265733,119,40
8,755,marriage,0.24099923424115186,0.4922729961549837,-0.02199398289355682,0.04348393187662265,0.06547791477017947,0.6641007434122258,161,40
8,755,love,0.12744513455088943,0.4725868034840711,-0.05597006243473495,0.011505482632583159,0.06747554506731811,0.1705133707468981,87,40
8,755,wealth,0.18526960544733176,0.4969185185185186,-0.014957349728370838,0.048007231884289854,0.06296458161266069,0.7624481995108545,125,40
8,755,emotion,0.1786328278360025,0.4885148274185707,-0.033112496357671876,0.033065569164146054,0.06617806552181793,0.4996454475198459,121,40
8,755,scandal,0.10562302059291356,0.47108628442945477,-0.05186635791494538,0.013902391600233327,0.0657687495151787,0.21138293950401812,72,40
8,755,duty,0.12800707861716784,0.48166328600405683,-0.015000994900948833,0.047069480718100756,0.06207047561904959,0.7583231842176619,85,40
8,755,class,0.1460181647844092,0.5086197665702966,-0.023192457328389614,0.04041332498333367,0.06360578231172329,0.6353718720829199,99,40
8,755,society,0.19192915494843982,0.46573462561111584,-0.055888078860845174,0.015274575960672354,0.07116265482151753,0.21464314391822156,131,40
8,790,female,0.22857142857142856,0.4814814814814815,-0.013640541423326985,6.578860804463099e-06,0.013647120284131448,0.00048206952580543853,152,7
8,790,male,0.19846746051732203,0.49140002261292337,-0.013152206279510423,7.518683929564969e-06,0.013159724963439989,0.0005713405067265345,133,7
8,790,family,0.18587109484942302,0.4929587219503186,-0.0025791788974320468,0.008411623334061612,0.010990802231493658,0.7653329717091208,119,7
8,790,marriage,0.24116615649796427,0.48523612343488115,-0.013884606790612123,6.211102967664998e-06,0.013890817893579788,0.0004471373114817506,161,7
8,790,love,0.13201586341332258,0.49686791552320725,0.0011231656163790613,0.011505482632583159,0.010382317016204097,1.108180631887652,87,7
8,790,wealth,0.18897379813169285,0.49725925925925923,-0.003105049929943305,0.008007871874050014,0.01111292180399332,0.7205910393837085,125,7
8,790,emotion,0.2068918853607849,0.5230539013125912,0.027549045327836627,0.033065569164146054,0.005516523836309426,5.993913946408889,121,7
8,790,scandal,0.10758391075728538,0.49160342889263625,-0.011792142505229987,1.3888503097136193e-05,0.011806031008327124,0.0011763905317683692,72,7
8,790,duty,0.12781954887218044,0.4836206896551724,-0.012058883603175908,1.1764429072257124e-05,0.012070648032248166,0.0009746311084419351,85,7
8,790,class,0.14881894421368108,0.50085662276475,-0.012359113437014891,1.0100806044322337e-05,0.012369214243059213,0.0008166085448130736,99,7
8,790,society,0.20312230959077085,0.4870915172827858,-0.0035966809103125308,0.007641104715958534,0.011237785626271065,0.6799475421043484,131,7
8,794,female,0.2324196865383098,0.48579049964091514,0.005365110603024485,0.01316430046973066,0.0077991898667061745,1.6879061406415563,152,6
8,794,male,0.19536656999410523,0.4723627678218101,-0.011272514097902083,7.518683929564969e-06,0.011280032781831649,0.0006665480565808727,133,6
8,794,family,0.18244665223498924,0.49782220580539904,-0.000747683774703559,0.008411623334061612,0.00915930710876517,0.9183689588368078,119,6
8,794,marriage,0.25171399667066613,0.5071046534555851,0.01268517855493667,0.018639520005962657,0.0059543414510259875,3.130408317383359,161,6
8,794,love,0.13143216113816708,0.5136519110686872,-0.010370823027560159,1.1493988643939221e-05,0.010382317016204097,0.0011070735583293227,87,6
8,794,wealth,0.18926198372005346,0.499437037037037,0.008598512058438049,0.016007743876097984,0.007409231817659936,2.160513298528863,125,6
8,794,emotion,0.18852179418652923,0.5114244044725328,-0.0009203903724648022,0.008272590535693625,0.009192980908158427,0.899881182985176,121,6
8,794,scandal,0.11100460377333704,0.49660389732059207,0.005469030498584427,0.013902391600233327,0.0084333611016489,1.64849950464787,72,6
8,794,duty,0.14930263041322234,0.5166632860040568,0.01664237049859366,0.023540622573586505,0.006898252074992846,3.412548905760068,85,6
8,794,class,0.15021822119482958,0.5007138523039583,0.0012752490258360009,0.010110906850366658,0.008835657824530658,1.1443298337279613,99,6
8,794,society,0.21988765835980947,0.520878005546502,0.007782094659104195,0.015274575960672354,0.00749248130156816,2.038653864299503,131,6
8,795,female,0.224873040090349,0.48027598235354463,-0.00633075023182606,0.01316430046973066,0.01949505070155672,0.6752637205505806,152,12
8,795,male,0.21608697706773267,0.5342656453162983,0.015042837257141114,0.03008225440218944,0.015039417145048327,2.000227409749964,133,12
8,795,family,0.19098879786258874,0.5255717671684058,0.008732775962277818,0.02521806356195694,0.016485287599679124,1.5297314898478367,119,12
8,795,marriage,0.2365699460068035,0.4797397219757468,0.0007804638911059723,0.018639520005962657,0.017859056114856685,1.0437012955803984,161,12
8,795,love,0.12946424788911332,0.4898082965437695,-0.020751409945944523,1.1493988643939221e-05,0.02076290393458846,0.0005535829034125644,87,12
8,795,wealth,0.18324697434719203,0.4902000000000001,-0.022215991890991424,7.999872002047968e-06,0.022223991762993472,0.00035996557625660565,125,12
8,795,emotion,0.19681520355588775,0.519400218765192,0.00825534790280548,0.024801242954661906,0.016545895051856427,1.4989363147435355,121,12
8,795,scandal,0.11810552125201336,0.5447582911748172,0.010925858829025057,0.027790894697369516,0.01686503586834446,1.6478408295522793,72,12
8,795,duty,0.1301970401121414,0.5049188640973631,-0.007190982473925878,0.01177619350132938,0.018967175975255258,0.6208722645939402,85,12
8,795,class,0.15477528347284325,0.47658564443016743,-0.009325420229749668,0.010110906850366658,0.019436327080116327,0.520206662923988,99,12
8,795,society,0.1974778504236354,0.5009720673585499,-0.0034538183150045147,0.015274575960672354,0.01872839427567687,0.815583852786265,131,12
8,805,female,0.2112237381076021,0.49502410998255875,-0.05189630114024699,0.05921632610097235,0.11111262724121934,0.5329396628511361,152,66
8,805,male,0.17555387728379124,0.4071810164509017,-0.09585891666088255,0.02256357047262447,0.11842248713350702,0.19053450926930998,133,66
8,805,family,0.15936496785197554,0.4454551051189707,-0.05946381495503209,0.05042772390379994,0.10989153885883203,0.45888632033919463,119,66
8,805,marriage,0.25054858239930367,0.5241114561766735,0.008371141012877961,0.10559496155327264,0.09722382054039468,1.0861017491933862,161,66
8,805,love,0.11942482979292555,0.39329037903193736,-0.06128034635672402,0.045987448564400825,0.10726779492112484,0.42871626659042605,87,66
8,805,wealth,0.17282886438488393,0.4174666666666667,-0.033550168565060864,0.07200684789043375,0.10555701645549462,0.6821606967274545,125,66
8,805,emotion,0.1840572493332272,0.46577236266407396,0.010016554416968873,0.10744450504950331,0.09742795063253444,1.10280986463161,121,66
8,805,scandal,0.11544168059367312,0.5339961588907626,0.01331279965156483,0.11112191328018665,0.09780911362862182,1.1361100122119192,72,66
8,805,duty,0.15603887309379205,0.5522210953346856,0.03459150087556734,0.12942048422390062,0.09482898334833328,1.3647777256784281,85,66
8,805,class,0.13462111129532112,0.4003016025984224,-0.04539352226208762,0.06061493707197835,0.10600845933406597,0.5717933969815544,99,66
8,805,society,0.22616483816416286,0.49753409383309033,0.04752093943106146,0.1374101158760935,0.08988917644503204,1.5286614174131659,131,66
8,821,female,0.21960048843397817,0.48190468862214014,-0.01997592120581837,0.01316430046973066,0.03314022167554903,0.39723030818004745,152,19
8,821,male,0.22706803155523092,0.5556136582056646,0.0018849919858827321,0.03008225440218944,0.02819726241630671,1.066850177048598,133,19
8,821,family,0.18294885448412096,0.5049558284852402,-0.004087689896821602,0.02521806356195694,0.029305753458778543,0.8605157890435454,119,19
8,821,marriage,0.2409658176783537,0.49884156561175186,-0.004913147805059727,0.024850622973627657,0.029763770778687384,0.8349285833966724,161,19
8,821,love,0.15228444375993705,0.5299884659746251,0.02003425117062018,0.045987448564400825,0.025953197393780644,1.7719376870939687,87,19
8,821,wealth,0.1857640680391879,0.4991111111111111,-0.005623755857514293,0.02400761587814595,0.029631371735660245,0.8102093987246455,125,19
8,821,emotion,0.23257666534818747,0.5492525522605737,0.035797967132968546,0.057858547792598476,0.02206058065962993,2.622711916910457,121,19
8,821,scandal,0.12131906747141631,0.5324620573355819,0.014696352206126577,0.04167939779450571,0.026983045588379134,1.5446513499169734,72,19
8,821,duty,0.13319291650544846,0.4930425963488844,-0.005771345316179396,0.023540622573586505,0.0293119678897659,0.8031061804281816,85,19
8,821,class,0.1662492340735512,0.5288931720027127,0.049512637826920086,0.07071574311630069,0.021203105289380603,3.33515973947377,99,19
8,821,society,0.19071165670186327,0.47524087257340536,-0.007056260044399413,0.022908047205386174,0.029964307249785587,0.7645111570128351,131,19
8,851,female,0.21435053161131828,0.44185390376526107,-0.04604788340169905,0.006585439665267561,0.05263332306696661,0.1251192074033333,152,28
8,851,male,0.21233610286423765,0.4691333597150772,-0.005633861537419023,0.03760093833175441,0.04323479986917343,0.8696915087999361,133,28
8,851,family,0.21826061810374267,0.5524825314741281,0.010132999708650461,0.05042772390379994,0.04029472419514948,1.251472119732706,119,28
8,851,marriage,0.24039404065788986,0.48897022577146804,-0.006379775644198886,0.03727282890895765,0.04365260455315654,0.8538512029154189,161,28
8,851,love,0.16511164980016294,0.57202799984091,0.01768745725671357,0.05748143720834004,0.03979397995162647,1.4444757040328702,87,28
8,851,wealth,0.21565083480715005,0.5197777777777778,0.017116507184844122,0.056007103886337825,0.0388905967014937,1.4401194282202052,125,28
8,851,emotion,0.1928914973959579,0.5211624939231891,0.009151355564239398,0.049594221583114335,0.04044286601887494,1.2262786113808584,121,28
8,851,scandal,0.11356764913458424,0.5067687839610268,-0.00048066237392543204,0.04167939779450571,0.04216006016843114,0.9885991060498073,72,28
8,851,duty,0.13978359115115918,0.5427991886409735,-0.007799972129936467,0.035305051645843626,0.04310502377578009,0.8190472606782746,85,28
8,851,class,0.1670771932314296,0.5391369525645144,-0.013858703070804893,0.030312518939011334,0.04417122200981623,0.6862504037490449,99,28
8,851,society,0.20748194783855986,0.5593818795208281,-0.004897882691431932,0.03817498969481382,0.04307287238624575,0.8862884590468539,131,28
8,855,female,0.36465108209663577,0.587161434287473,0.1315818456399273,0.13158379495006645,1.949310139141758e-06,67502.71534794601,152,20
8,855,male,0.1979252642885409,0.48190259483294706,-0.02818982852924554,0.007526202613494532,0.03571603114274007,0.21072337469986907,133,20
8,855,family,0.17629323821552784,0.48827223196971087,-0.03662333072957855,8.403220113947665e-06,0.0366317339496925,0.00022939727956254193,119,20
8,855,marriage,0.24098138147273274,0.49971655328798187,0.0012979551626052695,0.031061725941292653,0.029763770778687384,1.0436085592518767,161,20
8,855,love,0.14065386344618244,0.5144672473451855,0.005080066887219497,0.0344934599204616,0.029413393033242103,1.172712712209212,87,20
8,855,wealth,0.18506392918828804,0.4922888888888889,-0.027179034841110304,0.008007871874050014,0.03518690671516032,0.22758101297867805,125,20
8,855,emotion,0.18550714684404526,0.5084923432182791,0.013754629106226764,0.041329895373630195,0.02757526626740343,1.4988031292733965,121,20
8,855,scandal,0.10827067669172932,0.47554806070826305,-0.033714496898638445,1.3888503097136193e-05,0.03372838540173558,0.0004117749169223425,72,20
8,855,duty,0.12975071368260221,0.5084381338742394,0.0059930837560777245,0.035305051645843626,0.0293119678897659,1.2044585944352688,85,20
8,855,class,0.1474208396809016,0.48610664953421134,-0.023459645903863898,0.010110906850366658,0.033570552754230557,0.30118380606024725,99,20
8,855,society,0.1957415636905392,0.5009935100208709,0.000577211200314412,0.0305415184501,0.029964307249785587,1.0192632919721272,131,20
8,862,female,0.22607910107910106,0.46524571663075814,-0.02728571239731929,6.578860804463099e-06,0.02729229125812375,0.0002410519784506477,152,14
8,862,male,0.19820004556846663,0.468073378936062,-0.016911675439595496,0.007526202613494532,0.02443787805309003,0.3079728361372568,133,14
8,862,family,0.17601218485439687,0.4746821805645335,-0.025634359993207616,8.403220113947665e-06,0.025642763213321564,0.0003277033775070871,119,14
8,862,marriage,0.23768245852475514,0.4923962338558612,-0.019578218486777824,0.006217314070632662,0.025795532557410485,0.24102290024656003,161,14
8,862,love,0.15395176742726652,0.5090681302947143,0.041908826732943764,0.05748143720834004,0.015572610475396279,3.6911882754317795,87,14
8,862,wealth,0.1865667059969119,0.4888888888888889,-0.006216247886895489,0.016007743876097984,0.022223991762993472,0.7202911180894679,125,14
8,862,emotion,0.2066787574255669,0.5253554934370442,0.014681445576365127,0.033065569164146054,0.018384123587780927,1.7985937161739172,121,14
8,862,scandal,0.13652378053550823,0.5634485666104554,0.007553188922346833,0.027790894697369516,0.020237705775022683,1.3732235760782596,72,14
8,862,duty,0.12790018031504097,0.489290060851927,0.002849314612579472,0.023540622573586505,0.020691307961007033,1.1377058722827638,85,14
8,862,class,0.1462126609762896,0.47842381411286006,-0.024726560901864838,1.0100806044322337e-05,0.024736661707909162,0.00040833343493089163,99,14
8,862,society,0.19280074436466663,0.4818452125682592,-0.026211369453837965,7.63347124471382e-06,0.02621900292508268,0.0002911426977690307,131,14
8,875,female,0.29263190418662366,0.561935723812455,0.08211816177434553,0.12500493414560335,0.04288677237125782,2.914766657200469,152,41
8,875,male,0.25690100014950235,0.583540618463452,0.1297025339916188,0.16541856513435887,0.03571603114274007,4.631493473298522,133,41
8,875,family,0.2331973131732653,0.5728829993535876,0.10914014595329397,0.15126636527117193,0.04212621931787796,3.5907890078183486,119,41
8,875,marriage,0.26372581313347687,0.49159518880015773,-0.007587657847588386,0.05590613781195264,0.06349379565954102,0.8804976491064649,161,41
8,875,love,0.12971966181804095,0.45901443741796927,-0.05770016025446568,0.011505482632583159,0.06920564288704883,0.16625064304647977,87,41
8,875,wealth,0.18298833843502033,0.47240000000000004,-0.06606777969761084,0.008007871874050014,0.07407565157166085,0.10810396809260715,125,41
8,875,emotion,0.17841064982297136,0.46356951871657753,-0.07536094387523096,8.26432620948414e-06,0.07536920820144044,0.00010965122769084023,121,41
8,875,scandal,0.10704986268743222,0.47689479108113175,-0.022403016767333882,0.04167939779450571,0.06408241456183959,0.6504030486185043,72,41
8,875,duty,0.12437624865814902,0.47830628803245434,-0.04370224900271841,0.023540622573586505,0.06724287157630492,0.3500835407738845,85,41
8,875,class,0.14957826830891846,0.46390584288110787,-0.048694404044827125,0.020211712894688996,0.06890611693951612,0.29332247690197016,99,41
8,875,society,0.19699248120300752,0.448501872659176,-0.07677297783732716,7.63347124471382e-06,0.07678061130857187,9.941925591001633e-05,131,41
8,881,female,0.22857142857142856,0.4892787524366472,-0.011691231284185227,6.578860804463099e-06,0.01169781014498969,0.0005624010581774146,152,6
8,881,male,0.2,0.48966165413533835,-0.011272514097902083,7.518683929564969e-06,0.011280032781831649,0.0006665480565808727,133,6
8,881,family,0.17894736842105263,0.4899267399267399,-0.01098239901137971,8.403220113947665e-06,0.010990802231493658,0.0007645684033058152,119,6
8,881,marriage,0.24084816785045618,0.49717169476486245,-0.011900487679973674,6.211102967664998e-06,0.011906698782941339,0.0005216477783113119,161,6
8,881,love,0.13739809293348312,0.5038082169987671,0.016077349899779735,0.02299947127652238,0.006922121376742642,3.322604447601103,87,6
8,881,wealth,0.18788304093567249,0.4996074074074074,-0.01110492193199127,7.999872002047968e-06,0.01111292180399332,0.0007198711682154931,125,6
8,881,emotion,0.18458335922450758,0.4950018230432669,-0.0009203903724648022,0.008272590535693625,0.009192980908158427,0.899881182985176,121,6
8,881,scandal,0.11126063264221159,0.5062300918118794,0.005469030498584427,0.013902391600233327,0.0084333611016489,1.64849950464787,72,6
8,881,duty,0.12863555948695266,0.5038843813387424,-0.010334751617424136,1.1764429072257124e-05,0.010346516046496394,0.0011370425579249773,85,6
8,881,class,0.1635528214475583,0.5081914551879216,0.025010417533009234,0.030312518939011334,0.005302101406002099,5.7170764216202645,99,6
8,881,society,0.2046719853067784,0.4992923921434085,0.007782094659104195,0.015274575960672354,0.00749248130156816,2.038653864299503,131,6
8,968,female,0.25333876674179456,0.5341387093464656,0.03314241459495253,0.05263746529650925,0.01949505070155672,2.7000424928161895,152,18
8,968,male,0.24589055118955722,0.5337992537735314,0.060154940834530914,0.07519435797957924,0.015039417145048327,4.999818626570704,133,18
8,968,family,0.2305387170348015,0.5351833040908671,0.0591520966459638,0.07563738424564292,0.016485287599679124,4.588174988377333,119,18
8,968,marriage,0.24344508647239047,0.49001158434388253,-0.0029290286944212776,0.024850622973627657,0.027779651668048935,0.8945620798159722,161,18
8,968,love,0.12965171549563564,0.47599729546991215,-0.031131996864328892,1.1493988643939221e-05,0.03114349085297283,0.0003690655199133846,87,18
8,968,wealth,0.18796992481203006,0.4675925925925926,-0.03332706184999158,7.999872002047968e-06,0.03333506172199363,0.00023998371650021187,125,18
8,968,emotion,0.17988203981026948,0.47769050802139035,-0.03308168754896745,8.26432620948414e-06,0.03308995187517694,0.00024975334628498,121,18
8,968,scandal,0.10827067669172932,0.47048903878583476,-0.03034182699196022,1.3888503097136193e-05,0.030355715495057358,0.0004575251437884919,72,18
8,968,duty,0.12781954887218044,0.4698275862068966,-0.03102433544644542,1.1764429072257124e-05,0.031036099875517677,0.00037905629634728196,85,18
8,968,class,0.14887218045112782,0.46908127208480566,-0.03179367373892196,1.0100806044322337e-05,0.03180377454496628,0.0003175977124892378,99,18
8,968,society,0.19699248120300752,0.46722846441947563,-0.033701978103243775,7.63347124471382e-06,0.03370961157448849,0.0002264479146435612,131,18
8,994,female,0.2258053888985037,0.4942546424540885,-0.013640541423326985,6.578860804463099e-06,0.013647120284131448,0.00048206952580543853,152,7
8,994,male,0.19917976760082023,0.48309683984397084,-0.013152206279510423,7.518683929564969e-06,0.013159724963439989,0.0005713405067265345,133,7
8,994,family,0.17850112376966598,0.504155508357189,-0.0128138941341082,8.403220113947665e-06,0.012822297354222148,0.0006553599469072738,119,7
8,994,marriage,0.24395176038776867,0.5056442867001874,0.0025058373659947713,0.012428417038297659,0.009922579672302888,1.2525389009207788,161,7
8,994,love,0.13860513352346385,0.5068110408463589,0.014347252080049009,0.02299947127652238,0.00865221919647337,2.658216435760054,87,7
8,994,wealth,0.18661319966583123,0.4884666666666667,-0.012956766925157964,7.999872002047968e-06,0.012964766797160012,0.0006170471190568061,125,7
8,994,emotion,0.18813010487651638,0.48903895235780265,-0.002758618908389304,0.008272590535693625,0.011031209444082929,0.7499259783686787,121,7
8,994,scandal,0.10778841041998935,0.49597151958028846,-0.011792142505229987,1.3888503097136193e-05,0.011806031008327124,0.0011763905317683692,72,7
8,994,duty,0.1329978586944531,0.5137728194726167,0.0014296774548329862,0.01177619350132938,0.010346516046496394,1.138179600482902,85,7
8,994,class,0.15407458039036986,0.5034532605203983,-0.000491529183428277,0.010110906850366658,0.010602436033794935,0.953639976434172,99,7
8,994,society,0.21635737003138739,0.5350444577865453,-0.0035966809103125308,0.007641104715958534,0.011237785626271065,0.6799475421043484,131,7
8,998,female,0.22545836838599997,0.47253642146301417,-0.02460547187113971,0.006585439665267561,0.03119091153640727,0.21113328661041667,152,17
8,998,male,0.19929326421644172,0.47559217592854314,-0.022550751984420518,0.007526202613494532,0.03007695459791505,0.25023153819456245,133,17
8,998,family,0.1756034683942689,0.48238526179702657,-0.031128845361393084,8.403220113947665e-06,0.031137248581507033,0.00026987677127864826,119,17
8,998,marriage,0.23845248629122762,0.47548185941043086,-0.025530575818693176,0.006217314070632662,0.03174788988932584,0.19583393076234623,161,17
8,998,love,0.13117203929363638,0.47815495366503596,-0.002953726117258266,0.02299947127652238,0.025953197393780644,0.886190280398658,87,17
8,998,wealth,0.18789916329284748,0.491725925925926,-0.011771782866395564,0.016007743876097984,0.027779526742493548,0.5762424977181182,125,17
8,998,emotion,0.2129897345836159,0.5185494652406416,0.039474424204817546,0.057858547792598476,0.018384123587780927,3.1472018512705806,121,17
8,998,scandal,0.10716061937713628,0.48832443320217356,-0.013080653988145808,0.013902391600233327,0.026983045588379134,0.5152269247807032,72,17
8,998,duty,0.1280199934224702,0.4917139959432049,-0.002323081344675848,0.023540622573586505,0.025863703918262353,0.9101798662354119,85,17
8,998,class,0.14684670430284466,0.47532747974444084,-0.030026895529657673,1.0100806044322337e-05,0.030036996335701997,0.0003362788319809539,99,17
8,998,society,0.1967300522236358,0.49947822855019014,-0.0033109557196965046,0.022908047205386174,0.02621900292508268,0.8737192360048611,131,17
8,999,female,0.21461799667196838,0.4094593208166615,-0.08357222541045854,0.01974316127419376,0.1033153866846523,0.19109604007256303,152,56
8,999,male,0.18867434486252807,0.39242608400701007,-0.08646037095597248,0.0150448865430595,0.10150525749903197,0.14821780579252028,133,56
8,999,family,0.16959957861653688,0.4448471696370856,-0.05138357896442335,0.04202450378985228,0.09340808275427563,0.44990221991767365,119,56
8,999,marriage,0.23535131135427695,0.5035245982450951,-0.02095900035055824,0.06832834374728264,0.08928734409784088,0.7652634809211406,161,56
8,999,love,0.19953908039352836,0.6123573161516128,0.10148558294095268,0.17242132364773224,0.07093574070677956,2.4306692497654105,87,56
8,999,wealth,0.2074359140632746,0.5514814814814816,0.014523432352250037,0.09600646389657766,0.08148303154432762,1.1782387335843156,125,56
8,999,emotion,0.18952712971181512,0.5282571706368497,-0.0019088244600120458,0.08265152642105089,0.08456035088106294,0.9774264836758506,121,56
8,999,scandal,0.10616370696453455,0.4860174255199551,-0.03212320301694525,0.05556790089164191,0.08769110390858716,0.6336777439697249,72,56
8,999,duty,0.1434686486175181,0.5020689655172413,0.011367137559058368,0.09412719700712924,0.08276005944807087,1.137350524319687,85,56
8,999,class,0.16717694582710907,0.5380661741085768,0.019744596844901624,0.10101816124926769,0.08127356440436606,1.2429399644073933,99,56
8,999,society,0.1832393203544557,0.4541269977413729,-0.057332143237272586,0.03817498969481382,0.0955071329320864,0.39970825761840983,131,56
8,1000,female,0.21569089257744656,0.49018287678259975,-0.047998168183086165,0.11184721253667715,0.1598453807197633,0.6997212683428431,152,99
8,1000,male,0.19854983782171118,0.4945375657188083,-0.01691311698635814,0.13534382941609902,0.15225694640245716,0.8889172718429474,133,99
8,1000,family,0.18408481666983587,0.5002000800320128,0.013148144071717799,0.1596695853851196,0.1465214413134018,1.0897352902945097,119,99
8,1000,marriage,0.2587904560017763,0.5233597062013211,-0.007933457168370212,0.1428615793592626,0.15079503652763282,0.9473891359291271,161,99
8,1000,love,0.26567266105068377,0.6771467207572684,0.23867676011125055,0.35632514195075976,0.11764838183950922,3.0287296465650857,87,99
8,1000,wealth,0.2817669600278111,0.6062740740740742,0.09252156956951682,0.22400441592934514,0.13148284635982832,1.7036778722800836,125,99
8,1000,emotion,0.2078146398228089,0.5349036825473992,0.06048311493095543,0.1983520933538289,0.13786897842287346,1.438699957172397,121,99
8,1000,scandal,0.11061880599562329,0.5288083192804947,0.01996309839327534,0.16667592566873143,0.1467128272754561,1.1360692092359326,72,99
8,1000,duty,0.1516466583735197,0.5483062880324544,0.09909219486783888,0.23530034587421475,0.13620815100637587,1.7275056164698461,85,99
8,1000,class,0.2230099156916029,0.6330531463040296,0.15738965041109676,0.2828326700470698,0.12544301963597304,2.2546704540880467,99,99
8,1000,society,0.20839631552132828,0.549182319810161,0.01424178829465933,0.16031052961023495,0.14606874131557562,1.0975005888685863,131,99
8,1030,female,0.20451025262822106,0.4709077151944188,-0.011691231284185227,6.578860804463099e-06,0.01169781014498969,0.0005624010581774146,152,6
8,1030,male,0.17521594287015282,0.3876491039629147,-0.011272514097902083,7.518683929564969e-06,0.011280032781831649,0.0006665480565808727,133,6
8,1030,family,0.1592649676182654,0.4537122541324223,-0.01098239901137971,8.403220113947665e-06,0.010990802231493658,0.0007645684033058152,119,6
8,1030,marriage,0.2379346540283354,0.5172902494331066,-0.003705265601670226,0.006217314070632662,0.009922579672302888,0.6265824286965015,161,6
8,1030,love,0.20643238351256943,0.5984965994511394,0.029301436363449687,0.0344934599204616,0.005192023557011914,6.643548422894588,87,6
8,1030,wealth,0.21085365903346787,0.5796666666666668,-0.01110492193199127,7.999872002047968e-06,0.01111292180399332,0.0007198711682154931,125,6
8,1030,emotion,0.19746579276540221,0.5504071463296062,0.009182164372943839,0.016536916745177765,0.007354752372233927,2.2484668287895584,121,6
8,1030,scandal,0.1360811683189939,0.5844692711261007,0.005469030498584427,0.013902391600233327,0.0084333611016489,1.64849950464787,72,6
8,1030,duty,0.15854343527739087,0.5238032454361055,0.00315380944058476,0.01177619350132938,0.00862238406074462,1.3657700024726838,85,6
8,1030,class,0.19000762018268724,0.6015454902380698,0.0012752490258360009,0.010110906850366658,0.008835657824530658,1.1443298337279613,99,6
8,1030,society,0.2552735470463417,0.6542799553992624,-0.011230152155026351,7.63347124471382e-06,0.011237785626271065,0.0006792682738305178,131,6
8,1038,female,0.24942600948313354,0.5295154919462398,0.029730756360612447,0.09211063012328784,0.06237987376267539,1.4766081520499172,152,46
8,1038,male,0.2796591450449401,0.5895330431341511,0.08271056863888387,0.13534382941609902,0.052633260777215134,2.5714505887523833,133,46
8,1038,family,0.18659062855433445,0.5029088558500323,-0.0023644820271100098,0.06723416413169526,0.06959864615880527,0.9660268962318472,119,46
8,1038,marriage,0.23915629857147386,0.5059647047224687,-0.0011178092441737342,0.06832834374728264,0.06944615299145637,0.9839039428822621,161,46
8,1038,love,0.13189297215761195,0.49958238873642763,-0.01345430349843952,0.05748143720834004,0.07093574070677956,0.810331105798068,87,46
8,1038,wealth,0.18242459263558652,0.515311111111111,-0.03592013668258565,0.04000735988224189,0.07592749656482754,0.5269153033059156,125,46
8,1038,emotion,0.1759073986542202,0.5078542780748663,-0.034039312827810246,0.041329895373630195,0.07536920820144044,0.5483657896818921,121,46
8,1038,scandal,0.124473444571868,0.5888842046093311,-0.015259853483554124,0.05556790089164191,0.07082775437519603,0.784549805101788,72,46
8,1038,duty,0.13442445161821936,0.516551724137931,0.028608457416576097,0.09412719700712924,0.06551873959055314,1.4366454176915266,85,46
8,1038,class,0.1653393202390533,0.5383427918763608,0.025544794683957803,0.09091735520494536,0.06537256052098755,1.3907571384536177,99,46
8,1038,society,0.2030613838308132,0.5095491322869314,0.0089249954215683,0.07634234591838292,0.06741735049681462,1.1323842505625847,131,46
8,1076,female,0.22857142857142856,0.4892787524366472,-0.021437781979894016,6.578860804463099e-06,0.02144436084069848,0.0003067874511638756,152,11
8,1076,male,0.2661654135338346,0.5413533834586466,0.0827111622169626,0.08271304190914422,1.87969218160834e-06,44003.480311809006,133,11
8,1076,family,0.17920782348026928,0.5001154307876996,0.00032955584833015486,0.01681484344800928,0.016485287599679124,1.0199909067595871,119,11
8,1076,marriage,0.24210526315789474,0.48908730158730157,-0.021821083233165922,6.211102967664998e-06,0.021827294336133587,0.0002845567055509206,161,11
8,1076,love,0.1412295105580042,0.5038479895000597,0.0074268608011261,0.02299947127652238,0.015572610475396279,1.476918164194959,87,11
8,1076,wealth,0.18796992481203006,0.4898148148148148,-0.02036414689782473,7.999872002047968e-06,0.02037214676982678,0.0003926867448993596,125,11
8,1076,emotion,0.18195488721804512,0.4898897058823529,-0.020214087797495943,8.26432620948414e-06,0.020222352123705427,0.00040867284668570793,121,11
8,1076,scandal,0.10827067669172932,0.49072512647554806,-0.018537482318586433,1.3888503097136193e-05,0.01855137082168357,0.0007486510420110904,72,11
8,1076,duty,0.13808049535603717,0.49736308316430017,-0.005466850488174106,0.01177619350132938,0.017243043989503486,0.682953282947898,85,11
8,1076,class,0.15039855147510653,0.5078880679587393,0.016176526486687846,0.030312518939011334,0.01413599245232349,2.1443502491319317,99,11
8,1076,society,0.19646339999895646,0.49912085084484087,-0.001581166152653064,0.015274575960672354,0.01685574211332542,0.9061942130504443,131,11
8,1078,female,0.23357406344486345,0.53013747819842,-0.02338757944015845,0.05263746529650925,0.0760250447366677,0.6923700667081523,152,47
8,1078,male,0.19666417837925024,0.49790830459607666,-0.022551260765630854,0.052638306190884346,0.0751895669565152,0.7000746023797008,133,47
8,1078,family,0.17944806701198324,0.472973804906578,-0.014430692386514649,0.058830944017747605,0.07326163640426225,0.8030252517472006,119,47
8,1078,marriage,0.23735980734714876,0.4938750862663906,0.005093293723491266,0.07453944671494764,0.06944615299145637,1.0733416251731687,161,47
8,1078,love,0.15270524461053503,0.5515650479258639,0.0773842039275194,0.1379393577159146,0.0605551537883952,2.2779127635552534,87,47
8,1078,wealth,0.2356882664388065,0.5228000000000002,0.031190037290750275,0.09600646389657766,0.06481642660582738,1.4812057517293755,125,47
8,1078,emotion,0.19018538164126755,0.5222715119105494,0.0045326776178998135,0.07438720021156675,0.06985452259366694,1.0648873895137874,121,47
8,1078,scandal,0.12267674346924837,0.5181632939853851,0.029778325714532664,0.09723341018305048,0.06745508446851782,1.4414541312595812,72,47
8,1078,duty,0.12607390746094604,0.4417038539553752,-0.02706991880121125,0.047069480718100756,0.074139399519312,0.6348780948138797,85,47
8,1078,class,0.14987490991832672,0.5023378662954634,4.2847967520298624e-05,0.07071574311630069,0.07067289514878039,1.000606285711509,99,47
8,1078,society,0.19607619397929432,0.49897075220859427,-0.021466026961978975,0.05344193218424146,0.07490795914622043,0.7134346308809362,131,47
8,1104,female,0.22060601849261416,0.4738637529496255,-0.02972247190152716,0.01316430046973066,0.04288677237125782,0.3069547961190536,152,24
8,1104,male,0.21046930520105567,0.5374950534230312,-0.007513468922158973,0.03008225440218944,0.037595723324348414,0.8001509677540074,133,24
8,1104,family,0.1873656722504773,0.5098808754270938,-0.0234798807471402,0.01681484344800928,0.04029472419514948,0.4172964025304357,119,24
8,1104,marriage,0.27895427386220845,0.5308956916099774,0.0507280332681756,0.07453944671494764,0.023811413446772036,3.130408317777628,161,24
8,1104,love,0.1289596547706325,0.4727359503639183,-0.028288497319043315,0.011505482632583159,0.03979397995162647,0.28912621070523953,87,24
8,1104,wealth,0.18182505125690476,0.4613481481481481,-0.034586414813777076,0.008007871874050014,0.04259428668782709,0.18800342713922147,125,24
8,1104,emotion,0.181739216778225,0.4743710500729217,-0.013803394528288528,0.024801242954661906,0.038604637482950434,0.642442063209966,121,24
8,1104,scandal,0.10496988412209494,0.4791783773655611,-0.009310160611044286,0.027790894697369516,0.0371010553084138,0.749059412612396,72,24
8,1104,duty,0.12550629413167363,0.4458215010141987,-0.04136912736095606,1.1764429072257124e-05,0.04138089179002832,0.00028429617060132426,85,24
8,1104,class,0.14672038362292406,0.4671984866331156,-0.006791590233747775,0.030312518939011334,0.03710410917275911,0.8169585421673202,99,24
8,1104,society,0.19372917025387895,0.44633616376475976,-0.02592564426322195,0.015274575960672354,0.0412002202238943,0.37074015326362353,131,24
8,1122,female,0.3497193005123528,0.6468144044321331,0.22977584637843965,0.4013170879330535,0.17154124155461384,2.3394787416351193,152,149
8,1122,male,0.40320096627859847,0.7006119622364181,0.2932324467136771,0.45864723838739263,0.16541479167371553,2.7727099477857586,133,149
8,1122,family,0.25307369473721275,0.6318989134115185,0.16720655361552106,0.36134686811986355,0.1941403145043425,1.8612665228268173,119,149
8,1122,marriage,0.2355188638052924,0.526557724539091,0.01578891847425898,0.23602812387423755,0.22023920539997857,1.0716898630491918,161,149
8,1122,love,0.11760391214642858,0.4352901403969296,-0.0858616872213449,0.1494333463598538,0.23529503358119871,0.635089249801995,87,149
8,1122,wealth,0.17443396462175798,0.4886592592592592,-0.02962583107446176,0.20000479992320125,0.229630630997663,0.8709848466355768,125,149
8,1122,emotion,0.1610274752445918,0.4103442513368984,-0.12235130457394738,0.1239731574684716,0.24632446204241898,0.503292106841663,121,149
8,1122,scandal,0.10153021630103294,0.4102374929735806,-0.11107816342510618,0.12501041637732285,0.23608857980242903,0.5295064101847216,72,149
8,1122,duty,0.11400038755586206,0.4563387423935091,-0.14897713711585658,0.09412719700712924,0.24310433412298582,0.38718847751650265,85,149
8,1122,class,0.14760081298174674,0.487311275297141,-0.002154765573636863,0.22222783378113575,0.22438259935477262,0.9903969132150914,99,149
8,1122,society,0.176733803115845,0.3886411070131801,-0.15543980707943544,0.09924275965252438,0.2546825667319598,0.3896723710837364,131,149
8,1162,female,0.21212409672569582,0.4687019082794706,-0.04556092135775561,0.04605860449204616,0.09161952584980176,0.5027160320284837,152,54
8,1162,male,0.20148240045822363,0.5204081632653061,-0.016912353814542633,0.06767567405001428,0.08458802786455691,0.8000620862987501,133,54
8,1162,family,0.17132511994858987,0.42070674423615595,-0.07842473442899484,0.01681484344800928,0.09523957787700411,0.17655310767492094,119,54
8,1162,marriage,0.22195807474162915,0.45137040323375727,-0.07435731667740547,0.024850622973627657,0.09920793965103313,0.250490263791285,161,54
8,1162,love,0.15549075012066021,0.5850037783876229,0.038825346262064395,0.11495138042803614,0.07612603416597175,1.51001404034665,87,54
8,1162,wealth,0.20467750594863832,0.5260666666666667,0.03793055632901274,0.11200620790067359,0.07407565157166085,1.512051605658934,125,54
8,1162,emotion,0.2110468867942184,0.5165745017015071,0.06238296108428883,0.13223748367795576,0.06985452259366694,1.8930411198322534,121,54
8,1162,scandal,0.1226733344693812,0.5854529698332396,0.00239914299068357,0.08334490708591429,0.08094576409523072,1.029638894838665,72,54
8,1162,duty,0.14827644508225427,0.5336105476673428,0.01481540153056192,0.09412719700712924,0.07931179547656732,1.1867994721384454,85,54
8,1162,class,0.21427979296131203,0.6395938180390477,0.07074849027777666,0.14142138542655705,0.07067289514878039,2.001069648085536,99,54
8,1162,society,0.18163701288046477,0.4642050490322212,-0.05358683891256968,0.03817498969481382,0.0917618286073835,0.41602254743347705,131,54
8,1169,female,0.24497012688702588,0.48452729044834303,0.01657303475168625,0.07895290851436164,0.06237987376267539,1.2656791966824554,152,44
8,1169,male,0.2062387856066694,0.472793826671943,0.0018845680015407706,0.06767567405001428,0.0657911060484735,1.0286447228767306,133,44
8,1169,family,0.16631134575092488,0.4050235478806907,-0.07034449843838611,0.008411623334061612,0.07875612177244773,0.10680596180521362,119,44
8,1169,marriage,0.2210688068328485,0.47426796805678795,-0.07090656972762788,0.012428417038297659,0.08333498676592553,0.1491380453813226,161,44
8,1169,love,0.12141261215077599,0.42561547945750317,-0.04966636724998791,0.02299947127652238,0.07266583852651029,0.31651009253564305,87,44
8,1169,wealth,0.17316515014499914,0.46055555555555555,-0.05191988068668159,0.02400761587814595,0.07592749656482754,0.31619132677885475,125,44
8,1169,emotion,0.19893567531114958,0.5062287311618863,0.010047363225673317,0.07438720021156675,0.06433983698589343,1.1561608436577178,121,44
8,1169,scandal,0.12740128079800203,0.5889193367060147,-0.02746202162735121,0.04167939779450571,0.06914141942185692,0.6028137423618938,72,44
8,1169,duty,0.1316328011858881,0.5091075050709939,-0.008408961785947036,0.05883390979035788,0.06724287157630492,0.8749464204948507,85,44
8,1169,class,0.14528455173625585,0.49522611271727873,-0.03025957016544672,0.04041332498333367,0.07067289514878039,0.5718362732654975,99,44
8,1169,society,0.20283177198645957,0.5172613431683678,-0.006341947067859344,0.061075403428955274,0.06741735049681462,0.905930045870537,131,44
8,1172,female,0.2617023304995556,0.5535934133579563,0.0899149150097899,0.17763582058130814,0.08772090557151824,2.0250112492792027,152,72
8,1172,male,0.21200110628091046,0.5372123918819606,0.015041819694720432,0.12030646155696907,0.10526464186224864,1.1428952725955364,133,72
8,1172,family,0.17373281367798102,0.4819004524886878,-0.019279209508022255,0.09244382447353826,0.11172303398156051,0.8274374690537704,119,72
8,1172,marriage,0.2845240308625981,0.5615017746228926,0.07022342505377828,0.1614948882622576,0.09127146320847933,1.7693908104837412,161,72
8,1172,love,0.19064957141570915,0.6266555303663047,0.17959670953462065,0.264373232799246,0.08477652326462538,3.1184722210286995,87,72
8,1172,wealth,0.3101980885105655,0.6394222222222221,0.2213351203467348,0.2880033919457289,0.06666827159899408,4.319946880785109,125,72
8,1172,emotion,0.2724666638780513,0.6259191176470589,0.1707306138733688,0.24793805061073373,0.07720743673736494,3.2113234305514964,121,72
8,1172,scandal,0.11144770980542848,0.5390317594154019,0.03434446603248076,0.13889891947445904,0.10455445344197828,1.3284840090547791,72,72
8,1172,duty,0.12375710527343955,0.4891784989858012,-0.0297075352709789,0.08236276793487213,0.11207030320585103,0.7349205416429815,85,72
8,1172,class,0.203055320298354,0.5757486526037763,0.09828440377895274,0.19192541564816876,0.09364101186921601,2.0495871607429055,99,72
8,1172,society,0.21040273481483202,0.5024587586128028,-0.01124559057837364,0.09924275965252438,0.11048835023089802,0.8982192189876047,131,72
8,1189,female,0.23517610305269107,0.5122217092438699,0.01145652204242148,0.03290088288311996,0.02144436084069848,1.5342440432705422,152,16
8,1189,male,0.21431545176147118,0.5180126067047318,0.01692244464188106,0.03760093833175441,0.02067849368987335,1.8183596394330186,133,16
8,1189,family,0.17678029550595215,0.4867331548003816,-0.019062635001988442,0.008411623334061612,0.027474258336050054,0.30616379997847754,119,16
8,1189,marriage,0.24013785059878553,0.4897219757468204,0.001039209526855621,0.024850622973627657,0.023811413446772036,1.0436433363409956,161,16
8,1189,love,0.13412699551340757,0.5061249651990614,-0.0012236282975275382,0.02299947127652238,0.024223099574049917,0.9494850650827572,87,16
8,1189,wealth,0.18796992481203006,0.4712962962962963,-0.029623371863658196,7.999872002047968e-06,0.029631371735660245,0.00026997980630611313,125,16
8,1189,emotion,0.18740446156714102,0.4866310160427807,-0.019302675731709806,0.008272590535693625,0.02757526626740343,0.30000038640325327,121,16
8,1189,scandal,0.10827067669172932,0.47386172006745364,-0.026969157085281997,1.3888503097136193e-05,0.026983045588379134,0.0005147122125681351,72,16
8,1189,duty,0.1272373089586712,0.4932860040567952,-0.014087510416932974,0.01177619350132938,0.025863703918262353,0.4553173643686393,85,16
8,1189,class,0.14718741297688664,0.48425063354391973,-0.028260117320393397,1.0100806044322337e-05,0.02827021812643772,0.0003572949454719268,99,16
8,1189,society,0.19565630646766957,0.4899433913714727,-0.010944426964410324,0.015274575960672354,0.02621900292508268,0.5825765382358304,131,16
8,1193,female,0.22852443609022555,0.48816302452036525,-0.023874541484101883,0.01316430046973066,0.037038841953832544,0.3554187921367526,152,21
8,1193,male,0.3149143575128235,0.5742339872236983,0.148499625401439,0.15038119727522894,0.001881571873789948,79.92317449580126,133,21
8,1193,family,0.1779042717565495,0.49095792163019053,-0.01798539537895473,0.01681484344800928,0.03480023882696401,0.48318184053661084,119,21
8,1193,marriage,0.24122262177182086,0.4832766439909297,-0.03346705226124698,0.006217314070632662,0.03968436633187964,0.15666910285225943,161,21
8,1193,love,0.13226575566705812,0.5015113550491191,0.0033499690674887693,0.0344934599204616,0.03114349085297283,1.1075656252600672,87,21
8,1193,wealth,0.18746616541353384,0.4855259259259259,-0.029030879834276997,0.008007871874050014,0.03703875170832701,0.21620253125413758,125,21
8,1193,emotion,0.18148418567078856,0.48579545454545453,-0.028493818411332313,0.008272590535693625,0.03676640894702594,0.2250040396218189,121,21
8,1193,scandal,0.10815580618212198,0.49010445943413905,-0.019825993801502254,0.013902391600233327,0.03372838540173558,0.41218669183926476,72,21
8,1193,duty,0.12789326256818515,0.49528397565922916,-0.00921960928768294,0.023540622573586505,0.032760231861269445,0.7185731368616676,85,21
8,1193,class,0.15055931722598387,0.5050772745119035,0.010376328647631675,0.04041332498333367,0.030036996335701997,1.3454516067557964,99,21
8,1193,society,0.19566186458512694,0.49446779312119393,-0.010801564369102318,0.022908047205386174,0.03370961157448849,0.6795701918453272,131,21
8,1209,female,0.22703918888129412,0.49185646865702265,-0.00974192114504347,6.578860804463099e-06,0.009748500005847932,0.0006748587782573433,152,5
8,1209,male,0.20786340852130328,0.5075753293006954,0.009403930306052872,0.0150448865430595,0.005640956237006628,2.667080882793018,133,5
8,1209,family,0.17919799498746866,0.4997075753378274,0.0010838113480249297,0.008411623334061612,0.007327811986036682,1.1479038148006873,119,5
8,1209,marriage,0.24395772038792635,0.499562506161885,-0.0017211464910317767,0.006217314070632662,0.007938460561664439,0.7831888842370092,161,5
8,1209,love,0.1366894247112033,0.5116235135027641,0.0045833612558405165,0.011505482632583159,0.006922121376742642,1.6621324597944547,87,5
8,1209,wealth,0.20743788883974643,0.523637037037037,0.010450357051604742,0.016007743876097984,0.005557386824493243,2.880444420868116,125,5
8,1209,emotion,0.18490770885929905,0.5045196280991735,0.0009178381634596978,0.008272590535693625,0.007354752372233927,1.1247952501840819,121,5
8,1209,scandal,0.10758391075728538,0.49326634813565673,-0.008419472598551763,1.3888503097136193e-05,0.0084333611016489,0.0016468526519958745,72,5
8,1209,duty,0.1321686569364588,0.5121602434077079,-0.008610619631672362,1.1764429072257124e-05,0.00862238406074462,0.0013644055968758083,85,5
8,1209,class,0.21100037720147488,0.5443748438448085,0.03864477999586013,0.04041332498333367,0.0017685449874735425,22.851171582700314,99,5
8,1209,society,0.1967987215677051,0.5028947594133288,-0.009357499992674899,7.63347124471382e-06,0.009365133463919612,0.0008150947632842244,131,5
8,1231,female,0.2293878077546808,0.48420026674874317,-0.0012137502014386136,0.006585439665267561,0.0077991898667061745,0.8443748359731122,152,5
8,1231,male,0.19756810726001997,0.46851857086324844,-0.009392821916293743,7.518683929564969e-06,0.009400340600223309,0.0007998310112919236,133,5
8,1231,family,0.18306108308595134,0.497106534921661,0.0010838113480249297,0.008411623334061612,0.007327811986036682,1.1479038148006873,119,5
8,1231,marriage,0.24296715461720367,0.49449127477077787,-0.0017211464910317767,0.006217314070632662,0.007938460561664439,0.7831888842370092,161,5
8,1231,love,0.1468617838079562,0.529123414071511,0.0045833612558405165,0.011505482632583159,0.006922121376742642,1.6621324597944547,87,5
8,1231,wealth,0.18552246691112506,0.4988370370370371,-0.00925307693882458,7.999872002047968e-06,0.009261076810826628,0.0008638166127541378,125,5
8,1231,emotion,0.2236443261027139,0.541892015070491,0.021122947654276983,0.024801242954661906,0.003678295300384925,6.74259158728336,121,5
8,1231,scandal,0.1371835446591389,0.5032907063893574,0.022730203502398842,0.027790894697369516,0.005060691194970675,5.49152153751184,72,5
8,1231,duty,0.1322027588281458,0.5100405679513184,-0.008610619631672362,1.1764429072257124e-05,0.00862238406074462,0.0013644055968758083,85,5
8,1231,class,0.14781886504892197,0.5135096548524111,-0.008825557018486335,1.0100806044322337e-05,0.008835657824530658,0.0011431866470808807,99,5
8,1231,society,0.19325035250051734,0.49218057580695884,-0.009357499992674899,7.63347124471382e-06,0.009365133463919612,0.0008150947632842244,131,5
8,1234,female,0.22942970055146228,0.5059761978044527,-0.006818199596892172,0.02632202207865686,0.03314022167554903,0.7942621004639531,152,21
8,1234,male,0.23127756405486444,0.5643690994403301,0.016922359845012672,0.04511962226131938,0.02819726241630671,1.6001419426315013,133,21
8,1234,family,0.18822631579942886,0.5342906393326561,0.002484035094397579,0.03362128367590461,0.031137248581507033,1.079776961885872,119,21
8,1234,marriage,0.24124880482862962,0.4906585822734891,-0.0006861639480331833,0.031061725941292653,0.03174788988932584,0.9783871006418519,161,21
8,1234,love,0.12701779829153662,0.4815455594002307,-0.023098203859851132,0.011505482632583159,0.03460368649243429,0.3324929739716088,87,21
8,1234,wealth,0.20990415591191233,0.5123851851851852,0.020227705141796306,0.048007231884289854,0.027779526742493548,1.7281515386338966,125,21
8,1234,emotion,0.18943978992173027,0.5016483349538162,0.011916400570302261,0.041329895373630195,0.029413494803327934,1.4051337880308215,121,21
8,1234,scandal,0.1153491596752764,0.5259391980513398,-0.004251155751026952,0.027790894697369516,0.03204205044839647,0.8673257268993837,72,21
8,1234,duty,0.12346181348241986,0.46979716024340773,-0.03619673140370074,1.1764429072257124e-05,0.036208495832773,0.00032490797536206985,85,21
8,1234,class,0.14800934051121803,0.5025074062176536,-0.01335883985954156,0.020211712894688996,0.033570552754230557,0.6020667291973575,99,21
8,1234,society,0.21245391441321715,0.5223218114761129,0.01771680585209351,0.04580846093952764,0.02809165508743413,1.6306786052769051,131,21
8,1249,female,0.23639686337054758,0.512850107725454,0.005365110603024485,0.01316430046973066,0.0077991898667061745,1.6879061406415563,152,6
8,1249,male,0.21321573163678426,0.5065789473684211,0.007524238124444532,0.0150448865430595,0.007520648418614969,2.000477313075851,133,6
8,1249,family,0.17894736842105263,0.4880952380952381,-0.01098239901137971,8.403220113947665e-06,0.010990802231493658,0.0007645684033058152,119,6
8,1249,marriage,0.24141435368960704,0.4993098688750862,-0.011900487679973674,6.211102967664998e-06,0.011906698782941339,0.0005216477783113119,161,6
8,1249,love,0.13416809042943342,0.5084914290259714,0.002853263436109789,0.011505482632583159,0.00865221919647337,1.329772439877968,87,6
8,1249,wealth,0.18954622920938707,0.5074888888888889,-0.01110492193199127,7.999872002047968e-06,0.01111292180399332,0.0007198711682154931,125,6
8,1249,emotion,0.18583216116926424,0.5081960986874087,-0.0009203903724648022,0.008272590535693625,0.009192980908158427,0.899881182985176,121,6
8,1249,scandal,0.10827067669172932,0.48903878583473864,-0.010105807551890875,1.3888503097136193e-05,0.010119696054988012,0.001372422948307633,72,6
8,1249,duty,0.12749226006191952,0.49547667342799184,-0.010334751617424136,1.1764429072257124e-05,0.010346516046496394,0.0011370425579249773,85,6
8,1249,class,0.14828669469817796,0.4943784131063283,-0.010592335227750613,1.0100806044322337e-05,0.010602436033794935,0.0009526872891450271,99,6
8,1249,society,0.1963368982252068,0.49255224862052194,-0.011230152155026351,7.63347124471382e-06,0.011237785626271065,0.0006792682738305178,131,6
8,1252,female,0.24584075724087362,0.5217887555145173,0.02266347154883791,0.20395126379916054,0.18128779225032263,1.1250137765284223,152,124
8,1252,male,0.333430138717974,0.6712363615806434,0.20864748569745925,0.35338566337348304,0.1447381776760238,2.4415511445918985,133,124
8,1252,family,0.22538905059179085,0.5887277988118325,0.10041206408029554,0.2689114468664392,0.16849938278614365,1.5959194770828375,119,124
8,1252,marriage,0.28681210547239716,0.5642807847776792,0.06539189624022021,0.23602812387423755,0.17063622763401734,1.3832239914438937,161,124
8,1252,love,0.19501449987679736,0.5946983255776956,0.12930388229963263,0.2988551987310637,0.16955131643143107,1.7626238770617997,87,124
8,1252,wealth,0.20382757168924415,0.5446814814814815,0.06592887873077885,0.2400041599334411,0.17407528120266225,1.3787377407860928,125,124
8,1252,emotion,0.2946264583778585,0.6136059795819154,0.15596316796856385,0.31405266028660683,0.15808949231804298,1.986549869189358,121,124
8,1252,scandal,0.11353416941112693,0.4968615326962713,-0.006620437389727146,0.18056442876586762,0.18718486615559476,0.9646315563503481,72,124
8,1252,duty,0.1385271802150973,0.5284178498985802,0.055988895224044544,0.23530034587421475,0.1793114506501702,1.3122438361840287,85,124
8,1252,class,0.14608595504318,0.48993468251418776,-0.029190815863549602,0.16162299751520173,0.19081381337875133,0.8470193779605725,99,124
8,1252,society,0.17334530440885762,0.3613803356491409,-0.14664799664891026,0.0687088746736691,0.21535687132257936,0.31904658649331974,131,124
8,1257,female,0.24771239669574394,0.5238919667590028,0.011943971407487586,0.01974316127419376,0.0077991898667061745,2.5314374453100004,152,7
8,1257,male,0.2695937795159153,0.5686090225563909,0.024441298165182812,0.03008225440218944,0.005640956237006628,5.332828891581642,133,7
8,1257,family,0.22858566647241368,0.5282189798996522,0.04859439728594872,0.05042772390379994,0.0018333266178512167,27.506131959944227,119,7
8,1257,marriage,0.24130410627124677,0.48386818495514144,0.0025058373659947713,0.012428417038297659,0.009922579672302888,1.2525389009207788,161,7
8,1257,love,0.13082706766917293,0.4679930795847751,-0.012100920847290886,1.1493988643939221e-05,0.012112414835934825,0.0009489427829775269,87,7
8,1257,wealth,0.18738562314878102,0.4857111111111111,-0.003105049929943305,0.008007871874050014,0.01111292180399332,0.7205910393837085,125,7
8,1257,emotion,0.17993123304128092,0.4759282328633933,-0.012861173653797945,8.26432620948414e-06,0.012869437980007429,0.0006421668313473005,121,7
8,1257,scandal,0.10746136173767754,0.4765668915120854,-0.011792142505229987,1.3888503097136193e-05,0.011806031008327124,0.0011763905317683692,72,7
8,1257,duty,0.1317175666183133,0.5020486815415821,0.0014296774548329862,0.01177619350132938,0.010346516046496394,1.138179600482902,85,7
8,1257,class,0.14984503652765216,0.4855623371524431,-0.012359113437014891,1.0100806044322337e-05,0.012369214243059213,0.0008166085448130736,99,7
8,1257,society,0.19463356790419395,0.4744046087428882,-0.013102804317377804,7.63347124471382e-06,0.013110437788622517,0.0005822438096427295,131,7
8,1271,female,0.22857142857142856,0.47855750487329435,-0.0175391617016105,6.578860804463099e-06,0.017545740562414962,0.0003749548661502973,152,9
8,1271,male,0.19814593301435407,0.4885098083554752,-0.016911590642727105,7.518683929564969e-06,0.01691910932665667,0.00044439005528941293,133,9
8,1271,family,0.17722900164850627,0.48985748145412006,-0.016476884379565175,8.403220113947665e-06,0.016485287599679124,0.0005097405830882495,119,9
8,1271,marriage,0.24044168391994478,0.486308291432515,-0.009657622933585575,0.006217314070632662,0.015874937004218236,0.3916433853305355,161,9
8,1271,love,0.13035004685479756,0.5004971562661577,-0.01556111648675234,1.1493988643939221e-05,0.015572610475396279,0.0007380900370789401,87,9
8,1271,wealth,0.20491779448621553,0.5047555555555556,0.032598128064581955,0.04000735988224189,0.007409231817659936,5.399663671135854,125,9
8,1271,emotion,0.1943454617008336,0.514948954788527,0.003667478765170337,0.016536916745177765,0.012869437980007429,1.2849758295259481,121,9
8,1271,scandal,0.10827067669172932,0.4814502529510961,-0.015164812411908209,1.3888503097136193e-05,0.015178700915005346,0.000914999457067588,72,9
8,1271,duty,0.1288736547250479,0.49448275862068963,-0.002018586516670558,0.01177619350132938,0.013794780017999938,0.8536702640498578,85,9
8,1271,class,0.14840567902768861,0.4982153692401042,-0.015892669855543443,1.0100806044322337e-05,0.015902770661587767,0.0006351601402443095,99,9
8,1271,society,0.19585332305300165,0.488892700917746,-0.016848108642080705,7.63347124471382e-06,0.01685574211332542,0.00045287067118962733,131,9
8,1316,female,0.2751627736018893,0.5542218118395403,0.044594307086708675,0.08553176931882474,0.04093746223211606,2.0893275902587445,152,34
8,1316,male,0.2314355815688856,0.5555147266662899,0.020681489817624167,0.06767567405001428,0.04699418423239011,1.440086154361408,133,34
8,1316,family,0.18636571607929137,0.5266260350293963,-0.0008559710277204688,0.05042772390379994,0.05128369493152041,0.9833090999030635,119,34
8,1316,marriage,0.22811492850132845,0.4653702060534358,-0.05926060069954681,0.006217314070632662,0.06547791477017947,0.0949528416162888,161,34
8,1316,love,0.12844608297928603,0.49662928051545163,-0.005917216125340741,0.045987448564400825,0.051904664689741566,0.8859983748744606,87,34
8,1316,wealth,0.17921277907999203,0.47452592592592596,-0.04325314775022933,0.016007743876097984,0.05926089162632731,0.27012323703742996,125,34
8,1316,emotion,0.18091388108651144,0.49002643412736996,-0.011980570396716246,0.041329895373630195,0.05331046577034644,0.7752679474026352,121,34
8,1316,scandal,0.10399445443867165,0.4965570545250141,-0.0417483481949107,0.013902391600233327,0.05565073979514403,0.24981503662232726,72,34
8,1316,duty,0.12355969454837047,0.49109533468559835,-0.03163332510245599,0.023540622573586505,0.055173947676042494,0.42666192224236293,85,34
8,1316,class,0.16856242070416957,0.5619266873683835,0.02301096468795591,0.07071574311630069,0.04770477842834478,1.4823618397271732,99,34
8,1316,society,0.21550949151209037,0.552877605283472,0.02189069796272044,0.0687088746736691,0.04681817671094866,1.4675683569739193,131,34
8,1323,female,0.24670002967672222,0.5350364214630142,0.05239154764327571,0.08553176931882474,0.03314022167554903,2.5809051657415276,152,30
8,1323,male,0.2063350208752073,0.524464356379671,0.03759863465523083,0.07519435797957924,0.037595723324348414,2.000077437767515,133,30
8,1323,family,0.217946792793089,0.5468033367193031,0.07811301611992656,0.10925026470143359,0.031137248581507033,3.508667903393706,119,30
8,1323,marriage,0.26859460373763233,0.5359114660356897,0.0388233186043449,0.07453944671494764,0.035716128110602735,2.08699684585163,161,30
8,1323,love,0.1299795825771325,0.48693473332537884,-0.025444997773757732,0.02299947127652238,0.04844446905028011,0.4747594870361085,87,30
8,1323,wealth,0.18757024425432015,0.4989333333333334,-0.016142333787133242,0.03200748788019392,0.04814982166732716,0.6647477970047887,125,30
8,1323,emotion,0.18066861368296777,0.46984382596013613,-0.05514042998006145,8.26432620948414e-06,0.05514869430627094,0.00014985533770641877,121,30
8,1323,scandal,0.10678551358375919,0.4831600149896945,-0.03500300838155426,0.013902391600233327,0.04890539998178759,0.2842710949123475,72,30
8,1323,duty,0.1286687306501548,0.47427991886409737,-0.0382253582174578,0.01177619350132938,0.05000155171878718,0.23551656091243206,85,30
8,1323,class,0.14750607579554947,0.47824535103687044,-0.04112742799650668,0.010110906850366658,0.05123833484687334,0.19733090234852382,99,30
8,1323,society,0.19521984031325132,0.4834891500128656,-0.027655433830265384,0.022908047205386174,0.05056348103565156,0.45305518401276595,131,30
8,1375,female,0.234508547008547,0.4922668513388735,-0.005599819844788235,0.01974316127419376,0.025342981118981995,0.7790386293042303,152,16
8,1375,male,0.1983254993426224,0.5083526485386398,-0.030069435913985487,7.518683929564969e-06,0.03007695459791505,0.0002499815566379246,133,16
8,1375,family,0.1858046651154741,0.4931357158247915,-0.008827919765312286,0.01681484344800928,0.025642763213321564,0.6557344583916813,119,16
8,1375,marriage,0.25598854222202877,0.5115966676525683,0.01742965368346252,0.03727282890895765,0.019843175225495134,1.8783701944631312,161,16
8,1375,love,0.15226348588773414,0.5207413594240942,0.025224544629812364,0.045987448564400825,0.02076290393458846,2.2148851965536704,87,16
8,1375,wealth,0.2081776613250297,0.5120148148148148,0.01963521311241511,0.04000735988224189,0.02037214676982678,1.9638264112416977,125,16
8,1375,emotion,0.18252739286232106,0.49759965969859027,0.0009024337591074759,0.024801242954661906,0.02389880919555443,1.037760616049338,121,16
8,1375,scandal,0.11239202017836823,0.5206810942477047,0.004180519015668609,0.027790894697369516,0.023610375681700907,1.177062790988609,72,16
8,1375,duty,0.13199861284226608,0.5078904665314402,0.01288961169908482,0.035305051645843626,0.022415439946758806,1.5750327331573781,85,16
8,1375,class,0.14970341819757027,0.5030160259842239,0.007342635440366452,0.030312518939011334,0.022969883498644882,1.3196635907831213,99,16
8,1375,society,0.19954402545804714,0.49115132801555306,-0.001438303557345054,0.022908047205386174,0.024346350762731228,0.9409232384638238,131,16
8,1435,female,0.3630643622539629,0.582256078793475,0.13255576972781416,0.2105301246036236,0.07797435487580945,2.6999918747162073,152,72
8,1435,male,0.19791556156244525,0.47497032053818755,0.005643443583547111,0.11278777762740409,0.10714433404385698,1.05267141405895,133,72
8,1435,family,0.21294818202456378,0.5012774340505433,0.07283322762206314,0.16807280549906725,0.09523957787700411,1.7647369848106413,119,72
8,1435,marriage,0.22220612961962471,0.476923740510697,-0.06909535027738034,0.05590613781195264,0.12500148808933298,0.4472437781824787,161,72
8,1435,love,0.11313214709701987,0.42402457940579885,-0.08488501973877835,0.0344934599204616,0.11937847965923995,0.2889420272282957,87,72
8,1435,wealth,0.18049095463793932,0.4981777777777778,-0.015106087538417037,0.09600646389657766,0.1111125514349947,0.8640469744939774,125,72
8,1435,emotion,0.16102217507170524,0.44739000972289744,-0.07173070001643864,0.049594221583114335,0.12132492159955297,0.4087719235986574,121,72
8,1435,scandal,0.09458047455741053,0.44864858534757357,-0.09025423837132167,0.027790894697369516,0.11804513306869119,0.23542601015971065,72,72
8,1435,duty,0.13311846324163146,0.5406085192697769,-0.016218974212970028,0.09412719700712924,0.11034617122009927,0.8530173359484102,85,72
8,1435,class,0.13560563560874825,0.4736766962915373,-0.09159694427843314,0.030312518939011334,0.12190946321744447,0.2486477927041283,99,72
8,1435,society,0.1888751531188941,0.510657003173514,-0.04927008420663473,0.0687088746736691,0.11797895888030382,0.5823824462020865,131,72
8,1447,female,0.22691102756892229,0.4898943264594234,-0.012178680649251336,0.01316430046973066,0.025342981118981995,0.5194456172068526,152,15
8,1447,male,0.19828518665083764,0.49134349030470925,-0.018791367621203835,0.007526202613494532,0.026317570234698367,0.28597634759175616,133,15
8,1447,family,0.1789831722162549,0.5028242066057192,-0.006996424642583796,0.01681484344800928,0.023811268090593075,0.7061716907864312,119,15
8,1447,marriage,0.24162980981866433,0.505416296953564,-0.005171893440809379,0.018639520005962657,0.023811413446772036,0.7827977136614166,161,15
8,1447,love,0.13138873377076643,0.5032215726047012,0.0005064695222031894,0.02299947127652238,0.02249300175431919,1.0225167599555012,87,15
8,1447,wealth,0.18696616541353384,0.4872444444444445,-0.0277715268704915,7.999872002047968e-06,0.027779526742493548,0.00028797726022894465,125,15
8,1447,emotion,0.19394457217423725,0.5029244652406416,0.002740662295031976,0.024801242954661906,0.02206058065962993,1.124233461312424,121,15
8,1447,scandal,0.11546963814765673,0.5073191868090688,0.005866853969007723,0.027790894697369516,0.021924040728361793,1.2675991182661204,72,15
8,1447,duty,0.12781954887218044,0.4836206896551724,-0.025851939489190096,1.1764429072257124e-05,0.025863703918262353,0.0004548625018667726,85,15
8,1447,class,0.1474890931031282,0.4947799550273048,-0.026493339111129114,1.0100806044322337e-05,0.026503439917173438,0.0003811130206308127,99,15
8,1447,society,0.31345922057051023,0.5725190839694656,0.11450782948978967,0.11450970214195202,1.8726521623514522e-06,61148.377309850875,131,15
8,1450,female,0.22857142857142856,0.4922027290448343,-0.00974192114504347,6.578860804463099e-06,0.009748500005847932,0.0006748587782573433,152,5
8,1450,male,0.19974937343358395,0.4971592515122392,-0.009392821916293743,7.518683929564969e-06,0.009400340600223309,0.0007998310112919236,133,5
8,1450,family,0.18164528969482532,0.49782990119124576,0.0010838113480249297,0.008411623334061612,0.007327811986036682,1.1479038148006873,119,5
8,1450,marriage,0.24211460327838227,0.5002218278615794,-0.0017211464910317767,0.006217314070632662,0.007938460561664439,0.7831888842370092,161,5
8,1450,love,0.1623599227954945,0.5196078431372549,0.031031534183180415,0.0344934599204616,0.003461925737281186,9.963662576305662,87,5
8,1450,wealth,0.1971929824561403,0.5122666666666666,0.010450357051604742,0.016007743876097984,0.005557386824493243,2.880444420868116,125,5
8,1450,emotion,0.1837683050601711,0.5027193728731162,0.0009178381634596978,0.008272590535693625,0.007354752372233927,1.1247952501840819,121,5
8,1450,scandal,0.12616436925647453,0.5243114109050028,0.022730203502398842,0.027790894697369516,0.005060691194970675,5.49152153751184,72,5
8,1450,duty,0.139938080495356,0.5066125760649087,0.004877941426336534,0.01177619350132938,0.006898252074992846,1.7071271637510383,85,5
8,1450,class,0.14905192273613327,0.4988399900060678,-0.008825557018486335,1.0100806044322337e-05,0.008835657824530658,0.0011431866470808807,99,5
8,1450,society,0.19699248120300752,0.49250936329588013,-0.009357499992674899,7.63347124471382e-06,0.009365133463919612,0.0008150947632842244,131,5
8,1452,female,0.2959219095596108,0.6163370780753054,0.11306218101527388,0.2631610110393284,0.1500988300240545,1.7532515809443787,152,117
8,1452,male,0.2151382872809735,0.468772966250212,-0.00375569569944173,0.17293724906392385,0.17669294476336558,0.9787445067178531,133,117
8,1452,family,0.26508266764088073,0.5251485209468403,0.062058953756014223,0.2268953462967009,0.1648363925406867,1.3764881819973078,119,117
8,1452,marriage,0.27806117292951893,0.5618406783003056,0.0874759520929928,0.24223922684190255,0.15476327474890975,1.5652242254071573,161,117
8,1452,love,0.13492145059657581,0.5433420832836177,-0.004050384062621731,0.17242132364773224,0.17647170771035398,0.977047969240221,87,117
8,1452,wealth,0.18495767139486705,0.49532592592592595,0.03948492570208706,0.2080046719252492,0.16851974622316215,1.234304445536993,125,117
8,1452,emotion,0.20113249858162444,0.5476953694701021,0.037497556029723045,0.20661641956331303,0.16911886353358999,1.2217230842557882,121,117
8,1452,scandal,0.09936815410182065,0.4740725126475548,-0.025965768817303975,0.15278742257159525,0.17875319138889922,0.854739551129652,72,117
8,1452,duty,0.13082914790430508,0.5161967545638946,-0.06682779145578202,0.11765605515164348,0.1844838466074255,0.637758033099631,85,117
8,1452,class,0.13921931985929703,0.4965378163258022,-0.028690952652286272,0.1515221914708794,0.18021314412316566,0.8407943394322093,99,117
8,1452,society,0.19120976518412225,0.5118649398175944,-0.047984320848862616,0.1374101158760935,0.18539443672495612,0.7411771264701355,131,117
8,1468,female,0.22857142857142856,0.48635477582846004,-0.021437781979894016,6.578860804463099e-06,0.02144436084069848,0.0003067874511638756,152,11
8,1468,male,0.2,0.4868421052631579,-0.020670975005943785,7.518683929564969e-06,0.02067849368987335,0.0003635992080449947,133,11
8,1468,family,0.1967024461606505,0.5179764213377659,0.03103370155835862,0.04202450378985228,0.010990802231493658,3.823606584932382,119,11
8,1468,marriage,0.2468126838836221,0.4902888691708567,-0.013625861154862473,0.006217314070632662,0.019843175225495134,0.31332254035287355,161,11
8,1468,love,0.13644023852735285,0.5012130612894246,0.0074268608011261,0.02299947127652238,0.015572610475396279,1.476918164194959,87,11
8,1468,wealth,0.18841695146958304,0.4968888888888889,-0.0006607129073954096,0.016007743876097984,0.016668456783493393,0.960361482953235,125,11
8,1468,emotion,0.18204809544522466,0.5021572678658239,-8.978306678661396e-06,0.016536916745177765,0.016545895051856427,0.9994573694774457,121,11
8,1468,scandal,0.1168372319688109,0.5039347948285553,0.01261219378236417,0.027790894697369516,0.015178700915005346,1.8309139135922432,72,11
8,1468,duty,0.13023735810113518,0.49476673427991885,-0.005466850488174106,0.01177619350132938,0.017243043989503486,0.682953282947898,85,11
8,1468,class,0.1486704977933048,0.4993932255416354,-0.0075586420204853885,0.010110906850366658,0.017669548870852047,0.5722221276669683,99,11
8,1468,society,0.19701543936176322,0.4916802470194699,-0.011087289559718334,0.007641104715958534,0.01872839427567687,0.407995720459296,131,11
8,1510,female,0.23040959857437235,0.5043090181594336,-0.017052199657667064,0.03947974368758306,0.05653194334525012,0.6983616934195104,152,35
8,1510,male,0.2572410718214416,0.5861128384871954,0.037598549858362446,0.08271304190914422,0.045114492050781774,1.8334029299101355,133,35
8,1510,family,0.17524579877706284,0.486486902453289,-0.0129221813871251,0.04202450378985228,0.05494668517697738,0.7648232764857614,119,35
8,1510,marriage,0.23518368955729213,0.5026003154885142,-0.02026860941866803,0.03727282890895765,0.057541438327625684,0.6477562951431332,161,35
8,1510,love,0.13806654305701163,0.49892614246509964,0.005576772518598477,0.05748143720834004,0.051904664689741566,1.1074426075349106,87,35
8,1510,wealth,0.1807465997841337,0.4854962962962963,-0.035253275748181365,0.02400761587814595,0.05926089162632731,0.4051173584954159,125,35
8,1510,emotion,0.17292298161319444,0.455684856587263,-0.023921353678049387,0.033065569164146054,0.05698692284219544,0.5802308233966044,121,35
8,1510,scandal,0.13370823322280959,0.5918353007307476,0.0032898310031760983,0.05556790089164191,0.05227806988846581,1.0629294656274029,72,35
8,1510,duty,0.1889174978489933,0.5701622718052739,0.07455103137586339,0.11765605515164348,0.04310502377578009,2.729520711110771,85,35
8,1510,class,0.15054699709686528,0.4683941892422458,0.03311177073227824,0.08081654916062302,0.04770477842834478,1.6940975688697486,99,35
8,1510,society,0.18213201459560435,0.44845183978042713,-0.03701869464202264,0.022908047205386174,0.059926741847408815,0.38226752362633964,131,35
8,1520,female,0.3148496240601505,0.5524584487534626,0.10989595308739625,0.11184721253667715,0.0019512594492808995,57.320523173161746,152,18
8,1520,male,0.2,0.48026315789473684,-0.033828820277202166,7.518683929564969e-06,0.03383633896113173,0.0002222073711337263,133,18
8,1520,family,0.17894736842105263,0.4807692307692308,-0.032960340484121574,8.403220113947665e-06,0.03296874370423552,0.0002548844502259033,119,18
8,1520,marriage,0.24179107188260507,0.5035184363600512,-0.0029290286944212776,0.024850622973627657,0.027779651668048935,0.8945620798159722,161,18
8,1520,love,0.13181060889772322,0.4951576979676252,-0.004683823936988997,0.02299947127652238,0.027683295213511375,0.8308068493401837,87,18
8,1520,wealth,0.1868471177944862,0.48533333333333334,-0.03332706184999158,7.999872002047968e-06,0.03333506172199363,0.00023998371650021187,125,18
8,1520,emotion,0.1822078287600382,0.4958677685950413,-0.002774023312741524,0.024801242954661906,0.02757526626740343,0.8994017578383248,121,18
8,1520,scandal,0.10827067669172932,0.4822934232715008,-0.03034182699196022,1.3888503097136193e-05,0.030355715495057358,0.0004575251437884919,72,18
8,1520,duty,0.1296489887821157,0.5021501014198784,0.009441347727581272,0.035305051645843626,0.025863703918262353,1.3650423681021844,85,18
8,1520,class,0.14887218045112782,0.48144876325088337,-0.03179367373892196,1.0100806044322337e-05,0.03180377454496628,0.0003175977124892378,99,18
8,1520,society,0.19569367120090303,0.4944820882294079,-0.005183607882047955,0.022908047205386174,0.02809165508743413,0.8154751698776856,131,18
8,1537,female,0.302631380335663,0.5729711706166,0.043619895677699146,0.05921632610097235,0.015596430423273204,3.7967871166733227,152,17
8,1537,male,0.22802256350433675,0.5370357284187914,0.015042752460272722,0.03760093833175441,0.022558185871481687,1.6668422959322762,133,17
8,1537,family,0.1876082981001078,0.5015929448702557,-0.00042469965136462257,0.02521806356195694,0.025642763213321564,0.9834378358987683,119,17
8,1537,marriage,0.25767985184787773,0.5178140096618358,0.015445534572824066,0.03727282890895765,0.021827294336133587,1.7076247900110744,161,17
8,1537,love,0.12575694100625687,0.44286680189317107,-0.002953726117258266,0.02299947127652238,0.025953197393780644,0.886190280398658,87,17
8,1537,wealth,0.18352500824295237,0.4659777777777777,-0.011771782866395564,0.016007743876097984,0.027779526742493548,0.5762424977181182,125,17
8,1537,emotion,0.178057252672044,0.4792249027710257,-0.011038349522225665,0.016536916745177765,0.02757526626740343,0.599701072120789,121,17
8,1537,scandal,0.1352567204350483,0.49282134157766533,0.018069022112804804,0.04167939779450571,0.023610375681700907,1.765300067844486,72,17
8,1537,duty,0.12375425496096341,0.48259634888438135,-0.002323081344675848,0.023540622573586505,0.025863703918262353,0.9101798662354119,85,17
8,1537,class,0.1468318135516648,0.4758450226648106,0.005575857231102172,0.030312518939011334,0.024736661707909162,1.2254086382276057,99,17
8,1537,society,0.194695532708749,0.49729107699345293,-0.012817079126761775,0.015274575960672354,0.02809165508743413,0.5437406914112792,131,17
8,1568,female,0.22957042957042956,0.503334359290038,-0.0012137502014386136,0.006585439665267561,0.0077991898667061745,0.8443748359731122,152,5
8,1568,male,0.207124955245256,0.5009610492396405,5.554194879563504e-06,0.007526202613494532,0.007520648418614969,1.0007385259314978,133,5
8,1568,family,0.1781043517885623,0.49729122418198046,-0.009150903888651222,8.403220113947665e-06,0.00915930710876517,0.0009174515073294785,119,5
8,1568,marriage,0.24509916094584286,0.498496500049295,0.0064740755872716715,0.012428417038297659,0.0059543414510259875,2.0872865854995335,161,5
8,1568,love,0.13806547018888216,0.5077556377520583,0.0045833612558405165,0.011505482632583159,0.006922121376742642,1.6621324597944547,87,5
8,1568,wealth,0.18796992481203006,0.48703703703703705,-0.00925307693882458,7.999872002047968e-06,0.009261076810826628,0.0008638166127541378,125,5
8,1568,emotion,0.18113983305370868,0.49211533787068545,-0.009184716581948943,8.26432620948414e-06,0.009192980908158427,0.0008989822007843917,121,5
8,1568,scandal,0.10827067669172932,0.4881956155143339,-0.008419472598551763,1.3888503097136193e-05,0.0084333611016489,0.0016468526519958745,72,5
8,1568,duty,0.12781954887218044,0.4879310344827586,-0.008610619631672362,1.1764429072257124e-05,0.00862238406074462,0.0013644055968758083,85,5
8,1568,class,0.14808992177413233,0.4934504051111825,-0.008825557018486335,1.0100806044322337e-05,0.008835657824530658,0.0011431866470808807,99,5
8,1568,society,0.19699248120300752,0.4868913857677903,-0.009357499992674899,7.63347124471382e-06,0.009365133463919612,0.0008150947632842244,131,5
8,1578,female,0.2280075187969925,0.48481584077151946,-0.011691231284185227,6.578860804463099e-06,0.01169781014498969,0.0005624010581774146,152,6
8,1578,male,0.2,0.48120300751879697,-0.011272514097902083,7.518683929564969e-06,0.011280032781831649,0.0006665480565808727,133,6
8,1578,family,0.17864408921463323,0.486856280973928,-0.01098239901137971,8.403220113947665e-06,0.010990802231493658,0.0007645684033058152,119,6
8,1578,marriage,0.24148881520571613,0.4842995169082125,-0.011900487679973674,6.211102967664998e-06,0.011906698782941339,0.0005216477783113119,161,6
8,1578,love,0.13096534439547144,0.48938074215487415,-0.010370823027560159,1.1493988643939221e-05,0.010382317016204097,0.0011070735583293227,87,6
8,1578,wealth,0.18675634540897695,0.49125925925925923,-0.01110492193199127,7.999872002047968e-06,0.01111292180399332,0.0007198711682154931,125,6
8,1578,emotion,0.22814512784960292,0.5371900826446281,0.02938727386376113,0.033065569164146054,0.003678295300384925,8.989373189177183,121,6
8,1578,scandal,0.10827067669172932,0.4831365935919056,-0.010105807551890875,1.3888503097136193e-05,0.010119696054988012,0.001372422948307633,72,6
8,1578,duty,0.12778637770897833,0.48955375253549693,-0.010334751617424136,1.1764429072257124e-05,0.010346516046496394,0.0011370425579249773,85,6
8,1578,class,0.15366872185054004,0.511885640860906,0.0012752490258360009,0.010110906850366658,0.008835657824530658,1.1443298337279613,99,6
8,1578,society,0.20823665426447077,0.5237012894187609,0.007782094659104195,0.015274575960672354,0.00749248130156816,2.038653864299503,131,6
8,1580,female,0.20621573506255017,0.46433518005540164,-0.10842629517535798,0.05921632610097235,0.16764262127633034,0.3532295406131301,152,95
8,1580,male,0.17936470613086208,0.43702300864944316,-0.1409716138163511,0.03008225440218944,0.17105386821854054,0.175864215847958,133,95
8,1580,family,0.1965572284790062,0.5642256902761105,0.020474124562631757,0.1596695853851196,0.13919546082248785,1.1470890246025678,119,95
8,1580,marriage,0.32370655891315075,0.6041112097012719,0.10654090629212838,0.22360591793890755,0.11706501164677917,1.9101003347753867,161,95
8,1580,love,0.11835020187879823,0.43260549655967867,-0.0717809237379053,0.08046941449621849,0.1522503382341238,0.5285335679973838,87,95
8,1580,wealth,0.18438178305543584,0.47779259259259255,0.0014117795900369934,0.14400569590886547,0.14259391631882848,1.0099007000121272,125,95
8,1580,emotion,0.17581825564801956,0.47633082158483225,-0.033189518379433014,0.11570883125898745,0.14889834963842047,0.7770994879338395,121,95
8,1580,scandal,0.0930633948214708,0.4198285553681844,-0.11346510424764594,0.04167939779450571,0.15514450204215166,0.26864888697707806,72,95
8,1580,duty,0.1390858041127289,0.510446247464503,0.025057356462792585,0.16471377144067198,0.1396564149778794,1.1794214498888724,85,95
8,1580,class,0.1409570810623874,0.3967055716172324,-0.12036525883792493,0.04041332498333367,0.1607785838212586,0.25136012535109015,99,95
8,1580,society,0.23306938869684085,0.5670440575235154,0.07876913738645677,0.20611135707851788,0.1273422196920611,1.618562622634643,131,95
8,1593,female,0.21390218254696214,0.4391864163332308,-0.0343520225668485,0.006585439665267561,0.04093746223211606,0.16086585015375762,152,22
8,1593,male,0.19990130922927293,0.5158643789925942,0.0056442915522310205,0.03760093833175441,0.03195664677952339,1.1766233982556344,133,22
8,1593,family,0.1700955625799854,0.4624080401391325,-0.009582175265007067,0.02521806356195694,0.03480023882696401,0.7246520257123283,119,22
8,1593,marriage,0.22726644537803917,0.48694296559203387,-0.03545117137188543,0.006217314070632662,0.04166848544251809,0.1492090246251036,161,22
8,1593,love,0.17630669449164754,0.5537525354969575,0.05451621710243784,0.08046941449621849,0.025953197393780644,3.100558797136934,87,22
8,1593,wealth,0.18890398652950058,0.5174444444444444,-0.011179290837014366,0.02400761587814595,0.03518690671516032,0.6822883316173955,125,22
8,1593,emotion,0.18638893955110275,0.4923128342245989,-0.020229492201848172,0.016536916745177765,0.03676640894702594,0.4497832999832764,121,22
8,1593,scandal,0.12656058879782767,0.5456131721941165,0.02521218539658455,0.05556790089164191,0.030355715495057358,1.830558100297756,72,22
8,1593,duty,0.1320820764132726,0.47476673427991883,0.01603338084258308,0.047069480718100756,0.031036099875517677,1.516604241685475,85,22
8,1593,class,0.21143379660603812,0.5624888460577506,0.06794747170630047,0.09091735520494536,0.022969883498644882,3.9581112897830306,99,22
8,1593,society,0.19001067494607468,0.4882208308316894,-0.031686463345584316,0.007641104715958534,0.03932756806154285,0.19429385269404006,131,22
8,1661,female,0.2283051378446115,0.49393403098389244,-0.005112370479722129,0.006585439665267561,0.01169781014498969,0.562963459235592,152,7
8,1661,male,0.2,0.4859022556390977,-0.013152206279510423,7.518683929564969e-06,0.013159724963439989,0.0005713405067265345,133,7
8,1661,family,0.17863323467038636,0.49645242712469595,-0.0025791788974320468,0.008411623334061612,0.010990802231493658,0.7653329717091208,119,7
8,1661,marriage,0.24920485239216855,0.5097296164842748,0.010701059444298219,0.018639520005962657,0.007938460561664439,2.348001839755509,161,7
8,1661,love,0.15223403335926022,0.5136320248180408,0.02757133854371896,0.0344934599204616,0.006922121376742642,4.983076435407751,87,7
8,1661,wealth,0.191579332947754,0.5105777777777778,-0.003105049929943305,0.008007871874050014,0.01111292180399332,0.7205910393837085,125,7
8,1661,emotion,0.18418152820066697,0.4963007413709285,-0.002758618908389304,0.008272590535693625,0.011031209444082929,0.7499259783686787,121,7
8,1661,scandal,0.10827067669172932,0.4873524451939292,-0.011792142505229987,1.3888503097136193e-05,0.011806031008327124,0.0011763905317683692,72,7
8,1661,duty,0.12756222106067305,0.5003752535496957,-0.012058883603175908,1.1764429072257124e-05,0.012070648032248166,0.0009746311084419351,85,7
8,1661,class,0.15436617254799073,0.5104133204839919,-0.000491529183428277,0.010110906850366658,0.010602436033794935,0.953639976434172,99,7
8,1661,society,0.20289081482331783,0.49550418846670674,-0.0035966809103125308,0.007641104715958534,0.011237785626271065,0.6799475421043484,131,7
8,1669,female,0.22069419623854336,0.4455345234431107,-0.03118433267560281,6.578860804463099e-06,0.03119091153640727,0.00021092236424617052,152,16
8,1669,male,0.19391948058384076,0.48866527220306405,-0.011272683691638866,0.0150448865430595,0.026317570234698367,0.5716670045265776,133,16
8,1669,family,0.1751333187072935,0.4542124542124542,-0.008827919765312286,0.01681484344800928,0.025642763213321564,0.6557344583916813,119,16
8,1669,marriage,0.24186725734386033,0.5112639258601991,-0.007156012551447828,0.018639520005962657,0.025795532557410485,0.7225871365034233,161,16
8,1669,love,0.18942018065817706,0.5781728512906177,0.03844863109348231,0.05748143720834004,0.019032806114857734,3.0201241403099104,87,16
8,1669,wealth,0.21818723604053167,0.550237037037037,0.029486930107629768,0.048007231884289854,0.018520301776660086,2.5921409089671563,125,16
8,1669,emotion,0.2177115489964863,0.534227637335926,0.03121009799533341,0.049594221583114335,0.018384123587780927,2.6976658062383594,121,16
8,1669,scandal,0.10685618275575814,0.507073262132284,-0.026969157085281997,1.3888503097136193e-05,0.026983045588379134,0.0005147122125681351,72,16
8,1669,duty,0.14298504029749104,0.5427991886409735,0.01288961169908482,0.035305051645843626,0.022415439946758806,1.5750327331573781,85,16
8,1669,class,0.15423665189013563,0.4994110718492344,0.007342635440366452,0.030312518939011334,0.022969883498644882,1.3196635907831213,99,16
8,1669,society,0.19140695240597694,0.49029362152271494,-0.020450550371475595,0.007641104715958534,0.02809165508743413,0.2720062129448728,131,16
8,1695,female,0.2560091087643102,0.512619267466913,0.029730756360612447,0.09211063012328784,0.06237987376267539,1.4766081520499172,152,46
8,1695,male,0.2091889757727036,0.5283792187235006,0.05451544030536394,0.11278777762740409,0.05827233732204015,1.935528636892504,133,46
8,1695,family,0.2448962047793645,0.5737679687259519,0.13068681604968,0.17647602561301493,0.04578920956333494,3.8540963535319794,119,46
8,1695,marriage,0.24113630569062955,0.4913487133984028,-0.02570347547908408,0.04969503484428764,0.07539851032337172,0.65909836454984,161,46
8,1695,love,0.13118222923412712,0.4665910989142107,-0.06635064935311931,0.011505482632583159,0.07785613198570247,0.14777875986117894,87,46
8,1695,wealth,0.18488039993338554,0.4694518518518519,-0.055623570673014974,0.02400761587814595,0.07963118655116093,0.3014850954458679,125,46
8,1695,emotion,0.1808446736676402,0.45551774428779773,-0.07444953180944482,0.008272590535693625,0.08272212234513844,0.10000457315490767,121,46
8,1695,scandal,0.10827067669172932,0.45446880269814505,-0.07755920568545535,1.3888503097136193e-05,0.07757309418855249,0.00017903763208412395,72,46
8,1695,duty,0.12781954887218044,0.453448275862069,-0.07930003104749506,1.1764429072257124e-05,0.07931179547656732,0.00014833139259323155,85,46
8,1695,class,0.14887218045112782,0.45229681978798586,-0.08126346359832173,1.0100806044322337e-05,0.08127356440436606,0.00012428156828391093,99,46
8,1695,society,0.19346034784611582,0.46293278440117785,-0.06712399183495388,0.015274575960672354,0.08239856779562624,0.18537428949460166,131,46
8,1710,female,0.21229457582017025,0.41859033548784236,-0.0906395102222331,0.13158379495006645,0.22222330517229955,0.5921241916884081,152,134
8,1710,male,0.18383303116580985,0.4104881564814291,-0.1484909761208632,0.08271304190914422,0.23120401803000742,0.35774915424718673,133,134
8,1710,family,0.16877680880243343,0.3916335765075261,-0.15330133759054085,0.07563738424564292,0.22893872183618377,0.3303826615203809,119,134
8,1710,marriage,0.31464914739075467,0.5872522922212363,0.1438933700734771,0.31056135948621755,0.16666798941274044,1.8633533684460122,161,134
8,1710,love,0.1252296162313722,0.48407111323231117,-0.03346204699804409,0.17242132364773224,0.20588337064577633,0.8374708608377447,87,134
8,1710,wealth,0.1832853241926995,0.5141555555555556,0.017855277813467935,0.21600454392729718,0.19814926611382924,1.0901102394299085,125,134
8,1710,emotion,0.1769444514454975,0.4294558215848323,-0.1452906502621231,0.08265152642105089,0.22794217668317399,0.3625986538488179,121,134
8,1710,scandal,0.14851197114305348,0.6676972081693836,0.16341426968258535,0.3472264659315019,0.18381219624891657,1.8890284378050868,72,134
8,1710,duty,0.1474156553639084,0.5230425963488844,0.038747575366526815,0.23530034587421475,0.19655277050768794,1.197135737467583,85,134
8,1710,class,0.1450453814503569,0.49084484420173463,0.0006117390581540649,0.20202622169249107,0.201414482634337,1.0030372148474627,99,134
8,1710,society,0.20180183128194287,0.5527203590931183,0.07227856690420706,0.2595456557915146,0.18726708888730756,1.3859651331810707,131,134
8,1735,female,0.291948723155817,0.5409869703498512,0.06384392745615454,0.06579518690543544,0.0019512594492808995,33.71934311245165,152,11
8,1735,male,0.21471152847814318,0.528789077958053,-0.001874222783597168,0.0150448865430595,0.01691910932665667,0.8892245006341152,133,11
8,1735,family,0.29449264507379086,0.5754763443839074,0.07197256250506322,0.07563738424564292,0.003664821740579705,20.63876214973549,119,11
8,1735,marriage,0.24310133040110157,0.49274129941831807,0.0027645830017444216,0.018639520005962657,0.015874937004218236,1.1741476517252118,161,11
8,1735,love,0.13082706766917293,0.47923875432525953,-0.019021312126213795,1.1493988643939221e-05,0.019032806114857734,0.0006039040472525317,87,11
8,1735,wealth,0.18796992481203006,0.4777777777777778,-0.02036414689782473,7.999872002047968e-06,0.02037214676982678,0.0003926867448993596,125,11
8,1735,emotion,0.18079548043662877,0.48281781720952843,-0.020214087797495943,8.26432620948414e-06,0.020222352123705427,0.00040867284668570793,121,11
8,1735,scandal,0.10827067669172932,0.4797639123102867,-0.018537482318586433,1.3888503097136193e-05,0.01855137082168357,0.0007486510420110904,72,11
8,1735,duty,0.12700783099617557,0.48596348884381335,-0.018955411546183,1.1764429072257124e-05,0.018967175975255258,0.000620252012581359,85,11
8,1735,class,0.14887218045112782,0.4787985865724382,-0.019426226274072003,1.0100806044322337e-05,0.019436327080116327,0.0005196869759480399,99,11
8,1735,society,0.19699248120300752,0.47752808988764045,-0.02059341296678361,7.63347124471382e-06,0.020601046438028323,0.00037053803394435065,131,11
8,1747,female,0.20951241946255247,0.4382566430696625,-0.014858921175430917,0.006585439665267561,0.02144436084069848,0.3070942386150395,152,12
8,1747,male,0.1914327339117249,0.49383797840465826,-0.013152291076378816,0.007526202613494532,0.02067849368987335,0.36396280725303964,133,12
8,1747,family,0.1736271843228984,0.4826546003016591,-0.0015019392743983312,0.01681484344800928,0.01831678272240761,0.9180020149783754,119,12
8,1747,marriage,0.23929925611310243,0.4852792566301883,0.0007804638911059723,0.018639520005962657,0.017859056114856685,1.0437012955803984,161,12
8,1747,love,0.14511440720672106,0.5237342401463628,0.01892084944506532,0.0344934599204616,0.015572610475396279,2.215008201273899,87,12
8,1747,wealth,0.1793979864702504,0.49211851851851846,-0.0025125579005621027,0.016007743876097984,0.018520301776660086,0.8643349373176604,125,12
8,1747,emotion,0.19203788911004233,0.5186178293631503,-0.0018472068426031614,0.016536916745177765,0.018384123587780927,0.8995216261094745,121,12
8,1747,scandal,0.10639250173108387,0.5219107176316282,-0.020223817271925546,1.3888503097136193e-05,0.020237705775022683,0.0006862686537122737,72,12
8,1747,duty,0.14014197007281456,0.5541784989858013,-0.007190982473925878,0.01177619350132938,0.018967175975255258,0.6208722645939402,85,12
8,1747,class,0.15765474452801034,0.538664025413142,-0.02119300448333628,1.0100806044322337e-05,0.021203105289380603,0.00047638333659102554,99,12
8,1747,society,0.293816586425488,0.6218872401864083,0.044076798720321844,0.05344193218424146,0.009365133463919612,5.706478437752856,131,12
8,1765,female,0.2366692985789069,0.5119652200677132,0.0021974207117787976,0.01974316127419376,0.017545740562414962,1.1252395533170423,152,12
8,1765,male,0.20235247208931423,0.49003618067725707,0.0056444611459678,0.02256357047262447,0.01691910932665667,1.3336145559235282,133,12
8,1765,family,0.1765218277463787,0.4821620956074737,-0.02197136974775064,8.403220113947665e-06,0.02197977296786459,0.00038231605603257295,119,12
8,1765,marriage,0.2485487976709015,0.5172286305826679,0.0007804638911059723,0.018639520005962657,0.017859056114856685,1.0437012955803984,161,12
8,1765,love,0.15048252815947916,0.4963011573797876,0.032144935908735274,0.045987448564400825,0.013842512655665551,3.322189381727356,87,12
8,1765,wealth,0.23528432129031626,0.5503851851851852,0.027042593085081876,0.04000735988224189,0.012964766797160012,3.085852642403087,125,12
8,1765,emotion,0.21072034372004325,0.5470649003403013,0.038563012139031405,0.049594221583114335,0.011031209444082929,4.495809986204237,121,12
8,1765,scandal,0.10691719720757834,0.49983605021547695,-0.020223817271925546,1.3888503097136193e-05,0.020237705775022683,0.0006862686537122737,72,12
8,1765,duty,0.1321981424148607,0.4760446247464503,-0.007190982473925878,0.01177619350132938,0.018967175975255258,0.6208722645939402,85,12
8,1765,class,0.16025728657307603,0.5159902916086662,0.014409748277423567,0.030312518939011334,0.015902770661587767,1.9061155808731731,99,12
8,1765,society,0.19351921905156136,0.48473282442748095,-0.02246606512913506,7.63347124471382e-06,0.022473698600379774,0.00033966243741673935,131,12
8,1768,female,0.25913552380042293,0.5286754898943264,0.02095861707391322,0.11842607334114025,0.09746745626722703,1.2150319488715888,152,68
8,1768,male,0.23047788827634463,0.5048193792752558,0.022560588421153785,0.12030646155696907,0.09774587313581529,1.2308086029225564,133,68
8,1768,family,0.24291679596246685,0.5541909071320836,0.10062863858632941,0.1848792457269626,0.08425060714063319,2.1943965984264446,119,68
8,1768,marriage,0.23902057372899338,0.5334097407078774,-0.04476842967821963,0.06832834374728264,0.11309677342550227,0.6041582060843397,161,68
8,1768,love,0.13291346287059336,0.54868154158215,-0.02506828260517563,0.08046941449621849,0.10553769710139412,0.7624708204324939,87,68
8,1768,wealth,0.17678971960015238,0.4905333333333333,-0.06680900953703822,0.048007231884289854,0.11481624142132807,0.41812230821687557,125,68
8,1768,emotion,0.1695396520609406,0.48148091881380656,-0.07448034061814926,0.041329895373630195,0.11581023599177945,0.3568760137593281,121,68
8,1768,scandal,0.10485463685639429,0.49182593217163195,-0.05235922245701461,0.05556790089164191,0.10792712334865652,0.5148650234252607,72,68
8,1768,duty,0.11644779823032424,0.44054766734279915,-0.10374237367602519,0.01177619350132938,0.11551856717735458,0.10194199762837741,85,68
8,1768,class,0.1330747571331853,0.4601313488239283,-0.09639741569496264,0.020211712894688996,0.11660912858965164,0.1733287362573545,99,68
8,1768,society,0.18792046264396695,0.5056751579609458,-0.041779475557228926,0.0687088746736691,0.11048835023089802,0.6218653326749811,131,68
8,1802,female,0.4002715484094291,0.5863663178413872,0.17982617511115975,0.2500032894304022,0.07017711431924242,3.562461806131708,152,74
8,1802,male,0.259666232453223,0.6078283113799536,0.21804670977731652,0.28571750800739837,0.06767079823008185,4.222168431229847,133,74
8,1802,family,0.24313704011086743,0.5751685289500416,0.16128267450669156,0.24370178652459626,0.0824191120179047,2.956860132983448,119,74
8,1802,marriage,0.24111987741877683,0.4702134476979198,-0.04847792226374688,0.07453944671494764,0.12301736897869452,0.6059261983342471,161,74
8,1802,love,0.12713371359550696,0.4587062005329516,-0.0883452153782398,0.0344934599204616,0.1228386752987014,0.28080292982893673,87,74
8,1802,wealth,0.18213761890844413,0.4577333333333334,-0.07792007949603838,0.048007231884289854,0.12592731138032823,0.3812297059127722,125,74
8,1802,emotion,0.17647445601015466,0.48740580943121053,-0.07540715708828763,0.049594221583114335,0.12500137867140196,0.39674939676536414,121,74
8,1802,scandal,0.10654093874391862,0.44621275997751547,-0.07805207022752458,0.04167939779450571,0.1197314680220303,0.34810729779483446,72,74
8,1802,duty,0.12532280951943822,0.4857505070993915,-0.04664436030049135,0.070598338862615,0.11724269916310635,0.6021555232517929,85,74
8,1802,class,0.14201302479559552,0.45624085376735557,-0.10699808495054831,0.020211712894688996,0.1272097978452373,0.15888487551186553,99,74
8,1802,society,0.19299688895358116,0.42540812533950884,-0.1385704991949251,7.63347124471382e-06,0.1385781326661698,5.508424091012626e-05,131,74
8,1809,female,0.23409835142092283,0.5058351287575664,0.007070452399071857,0.04605860449204616,0.0389881520929743,1.1813487436139507,152,27
8,1809,male,0.21458169443888706,0.5253971394652044,0.04323771120005585,0.07519435797957924,0.03195664677952339,2.353011518887142,133,27
8,1809,family,0.2389082480984419,0.5580386000554067,0.10407693196146432,0.1260567049293289,0.02197977296786459,5.735123156544626,119,27
8,1809,marriage,0.254424329104636,0.4995070491964902,0.0037995655447430124,0.04348393187662265,0.03968436633187964,1.0957446444242442,161,27
8,1809,love,0.12906351563338858,0.48005409060175797,-0.0334787907782355,0.011505482632583159,0.044984273410818655,0.2557667771412829,87,27
8,1809,wealth,0.1851648755727703,0.47925925925925933,-0.03029023279806249,0.016007743876097984,0.046297976674160475,0.3457547181470323,125,27
8,1809,emotion,0.18195488721804512,0.4650735294117647,-0.04962574437228796,8.26432620948414e-06,0.04963400869849744,0.0001665053141187812,121,27
8,1809,scandal,0.10827067669172932,0.4679595278246206,-0.04551884157201223,1.3888503097136193e-05,0.045532730075109364,0.0003050224107783814,72,27
8,1809,duty,0.1266618102349299,0.4736916835699797,-0.04654152331821138,1.1764429072257124e-05,0.046553287747283636,0.0002527088771016149,85,27
8,1809,class,0.14768407761828817,0.47214191383802695,-0.04769467762230046,1.0100806044322337e-05,0.04770477842834478,0.00021173572914257578,99,27
8,1809,society,0.1947271167741236,0.4736255253452269,-0.04104972415734157,0.007641104715958534,0.048690828873300104,0.15693108728308477,131,27
8,1815,female,0.20582586779983747,0.44567559248999694,-0.04945954163603912,0.04605860449204616,0.09551814612808528,0.4821974290602496,152,56
8,1815,male,0.18192994579357327,0.47439793091751925,-0.06766361873362585,0.03008225440218944,0.09774587313581529,0.30775984127824185,133,56
8,1815,family,0.1857029268843428,0.5478114322652138,-0.030914148491071047,0.058830944017747605,0.08974509250881865,0.6555338277835208,119,56
8,1815,marriage,0.2582439296351747,0.529996056393572,0.020017110040959005,0.09938385858560764,0.07936674854464863,1.252210282098755,161,56
8,1815,love,0.1502208765764122,0.5211689138129897,0.03536515062260294,0.11495138042803614,0.0795862298054332,1.4443626831879937,87,56
8,1815,wealth,0.19903612268083287,0.5108888888888888,0.024375149347464695,0.10400633589862562,0.07963118655116093,1.306100541783315,125,56
8,1815,emotion,0.19219223552189635,0.4916140009722897,0.008193730285396592,0.09091585263053503,0.08272212234513844,1.09905125801912,121,56
8,1815,scandal,0.11877775333514971,0.5252131347198801,0.03017614918495594,0.11112191328018665,0.08094576409523072,1.3727946671561668,72,56
8,1815,duty,0.1455331454146247,0.4698275862068966,0.03834425967507617,0.11765605515164348,0.07931179547656732,1.4834622573249083,85,56
8,1815,class,0.17216385663878792,0.5520309098047613,0.05534734960566148,0.1313205793822347,0.07597322977657323,1.7285112106817344,99,56
8,1815,society,0.21237086716280698,0.5321354032650027,0.03772909083338015,0.11450970214195202,0.07678061130857187,1.491388257906155,131,56
8,1822,female,0.23536787244755183,0.5060916179337231,0.017790927182667518,0.12500493414560335,0.10721400696293583,1.1659384597728162,152,74
8,1822,male,0.32414920673557557,0.6623395895754424,0.17105482922144996,0.2481240883595735,0.07706925913812354,3.2194949209472217,133,74
8,1822,family,0.22343858055503021,0.5544602456367163,0.12034381355998694,0.2100889060688056,0.08974509250881865,2.340951468135381,119,74
8,1822,marriage,0.21318678171441413,0.44674898945085273,-0.05667314434205034,0.06832834374728264,0.12500148808933298,0.5466202426158703,161,74
8,1822,love,0.14229235220799966,0.498230123692479,0.004223389867449828,0.11495138042803614,0.11072799056058631,1.0381420257428116,87,74
8,1822,wealth,0.20614659501387142,0.5336222222222222,0.050152241441752204,0.15200556791091344,0.10185332646916123,1.4923966961004922,125,74
8,1822,emotion,0.17594137558815615,0.468879132231405,-0.055202047597470355,0.06612287400208261,0.12132492159955297,0.5450065256978599,121,74
8,1822,scandal,0.10312911351697843,0.4389404159640247,-0.046902394126573974,0.0694564039887781,0.11635879811535207,0.5969157907537487,72,74
8,1822,duty,0.11493257650328971,0.4597667342799189,-0.07362148241650915,0.047069480718100756,0.1206909631346099,0.3900000422170207,85,74
8,1822,class,0.14575492022061934,0.48972944997679985,-0.012057410921855402,0.10101816124926769,0.11307557217112309,0.8933685614740762,99,74
8,1822,society,0.19673537935155155,0.5356448523315321,-0.043509265124272375,0.07634234591838292,0.11985161104265529,0.6369738817326004,131,74
8,1852,female,0.2511069619235254,0.5110418590335487,0.020715623373064162,0.04605860449204616,0.025342981118981995,1.8174106776937409,152,20
8,1852,male,0.22352999965781922,0.529213070269659,0.04699718036014093,0.06767567405001428,0.02067849368987335,3.272756471612997,133,20
8,1852,family,0.23205845275173004,0.5450026164311879,0.09642796734721144,0.10925026470143359,0.012822297354222148,8.520334669741468,119,20
8,1852,marriage,0.2535783438529434,0.4970053238686779,0.0012979551626052695,0.031061725941292653,0.029763770778687384,1.0436085592518767,161,20
8,1852,love,0.13082706766917293,0.47923875432525953,-0.03459219250379035,1.1493988643939221e-05,0.03460368649243429,0.0003321608131584504,87,20
8,1852,wealth,0.18681399150049036,0.4825481481481481,-0.03703075183632496,7.999872002047968e-06,0.03703875170832701,0.00021598654470942819,125,20
8,1852,emotion,0.18195488721804512,0.47794117647058826,-0.03675814462081645,8.26432620948414e-06,0.03676640894702594,0.00022477926036145745,121,20
8,1852,scandal,0.10827067669172932,0.4797639123102867,-0.033714496898638445,1.3888503097136193e-05,0.03372838540173558,0.0004117749169223425,72,20
8,1852,duty,0.12781954887218044,0.4793103448275862,-0.03447259941794897,1.1764429072257124e-05,0.03448436384702122,0.00034115256190037535,85,20
8,1852,class,0.14887218045112782,0.4787985865724382,-0.03532723015745051,1.0100806044322337e-05,0.03533733096349483,0.00028583952915037973,99,20
8,1852,society,0.19699248120300752,0.47752808988764045,-0.037447282427946676,7.63347124471382e-06,0.03745491589919139,0.0002038042553627737,131,20
8,1864,female,0.22857142857142856,0.47758284600389866,-0.011691231284185227,6.578860804463099e-06,0.01169781014498969,0.0005624010581774146,152,6
8,1864,male,0.19885427855352666,0.4829555090734355,-0.011272514097902083,7.518683929564969e-06,0.011280032781831649,0.0006665480565808727,133,6
8,1864,family,0.1820904119223447,0.5045402776495214,-0.000747683774703559,0.008411623334061612,0.00915930710876517,0.9183689588368078,119,6
8,1864,marriage,0.2394761607576253,0.4892167011732229,-0.011900487679973674,6.211102967664998e-06,0.011906698782941339,0.0005216477783113119,161,6
8,1864,love,0.15656882232626868,0.5265282583621683,0.016077349899779735,0.02299947127652238,0.006922121376742642,3.322604447601103,87,6
8,1864,wealth,0.1906387431028163,0.5032888888888889,-0.0012532049367766137,0.008007871874050014,0.009261076810826628,0.8646804293668918,125,6
8,1864,emotion,0.18901385695644068,0.4941206854642683,-0.0009203903724648022,0.008272590535693625,0.009192980908158427,0.899881182985176,121,6
8,1864,scandal,0.11216467093660076,0.511570170507776,-0.010105807551890875,1.3888503097136193e-05,0.010119696054988012,0.001372422948307633,72,6
8,1864,duty,0.1295631612969074,0.49380324543610543,0.00315380944058476,0.01177619350132938,0.00862238406074462,1.3657700024726838,85,6
8,1864,class,0.15586219336219334,0.5035067994431952,0.013142833279422618,0.020211712894688996,0.007068879615266378,2.8592526668836333,99,6
8,1864,society,0.19591281001485905,0.4831317723075163,-0.011230152155026351,7.63347124471382e-06,0.011237785626271065,0.0006792682738305178,131,6
8,1879,female,0.2333547436452747,0.5195701241407613,-0.009010990758005644,0.006585439665267561,0.015596430423273204,0.42224018484501674,152,9
8,1879,male,0.1994360902255639,0.48313923907513145,-0.007513214531553795,0.007526202613494532,0.015039417145048327,0.5004318013395934,133,9
8,1879,family,0.20677177049309428,0.5249638316865207,0.024461976567139443,0.03362128367590461,0.00915930710876517,3.670723480825244,119,9
8,1879,marriage,0.24123995760151368,0.4974982746721877,-0.009657622933585575,0.006217314070632662,0.015874937004218236,0.3916433853305355,161,9
8,1879,love,0.13082706766917293,0.4801038062283737,-0.01556111648675234,1.1493988643939221e-05,0.015572610475396279,0.0007380900370789401,87,9
8,1879,wealth,0.1881444754076333,0.49839259259259255,-0.006808739916276688,0.008007871874050014,0.014816611790326702,0.5404657952054622,125,9
8,1879,emotion,0.18127757410054063,0.4839420272241128,-0.016537630725646943,8.26432620948414e-06,0.016545895051856427,0.0004994789452660898,121,9
8,1879,scandal,0.10827067669172932,0.4806070826306914,-0.015164812411908209,1.3888503097136193e-05,0.015178700915005346,0.000914999457067588,72,9
8,1879,duty,0.12815689743389613,0.49368154158215005,-0.002018586516670558,0.01177619350132938,0.013794780017999938,0.8536702640498578,85,9
8,1879,class,0.1483785220627326,0.4856515686904379,-0.015892669855543443,1.0100806044322337e-05,0.015902770661587767,0.0006351601402443095,99,9
8,1879,society,0.1980332510665978,0.48334619893072583,-0.007341985235015432,0.007641104715958534,0.014983089950973966,0.5099819022945828,131,9
8,1893,female,0.22600015901692472,0.48235995690981837,-0.010229370510109576,0.01316430046973066,0.023393670979840235,0.5627291450115895,152,14
8,1893,male,0.20306281841785362,0.4920642772344395,0.0018850767827511203,0.02256357047262447,0.02067849368987335,1.091161223343029,133,14
8,1893,family,0.17826585179526355,0.4808230984701573,-0.00516492951985531,0.01681484344800928,0.02197977296786459,0.7650144281211785,119,14
8,1893,marriage,0.24534508996221382,0.508706743566992,-0.011382996408474377,0.012428417038297659,0.023811413446772036,0.5219520909818376,161,14
8,1893,love,0.13082706766917293,0.45761245674740486,-0.024211605585405978,1.1493988643939221e-05,0.024223099574049917,0.000474505279901428,87,14
8,1893,wealth,0.18865098245407838,0.48409629629629636,-0.006216247886895489,0.016007743876097984,0.022223991762993472,0.7202911180894679,125,14
8,1893,emotion,0.17856277379628485,0.474682486631016,-0.015626218659860806,0.008272590535693625,0.02389880919555443,0.34615074197447093,121,14
8,1893,scandal,0.10695053606237817,0.48193039160577106,-0.008021649128128467,0.013902391600233327,0.021924040728361793,0.6341163005419223,72,14
8,1893,duty,0.12997782973616567,0.5102941176470589,0.002849314612579472,0.023540622573586505,0.020691307961007033,1.1377058722827638,85,14
8,1893,class,0.14777933850545252,0.4866331156083807,-0.024726560901864838,1.0100806044322337e-05,0.024736661707909162,0.00040833343493089163,99,14
8,1893,society,0.19964402376668522,0.48679132001029246,-0.016705246046772693,0.007641104715958534,0.024346350762731228,0.3138501038661405,131,14
8,1919,female,0.2675709088737196,0.5391017749050991,0.03387334498199035,0.05921632610097235,0.025342981118981995,2.336596701888496,152,22
8,1919,male,0.21678767975330926,0.5030668777206174,0.01504266766340433,0.04511962226131938,0.03007695459791505,1.5001393213841856,133,22
8,1919,family,0.2893695204604266,0.5598085388001355,0.10299969233843062,0.11765348481538125,0.014653792476950634,8.028876141955257,119,22
8,1919,marriage,0.24420699958483982,0.5034876269348318,-0.0026702830586716325,0.031061725941292653,0.033732008999964286,0.9208383034762235,161,22
8,1919,love,0.1266218089055607,0.4776876267748479,-0.038052388143251806,1.1493988643939221e-05,0.038063882131895745,0.0003019657481023417,87,22
8,1919,wealth,0.20127969347177727,0.5171703703703704,0.03807929413905893,0.06400697588838579,0.025927681749326855,2.468673308502751,125,22
8,1919,emotion,0.187339195501312,0.494211837627613,0.010078172034377761,0.041329895373630195,0.031251723339252434,1.3224837210944143,121,22
8,1919,scandal,0.10545376810227282,0.49234120292299044,-0.021512328754841367,0.013902391600233327,0.035414720355074696,0.39255968875238195,72,22
8,1919,duty,0.1281443200762086,0.48079107505070995,-0.010943741273434716,0.023540622573586505,0.03448436384702122,0.6826462763626511,85,22
8,1919,class,0.150442734653261,0.48085091194631824,-0.015125618068805836,0.020211712894688996,0.03533733096349483,0.5719648978299099,99,22
8,1919,society,0.18995091374411033,0.48704863195814385,-0.041192586752649585,7.63347124471382e-06,0.0412002202238943,0.00018527743791285533,131,22
8,1954,female,0.2095649784718303,0.4475351390171335,-0.0684651936623906,0.03290088288311996,0.10136607654551055,0.3245748874183149,152,57
8,1954,male,0.18759505814556482,0.48113234213352923,-0.06954331091523419,0.03008225440218944,0.09962556531742363,0.3019531613802182,133,57
8,1954,family,0.16922069397088754,0.45812171022255055,-0.063449789323828,0.03362128367590461,0.09707107299973261,0.3463573919250987,119,57
8,1954,marriage,0.26152575625478147,0.5116336389628315,0.03442343508692744,0.11180606452093762,0.07738262943401018,1.4448470585357656,161,57
8,1954,love,0.13931689291669683,0.5195879568866086,0.020410966339202266,0.10345739178409692,0.08304642544489466,1.245777783072676,87,57
8,1954,wealth,0.1830458639275394,0.45348148148148143,-0.046438714612204605,0.048007231884289854,0.09444594649649446,0.5083037829004491,125,57
8,1954,emotion,0.17302670793660802,0.4461594555177443,-0.02395216248675383,0.06612287400208261,0.09007503648883644,0.7340865635901633,121,57
8,1954,scandal,0.11852051230565566,0.529276747236275,0.02848981423161684,0.11112191328018665,0.08263209904856982,1.344779021207318,72,57
8,1954,duty,0.20940964069282628,0.5675456389452332,0.10406293297936889,0.17647820051292912,0.07241526753356023,2.437030291004653,85,57
8,1954,class,0.1697752586457782,0.4740157761359174,0.01797781863563734,0.10101816124926769,0.08304034261363034,1.216494995909012,99,57
8,1954,society,0.18513922536389116,0.46427652457329105,-0.04019254858549349,0.05344193218424146,0.09363448076973495,0.5707505583877227,131,57
8,1973,female,0.22482966267222504,0.4658484661947266,-0.0238760034474699,0.17105695977684504,0.19493296322431494,0.8775168496214125,152,126
8,1973,male,0.18229547408310795,0.4171801684662784,-0.1428518147791698,0.07519435797957924,0.21804617275874905,0.34485520671087877,133,126
8,1973,family,0.1737676223739577,0.47769877181641895,-0.015832793768599085,0.17647602561301493,0.192308819381614,0.9176699549171561,119,126
8,1973,marriage,0.24285914831521738,0.5014172335600907,-0.012333340685787675,0.1801281971652526,0.19246153785104028,0.9359178939104744,161,126
8,1973,love,0.2321870559391102,0.6953028675973432,0.2713086377605406,0.42528907381439507,0.1539804360538545,2.761968239022837,87,126
8,1973,wealth,0.2437076346086714,0.5758814814814815,0.10163205672530404,0.2720036479416329,0.17037159121632886,1.5965317104696197,125,126
8,1973,emotion,0.2538549649968761,0.6203816237238697,0.14218415615130622,0.3057883340771227,0.16360417792581647,1.869074115050461,121,126
8,1973,scandal,0.1325698041126221,0.5940603335207045,0.14575527320834766,0.31944945973722955,0.17369418652888188,1.839148828865797,72,126
8,1973,duty,0.18469925199911855,0.6017849898580122,0.10649487548457662,0.2823580621632433,0.17586318667866666,1.6055552472022252,85,126
8,1973,class,0.18849720086269403,0.5790056037405861,0.10968663876096124,0.2828326700470698,0.17314603128610856,1.6334920757038909,99,126
8,1973,society,0.19304637086643323,0.4975412413871973,-0.03631982008882986,0.16031052961023495,0.19663034969906482,0.8152888394633319,131,126
8,1980,female,0.22299472455767455,0.4849376731301939,-0.045316953014661224,0.01316430046973066,0.058481253484391885,0.225102912218169,152,32
8,1980,male,0.44496821839996553,0.6514076544745322,0.24060352473782692,0.24060540443000852,1.87969218160834e-06,128002.48826999361,133,32
8,1980,family,0.23599074645374993,0.5513667005263643,0.06421531063779343,0.10084704458748592,0.0366317339496925,2.7529967520300653,119,32
8,1980,marriage,0.23768622416416188,0.4755126688356502,-0.03890191832166302,0.018639520005962657,0.057541438327625684,0.32393211826771245,161,32
8,1980,love,0.13021870245100736,0.48076999562502487,-0.042129279876889136,0.011505482632583159,0.05363476250947229,0.21451540184104834,87,32
8,1980,wealth,0.18376403277951264,0.48214814814814816,-0.03954945776389595,0.016007743876097984,0.05555720163999393,0.2881308525857495,125,32
8,1980,emotion,0.1783208372508068,0.4831824258629072,-0.03861177756109317,0.016536916745177765,0.05514869430627094,0.299860530750544,121,32
8,1980,scandal,0.10797948396632608,0.485396758478546,-0.02280084023775718,0.027790894697369516,0.0505917349351267,0.5493168940036589,72,32
8,1980,duty,0.12515095168142465,0.4937931034482758,-0.02818506113095245,0.023540622573586505,0.051725683704538956,0.4551051022853024,85,32
8,1980,class,0.1470380113123335,0.47202591283863365,-0.04466098441503524,0.010110906850366658,0.0547718912654019,0.1846002870557964,99,32
8,1980,society,0.19456278259261386,0.4669282671469823,-0.05041298496909884,0.007641104715958534,0.05805408968505737,0.13162043806525606,131,32
8,1982,female,0.20662595760903174,0.43646763106596903,-0.08308526336651512,0.05921632610097235,0.14230158946748747,0.4161325697214769,152,82
8,1982,male,0.17653614667326076,0.40331561987675957,-0.07894211101074947,0.06015699012044931,0.13909910113119878,0.43247576462249415,133,82
8,1982,family,0.17418145813223546,0.4820004925046942,-0.006890015025278695,0.11765348481538125,0.12454349984065995,0.9446778432030704,119,82
8,1982,marriage,0.2364408289534228,0.47583924874297545,-0.03976520891394415,0.09317275561794262,0.13293796453188678,0.700873944815765,161,82
8,1982,love,0.12121787809679557,0.453754524122022,-0.06251373854507579,0.06897542585227927,0.13148916439735506,0.5245711779208946,87,82
8,1982,wealth,0.20726699879715288,0.561037037037037,-0.01392110347965464,0.11200620790067359,0.12592731138032823,0.8894512768679759,125,82
8,1982,emotion,0.18477755366142956,0.5107559552746718,-0.04970276639404908,0.08265152642105089,0.13235429281509997,0.6244718222769795,121,82
8,1982,scandal,0.12818915471430314,0.5641863406408094,0.0019062784486143375,0.12501041637732285,0.12310413792870852,1.015485088313626,72,82
8,1982,duty,0.14255732504853896,0.5574543610547666,0.06095963333557454,0.17647820051292912,0.11551856717735458,1.5277042022210687,85,82
8,1982,class,0.13916998018966686,0.48386693793054214,-0.026191636595969625,0.10101816124926769,0.1272097978452373,0.7941067666137767,99,82
8,1982,society,0.20545799801302478,0.5288403808216828,0.036570751647568775,0.15267705836552115,0.11610630671795237,1.3149764442606218,131,82
8,1989,female,0.2361214631104235,0.492068072227352,-0.0004828198144007888,0.01316430046973066,0.013647120284131448,0.9646211211366824,152,9
8,1989,male,0.20635477582846004,0.4873508960370852,0.01128353769079282,0.02256357047262447,0.011280032781831649,2.0003107177991986,133,9
8,1989,family,0.17900687156924636,0.4997845291962939,-0.006242169142889022,0.008411623334061612,0.014653792476950634,0.5740236424610536,119,9
8,1989,marriage,0.24913401634143706,0.5066794833875579,-0.001462400855282129,0.012428417038297659,0.013890817893579788,0.8947217602749828,161,9
8,1989,love,0.1292215165173423,0.4857216720359544,-0.0023370300230823923,0.011505482632583159,0.013842512655665551,0.8311701002522076,87,9
8,1989,wealth,0.1870355557802815,0.49802962962962966,-0.006808739916276688,0.008007871874050014,0.014816611790326702,0.5404657952054622,125,9
8,1989,emotion,0.1800902048509704,0.47932365094798246,-0.006435075980238302,0.008272590535693625,0.014707666515931927,0.5624679160470465,121,9
8,1989,scandal,0.10864577354596058,0.5053283679970021,0.0004100256385670929,0.013902391600233327,0.013492365961666234,1.0303894542070415,72,9
8,1989,duty,0.12729618163054696,0.4732860040567951,-0.015507147574679454,1.1764429072257124e-05,0.015518912003751712,0.0007580704799830678,85,9
8,1989,class,0.14844487928079259,0.48356355070135987,-0.004025085601956831,0.010110906850366658,0.01413599245232349,0.7152597798670655,99,9
8,1989,society,0.29714228074014903,0.582539954827458,0.04018863180031093,0.04580846093952764,0.005619829139216707,8.151219511588426,131,9
8,2022,female,0.2281641604010025,0.4712732122704421,-0.009010990758005644,0.006585439665267561,0.015596430423273204,0.42224018484501674,152,9
8,2022,male,0.20601503759398496,0.472977556673639,-0.007513214531553795,0.007526202613494532,0.015039417145048327,0.5004318013395934,133,9
8,2022,family,0.1863877129799288,0.4894881029334811,0.0039925460937871304,0.01681484344800928,0.012822297354222148,1.311375253761455,119,9
8,2022,marriage,0.24157986099894865,0.49080646751454204,-0.001462400855282129,0.012428417038297659,0.013890817893579788,0.8947217602749828,161,9
8,2022,love,0.15509450219069093,0.5178976255816727,0.024111142904257504,0.0344934599204616,0.010382317016204097,3.3223277485462974,87,9
8,2022,wealth,0.23264047373335298,0.528637037037037,0.04244984505979661,0.048007231884289854,0.005557386824493243,8.63845425768594,125,9
8,2022,emotion,0.21332074594551664,0.5298371414681575,0.013770033510578978,0.024801242954661906,0.011031209444082929,2.248279581502902,121,9
8,2022,scandal,0.11638938987434555,0.5253653738055089,0.0004100256385670929,0.013902391600233327,0.013492365961666234,1.0303894542070415,72,9
8,2022,duty,0.18790107903071407,0.5389655172413793,0.06542421877337393,0.070598338862615,0.005174120089241072,13.644511072669303,85,9
8,2022,class,0.18529011666876383,0.5413320483991861,0.0197100829052164,0.030312518939011334,0.010602436033794935,2.8590145547242263,99,9
8,2022,society,0.1974910383139145,0.5102781828058438,-0.016848108642080705,7.63347124471382e-06,0.01685574211332542,0.00045287067118962733,131,9
8,2023,female,0.23543233082706766,0.4969349543449266,0.007314420742166244,0.01316430046973066,0.0058498797275644155,2.2503540381267344,152,5
8,2023,male,0.20325814536340853,0.4981909661371474,5.554194879563504e-06,0.007526202613494532,0.007520648418614969,1.0007385259314978,133,5
8,2023,family,0.17894736842105263,0.489010989010989,-0.009150903888651222,8.403220113947665e-06,0.00915930710876517,0.0009174515073294785,119,5
8,2023,marriage,0.2445230453321333,0.5044488810016761,-0.0017211464910317767,0.006217314070632662,0.007938460561664439,0.7831888842370092,161,5
8,2023,love,0.13028116267680698,0.49612218112397094,-0.008640725207829431,1.1493988643939221e-05,0.00865221919647337,0.0013284439958820863,87,5
8,2023,wealth,0.18796992481203006,0.4888888888888889,-0.00925307693882458,7.999872002047968e-06,0.009261076810826628,0.0008638166127541378,125,5
8,2023,emotion,0.1830033385492281,0.5040258872143898,0.0009178381634596978,0.008272590535693625,0.007354752372233927,1.1247952501840819,121,5
8,2023,scandal,0.10827067669172932,0.48988195615514335,-0.008419472598551763,1.3888503097136193e-05,0.0084333611016489,0.0016468526519958745,72,5
8,2023,duty,0.13023735810113518,0.4964705882352941,0.004877941426336534,0.01177619350132938,0.006898252074992846,1.7071271637510383,85,5
8,2023,class,0.15418132874273224,0.5071385230395831,0.0030420272351002805,0.010110906850366658,0.007068879615266378,1.430340789380568,99,5
8,2023,society,0.1963368982252068,0.49348143065443,-0.009357499992674899,7.63347124471382e-06,0.009365133463919612,0.0008150947632842244,131,5
8,2054,female,0.2258823669021037,0.49689648096850314,-0.021437781979894016,6.578860804463099e-06,0.02144436084069848,0.0003067874511638756,152,11
8,2054,male,0.19806132979507593,0.4819873932952683,-0.020670975005943785,7.518683929564969e-06,0.02067849368987335,0.0003635992080449947,133,11
8,2054,family,0.17849423980118362,0.5037476529073168,-0.02013987462502215,8.403220113947665e-06,0.0201482778451361,0.00041706890177510526,119,11
8,2054,marriage,0.24002298261321778,0.4875961254066844,-0.013625861154862473,0.006217314070632662,0.019843175225495134,0.31332254035287355,161,11
8,2054,love,0.13168615984405457,0.4948096885813149,0.0074268608011261,0.02299947127652238,0.015572610475396279,1.476918164194959,87,11
8,2054,wealth,0.19474726762091008,0.5169925925925927,-0.0006607129073954096,0.016007743876097984,0.016668456783493393,0.960361482953235,125,11
8,2054,emotion,0.19547403444750114,0.4941282814778804,0.020196131184138627,0.033065569164146054,0.012869437980007429,2.5693094922205497,121,11
8,2054,scandal,0.1073456209969368,0.4831248828930111,-0.018537482318586433,1.3888503097136193e-05,0.01855137082168357,0.0007486510420110904,72,11
8,2054,duty,0.1370047668190083,0.5090263691683571,0.008021710569834794,0.023540622573586505,0.015518912003751712,1.5168990304461187,85,11
8,2054,class,0.15010107495525005,0.509521005104044,-0.019426226274072003,1.0100806044322337e-05,0.019436327080116327,0.0005196869759480399,99,11
8,2054,society,0.1964075264497121,0.4965548789204334,-0.011087289559718334,0.007641104715958534,0.01872839427567687,0.407995720459296,131,11
8,2088,female,0.24861206045416576,0.5128757566430696,0.023152382877272025,0.03290088288311996,0.009748500005847932,3.374968750064974,152,10
8,2088,male,0.20824463756794584,0.5073774662219458,5.469398011173632e-06,0.0150448865430595,0.015039417145048327,1.0003636708097168,133,10
8,2088,family,0.19113123014474578,0.5206082432973188,0.022630481444410953,0.03362128367590461,0.010990802231493658,3.059038181626567,119,10
8,2088,marriage,0.2462376477904428,0.5067287784679089,-0.0034465199659205765,0.012428417038297659,0.015874937004218236,0.7828955185278736,161,10
8,2088,love,0.15561240830270404,0.5336873085948375,0.022381045084526777,0.0344934599204616,0.012112414835934825,2.847777291715558,87,10
8,2088,wealth,0.20184922913343967,0.5190962962962964,0.020894566076200598,0.03200748788019392,0.01111292180399332,2.880204544030188,125,10
8,2088,emotion,0.18780151268189546,0.5052108653378707,0.011931804974654478,0.024801242954661906,0.012869437980007429,1.9271426608732487,121,10
8,2088,scandal,0.12845562345530095,0.543212478920742,-0.001276309314772019,0.013902391600233327,0.015178700915005346,0.9159144565246554,72,10
8,2088,duty,0.22164784137330124,0.5820486815415822,0.06370008678762215,0.070598338862615,0.006898252074992846,10.234235873796186,85,10
8,2088,class,0.1514316093263462,0.4985187564692865,0.006075720442365507,0.020211712894688996,0.01413599245232349,1.4298050144994987,99,10
8,2088,society,0.20253310645270564,0.503287874889213,0.009797609416763657,0.022908047205386174,0.013110437788622517,1.7473136727378311,131,10
8,2102,female,0.24557459663848527,0.5131514825074383,0.026563553790489438,0.04605860449204616,0.01949505070155672,2.362579364105255,152,17
8,2102,male,0.23413278604289217,0.528916275651535,0.05263625690496595,0.06767567405001428,0.015039417145048327,4.4998867571005805,133,17
8,2102,family,0.21885630273095477,0.5499661403022748,0.060983591768692294,0.07563738424564292,0.014653792476950634,5.161625180611332,119,17
8,2102,marriage,0.2418791885823332,0.4899253179532683,-0.009140131662086277,0.018639520005962657,0.027779651668048935,0.6709774560179286,161,17
8,2102,love,0.12992826894823267,0.476315475480253,-0.029401899044598164,1.1493988643939221e-05,0.029413393033242103,0.0003907739794099341,87,17
8,2102,wealth,0.18500196739312783,0.48182222222222226,-0.03147521685682489,7.999872002047968e-06,0.03148321672882694,0.00025409957536101944,125,17
8,2102,emotion,0.18195488721804512,0.4678308823529412,-0.03124345901304295,8.26432620948414e-06,0.031251723339252434,0.0002644438554477932,121,17
8,2102,scandal,0.10827067669172932,0.47048903878583476,-0.028655492038621107,1.3888503097136193e-05,0.028669380541718244,0.00048443680450095195,72,17
8,2102,duty,0.12781954887218044,0.4698275862068966,-0.029300203460693643,1.1764429072257124e-05,0.0293119678897659,0.0004013524140070873,85,17
8,2102,class,0.14887218045112782,0.46908127208480566,-0.030026895529657673,1.0100806044322337e-05,0.030036996335701997,0.0003362788319809539,99,17
8,2102,society,0.19699248120300752,0.46722846441947563,-0.03182932594089232,7.63347124471382e-06,0.03183695941213704,0.00023976759669970193,131,17
8,2111,female,0.23934740697898593,0.509913306658459,0.009994661268345828,0.01974316127419376,0.009748500005847932,2.0252511935502873,152,8
8,2111,male,0.19927703875072297,0.49061563683645204,-0.0056335223499454565,0.007526202613494532,0.013159724963439989,0.5719118472332608,133,8
8,2111,family,0.19653861544617848,0.5031243266537385,0.02629347168986793,0.03362128367590461,0.007327811986036682,4.588174988029521,119,8
8,2111,marriage,0.24354946508229472,0.5037833974169378,-0.007673503822947126,0.006217314070632662,0.013890817893579788,0.4475844487932323,161,8
8,2111,love,0.13246202191302012,0.4983295549457106,-0.0006069322033516664,0.011505482632583159,0.012112414835934825,0.9498917257605043,87,8
8,2111,wealth,0.18669340016708436,0.48667407407407404,-0.014808611918324653,7.999872002047968e-06,0.014816611790326702,0.0005399258693361262,125,8
8,2111,emotion,0.18108382181348687,0.49709072678658234,-0.014699402189722443,8.26432620948414e-06,0.014707666515931927,0.0005619060100370096,121,8
8,2111,scandal,0.10819525666016894,0.4944491287240022,-0.013478477458569097,1.3888503097136193e-05,0.013492365961666234,0.0010293600941129288,72,8
8,2111,duty,0.12781954887218044,0.47844827586206895,-0.01378301558892768,1.1764429072257124e-05,0.013794780017999938,0.0008528174466032547,85,8
8,2111,class,0.15489481278954964,0.49591319555983865,0.00960927686089406,0.020211712894688996,0.010602436033794935,1.9063272655791992,99,8
8,2111,society,0.1958067879622721,0.48118763759041655,-0.014975456479729253,7.63347124471382e-06,0.014983089950973966,0.0005094724298647182,131,8
8,2175,female,0.2361917878893426,0.5097786498409768,-0.005112370479722129,0.006585439665267561,0.01169781014498969,0.562963459235592,152,7
8,2175,male,0.29581745787664654,0.5813075922889932,0.03383967427635612,0.03760093833175441,0.0037612640553982882,9.996888750150745,133,7
8,2175,family,0.173098491750643,0.4585603472158094,-0.0128138941341082,8.403220113947665e-06,0.012822297354222148,0.0006553599469072738,119,7
8,2175,marriage,0.2358698762600947,0.5048062703342207,-0.005689384712308677,0.006217314070632662,0.011906698782941339,0.522169426089623,161,7
8,2175,love,0.14073854737845637,0.47244759972954703,0.014347252080049009,0.02299947127652238,0.00865221919647337,2.658216435760054,87,7
8,2175,wealth,0.20422885041369318,0.5054592592592593,0.016598384060486016,0.02400761587814595,0.007409231817659936,3.2402300893978597,125,7
8,2175,emotion,0.19408390009896262,0.4929205153135635,0.007343935837019339,0.016536916745177765,0.009192980908158427,1.7988633837695678,121,7
8,2175,scandal,0.11559351925559269,0.5400623009181188,-0.011792142505229987,1.3888503097136193e-05,0.011806031008327124,0.0011763905317683692,72,7
8,2175,duty,0.12818067986763396,0.4939756592292089,-0.012058883603175908,1.1764429072257124e-05,0.012070648032248166,0.0009746311084419351,85,7
8,2175,class,0.1772835731824472,0.5164721419138381,0.023243639323744958,0.030312518939011334,0.007068879615266378,4.2881645443866985,99,7
8,2175,society,0.1906865803102613,0.4808302598850673,-0.013102804317377804,7.63347124471382e-06,0.013110437788622517,0.0005822438096427295,131,7
8,2182,female,0.21637664883481555,0.48532881912383297,-0.029235509857583726,0.05263746529650925,0.08187297515409298,0.6429162394159667,152,50
8,2182,male,0.2359094760808895,0.53205381875742,0.04699667157893059,0.11278777762740409,0.0657911060484735,1.7143316840210907,133,50
8,2182,family,0.21105730940969966,0.4998999599839936,0.05171782890203294,0.11765348481538125,0.06593565591334831,1.7843681568621292,119,50
8,2182,marriage,0.24812549412647963,0.5112454402050676,-0.017249507765030994,0.06211724077961764,0.07936674854464863,0.7826607731560307,161,50
8,2182,love,0.14487804729353781,0.5248776995585253,0.0192975646136474,0.09196340314015769,0.07266583852651029,1.265565842267706,87,50
8,2182,wealth,0.20125607524230188,0.559437037037037,0.0059310683208208675,0.08000671989248172,0.07407565157166085,1.0800677171769872,125,50
8,2182,emotion,0.2201437941868921,0.5833434613514827,0.03942821099176087,0.10744450504950331,0.06801629405774244,1.5796877283068171,121,50
8,2182,scandal,0.10891351215303777,0.5332818062581974,-0.03758003134738589,0.04167939779450571,0.0792594291418916,0.5258604338338682,72,50
8,2182,duty,0.1418678881582683,0.5206795131845842,0.008223368415560123,0.08236276793487213,0.074139399519312,1.1109176560339844,85,50
8,2182,class,0.24773632969693998,0.6386033479673057,0.10155077162200701,0.16162299751520173,0.060072225893194726,2.6904779223574717,99,50
8,2182,society,0.28223728719469743,0.6454098407524944,0.010940510179227758,0.08397581716309674,0.07303530698386898,1.1497975517580057,131,50
8,2186,female,0.2273417919799499,0.47491535857186823,-0.00974192114504347,6.578860804463099e-06,0.009748500005847932,0.0006748587782573433,152,5
8,2186,male,0.1988095238095238,0.47638362824354125,-0.009392821916293743,7.518683929564969e-06,0.009400340600223309,0.0007998310112919236,133,5
8,2186,family,0.1794547643618851,0.4880259796226182,0.0010838113480249297,0.008411623334061612,0.007327811986036682,1.1479038148006873,119,5
8,2186,marriage,0.24037990232498244,0.49472542640244505,-0.009916368569335223,6.211102967664998e-06,0.009922579672302888,0.0006259564722242773,161,5
8,2186,love,0.1292455276121338,0.4869546195760251,-0.008640725207829431,1.1493988643939221e-05,0.00865221919647337,0.0013284439958820863,87,5
8,2186,wealth,0.19827923655292073,0.5022222222222222,0.010450357051604742,0.016007743876097984,0.005557386824493243,2.880444420868116,125,5
8,2186,emotion,0.18178837819986143,0.4926318667963052,-0.009184716581948943,8.26432620948414e-06,0.009192980908158427,0.0008989822007843917,121,5
8,2186,scandal,0.10918852572130036,0.5055040284804196,-0.008419472598551763,1.3888503097136193e-05,0.0084333611016489,0.0016468526519958745,72,5
8,2186,duty,0.1378458935061439,0.4944421906693712,0.004877941426336534,0.01177619350132938,0.006898252074992846,1.7071271637510383,85,5
8,2186,class,0.17508290929343567,0.5096370061034372,0.026777195742273514,0.030312518939011334,0.003535323196737821,8.574186076794247,99,5
8,2186,society,0.2743860142974789,0.5623123767046916,0.028666993635586197,0.0305415184501,0.0018745248145138032,16.292938987702136,131,5
8,2232,female,0.2930435533966092,0.5754783523135324,0.10672728855390519,0.2236878462125498,0.11696055765864462,1.9125066662513848,152,94
8,2232,male,0.23423668322052016,0.5743894510712871,0.08646910503341664,0.2105306687117487,0.12406156367833206,1.6969854519641354,133,94
8,2232,family,0.24821846869666325,0.604688029057777,0.1348874872887979,0.2521050066385439,0.11721751934974599,2.1507451107558304,119,94
8,2232,marriage,0.2925291263642322,0.5446366952578132,0.03476802669803583,0.1677059912299226,0.13293796453188678,1.2615357232164839,161,94
8,2232,love,0.1262433319969008,0.4630314600485225,-0.08327491238184452,0.06897542585227927,0.1522503382341238,0.4530395574278389,87,94
8,2232,wealth,0.1894323506287068,0.4948074074074074,-0.036143243397654956,0.11200620790067359,0.14814945129832854,0.7560352530389779,125,94
8,2232,emotion,0.1730296275356232,0.45863970588235287,-0.07176150882514307,0.08265152642105089,0.15441303524619396,0.5352626239665401,121,94
8,2232,scandal,0.10351330495418028,0.4554173693086003,-0.06505425514288092,0.08334490708591429,0.1483991622287952,0.561626533691984,72,94
8,2232,duty,0.12271186101569573,0.4258215010141988,-0.12159268318955352,0.035305051645843626,0.15689773483539715,0.22501951148407245,85,94
8,2232,class,0.13951102743386196,0.44479244744262414,-0.09486331212148741,0.06061493707197835,0.15547824919346576,0.3898612017180853,99,94
8,2232,society,0.18836021782687676,0.49515395831546444,-0.07145618496423614,0.08397581716309674,0.15543200212733288,0.5402736631659796,131,94
8,2252,female,0.2990919922703481,0.5724581922642864,0.0389903450123778,0.05263746529650925,0.013647120284131448,3.857038275969314,152,15
8,2252,male,0.21090862654203713,0.5132568262762169,0.018802136823489402,0.03760093833175441,0.018798801508265007,2.0001774215884325,133,15
8,2252,family,0.17723665436940922,0.46527841905993167,-0.006996424642583796,0.01681484344800928,0.023811268090593075,0.7061716907864312,119,15
8,2252,marriage,0.23431890877616998,0.4606871734200927,-0.02975755967571972,6.211102967664998e-06,0.029763770778687384,0.0002086799758552043,161,15
8,2252,love,0.12966137453166385,0.440957721831126,-0.025941703405136705,1.1493988643939221e-05,0.025953197393780644,0.0004428737033476552,87,15
8,2252,wealth,0.1832880210394208,0.45416296296296293,-0.0277715268704915,7.999872002047968e-06,0.027779526742493548,0.00028797726022894465,125,15
8,2252,emotion,0.19997794957539078,0.5068364122508507,0.022945771785849268,0.041329895373630195,0.018384123587780927,2.248129761206138,121,15
8,2252,scandal,0.10449630912733365,0.4651723814877272,-0.02528282213194288,1.3888503097136193e-05,0.025296710635040017,0.0005490240726139847,72,15
8,2252,duty,0.12863412488261056,0.4950507099391481,0.0011251826268276997,0.023540622573586505,0.022415439946758806,1.050196767426829,85,15
8,2252,class,0.14406080010729624,0.4731769996787665,-0.014625754857542504,0.010110906850366658,0.024736661707909162,0.4087417683658225,99,15
8,2252,society,0.19431850205253176,0.4375303771049547,-0.028084021616189416,7.63347124471382e-06,0.02809165508743413,0.00027173447846640645,131,15
8,2253,female,0.22857142857142856,0.48830409356725146,-0.011691231284185227,6.578860804463099e-06,0.01169781014498969,0.0005624010581774146,152,6
8,2253,male,0.22502848029163822,0.521567075583696,0.01692261423561784,0.02256357047262447,0.005640956237006628,3.99995488718733,133,6
8,2253,family,0.17882100208504453,0.4991842891002555,-0.01098239901137971,8.403220113947665e-06,0.010990802231493658,0.0007645684033058152,119,6
8,2253,marriage,0.2411191021030838,0.49212511091393074,-0.011900487679973674,6.211102967664998e-06,0.011906698782941339,0.0005216477783113119,161,6
8,2253,love,0.13685218794111717,0.5094658553076403,0.016077349899779735,0.02299947127652238,0.006922121376742642,3.322604447601103,87,6
8,2253,wealth,0.1942957393483709,0.4988592592592593,0.008598512058438049,0.016007743876097984,0.007409231817659936,2.160513298528863,125,6
8,2253,emotion,0.18181697356338508,0.4990125182304326,-0.011022945117873445,8.26432620948414e-06,0.011031209444082929,0.0007491768015671116,121,6
8,2253,scandal,0.1305451127819549,0.5134204609331086,0.02104386854905973,0.027790894697369516,0.006747026148309788,4.118984287649824,72,6
8,2253,duty,0.1286687306501548,0.49643002028397565,0.00315380944058476,0.01177619350132938,0.00862238406074462,1.3657700024726838,85,6
8,2253,class,0.14887218045112782,0.48939929328621906,-0.010592335227750613,1.0100806044322337e-05,0.010602436033794935,0.0009526872891450271,99,6
8,2253,society,0.19699248120300752,0.4887640449438202,-0.011230152155026351,7.63347124471382e-06,0.011237785626271065,0.0006792682738305178,131,6
8,2278,female,0.2139160567849264,0.440597106802093,-0.05579443409740783,0.006585439665267561,0.06237987376267539,0.1055699421614147,152,33
8,2278,male,0.1882854215776841,0.43425292554695,-0.04322745077898065,0.0150448865430595,0.05827233732204015,0.25818230800759284,133,33
8,2278,family,0.17671567486107098,0.4799919967987195,-0.019493906378344278,0.03362128367590461,0.05311519005424889,0.6329881083157703,119,33
8,2278,marriage,0.24500600222024038,0.5109065365276545,9.007295921575204e-05,0.04969503484428764,0.04960496188507189,1.0018158054112132,161,33
8,2278,love,0.2039543006747367,0.5774569462673508,0.10160557340374957,0.1379393577159146,0.03633378431216502,3.7964489613027808,87,33
8,2278,wealth,0.19860461138047325,0.5442666666666668,-0.011846151771418657,0.04000735988224189,0.05185351165366055,0.7715458144606888,125,33
8,2278,emotion,0.1876041026563213,0.5046639523578026,0.010062767630025539,0.057858547792598476,0.04779578016257294,1.2105367376489604,121,33
8,2278,scandal,0.1167728273528997,0.5509415401911186,-0.008912337140620986,0.04167939779450571,0.0505917349351267,0.8238380804122841,72,33
8,2278,duty,0.1247457523906591,0.4886815415821501,-0.01642063205869533,0.035305051645843626,0.051725683704538956,0.6825439340120901,85,33
8,2278,class,0.14148091924528142,0.4863118820715993,-0.04642776262429951,0.010110906850366658,0.05653866947466617,0.17883170835348927,99,33
8,2278,society,0.1873475624168638,0.4697372559110273,-0.042779513724385015,0.015274575960672354,0.05805408968505737,0.263109387181396,131,33
8,2312,female,0.22857142857142856,0.4873294346978557,-0.00974192114504347,6.578860804463099e-06,0.009748500005847932,0.0006748587782573433,152,5
8,2312,male,0.19907460960092538,0.4923964045451976,-0.009392821916293743,7.518683929564969e-06,0.009400340600223309,0.0007998310112919236,133,5
8,2312,family,0.18668244625785535,0.5085803552190108,0.011318526584701085,0.01681484344800928,0.005496316863308193,3.0592929525590074,119,5
8,2312,marriage,0.24210526315789474,0.4871031746031746,-0.009916368569335223,6.211102967664998e-06,0.009922579672302888,0.0006259564722242773,161,5
8,2312,love,0.13082706766917293,0.48875432525951557,-0.008640725207829431,1.1493988643939221e-05,0.00865221919647337,0.0013284439958820863,87,5
8,2312,wealth,0.19029573934837093,0.4978888888888889,0.0005986400563900785,0.008007871874050014,0.007409231817659936,1.0807965076598656,125,5
8,2312,emotion,0.18558172290229705,0.5081809066601846,0.0009178381634596978,0.008272590535693625,0.007354752372233927,1.1247952501840819,121,5
8,2312,scandal,0.10977253740411635,0.5045203297732809,-0.008419472598551763,1.3888503097136193e-05,0.0084333611016489,0.0016468526519958745,72,5
8,2312,duty,0.13853752027126637,0.5023022312373225,0.004877941426336534,0.01177619350132938,0.006898252074992846,1.7071271637510383,85,5
8,2312,class,0.1483785220627326,0.49439625941392723,-0.008825557018486335,1.0100806044322337e-05,0.008835657824530658,0.0011431866470808807,99,5
8,2312,society,0.19701543936176322,0.49260942905337785,0.00014862341439037408,0.007641104715958534,0.00749248130156816,1.0198363409114455,131,5
8,2318,female,0.2752102754051212,0.5585180055401663,0.09040285169597867,0.11184721253667715,0.02144436084069848,5.21569345723705,152,28
8,2318,male,0.2765739885912097,0.575004239923116,0.07895152346314074,0.10526909369783911,0.026317570234698367,3.999954887744434,133,28
8,2318,family,0.2704801290905699,0.5533675008464923,0.11248015207541202,0.1344599250432766,0.02197977296786459,6.1174392125772,119,28
8,2318,marriage,0.2417981672510423,0.48848343685300216,-0.006379775644198886,0.03727282890895765,0.04365260455315654,0.8538512029154189,161,28
8,2318,love,0.129671618963815,0.46748598019329435,-0.04843297506163617,1.1493988643939221e-05,0.04844446905028011,0.0002372611129615735,87,28
8,2318,wealth,0.1846800593501492,0.4724592592592593,-0.04199379478644384,0.008007871874050014,0.050001666660493854,0.1601520990942659,125,28
8,2318,emotion,0.17881092857169412,0.4732620320855615,-0.041361418162803816,0.008272590535693625,0.04963400869849744,0.1666718194329,121,28
8,2318,scandal,0.10767550097865133,0.4854670226719131,-0.016055500424400734,0.027790894697369516,0.04384639512177025,0.6338239351160978,72,28
8,2318,duty,0.12542463073422827,0.48089249492900615,-0.03477709424595426,0.01177619350132938,0.046553287747283636,0.2529615859787165,85,28
8,2318,class,0.14887218045112782,0.46024734982332155,-0.04946145583156474,1.0100806044322337e-05,0.04947155663760906,0.00020417400887764607,99,28
8,2318,society,0.19568445482467178,0.4623895702890471,-0.052428499726758296,7.63347124471382e-06,0.05243613319800301,0.00014557654767836616,131,28
8,2320,female,0.23355272216430584,0.5057325330871036,0.02436881334488525,0.236845567821476,0.21247675447659076,1.1146893146207923,152,145
8,2320,male,0.19498483393106428,0.5138645485895189,3.1798825646245366e-06,0.21804935264131367,0.21804617275874905,1.0000145835238674,133,145
8,2320,family,0.19435711056800797,0.5216855973158493,0.0210118055562927,0.23529856641064859,0.21428676085435588,1.0980546136934504,119,145
8,2320,marriage,0.33290506966594113,0.6197254264024451,0.13845850401306106,0.32298356542154755,0.18452506140848648,1.7503506729896303,161,145
8,2320,love,0.11488331706404956,0.4061766694507418,-0.09216538240609193,0.1379393577159146,0.23010474012200652,0.5994633471791007,87,145
8,2320,wealth,0.26266528700585956,0.6246222222222222,0.1452607378168542,0.33600262395801667,0.19074188614116247,1.7615565765538745,125,145
8,2320,emotion,0.15928030133014048,0.42414620807000486,-0.0947932809394321,0.1405018098874399,0.235295090826872,0.5971302222799996,121,145
8,2320,scandal,0.10954429898274774,0.48063050402848045,-0.026458633359373207,0.1944529318630038,0.220911565222377,0.8802297501553652,72,145
8,2320,duty,0.1595341645631762,0.5470791075050709,0.01978212352325731,0.23530034587421475,0.21551822235095744,1.0917886353477415,85,145
8,2320,class,0.14930476995719533,0.48984545097619303,-0.03069040549733959,0.19192541564816876,0.22261582114550835,0.8621373569035709,99,145
8,2320,society,0.17650414659042474,0.43751608199674075,-0.090912457987638,0.1450435871208073,0.2359560451084453,0.614705959550774,131,145
8,2327,female,0.22614870509607352,0.4711449676823638,-0.03703226309302808,6.578860804463099e-06,0.037038841953832544,0.00017762058577548858,152,19
8,2327,male,0.2,0.4642857142857143,-0.03570851245881051,7.518683929564969e-06,0.03571603114274007,0.00021051286183803108,133,19
8,2327,family,0.21505444282976346,0.5024163511558469,0.036851171049883016,0.058830944017747605,0.02197977296786459,2.676594708284043,119,19
8,2327,marriage,0.23798619429217663,0.47811298432416444,-0.037694036118273516,6.211102967664998e-06,0.037700247221241184,0.0001647496614823462,161,19
8,2327,love,0.132351398685337,0.5002982937596946,-0.006413921756719725,0.02299947127652238,0.029413393033242103,0.781938732799278,87,19
8,2327,wealth,0.1911803985488196,0.4898074074074074,-0.005623755857514293,0.02400761587814595,0.029631371735660245,0.8102093987246455,125,19
8,2327,emotion,0.18717413898164378,0.5104824987846378,0.015592857642151264,0.041329895373630195,0.02573703773147893,1.6058528492373392,121,19
8,2327,scandal,0.1221204051796157,0.4992270938729623,-0.0008784858443487281,0.027790894697369516,0.028669380541718244,0.9693580458064046,72,19
8,2327,duty,0.13397760765223063,0.5202636916835701,-0.005771345316179396,0.023540622573586505,0.0293119678897659,0.8031061804281816,85,19
8,2327,class,0.1482144475075887,0.5015704750687083,0.002042300812573613,0.030312518939011334,0.02827021812643772,1.0722421313612525,99,19
8,2327,society,0.19456838223883813,0.47851445235440426,-0.026068506858529957,0.007641104715958534,0.03370961157448849,0.22667436255820475,131,19
8,2334,female,0.281099103765746,0.521968297937827,0.045081756451774785,0.07237404770989854,0.02729229125812375,2.651812814935575,152,25
8,2334,male,0.1935283171720056,0.47327435129176326,-0.01879153721494062,0.02256357047262447,0.04135510768756509,0.5456054096762374,133,25
8,2334,family,0.17484720895668007,0.4645858343337335,-0.02531137586986868,0.01681484344800928,0.04212621931787796,0.39915386948750153,119,25
8,2334,marriage,0.23690990943359078,0.496857438627625,-0.04140352870380078,0.006217314070632662,0.04762084277443344,0.13055867364531482,161,25
8,2334,love,0.1667224717301901,0.5514855029232788,0.022877750715905754,0.05748143720834004,0.03460368649243429,1.6611362266054106,87,25
8,2334,wealth,0.1851953873258101,0.4826666666666667,-0.016734825816514445,0.02400761587814595,0.040742441694660396,0.5892532425395378,125,25
8,2334,emotion,0.1826903796326452,0.4950929752066116,-0.00553906831880438,0.033065569164146054,0.038604637482950434,0.8565180589480421,121,25
8,2334,scandal,0.10569296958740083,0.4771172943601274,-0.0109964955643834,0.027790894697369516,0.038787390261752916,0.7164930279946365,72,25
8,2334,duty,0.1388570021251395,0.5189452332657201,0.01086098488532776,0.047069480718100756,0.036208495832773,1.2999568094236413,85,25
8,2334,class,0.14305338196237544,0.48115429917550057,-0.03229353695018529,0.010110906850366658,0.042404443800551944,0.23843979413300578,99,25
8,2334,society,0.19210866868907456,0.4610315350087201,-0.018292173018508127,0.022908047205386174,0.0412002202238943,0.5560175911764789,131,25
8,2343,female,0.22954260651629071,0.48175079511644603,-0.00633075023182606,0.01316430046973066,0.01949505070155672,0.6752637205505806,152,12
8,2343,male,0.19817905569785269,0.4886652722030641,-0.013152291076378816,0.007526202613494532,0.02067849368987335,0.36396280725303964,133,12
8,2343,family,0.1766773409320451,0.4857943177270908,-0.02197136974775064,8.403220113947665e-06,0.02197977296786459,0.00038231605603257295,119,12
8,2343,marriage,0.23853054439563243,0.4963398402839396,-0.015609980265500926,0.006217314070632662,0.021827294336133587,0.28484126225647144,161,12
8,2343,love,0.12911820704842572,0.4980710336873086,-0.020751409945944523,1.1493988643939221e-05,0.02076290393458846,0.0005535829034125644,87,12
8,2343,wealth,0.2055936090225564,0.5052296296296296,0.01719087608986722,0.03200748788019392,0.014816611790326702,2.160243403213841,125,12
8,2343,emotion,0.1834064641317795,0.5008355614973262,0.00825534790280548,0.024801242954661906,0.016545895051856427,1.4989363147435355,121,12
8,2343,scandal,0.11477304372041214,0.5120385984635563,0.010925858829025057,0.027790894697369516,0.01686503586834446,1.6478408295522793,72,12
8,2343,duty,0.12768532191715337,0.5055375253549695,-0.020679543531934776,1.1764429072257124e-05,0.020691307961007033,0.0005685686518154742,85,12
8,2343,class,0.16348768190873456,0.5018560159902917,0.0025421640238369493,0.020211712894688996,0.017669548870852047,1.1438726048567471,99,12
8,2343,society,0.19493916087929747,0.4793292735226006,-0.02246606512913506,7.63347124471382e-06,0.022473698600379774,0.00033966243741673935,131,12
8,2349,female,0.22515150273303544,0.47699292089873807,-0.020950819935950583,0.03947974368758306,0.06043056362353364,0.6533075536557638,152,37
8,2349,male,0.19401148178881547,0.48425575216236083,-0.031949467283067384,0.03008225440218944,0.06203172168525682,0.48494953202071434,133,37
8,2349,family,0.1775353516048401,0.47774494413149876,-0.016585171632582073,0.04202450378985228,0.05860967542243435,0.7170233154549992,119,37
8,2349,marriage,0.2320023827473643,0.4673296854973873,-0.05701773595315871,0.012428417038297659,0.06944615299145637,0.17896480226410386,161,37
8,2349,love,0.13269205969593523,0.5144771904705087,-0.011107509584532917,0.045987448564400825,0.05709495814893374,0.8054555087620148,87,37
8,2349,wealth,0.207022543485234,0.5419259259259259,0.020153336236773206,0.07200684789043375,0.05185351165366055,1.3886590433834551,125,37
8,2349,emotion,0.18867217391879362,0.5063958434613515,-0.007392701259081105,0.049594221583114335,0.05698692284219544,0.8702737243696633,121,37
8,2349,scandal,0.1072525724730281,0.5146149522203485,-0.015657676953977434,0.04167939779450571,0.057337074748483145,0.7269188038736041,72,37
8,2349,duty,0.1360385650021131,0.504949290060852,0.017148523172324272,0.070598338862615,0.05344981569029073,1.320834093617249,85,37
8,2349,class,0.2814262663170995,0.650480065674412,0.13638647259602923,0.17172380355952407,0.03533733096349483,4.859557835085607,99,37
8,2349,society,0.19201126972357757,0.4988278011264546,-0.03125787555966027,0.0305415184501,0.06179939400976026,0.4942041736652342,131,37
8,2373,female,0.3199629842939974,0.6107776751821073,0.14205835208042855,0.2434244286259391,0.10136607654551055,2.401438794114191,152,89
8,2373,male,0.2820660287459107,0.6068177963706259,0.06767243760793841,0.18797461692305378,0.12030217931511537,1.5625204629844405,133,89
8,2373,family,0.20448127253266718,0.534967833287161,0.06216724100903115,0.1848792457269626,0.12271200471793145,1.5066109151294818,119,89
8,2373,marriage,0.25526793135718717,0.5393128265799073,0.011907733938014281,0.1428615793592626,0.13095384542124833,1.0909307695289048,161,89
8,2373,love,0.15002646506316047,0.47675297299447167,-0.008503990964841168,0.12644536907197534,0.1349493600368165,0.9369838362815642,87,89
8,2373,wealth,0.18658926520885066,0.44925925925925925,-0.017032301436606834,0.12000607990272155,0.13703838133932839,0.8757114519960074,125,89
8,2373,emotion,0.2671794100771208,0.5599173553719009,0.15968583825346955,0.264466703029702,0.10478086477623244,2.523998094422745,121,89
8,2373,scandal,0.10098024870984917,0.47224564362001126,-0.009898066224759444,0.12501041637732285,0.1349084826020823,0.9266312537597743,72,89
8,2373,duty,0.115478894325883,0.40190669371196763,-0.11297202326079464,0.035305051645843626,0.14827707490663827,0.23810188910076036,85,89
8,2373,class,0.153284105166929,0.4673947960167042,-0.002956331300059706,0.1313205793822347,0.13427691068229441,0.9779833235214018,99,89
8,2373,society,0.1799668232093266,0.41530148383223264,-0.08110517096660944,0.0687088746736691,0.14981404564027853,0.4586277233190051,131,89
8,2374,female,0.23035714285714287,0.49843541602544367,-0.003163060340580371,0.006585439665267561,0.009748500005847932,0.6755336370356005,152,6
8,2374,male,0.19999999999999998,0.4990389507603596,-0.0018741379867287765,0.007526202613494532,0.009400340600223309,0.8006308423032154,133,6
8,2374,family,0.19124281291463957,0.5098500938837073,0.01972174669864875,0.02521806356195694,0.005496316863308193,4.58817498782088,119,6
8,2374,marriage,0.2426718971341397,0.4981514344868382,-0.003705265601670226,0.006217314070632662,0.009922579672302888,0.6265824286965015,161,6
8,2374,love,0.13082706766917293,0.49480968858131485,-0.010370823027560159,1.1493988643939221e-05,0.010382317016204097,0.0011070735583293227,87,6
8,2374,wealth,0.18796992481203006,0.49444444444444446,-0.01110492193199127,7.999872002047968e-06,0.01111292180399332,0.0007198711682154931,125,6
8,2374,emotion,0.18195488721804512,0.4944852941176471,-0.011022945117873445,8.26432620948414e-06,0.011031209444082929,0.0007491768015671116,121,6
8,2374,scandal,0.10827067669172932,0.49494097807757165,-0.010105807551890875,1.3888503097136193e-05,0.010119696054988012,0.001372422948307633,72,6
8,2374,duty,0.12781954887218044,0.49482758620689654,-0.010334751617424136,1.1764429072257124e-05,0.010346516046496394,0.0011370425579249773,85,6
8,2374,class,0.14938862307283363,0.5006067744583645,0.0012752490258360009,0.010110906850366658,0.008835657824530658,1.1443298337279613,99,6
8,2374,society,0.19699248120300752,0.4943820224719101,-0.011230152155026351,7.63347124471382e-06,0.011237785626271065,0.0006792682738305178,131,6
8,2392,female,0.3370709816631312,0.652611059813276,0.23538029577389316,0.38158050551966416,0.146200209745771,2.6099860334030183,152,133
8,2392,male,0.3896825378997889,0.6534286844931878,0.21052700828533083,0.368423031232613,0.15789602294728217,2.3333268587346723,133,133
8,2392,family,0.47791664661470457,0.7127158555729984,0.37050063460267146,0.5042016100569738,0.13370097545430237,3.771113922991038,119,133
8,2392,marriage,0.23563485049650376,0.4835970620132111,-0.02622217446025682,0.1801281971652526,0.20635037162550943,0.8729240259924586,161,133
8,2392,love,0.11985812396628767,0.42634132760609317,-0.11107646796033306,0.10345739178409692,0.21453385974442998,0.48224271873382346,87,133
8,2392,wealth,0.20158832254222678,0.5591851851851852,0.0591139907874933,0.24800403193548906,0.18889004114799576,1.3129545127255513,125,133
8,2392,emotion,0.17339513566613987,0.5068212202236266,-0.04242687427211217,0.16529478851589233,0.2077216627880045,0.7957513255793272,121,133
8,2392,scandal,0.0946686914592094,0.4216554243957279,-0.13082131832310628,0.08334490708591429,0.21416622540902056,0.389159901036453,72,133
8,2392,duty,0.11910223461641041,0.45460446247464503,-0.026971097937765892,0.17647820051292912,0.203449298450695,0.8674308629028296,85,133
8,2392,class,0.13476839556077191,0.463236606346147,-0.10442974101486122,0.11111896729359003,0.21554870830845124,0.5155167394186503,99,133
8,2392,society,0.179321530669249,0.469880206993167,-0.10646512566768168,0.11450970214195202,0.2209748278096337,0.5182024725462491,131,133
8,2398,female,0.23104636591478697,0.49401097773673947,-0.0012137502014386136,0.006585439665267561,0.0077991898667061745,0.8443748359731122,152,5
8,2398,male,0.19960317460317462,0.49528661880264574,-0.009392821916293743,7.518683929564969e-06,0.009400340600223309,0.0007998310112919236,133,5
8,2398,family,0.18404131987723316,0.5067796349308955,0.0010838113480249297,0.008411623334061612,0.007327811986036682,1.1479038148006873,119,5
8,2398,marriage,0.2490915934524957,0.5136670610273095,-0.0017211464910317767,0.006217314070632662,0.007938460561664439,0.7831888842370092,161,5
8,2398,love,0.20976867455996312,0.5532255498548304,0.04425562064685037,0.045987448564400825,0.0017318279175504582,26.554282946825552,87,5
8,2398,wealth,0.2029644881434355,0.5205185185185185,0.0005986400563900785,0.008007871874050014,0.007409231817659936,1.0807965076598656,125,5
8,2398,emotion,0.22556563585271722,0.5268671001458435,0.03122550239968563,0.033065569164146054,0.0018400667644604247,17.969765980677515,121,5
8,2398,scandal,0.12806495405179616,0.5108792392729998,0.022730203502398842,0.027790894697369516,0.005060691194970675,5.49152153751184,72,5
8,2398,duty,0.1351378446115288,0.5140060851926979,0.004877941426336534,0.01177619350132938,0.006898252074992846,1.7071271637510383,85,5
8,2398,class,0.14863104731525786,0.49268301388442737,-0.008825557018486335,1.0100806044322337e-05,0.008835657824530658,0.0011431866470808807,99,5
8,2398,society,0.21363336676715544,0.5098350344512107,0.019160870228520917,0.022908047205386174,0.0037471769768652554,6.1134148028516,131,5
8,2400,female,0.22723096811838045,0.4929914332615164,-0.020219889548912753,0.04605860449204616,0.06627849404095891,0.6949253322335273,152,41
8,2400,male,0.20008555648316875,0.4905944372208717,0.01692202065753909,0.07519435797957924,0.05827233732204015,1.2903954334752303,133,41
8,2400,family,0.17556492459550707,0.4867562409579217,-0.03414586736017218,0.03362128367590461,0.06776715103607679,0.4961295135088344,119,41
8,2400,marriage,0.2470051329216858,0.5022737355811889,0.016998008387321954,0.07453944671494764,0.057541438327625684,1.2954046488939746,161,41
8,2400,love,0.1802314501525158,0.5661516127749274,0.1274370502369136,0.17242132364773224,0.044984273410818655,3.832924499396988,87,41
8,2400,wealth,0.2104073141557467,0.5349111111111111,0.07185625823539439,0.12000607990272155,0.04814982166732716,2.492347338882488,125,41
8,2400,emotion,0.22228676465833463,0.5890404715605251,0.04586971306967273,0.09918017884001917,0.05331046577034644,1.8604260421473753,121,41
8,2400,scandal,0.1078991352648225,0.49346543001686344,-0.00682817871685857,0.05556790089164191,0.06239607960850048,0.8905671836982062,72,41
8,2400,duty,0.12341364230174431,0.5003853955375254,-0.04370224900271841,0.023540622573586505,0.06724287157630492,0.3500835407738845,85,41
8,2400,class,0.17702494740670216,0.5314987329121605,0.06998143849103902,0.12121977333791237,0.05123833484687334,2.3658023567279067,99,41
8,2400,society,0.23123655439052887,0.5188909855047603,-0.0007239905808049882,0.061075403428955274,0.06179939400976026,0.9882848271670928,131,41
8,2459,female,0.27684500478734786,0.5730865907458705,0.06091971858688057,0.09211063012328784,0.03119091153640727,2.953124021810633,152,30
8,2459,male,0.2526466291919398,0.548165526598451,0.06579376298875075,0.09775040976827415,0.03195664677952339,3.0588443912660472,133,30
8,2459,family,0.29741836057721854,0.5990088343029518,0.11905187706663119,0.14286314515722426,0.023811268090593075,5.999812551254431,119,30
8,2459,marriage,0.24155844129925297,0.49473158828748887,0.0060424302911311,0.04969503484428764,0.04365260455315654,1.138420842280664,161,30
8,2459,love,0.12956786684245464,0.4586564849063358,-0.05189317070109763,1.1493988643939221e-05,0.051904664689741566,0.00022144423266045004,87,30
8,2459,wealth,0.18358835526722986,0.4829185185185185,-0.025994050782347903,0.02400761587814595,0.050001666660493854,0.4801363130688232,125,30
8,2459,emotion,0.18061641707574724,0.4541656538648517,-0.05514042998006145,8.26432620948414e-06,0.05514869430627094,0.00014985533770641877,121,30
8,2459,scandal,0.10605165511180549,0.46807663481356565,-0.05057784643202956,1.3888503097136193e-05,0.0505917349351267,0.0002745211864086252,72,30
8,2459,duty,0.12781954887218044,0.4525862068965517,-0.0517139192754667,1.1764429072257124e-05,0.051725683704538956,0.0002274388317267878,85,30
8,2459,class,0.14667687737863175,0.4629599885783631,-0.052995012250093294,1.0100806044322337e-05,0.053005113056137615,0.00019056286199095604,99,30
8,2459,society,0.19477659373199752,0.4579938245132516,-0.03716155723733066,0.015274575960672354,0.05243613319800301,0.29129867190441067,131,30
8,2465,female,0.2454170382255531,0.49747358161485583,-0.005844275509005292,0.10526835173221405,0.11111262724121934,0.9474022381158794,152,73
8,2465,male,0.1971481534740427,0.45046356492735595,-0.04322812915392778,0.07519435797957924,0.11842248713350702,0.6349668867718656,133,73
8,2465,family,0.17174606991512947,0.4799612152553328,-0.021110704630750737,0.09244382447353826,0.113554529104289,0.814091918674801,119,73
8,2465,marriage,0.24253577424726014,0.5151828847481021,0.01906797347331915,0.12422827045626762,0.10516029698294847,1.1813229328862551,161,73
8,2465,love,0.12822114904033727,0.4937756035477071,-0.00727059877648939,0.10345739178409692,0.11072799056058631,0.9343382035507496,87,73
8,2465,wealth,0.17733208732606515,0.47325925925925927,-0.026809649526798388,0.08800659189452968,0.11481624142132807,0.7664995021986082,125,73
8,2465,emotion,0.18648700395794499,0.5249756927564414,-0.012953600079911268,0.09918017884001917,0.11213377891993044,0.8844808388198054,121,73
8,2465,scandal,0.11453626951476992,0.5078461682593217,0.0015084549781910345,0.11112191328018665,0.10961345830199562,1.013761585489086,72,73
8,2465,duty,0.1329720935408727,0.4766937119675456,-0.044920228314739574,0.070598338862615,0.11551856717735458,0.6111427849829101,85,73
8,2465,class,0.15142071931551254,0.4341828175750437,-0.057760969726937575,0.06061493707197835,0.11837590679891592,0.5120546799648372,99,73
8,2465,society,0.1833868349699771,0.41984732824427484,-0.0891672299972473,0.03817498969481382,0.1273422196920611,0.29978266270863485,131,73
8,2493,female,0.3053485364900437,0.5841284497794194,0.11013797214599988,0.28947645425718077,0.1793384821111809,1.6141346288194058,152,136
8,2493,male,0.2916847690576065,0.6232969642150489,0.1672944272958126,0.33834829551435314,0.17105386821854054,1.9780218888712713,133,136
8,2493,family,0.33020321483483916,0.6691137993659001,0.29336314257775287,0.4453790692593402,0.15201592668158728,2.9298184669117058,119,136
8,2493,marriage,0.272464304090479,0.5305999211278715,0.02519202275595192,0.22360591793890755,0.19841389518295563,1.1269670288544842,161,136
8,2493,love,0.12118168438678528,0.3608956767291095,-0.16916310727420503,0.05748143720834004,0.22664454448254506,0.2536193286245782,87,136
8,2493,wealth,0.16969466180037038,0.4128148148148148,-0.13362416710108535,0.09600646389657766,0.229630630997663,0.4180908421452565,125,136
8,2493,emotion,0.1652169210992892,0.37332887700534756,-0.15906966207938072,0.07438720021156675,0.23345686229094748,0.31863359886394116,121,136
8,2493,scandal,0.09588088144445919,0.4046514896008994,-0.16702999928407422,0.05556790089164191,0.22259790017571612,0.24963353583986028,72,136
8,2493,duty,0.11468031022563578,0.3981338742393509,-0.12656342130108353,0.09412719700712924,0.22069061830821277,0.42651200004907447,85,136
8,2493,class,0.13120102678171075,0.40980476139486743,-0.1572004126570005,0.07071574311630069,0.22791615577330118,0.31027086638969315,99,136
8,2493,society,0.17376621402874134,0.4115418703719587,-0.15010757578299713,0.08397581716309674,0.23408339294609387,0.3587431645869746,131,136
8,2514,female,0.28051836237869776,0.5268351800554018,0.06140716795194667,0.07895290851436164,0.017545740562414962,4.499833348669718,152,21
8,2514,male,0.1973390523460764,0.45108542031771154,-0.011272768488507261,0.02256357047262447,0.03383633896113173,0.6668443207723126,133,21
8,2514,family,0.17638138110859417,0.4679564133345646,-0.007750680142278577,0.02521806356195694,0.03296874370423552,0.7649082351279358,119,21
8,2514,marriage,0.2647036679941991,0.5369651483781919,0.01570428020857372,0.04348393187662265,0.027779651668048935,1.565315951210103,161,21
8,2514,love,0.12763118745848562,0.4897685240424771,-0.023098203859851132,0.011505482632583159,0.03460368649243429,0.3324929739716088,87,21
8,2514,wealth,0.18340167083043907,0.4826666666666667,-0.00932744584384768,0.02400761587814595,0.03333506172199363,0.7201911332171359,125,21
8,2514,emotion,0.188013200277659,0.48103275401069523,-0.008288708920515031,0.024801242954661906,0.03308995187517694,0.7495097922012248,121,21
8,2514,scandal,0.10740347803043154,0.4960534944725501,-0.004251155751026952,0.027790894697369516,0.03204205044839647,0.8673257268993837,72,21
8,2514,duty,0.12944649128914876,0.47109533468559833,-0.00921960928768294,0.023540622573586505,0.032760231861269445,0.7185731368616676,85,21
8,2514,class,0.15103114288656444,0.5200057108184316,-0.01335883985954156,0.020211712894688996,0.033570552754230557,0.6020667291973575,99,21
8,2514,society,0.19281454734496423,0.5098850673299598,-0.020307687776167586,0.015274575960672354,0.03558226373683994,0.4292749914173846,131,21
8,2549,female,0.22857142857142856,0.49122807017543857,-0.00974192114504347,6.578860804463099e-06,0.009748500005847932,0.0006748587782573433,152,5
8,2549,male,0.2,0.49154135338345867,-0.009392821916293743,7.518683929564969e-06,0.009400340600223309,0.0007998310112919236,133,5
8,2549,family,0.17894736842105263,0.49175824175824173,-0.009150903888651222,8.403220113947665e-06,0.00915930710876517,0.0009174515073294785,119,5
8,2549,marriage,0.2426718971341397,0.49519372966577935,-0.0017211464910317767,0.006217314070632662,0.007938460561664439,0.7831888842370092,161,5
8,2549,love,0.13082706766917293,0.4922145328719723,-0.008640725207829431,1.1493988643939221e-05,0.00865221919647337,0.0013284439958820863,87,5
8,2549,wealth,0.18796992481203006,0.49166666666666664,-0.00925307693882458,7.999872002047968e-06,0.009261076810826628,0.0008638166127541378,125,5
8,2549,emotion,0.18802170716046315,0.5118421852211958,0.0009178381634596978,0.008272590535693625,0.007354752372233927,1.1247952501840819,121,5
8,2549,scandal,0.10831012716977631,0.5001053962900506,-0.008419472598551763,1.3888503097136193e-05,0.0084333611016489,0.0016468526519958745,72,5
8,2549,duty,0.14834144183989384,0.5058722109533469,0.01836650248434543,0.023540622573586505,0.005174120089241072,4.549686161708261,85,5
8,2549,class,0.1498936735778841,0.49800121354891674,0.0030420272351002805,0.010110906850366658,0.007068879615266378,1.430340789380568,99,5
8,2549,society,0.19739711875107618,0.49634045229722384,0.00014862341439037408,0.007641104715958534,0.00749248130156816,1.0198363409114455,131,5
8,2566,female,0.2359484641040165,0.5135939263363085,-0.00974192114504347,6.578860804463099e-06,0.009748500005847932,0.0006748587782573433,152,5
8,2566,male,0.21278195488721804,0.4992156142235288,0.009403930306052872,0.0150448865430595,0.005640956237006628,2.667080882793018,133,5
8,2566,family,0.17748870446011222,0.4908501862283375,-0.009150903888651222,8.403220113947665e-06,0.00915930710876517,0.0009174515073294785,119,5
8,2566,marriage,0.23991302366588407,0.49533545302178844,-0.009916368569335223,6.211102967664998e-06,0.009922579672302888,0.0006259564722242773,161,5
8,2566,love,0.12996187787476354,0.4883068846199738,-0.008640725207829431,1.1493988643939221e-05,0.00865221919647337,0.0013284439958820863,87,5
8,2566,wealth,0.1869166885745833,0.49522962962962963,-0.00925307693882458,7.999872002047968e-06,0.009261076810826628,0.0008638166127541378,125,5
8,2566,emotion,0.18100209200687672,0.4856891103548857,-0.009184716581948943,8.26432620948414e-06,0.009192980908158427,0.0008989822007843917,121,5
8,2566,scandal,0.10742829295460876,0.4898468240584598,-0.008419472598551763,1.3888503097136193e-05,0.0084333611016489,0.0016468526519958745,72,5
8,2566,duty,0.12781954887218044,0.4818965517241379,-0.008610619631672362,1.1764429072257124e-05,0.00862238406074462,0.0013644055968758083,85,5
8,2566,class,0.1764069264069264,0.505719741585466,0.026777195742273514,0.030312518939011334,0.003535323196737821,8.574186076794247,99,5
8,2566,society,0.19958292678260536,0.49004345712897046,0.009654746821455647,0.015274575960672354,0.005619829139216707,2.7179787106629627,131,5
8,2581,female,0.23335261229998075,0.5044116138298964,0.009994661268345828,0.01974316127419376,0.009748500005847932,2.0252511935502873,152,8
8,2581,male,0.21954887218045113,0.5114053931822036,0.02256160598357447,0.03008225440218944,0.007520648418614969,3.999954887364559,133,8
8,2581,family,0.18753223777549297,0.5034783144026841,0.00582404121651562,0.01681484344800928,0.010990802231493658,1.5299013750149362,119,8
8,2581,marriage,0.24824980511479366,0.5034568175096126,0.0005217182553563203,0.012428417038297659,0.011906698782941339,1.0438172044009348,161,8
8,2581,love,0.13082706766917293,0.48875432525951557,-0.013831018667021612,1.1493988643939221e-05,0.013842512655665551,0.000830339760491716,87,8
8,2581,wealth,0.19650480046269522,0.5027703703703704,0.004894822072104664,0.016007743876097984,0.01111292180399332,1.4404622075992017,125,8
8,2581,emotion,0.18195488721804512,0.4880514705882353,-0.014699402189722443,8.26432620948414e-06,0.014707666515931927,0.0005619060100370096,121,8
8,2581,scandal,0.10827067669172932,0.48903878583473864,-0.013478477458569097,1.3888503097136193e-05,0.013492365961666234,0.0010293600941129288,72,8
8,2581,duty,0.12781954887218044,0.48879310344827587,-0.01378301558892768,1.1764429072257124e-05,0.013794780017999938,0.0008528174466032547,85,8
8,2581,class,0.14887218045112782,0.48851590106007065,-0.014125891646279167,1.0100806044322337e-05,0.01413599245232349,0.0007145452346324331,99,8
8,2581,society,0.1963368982252068,0.49255224862052194,-0.014975456479729253,7.63347124471382e-06,0.014983089950973966,0.0005094724298647182,131,8
8,2582,female,0.23148496240601502,0.5007566430696624,0.007314420742166244,0.01316430046973066,0.0058498797275644155,2.2503540381267344,152,5
8,2582,male,0.20075187969924813,0.5018373000169597,5.554194879563504e-06,0.007526202613494532,0.007520648418614969,1.0007385259314978,133,5
8,2582,family,0.17849402919062363,0.497737556561086,-0.009150903888651222,8.403220113947665e-06,0.00915930710876517,0.0009174515073294785,119,5
8,2582,marriage,0.24737931785986708,0.5002834467120182,-0.0017211464910317767,0.006217314070632662,0.007938460561664439,0.7831888842370092,161,5
8,2582,love,0.134935038746291,0.5062840552042318,0.0045833612558405165,0.011505482632583159,0.006922121376742642,1.6621324597944547,87,5
8,2582,wealth,0.18796992481203006,0.4925925925925926,-0.00925307693882458,7.999872002047968e-06,0.009261076810826628,0.0008638166127541378,125,5
8,2582,emotion,0.18148418567078856,0.49764523578026254,-0.009184716581948943,8.26432620948414e-06,0.009192980908158427,0.0008989822007843917,121,5
8,2582,scandal,0.10827067669172932,0.49325463743676223,-0.008419472598551763,1.3888503097136193e-05,0.0084333611016489,0.0016468526519958745,72,5
8,2582,duty,0.1282765737874097,0.49981744421906693,-0.008610619631672362,1.1764429072257124e-05,0.00862238406074462,0.0013644055968758083,85,5
8,2582,class,0.14887218045112782,0.4929328621908127,-0.008825557018486335,1.0100806044322337e-05,0.008835657824530658,0.0011431866470808807,99,5
8,2582,society,0.19699248120300752,0.49250936329588013,-0.009357499992674899,7.63347124471382e-06,0.009365133463919612,0.0008150947632842244,131,5
8,2602,female,0.23364661654135338,0.496511747204268,-0.0012137502014386136,0.006585439665267561,0.0077991898667061745,0.8443748359731122,152,5
8,2602,male,0.20225563909774436,0.4972157838204534,5.554194879563504e-06,0.007526202613494532,0.007520648418614969,1.0007385259314978,133,5
8,2602,family,0.17894736842105263,0.4926739926739927,-0.009150903888651222,8.403220113947665e-06,0.00915930710876517,0.0009174515073294785,119,5
8,2602,marriage,0.24210526315789474,0.4920634920634921,-0.009916368569335223,6.211102967664998e-06,0.009922579672302888,0.0006259564722242773,161,5
8,2602,love,0.13076008987987212,0.4996221612377203,-0.008640725207829431,1.1493988643939221e-05,0.00865221919647337,0.0013284439958820863,87,5
8,2602,wealth,0.1891328320802005,0.49754074074074073,0.0005986400563900785,0.008007871874050014,0.007409231817659936,1.0807965076598656,125,5
8,2602,emotion,0.18898589448828684,0.5127613028682547,0.011020392908868339,0.016536916745177765,0.005516523836309426,2.9977060251847503,121,5
8,2602,scandal,0.1090817321080479,0.5010071201049279,-0.008419472598551763,1.3888503097136193e-05,0.0084333611016489,0.0016468526519958745,72,5
8,2602,duty,0.12781954887218044,0.49310344827586206,-0.008610619631672362,1.1764429072257124e-05,0.00862238406074462,0.0013644055968758083,85,5
8,2602,class,0.14881142249563303,0.49882214369846883,-0.008825557018486335,1.0100806044322337e-05,0.008835657824530658,0.0011431866470808807,99,5
8,2602,society,0.19699248120300752,0.49250936329588013,-0.009357499992674899,7.63347124471382e-06,0.009365133463919612,0.0008150947632842244,131,5
8,2633,female,0.2266415956334687,0.4950497589001744,-0.00974192114504347,6.578860804463099e-06,0.009748500005847932,0.0006748587782573433,152,5
8,2633,male,0.2,0.4830827067669173,-0.009392821916293743,7.518683929564969e-06,0.009400340600223309,0.0007998310112919236,133,5
8,2633,family,0.1790635266208932,0.5037707390648567,-0.009150903888651222,8.403220113947665e-06,0.00915930710876517,0.0009174515073294785,119,5
8,2633,marriage,0.24050163631726235,0.49433106575963714,-0.009916368569335223,6.211102967664998e-06,0.009922579672302888,0.0006259564722242773,161,5
8,2633,love,0.13608734479877857,0.5107584615996499,0.0045833612558405165,0.011505482632583159,0.006922121376742642,1.6621324597944547,87,5
8,2633,wealth,0.18841695146958304,0.49324444444444443,0.0005986400563900785,0.008007871874050014,0.007409231817659936,1.0807965076598656,125,5
8,2633,emotion,0.21542971835682223,0.5288952357802624,0.021122947654276983,0.024801242954661906,0.003678295300384925,6.74259158728336,121,5
8,2633,scandal,0.10873538011695906,0.5002810567734682,-0.008419472598551763,1.3888503097136193e-05,0.0084333611016489,0.0016468526519958745,72,5
8,2633,duty,0.12812753809657834,0.49793103448275855,-0.008610619631672362,1.1764429072257124e-05,0.00862238406074462,0.0013644055968758083,85,5
8,2633,class,0.14887218045112782,0.4840989399293286,-0.008825557018486335,1.0100806044322337e-05,0.008835657824530658,0.0011431866470808807,99,5
8,2633,society,0.19609352579923092,0.49728392943934585,-0.009357499992674899,7.63347124471382e-06,0.009365133463919612,0.0008150947632842244,131,5
8,2652,female,0.22857142857142856,0.4892787524366472,-0.00974192114504347,6.578860804463099e-06,0.009748500005847932,0.0006748587782573433,152,5
8,2652,male,0.19974937343358395,0.4943609022556391,-0.009392821916293743,7.518683929564969e-06,0.009400340600223309,0.0007998310112919236,133,5
8,2652,family,0.17902108211705733,0.5001000400160064,-0.009150903888651222,8.403220113947665e-06,0.00915930710876517,0.0009174515073294785,119,5
8,2652,marriage,0.24122262177182086,0.49313566006112586,-0.009916368569335223,6.211102967664998e-06,0.009922579672302888,0.0006259564722242773,161,5
8,2652,love,0.13060044747885038,0.49703694865370085,-0.008640725207829431,1.1493988643939221e-05,0.00865221919647337,0.0013284439958820863,87,5
8,2652,wealth,0.18991478696741854,0.4996962962962963,0.0005986400563900785,0.008007871874050014,0.007409231817659936,1.0807965076598656,125,5
8,2652,emotion,0.1814830558740955,0.49988605979581907,-0.009184716581948943,8.26432620948414e-06,0.009192980908158427,0.0008989822007843917,121,5
8,2652,scandal,0.10831012716977631,0.4984424770470301,-0.008419472598551763,1.3888503097136193e-05,0.0084333611016489,0.0016468526519958745,72,5
8,2652,duty,0.12762297901616787,0.49720081135902633,-0.008610619631672362,1.1764429072257124e-05,0.00862238406074462,0.0013644055968758083,85,5
8,2652,class,0.17467532467532468,0.5141431987721741,0.026777195742273514,0.030312518939011334,0.003535323196737821,8.574186076794247,99,5
8,2652,society,0.2307180164150836,0.5183763616090574,0.038173117042651465,0.03817498969481382,1.8726521623514522e-06,20385.509961106873,131,5
8,2658,female,0.3152484519125749,0.5951959577305838,0.07212813005666502,0.10526835173221405,0.03314022167554903,3.1764528541673864,152,33
8,2658,male,0.2271909628444059,0.5141330770535361,0.022561181999232502,0.06767567405001428,0.045114492050781774,1.5000872440797317,133,33
8,2658,family,0.20126011932846302,0.5424477483301012,0.011210239331684177,0.058830944017747605,0.04762070468606343,1.2354068341565205,119,33
8,2658,marriage,0.24972711187904933,0.5301562654047126,-0.02449559327569458,0.031061725941292653,0.055557319216987235,0.5590933180094138,161,33
8,2658,love,0.12371901208378734,0.44946903710774366,-0.017411204769279966,0.0344934599204616,0.051904664689741566,0.6645541422140105,87,33
8,2658,wealth,0.19705105956163377,0.5273925925925925,-0.001994434776204,0.048007231884289854,0.050001666660493854,0.960112634030659,125,33
8,2658,emotion,0.16967885233397464,0.4621414681575109,-0.040450006097017675,0.016536916745177765,0.05698692284219544,0.2901879224235454,121,33
8,2658,scandal,0.13692989974195308,0.5782977328086941,0.022237338960329624,0.0694564039887781,0.04721906502844848,1.4709398406228749,72,33
8,2658,duty,0.12661342878057805,0.526369168356998,-0.0029320710006864245,0.047069480718100756,0.05000155171878718,0.9413603998108301,85,33
8,2658,class,0.19417922021244544,0.5646036335082272,0.04851291140439341,0.09091735520494536,0.042404443800551944,2.1440525344567285,99,33
8,2658,society,0.20430181202529324,0.5331074706235526,-0.02376726691025446,0.0305415184501,0.05430878536035446,0.5623679161094443,131,33
8,2682,female,0.24760890070690342,0.5305606853390787,0.009507211903279723,0.03290088288311996,0.023393670979840235,1.4064010265881859,152,17
8,2682,male,0.19559257149225154,0.4667872689241902,-0.022550751984420518,0.007526202613494532,0.03007695459791505,0.25023153819456245,133,17
8,2682,family,0.17590225715970487,0.4951057346015329,-0.010659414888040775,0.01681484344800928,0.027474258336050054,0.6120217420149188,119,17
8,2682,marriage,0.2563858787258469,0.5071724341910677,0.031835978729430954,0.04969503484428764,0.017859056114856685,2.782623814041575,161,17
8,2682,love,0.12924619269664536,0.4871932545837807,-0.002953726117258266,0.02299947127652238,0.025953197393780644,0.886190280398658,87,17
8,2682,wealth,0.20434403149391664,0.5332444444444445,0.007931651124033757,0.03200748788019392,0.024075836756160162,1.329444463469162,125,17
8,2682,emotion,0.207811763217427,0.554402649489548,0.039474424204817546,0.057858547792598476,0.018384123587780927,3.1472018512705806,121,17
8,2682,scandal,0.11037872963406907,0.48878115045905934,0.002494184062329499,0.027790894697369516,0.025296710635040017,1.0985971693005832,72,17
8,2682,duty,0.1252957508286657,0.4943610547667342,-0.029300203460693643,1.1764429072257124e-05,0.0293119678897659,0.0004013524140070873,85,17
8,2682,class,0.18225423337797994,0.5368883178070458,0.02931102573827541,0.05051413102765601,0.021203105289380603,2.382393066291719,99,17
8,2682,society,0.19170486200781356,0.4663064299396746,-0.03182932594089232,7.63347124471382e-06,0.03183695941213704,0.00023976759669970193,131,17
8,2690,female,0.22635404241441395,0.4953575459115626,-0.00974192114504347,6.578860804463099e-06,0.009748500005847932,0.0006748587782573433,152,5
8,2690,male,0.19957035445757249,0.48408615523771836,-0.009392821916293743,7.518683929564969e-06,0.009400340600223309,0.0007998310112919236,133,5
8,2690,family,0.17727450113172202,0.4898728722258134,-0.009150903888651222,8.403220113947665e-06,0.00915930710876517,0.0009174515073294785,119,5
8,2690,marriage,0.23995816758157393,0.48612343488119886,-0.009916368569335223,6.211102967664998e-06,0.009922579672302888,0.0006259564722242773,161,5
8,2690,love,0.1350704347074583,0.48776995585252364,0.0045833612558405165,0.011505482632583159,0.006922121376742642,1.6621324597944547,87,5
8,2690,wealth,0.2047526999316473,0.5141777777777777,0.010450357051604742,0.016007743876097984,0.005557386824493243,2.880444420868116,125,5
8,2690,emotion,0.18452542391467244,0.509829241614001,0.0009178381634596978,0.008272590535693625,0.007354752372233927,1.1247952501840819,121,5
8,2690,scandal,0.11246011440638634,0.5124601836237587,-0.008419472598551763,1.3888503097136193e-05,0.0084333611016489,0.0016468526519958745,72,5
8,2690,duty,0.1283409504152538,0.5010750507099392,-0.008610619631672362,1.1764429072257124e-05,0.00862238406074462,0.0013644055968758083,85,5
8,2690,class,0.15258416047889733,0.49857229539208336,0.0030420272351002805,0.010110906850366658,0.007068879615266378,1.430340789380568,99,5
8,2690,society,0.19773171563047015,0.49841324298824946,0.00014862341439037408,0.007641104715958534,0.00749248130156816,1.0198363409114455,131,5
8,2698,female,0.22488731782026766,0.4590386785677644,-0.021925231344960126,0.01316430046973066,0.03508953181469079,0.37516318367759055,152,20
8,2698,male,0.19695407297593306,0.47945050596415856,-0.01879145241807223,0.0150448865430595,0.03383633896113173,0.4446369496385863,133,20
8,2698,family,0.19719735424382334,0.4981223258534183,0.024784960690478374,0.05042772390379994,0.025642763213321564,1.9665479684200295,119,20
8,2698,marriage,0.2383657669635715,0.5043379670708863,-0.00689726691569818,0.024850622973627657,0.03174788988932584,0.7827488081719755,161,20
8,2698,love,0.14007755387061271,0.49942329873125724,0.0315282398145594,0.05748143720834004,0.025953197393780644,2.2148113904416236,87,20
8,2698,wealth,0.1891724078505897,0.4857481481481482,-0.017327317845895647,0.016007743876097984,0.03333506172199363,0.48020741671692396,125,20
8,2698,emotion,0.18392182057567083,0.5081429265921245,-0.006450480384590528,0.024801242954661906,0.031251723339252434,0.7935960101988275,121,20
8,2698,scandal,0.10565255283196177,0.4776559865092749,-0.01813965884816314,0.013902391600233327,0.03204205044839647,0.4338795865198816,72,20
8,2698,duty,0.12942063018325595,0.4985598377281947,-0.007495477301931171,0.023540622573586505,0.031036099875517677,0.7584916489909111,85,20
8,2698,class,0.1451194437509198,0.4597030374415534,-0.03532723015745051,1.0100806044322337e-05,0.03533733096349483,0.00028583952915037973,99,20
8,2698,society,0.2021631757059083,0.5086628355776652,-0.01843503561381614,0.015274575960672354,0.03370961157448849,0.45312227720176596,131,20
8,2706,female,0.23516604010025063,0.5093810916179337,0.01462421193366717,0.02632202207865686,0.01169781014498969,2.250166633767836,152,10
8,2706,male,0.21035706148488106,0.5037452654191871,5.469398011173632e-06,0.0150448865430595,0.015039417145048327,1.0003636708097168,133,10
8,2706,family,0.17899791495545586,0.4960445716748237,-0.008073664265617512,0.008411623334061612,0.016485287599679124,0.5102503236713377,119,10
8,2706,marriage,0.24085889592591128,0.49947007788622694,-0.011641742044224024,0.006217314070632662,0.017859056114856685,0.34813228819592756,161,10
8,2706,love,0.13123901708293723,0.4885455196277294,-0.00406712784281312,0.011505482632583159,0.015572610475396279,0.738828127116019,87,10
8,2706,wealth,0.18796992481203006,0.48055555555555557,-0.018512301904658038,7.999872002047968e-06,0.018520301776660086,0.000431951492912374,125,10
8,2706,emotion,0.18073558552027452,0.49071007535245503,-0.008273304516162802,0.008272590535693625,0.016545895051856427,0.4999784242113559,121,10
8,2706,scandal,0.10827067669172932,0.4822934232715008,-0.016851147365247322,1.3888503097136193e-05,0.01686503586834446,0.0008235086604459168,72,10
8,2706,duty,0.13891493439481056,0.5156997971602434,0.02323440361359546,0.035305051645843626,0.012070648032248166,2.924867956434247,85,10
8,2706,class,0.1574694311536417,0.48756112360352644,-0.005791863811221109,0.010110906850366658,0.015902770661587767,0.6357953003845538,99,10
8,2706,society,0.2004071696979314,0.4994210481173343,0.00029148600969838845,0.015274575960672354,0.014983089950973966,1.019454332159301,131,10
8,2719,female,0.2493932032149658,0.5346901610752026,0.046786123605576796,0.2105301246036236,0.1637440009980468,1.285727253023756,152,116
8,2719,male,0.19282906430299412,0.5222737294363728,-0.03946950796252663,0.14286251334566397,0.1823320213081906,0.7835294772683072,133,116
8,2719,family,0.17120209113712043,0.4932049742974113,-0.05892613396137114,0.1260567049293289,0.18498283889070005,0.6814508074618207,119,116
8,2719,marriage,0.22050676525217142,0.40491595188800156,-0.09903003659734799,0.09938385858560764,0.19841389518295563,0.5008916260298494,161,116
8,2719,love,0.15269276968098883,0.5529670285964285,0.05057605961178882,0.21839727822348914,0.16782121861170032,1.3013686828690525,87,116
8,2719,wealth,0.17667442986989587,0.45417037037037045,-0.06703211625210753,0.12000607990272155,0.18703819615482908,0.6416126885801424,125,116
8,2719,emotion,0.24536910966409292,0.5943424890617404,0.12015622252891667,0.27273102923918613,0.15257480671026946,1.7875233475163348,121,116
8,2719,scandal,0.09416647968818401,0.4432265317594154,-0.10215362411634137,0.08334490708591429,0.18549853120225565,0.449302248084062,72,116
8,2719,duty,0.12566575951644138,0.3653346855983773,-0.14603502581808364,0.047069480718100756,0.19310450653618438,0.24375133217844924,85,116
8,2719,class,0.14715351913279975,0.4754702502052326,0.008678578317737856,0.18182460960384642,0.17314603128610856,1.050122883280802,99,116
8,2719,society,0.18978024540607016,0.4364725390971209,-0.01759329846531535,0.16031052961023495,0.1779038280755503,0.9011078139434688,131,116
8,2749,female,0.2140889178025128,0.47347901918539037,-0.03142830101869719,0.03290088288311996,0.06432918390181715,0.5114456749960283,152,38
8,2749,male,0.1992927827566917,0.46671660353892247,-0.005634031131155806,0.052638306190884346,0.05827233732204015,0.9033155114248664,133,38
8,2749,family,0.16776428933295098,0.4725120817557793,-0.02865138199198672,0.03362128367590461,0.06227266566789133,0.5399043595575566,119,38
8,2749,marriage,0.27305631478860853,0.5478655230208025,0.031145587797540737,0.08075054968261262,0.04960496188507189,1.6278724267155584,161,38
8,2749,love,0.14024112381583193,0.5533746967346775,-0.026061693867933597,0.0344934599204616,0.0605551537883952,0.5696205485733952,87,38
8,2749,wealth,0.2140038378559254,0.5626666666666666,-0.0014019427468228013,0.056007103886337825,0.057409046633160626,0.9755797591143311,125,38
8,2749,emotion,0.19133428917866485,0.4918418813806515,-0.01933348454041424,0.041329895373630195,0.060663379914044434,0.6812989225379518,121,38
8,2749,scandal,0.1186140248429538,0.550215476859659,0.01380566419363407,0.0694564039887781,0.05565073979514403,1.248076921227032,72,38
8,2749,duty,0.1320253136291793,0.5250101419878297,-0.011552730929445289,0.047069480718100756,0.058622211647546045,0.8029291184081108,85,38
8,2749,class,0.1903466286190806,0.5844308812506693,0.0278114361044854,0.08081654916062302,0.053005113056137615,1.5246934587896392,99,38
8,2749,society,0.19134452328059062,0.5032021042399292,-0.014118280907881177,0.04580846093952764,0.059926741847408815,0.7644076672048199,131,38
8,2769,female,0.22648420003518163,0.4768262029342362,-0.03922554157526423,0.03290088288311996,0.07212642445838419,0.45615574499533235,152,42
8,2769,male,0.19598833642225572,0.47220023743569456,-0.050746304302282386,0.02256357047262447,0.07330987477490686,0.3077835085873034,133,42
8,2769,family,0.1781122534921241,0.47577492535475735,-0.056446792956252975,0.01681484344800928,0.07326163640426225,0.22951771586146957,119,42
8,2769,marriage,0.28729811611290024,0.5377477077787637,0.06418522174650418,0.11180606452093762,0.04762084277443344,2.3478388454438686,161,42
8,2769,love,0.1285725790656791,0.46583542138965117,-0.059430258074196406,0.011505482632583159,0.07093574070677956,0.16219584821113098,87,42
8,2769,wealth,0.18422295948738,0.48400000000000004,-0.038364473705133545,0.03200748788019392,0.07037196158532746,0.45483296413344027,125,42
8,2769,emotion,0.182968879750089,0.4761637092853671,-0.03678895342952088,0.033065569164146054,0.06985452259366694,0.4733490107148832,121,42
8,2769,scandal,0.10624626035810246,0.4774920367247517,-0.024089351720672995,0.04167939779450571,0.0657687495151787,0.6337264749765819,72,42
8,2769,duty,0.12505106296464485,0.4798782961460446,-0.03193781993046129,0.035305051645843626,0.06724287157630492,0.5250378340142065,85,42
8,2769,class,0.1453333900822804,0.48693650283756285,-0.026726013746918166,0.04041332498333367,0.06713933873025184,0.6019321272302341,99,42
8,2769,society,0.19341097139354751,0.48243131200503186,-0.040621136371417524,0.0305415184501,0.07116265482151753,0.4291790198984531,131,42
8,2793,female,0.22857142857142856,0.4922027290448343,-0.00974192114504347,6.578860804463099e-06,0.009748500005847932,0.0006748587782573433,152,5
8,2793,male,0.20039384174722522,0.5018231669399063,-0.009392821916293743,7.518683929564969e-06,0.009400340600223309,0.0007998310112919236,133,5
8,2793,family,0.17894736842105263,0.4926739926739927,-0.009150903888651222,8.403220113947665e-06,0.00915930710876517,0.0009174515073294785,119,5
8,2793,marriage,0.25969271003595945,0.5085403726708074,0.02286451974387857,0.024850622973627657,0.001986103229749088,12.512251422225862,161,5
8,2793,love,0.13082706766917293,0.4930795847750865,-0.008640725207829431,1.1493988643939221e-05,0.00865221919647337,0.0013284439958820863,87,5
8,2793,wealth,0.18846616541353384,0.4975259259259259,0.0005986400563900785,0.008007871874050014,0.007409231817659936,1.0807965076598656,125,5
8,2793,emotion,0.18148418567078856,0.49764523578026254,-0.009184716581948943,8.26432620948414e-06,0.009192980908158427,0.0008989822007843917,121,5
8,2793,scandal,0.10827067669172932,0.49325463743676223,-0.008419472598551763,1.3888503097136193e-05,0.0084333611016489,0.0016468526519958745,72,5
8,2793,duty,0.12799646174259177,0.4997971602434077,-0.008610619631672362,1.1764429072257124e-05,0.00862238406074462,0.0013644055968758083,85,5
8,2793,class,0.14887218045112782,0.4929328621908127,-0.008825557018486335,1.0100806044322337e-05,0.008835657824530658,0.0011431866470808807,99,5
8,2793,society,0.19699248120300752,0.49250936329588013,-0.009357499992674899,7.63347124471382e-06,0.009365133463919612,0.0008150947632842244,131,5
8,2832,female,0.22580951807436211,0.47559505488868364,-0.027773161762385402,0.01316430046973066,0.04093746223211606,0.32157099516250653,152,23
8,2832,male,0.39857803062371805,0.624667872689242,0.16353699326056892,0.16541856513435887,0.001881571873789948,87.9150923494887,133,23
8,2832,family,0.1773813089829233,0.5052174716040261,-0.02164838562441171,0.01681484344800928,0.03846322907242099,0.4371667135879847,119,23
8,2832,marriage,0.237632961451487,0.48220447599329586,-0.02924006840422043,0.012428417038297659,0.04166848544251809,0.2982689892855468,161,23
8,2832,love,0.14643760017896484,0.5265282583621684,0.013113859891697263,0.045987448564400825,0.03287358867270356,1.3989178066581875,87,23
8,2832,wealth,0.1846855124125073,0.48891851851851853,-0.02288285282539572,0.016007743876097984,0.0388905967014937,0.41160962374926874,125,23
8,2832,emotion,0.17870870239291292,0.4847320126397666,-0.03217027548318131,0.008272590535693625,0.04044286601887494,0.2045500566559305,121,23
8,2832,scandal,0.10669941274410899,0.49077196927112615,-0.023198663708180474,0.013902391600233327,0.0371010553084138,0.37471687757371736,72,23
8,2832,duty,0.12836503022261533,0.4943002028397566,0.0008206877988224046,0.035305051645843626,0.03448436384702122,1.0237988382630263,85,23
8,2832,class,0.15636023724373768,0.5251454474069315,0.03057794073627635,0.06061493707197835,0.030036996335701997,2.0180092707177044,99,23
8,2832,society,0.19492797946937337,0.5017297080938903,-0.00504074528673994,0.0305415184501,0.03558226373683994,0.8583354526041759,131,23
8,2843,female,0.22731133389028127,0.46035318559556787,-0.0175391617016105,6.578860804463099e-06,0.017545740562414962,0.0003749548661502973,152,9
8,2843,male,0.19655287952501577,0.4710413251173045,-0.016911590642727105,7.518683929564969e-06,0.01691910932665667,0.00044439005528941293,133,9
8,2843,family,0.18047543697958662,0.49504417151475977,-0.016476884379565175,8.403220113947665e-06,0.016485287599679124,0.0005097405830882495,119,9
8,2843,marriage,0.24652967525069067,0.504639899438036,0.006732821223021318,0.018639520005962657,0.011906698782941339,1.5654649827122467,161,9
8,2843,love,0.12887185409871435,0.48073022312373226,-0.01556111648675234,1.1493988643939221e-05,0.015572610475396279,0.0007380900370789401,87,9
8,2843,wealth,0.18592235382816616,0.4830666666666667,-0.006808739916276688,0.008007871874050014,0.014816611790326702,0.5404657952054622,125,9
8,2843,emotion,0.1909046880483402,0.523836290714633,0.003667478765170337,0.016536916745177765,0.012869437980007429,1.2849758295259481,121,9
8,2843,scandal,0.1160243124139663,0.5307405845980888,0.0004100256385670929,0.013902391600233327,0.013492365961666234,1.0303894542070415,72,9
8,2843,duty,0.13011675404463602,0.5082150101419878,-0.015507147574679454,1.1764429072257124e-05,0.015518912003751712,0.0007580704799830678,85,9
8,2843,class,0.15241892610313665,0.46655601955955317,-0.004025085601956831,0.010110906850366658,0.01413599245232349,0.7152597798670655,99,9
8,2843,society,0.20374623131695427,0.4775638276581754,0.0021641381720498374,0.015274575960672354,0.013110437788622517,1.1650698630951017,131,9
8,2854,female,0.23752282610116515,0.5102980404226941,0.021446066438979325,0.10526835173221405,0.08382228529323472,1.2558516075134303,152,59
8,2854,male,0.2493547533429848,0.5165780993837978,0.030079441944455526,0.11278777762740409,0.08270833568294857,1.3636808998115666,133,59
8,2854,family,0.26674920722273815,0.5558992827900392,0.10687737945420965,0.17647602561301493,0.06959864615880527,2.5356244029202633,119,59
8,2854,marriage,0.24915695062199236,0.4818470866607512,-0.043301801839080487,0.05590613781195264,0.09920793965103313,0.563524834887617,161,59
8,2854,love,0.12894060996325651,0.4613411287435867,-0.07561783454594882,0.02299947127652238,0.0986173058224712,0.23321942416164076,87,59
8,2854,wealth,0.18424162063481606,0.46398518518518517,-0.06984583858896731,0.03200748788019392,0.10185332646916123,0.3142507858059086,125,59
8,2854,emotion,0.17886348101659108,0.459862664073894,-0.07814139328564604,0.024801242954661906,0.10294263624030794,0.24092294369191483,121,59
8,2854,scandal,0.10555331781835542,0.4717772156642309,-0.0527570459274379,0.04167939779450571,0.09443644372194361,0.44134865896458547,72,59
8,2854,duty,0.12661744859887275,0.45484787018255574,-0.08822518580425923,0.01177619350132938,0.10000137930558861,0.11776031073756901,85,59
8,2854,class,0.14643584972532342,0.4580968697576471,-0.08049641181158414,0.020211712894688996,0.10070812470627313,0.2006959513290322,99,59
8,2854,society,0.19252106708604955,0.4618892415015582,-0.0724562231313922,0.0305415184501,0.1029977415814922,0.29652609834788374,131,59
8,2880,female,0.22766575529733424,0.4934787626962142,-0.013640541423326985,6.578860804463099e-06,0.013647120284131448,0.00048206952580543853,152,7
8,2880,male,0.2,0.48966165413533835,-0.013152206279510423,7.518683929564969e-06,0.013159724963439989,0.0005713405067265345,133,7
8,2880,family,0.20886172650878532,0.5156524148120787,0.02812496681259642,0.03362128367590461,0.005496316863308193,6.1170570230827535,119,7
8,2880,marriage,0.24210526315789474,0.48908730158730157,-0.013884606790612123,6.211102967664998e-06,0.013890817893579788,0.0004471373114817506,161,7
8,2880,love,0.13082706766917293,0.49048442906574397,-0.012100920847290886,1.1493988643939221e-05,0.012112414835934825,0.0009489427829775269,87,7
8,2880,wealth,0.18746616541353384,0.49471111111111116,-0.012956766925157964,7.999872002047968e-06,0.012964766797160012,0.0006170471190568061,125,7
8,2880,emotion,0.18341238771860782,0.5049526008750608,-0.002758618908389304,0.008272590535693625,0.011031209444082929,0.7499259783686787,121,7
8,2880,scandal,0.12378167641325535,0.5064174629941915,0.019357533595720615,0.027790894697369516,0.0084333611016489,3.295352156643744,72,7
8,2880,duty,0.13023735810113518,0.4973225152129817,0.0014296774548329862,0.01177619350132938,0.010346516046496394,1.138179600482902,85,7
8,2880,class,0.14881142249563303,0.49619873648142204,-0.000491529183428277,0.010110906850366658,0.010602436033794935,0.953639976434172,99,7
8,2880,society,0.19807438443436837,0.49922091660233864,0.005909442496752742,0.015274575960672354,0.009365133463919612,1.631004621331733,131,7
8,2893,female,0.24196053163789846,0.5228916589719915,0.007314420742166244,0.01316430046973066,0.0058498797275644155,2.2503540381267344,152,5
8,2893,male,0.22816131237183868,0.5190796540222737,0.018802306417226182,0.02256357047262447,0.0037612640553982882,5.9989328412722225,133,5
8,2893,family,0.18654606790647582,0.5172838366115676,0.0010838113480249297,0.008411623334061612,0.007327811986036682,1.1479038148006873,119,5
8,2893,marriage,0.24070870911293576,0.49237158631568567,-0.0017211464910317767,0.006217314070632662,0.007938460561664439,0.7831888842370092,161,5
8,2893,love,0.13082706766917293,0.4826989619377163,-0.008640725207829431,1.1493988643939221e-05,0.00865221919647337,0.0013284439958820863,87,5
8,2893,wealth,0.18865864661654133,0.496325925925926,0.0005986400563900785,0.008007871874050014,0.007409231817659936,1.0807965076598656,125,5
8,2893,emotion,0.18195488721804512,0.48161764705882354,-0.009184716581948943,8.26432620948414e-06,0.009192980908158427,0.0008989822007843917,121,5
8,2893,scandal,0.10873538011695906,0.4986415589282368,-0.008419472598551763,1.3888503097136193e-05,0.0084333611016489,0.0016468526519958745,72,5
8,2893,duty,0.12781954887218044,0.4827586206896552,-0.008610619631672362,1.1764429072257124e-05,0.00862238406074462,0.0013644055968758083,85,5
8,2893,class,0.14792958828046548,0.4881322054466931,-0.008825557018486335,1.0100806044322337e-05,0.008835657824530658,0.0011431866470808807,99,5
8,2893,society,0.19593775638017363,0.4859336135174543,-0.009357499992674899,7.63347124471382e-06,0.009365133463919612,0.0008150947632842244,131,5
8,2895,female,0.23927548303594584,0.5312275571970863,-0.003163060340580371,0.006585439665267561,0.009748500005847932,0.6755336370356005,152,6
8,2895,male,0.1985857771643698,0.4978093730567019,-0.011272514097902083,7.518683929564969e-06,0.011280032781831649,0.0006665480565808727,133,6
8,2895,family,0.1822660298112755,0.5119124572906085,-0.01098239901137971,8.403220113947665e-06,0.010990802231493658,0.0007645684033058152,119,6
8,2895,marriage,0.24701887932206373,0.5122559893522626,-0.011900487679973674,6.211102967664998e-06,0.011906698782941339,0.0005216477783113119,161,6
8,2895,love,0.14908363056702972,0.5218052738336714,0.002853263436109789,0.011505482632583159,0.00865221919647337,1.329772439877968,87,6
8,2895,wealth,0.19406317985791668,0.5147185185185186,-0.0012532049367766137,0.008007871874050014,0.009261076810826628,0.8646804293668918,125,6
8,2895,emotion,0.1907462495457276,0.5068288162372387,0.009182164372943839,0.016536916745177765,0.007354752372233927,2.2484668287895584,121,6
8,2895,scandal,0.1079281076465674,0.4921421210417838,-0.010105807551890875,1.3888503097136193e-05,0.010119696054988012,0.001372422948307633,72,6
8,2895,duty,0.12953122216533489,0.5017038539553753,0.00315380944058476,0.01177619350132938,0.00862238406074462,1.3657700024726838,85,6
8,2895,class,0.1655632093926105,0.4977692115501303,0.025010417533009234,0.030312518939011334,0.005302101406002099,5.7170764216202645,99,6
8,2895,society,0.23715061884138816,0.5187122966520856,0.026794341473234742,0.0305415184501,0.0037471769768652554,8.150540695171362,131,6
8,2910,female,0.2300360275689223,0.501102903457474,-0.0012137502014386136,0.006585439665267561,0.0077991898667061745,0.8443748359731122,152,5
8,2910,male,0.1989291410344042,0.4979789699813444,-0.009392821916293743,7.518683929564969e-06,0.009400340600223309,0.0007998310112919236,133,5
8,2910,family,0.18182220256523662,0.49926124295872193,0.0010838113480249297,0.008411623334061612,0.007327811986036682,1.1479038148006873,119,5
8,2910,marriage,0.2523630976556769,0.5166617371586316,0.0064740755872716715,0.012428417038297659,0.0059543414510259875,2.0872865854995335,161,5
8,2910,love,0.13082706766917293,0.48961937716262977,-0.008640725207829431,1.1493988643939221e-05,0.00865221919647337,0.0013284439958820863,87,5
8,2910,wealth,0.1969624060150376,0.4988592592592593,0.010450357051604742,0.016007743876097984,0.005557386824493243,2.880444420868116,125,5
8,2910,emotion,0.18127757410054063,0.4939687651920272,-0.009184716581948943,8.26432620948414e-06,0.009192980908158427,0.0008989822007843917,121,5
8,2910,scandal,0.10827067669172932,0.48988195615514335,-0.008419472598551763,1.3888503097136193e-05,0.0084333611016489,0.0016468526519958745,72,5
8,2910,duty,0.1282765737874097,0.4964097363083164,-0.008610619631672362,1.1764429072257124e-05,0.00862238406074462,0.0013644055968758083,85,5
8,2910,class,0.1574694311536417,0.49543134525466687,0.0030420272351002805,0.010110906850366658,0.007068879615266378,1.430340789380568,99,5
8,2910,society,0.19699248120300752,0.4887640449438202,-0.009357499992674899,7.63347124471382e-06,0.009365133463919612,0.0008150947632842244,131,5
8,2925,female,0.22574591500843172,0.4963642659279779,-0.001945167909599116,0.05263746529650925,0.054582633206108365,0.964362878880937,152,36
8,2925,male,0.2005804238892733,0.5030951438747244,-0.0018746467679391227,0.052638306190884346,0.05451295295882347,0.9656109847815297,133,36
8,2925,family,0.20914388723190813,0.5230399852248592,0.07735876062023178,0.11765348481538125,0.04029472419514948,2.9198235541372464,119,36
8,2925,marriage,0.24985101960020437,0.45533249531696735,-0.03044795060760993,0.031061725941292653,0.06150967654890258,0.5049892583338881,161,36
8,2925,love,0.12446457002560718,0.49116056158771826,-0.04904967115581204,0.011505482632583159,0.0605551537883952,0.19000005635520445,87,36
8,2925,wealth,0.18524676786554856,0.48952592592592586,-0.027253403746133394,0.03200748788019392,0.05926089162632731,0.5401114799534019,125,36
8,2925,emotion,0.17522877629219788,0.4945080821584832,-0.025759582213973883,0.033065569164146054,0.05882515137811994,0.5620991767797255,121,36
8,2925,scandal,0.1030144921463101,0.46632002997938915,-0.06069585615206423,1.3888503097136193e-05,0.060709744655161366,0.0002287689262373905,72,36
8,2925,duty,0.12638784966932065,0.4667748478701826,0.005384094100067148,0.05883390979035788,0.05344981569029073,1.1007317617363543,85,36
8,2925,class,0.14357433465346045,0.5035781846735911,-0.03986051299850573,0.020211712894688996,0.060072225893194726,0.3364568666106681,99,36
8,2925,society,0.19452745120108983,0.5038167938931298,-0.01987909999024355,0.03817498969481382,0.05805408968505737,0.6575762345298157,131,36
8,2932,female,0.2838502506265665,0.5352672617215554,0.0657932375952963,0.06579518690543544,1.949310139141758e-06,33753.04515748252,152,10
8,2932,male,0.1991114149008886,0.49800723613545145,-0.009392906713162136,0.007526202613494532,0.01691910932665667,0.4448344453447023,133,10
8,2932,family,0.2052247374228799,0.529811924769908,0.04309991191776326,0.05042772390379994,0.007327811986036682,6.881689103515409,119,10
8,2932,marriage,0.24300658478494372,0.5003450655624567,0.004748702112382869,0.018639520005962657,0.013890817893579788,1.3418590717567334,161,10
8,2932,love,0.13082706766917293,0.48961937716262977,-0.017291214306483067,1.1493988643939221e-05,0.017302708295127006,0.0006642884135376661,87,10
8,2932,wealth,0.18796992481203006,0.4888888888888889,-0.018512301904658038,7.999872002047968e-06,0.018520301776660086,0.000431951492912374,125,10
8,2932,emotion,0.18195488721804512,0.4889705882352941,-0.018375859261571443,8.26432620948414e-06,0.018384123587780927,0.0004495360450322211,121,10
8,2932,scandal,0.10827067669172932,0.48988195615514335,-0.016851147365247322,1.3888503097136193e-05,0.01686503586834446,0.0008235086604459168,72,10
8,2932,duty,0.12781954887218044,0.4896551724137931,-0.017231279560431228,1.1764429072257124e-05,0.017243043989503486,0.0006822710119359622,85,10
8,2932,class,0.14887218045112782,0.48939929328621906,-0.017659448064807723,1.0100806044322337e-05,0.017669548870852047,0.0005716504771897786,99,10
8,2932,society,0.19699248120300752,0.4887640449438202,-0.018720760804432156,7.63347124471382e-06,0.01872839427567687,0.000407588132326969,131,10
8,2968,female,0.23085118178586345,0.5085795629424438,-0.005112370479722129,0.006585439665267561,0.01169781014498969,0.562963459235592,152,7
8,2968,male,0.19846184087670157,0.4896121883656509,-0.013152206279510423,7.518683929564969e-06,0.013159724963439989,0.0005713405067265345,133,7
8,2968,family,0.1772470391665438,0.48625604087788965,-0.0128138941341082,8.403220113947665e-06,0.012822297354222148,0.0006553599469072738,119,7
8,2968,marriage,0.2519631806251809,0.5070861678004536,0.010701059444298219,0.018639520005962657,0.007938460561664439,2.348001839755509,161,7
8,2968,love,0.14059473709174788,0.5173606968142226,0.0011231656163790613,0.011505482632583159,0.010382317016204097,1.108180631887652,87,7
8,2968,wealth,0.19616641604010024,0.5054222222222222,-0.003105049929943305,0.008007871874050014,0.01111292180399332,0.7205910393837085,125,7
8,2968,emotion,0.18262105190053404,0.49141650461837627,-0.002758618908389304,0.008272590535693625,0.011031209444082929,0.7499259783686787,121,7
8,2968,scandal,0.10980375618533512,0.4935825370058085,0.003782695545245315,0.013902391600233327,0.010119696054988012,1.3737953712559403,72,7
8,2968,duty,0.13087968701106403,0.5109939148073023,0.0014296774548329862,0.01177619350132938,0.010346516046496394,1.138179600482902,85,7
8,2968,class,0.14737981316928686,0.48868544098226074,-0.012359113437014891,1.0100806044322337e-05,0.012369214243059213,0.0008166085448130736,99,7
8,2968,society,0.1959043601369837,0.49917088372358975,-0.0035966809103125308,0.007641104715958534,0.011237785626271065,0.6799475421043484,131,7
8,2978,female,0.2507391081795577,0.5443469785575048,0.024614243651347678,0.04605860449204616,0.02144436084069848,2.1478189455982934,152,18
8,2978,male,0.20453292061604159,0.5038017977274013,0.003764684167491074,0.03008225440218944,0.026317570234698367,1.1430483183962206,133,18
8,2978,family,0.20293725145560615,0.5242173792593962,0.02844795093593535,0.05042772390379994,0.02197977296786459,2.29427865225147,119,18
8,2978,marriage,0.27177307386924915,0.5370822241940254,0.038047081697095954,0.05590613781195264,0.017859056114856685,3.1304083177338105,161,18
8,2978,love,0.13178301611453458,0.49763353617309,0.008540262526680956,0.0344934599204616,0.025953197393780644,1.3290639837463132,87,18
8,2978,wealth,0.19396746326989295,0.5159851851851852,0.006079806130867064,0.03200748788019392,0.025927681749326855,1.2344909270490572,125,18
8,2978,emotion,0.17841939559642908,0.48186831550802134,-0.03308168754896745,8.26432620948414e-06,0.03308995187517694,0.00024975334628498,121,18
8,2978,scandal,0.10686220760233917,0.4807944538130035,-0.03034182699196022,1.3888503097136193e-05,0.030355715495057358,0.0004575251437884919,72,18
8,2978,duty,0.1282765737874097,0.47170385395537523,-0.017535774388436523,0.01177619350132938,0.0293119678897659,0.40175376642109434,85,18
8,2978,class,0.14809943702865663,0.48179676624906304,-0.008058505231748725,0.020211712894688996,0.02827021812643772,0.7149471858893256,99,18
8,2978,society,0.19554046964151425,0.48090888298024415,-0.005183607882047955,0.022908047205386174,0.02809165508743413,0.8154751698776856,131,18
8,2980,female,0.21750991390766375,0.47468451831332714,-0.044829503649595114,6.578860804463099e-06,0.044836082510399576,0.00014673139212799028,152,23
8,2980,male,0.19265009185863294,0.45374243880377635,-0.03382890507407056,0.007526202613494532,0.04135510768756509,0.18198967513692554,133,23
8,2980,family,0.17551462092055117,0.4811155231323299,-0.011413670387735556,0.02521806356195694,0.0366317339496925,0.6884212359671883,119,23
8,2980,marriage,0.24099516438359106,0.48303016858917486,-0.004654402169310082,0.031061725941292653,0.035716128110602735,0.8696834618868429,161,23
8,2980,love,0.1311535543840444,0.4583979636479339,-0.013334313035642639,0.02299947127652238,0.03633378431216502,0.6330051138710827,87,23
8,2980,wealth,0.2115640269882014,0.49531851851851855,0.016524015155462916,0.048007231884289854,0.03148321672882694,1.5248515517414776,125,23
8,2980,emotion,0.17737777538116845,0.4749027710257656,-0.03217027548318131,0.008272590535693625,0.04044286601887494,0.2045500566559305,121,23
8,2980,scandal,0.13180758995108133,0.5514568109424771,0.02352585044324544,0.05556790089164191,0.03204205044839647,1.7342180076583884,72,23
8,2980,duty,0.1244577936414042,0.489553752535497,-0.026156434317195394,0.01177619350132938,0.03793262781852477,0.310450242397072,85,23
8,2980,class,0.14998918073056988,0.4929507084984116,0.018710356482689733,0.05051413102765601,0.03180377454496628,1.5883061601586783,99,23
8,2980,society,0.21164523667887242,0.5272321811476114,0.032983748341521145,0.061075403428955274,0.02809165508743413,2.174147562209718,131,23
8,3002,female,0.25014175837836716,0.5084577305837694,0.024370275308253274,0.07895290851436164,0.054582633206108365,1.4464840531746186,152,40
8,3002,male,0.2230195671227636,0.5133557578155916,0.01880171283914743,0.07519435797957924,0.05639264514043181,1.3334071808653958,133,40
8,3002,family,0.26404978261682416,0.5405239018684397,0.12120635631269862,0.1596695853851196,0.03846322907242099,4.151226749068115,119,40
8,3002,marriage,0.26039257825566775,0.5024894015577246,0.010786905419656954,0.06832834374728264,0.057541438327625684,1.1874632566021674,161,40
8,3002,love,0.1250777701068331,0.47016068090522206,-0.06919414889840489,1.1493988643939221e-05,0.06920564288704883,0.0001660845584879918,87,40
8,3002,wealth,0.1810352782016257,0.49000740740740745,-0.03466078371880016,0.03200748788019392,0.06666827159899408,0.48010076025724896,125,40
8,3002,emotion,0.1753464171083492,0.44296153378706854,-0.07352271533930646,8.26432620948414e-06,0.07353097966551594,0.0001123924398527699,121,40
8,3002,scandal,0.10362725351743127,0.4579234588720254,-0.06744119596542068,1.3888503097136193e-05,0.06745508446851782,0.00020589260552200846,72,40
8,3002,duty,0.122883138635624,0.4589756592292089,-0.04197811701696663,0.023540622573586505,0.06551873959055314,0.35929602309720604,85,40
8,3002,class,0.14315461781788733,0.4865349609165863,-0.04692762583556284,0.020211712894688996,0.06713933873025184,0.30104128632534327,99,40
8,3002,society,0.1912169816411703,0.5120007433456272,-0.027369708639649347,0.03817498969481382,0.06554469833446316,0.58242681199677,131,40
8,3030,female,0.2326911131811186,0.5110546834923566,-0.022413168031148914,0.07895290851436164,0.10136607654551055,0.7788888670080377,152,64
8,3030,male,0.23617231159342145,0.5660156029170671,0.03947773325876046,0.12782514548653404,0.08834741222777358,1.4468465149328174,133,64
8,3030,family,0.16024429795559858,0.44359282174408227,-0.07627025518292742,0.03362128367590461,0.10989153885883203,0.305949702995687,119,64
8,3030,marriage,0.21903762008144098,0.4635524499654934,-0.06961284154887962,0.04348393187662265,0.11309677342550227,0.3844842833193767,161,64
8,3030,love,0.1576044132684969,0.5424372588792109,0.02152436806475712,0.11495138042803614,0.09342701236327902,1.230386988934549,87,64
8,3030,wealth,0.18197249179032104,0.5031851851851852,-0.04954991256915679,0.056007103886337825,0.10555701645549462,0.5305862723907243,125,64
8,3030,emotion,0.18635040449817508,0.5106192270296549,0.003590456743409229,0.09918017884001917,0.09558972209660994,1.0375611170701269,121,64
8,3030,scandal,0.10280965485627401,0.5106801573917932,-0.061188720694133454,0.04167939779450571,0.10286811848863917,0.40517313241909486,72,64
8,3030,duty,0.14846034387393786,0.528894523326572,0.06501688696308867,0.15294934236841487,0.0879324554053262,1.739395785795504,85,64
8,3030,class,0.15297099767084577,0.5294821001534783,0.005610371170787387,0.10101816124926769,0.0954077900784803,1.058804120346081,99,64
8,3030,society,0.20600558020728385,0.5146953712439603,0.02274787353456853,0.11450970214195202,0.0917618286073835,1.2479012665566065,131,64
8,3036,female,0.22587980393222018,0.5020647378680619,-0.017052199657667064,0.03947974368758306,0.05653194334525012,0.6983616934195104,152,35
8,3036,male,0.19822672405774255,0.4908205664537283,-0.02819008291985071,0.03008225440218944,0.05827233732204015,0.5162355893745023,133,35
8,3036,family,0.18227401590223247,0.5106658047834519,0.007547249086227198,0.058830944017747605,0.05128369493152041,1.147166640296842,119,35
8,3036,marriage,0.2587457488711628,0.5203465444148675,0.012512278894545752,0.06211724077961764,0.04960496188507189,1.2522384539329514,161,35
8,3036,love,0.13091211020487045,0.5094360259316708,0.005576772518598477,0.05748143720834004,0.051904664689741566,1.1074426075349106,87,35
8,3036,wealth,0.1891956274968033,0.498562962962963,0.004153592232677278,0.056007103886337825,0.05185351165366055,1.080102428922072,125,35
8,3036,emotion,0.19145204103060437,0.5200686679630532,0.01648886530358517,0.06612287400208261,0.04963400869849744,1.3322090182643684,121,35
8,3036,scandal,0.11063694241912218,0.5196037099494099,0.018864669053651403,0.0694564039887781,0.0505917349351267,1.3728804532295347,72,35
8,3036,duty,0.12579495554511752,0.470841784989858,-0.04684601814621667,0.01177619350132938,0.058622211647546045,0.20088279118383373,85,35
8,3036,class,0.14666885544003455,0.4973765927829532,-0.014358566282068226,0.04041332498333367,0.0547718912654019,0.7378479006096319,99,35
8,3036,society,0.49735407220340927,0.6870229007633588,0.2671772543840661,0.2671791270362284,1.8726521623514522e-06,142674.11200733887,131,35
8,3041,female,0.2320614183062244,0.50554657843439,0.006096040990062312,0.01974316127419376,0.013647120284131448,1.4466906469421212,152,10
8,3041,male,0.24263600176912872,0.5240191644524845,0.037598973842704414,0.04511962226131938,0.007520648418614969,5.999432461653266,133,10
8,3041,family,0.2484622336236666,0.544325422476683,0.053334627154439415,0.058830944017747605,0.005496316863308193,10.703703128868371,119,10
8,3041,marriage,0.24476233149002027,0.4998459528739032,-0.0034465199659205765,0.012428417038297659,0.015874937004218236,0.7828955185278736,161,10
8,3041,love,0.12978307838561923,0.48474724575428557,-0.017291214306483067,1.1493988643939221e-05,0.017302708295127006,0.0006642884135376661,87,10
8,3041,wealth,0.18746616541353384,0.48185185185185186,-0.008660584909443379,0.008007871874050014,0.016668456783493393,0.4804207118621629,125,10
8,3041,emotion,0.18079548043662877,0.48190629557608167,-0.018375859261571443,8.26432620948414e-06,0.018384123587780927,0.0004495360450322211,121,10
8,3041,scandal,0.1073456209969368,0.48645072137905193,-0.016851147365247322,1.3888503097136193e-05,0.01686503586834446,0.0008235086604459168,72,10
8,3041,duty,0.12781954887218044,0.47844827586206895,-0.017231279560431228,1.1764429072257124e-05,0.017243043989503486,0.0006822710119359622,85,10
8,3041,class,0.14887218045112782,0.47791519434628976,-0.017659448064807723,1.0100806044322337e-05,0.017669548870852047,0.0005716504771897786,99,10
8,3041,society,0.195820616925653,0.4812019326986305,-0.018720760804432156,7.63347124471382e-06,0.01872839427567687,0.000407588132326969,131,10
8,3060,female,0.2278879015721121,0.4961718990458602,-0.005112370479722129,0.006585439665267561,0.01169781014498969,0.562963459235592,152,7
8,3060,male,0.19909147869674187,0.49799310305839783,-0.013152206279510423,7.518683929564969e-06,0.013159724963439989,0.0005713405067265345,133,7
8,3060,family,0.17894736842105263,0.48443223443223443,-0.0128138941341082,8.403220113947665e-06,0.012822297354222148,0.0006553599469072738,119,7
8,3060,marriage,0.24107928684587723,0.4871832791087449,-0.013884606790612123,6.211102967664998e-06,0.013890817893579788,0.0004471373114817506,161,7
8,3060,love,0.1582927625577353,0.5187527343594639,0.04079542500738891,0.045987448564400825,0.005192023557011914,8.857326637787821,87,7
8,3060,wealth,0.18796992481203006,0.4842592592592593,-0.012956766925157964,7.999872002047968e-06,0.012964766797160012,0.0006170471190568061,125,7
8,3060,emotion,0.18871559062946625,0.48954788526981036,-0.002758618908389304,0.008272590535693625,0.011031209444082929,0.7499259783686787,121,7
8,3060,scandal,0.10827067669172932,0.4856661045531197,-0.011792142505229987,1.3888503097136193e-05,0.011806031008327124,0.0011763905317683692,72,7
8,3060,duty,0.1343815420905204,0.5122616632860041,0.0014296774548329862,0.01177619350132938,0.010346516046496394,1.138179600482902,85,7
8,3060,class,0.14887218045112782,0.48498233215547704,-0.012359113437014891,1.0100806044322337e-05,0.012369214243059213,0.0008166085448130736,99,7
8,3060,society,0.19615529618838295,0.493517168424965,-0.0035966809103125308,0.007641104715958534,0.011237785626271065,0.6799475421043484,131,7
8,3163,female,0.26156717900106913,0.5416025443726274,0.036553585508169936,0.06579518690543544,0.029241601397265508,2.250054161169783,152,25
8,3163,male,0.25857835361402076,0.5664254621516196,0.06579384778561916,0.09023172583870918,0.02443787805309003,3.692289716766453,133,25
8,3163,family,0.21279240043696168,0.5573614061009019,0.036096915550188235,0.06723416413169526,0.031137248581507033,2.159284047000465,119,25
8,3163,marriage,0.23569540378214898,0.4826851030267179,-0.025013084547193882,0.018639520005962657,0.04365260455315654,0.4269967438675507,161,25
8,3163,love,0.13349559699556593,0.4833949807103368,-0.0035704222114341447,0.0344934599204616,0.038063882131895745,0.9061992100551274,87,25
8,3163,wealth,0.18739663232556422,0.4730814814814815,-0.016734825816514445,0.02400761587814595,0.040742441694660396,0.5892532425395378,125,25
8,3163,emotion,0.17833411234890137,0.45958920758385996,-0.03584673255503031,0.008272590535693625,0.04411932309072394,0.18750492881531602,121,25
8,3163,scandal,0.10603125553783448,0.4590125538692149,-0.042146171665334006,1.3888503097136193e-05,0.04216006016843114,0.00032942322760739996,72,25
8,3163,duty,0.12472085500626917,0.4695943204868155,-0.02960469828869894,0.01177619350132938,0.04138089179002832,0.28458046677192556,85,25
8,3163,class,0.14435116169452009,0.47008958846414683,-0.04416112120377191,1.0100806044322337e-05,0.04417122200981623,0.00022867390994636618,99,25
8,3163,society,0.19699248120300752,0.43820224719101125,-0.04681054323970394,7.63347124471382e-06,0.04681817671094866,0.00016304503465991769,131,25
8,3167,female,0.2257107228856455,0.4913819636811327,-0.019488471840752256,6.578860804463099e-06,0.01949505070155672,0.00033746312871093485,152,10
8,3167,male,0.20095541476765436,0.5124936401153258,-0.018791282824335443,7.518683929564969e-06,0.018798801508265007,0.00039995549321904266,133,10
8,3167,family,0.17757383655216472,0.4863329947363561,-0.008073664265617512,0.008411623334061612,0.016485287599679124,0.5102503236713377,119,10
8,3167,marriage,0.24256637842604037,0.5065932169969438,-0.0034465199659205765,0.012428417038297659,0.015874937004218236,0.7828955185278736,161,10
8,3167,love,0.1706344640101446,0.556417293083562,0.022381045084526777,0.0344934599204616,0.012112414835934825,2.847777291715558,87,10
8,3167,wealth,0.21484806972091935,0.5348,0.020894566076200598,0.03200748788019392,0.01111292180399332,2.880204544030188,125,10
8,3167,emotion,0.19829818506852,0.5264948954788526,0.022034359720063124,0.033065569164146054,0.011031209444082929,2.997456383070014,121,10
8,3167,scandal,0.1133650097465887,0.49402754356379985,0.014298528735703283,0.027790894697369516,0.013492365961666234,2.0597495483199704,72,10
8,3167,duty,0.126850548831973,0.48415821501014195,-0.017231279560431228,1.1764429072257124e-05,0.017243043989503486,0.0006822710119359622,85,10
8,3167,class,0.16315753226040308,0.5243780561801764,0.006075720442365507,0.020211712894688996,0.01413599245232349,1.4298050144994987,99,10
8,3167,society,0.1957417990328012,0.4898790633845098,-0.009214637397366884,0.007641104715958534,0.01685574211332542,0.45332354186081697,131,10
8,3174,female,0.24677311953974002,0.5203011182928081,0.02120307273813027,0.03290088288311996,0.01169781014498969,2.8125676919452505,152,11
8,3174,male,0.22177807243102057,0.5208462886539659,0.02632090554992276,0.03760093833175441,0.011280032781831649,3.333406830960944,133,11
8,3174,family,0.18364115981320756,0.49968448918028757,0.020798986321682464,0.03362128367590461,0.012822297354222148,2.622095147576003,119,11
8,3174,marriage,0.24075405906069522,0.48535319925071485,-0.013625861154862473,0.006217314070632662,0.019843175225495134,0.31332254035287355,161,11
8,3174,love,0.1313238117783214,0.4997215924909518,-0.0057972256625438475,0.011505482632583159,0.017302708295127006,0.6649527019512036,87,11
8,3174,wealth,0.18796992481203006,0.4787037037037037,-0.02036414689782473,7.999872002047968e-06,0.02037214676982678,0.0003926867448993596,125,11
8,3174,emotion,0.18053074227497892,0.4938472289742343,-0.020214087797495943,8.26432620948414e-06,0.020222352123705427,0.00040867284668570793,121,11
8,3174,scandal,0.10746136173767754,0.4882073262132284,-0.018537482318586433,1.3888503097136193e-05,0.01855137082168357,0.0007486510420110904,72,11
8,3174,duty,0.12681126114016297,0.4934381338742393,-0.018955411546183,1.1764429072257124e-05,0.018967175975255258,0.000620252012581359,85,11
8,3174,class,0.14887218045112782,0.4796819787985866,-0.019426226274072003,1.0100806044322337e-05,0.019436327080116327,0.0005196869759480399,99,11
8,3174,society,0.19699248120300752,0.47846441947565543,-0.02059341296678361,7.63347124471382e-06,0.020601046438028323,0.00037053803394435065,131,11
8,3198,female,0.21807327166005894,0.4694008412844978,-0.05067840870926574,0.10526835173221405,0.1559467604414798,0.6750274993435453,152,96
8,3198,male,0.1789413451011178,0.36594776414721014,-0.13345292988678614,0.03760093833175441,0.17105386821854054,0.21981928104364856,133,96
8,3198,family,0.1629366997379948,0.38972512081755784,-0.09393923816353446,0.06723416413169526,0.16117340229522972,0.4171542151112613,119,96
8,3198,marriage,0.22461561010606398,0.44890564921620824,-0.034761988149668674,0.11801716748860262,0.1527791556382713,0.7724690386904243,161,96
8,3198,love,0.11888482449570217,0.4059579206936324,-0.1264073674123158,0.0344934599204616,0.1609008273327774,0.21437714455567933,87,96
8,3198,wealth,0.18144998924013128,0.4936888888888889,-0.03984693338398834,0.11200620790067359,0.15185314128466193,0.7375955936925309,125,96
8,3198,emotion,0.16533379825608302,0.45761424404472534,-0.06533541115158345,0.09091585263053503,0.15625126378211848,0.5818567506546956,121,96
8,3198,scandal,0.10024022721901031,0.46617950159265503,-0.052852086999083836,0.09723341018305048,0.15008549718213432,0.6478534702417401,72,96
8,3198,duty,0.11819471017139689,0.4662677484787019,-0.04410958081300369,0.10589162607938636,0.15000120689239005,0.7059384939125618,85,96
8,3198,class,0.15179772140376396,0.5060855908912445,-0.0034561945113230352,0.14142138542655705,0.14487757993788009,0.976144034751401,99,96
8,3198,society,0.41372129254934775,0.737456042542242,0.25751282995834546,0.3511473107280804,0.09363448076973495,3.750192320581864,131,96
8,3219,female,0.2284614862691488,0.48997768544167436,0.00024811057263704125,0.01974316127419376,0.01949505070155672,1.0127268492615156,152,13
8,3219,male,0.20752087405104389,0.4898453841370343,0.003764768964359462,0.02256357047262447,0.018798801508265007,1.200266435150347,133,13
8,3219,family,0.18705034262309803,0.49823006125527136,0.006901280839549332,0.02521806356195694,0.01831678272240761,1.3767736366567238,119,13
8,3219,marriage,0.25029931982163106,0.5084232968549739,-0.001203655219532477,0.018639520005962657,0.019843175225495134,0.9393416019969766,161,13
8,3219,love,0.13284564000107932,0.4976733086743826,0.003966665161664645,0.02299947127652238,0.019032806114857734,1.2084119985523156,87,13
8,3219,wealth,0.20804181040837388,0.5022148148148149,0.015339031096700526,0.03200748788019392,0.016668456783493393,1.9202430251353788,125,13
8,3219,emotion,0.17920075983684203,0.4823240763247447,-0.013787990123936306,0.008272590535693625,0.02206058065962993,0.37499423351340766,121,13
8,3219,scandal,0.10706737800468895,0.5031501780026232,-0.021910152225264656,1.3888503097136193e-05,0.021924040728361793,0.0006334828177241981,72,13
8,3219,duty,0.1311639931967652,0.49153144016227185,0.0045734465983312475,0.023540622573586505,0.018967175975255258,1.2411242771752993,85,13
8,3219,class,0.1468519784309258,0.4872309669129457,-0.022959782692600558,1.0100806044322337e-05,0.022969883498644882,0.00043974128316665153,99,13
8,3219,society,0.19460357730922884,0.4706878806072562,-0.024338717291486515,7.63347124471382e-06,0.024346350762731228,0.00031353656729884164,131,13
8,3242,female,0.23528717649880632,0.4957038062993742,0.008776281516241897,0.02632202207865686,0.017545740562414962,1.5001944194673396,152,13
8,3242,male,0.2746776102727074,0.5316015602917068,0.06955340174257262,0.07519435797957924,0.005640956237006628,13.330072917947513,133,13
8,3242,family,0.25790024064227274,0.5897435897435898,0.058074857022930096,0.06723416413169526,0.00915930710876517,7.340529510143157,119,13
8,3242,marriage,0.24345561576213892,0.48933993887410043,-0.001203655219532477,0.018639520005962657,0.019843175225495134,0.9393416019969766,161,13
8,3242,love,0.1284391903039816,0.4327447003142028,-0.02248150776567525,1.1493988643939221e-05,0.02249300175431919,0.0005110028785384814,87,13
8,3242,wealth,0.18888284407138162,0.4861629629629631,-0.014216119888943458,0.008007871874050014,0.022223991762993472,0.3603255418328622,125,13
8,3242,emotion,0.18345497012502732,0.4761029411764707,0.006417119366880979,0.024801242954661906,0.018384123587780927,1.3490576711416955,121,13
8,3242,scandal,0.11312593702251239,0.4762741240397227,-0.0063353141747893565,0.013902391600233327,0.020237705775022683,0.686954922365986,72,13
8,3242,duty,0.12141472734630816,0.45606490872210953,-0.022403675517686548,1.1764429072257124e-05,0.022415439946758806,0.0005248359657305492,85,13
8,3242,class,0.14670962804223206,0.46657386586715205,0.0007753858145726697,0.020211712894688996,0.019436327080116327,1.039893638872028,99,13
8,3242,society,0.18541234900959933,0.47046630642993964,-0.024338717291486515,7.63347124471382e-06,0.024346350762731228,0.00031353656729884164,131,13
8,3268,female,0.22766575529733424,0.4925105160562224,-0.013640541423326985,6.578860804463099e-06,0.013647120284131448,0.00048206952580543853,152,7
8,3268,male,0.19917976760082023,0.4933574537848381,-0.013152206279510423,7.518683929564969e-06,0.013159724963439989,0.0005713405067265345,133,7
8,3268,family,0.17820755096296892,0.49405916212638895,-0.0128138941341082,8.403220113947665e-06,0.012822297354222148,0.0006553599469072738,119,7
8,3268,marriage,0.2421542987904544,0.4922237010746327,-0.005689384712308677,0.006217314070632662,0.011906698782941339,0.522169426089623,161,7
8,3268,love,0.13028116267680698,0.49612218112397094,-0.012100920847290886,1.1493988643939221e-05,0.012112414835934825,0.0009489427829775269,87,7
8,3268,wealth,0.18796992481203006,0.4888888888888889,-0.012956766925157964,7.999872002047968e-06,0.012964766797160012,0.0006170471190568061,125,7
8,3268,emotion,0.19348370927318298,0.5142501215362179,0.027549045327836627,0.033065569164146054,0.005516523836309426,5.993913946408889,121,7
8,3268,scandal,0.10827067669172932,0.48988195615514335,-0.011792142505229987,1.3888503097136193e-05,0.011806031008327124,0.0011763905317683692,72,7
8,3268,duty,0.14834144183989384,0.5033468559837728,0.014918238512841886,0.023540622573586505,0.00862238406074462,2.730175599348492,85,7
8,3268,class,0.15062301836624006,0.5070492915015883,-0.012359113437014891,1.0100806044322337e-05,0.012369214243059213,0.0008166085448130736,99,7
8,3268,society,0.19843788861466644,0.49829888212253765,-0.0035966809103125308,0.007641104715958534,0.011237785626271065,0.6799475421043484,131,7
8,3271,female,0.23929412272197312,0.5344721452754694,-0.006574718574920452,0.04605860449204616,0.05263332306696661,0.8750844865441925,152,34
8,3271,male,0.23039959842769456,0.5359545480241958,0.07707174648466403,0.11278777762740409,0.03571603114274007,3.157903440432304,133,34
8,3271,family,0.20060308937310956,0.53912334164435,0.0503176051556603,0.09244382447353826,0.04212621931787796,2.1944486347986025,119,34
8,3271,marriage,0.23931731567050463,0.49910036478359454,-0.0018940461514226972,0.04969503484428764,0.051589080995710336,0.9632859101998061,161,34
8,3271,love,0.12852665109713607,0.4693751740046932,-0.045589475516350585,0.011505482632583159,0.05709495814893374,0.20151486235210614,87,34
8,3271,wealth,0.1896677077308656,0.46709629629629634,-0.023549713759800014,0.03200748788019392,0.05555720163999393,0.576117711741921,125,34
8,3271,emotion,0.1878885209156002,0.48295454545454547,-0.022083125142124883,0.033065569164146054,0.05514869430627094,0.5995712061633817,121,34
8,3271,scandal,0.10718715981873876,0.46681187933295853,-0.0417483481949107,0.013902391600233327,0.05565073979514403,0.24981503662232726,72,34
8,3271,duty,0.12711779448621552,0.47075050709939154,-0.03163332510245599,0.023540622573586505,0.055173947676042494,0.42666192224236293,85,34
8,3271,class,0.14889496468443836,0.46089874005068343,-0.04819454083356378,0.010110906850366658,0.05830544768393044,0.17341272988767242,99,34
8,3271,society,0.19699248120300752,0.44569288389513106,-0.06366441270086699,7.63347124471382e-06,0.06367204617211171,0.00011988732424210021,131,34
8,3278,female,0.25385851883784505,0.50729711706166,0.013893281546629345,0.01974316127419376,0.0058498797275644155,3.3749687498342484,152,6
8,3278,male,0.1970313568044768,0.4912940245350217,-0.011272514097902083,7.518683929564969e-06,0.011280032781831649,0.0006665480565808727,133,6
8,3278,family,0.18921926349179952,0.5231477206267122,-0.01098239901137971,8.403220113947665e-06,0.010990802231493658,0.0007645684033058152,119,6
8,3278,marriage,0.2360194369004129,0.4647540175490486,-0.011900487679973674,6.211102967664998e-06,0.011906698782941339,0.0005216477783113119,161,6
8,3278,love,0.12833314814128918,0.46430418008988594,-0.010370823027560159,1.1493988643939221e-05,0.010382317016204097,0.0011070735583293227,87,6
8,3278,wealth,0.18361158461814567,0.4650518518518519,-0.01110492193199127,7.999872002047968e-06,0.01111292180399332,0.0007198711682154931,125,6
8,3278,emotion,0.19040504899649052,0.47813867282450173,0.009182164372943839,0.016536916745177765,0.007354752372233927,2.2484668287895584,121,6
8,3278,scandal,0.10757733981418192,0.4692945474985948,0.005469030498584427,0.013902391600233327,0.0084333611016489,1.64849950464787,72,6
8,3278,duty,0.20006029053176805,0.5224543610547667,0.057108053672620354,0.05883390979035788,0.001725856117737525,34.08969563082424,85,6
8,3278,class,0.14503619375139282,0.500428311382375,-0.010592335227750613,1.0100806044322337e-05,0.010602436033794935,0.0009526872891450271,99,6
8,3278,society,0.19337847105913772,0.4822740658146782,-0.0017240287479610783,0.007641104715958534,0.009365133463919612,0.8159098580475086,131,6
8,3302,female,0.23035714285714287,0.4974671693854519,-0.0012137502014386136,0.006585439665267561,0.0077991898667061745,0.8443748359731122,152,5
8,3302,male,0.2,0.4934210526315789,-0.009392821916293743,7.518683929564969e-06,0.009400340600223309,0.0007998310112919236,133,5
8,3302,family,0.18154209052041867,0.5038092159940899,0.0010838113480249297,0.008411623334061612,0.007327811986036682,1.1479038148006873,119,5
8,3302,marriage,0.2421542987904544,0.4971532091097308,-0.0017211464910317767,0.006217314070632662,0.007938460561664439,0.7831888842370092,161,5
8,3302,love,0.13096534439547144,0.5004971562661577,-0.008640725207829431,1.1493988643939221e-05,0.00865221919647337,0.0013284439958820863,87,5
8,3302,wealth,0.19446616541353384,0.4984888888888889,0.0005986400563900785,0.008007871874050014,0.007409231817659936,1.0807965076598656,125,5
8,3302,emotion,0.18210402038153237,0.49860233349538163,0.0009178381634596978,0.008272590535693625,0.007354752372233927,1.1247952501840819,121,5
8,3302,scandal,0.10827067669172932,0.49409780775716694,-0.008419472598551763,1.3888503097136193e-05,0.0084333611016489,0.0016468526519958745,72,5
8,3302,duty,0.13023735810113518,0.5007302231237323,0.004877941426336534,0.01177619350132938,0.006898252074992846,1.7071271637510383,85,5
8,3302,class,0.14887218045112782,0.49381625441696114,-0.008825557018486335,1.0100806044322337e-05,0.008835657824530658,0.0011431866470808807,99,5
8,3302,society,0.19699248120300752,0.4934456928838951,-0.009357499992674899,7.63347124471382e-06,0.009365133463919612,0.0008150947632842244,131,5
8,3311,female,0.21463671603046186,0.47264542936288084,-0.04190626942256649,0.07895290851436164,0.12085917793692813,0.6532636566079486,152,74
8,3311,male,0.19108157301486559,0.4570213126801968,-0.04510782133553613,0.07519435797957924,0.12030217931511537,0.6250456841849281,133,74
8,3311,family,0.17048527467097457,0.4418998368578201,-0.0536463454635077,0.06723416413169526,0.12088050959520297,0.5562035133396491,119,74
8,3311,marriage,0.2292605805476301,0.409395642314897,-0.06486836642035379,0.06211724077961764,0.12698560719997143,0.48916756905614456,161,74
8,3311,love,0.1617361132772618,0.6001869307560752,0.05711973572212964,0.16092733500379303,0.10380759928166339,1.5502461873296498,87,74
8,3311,wealth,0.17186548018234213,0.44266666666666665,-0.10747523048168237,0.02400761587814595,0.13148284635982832,0.18259123940975433,125,74
8,3311,emotion,0.20653362496159441,0.5337870685464269,0.05592605460202474,0.1570304623064082,0.10110440770438345,1.5531514982412271,121,74
8,3311,scandal,0.13217962896335533,0.523397976391231,-0.046902394126573974,0.0694564039887781,0.11635879811535207,0.5969157907537487,72,74
8,3311,duty,0.12543986048064523,0.4923529411764706,-0.03315579924248245,0.08236276793487213,0.11551856717735458,0.7129829424538165,85,74
8,3311,class,0.1428765680011599,0.4920583931184637,-0.03579257942902862,0.08081654916062302,0.11660912858965164,0.6930550818566183,99,74
8,3311,society,0.3221586602859736,0.6109872201732567,0.19414382005235944,0.2671791270362284,0.07303530698386898,3.6582187173058776,131,74
8,3337,female,0.22766575529733424,0.48282804965630444,-0.02460547187113971,0.006585439665267561,0.03119091153640727,0.21113328661041667,152,17
8,3337,male,0.19957035445757249,0.48408615523771836,-0.022550751984420518,0.007526202613494532,0.03007695459791505,0.25023153819456245,133,17
8,3337,family,0.18584697036709422,0.48513251454427925,-0.02089413012471693,0.008411623334061612,0.029305753458778543,0.2870297583580769,119,17
8,3337,marriage,0.2765257854594047,0.5355417529330573,0.0564216449643413,0.06832834374728264,0.011906698782941339,5.738647209202741,161,17
8,3337,love,0.13024299253881833,0.5004772700155113,-0.002953726117258266,0.02299947127652238,0.025953197393780644,0.886190280398658,87,17
8,3337,wealth,0.18626110731373888,0.48928888888888894,-0.021623499861610232,0.008007871874050014,0.029631371735660245,0.27024978611241923,125,17
8,3337,emotion,0.18721183123097002,0.4901403743315508,-0.011038349522225665,0.016536916745177765,0.02757526626740343,0.599701072120789,121,17
8,3337,scandal,0.10827067669172932,0.4814502529510961,-0.028655492038621107,1.3888503097136193e-05,0.028669380541718244,0.00048443680450095195,72,17
8,3337,duty,0.1272268907563025,0.4944016227180527,-0.015811642402684747,0.01177619350132938,0.02758783590401413,0.4268618075689308,85,17
8,3337,class,0.1498671782762692,0.5041224970553592,0.005575857231102172,0.030312518939011334,0.024736661707909162,1.2254086382276057,99,17
8,3337,society,0.19513605897695893,0.4886782742945364,-0.03182932594089232,7.63347124471382e-06,0.03183695941213704,0.00023976759669970193,131,17
8,3339,female,0.25168391636847287,0.5511182928080435,0.01706048411675235,0.06579518690543544,0.04873470278868309,1.3500684961469382,152,35
8,3339,male,0.27895429209166195,0.5694499406410763,0.07519205430305567,0.11278777762740409,0.037595723324348414,3.0000161627787714,133,35
8,3339,family,0.16928305864436616,0.44680949302798034,-0.06409575757050587,8.403220113947665e-06,0.06410416079061981,0.00013108696861758462,119,35
8,3339,marriage,0.23441493124572652,0.49454056985112893,-0.02846383149697148,0.031061725941292653,0.05952555743826413,0.5218216725309284,161,35
8,3339,love,0.1271902061906536,0.47142345782126244,-0.007647313945071468,0.045987448564400825,0.05363476250947229,0.8574187040619726,87,35
8,3339,wealth,0.1793885753226376,0.4643851851851852,-0.025401558752966708,0.03200748788019392,0.057409046633160626,0.5575338689067902,125,35
8,3339,emotion,0.1796333024271385,0.4977211959163831,-0.023921353678049387,0.033065569164146054,0.05698692284219544,0.5802308233966044,121,35
8,3339,scandal,0.11527603208702873,0.5424629941914934,0.0032898310031760983,0.05556790089164191,0.05227806988846581,1.0629294656274029,72,35
8,3339,duty,0.14440819397007265,0.49486815415821495,0.007108226085818924,0.05883390979035788,0.051725683704538956,1.1374215974656658,85,35
8,3339,class,0.14338302076396323,0.4661455544847771,-0.026226150535654833,0.030312518939011334,0.05653866947466617,0.5361378189498716,99,35
8,3339,society,0.1900765816493882,0.46206078280012575,-0.018006447827892097,0.03817498969481382,0.056181437522705914,0.6794947117311795,131,35
8,3340,female,0.2253530334449471,0.48690622755719704,-0.0187580287748371,0.05921632610097235,0.07797435487580945,0.7594333572176052,152,49
8,3340,male,0.19083217257387786,0.4381395217366725,-0.04510739735119416,0.03760093833175441,0.08270833568294857,0.45462090393691384,133,49
8,3340,family,0.16953645339549298,0.47742173792593956,-0.018093682631971628,0.058830944017747605,0.07692462664971923,0.7647868644832421,119,49
8,3340,marriage,0.22274474723939133,0.4689194518387065,-0.06443672112421323,0.024850622973627657,0.08928734409784088,0.2783218968426037,161,49
8,3340,love,0.12145269832347017,0.45808972676291615,-0.058316856348641546,0.02299947127652238,0.08131632762516393,0.2828395224912024,87,49
8,3340,wealth,0.1901778532690797,0.5163481481481481,0.017634630309202218,0.08800659189452968,0.07037196158532746,1.250591711680074,125,49
8,3340,emotion,0.1985280558720375,0.5429250729217306,0.021061330036868095,0.09091585263053503,0.06985452259366694,1.3015027410333488,121,49
8,3340,scandal,0.1025202417813551,0.4718357691587034,-0.03589369639404678,0.04167939779450571,0.07757309418855249,0.537291933884456,72,49
8,3340,duty,0.13755637797352896,0.504158215010142,0.023436061459320784,0.09412719700712924,0.07069113554780845,1.3315275851261354,85,49
8,3340,class,0.16611972248526283,0.523869436413606,0.008376875802578343,0.08081654916062302,0.07243967335804467,1.115639337025426,99,49
8,3340,society,0.21824912606122293,0.5313992051919834,0.022319285748644488,0.09160928840781056,0.06929000265916607,1.3221140841502024,131,49
8,3362,female,0.2265873015873016,0.4859315686878013,-0.011691231284185227,6.578860804463099e-06,0.01169781014498969,0.0005624010581774146,152,6
8,3362,male,0.2020514573146152,0.4973076488213014,-0.0018741379867287765,0.007526202613494532,0.009400340600223309,0.8006308423032154,133,6
8,3362,family,0.17814388913460122,0.48405516052574876,-0.01098239901137971,8.403220113947665e-06,0.010990802231493658,0.0007645684033058152,119,6
8,3362,marriage,0.2395679581034272,0.493326678497486,-0.011900487679973674,6.211102967664998e-06,0.011906698782941339,0.0005216477783113119,161,6
8,3362,love,0.13309580115387737,0.5127073141629876,-0.010370823027560159,1.1493988643939221e-05,0.010382317016204097,0.0011070735583293227,87,6
8,3362,wealth,0.18621420217209692,0.4932740740740741,-0.01110492193199127,7.999872002047968e-06,0.01111292180399332,0.0007198711682154931,125,6
8,3362,emotion,0.22445091573706097,0.5297383932912008,0.02938727386376113,0.033065569164146054,0.003678295300384925,8.989373189177183,121,6
8,3362,scandal,0.10815977108546768,0.4960886265692336,-0.010105807551890875,1.3888503097136193e-05,0.010119696054988012,0.001372422948307633,72,6
8,3362,duty,0.12912575556538403,0.49382352941176466,0.00315380944058476,0.01177619350132938,0.00862238406074462,1.3657700024726838,85,6
8,3362,class,0.15236517868096816,0.5034354142127994,0.0012752490258360009,0.010110906850366658,0.008835657824530658,1.1443298337279613,99,6
8,3362,society,0.20332054879002626,0.49749120850844847,-0.0017240287479610783,0.007641104715958534,0.009365133463919612,0.8159098580475086,131,6
8,3379,female,0.2252069718948122,0.47790345747409463,-0.011691231284185227,6.578860804463099e-06,0.01169781014498969,0.0005624010581774146,152,6
8,3379,male,0.19832695774524028,0.48120300751879697,-0.011272514097902083,7.518683929564969e-06,0.011280032781831649,0.0006665480565808727,133,6
8,3379,family,0.18813285548137382,0.48443992981808115,-0.000747683774703559,0.008411623334061612,0.00915930710876517,0.9183689588368078,119,6
8,3379,marriage,0.2616861267170235,0.5261633638962832,0.0044899564766332205,0.012428417038297659,0.007938460561664439,1.565595361996259,161,6
8,3379,love,0.12947402466458727,0.4785427355526389,-0.010370823027560159,1.1493988643939221e-05,0.010382317016204097,0.0011070735583293227,87,6
8,3379,wealth,0.19034815243236294,0.5024148148148148,-0.0012532049367766137,0.008007871874050014,0.009261076810826628,0.8646804293668918,125,6
8,3379,emotion,0.1795334074741946,0.4781994409333981,-0.011022945117873445,8.26432620948414e-06,0.011031209444082929,0.0007491768015671116,121,6
8,3379,scandal,0.12472197788809633,0.5062300918118793,0.02104386854905973,0.027790894697369516,0.006747026148309788,4.118984287649824,72,6
8,3379,duty,0.1271720824552731,0.49239350912778906,-0.010334751617424136,1.1764429072257124e-05,0.010346516046496394,0.0011370425579249773,85,6
8,3379,class,0.14717465979492012,0.48818574436948997,-0.010592335227750613,1.0100806044322337e-05,0.010602436033794935,0.0009526872891450271,99,6
8,3379,society,0.2065081066444971,0.5191697401149326,0.007782094659104195,0.015274575960672354,0.00749248130156816,2.038653864299503,131,6
8,3397,female,0.21645986899437414,0.47718528778085567,-0.02095179457819593,0.14474151655899264,0.16569331113718858,0.8735507520776014,152,107
8,3397,male,0.2290539535916995,0.5620583413420769,0.06203310667250822,0.2105306687117487,0.14849756203924047,1.417738216164776,133,107
8,3397,family,0.2061938670503122,0.589543509711577,0.07013918974662295,0.21849212618275324,0.1483529364361303,1.472785988805465,119,107
8,3397,marriage,0.2351881099927694,0.4827960169575076,-0.007415965896870935,0.1552837852945926,0.16269975119146354,0.9544193162957064,161,107
8,3397,love,0.1513075168947206,0.5588235294117647,0.039698767062025464,0.1954093009356107,0.15571053387358524,1.2549523534034008,87,107
8,3397,wealth,0.2113821577276317,0.5544740740740741,0.04815165863853932,0.20000479992320125,0.15185314128466193,1.3170935960222103,125,107
8,3397,emotion,0.17007827116648083,0.4671396451142441,-0.06535081555593567,0.10744450504950331,0.17279532060543898,0.6218021684407786,121,107
8,3397,scandal,0.09560958849570404,0.4013022297170695,-0.10255144758676467,0.0694564039887781,0.17200785157554277,0.4037978694122012,72,107
8,3397,duty,0.11667029781595095,0.46892494929006084,-0.04958647159826429,0.11765605515164348,0.16724252674990778,0.7035056061242202,85,107
8,3397,class,0.15376247993770017,0.5113324053253382,0.012711997947529752,0.17172380355952407,0.15901180561199432,1.079943736866107,99,107
8,3397,society,0.2228216891269775,0.537581839494525,0.05629731143823935,0.20611135707851788,0.14981404564027853,1.37578126400805,131,107
8,3406,female,0.2320031324420694,0.49840976710782803,0.012430933451431016,0.05921632610097235,0.04678539264954133,1.2657011675264243,152,33
8,3406,male,0.21002519067158262,0.510783537791848,0.022561181999232502,0.06767567405001428,0.045114492050781774,1.5000872440797317,133,33
8,3406,family,0.17499949735548892,0.46954166281897375,-0.019493906378344278,0.03362128367590461,0.05311519005424889,0.6329881083157703,119,33
8,3406,marriage,0.2502449638784397,0.4928645371191955,0.008285295037519201,0.05590613781195264,0.04762084277443344,1.173984636844634,161,33
8,3406,love,0.15051483198498283,0.5327128823131687,0.022261054621729885,0.06897542585227927,0.04671437123054938,1.4765354650796516,87,33
8,3406,wealth,0.18148286711200814,0.461362962962963,-0.03154958576184798,0.02400761587814595,0.05555720163999393,0.43212428216383525,125,33
8,3406,emotion,0.17856612932700358,0.48389645114244045,-0.020244896606200387,0.033065569164146054,0.05331046577034644,0.6202453624391009,121,33
8,3406,scandal,0.10455146266500716,0.4881253513209668,-0.04006201324157159,0.013902391600233327,0.05396440484180492,0.25762151256425714,72,33
8,3406,duty,0.13722707484270022,0.5155172413793103,0.024045051115331367,0.070598338862615,0.046553287747283636,1.516505971486791,85,33
8,3406,class,0.14231885941843073,0.4561516222293608,-0.04642776262429951,0.010110906850366658,0.05653866947466617,0.17883170835348927,99,33
8,3406,society,0.20003430063088326,0.5225862709780713,-0.014261143503189196,0.03817498969481382,0.05243613319800301,0.7280283149395091,131,33
8,3435,female,0.3128240007914524,0.5532471529701447,0.09283961120018652,0.09868949092775094,0.0058498797275644155,16.870345290324412,152,18
8,3435,male,0.1989832682842297,0.4997880038441969,-0.00563369194368224,0.02256357047262447,0.02819726241630671,0.8002042942571463,133,18
8,3435,family,0.20733653785400805,0.5228860775079262,0.048917381409287655,0.06723416413169526,0.01831678272240761,3.6706317450484662,119,18
8,3435,marriage,0.24934247154239272,0.5047692990239574,0.013461415462185617,0.03727282890895765,0.023811413446772036,1.5653345817001538,161,18
8,3435,love,0.13082706766917293,0.4826989619377163,-0.031131996864328892,1.1493988643939221e-05,0.03114349085297283,0.0003690655199133846,87,18
8,3435,wealth,0.18796992481203006,0.4814814814814815,-0.03332706184999158,7.999872002047968e-06,0.03333506172199363,0.00023998371650021187,125,18
8,3435,emotion,0.18097013903886458,0.4916747690811862,-0.012876578058150168,0.016536916745177765,0.029413494803327934,0.5622220975504246,121,18
8,3435,scandal,0.10746136173767754,0.490701705077759,-0.03034182699196022,1.3888503097136193e-05,0.030355715495057358,0.0004575251437884919,72,18
8,3435,duty,0.12736104968303108,0.4961257606490872,-0.004047213330427624,0.023540622573586505,0.02758783590401413,0.8532971797656649,85,18
8,3435,class,0.14887218045112782,0.4823321554770318,-0.03179367373892196,1.0100806044322337e-05,0.03180377454496628,0.0003175977124892378,99,18
8,3435,society,0.19699248120300752,0.4812734082397004,-0.033701978103243775,7.63347124471382e-06,0.03370961157448849,0.0002264479146435612,131,18
8,3457,female,0.26224421700260336,0.5572163229711706,-0.003650509705646475,0.01974316127419376,0.023393670979840235,0.8439531055371218,152,15
8,3457,male,0.19188665026365745,0.4812807394425914,-0.018791367621203835,0.007526202613494532,0.026317570234698367,0.28597634759175616,133,15
8,3457,family,0.17283013773819217,0.4887416505063564,-0.027465855115936105,8.403220113947665e-06,0.027474258336050054,0.0003058579420364412,119,15
8,3457,marriage,0.23374020215579175,0.48651163363896277,-0.013367115519112826,0.012428417038297659,0.025795532557410485,0.4818050183749917,161,15
8,3457,love,0.14457973720067646,0.5266774052420157,0.013730555985873139,0.0344934599204616,0.02076290393458846,1.661302293141106,87,15
8,3457,wealth,0.18651871057630984,0.4910370370370371,-0.008068092880062178,0.016007743876097984,0.024075836756160162,0.6648883707577589,125,15
8,3457,emotion,0.20041052824477879,0.4966121779290229,0.022945771785849268,0.041329895373630195,0.018384123587780927,2.248129761206138,121,15
8,3457,scandal,0.11033977420875167,0.5115233277121979,-0.00970798408146758,0.013902391600233327,0.023610375681700907,0.5888255141327325,72,15
8,3457,duty,0.13296437466577476,0.5007403651115618,0.014613743684836592,0.035305051645843626,0.020691307961007033,1.7062745240982378,85,15
8,3457,class,0.17587331253601454,0.5608469857586466,0.020976997903217345,0.04041332498333367,0.019436327080116327,2.079267590768108,99,15
8,3457,society,0.1936633079954207,0.5018226262972811,-0.009071774802058874,0.015274575960672354,0.024346350762731228,0.6273866711649821,131,15
8,3463,female,0.22857142857142856,0.48050682261208577,-0.011691231284185227,6.578860804463099e-06,0.01169781014498969,0.0005624010581774146,152,6
8,3463,male,0.19790924680121358,0.4949827576459947,-0.011272514097902083,7.518683929564969e-06,0.011280032781831649,0.0006665480565808727,133,6
8,3463,family,0.17894736842105263,0.4816849816849817,-0.01098239901137971,8.403220113947665e-06,0.010990802231493658,0.0007645684033058152,119,6
8,3463,marriage,0.24700990235911296,0.5088361431529133,-0.003705265601670226,0.006217314070632662,0.009922579672302888,0.6265824286965015,161,6
8,3463,love,0.1303738272885278,0.49580400111363,-0.010370823027560159,1.1493988643939221e-05,0.010382317016204097,0.0011070735583293227,87,6
8,3463,wealth,0.2056613842298053,0.5064444444444445,0.01845022905365271,0.02400761587814595,0.005557386824493243,4.319946880072572,125,6
8,3463,emotion,0.18195488721804512,0.48161764705882354,-0.011022945117873445,8.26432620948414e-06,0.011031209444082929,0.0007491768015671116,121,6
8,3463,scandal,0.107469040247678,0.4983370807569795,-0.010105807551890875,1.3888503097136193e-05,0.010119696054988012,0.001372422948307633,72,6
8,3463,duty,0.1325187969924812,0.5028803245436106,0.00315380944058476,0.01177619350132938,0.00862238406074462,1.3657700024726838,85,6
8,3463,class,0.1507429040921864,0.5001606167683906,0.0012752490258360009,0.010110906850366658,0.008835657824530658,1.1443298337279613,99,6
8,3463,society,0.1961826843305349,0.48601938416673807,-0.011230152155026351,7.63347124471382e-06,0.011237785626271065,0.0006792682738305178,131,6
8,3472,female,0.21572908223946424,0.4658997640299579,-0.04945954163603912,0.04605860449204616,0.09551814612808528,0.4821974290602496,152,56
8,3472,male,0.18993688006706488,0.4921278760811804,-0.07706199484479916,0.02256357047262447,0.09962556531742363,0.22648373839091093,133,56
8,3472,family,0.1758356726588646,0.5088189121802568,-0.0411488637277472,0.05042772390379994,0.09157658763154713,0.5506617488974602,119,56
8,3472,marriage,0.24395233152713677,0.5041284629793946,-0.03734944450716514,0.05590613781195264,0.09325558231911778,0.5994937399033554,161,56
8,3472,love,0.21843216482611477,0.6271924591337549,0.14115784233196255,0.20690328957954993,0.06574544724758738,3.1470360038351624,87,56
8,3472,wealth,0.20802565582666882,0.5502814814814815,0.06378201732832335,0.1360058239068175,0.07222380657849416,1.8831162513861792,125,56
8,3472,emotion,0.21453117472499916,0.5565599173553718,0.06880905875784847,0.1405018098874399,0.07169275112959143,1.9597770719038219,121,56
8,3472,scandal,0.10069405470691976,0.4599259883829867,-0.07884771716837118,0.013902391600233327,0.0927501087686045,0.14989083877807088,72,56
8,3472,duty,0.14584519222582826,0.5242799188640974,0.024855698617067268,0.10589162607938636,0.0810359274623191,1.3067244294491254,85,56
8,3472,class,0.16845544451497607,0.5497555055858944,0.04347976535207486,0.12121977333791237,0.07774000798583751,1.5592971556992457,99,56
8,3472,society,0.2133556812659405,0.545887297366841,0.03772909083338015,0.11450970214195202,0.07678061130857187,1.491388257906155,131,56
8,3487,female,0.2232850447793866,0.47388298963783726,-0.02655478201028147,0.006585439665267561,0.03314022167554903,0.19871441203809467,152,18
8,3487,male,0.20934359282728066,0.5128399005031375,0.003764684167491074,0.03008225440218944,0.026317570234698367,1.1430483183962206,133,18
8,3487,family,0.17536757587986462,0.47833748884169053,-0.02272562524744542,0.008411623334061612,0.031137248581507033,0.2701466480499269,119,18
8,3487,marriage,0.23578708395018858,0.47533397416937795,-0.027514694929331625,0.006217314070632662,0.033732008999964286,0.18431496536286734,161,18
8,3487,love,0.13060044747885038,0.45770194487531324,-0.017907910400658943,0.011505482632583159,0.029413393033242103,0.3911647533893439,87,18
8,3487,wealth,0.18587669172932328,0.4570888888888889,-0.023475344854776925,0.008007871874050014,0.03148321672882694,0.25435367493638045,125,18
8,3487,emotion,0.1925834086735802,0.48356222654350994,0.007328531432667124,0.033065569164146054,0.02573703773147893,1.2847465006595868,121,18
8,3487,scandal,0.1075385222315047,0.45998454187745924,-0.014766988941484918,0.013902391600233327,0.028669380541718244,0.4849212413054528,72,18
8,3487,duty,0.14122370936198367,0.5316734279918863,0.02292990878559018,0.047069480718100756,0.024139571932510578,1.9498887903956101,85,18
8,3487,class,0.14703655107961328,0.4905057643573545,-0.01992608948533534,0.010110906850366658,0.030036996335701997,0.33661511081293477,99,18
8,3487,society,0.23187870161686985,0.5378963318752323,0.04234700915327841,0.061075403428955274,0.01872839427567687,3.261112646748079,131,18
8,3492,female,0.2252883774732,0.4638350261618959,-0.011691231284185227,6.578860804463099e-06,0.01169781014498969,0.0005624010581774146,152,6
8,3492,male,0.19696087419687336,0.4903188422183278,-0.011272514097902083,7.518683929564969e-06,0.011280032781831649,0.0006665480565808727,133,6
8,3492,family,0.1911241662730873,0.5259026687598116,-0.01098239901137971,8.403220113947665e-06,0.010990802231493658,0.0007645684033058152,119,6
8,3492,marriage,0.24750320208925092,0.5001232377008774,0.0044899564766332205,0.012428417038297659,0.007938460561664439,1.565595361996259,161,6
8,3492,love,0.12971966181804095,0.46328998130692445,-0.010370823027560159,1.1493988643939221e-05,0.010382317016204097,0.0011070735583293227,87,6
8,3492,wealth,0.1843634352210986,0.4780592592592593,-0.01110492193199127,7.999872002047968e-06,0.01111292180399332,0.0007198711682154931,125,6
8,3492,emotion,0.19450370708078663,0.5001063441905689,0.01928471911835248,0.024801242954661906,0.005516523836309426,4.495809985796819,121,6
8,3492,scandal,0.11052205724471445,0.525599587783399,-0.010105807551890875,1.3888503097136193e-05,0.010119696054988012,0.001372422948307633,72,6
8,3492,duty,0.13162223456011746,0.4774036511156187,0.00315380944058476,0.01177619350132938,0.00862238406074462,1.3657700024726838,85,6
8,3492,class,0.14663214634064015,0.4908091515865367,-0.010592335227750613,1.0100806044322337e-05,0.010602436033794935,0.0009526872891450271,99,6
8,3492,society,0.19996617726312232,0.50374531835206,-0.0017240287479610783,0.007641104715958534,0.009365133463919612,0.8159098580475086,131,6
8,3524,female,0.2965002742553083,0.6123871447624909,0.03972078807829296,0.11184721253667715,0.07212642445838419,1.5507106220087274,152,54
8,3524,male,0.3490098161906782,0.6591808468539772,0.15225841618657693,0.2030119847821837,0.05075356859560679,3.9999548878176103,133,54
8,3524,family,0.1900802470097279,0.5180841567396188,-0.00678172777226177,0.07563738424564292,0.0824191120179047,0.9177165634627775,119,54
8,3524,marriage,0.24884827122894645,0.5630607315389924,-0.02518598420758479,0.06211724077961764,0.08730322498720243,0.7115114108099871,161,54
8,3524,love,0.1344730693609883,0.4776677405242016,-0.014070999592615388,0.06897542585227927,0.08304642544489466,0.8305646568402544,87,54
8,3524,wealth,0.17002863267000343,0.4218296296296296,-0.06058661362313385,0.03200748788019392,0.09259410150332777,0.34567523589715826,125,54
8,3524,emotion,0.16467830436710876,0.4072906538648517,-0.06895025060602354,0.024801242954661906,0.09375149356068545,0.2645423770059033,121,54
8,3524,scandal,0.0974365248469434,0.4424536256323778,-0.059900209211217637,0.027790894697369516,0.08769110390858716,0.3169180619053784,72,54
8,3524,duty,0.11619793730437179,0.41774847870182563,-0.06611596481749146,0.023540622573586505,0.08965658739107797,0.26256433864296896,85,54
8,3524,class,0.14525576408418245,0.4555626940785951,-0.04792735225808951,0.04041332498333367,0.08834067724142318,0.4574713059130396,99,54
8,3524,society,0.18023668405203294,0.37214455213425973,-0.10111745594789603,7.63347124471382e-06,0.10112508941914075,7.548543381751005e-05,131,54
8,3538,female,0.22519951928085852,0.4970311377859854,-0.018757541453714433,0.006585439665267561,0.025342981118981995,0.259852605109475,152,14
8,3538,male,0.20163644405130474,0.4785954548024196,-0.016911675439595496,0.007526202613494532,0.02443787805309003,0.3079728361372568,133,14
8,3538,family,0.21728194148472785,0.5217394650167759,0.04600864666352546,0.058830944017747605,0.012822297354222148,4.588174988297824,119,14
8,3538,marriage,0.2420364576036364,0.47959183673469385,-0.019578218486777824,0.006217314070632662,0.025795532557410485,0.24102290024656003,161,14
8,3538,love,0.1300744023067072,0.4847571888796086,-0.01098751912173603,0.011505482632583159,0.02249300175431919,0.5115138814170198,87,14
8,3538,wealth,0.1980853659074372,0.49942962962962967,0.013487186103533833,0.03200748788019392,0.018520301776660086,1.7282379231424083,125,14
8,3538,emotion,0.1796138072453862,0.48961624939231885,-0.015626218659860806,0.008272590535693625,0.02389880919555443,0.34615074197447093,121,14
8,3538,scandal,0.11305374964000696,0.5109729248641559,0.007553188922346833,0.027790894697369516,0.020237705775022683,1.3732235760782596,72,14
8,3538,duty,0.1318321797931935,0.5050507099391481,0.002849314612579472,0.023540622573586505,0.020691307961007033,1.1377058722827638,85,14
8,3538,class,0.1524513330681978,0.5121176428596923,-0.0009913923946916064,0.020211712894688996,0.021203105289380603,0.9532430565186422,99,14
8,3538,society,0.2031682259082822,0.4837178717442891,-0.0071991226397074195,0.015274575960672354,0.022473698600379774,0.6796645372708955,131,14
8,3573,female,0.22172793708856997,0.4752487945008721,-0.05701281384951176,0.01316430046973066,0.07017711431924242,0.18758680229650662,152,38
8,3573,male,0.195460219587907,0.4814927355983945,-0.04322753557584903,0.02256357047262447,0.0657911060484735,0.3429577617323707,133,38
8,3573,family,0.17870744258864105,0.4960368762889771,-0.018416666755310562,0.04202450378985228,0.06044117054516284,0.6952959946028087,119,38
8,3573,marriage,0.23563006521801586,0.4968882480528443,-0.03441618882888682,0.031061725941292653,0.06547791477017947,0.47438477614691343,161,38
8,3573,love,0.1342004507288497,0.5020582269418924,0.0003864790594063014,0.05748143720834004,0.05709495814893374,1.0067690575653176,87,38
8,3573,wealth,0.18914803392339513,0.4952962962962963,0.008449774248391856,0.06400697588838579,0.05555720163999393,1.1520914300542637,125,38
8,3573,emotion,0.1787704846262915,0.47064900340301413,-0.03953859403123153,0.024801242954661906,0.06433983698589343,0.3854725799152106,121,38
8,3573,scandal,0.112299795973136,0.5330827243769908,-0.0017691738568412357,0.05556790089164191,0.057337074748483145,0.9691443299894336,72,38
8,3573,duty,0.13117729620548368,0.4907200811359026,0.01542439118657251,0.070598338862615,0.055173947676042494,1.2795593180291955,85,38
8,3573,class,0.19514715209901434,0.5560998679373239,0.08714935737241848,0.1313205793822347,0.04417122200981623,2.9729895032127067,99,38
8,3573,society,0.2829989474909265,0.5837121537010035,0.1379796936051632,0.1679440008549488,0.029964307249785587,5.604801721239383,131,38
8,3587,female,0.22617267600820234,0.494370062583359,-0.01607730092753485,0.01316430046973066,0.029241601397265508,0.45019081856821674,152,17
8,3587,male,0.20029619503303717,0.4926084007010006,-0.003753999762073898,0.02256357047262447,0.026317570234698367,0.8573576614613989,133,17
8,3587,family,0.17699640288817836,0.4939668174962292,-0.02089413012471693,0.008411623334061612,0.029305753458778543,0.2870297583580769,119,17
8,3587,marriage,0.27167357658596036,0.5265638864241349,0.04822642288603785,0.06211724077961764,0.013890817893579788,4.471820252128987,161,17
8,3587,love,0.1457206233975744,0.5067712683450663,0.010270360346411683,0.0344934599204616,0.024223099574049917,1.4239903449841853,87,17
8,3587,wealth,0.189816802701942,0.5080074074074075,0.007931651124033757,0.03200748788019392,0.024075836756160162,1.329444463469162,125,17
8,3587,emotion,0.18136654559012108,0.4939839572192513,-0.011038349522225665,0.016536916745177765,0.02757526626740343,0.599701072120789,121,17
8,3587,scandal,0.13157285575048733,0.5276138279932546,0.06479353626423072,0.08334490708591429,0.01855137082168357,4.492654903108553,72,17
8,3587,duty,0.1910057153837886,0.5610243407707911,0.09209684606138642,0.10589162607938636,0.013794780017999938,7.676209836875894,85,17
8,3587,class,0.14847408926356295,0.49156761965949236,-0.006291727022484442,0.020211712894688996,0.026503439917173438,0.7626071542822561,99,17
8,3587,society,0.20327371634427027,0.5069116848214541,0.006195167687368771,0.0305415184501,0.024346350762731228,1.2544598057626655,131,17
8,3606,female,0.224337815864569,0.48385400636093157,-0.031672269361791586,0.06579518690543544,0.09746745626722703,0.6750477484953479,152,60
8,3606,male,0.20973863229502326,0.460243654248403,-0.0657840113488859,0.03760093833175441,0.1033849496806403,0.36369837628727697,133,60
8,3606,family,0.17657010172490048,0.44683257918552033,-0.08941370516536577,0.01681484344800928,0.10622854861337505,0.15828930798113022,119,60
8,3606,marriage,0.2400620583279934,0.5114549442965592,0.012080633598405208,0.09938385858560764,0.08730322498720243,1.1383755708799725,161,60
8,3606,love,0.13216597913690156,0.47277572286521097,-0.037675672974669706,0.05748143720834004,0.09515711018300975,0.6040687563670807,87,60
8,3606,wealth,0.18763677213374402,0.49460000000000004,-0.002735664615631392,0.08800659189452968,0.09074225651016107,0.9698523629253707,125,60
8,3606,emotion,0.17647286037499588,0.4658559188138065,-0.05977451233075325,0.041329895373630195,0.10110440770438345,0.4087843083366337,121,60
8,3606,scandal,0.12929419216187543,0.5581201986134532,0.11687983767445131,0.1944529318630038,0.07757309418855249,2.506705886809819,72,60
8,3606,duty,0.14803339971591378,0.5363793103448276,0.07191341490609578,0.15294934236841487,0.0810359274623191,1.8874263201053307,85,60
8,3606,class,0.14829959901243045,0.4979209051647215,-0.011057684499328715,0.08081654916062302,0.09187423365995173,0.8796432464282046,99,60
8,3606,society,0.19052542764034508,0.49465362952797554,-0.03630438166548258,0.061075403428955274,0.09737978509443786,0.6271876998814263,131,60
8,3629,female,0.2275062656641604,0.4827767518210731,-0.019488471840752256,6.578860804463099e-06,0.01949505070155672,0.00033746312871093485,152,10
8,3629,male,0.19814593301435407,0.4885098083554752,-0.018791282824335443,7.518683929564969e-06,0.018798801508265007,0.00039995549321904266,133,10
8,3629,family,0.1775661301203097,0.4950133899713731,-0.008073664265617512,0.008411623334061612,0.016485287599679124,0.5102503236713377,119,10
8,3629,marriage,0.24158688647083545,0.49048604949226066,-0.0034465199659205765,0.012428417038297659,0.015874937004218236,0.7828955185278736,161,10
8,3629,love,0.15080325334408817,0.5142783279640457,0.022381045084526777,0.0344934599204616,0.012112414835934825,2.847777291715558,87,10
8,3629,wealth,0.19506671574039994,0.5092740740740741,0.011042849080985939,0.02400761587814595,0.012964766797160012,1.851758404289475,125,10
8,3629,emotion,0.19683713415770834,0.5050893291200779,0.0018292502292458386,0.016536916745177765,0.014707666515931927,1.1243739260840562,121,10
8,3629,scandal,0.11262921613798807,0.5124367622259696,0.014298528735703283,0.027790894697369516,0.013492365961666234,2.0597495483199704,72,10
8,3629,duty,0.12700783099617557,0.4876673427991886,-0.017231279560431228,1.1764429072257124e-05,0.017243043989503486,0.0006822710119359622,85,10
8,3629,class,0.14887218045112782,0.48056537102473496,-0.017659448064807723,1.0100806044322337e-05,0.017669548870852047,0.0005716504771897786,99,10
8,3629,society,0.19699248120300752,0.4794007490636704,-0.018720760804432156,7.63347124471382e-06,0.01872839427567687,0.000407588132326969,131,10
8,3630,female,0.2539473684210526,0.5164473684210527,0.032898933572980814,0.03290088288311996,1.949310139141758e-06,16878.210062250786,152,5
8,3630,male,0.2,0.49530075187969924,-0.009392821916293743,7.518683929564969e-06,0.009400340600223309,0.0007998310112919236,133,5
8,3630,family,0.17894736842105263,0.49542124542124544,-0.009150903888651222,8.403220113947665e-06,0.00915930710876517,0.0009174515073294785,119,5
8,3630,marriage,0.24210526315789474,0.49503968253968256,-0.009916368569335223,6.211102967664998e-06,0.009922579672302888,0.0006259564722242773,161,5
8,3630,love,0.13082706766917293,0.49567474048442905,-0.008640725207829431,1.1493988643939221e-05,0.00865221919647337,0.0013284439958820863,87,5
8,3630,wealth,0.18796992481203006,0.49537037037037035,-0.00925307693882458,7.999872002047968e-06,0.009261076810826628,0.0008638166127541378,125,5
8,3630,emotion,0.18251724352202822,0.5004405687894993,0.0009178381634596978,0.008272590535693625,0.007354752372233927,1.1247952501840819,121,5
8,3630,scandal,0.10827067669172932,0.4957841483979764,-0.008419472598551763,1.3888503097136193e-05,0.0084333611016489,0.0016468526519958745,72,5
8,3630,duty,0.12781954887218044,0.4956896551724138,-0.008610619631672362,1.1764429072257124e-05,0.00862238406074462,0.0013644055968758083,85,5
8,3630,class,0.14887218045112782,0.495583038869258,-0.008825557018486335,1.0100806044322337e-05,0.008835657824530658,0.0011431866470808807,99,5
8,3630,society,0.19699248120300752,0.4953183520599251,-0.009357499992674899,7.63347124471382e-06,0.009365133463919612,0.0008150947632842244,131,5
8,3634,female,0.23228101394219813,0.4924335693033754,-0.014127990788393092,0.01316430046973066,0.02729229125812375,0.482345008879746,152,16
8,3634,male,0.20333333333333334,0.4871954321894963,-0.0018743075804655597,0.02256357047262447,0.02443787805309003,0.923303178069838,133,16
8,3634,family,0.17867094206103493,0.47931480284421457,-0.008827919765312286,0.01681484344800928,0.025642763213321564,0.6557344583916813,119,16
8,3634,marriage,0.24369491679791086,0.4992359262545598,0.009234431605159066,0.031061725941292653,0.021827294336133587,1.4230680844601538,161,16
8,3634,love,0.13315472589519778,0.4774887642683849,-0.014447714761197486,0.011505482632583159,0.025953197393780644,0.4433165770510028,87,16
8,3634,wealth,0.1889674746306325,0.4885037037037037,-6.822087801421073e-05,0.02400761587814595,0.024075836756160162,0.9971664171134604,125,16
8,3634,emotion,0.18131890992302896,0.4789590422946038,-0.019302675731709806,0.008272590535693625,0.02757526626740343,0.30000038640325327,121,16
8,3634,scandal,0.10652818003262425,0.4862047967022672,-0.026969157085281997,1.3888503097136193e-05,0.026983045588379134,0.0005147122125681351,72,16
8,3634,duty,0.12905375209901737,0.5105070993914808,-0.0005989493589240724,0.023540622573586505,0.024139571932510578,0.9751880703778094,85,16
8,3634,class,0.14787320785127803,0.48768604775671914,-0.01639253306680678,0.010110906850366658,0.026503439917173438,0.38149413365144347,99,16
8,3634,society,0.19457972220627906,0.4822740658146782,-0.020450550371475595,0.007641104715958534,0.02809165508743413,0.2720062129448728,131,16
8,3645,female,0.22055944097710284,0.4740304709141274,-0.04604788340169905,0.006585439665267561,0.05263332306696661,0.1251192074033333,152,28
8,3645,male,0.19734643626610388,0.4543360280400248,-0.02443061375976564,0.02256357047262447,0.04699418423239011,0.48013537931769645,133,28
8,3645,family,0.17646505970809376,0.4511496906454889,-0.05127529171140646,8.403220113947665e-06,0.05128369493152041,0.00016385754039377828,119,28
8,3645,marriage,0.27137681236328237,0.5264468106083013,0.018205890590711454,0.05590613781195264,0.037700247221241184,1.482911703002598,161,28
8,3645,love,0.13075259186717975,0.4836336157180925,-0.021984802134296277,0.02299947127652238,0.044984273410818655,0.5112780430166903,87,28
8,3645,wealth,0.18408983557412367,0.4938074074074075,-0.012438643800799863,0.03200748788019392,0.04444613168099378,0.7201411386980374,125,28
8,3645,emotion,0.18124870544128918,0.4570825230918813,-0.03125886341739517,0.016536916745177765,0.04779578016257294,0.34599114584138974,121,28
8,3645,scandal,0.12000026225045786,0.5316891512085441,0.030669013727025185,0.0694564039887781,0.038787390261752916,1.790695468766206,72,28
8,3645,duty,0.1241980550423427,0.49649087221095345,-0.03477709424595426,0.01177619350132938,0.046553287747283636,0.2529615859787165,85,28
8,3645,class,0.14450497648749464,0.4892565228254274,-0.025726287324391507,0.020211712894688996,0.0459380002190805,0.43997807474984546,99,28
8,3645,society,0.21564180202012503,0.5223289590302198,0.0521388577509597,0.08397581716309674,0.03183695941213704,2.637683331293421,131,28
8,3654,female,0.22766575529733424,0.48766928285626343,-0.015589851562468742,6.578860804463099e-06,0.015596430423273204,0.00042181836647853824,152,8
8,3654,male,0.19980887091678776,0.5026358188704845,-0.0056335223499454565,0.007526202613494532,0.013159724963439989,0.5719118472332608,133,8
8,3654,family,0.1792886166569076,0.5046864899806077,-0.004410674020160536,0.008411623334061612,0.012822297354222148,0.6560153068541811,119,8
8,3654,marriage,0.24034606977802564,0.49119466627230607,-0.01586872590125057,6.211102967664998e-06,0.015874937004218236,0.0003912521331973382,161,8
8,3654,love,0.15145946763460372,0.5052897426719166,0.012617154260318281,0.02299947127652238,0.010382317016204097,2.2152541902169745,87,8
8,3654,wealth,0.18842625114823255,0.5038,-0.004956894923109998,0.008007871874050014,0.012964766797160012,0.6176641661758627,125,8
8,3654,emotion,0.1953154235450886,0.5048082766164316,0.01560826204650348,0.024801242954661906,0.009192980908158427,2.6978455845539595,121,8
8,3654,scandal,0.11371136173767754,0.49361766910249205,0.002096360591906203,0.013902391600233327,0.011806031008327124,1.1775669223001375,72,8
8,3654,duty,0.12925696594427244,0.4921906693711967,-0.0002944545309187859,0.01177619350132938,0.012070648032248166,0.9756057395503769,85,8
8,3654,class,0.15259866838814207,0.49701074347717455,0.00960927686089406,0.020211712894688996,0.010602436033794935,1.9063272655791992,99,8
8,3654,society,0.19754730337293616,0.49358864396603486,-0.005469333072663983,0.007641104715958534,0.013110437788622517,0.5828260534523723,131,8
8,3677,female,0.2275375939849624,0.4837578229198728,-0.015589851562468742,6.578860804463099e-06,0.015596430423273204,0.00042181836647853824,152,8
8,3677,male,0.2,0.48026315789473684,-0.015031898461118761,7.518683929564969e-06,0.015039417145048327,0.0004999318694701234,133,8
8,3677,family,0.17894736842105263,0.4807692307692308,-0.014645389256836686,8.403220113947665e-06,0.014653792476950634,0.0005734501922687849,119,8
8,3677,marriage,0.2395448339518874,0.4911761806171744,-0.01586872590125057,6.211102967664998e-06,0.015874937004218236,0.0003912521331973382,161,8
8,3677,love,0.14206445231853582,0.521387662570099,0.012617154260318281,0.02299947127652238,0.010382317016204097,2.2152541902169745,87,8
8,3677,wealth,0.19168387635756057,0.5099333333333333,0.004894822072104664,0.016007743876097984,0.01111292180399332,1.4404622075992017,125,8
8,3677,emotion,0.19276056877731518,0.5060768108896452,0.005505707301094837,0.016536916745177765,0.011031209444082929,1.4991027799357903,121,8
8,3677,scandal,0.10832202032859926,0.49770470301667596,0.002096360591906203,0.013902391600233327,0.011806031008327124,1.1775669223001375,72,8
8,3677,duty,0.12923730895867117,0.5019269776876268,-0.0002944545309187859,0.01177619350132938,0.012070648032248166,0.9756057395503769,85,8
8,3677,class,0.15627869383850246,0.511046864403755,-0.002258307392692555,0.010110906850366658,0.012369214243059213,0.8174251533578866,99,8
8,3677,society,0.1961826843305349,0.4850902021328301,-0.014975456479729253,7.63347124471382e-06,0.014983089950973966,0.0005094724298647182,131,8
8,3681,female,0.2169990433732068,0.42833692418179947,-0.07894316206625991,0.07895290851436164,0.15789607058062155,0.500030863488451,152,93
8,3681,male,0.19141890064387693,0.3983407767539149,-0.15600898167548105,0.0150448865430595,0.17105386821854054,0.08795408545657683,133,93
8,3681,family,0.18389423340345107,0.4636469972604427,-0.027036461375292073,0.11765348481538125,0.14468994619067332,0.8131420870080607,119,93
8,3681,marriage,0.2288380886645984,0.4405747806368924,-0.10256662952248435,0.06211724077961764,0.164683870302102,0.3771907999568528,161,93
8,3681,love,0.1277670808292657,0.48985801217038544,-0.0022002957800940914,0.1379393577159146,0.14013965349600868,0.9842992634405147,87,93
8,3681,wealth,0.19142535694192783,0.5048444444444444,0.024818903566799694,0.1600054399129614,0.1351865363461617,1.1835900544271971,125,93
8,3681,emotion,0.2229343124548811,0.5797277588721439,0.11192270512813698,0.23140939819176545,0.11948669306362847,1.9366959805858863,121,93
8,3681,scandal,0.10879061640628482,0.49573730560239837,-0.03221824408859121,0.11112191328018665,0.14334015736877787,0.7752322539560419,72,93
8,3681,duty,0.14091734139103063,0.5083772819472617,0.02850562043429611,0.16471377144067198,0.13620815100637587,1.2092798428175746,85,93
8,3681,class,0.15342966186033474,0.49437841310632835,-0.010023444137116838,0.1313205793822347,0.14134402351935155,0.9290847685776144,99,93
8,3681,society,0.19029900883228998,0.45249735540498043,-0.0695835328018847,0.08397581716309674,0.15355934996498144,0.5468622860262186,131,93
8,3700,female,0.2321491267150604,0.49878167641325544,-0.009498440123071748,0.01974316127419376,0.029241601397265508,0.6751737363934126,152,18
8,3700,male,0.21512468045899394,0.5152495901407654,0.031959812501011,0.052638306190884346,0.02067849368987335,2.5455580555230077,133,18
8,3700,family,0.17772665757919068,0.46475513282235964,-0.002256194774093112,0.02521806356195694,0.027474258336050054,0.9178796840513599,119,18
8,3700,marriage,0.27876788691885784,0.5527827072858129,0.021656637540489066,0.04348393187662265,0.021827294336133587,1.9921814955619952,161,18
8,3700,love,0.14390676008926018,0.5244799745455991,0.021764348990350908,0.045987448564400825,0.024223099574049917,1.8984956248856133,87,18
8,3700,wealth,0.18259708055191834,0.4923555555555556,-0.013623627859562261,0.016007743876097984,0.029631371735660245,0.5402295924185324,125,18
8,3700,emotion,0.17360704028960317,0.46510391346621294,-0.03308168754896745,8.26432620948414e-06,0.03308995187517694,0.00024975334628498,121,18
8,3700,scandal,0.10257462709116784,0.4837455499344201,-0.03034182699196022,1.3888503097136193e-05,0.030355715495057358,0.0004575251437884919,72,18
8,3700,duty,0.1242907055574057,0.4833468559837728,-0.017535774388436523,0.01177619350132938,0.0293119678897659,0.40175376642109434,85,18
8,3700,class,0.14161213567911182,0.4656101652568084,-0.03179367373892196,1.0100806044322337e-05,0.03180377454496628,0.0003175977124892378,99,18
8,3700,society,0.19475302150509777,0.4915658861537582,-0.014689731289113233,0.015274575960672354,0.029964307249785587,0.5097590220535432,131,18
8,3741,female,0.24404761904761907,0.5093105570944907,0.015842591685771103,0.01974316127419376,0.0039005695884226574,5.06160980379177,152,5
8,3741,male,0.20723236663086286,0.5112216631805077,0.009403930306052872,0.0150448865430595,0.005640956237006628,2.667080882793018,133,5
8,3741,family,0.17894736842105263,0.4926739926739927,-0.009150903888651222,8.403220113947665e-06,0.00915930710876517,0.0009174515073294785,119,5
8,3741,marriage,0.2418437397842432,0.49615498373262346,-0.0017211464910317767,0.006217314070632662,0.007938460561664439,0.7831888842370092,161,5
8,3741,love,0.13082706766917293,0.4930795847750865,-0.008640725207829431,1.1493988643939221e-05,0.00865221919647337,0.0013284439958820863,87,5
8,3741,wealth,0.18796992481203006,0.4925925925925926,-0.00925307693882458,7.999872002047968e-06,0.009261076810826628,0.0008638166127541378,125,5
8,3741,emotion,0.18195488721804512,0.49264705882352944,-0.009184716581948943,8.26432620948414e-06,0.009192980908158427,0.0008989822007843917,121,5
8,3741,scandal,0.10827067669172932,0.49325463743676223,-0.008419472598551763,1.3888503097136193e-05,0.0084333611016489,0.0016468526519958745,72,5
8,3741,duty,0.12781954887218044,0.49310344827586206,-0.008610619631672362,1.1764429072257124e-05,0.00862238406074462,0.0013644055968758083,85,5
8,3741,class,0.1498329156223893,0.5046935788985258,-0.008825557018486335,1.0100806044322337e-05,0.008835657824530658,0.0011431866470808807,99,5
8,3741,society,0.19676098643555456,0.4972410441147039,-0.009357499992674899,7.63347124471382e-06,0.009365133463919612,0.0008150947632842244,131,5
8,3797,female,0.22858849507122256,0.4450600184672206,-0.04263671248848163,0.01974316127419376,0.06237987376267539,0.31649889752887667,152,35
8,3797,male,0.19356387510471215,0.47483605630617903,-0.0187917068086774,0.03760093833175441,0.05639264514043181,0.6667702541253719,133,35
8,3797,family,0.17309869403816985,0.4808692707852371,-0.03339161186047741,0.02521806356195694,0.05860967542243435,0.4302713396681568,119,35
8,3797,marriage,0.23046120635280432,0.480411367445529,-0.03665905357527492,0.024850622973627657,0.06150967654890258,0.4040116021983376,161,35
8,3797,love,0.1261672540254457,0.4589150061647377,-0.03409548687241136,0.02299947127652238,0.05709495814893374,0.402828411155409,87,35
8,3797,wealth,0.17836733911842206,0.47379259259259265,-0.035253275748181365,0.02400761587814595,0.05926089162632731,0.4051173584954159,125,35
8,3797,emotion,0.23823319687840358,0.5597122630043753,0.10741185801226297,0.1405018098874399,0.03308995187517694,4.246056640190945,121,35
8,3797,scandal,0.10221893645940175,0.4687675660483418,-0.04343468314824982,0.013902391600233327,0.057337074748483145,0.2424677516419452,72,35
8,3797,duty,0.14316056453103368,0.48975659229208923,0.007108226085818924,0.05883390979035788,0.051725683704538956,1.1374215974656658,85,35
8,3797,class,0.15568211790611816,0.5320876610629262,-0.014358566282068226,0.04041332498333367,0.0547718912654019,0.7378479006096319,99,35
8,3797,society,0.1972672827033882,0.5180690167824571,-0.02751257123495737,0.0305415184501,0.05805408968505737,0.5260872854136759,131,35
8,3798,female,0.23469728800611153,0.5109520878218938,0.0034158004638827275,0.01316430046973066,0.009748500005847932,1.3503924152929438,152,7
8,3798,male,0.20793587284803886,0.5157442478376393,0.0150429220540095,0.02256357047262447,0.007520648418614969,3.000216100220205,133,7
8,3798,family,0.18445638223391428,0.505155908517253,0.007655536339244108,0.01681484344800928,0.00915930710876517,1.8358204661662865,119,7
8,3798,marriage,0.24967001866429073,0.5130508725229221,0.0025058373659947713,0.012428417038297659,0.009922579672302888,1.2525389009207788,161,7
8,3798,love,0.13082706766917293,0.4757785467128028,-0.012100920847290886,1.1493988643939221e-05,0.012112414835934825,0.0009489427829775269,87,7
8,3798,wealth,0.2024036454773297,0.5036740740740742,0.006746667065271356,0.016007743876097984,0.009261076810826628,1.7284970421210297,125,7
8,3798,emotion,0.18012800596532655,0.4841699076324744,-0.012861173653797945,8.26432620948414e-06,0.012869437980007429,0.0006421668313473005,121,7
8,3798,scandal,0.10827067669172932,0.4763912310286678,-0.011792142505229987,1.3888503097136193e-05,0.011806031008327124,0.0011763905317683692,72,7
8,3798,duty,0.12700783099617557,0.48255578093306284,-0.012058883603175908,1.1764429072257124e-05,0.012070648032248166,0.0009746311084419351,85,7
8,3798,class,0.1475599360766825,0.48699004176035976,-0.012359113437014891,1.0100806044322337e-05,0.012369214243059213,0.0008166085448130736,99,7
8,3798,society,0.1966355137206885,0.48346055979643765,-0.013102804317377804,7.63347124471382e-06,0.013110437788622517,0.0005822438096427295,131,7
8,3814,female,0.2264211709614594,0.4921321945213911,-0.019488471840752256,6.578860804463099e-06,0.01949505070155672,0.00033746312871093485,152,10
8,3814,male,0.20100250626566415,0.4850754706314659,-0.009392906713162136,0.007526202613494532,0.01691910932665667,0.4448344453447023,133,10
8,3814,family,0.1783199967293419,0.4960445716748237,-0.008073664265617512,0.008411623334061612,0.016485287599679124,0.5102503236713377,119,10
8,3814,marriage,0.24530892448512587,0.4875591540964212,-0.0034465199659205765,0.012428417038297659,0.015874937004218236,0.7828955185278736,161,10
8,3814,love,0.13625010802869242,0.5018693075607525,0.009156958620856828,0.02299947127652238,0.013842512655665551,1.6615098607439234,87,10
8,3814,wealth,0.1905563909774436,0.5051407407407408,0.011042849080985939,0.02400761587814595,0.012964766797160012,1.851758404289475,125,10
8,3814,emotion,0.21775041576617707,0.5359899124939231,0.022034359720063124,0.033065569164146054,0.011031209444082929,2.997456383070014,121,10
8,3814,scandal,0.13687137667400825,0.5293235900318531,0.029873366786178586,0.04167939779450571,0.011806031008327124,3.530347985836876,72,10
8,3814,duty,0.12781954887218044,0.4818965517241379,-0.017231279560431228,1.1764429072257124e-05,0.017243043989503486,0.0006822710119359622,85,10
8,3814,class,0.15437330700488597,0.49935753292643753,0.006075720442365507,0.020211712894688996,0.01413599245232349,1.4298050144994987,99,10
8,3814,society,0.19699248120300752,0.4803370786516854,-0.018720760804432156,7.63347124471382e-06,0.01872839427567687,0.000407588132326969,131,10
8,3838,female,0.21280185418165945,0.4469580383707807,-0.09721739638445086,0.01974316127419376,0.11696055765864462,0.16880187363372862,152,63
8,3838,male,0.18979586025535558,0.4882624795070383,-0.052626335671364294,0.052638306190884346,0.10526464186224864,0.5000568591613868,133,63
8,3838,family,0.17253896934431087,0.45327361713916337,-0.04373461435017047,0.058830944017747605,0.10256555836791807,0.573593562530402,119,63
8,3838,marriage,0.2821235450417871,0.5497079266489203,0.030713942501400193,0.11801716748860262,0.08730322498720243,1.3518076509149652,161,63
8,3838,love,0.12647586291716165,0.43561826353259353,-0.04286596643386189,0.05748143720834004,0.10034740364220193,0.5728243593897323,87,63
8,3838,wealth,0.17499311047459554,0.4364962962962963,-0.08710493555684874,0.02400761587814595,0.1111125514349947,0.21606574205953055,125,63
8,3838,emotion,0.18988945103794672,0.5248921366067089,0.005428685279333725,0.09918017884001917,0.09375149356068545,1.0579050537980157,121,63
8,3838,scandal,0.10732810736886239,0.46445802885516196,-0.07507722379126965,0.027790894697369516,0.10286811848863917,0.2701604258482535,72,63
8,3838,duty,0.12132582490876605,0.4674645030425963,-0.027678908457221832,0.070598338862615,0.09827724731983684,0.7183589364498477,85,63
8,3838,class,0.14201128746433864,0.4617999785844309,-0.063828356141468,0.04041332498333367,0.10424168112480169,0.3876887301401229,99,63
8,3838,society,0.28485699576222095,0.5685093061154474,0.11017563636050745,0.18321094334437643,0.07303530698386898,2.508525683096437,131,63
8,3854,female,0.23800013470512385,0.5124781984200266,0.003658794164731763,0.08553176931882474,0.08187297515409298,1.0446886674974356,152,55
8,3854,male,0.18659407762757796,0.46756458816213464,-0.018792045996150974,0.06767567405001428,0.08646772004616525,0.7826698103419341,133,55
8,3854,family,0.22333798732176485,0.5599316649736817,0.07326449899841898,0.14286314515722426,0.06959864615880527,2.052671323939212,119,55
8,3854,marriage,0.22267884937015758,0.4539830424923592,-0.03536532539652669,0.05590613781195264,0.09127146320847933,0.6125259292013443,161,55
8,3854,love,0.14651049800478022,0.5312214135146959,0.0503193349060036,0.12644536907197534,0.07612603416597175,1.6610003457507745,87,55
8,3854,wealth,0.24578971434725588,0.5827407407407407,0.01637527734541673,0.09600646389657766,0.07963118655116093,1.2056389971495702,125,55
8,3854,emotion,0.20231771459790043,0.5578056635877492,0.010031958821321088,0.09091585263053503,0.08088389380921394,1.1240291280222003,121,55
8,3854,scandal,0.10378034544606499,0.4989226157017051,-0.030436868063606133,0.05556790089164191,0.08600476895524804,0.6461025541491793,72,55
8,3854,duty,0.12373802328071988,0.43963488843813386,-0.01388585257120764,0.070598338862615,0.08448419143382264,0.8356396346301045,85,55
8,3854,class,0.15347804839805052,0.5235749723382231,0.009643790800579297,0.09091735520494536,0.08127356440436606,1.1186583961234824,99,55
8,3854,society,0.17914215261716718,0.454998999342425,-0.045953367667855856,0.04580846093952764,0.0917618286073835,0.49921041934579,131,55
8,3856,female,0.2287124060150376,0.49066379398789367,-0.005112370479722129,0.006585439665267561,0.01169781014498969,0.562963459235592,152,7
8,3856,male,0.2042248478338704,0.5010458477019616,0.0150429220540095,0.02256357047262447,0.007520648418614969,3.000216100220205,133,7
8,3856,family,0.17894736842105263,0.48717948717948717,-0.0128138941341082,8.403220113947665e-06,0.012822297354222148,0.0006553599469072738,119,7
8,3856,marriage,0.24125440412625768,0.4942817706792862,-0.013884606790612123,6.211102967664998e-06,0.013890817893579788,0.0004471373114817506,161,7
8,3856,love,0.13082706766917293,0.48788927335640137,-0.012100920847290886,1.1493988643939221e-05,0.012112414835934825,0.0009489427829775269,87,7
8,3856,wealth,0.18745129490392648,0.4968296296296296,-0.012956766925157964,7.999872002047968e-06,0.012964766797160012,0.0006170471190568061,125,7
8,3856,emotion,0.18658460576685892,0.5023395721925132,0.007343935837019339,0.016536916745177765,0.009192980908158427,1.7988633837695678,121,7
8,3856,scandal,0.13451336675020886,0.511687277496721,0.019357533595720615,0.027790894697369516,0.0084333611016489,3.295352156643744,72,7
8,3856,duty,0.1408288821601515,0.5280324543610547,0.0014296774548329862,0.01177619350132938,0.010346516046496394,1.138179600482902,85,7
8,3856,class,0.15144640934114623,0.5053003533568905,-0.000491529183428277,0.010110906850366658,0.010602436033794935,0.953639976434172,99,7
8,3856,society,0.19699248120300752,0.4868913857677903,-0.013102804317377804,7.63347124471382e-06,0.013110437788622517,0.0005822438096427295,131,7
8,3867,female,0.23666862892869084,0.5144146917000103,-0.0012137502014386136,0.006585439665267561,0.0077991898667061745,0.8443748359731122,152,5
8,3867,male,0.20571278756960357,0.5056108315902539,5.554194879563504e-06,0.007526202613494532,0.007520648418614969,1.0007385259314978,133,5
8,3867,family,0.17738658216322967,0.48361652353248985,-0.009150903888651222,8.403220113947665e-06,0.00915930710876517,0.0009174515073294785,119,5
8,3867,marriage,0.2440987379890109,0.4997535245982451,0.0064740755872716715,0.012428417038297659,0.0059543414510259875,2.0872865854995335,161,5
8,3867,love,0.1326724596234578,0.49492900608519275,-0.008640725207829431,1.1493988643939221e-05,0.00865221919647337,0.0013284439958820863,87,5
8,3867,wealth,0.195534399323873,0.5170814814814816,0.0005986400563900785,0.008007871874050014,0.007409231817659936,1.0807965076598656,125,5
8,3867,emotion,0.24047962935522743,0.5299282936315022,0.04132805714509427,0.041329895373630195,1.8382285359245006e-06,22483.533511958372,121,5
8,3867,scandal,0.10724584449629823,0.48300777590406596,-0.008419472598551763,1.3888503097136193e-05,0.0084333611016489,0.0016468526519958745,72,5
8,3867,duty,0.12655148100430103,0.4948478701825558,-0.008610619631672362,1.1764429072257124e-05,0.00862238406074462,0.0013644055968758083,85,5
8,3867,class,0.1485696564643933,0.4921297783488596,-0.008825557018486335,1.0100806044322337e-05,0.008835657824530658,0.0011431866470808807,99,5
8,3867,society,0.19707610188124453,0.49651199359579146,0.00014862341439037408,0.007641104715958534,0.00749248130156816,1.0198363409114455,131,5
8,3888,female,0.2113716312705203,0.4803529291063917,-0.01875851609595977,0.11184721253667715,0.13060572863263692,0.8563729455575457,152,84
8,3888,male,0.1956318045893215,0.5422437673130194,-0.07330311926279283,0.06767567405001428,0.1409787933128071,0.4800415187224211,133,84
8,3888,family,0.2011491663941905,0.5595930679964294,0.02015114043929281,0.14286314515722426,0.12271200471793145,1.1642149069640615,119,84
8,3888,marriage,0.24067534184250633,0.47622744750073936,-0.002757336743703806,0.12422827045626762,0.12698560719997143,0.9782862262465701,161,84
8,3888,love,0.11825078204665215,0.4566280873404128,-0.06597393418453724,0.06897542585227927,0.1349493600368165,0.51112080733803,87,84
8,3888,wealth,0.20878938983608586,0.5249333333333334,0.0020786405244413164,0.12800595190476954,0.12592731138032823,1.016506669606777,125,84
8,3888,emotion,0.233722424325626,0.5885391346621294,0.08805654296982295,0.1983520933538289,0.11029555038400594,1.7983689519789887,121,84
8,3888,scandal,0.11803398901324066,0.5372868652801199,-0.0014663914580639037,0.12501041637732285,0.12647680783538676,0.9884058470153606,72,84
8,3888,duty,0.1747209314823261,0.5242190669371197,0.044022808306062075,0.16471377144067198,0.1206909631346099,1.3647564586554628,85,84
8,3888,class,0.1496034678991138,0.4896491415926045,0.017745143999848292,0.14142138542655705,0.12367624142670876,1.1434806216133329,99,84
8,3888,society,0.19622209367284738,0.48946450524630475,-0.014705169712460525,0.11450970214195202,0.12921487185441255,0.886195996619374,131,84
8,3941,female,0.24655279178561973,0.5550041038268185,0.014867205634516212,0.09868949092775094,0.08382228529323472,1.1773657874075973,152,58
8,3941,male,0.23847751100964595,0.5496212335349652,0.060154262459583815,0.13534382941609902,0.0751895669565152,1.8000346975342087,133,58
8,3941,family,0.22621586649004904,0.5523440145288885,0.05753529839355738,0.1344599250432766,0.07692462664971923,1.7479438106836678,119,58
8,3941,marriage,0.22726121160654547,0.47011485753721777,-0.03312246065013859,0.06211724077961764,0.09523970142975623,0.6522200284802426,161,58
8,3941,love,0.13702791697135935,0.5323151573002426,-0.007767304407868353,0.08046941449621849,0.08823671890408684,0.911971971473425,87,58
8,3941,wealth,0.17633256023627603,0.5024,-0.058142276600585956,0.04000735988224189,0.09814963648282785,0.4076159761308328,125,58
8,3941,emotion,0.1748795730735558,0.4943941419543023,-0.04599550051349561,0.049594221583114335,0.09558972209660994,0.5188237866459322,121,58
8,3941,scandal,0.10620431358265009,0.5207279370432828,0.011228641227802441,0.09723341018305048,0.08600476895524804,1.1305583558106485,72,58
8,3941,duty,0.13949230668084442,0.5048884381338742,-0.019058248528462968,0.070598338862615,0.08965658739107797,0.7874305828068251,85,58
8,3941,class,0.14614885828475327,0.5016061676839062,-0.07872963360231985,0.020211712894688996,0.09894134649700885,0.20427974360643805,99,58
8,3941,society,0.20810117918661733,0.5104211338879836,-0.004040707119583847,0.08397581716309674,0.08801652428268059,0.9540914941430714,131,58
8,3945,female,0.2308460295475531,0.47874987175541195,-0.018757541453714433,0.006585439665267561,0.025342981118981995,0.259852605109475,152,14
8,3945,male,0.1966121443960779,0.48170473175419753,-0.026310051550768803,7.518683929564969e-06,0.026317570234698367,0.0002856906569348214,133,14
8,3945,family,0.17971845469285772,0.5000923446301597,0.0050697857168208425,0.02521806356195694,0.0201482778451361,1.2516237742270908,119,14
8,3945,marriage,0.24056409610512258,0.4897096519767327,-0.011382996408474377,0.012428417038297659,0.023811413446772036,0.5219520909818376,161,14
8,3945,love,0.13016018932889442,0.49259237163425207,-0.01098751912173603,0.011505482632583159,0.02249300175431919,0.5115138814170198,87,14
8,3945,wealth,0.18512283452018594,0.4832666666666667,-0.016067964882110146,0.008007871874050014,0.024075836756160162,0.33261032440205723,125,14
8,3945,emotion,0.18695575556819577,0.4997265435099659,0.004578890830956479,0.024801242954661906,0.020222352123705427,1.2264272129038096,121,14
8,3945,scandal,0.1070511025280762,0.5047194116544875,-0.02359648717860377,1.3888503097136193e-05,0.023610375681700907,0.0005882372768558768,72,14
8,3945,duty,0.1266618102349299,0.47283975659229205,-0.02412780750343832,1.1764429072257124e-05,0.024139571932510578,0.0004873503600089003,85,14
8,3945,class,0.14673501020250249,0.500205232537388,-0.024726560901864838,1.0100806044322337e-05,0.024736661707909162,0.00040833343493089163,99,14
8,3945,society,0.34161553841380515,0.6060339651771163,0.07835598802388002,0.08397581716309674,0.005619829139216707,14.942770512745255,131,14
8,3955,female,0.28462839659328965,0.5065532984508054,-0.015591800846959464,0.2105301246036236,0.22612192545058307,0.9310469304698276,152,148
8,3955,male,0.22652626505182774,0.5344988410876815,0.022559231671259478,0.24060540443000852,0.21804617275874905,1.1034608009153917,133,148
8,3955,family,0.15881600255086115,0.447602117770185,-0.08682983217865428,0.15126636527117193,0.2380961974498262,0.6353161742636096,119,148
8,3955,marriage,0.23544606275107396,0.5121019422261658,-0.05598396111983356,0.1801281971652526,0.23611215828508617,0.7628925103763594,161,148
8,3955,love,0.11943309379278969,0.4630811756751382,-0.07090750293794423,0.16092733500379303,0.23183483794173726,0.694146472686481,87,148
8,3955,wealth,0.17772950741784446,0.4869925925925926,-0.05732913706693904,0.17600518391705736,0.2333343209839964,0.7543047382574064,125,148
8,3955,emotion,0.1926127437653369,0.5260163466212932,0.051230354633924,0.264466703029702,0.21323634839577799,1.24025150973603,121,148
8,3955,scandal,0.13509861480953933,0.6089797639123102,0.07750622813393662,0.2916724535429572,0.21416622540902056,1.3618975306893102,72,148
8,3955,duty,0.12446629938661505,0.5181135902636916,0.0011211665079930988,0.22353591680195764,0.22241475029396454,1.005040881980652,85,148
8,3955,class,0.20156998703079407,0.5250294464075382,0.047082349649973876,0.2626310579584251,0.21554870830845124,1.2184302101285636,99,148
8,3955,society,0.16894227926667352,0.4249578294307688,-0.14406103151001876,0.1068762308972382,0.25093726240725694,0.4259081727103496,131,148
8,3956,female,0.2985945961303338,0.5811018775007695,0.06335599076996579,0.13158379495006645,0.06822780418010066,1.9285948966025146,152,55
8,3956,male,0.25885237595461486,0.5796822884278365,0.07519171511558212,0.14286251334566397,0.06767079823008185,2.1111397690007716,133,55
8,3956,family,0.21440744062455913,0.5528673007664603,0.06302978376174284,0.1344599250432766,0.07143014128153377,1.8823975793556913,119,55
8,3956,marriage,0.227291692979309,0.45108695652173914,-0.04356054747483014,0.04969503484428764,0.09325558231911778,0.5328907246935615,161,55
8,3956,love,0.12179947821291966,0.4718609553354811,-0.055473356803355967,0.0344934599204616,0.08996681672381757,0.3834020272826491,87,55
8,3956,wealth,0.17286398900253178,0.41851851851851857,-0.08214189260672985,0.016007743876097984,0.09814963648282785,0.16309529458864155,125,55
8,3956,emotion,0.17136076502886763,0.47332280019445794,-0.030378260160313468,0.057858547792598476,0.08823680795291194,0.6557189582698786,121,55
8,3956,scandal,0.10043311357227044,0.41685403784897884,-0.07716138221503206,0.013902391600233327,0.09106377381526538,0.1526665436497663,72,55
8,3956,duty,0.11851544517238334,0.4476470588235294,-0.08132865786125212,0.01177619350132938,0.09310485136258151,0.12648313518424995,85,55
8,3956,class,0.13618747806568782,0.43991148231430915,-0.07342929897452702,0.020211712894688996,0.09364101186921601,0.2158425297956188,99,55
8,3956,society,0.1830956787356034,0.45361237384567005,-0.03644724426079058,0.05344193218424146,0.08988917644503204,0.5945313362207417,131,55
8,3963,female,0.23872180451127817,0.5027316097260695,0.007314420742166244,0.01316430046973066,0.0058498797275644155,2.2503540381267344,152,5
8,3963,male,0.20325814536340853,0.5037593984962406,0.009403930306052872,0.0150448865430595,0.005640956237006628,2.667080882793018,133,5
8,3963,family,0.17894736842105263,0.4945054945054945,-0.009150903888651222,8.403220113947665e-06,0.00915930710876517,0.0009174515073294785,119,5
8,3963,marriage,0.24210526315789474,0.49404761904761907,-0.009916368569335223,6.211102967664998e-06,0.009922579672302888,0.0006259564722242773,161,5
8,3963,love,0.13162215884538936,0.5013920375452413,0.0045833612558405165,0.011505482632583159,0.006922121376742642,1.6621324597944547,87,5
8,3963,wealth,0.18779949874686716,0.4993333333333333,-0.00925307693882458,7.999872002047968e-06,0.009261076810826628,0.0008638166127541378,125,5
8,3963,emotion,0.18996665216760913,0.504587992221682,0.0009178381634596978,0.008272590535693625,0.007354752372233927,1.1247952501840819,121,5
8,3963,scandal,0.10827067669172932,0.49494097807757165,-0.008419472598551763,1.3888503097136193e-05,0.0084333611016489,0.0016468526519958745,72,5
8,3963,duty,0.12781954887218044,0.49482758620689654,-0.008610619631672362,1.1764429072257124e-05,0.00862238406074462,0.0013644055968758083,85,5
8,3963,class,0.14887218045112782,0.49469964664310956,-0.008825557018486335,1.0100806044322337e-05,0.008835657824530658,0.0011431866470808807,99,5
8,3963,society,0.19699248120300752,0.4943820224719101,-0.009357499992674899,7.63347124471382e-06,0.009365133463919612,0.0008150947632842244,131,5
8,3968,female,0.2087863811130985,0.4127039088950446,-0.09234436469715782,0.04605860449204616,0.13840296918920397,0.33278624556637143,152,78
8,3968,male,0.18255482208458446,0.4148623438294986,-0.09022009450666271,0.04511962226131938,0.1353397167679821,0.3333804986332005,133,78
8,3968,family,0.16530349994300506,0.41207252131621874,-0.09167647166445009,0.04202450378985228,0.13370097545430237,0.31431710686285536,119,78
8,3968,marriage,0.2242498172504014,0.4659987183279109,-0.05641439870630069,0.07453944671494764,0.13095384542124833,0.569203954833111,161,78
8,3968,love,0.16032480379325595,0.5969951875273436,0.07664751737054665,0.1839153122916715,0.10726779492112484,1.7145436095259703,87,78
8,3968,wealth,0.18821887978798252,0.5101555555555556,-0.01636544050220254,0.10400633589862562,0.12037177640082816,0.8640425439218326,125,78
8,3968,emotion,0.28673345934426164,0.6376017865824015,0.14959868791241315,0.2396737244012496,0.09007503648883644,2.6608229509659207,121,78
8,3968,scandal,0.1886163582508162,0.6417814315158329,0.16439999876672387,0.2638954473486848,0.09949544858196094,2.6523368767833078,72,78
8,3968,duty,0.21974736492516306,0.6125963488843813,0.14878752762663505,0.2470647749464719,0.09827724731983684,2.513957011228671,85,78
8,3968,class,0.14452608752726667,0.4663597101759646,-0.01912452375891252,0.10101816124926769,0.1201426850081802,0.8408182424219068,99,78
8,3968,society,0.192234450908219,0.47397575549646914,-0.01297538014541709,0.1068762308972382,0.11985161104265529,0.8917379580180121,131,78
8,3979,female,0.23364661654135338,0.4974799938442597,-0.003163060340580371,0.006585439665267561,0.009748500005847932,0.6755336370356005,152,6
8,3979,male,0.20225563909774436,0.4981485669059868,-0.0018741379867287765,0.007526202613494532,0.009400340600223309,0.8006308423032154,133,6
8,3979,family,0.17894736842105263,0.4935897435897436,-0.01098239901137971,8.403220113947665e-06,0.010990802231493658,0.0007645684033058152,119,6
8,3979,marriage,0.24210526315789474,0.4930555555555556,-0.011900487679973674,6.211102967664998e-06,0.011906698782941339,0.0005216477783113119,161,6
8,3979,love,0.13082706766917293,0.4939446366782007,-0.010370823027560159,1.1493988643939221e-05,0.010382317016204097,0.0011070735583293227,87,6
8,3979,wealth,0.18760902255639098,0.4984,-0.01110492193199127,7.999872002047968e-06,0.01111292180399332,0.0007198711682154931,125,6
8,3979,emotion,0.18649516352865636,0.5086594555177443,0.009182164372943839,0.016536916745177765,0.007354752372233927,2.2484668287895584,121,6
8,3979,scandal,0.1168372319688109,0.5096964586846543,0.02104386854905973,0.027790894697369516,0.006747026148309788,4.118984287649824,72,6
8,3979,duty,0.1286687306501548,0.5006896551724138,0.00315380944058476,0.01177619350132938,0.00862238406074462,1.3657700024726838,85,6
8,3979,class,0.15241892610313665,0.49978584430881257,0.0012752490258360009,0.010110906850366658,0.008835657824530658,1.1443298337279613,99,6
8,3979,society,0.19699248120300752,0.4934456928838951,-0.011230152155026351,7.63347124471382e-06,0.011237785626271065,0.0006792682738305178,131,6
8,3993,female,0.19828538299627374,0.3761029034574741,-0.19078477038437797,0.07237404770989854,0.2631588180942765,0.27502041631641455,152,146
8,3993,male,0.1748247184540515,0.35321386172197405,-0.18984403452250992,0.06767567405001428,0.2575197085725242,0.2627980375750241,133,146
8,3993,family,0.16772483584524026,0.4689106411795487,-0.05246269622316885,0.17647602561301493,0.22893872183618377,0.7708439367391979,119,146
8,3993,marriage,0.2383484481296998,0.4931479838312136,-0.0028443904287359933,0.21739481497124258,0.22023920539997857,0.9870849950418348,161,146
8,3993,love,0.13560452009500448,0.528477110925506,0.03834538441087684,0.2528792441553068,0.21453385974442998,1.178738146301839,87,146
8,3993,wealth,0.274336846605428,0.589525925925926,0.13355717582847282,0.3280027519559687,0.19444557612749586,1.686861478088933,125,146
8,3993,emotion,0.1626912580633309,0.46159455517744286,-0.07642639998453929,0.1570304623064082,0.23345686229094748,0.6726315978239915,121,146
8,3993,scandal,0.11784547571747996,0.5516207607270002,0.09645373609109012,0.30556095664009336,0.20910722054900324,1.4612644930978143,72,146
8,3993,duty,0.1798012294981124,0.615841784989858,0.1664321631756034,0.3647090656690431,0.1982769024934397,1.8393925922827579,85,146
8,3993,class,0.2117497239957853,0.5777206695934611,0.1099538273364355,0.31313508818003677,0.20318126084360127,1.5411612610255985,99,146
8,3993,society,0.26567220984914974,0.6301283700717615,0.16388022184077286,0.3511473107280804,0.18726708888730756,1.8751149110750398,131,146
8,4013,female,0.22857142857142856,0.49415204678362573,-0.00974192114504347,6.578860804463099e-06,0.009748500005847932,0.0006748587782573433,152,5
8,4013,male,0.2,0.4943609022556391,-0.009392821916293743,7.518683929564969e-06,0.009400340600223309,0.0007998310112919236,133,5
8,4013,family,0.17954444935869085,0.49961523070766767,0.0010838113480249297,0.008411623334061612,0.007327811986036682,1.1479038148006873,119,5
8,4013,marriage,0.2418437397842432,0.4981267869466627,-0.0017211464910317767,0.006217314070632662,0.007938460561664439,0.7831888842370092,161,5
8,4013,love,0.13082706766917293,0.49480968858131485,-0.008640725207829431,1.1493988643939221e-05,0.00865221919647337,0.0013284439958820863,87,5
8,4013,wealth,0.20928822055137844,0.514162962962963,0.0203020740468194,0.02400761587814595,0.0037055418313265507,6.478840872529727,125,5
8,4013,emotion,0.18195488721804512,0.4944852941176471,-0.009184716581948943,8.26432620948414e-06,0.009192980908158427,0.0008989822007843917,121,5
8,4013,scandal,0.10954469507101088,0.5026934607457373,0.007155365451923539,0.013902391600233327,0.006747026148309788,2.0605213752810965,72,5
8,4013,duty,0.12781954887218044,0.49482758620689654,-0.008610619631672362,1.1764429072257124e-05,0.00862238406074462,0.0013644055968758083,85,5
8,4013,class,0.15073542441963497,0.5006424670735625,0.0030420272351002805,0.010110906850366658,0.007068879615266378,1.430340789380568,99,5
8,4013,society,0.19699248120300752,0.4943820224719101,-0.009357499992674899,7.63347124471382e-06,0.009365133463919612,0.0008150947632842244,131,5
8,4016,female,0.2263715040442014,0.4766915461167538,-0.030453402288564982,0.006585439665267561,0.037038841953832544,0.17779820636126403,152,20
8,4016,male,0.19873791621911924,0.47947877211826556,-0.01879145241807223,0.0150448865430595,0.03383633896113173,0.4446369496385863,133,20
8,4016,family,0.1808137992038921,0.47652137778188197,-0.026388615492902397,0.008411623334061612,0.03480023882696401,0.24171165536089326,119,20
8,4016,marriage,0.2500962088056157,0.5084787538203688,0.0012979551626052695,0.031061725941292653,0.029763770778687384,1.0436085592518767,161,20
8,4016,love,0.12928838848888324,0.48105834625939625,-0.021368106040120405,0.011505482632583159,0.03287358867270356,0.3499916831954126,87,20
8,4016,wealth,0.19128020050125313,0.5003703703703704,0.012227833139748342,0.04000735988224189,0.027779526742493548,1.4401742784049523,125,20
8,4016,emotion,0.17977882346738375,0.47579150461837627,-0.03675814462081645,8.26432620948414e-06,0.03676640894702594,0.00022477926036145745,121,20
8,4016,scandal,0.10717451785963583,0.4918142214727375,-0.01813965884816314,0.013902391600233327,0.03204205044839647,0.4338795865198816,72,20
8,4016,duty,0.14738077307736747,0.5024746450304259,0.019481644814086627,0.047069480718100756,0.02758783590401413,1.7061679241591332,85,20
8,4016,class,0.1467744952845572,0.4786825855730449,-0.03532723015745051,1.0100806044322337e-05,0.03533733096349483,0.00028583952915037973,99,20
8,4016,society,0.19883761962408006,0.4892786688395231,0.000577211200314412,0.0305415184501,0.029964307249785587,1.0192632919721272,131,20
8,4047,female,0.38437064322721476,0.6516876987791115,0.11087036449640579,0.13816265575452955,0.02729229125812375,5.062332599442053,152,35
8,4047,male,0.18527178186472087,0.45466108881225625,-0.04698683514219732,0.0150448865430595,0.06203172168525682,0.24253536955097454,133,35
8,4047,family,0.2816333642201336,0.6330993936035952,0.0996596862163126,0.1344599250432766,0.03480023882696401,3.8637644329966574,119,35
8,4047,marriage,0.2631202041556975,0.5744848664103323,-0.02846383149697148,0.031061725941292653,0.05952555743826413,0.5218216725309284,161,35
8,4047,love,0.12021197449254825,0.4527900409656763,-0.04731957333608131,0.011505482632583159,0.05882505596866447,0.19558812895165673,87,35
8,4047,wealth,0.18647112315350223,0.5231555555555556,-0.015549841757752043,0.04000735988224189,0.05555720163999393,0.7201111413200068,125,35
8,4047,emotion,0.17298639996297568,0.45753828390860474,-0.03402390842345803,0.024801242954661906,0.05882515137811994,0.4216095050027383,121,35
8,4047,scandal,0.09897689937903059,0.44315626756604837,-0.04343468314824982,0.013902391600233327,0.057337074748483145,0.2424677516419452,72,35
8,4047,duty,0.12127468960107286,0.40657200811359034,-0.04684601814621667,0.01177619350132938,0.058622211647546045,0.20088279118383373,85,35
8,4047,class,0.13762081880788812,0.4676446443230895,-0.03809373478924145,0.020211712894688996,0.05830544768393044,0.34665222028494763,99,35
8,4047,society,0.20317439623503936,0.49473940017725937,0.010511922393303716,0.061075403428955274,0.05056348103565156,1.2078955439140755,131,35
8,4058,female,0.22252958613677482,0.44770185698163534,-0.0109603008971474,0.006585439665267561,0.017545740562414962,0.3753298210164475,152,10
8,4058,male,0.21441796598383178,0.5028548815648143,0.018802221620357794,0.03008225440218944,0.011280032781831649,2.6668587743800716,133,10
8,4058,family,0.1801601385391143,0.48502477914242625,0.0021610509710586444,0.01681484344800928,0.014653792476950634,1.1474738347298385,119,10
8,4058,marriage,0.2373366618195089,0.5115843438824805,-0.01983696412252747,6.211102967664998e-06,0.019843175225495134,0.00031300953082205157,161,10
8,4058,love,0.130288364589635,0.4675058664439406,-0.00406712784281312,0.011505482632583159,0.015572610475396279,0.738828127116019,87,10
8,4058,wealth,0.18287162468648532,0.45180740740740744,-0.018512301904658038,7.999872002047968e-06,0.018520301776660086,0.000431951492912374,125,10
8,4058,emotion,0.18597266186349845,0.48369895478852704,0.0018292502292458386,0.016536916745177765,0.014707666515931927,1.1243739260840562,121,10
8,4058,scandal,0.12856824273773135,0.5403316469926924,-0.001276309314772019,0.013902391600233327,0.015178700915005346,0.9159144565246554,72,10
8,4058,duty,0.15882898126830336,0.5722718052738337,-0.003742718502422332,0.01177619350132938,0.015518912003751712,0.7588285504630509,85,10
8,4058,class,0.15207236693728138,0.5093693114894529,-0.017659448064807723,1.0100806044322337e-05,0.017669548870852047,0.0005716504771897786,99,10
8,4058,society,0.20422429545378593,0.5207564971266833,-0.009214637397366884,0.007641104715958534,0.01685574211332542,0.45332354186081697,131,10
8,4071,female,0.22138693913215207,0.48522622345337024,-0.028260611127451506,0.02632202207865686,0.054582633206108365,0.48224170458725524,152,32
8,4071,male,0.18100713991310474,0.4504282322347221,-0.031949382486198996,0.02256357047262447,0.05451295295882347,0.41391209331943585,133,32
8,4071,family,0.17073811711105596,0.4967987194877951,-0.04836655696564426,0.008411623334061612,0.05677818029970587,0.14814887144167666,119,32
8,4071,marriage,0.23102384200661322,0.4757899536626245,-0.022511474165056132,0.031061725941292653,0.053573200106348785,0.5797997110318566,161,32
8,4071,love,0.17097672158603125,0.5504713041403174,0.05043932536880049,0.09196340314015769,0.0415240777713572,2.214700676660861,87,32
8,4071,wealth,0.19581794174731454,0.5384148148148148,-0.00014258978303730713,0.048007231884289854,0.04814982166732716,0.9970386228007341,125,32
8,4071,emotion,0.1806808303452567,0.5022788040836169,-0.018406668070275883,0.033065569164146054,0.05147223723442194,0.6423961914247461,121,32
8,4071,scandal,0.12229408588084101,0.5015223908562862,0.008348835863193432,0.05556790089164191,0.04721906502844848,1.176810698326759,72,32
8,4071,duty,0.13895806039907,0.5462474645030426,-0.014696500072943555,0.035305051645843626,0.05000155171878718,0.7060791201780307,85,32
8,4071,class,0.1718309539431348,0.5312578077595745,0.03841210536007107,0.08081654916062302,0.042404443800551944,1.905850941916263,99,32
8,4071,society,0.23348844632521576,0.5688380936043687,0.01612987888035807,0.061075403428955274,0.0449455245485972,1.3588761960394704,131,32
8,4076,female,0.202154728912614,0.45161331691802614,-0.09429416215742224,0.09868949092775094,0.19298365308517318,0.5113878266346373,152,114
8,4076,male,0.19418039263511486,0.5212420148114647,-0.06390525193282985,0.12030646155696907,0.18421171348979892,0.6530880109476761,133,114
8,4076,family,0.19375235611093433,0.5566996029180902,0.057318723887523515,0.21849212618275324,0.16117340229522972,1.355633889152344,119,114
8,4076,marriage,0.22694612395231867,0.4813541358572415,-0.054085687984553876,0.1304393734239326,0.18452506140848648,0.7068924536731067,161,114
8,4076,love,0.11528654645592039,0.38465974625144167,-0.10465278231278911,0.08046941449621849,0.1851221968090076,0.4346826900439437,87,114
8,4076,wealth,0.17354861750458825,0.4608592592592593,-0.06332842626577415,0.12000607990272155,0.1833345061684957,0.6545744301499576,125,114
8,4076,emotion,0.19078028234804573,0.46815751093825964,-0.0479107510711812,0.13223748367795576,0.18014823474913697,0.7340481790530297,121,114
8,4076,scandal,0.10419709855613084,0.4859237399287989,-0.05205644005823726,0.12501041637732285,0.1770668564355601,0.7060068659552435,72,114
8,4076,duty,0.12680790172777898,0.5002028397565923,0.005787409791517789,0.17647820051292912,0.17069079072141133,1.0339058115907944,85,114
8,4076,class,0.163857138216009,0.5304458007638221,0.024079718989853033,0.19192541564816876,0.16784569665831572,1.1434634278275764,99,114
8,4076,society,0.27534798304032837,0.5811104440060612,0.08121323993004029,0.23664524205737317,0.15543200212733288,1.5225001210624973,131,114
8,4080,female,0.22766575529733424,0.4925105160562224,-0.015589851562468742,6.578860804463099e-06,0.015596430423273204,0.00042181836647853824,152,8
8,4080,male,0.2,0.4887218045112782,-0.015031898461118761,7.518683929564969e-06,0.015039417145048327,0.0004999318694701234,133,8
8,4080,family,0.17894736842105263,0.489010989010989,-0.014645389256836686,8.403220113947665e-06,0.014653792476950634,0.0005734501922687849,119,8
8,4080,marriage,0.24178694430410677,0.5042886719905354,-0.01586872590125057,6.211102967664998e-06,0.015874937004218236,0.0003912521331973382,161,8
8,4080,love,0.13060044747885038,0.49618183987590986,-0.013831018667021612,1.1493988643939221e-05,0.013842512655665551,0.000830339760491716,87,8
8,4080,wealth,0.21628070175438596,0.5185185185185186,0.024598256062533984,0.03200748788019392,0.007409231817659936,4.319946880266857,125,8
8,4080,emotion,0.18266637668551547,0.49907328633932907,0.005505707301094837,0.016536916745177765,0.011031209444082929,1.4991027799357903,121,8
8,4080,scandal,0.10827067669172932,0.48988195615514335,-0.013478477458569097,1.3888503097136193e-05,0.013492365961666234,0.0010293600941129288,72,8
8,4080,duty,0.12925696594427244,0.4964503042596349,-0.0002944545309187859,0.01177619350132938,0.012070648032248166,0.9756057395503769,85,8
8,4080,class,0.14881142249563303,0.4953242674090731,-0.002258307392692555,0.010110906850366658,0.012369214243059213,0.8174251533578866,99,8
8,4080,society,0.19699248120300752,0.4887640449438202,-0.014975456479729253,7.63347124471382e-06,0.014983089950973966,0.0005094724298647182,131,8
8,4097,female,0.2062136343406764,0.46225761772853186,-0.038738092210198125,0.01974316127419376,0.058481253484391885,0.33759812072300116,152,33
8,4097,male,0.19884471980814053,0.5161823732262988,0.0037644297768858956,0.052638306190884346,0.04887387641399845,1.0770233517783883,133,33
8,4097,family,0.1569748114635393,0.4205528365192231,-0.05019805208837274,0.008411623334061612,0.05860967542243435,0.14351936388131453,119,33
8,4097,marriage,0.2487189486239036,0.5244873311643498,-0.008105149119087683,0.04348393187662265,0.051589080995710336,0.8428902208859949,161,33
8,4097,love,0.15181379175703003,0.516266953028676,0.03548514108539983,0.08046941449621849,0.044984273410818655,1.788834372393728,87,33
8,4097,wealth,0.18037044036843386,0.5055777777777777,-0.0512530197522773,0.008007871874050014,0.05926089162632731,0.13512911557944396,125,33
8,4097,emotion,0.17495965563405097,0.45382383325230924,-0.020244896606200387,0.033065569164146054,0.05331046577034644,0.6202453624391009,121,33
8,4097,scandal,0.12779985859184387,0.5066750983698708,0.006662500909854319,0.05556790089164191,0.04890539998178759,1.1362324183259764,72,33
8,4097,duty,0.13792230798585225,0.5011156186612575,0.024045051115331367,0.070598338862615,0.046553287747283636,1.516505971486791,85,33
8,4097,class,0.13928059170666607,0.4790484348788236,-0.02269259411712628,0.030312518939011334,0.053005113056137615,0.5718791488348591,99,33
8,4097,society,0.18681230454662995,0.48641249964262234,-0.014261143503189196,0.03817498969481382,0.05243613319800301,0.7280283149395091,131,33
8,4101,female,0.24790892839823764,0.5104711706166001,0.03947730705632123,0.09211063012328784,0.05263332306696661,1.7500439788751945,152,41
8,4101,male,0.23731839496142335,0.5254466052348917,0.045117148991059015,0.09775040976827415,0.052633260777215134,1.8571984392183616,133,41
8,4101,family,0.25845156806846725,0.5574460553452151,0.11937486118997012,0.1596695853851196,0.04029472419514948,3.9625432006400847,119,41
8,4101,marriage,0.2532032024376216,0.4972148279601696,-0.007587657847588386,0.05590613781195264,0.06349379565954102,0.8804976491064649,161,41
8,4101,love,0.12759395914422797,0.4624348725291334,-0.07092424671813562,1.1493988643939221e-05,0.07093574070677956,0.00016203381439673425,87,41
8,4101,wealth,0.1818080355406229,0.4777407407407408,-0.04636434570718151,0.02400761587814595,0.07037196158532746,0.3411531430553497,125,41
8,4101,emotion,0.17740463429042586,0.45918661886242096,-0.07536094387523096,8.26432620948414e-06,0.07536920820144044,0.00010965122769084023,121,41
8,4101,scandal,0.10594266805005344,0.45945756042720626,-0.06912753091875978,1.3888503097136193e-05,0.06914141942185692,0.00020087095713491963,72,41
8,4101,duty,0.12572795199951323,0.45725152129817437,-0.0571908100607273,0.01177619350132938,0.06896700356205668,0.1707511257983302,85,41
8,4101,class,0.145983831297923,0.46020273405432416,-0.048694404044827125,0.020211712894688996,0.06890611693951612,0.29332247690197016,99,41
8,4101,society,0.19111162263749779,0.4663850530348515,-0.04825460761613135,0.022908047205386174,0.07116265482151753,0.3219110819083373,131,41
8,4108,female,0.23095798063320455,0.49430594028931973,-0.009010990758005644,0.006585439665267561,0.015596430423273204,0.42224018484501674,152,9
8,4108,male,0.24227376464925768,0.5549070043529877,0.01128353769079282,0.02256357047262447,0.011280032781831649,2.0003107177991986,133,9
8,4108,family,0.20252075255542823,0.5184997075753377,0.024461976567139443,0.03362128367590461,0.00915930710876517,3.670723480825244,119,9
8,4108,marriage,0.24619623593144352,0.4727521443359953,-0.009657622933585575,0.006217314070632662,0.015874937004218236,0.3916433853305355,161,9
8,4108,love,0.13397862472272637,0.4892813109016427,0.010887056440587553,0.02299947127652238,0.012112414835934825,1.8988345087380312,87,9
8,4108,wealth,0.18593518278454757,0.47635555555555553,-0.016660456911491345,7.999872002047968e-06,0.016668456783493393,0.0004799407710910719,125,9
8,4108,emotion,0.20203395986570008,0.527862177929023,0.023872588255987627,0.033065569164146054,0.009192980908158427,3.596827785338352,121,9
8,4108,scandal,0.10967871066555278,0.4933249016301293,0.0004100256385670929,0.013902391600233327,0.013492365961666234,1.0303894542070415,72,9
8,4108,duty,0.12781954887218044,0.4689655172413793,-0.015507147574679454,1.1764429072257124e-05,0.015518912003751712,0.0007580704799830678,85,9
8,4108,class,0.1469421027315764,0.4797444408751829,-0.015892669855543443,1.0100806044322337e-05,0.015902770661587767,0.0006351601402443095,99,9
8,4108,society,0.19699248120300752,0.4662921348314607,-0.016848108642080705,7.63347124471382e-06,0.01685574211332542,0.00045287067118962733,131,9
8,4110,female,0.2945488721804512,0.5427631578947368,0.04605665518190701,0.04605860449204616,1.949310139141758e-06,23628.14410034348,152,7
8,4110,male,0.20037593984962404,0.49252360223867947,-0.0037538301683371165,0.007526202613494532,0.011280032781831649,0.6672146046374534,133,7
8,4110,family,0.18584697036709422,0.4933050143134176,-0.0025791788974320468,0.008411623334061612,0.010990802231493658,0.7653329717091208,119,7
8,4110,marriage,0.24148881520571613,0.49120082815734983,-0.005689384712308677,0.006217314070632662,0.011906698782941339,0.522169426089623,161,7
8,4110,love,0.13082706766917293,0.48875432525951557,-0.012100920847290886,1.1493988643939221e-05,0.012112414835934825,0.0009489427829775269,87,7
8,4110,wealth,0.1891328320802005,0.49294814814814814,-0.003105049929943305,0.008007871874050014,0.01111292180399332,0.7205910393837085,125,7
8,4110,emotion,0.18182853828786844,0.4931180116674769,-0.002758618908389304,0.008272590535693625,0.011031209444082929,0.7499259783686787,121,7
8,4110,scandal,0.11371136173767754,0.4969435075885329,0.003782695545245315,0.013902391600233327,0.010119696054988012,1.3737953712559403,72,7
8,4110,duty,0.12781954887218044,0.48879310344827587,-0.012058883603175908,1.1764429072257124e-05,0.012070648032248166,0.0009746311084419351,85,7
8,4110,class,0.1483785220627326,0.49439625941392723,-0.012359113437014891,1.0100806044322337e-05,0.012369214243059213,0.0008166085448130736,99,7
8,4110,society,0.19699248120300752,0.48782771535580527,-0.013102804317377804,7.63347124471382e-06,0.013110437788622517,0.0005822438096427295,131,7
8,4142,female,0.21136348014590267,0.4860341643582641,-0.09161343431011998,0.05263746529650925,0.14425089960662923,0.3649021631039126,152,82
8,4142,male,0.17837388980289554,0.3872180451127819,-0.1165356154554427,0.03008225440218944,0.14661786985763214,0.205174542715663,133,82
8,4142,family,0.17145227700618684,0.4992920245021086,-0.04782887597198329,0.0840406043595906,0.1318694803315739,0.6373013994416357,119,82
8,4142,marriage,0.23656296389189715,0.4985334713595583,-0.06435087514885449,0.07453944671494764,0.13889032186380212,0.5366784792068192,161,82
8,4142,love,0.1751085137413631,0.5883943841228174,0.08295121255529367,0.1954093009356107,0.11245808838031704,1.7376189098380102,87,82
8,4142,wealth,0.20193673145417412,0.5285333333333332,0.015634047505989346,0.1360058239068175,0.12037177640082816,1.1298813390673854,125,82
8,4142,emotion,0.21916729638234383,0.5876731891103549,0.07152789055085466,0.1818234409348606,0.11029555038400594,1.6485111167238753,121,82
8,4142,scandal,0.09943770115373662,0.43608300543376427,-0.09154274985423747,0.04167939779450571,0.13322214764874318,0.31285637208075784,72,82
8,4142,duty,0.14869720210133733,0.5354766734279919,0.06095963333557454,0.17647820051292912,0.11551856717735458,1.5277042022210687,85,82
8,4142,class,0.14557116411597995,0.5044080379769426,-0.04992680510314286,0.08081654916062302,0.13074335426376588,0.6181312206275736,99,82
8,4142,society,0.2105034642069667,0.4868342053349343,0.01755850483343821,0.1374101158760935,0.11985161104265529,1.1465020343034238,131,82
8,4164,female,0.23979786204292783,0.4864060736636914,-0.017539649022733174,0.05263746529650925,0.07017711431924242,0.7500659696023735,152,44
8,4164,male,0.20895791064964,0.48720956526654985,-0.016912184220805843,0.052638306190884346,0.06955049041169019,0.7568358738888195,133,44
8,4164,family,0.17677629531344702,0.46432419121494745,-0.060109783201709954,0.01681484344800928,0.07692462664971923,0.21858856103856125,119,44
8,4164,marriage,0.23824912591364997,0.4910406191462092,-0.005344793101200285,0.06211724077961764,0.06746203388081792,0.920773318047845,161,44
8,4164,love,0.1300416990752744,0.46354850256532637,-0.06289045371365785,0.011505482632583159,0.07439593634624102,0.1546520307087961,87,44
8,4164,wealth,0.1871592149230508,0.4828,-0.04206816369146693,0.03200748788019392,0.07407565157166085,0.43209188445406727,125,44
8,4164,emotion,0.17994671743692503,0.4988605979581916,0.010047363225673317,0.07438720021156675,0.06433983698589343,1.1561608436577178,121,44
8,4164,scandal,0.10714229266860847,0.4653597526700394,-0.05861169772830182,0.013902391600233327,0.07251408932853515,0.1917198675288452,72,44
8,4164,duty,0.2555699216472075,0.6131643002028397,0.22089657620020423,0.258829204018729,0.03793262781852477,6.823392390587394,85,44
8,4164,class,0.147603328264283,0.4614519755862513,-0.06586232292620657,0.010110906850366658,0.07597322977657323,0.13308512590511623,99,44
8,4164,society,0.19151346803429473,0.48490436572604856,-0.06337868751025097,0.015274575960672354,0.07865326347092333,0.19420142644335264,131,44
8,4169,female,0.22109402502419367,0.5155047706986765,-0.023388554082403784,0.15789923816791884,0.18128779225032263,0.8709866020598905,152,117
8,4169,male,0.19509627380322087,0.46758578777771487,-0.06954432847765489,0.12030646155696907,0.18985079003462396,0.6336895492212307,133,117
8,4169,family,0.18939443272444179,0.4838473851078893,-0.030053483374071155,0.15126636527117193,0.1813198486452431,0.8342515527149715,119,117
8,4169,marriage,0.26308370572246287,0.5415927240461402,0.030109397544868688,0.19876150606824758,0.1686521085233789,1.1785296241316563,161,117
8,4169,love,0.14218262872516008,0.5385892693791512,0.022397788864718188,0.1954093009356107,0.17301151207089252,1.12945837300359,87,117
8,4169,wealth,0.19216220484532817,0.5156814814814814,-0.01962537626920091,0.1600054399129614,0.1796308161821623,0.8907460496633846,125,117
8,4169,emotion,0.17003656662692004,0.485058641225085,-0.04332288193354608,0.1405018098874399,0.18382469182098599,0.7643250125695871,121,117
8,4169,scandal,0.11130361000383864,0.5304361064268315,-0.025965768817303975,0.15278742257159525,0.17875319138889922,0.854739551129652,72,117
8,4169,duty,0.1620345206060701,0.5566125760649087,0.041080697008289174,0.2117714877297005,0.17069079072141133,1.2406731894170981,85,117
8,4169,class,0.1503364385354828,0.5279205482385694,0.006911800108473587,0.18182460960384642,0.17491280949537283,1.0395156885729224,99,117
8,4169,society,0.19266715048788602,0.49986419647196734,-0.009959827220601514,0.1679440008549488,0.1779038280755503,0.9440156666144592,131,117
8,4193,female,0.27424812030075185,0.5296052631578947,0.04605665518190701,0.04605860449204616,1.949310139141758e-06,23628.14410034348,152,7
8,4193,male,0.20601503759398496,0.4962971338119736,-0.0037538301683371165,0.007526202613494532,0.011280032781831649,0.6672146046374534,133,7
8,4193,family,0.17837731583861616,0.4968141102594884,-0.0128138941341082,8.403220113947665e-06,0.012822297354222148,0.0006553599469072738,119,7
8,4193,marriage,0.2437070938215103,0.4952060534358671,-0.005689384712308677,0.006217314070632662,0.011906698782941339,0.522169426089623,161,7
8,4193,love,0.13082706766917293,0.4922145328719723,-0.012100920847290886,1.1493988643939221e-05,0.012112414835934825,0.0009489427829775269,87,7
8,4193,wealth,0.18806616541353383,0.4965925925925926,-0.003105049929943305,0.008007871874050014,0.01111292180399332,0.7205910393837085,125,7
8,4193,emotion,0.1816317653638228,0.4967489061740399,-0.002758618908389304,0.008272590535693625,0.011031209444082929,0.7499259783686787,121,7
8,4193,scandal,0.11023913951545532,0.5002225032789956,0.003782695545245315,0.013902391600233327,0.010119696054988012,1.3737953712559403,72,7
8,4193,duty,0.1282765737874097,0.4989655172413793,0.0014296774548329862,0.01177619350132938,0.010346516046496394,1.138179600482902,85,7
8,4193,class,0.14887218045112782,0.4920494699646643,-0.012359113437014891,1.0100806044322337e-05,0.012369214243059213,0.0008166085448130736,99,7
8,4193,society,0.19699248120300752,0.49157303370786515,-0.013102804317377804,7.63347124471382e-06,0.013110437788622517,0.0005822438096427295,131,7
8,4194,female,0.2453427399054334,0.5103685749461372,0.00804535112920407,0.01974316127419376,0.01169781014498969,1.6877655755904213,152,9
8,4194,male,0.22152586014873316,0.5248459494601164,0.030080289913139442,0.03760093833175441,0.007520648418614969,4.9996936745089124,133,9
8,4194,family,0.22781097856064686,0.5453950811093667,0.0346966918038156,0.04202450378985228,0.007327811986036682,5.7349320457724655,119,9
8,4194,marriage,0.24421884279680947,0.49607487922705323,-0.001462400855282129,0.012428417038297659,0.013890817893579788,0.8947217602749828,161,9
8,4194,love,0.13082706766917293,0.4749134948096886,-0.01556111648675234,1.1493988643939221e-05,0.015572610475396279,0.0007380900370789401,87,9
8,4194,wealth,0.1895141301529686,0.4829851851851852,-0.006808739916276688,0.008007871874050014,0.014816611790326702,0.5404657952054622,125,9
8,4194,emotion,0.1808104522895453,0.47827540106951866,-0.016537630725646943,8.26432620948414e-06,0.016545895051856427,0.0004994789452660898,121,9
8,4194,scandal,0.10827067669172932,0.47554806070826305,-0.015164812411908209,1.3888503097136193e-05,0.015178700915005346,0.000914999457067588,72,9
8,4194,duty,0.12781954887218044,0.475,-0.015507147574679454,1.1764429072257124e-05,0.015518912003751712,0.0007580704799830678,85,9
8,4194,class,0.14887218045112782,0.4743816254416961,-0.015892669855543443,1.0100806044322337e-05,0.015902770661587767,0.0006351601402443095,99,9
8,4194,society,0.19393611512749814,0.4913157217600137,-0.016848108642080705,7.63347124471382e-06,0.01685574211332542,0.00045287067118962733,131,9
8,4226,female,0.23194727590880515,0.4841746178311276,0.019009794255894108,0.06579518690543544,0.04678539264954133,1.4063190063805986,152,34
8,4226,male,0.19544307268381103,0.5080558539205157,0.0018847375952775539,0.052638306190884346,0.05075356859560679,1.0371350753531754,133,34
8,4226,family,0.19346337150605578,0.5291655123587896,0.019613459445631837,0.06723416413169526,0.04762070468606343,1.4118683159671932,119,34
8,4226,marriage,0.2628437574941447,0.5226510894212758,0.0308868421617911,0.07453944671494764,0.04365260455315654,1.707560121011155,161,34
8,4226,love,0.14249019759523812,0.5398719325458379,-0.005917216125340741,0.045987448564400825,0.051904664689741566,0.8859983748744606,87,34
8,4226,wealth,0.21382250595861987,0.5540296296296296,0.006005437225843971,0.056007103886337825,0.050001666660493854,1.1201047410179377,125,34
8,4226,emotion,0.18889178000223414,0.510376154594069,0.018327093839509673,0.06612287400208261,0.04779578016257294,1.3834458560104743,121,34
8,4226,scandal,0.10605474421132398,0.5092046093310848,-0.0261735101444354,0.027790894697369516,0.05396440484180492,0.5149856609800985,72,34
8,4226,duty,0.15044226976064257,0.5099188640973631,0.0088323580715707,0.05883390979035788,0.05000155171878718,1.1766416794436294,85,34
8,4226,class,0.159687990612471,0.5172395331405931,0.011143380434369285,0.06061493707197835,0.04947155663760906,1.2252482272747542,99,34
8,4226,society,0.1981718888432872,0.5175829831031821,-0.016133795665540643,0.03817498969481382,0.05430878536035446,0.7029247559268509,131,34
8,4241,female,0.22857142857142856,0.4892787524366472,-0.015589851562468742,6.578860804463099e-06,0.015596430423273204,0.00042181836647853824,152,8
8,4241,male,0.2,0.48966165413533835,-0.015031898461118761,7.518683929564969e-06,0.015039417145048327,0.0004999318694701234,133,8
8,4241,family,0.17837731583861616,0.49499799919967985,-0.014645389256836686,8.403220113947665e-06,0.014653792476950634,0.0005734501922687849,119,8
8,4241,marriage,0.2421542987904544,0.4932096026816523,-0.007673503822947126,0.006217314070632662,0.013890817893579788,0.4475844487932323,161,8
8,4241,love,0.13082706766917293,0.49048442906574397,-0.013831018667021612,1.1493988643939221e-05,0.013842512655665551,0.000830339760491716,87,8
8,4241,wealth,0.19328749145591248,0.514237037037037,0.004894822072104664,0.016007743876097984,0.01111292180399332,1.4404622075992017,125,8
8,4241,emotion,0.1816317653638228,0.4949258629071463,-0.004596847444313804,0.008272590535693625,0.012869437980007429,0.6428089981786478,121,8
8,4241,scandal,0.13304093567251463,0.5065111485853476,0.017671198642381505,0.027790894697369516,0.010119696054988012,2.746218319563573,72,8
8,4241,duty,0.13023735810113518,0.4973225152129817,-0.0002944545309187859,0.01177619350132938,0.012070648032248166,0.9756057395503769,85,8
8,4241,class,0.15681881471355158,0.5081557625727237,0.021476861114480675,0.030312518939011334,0.008835657824530658,3.4307031278897226,99,8
8,4241,society,0.23505758671487884,0.5231151899819881,0.051567407369727654,0.05344193218424146,0.0018745248145138032,28.509589065959172,131,8
8,4258,female,0.2501712568149325,0.5189801990356006,0.01998469298602634,0.03947974368758306,0.01949505070155672,2.02511623539432,152,16
8,4258,male,0.1970708085672917,0.4874286279608796,-0.020671059802812176,0.007526202613494532,0.02819726241630671,0.26691252867424303,133,16
8,4258,family,0.18616858226544206,0.5007002801120448,0.001406795471363867,0.02521806356195694,0.023811268090593075,1.0590810814842977,119,16
8,4258,marriage,0.24129253115850047,0.4918108547766933,-0.007156012551447828,0.018639520005962657,0.025795532557410485,0.7225871365034233,161,16
8,4258,love,0.13086503467628693,0.48491627888477906,-0.0012236282975275382,0.02299947127652238,0.024223099574049917,0.9494850650827572,87,16
8,4258,wealth,0.18968754304060803,0.5038518518518519,-0.009919937873228871,0.016007743876097984,0.025927681749326855,0.6173997363222103,125,16
8,4258,emotion,0.1796154220472564,0.4945004861448712,-0.009200120986301165,0.016536916745177765,0.02573703773147893,0.6425338035040822,121,16
8,4258,scandal,0.1297490886306676,0.5117224095934045,0.019755357066143918,0.04167939779450571,0.021924040728361793,1.9010819359903186,72,16
8,4258,duty,0.13010614772224677,0.48544624746450293,-0.0005989493589240724,0.023540622573586505,0.024139571932510578,0.9751880703778094,85,16
8,4258,class,0.14881142249563303,0.47696041688974555,-0.01639253306680678,0.010110906850366658,0.026503439917173438,0.38149413365144347,99,16
8,4258,society,0.19699248120300752,0.4691011235955056,-0.029956673778540874,7.63347124471382e-06,0.029964307249785587,0.00025475213495929197,131,16
8,4260,female,0.22407065026500203,0.4719721452754693,-0.003164034982825706,0.11184721253667715,0.11501124751950285,0.9724893429813317,152,76
8,4260,male,0.1869690482772342,0.4279001074113855,-0.03007045347640619,0.09023172583870918,0.12030217931511537,0.7500423213581965,133,76
8,4260,family,0.16438962003836474,0.4023224674485179,-0.077778766182317,0.05042772390379994,0.12820649008611693,0.39333206820913713,119,76
8,4260,marriage,0.21699140913879825,0.43330375628512274,-0.07703182671993414,0.05590613781195264,0.13293796453188678,0.4205430556154057,161,76
8,4260,love,0.19375932123646417,0.5356659905341447,0.106555885937348,0.20690328957954993,0.10034740364220193,2.061869884697975,87,76
8,4260,wealth,0.17789133524776832,0.4642740740740741,-0.08162376948237177,0.048007231884289854,0.1296310013666616,0.37033758420280144,125,76
8,4260,emotion,0.19579646020199437,0.5283255347593583,0.042147042784767094,0.14876613609692405,0.10661909331215695,1.3953048321277188,121,76
8,4260,scandal,0.09959446462966742,0.4713556305040285,-0.0502750640332522,0.0694564039887781,0.1197314680220303,0.5801014982579031,72,76
8,4260,duty,0.20037578516775284,0.6559634888438133,0.09828154736610302,0.2000070586574434,0.10172551129134037,1.9661445405042983,85,76
8,4260,class,0.14468655765410476,0.5149641289217262,-0.03932613584755719,0.08081654916062302,0.1201426850081802,0.6726714086209057,99,76
8,4260,society,0.18843084212877617,0.5107928067015467,-0.03774844604191001,0.08397581716309674,0.12172426320500675,0.6898856066269684,131,76
8,4272,female,0.30064265135194945,0.5640774084333641,0.027051003155555545,0.03290088288311996,0.0058498797275644155,5.624198173249276,152,8
8,4272,male,0.19711026669497897,0.48560546102097346,-0.015031898461118761,7.518683929564969e-06,0.015039417145048327,0.0004999318694701234,133,8
8,4272,family,0.18930049333708074,0.498868778280543,0.00582404121651562,0.01681484344800928,0.010990802231493658,1.5299013750149362,119,8
8,4272,marriage,0.24332221336935858,0.5098097209898452,-0.007673503822947126,0.006217314070632662,0.013890817893579788,0.4475844487932323,161,8
8,4272,love,0.13073872420514887,0.4831662888279044,-0.0006069322033516664,0.011505482632583159,0.012112414835934825,0.9498917257605043,87,8
8,4272,wealth,0.19651296794021253,0.49265185185185184,0.004894822072104664,0.016007743876097984,0.01111292180399332,1.4404622075992017,125,8
8,4272,emotion,0.1905687402943243,0.5082568667963053,0.01560826204650348,0.024801242954661906,0.009192980908158427,2.6978455845539595,121,8
8,4272,scandal,0.10828358446392503,0.501241334082818,-0.013478477458569097,1.3888503097136193e-05,0.013492365961666234,0.0010293600941129288,72,8
8,4272,duty,0.1332390889678915,0.5101318458417851,-0.0002944545309187859,0.01177619350132938,0.012070648032248166,0.9756057395503769,85,8
8,4272,class,0.14617577686525554,0.49203162365706543,-0.014125891646279167,1.0100806044322337e-05,0.01413599245232349,0.0007145452346324331,99,8
8,4272,society,0.19556211351108904,0.49547559825027876,-0.005469333072663983,0.007641104715958534,0.013110437788622517,0.5828260534523723,131,8
8,4273,female,0.22874923724824114,0.4681440443213297,0.0034158004638827275,0.01316430046973066,0.009748500005847932,1.3503924152929438,152,7
8,4273,male,0.22022393693567457,0.5040349934987846,0.0150429220540095,0.02256357047262447,0.007520648418614969,3.000216100220205,133,7
8,4273,family,0.1796974658979028,0.48687167174562135,-0.0025791788974320468,0.008411623334061612,0.010990802231493658,0.7653329717091208,119,7
8,4273,marriage,0.23241839187255947,0.4743665582174899,-0.013884606790612123,6.211102967664998e-06,0.013890817893579788,0.0004471373114817506,161,7
8,4273,love,0.1263823619878126,0.4782046692916518,-0.012100920847290886,1.1493988643939221e-05,0.012112414835934825,0.0009489427829775269,87,7
8,4273,wealth,0.182696424896247,0.4721333333333334,-0.003105049929943305,0.008007871874050014,0.01111292180399332,0.7205910393837085,125,7
8,4273,emotion,0.19287678255024318,0.5111129679144385,-0.002758618908389304,0.008272590535693625,0.011031209444082929,0.7499259783686787,121,7
8,4273,scandal,0.1048904806903062,0.5079398538504778,-0.011792142505229987,1.3888503097136193e-05,0.011806031008327124,0.0011763905317683692,72,7
8,4273,duty,0.12747857577578936,0.46098377281947267,0.0014296774548329862,0.01177619350132938,0.010346516046496394,1.138179600482902,85,7
8,4273,class,0.14697622516140257,0.49552057679266165,-0.000491529183428277,0.010110906850366658,0.010602436033794935,0.953639976434172,99,7
8,4273,society,0.22677846787804248,0.5606184063813362,-0.0035966809103125308,0.007641104715958534,0.011237785626271065,0.6799475421043484,131,7
8,4288,female,0.28439849624060154,0.5361842105263158,0.052635515986370104,0.05263746529650925,1.949310139141758e-06,27003.11111938983,152,8
8,4288,male,0.1994360902255639,0.49433263610153205,-0.0056335223499454565,0.007526202613494532,0.013159724963439989,0.5719118472332608,133,8
8,4288,family,0.21079115856869063,0.5207236740850186,0.03652818692654408,0.04202450378985228,0.005496316863308193,7.645939058344626,119,8
8,4288,marriage,0.24489212160836873,0.5013925860199152,0.00871694033365977,0.018639520005962657,0.009922579672302888,1.878495373145056,161,8
8,4288,love,0.13082706766917293,0.49048442906574397,-0.013831018667021612,1.1493988643939221e-05,0.013842512655665551,0.000830339760491716,87,8
8,4288,wealth,0.18796992481203006,0.4898148148148148,-0.014808611918324653,7.999872002047968e-06,0.014816611790326702,0.0005399258693361262,125,8
8,4288,emotion,0.18195488721804512,0.4898897058823529,-0.014699402189722443,8.26432620948414e-06,0.014707666515931927,0.0005619060100370096,121,8
8,4288,scandal,0.10827067669172932,0.49072512647554806,-0.013478477458569097,1.3888503097136193e-05,0.013492365961666234,0.0010293600941129288,72,8
8,4288,duty,0.12781954887218044,0.49051724137931035,-0.01378301558892768,1.1764429072257124e-05,0.013794780017999938,0.0008528174466032547,85,8
8,4288,class,0.14887218045112782,0.4902826855123675,-0.014125891646279167,1.0100806044322337e-05,0.01413599245232349,0.0007145452346324331,99,8
8,4288,society,0.19699248120300752,0.4897003745318352,-0.014975456479729253,7.63347124471382e-06,0.014983089950973966,0.0005094724298647182,131,8
8,4333,female,0.2640977443609023,0.5202369959987689,0.032898933572980814,0.03290088288311996,1.949310139141758e-06,16878.210062250786,152,5
8,4333,male,0.20035505430242276,0.5045508508112386,-0.009392821916293743,7.518683929564969e-06,0.009400340600223309,0.0007998310112919236,133,5
8,4333,family,0.17894736842105263,0.4908424908424908,-0.009150903888651222,8.403220113947665e-06,0.00915930710876517,0.0009174515073294785,119,5
8,4333,marriage,0.24210526315789474,0.49007936507936506,-0.009916368569335223,6.211102967664998e-06,0.009922579672302888,0.0006259564722242773,161,5
8,4333,love,0.14391150289516896,0.5046732689018812,0.017807447719510466,0.02299947127652238,0.005192023557011914,4.429770208001356,87,5
8,4333,wealth,0.18796992481203006,0.49074074074074076,-0.00925307693882458,7.999872002047968e-06,0.009261076810826628,0.0008638166127541378,125,5
8,4333,emotion,0.1816317653638228,0.49583738454059306,-0.009184716581948943,8.26432620948414e-06,0.009192980908158427,0.0008989822007843917,121,5
8,4333,scandal,0.10827067669172932,0.49156829679595276,-0.008419472598551763,1.3888503097136193e-05,0.0084333611016489,0.0016468526519958745,72,5
8,4333,duty,0.12925696594427244,0.49815415821501013,0.004877941426336534,0.01177619350132938,0.006898252074992846,1.7071271637510383,85,5
8,4333,class,0.1483785220627326,0.4970196666309741,-0.008825557018486335,1.0100806044322337e-05,0.008835657824530658,0.0011431866470808807,99,5
8,4333,society,0.19699248120300752,0.49063670411985016,-0.009357499992674899,7.63347124471382e-06,0.009365133463919612,0.0008150947632842244,131,5
8,4339,female,0.22857142857142856,0.4844054580896686,-0.013640541423326985,6.578860804463099e-06,0.013647120284131448,0.00048206952580543853,152,7
8,4339,male,0.2,0.4849624060150376,-0.013152206279510423,7.518683929564969e-06,0.013159724963439989,0.0005713405067265345,133,7
8,4339,family,0.19618163054695562,0.5060947455905439,0.02812496681259642,0.03362128367590461,0.005496316863308193,6.1170570230827535,119,7
8,4339,marriage,0.24098970251716245,0.4881322094055013,-0.013884606790612123,6.211102967664998e-06,0.013890817893579788,0.0004471373114817506,161,7
8,4339,love,0.13082706766917293,0.486159169550173,-0.012100920847290886,1.1493988643939221e-05,0.012112414835934825,0.0009489427829775269,87,7
8,4339,wealth,0.1912406015037594,0.5049037037037036,0.006746667065271356,0.016007743876097984,0.009261076810826628,1.7284970421210297,125,7
8,4339,emotion,0.1933172091066828,0.510634419056879,0.007343935837019339,0.016536916745177765,0.009192980908158427,1.7988633837695678,121,7
8,4339,scandal,0.11047149122807016,0.5020142402098556,0.003782695545245315,0.013902391600233327,0.010119696054988012,1.3737953712559403,72,7
8,4339,duty,0.12781954887218044,0.4862068965517241,-0.012058883603175908,1.1764429072257124e-05,0.012070648032248166,0.0009746311084419351,85,7
8,4339,class,0.14822593674268314,0.4975907484741407,-0.012359113437014891,1.0100806044322337e-05,0.012369214243059213,0.0008166085448130736,99,7
8,4339,society,0.19662515066291686,0.4991565886153758,-0.0035966809103125308,0.007641104715958534,0.011237785626271065,0.6799475421043484,131,7
8,4388,female,0.2860467793299873,0.5510926438904278,0.07821856685381665,0.2302667070170129,0.15204814016319626,1.5144329076853467,152,113
8,4388,male,0.20872179252234757,0.5249378144609643,0.05075495358285817,0.2105306687117487,0.15977571512889052,1.3176637547239056,133,113
8,4388,family,0.17648427885632723,0.49382060516514303,0.007976642826871272,0.17647602561301493,0.16849938278614365,1.0473392999661473,119,113
8,4388,marriage,0.291981212048763,0.5499605639357191,0.029850651909119064,0.1925504031005826,0.16269975119146354,1.183470790147722,161,113
8,4388,love,0.15404382280549073,0.5622141351469594,0.08221452599832088,0.24138525551136758,0.1591707295130467,1.5165178688840872,87,113
8,4388,wealth,0.20138640819079903,0.5315037037037036,0.027188871684324517,0.19200492792115328,0.16481605623682877,1.1649649451876891,125,113
8,4388,emotion,0.16588434434743288,0.39279745989304815,-0.13699551524393452,0.057858547792598476,0.194854063036533,0.29693272437154006,121,113
8,4388,scandal,0.0995551501148346,0.4950932171632003,-0.08151978120584874,0.09723341018305048,0.17875319138889922,0.5439534221851372,72,113
8,4388,duty,0.1416570908450014,0.5756288032454361,0.03448866389328739,0.2000070586574434,0.165518394764156,1.2083675590330685,85,113
8,4388,class,0.14557882993371118,0.48175215048006564,-0.03349142406881578,0.14142138542655705,0.17491280949537283,0.8085250350374694,99,113
8,4388,society,0.212906847857419,0.5631700831975297,0.04506139846413065,0.20611135707851788,0.16104995861438723,1.27979764074789,131,113
8,4390,female,0.2326089226689913,0.510541705140043,-0.003163060340580371,0.006585439665267561,0.009748500005847932,0.6755336370356005,152,6
8,4390,male,0.22698100771409044,0.5292696025778731,0.01692261423561784,0.02256357047262447,0.005640956237006628,3.99995488718733,133,6
8,4390,family,0.17894736842105263,0.47802197802197804,-0.01098239901137971,8.403220113947665e-06,0.010990802231493658,0.0007645684033058152,119,6
8,4390,marriage,0.24599558126570362,0.48853889381839694,-0.003705265601670226,0.006217314070632662,0.009922579672302888,0.6265824286965015,161,6
8,4390,love,0.1482009621755538,0.5191902318736824,0.029301436363449687,0.0344934599204616,0.005192023557011914,6.643548422894588,87,6
8,4390,wealth,0.18679949874686716,0.4825333333333333,-0.01110492193199127,7.999872002047968e-06,0.01111292180399332,0.0007198711682154931,125,6
8,4390,emotion,0.18185915395193533,0.49305724355858044,-0.0009203903724648022,0.008272590535693625,0.009192980908158427,0.899881182985176,121,6
8,4390,scandal,0.10831012716977631,0.4876335019673974,-0.010105807551890875,1.3888503097136193e-05,0.010119696054988012,0.001372422948307633,72,6
8,4390,duty,0.1271765052770334,0.4927180527383367,-0.010334751617424136,1.1764429072257124e-05,0.010346516046496394,0.0011370425579249773,85,6
8,4390,class,0.15275171399573312,0.4908805368169325,0.0012752490258360009,0.010110906850366658,0.008835657824530658,1.1443298337279613,99,6
8,4390,society,0.19534271517432208,0.4869056808760043,-0.011230152155026351,7.63347124471382e-06,0.011237785626271065,0.0006792682738305178,131,6
8,4411,female,0.32359167309813486,0.5638593926336308,0.032898933572980814,0.03290088288311996,1.949310139141758e-06,16878.210062250786,152,5
8,4411,male,0.19520200712976604,0.4758819040081406,-0.009392821916293743,7.518683929564969e-06,0.009400340600223309,0.0007998310112919236,133,5
8,4411,family,0.1753222472809405,0.47489765136823964,-0.009150903888651222,8.403220113947665e-06,0.00915930710876517,0.0009174515073294785,119,5
8,4411,marriage,0.24590773219491543,0.5023107068914522,-0.0017211464910317767,0.006217314070632662,0.007938460561664439,0.7831888842370092,161,5
8,4411,love,0.13610763774103157,0.5183848387225073,-0.008640725207829431,1.1493988643939221e-05,0.00865221919647337,0.0013284439958820863,87,5
8,4411,wealth,0.19645832243031303,0.5272814814814816,-0.00925307693882458,7.999872002047968e-06,0.009261076810826628,0.0008638166127541378,125,5
8,4411,emotion,0.1815701896591711,0.49480432668935337,-0.009184716581948943,8.26432620948414e-06,0.009192980908158427,0.0008989822007843917,121,5
8,4411,scandal,0.10552439936838434,0.47577056398725875,-0.008419472598551763,1.3888503097136193e-05,0.0084333611016489,0.0016468526519958745,72,5
8,4411,duty,0.1436204646027767,0.5207403651115619,0.01836650248434543,0.023540622573586505,0.005174120089241072,4.549686161708261,85,5
8,4411,class,0.15033811310252007,0.4935574829567762,-0.008825557018486335,1.0100806044322337e-05,0.008835657824530658,0.0011431866470808807,99,5
8,4411,society,0.1980271789170467,0.4954898933584927,0.00014862341439037408,0.007641104715958534,0.00749248130156816,1.0198363409114455,131,5
8,4435,female,0.2186430511228776,0.4645211347081153,-0.07723733294908985,0.05921632610097235,0.1364536590500622,0.43396656793800636,152,79
8,4435,male,0.19530183627790026,0.44290943524224086,-0.10149816279944437,0.03760093833175441,0.13909910113119878,0.2703176226568046,133,79
8,4435,family,0.18251581605400743,0.44306953550651035,-0.0935079667871786,0.04202450378985228,0.13553247057703088,0.3100696357900247,119,79
8,4435,marriage,0.3062079194809061,0.5631962930099575,0.09731070167082638,0.1925504031005826,0.09523970142975623,2.0217451357780227,161,79
8,4435,love,0.12905660765019994,0.4740583860318975,-0.07054753154955357,0.05748143720834004,0.1280289687578936,0.4489721175259178,87,79
8,4435,wealth,0.18388493617279453,0.4886370370370371,-0.04777243648101322,0.08000671989248172,0.12777915637349493,0.626132791626814,125,79
8,4435,emotion,0.18434228388723883,0.45167416140009725,-0.09470085451331878,0.041329895373630195,0.13603074988694897,0.30382759344982213,121,79
8,4435,scandal,0.10626854412286321,0.5297100430953718,-0.03975923084279423,0.08334490708591429,0.12310413792870852,0.6770276652560905,72,79
8,4435,duty,0.13267340200115452,0.5266227180527383,0.025666346118803154,0.14118491329615773,0.11551856717735458,1.222183729808349,85,79
8,4435,class,0.14988697278925373,0.5017578612984974,0.002843866538996445,0.12121977333791237,0.11837590679891592,1.0240240317043845,99,79
8,4435,society,0.18911335606977817,0.47489778997627013,-0.05287252593602963,0.07634234591838292,0.12921487185441255,0.5908170230111565,131,79
8,4443,female,0.2280075187969925,0.49353006053144555,-0.00974192114504347,6.578860804463099e-06,0.009748500005847932,0.0006748587782573433,152,5
8,4443,male,0.2,0.48966165413533835,-0.009392821916293743,7.518683929564969e-06,0.009400340600223309,0.0007998310112919236,133,5
8,4443,family,0.17894736842105263,0.4899267399267399,-0.009150903888651222,8.403220113947665e-06,0.00915930710876517,0.0009174515073294785,119,5
8,4443,marriage,0.241306576718476,0.5012447007788623,-0.009916368569335223,6.211102967664998e-06,0.009922579672302888,0.0006259564722242773,161,5
8,4443,love,0.13531962089130875,0.5102414190828461,0.0045833612558405165,0.011505482632583159,0.006922121376742642,1.6621324597944547,87,5
8,4443,wealth,0.19562907268170426,0.49974074074074076,0.0005986400563900785,0.008007871874050014,0.007409231817659936,1.0807965076598656,125,5
8,4443,emotion,0.18721183123097002,0.5000835561497325,0.011020392908868339,0.016536916745177765,0.005516523836309426,2.9977060251847503,121,5
8,4443,scandal,0.10954469507101088,0.4985361626381862,0.007155365451923539,0.013902391600233327,0.006747026148309788,2.0605213752810965,72,5
8,4443,duty,0.12738530819026175,0.49716024340770787,-0.008610619631672362,1.1764429072257124e-05,0.00862238406074462,0.0013644055968758083,85,5
8,4443,class,0.15073542441963497,0.49627012171181784,0.0030420272351002805,0.010110906850366658,0.007068879615266378,1.430340789380568,99,5
8,4443,society,0.19699248120300752,0.4897003745318352,-0.009357499992674899,7.63347124471382e-06,0.009365133463919612,0.0008150947632842244,131,5
8,4448,female,0.23323934837092733,0.4911639478813994,0.005365110603024485,0.01316430046973066,0.0077991898667061745,1.6879061406415563,152,6
8,4448,male,0.20608813700918965,0.49721578382045334,-0.0018741379867287765,0.007526202613494532,0.009400340600223309,0.8006308423032154,133,6
8,4448,family,0.20668830653350778,0.5245174993074152,0.01972174669864875,0.02521806356195694,0.005496316863308193,4.58817498782088,119,6
8,4448,marriage,0.25602956667029897,0.5068396923986986,0.01268517855493667,0.018639520005962657,0.0059543414510259875,3.130408317383359,161,6
8,4448,love,0.13082706766917293,0.4844290657439446,-0.010370823027560159,1.1493988643939221e-05,0.010382317016204097,0.0011070735583293227,87,6
8,4448,wealth,0.1955515258735073,0.5030074074074073,-0.0012532049367766137,0.008007871874050014,0.009261076810826628,0.8646804293668918,125,6
8,4448,emotion,0.18296153607158394,0.49366492464754497,-0.0009203903724648022,0.008272590535693625,0.009192980908158427,0.899881182985176,121,6
8,4448,scandal,0.10827067669172932,0.484822934232715,-0.010105807551890875,1.3888503097136193e-05,0.010119696054988012,0.001372422948307633,72,6
8,4448,duty,0.12781954887218044,0.4844827586206897,-0.010334751617424136,1.1764429072257124e-05,0.010346516046496394,0.0011370425579249773,85,6
8,4448,class,0.14966065300993533,0.5018203233750937,-0.010592335227750613,1.0100806044322337e-05,0.010602436033794935,0.0009526872891450271,99,6
8,4448,society,0.19534204467912786,0.4924521828630243,-0.011230152155026351,7.63347124471382e-06,0.011237785626271065,0.0006792682738305178,131,6
