layer,mode,restored_mean
0,pre,1.540551
1,pre,1.522490
2,pre,1.493434
3,pre,1.468151
4,pre,1.446888
5,pre,1.427204
6,pre,1.328517
7,pre,0.916679
