{
  "n_prompts_per_sex": 64,
  "horizon": 5,
  "policy": "greedy",
  "topk": 50,
  "temperature": 1.0,
  "categories": {
    "appearance": 9,
    "intelligence": 7,
    "virtue": 8,
    "female_roles": 8,
    "male_roles": 8
  },
  "mean_probabilities": {
    "female": {
      "p(appearance)_avg_next5": 0.011259364791681036,
      "p(intelligence)_avg_next5": 0.0049266683646067115,
      "p(virtue)_avg_next5": 0.01187610593789259,
      "p(female_roles)_avg_next5": 0.0499263066945332,
      "p(male_roles)_avg_next5": 0.019552739117432338
    },
    "male": {
      "p(appearance)_avg_next5": 0.0048635178472295594,
      "p(intelligence)_avg_next5": 0.001799193233296137,
      "p(virtue)_avg_next5": 0.006787711432571086,
      "p(female_roles)_avg_next5": 0.009153250146744086,
      "p(male_roles)_avg_next5": 0.05001172496802155
    },
    "delta_female_minus_male": {
      "p(appearance)_avg_next5": 0.006395846944451476,
      "p(intelligence)_avg_next5": 0.0031274751313105746,
      "p(virtue)_avg_next5": 0.005088394505321504,
      "p(female_roles)_avg_next5": 0.040773056547789115,
      "p(male_roles)_avg_next5": -0.030458985850589215
    }
  }
}