{
    "male": {
        "He is a husband": {
            "top_neurons": [
                195,
                171,
                79,
                136,
                215
            ],
            "activation_values": [
                0.005938821937888861,
                0.005800805054605007,
                0.005351884290575981,
                0.005317696835845709,
                0.0052917893044650555
            ]
        },
        "Mr. Darcy is impatient": {
            "top_neurons": [
                54,
                49,
                195,
                77,
                43
            ],
            "activation_values": [
                0.006092773750424385,
                0.005563907325267792,
                0.0053831483237445354,
                0.005353459622710943,
                0.0051707117818295956
            ]
        },
        "A hisband supplied restoratives": {
            "top_neurons": [
                171,
                31,
                79,
                215,
                33
            ],
            "activation_values": [
                0.005759376101195812,
                0.005477409344166517,
                0.0051541924476623535,
                0.0051395767368376255,
                0.005009113810956478
            ]
        }
    },
    "female": {
        "She is a wife": {
            "top_neurons": [
                195,
                74,
                23,
                196,
                49
            ],
            "activation_values": [
                0.006152835674583912,
                0.005520832259207964,
                0.005335614550858736,
                0.005257646553218365,
                0.005216148216277361
            ]
        },
        "Miss Bennet is making tea": {
            "top_neurons": [
                37,
                149,
                215,
                219,
                74
            ],
            "activation_values": [
                0.005938541144132614,
                0.005597948562353849,
                0.005212398711591959,
                0.0051985555328428745,
                0.005183820147067308
            ]
        },
        "A good wife must exhibit patience and grace": {
            "top_neurons": [
                149,
                105,
                215,
                79,
                239
            ],
            "activation_values": [
                0.005368777550756931,
                0.0051165493205189705,
                0.005043665878474712,
                0.004895403049886227,
                0.00483433622866869
            ]
        }
    }
}