{
  "train_losses": [
    10.171056652069092, 7.8221830368042, 6.893487119674683, 6.7247576236724855, 6.574208545684814,
    6.438165998458862, 6.27151575088501, 6.150294256210327, 6.050749969482422, 5.974988317489624,
    5.887409400939942, 5.8111039161682125, 5.7803027629852295, 5.762677383422852,
    5.6817749500274655, 5.685668563842773, 5.629832744598389, 5.591452169418335, 5.629238939285278,
    5.53324670791626, 5.547599172592163, 5.502505874633789, 5.463624620437622, 5.46009521484375,
    5.423179817199707, 5.499909400939941, 5.440549707412719, 5.336129570007325, 5.323039913177491,
    5.372665023803711, 5.383764410018921, 5.358740425109863, 5.3073310375213625, 5.338420486450195,
    5.237149238586426, 5.278311538696289, 5.2498194694519045, 5.239488840103149, 5.274297428131104,
    5.236089372634888, 5.238173961639404, 5.195338869094849, 5.184550142288208, 5.167334413528442,
    5.176923751831055, 5.126225376129151, 5.1659081935882565, 5.12602653503418, 5.084403562545776,
    5.090281009674072, 5.0829092502594, 5.115533018112183, 5.106016349792481, 5.092893886566162,
    5.0542542934417725, 5.033299160003662, 5.0386865615844725, 5.022579288482666, 5.016334390640258,
    5.042916345596313, 5.026316738128662, 4.945505809783936, 4.9462484359741214, 4.934120607376099,
    5.008580303192138, 4.956696319580078, 4.918183517456055, 4.891450834274292, 4.984727287292481,
    4.9510218620300295, 4.915357065200806, 4.934831190109253, 4.896026277542115, 4.912464761734009,
    4.929023218154907, 4.917277431488037, 4.883316469192505, 4.846721363067627, 4.828727197647095,
    4.857112073898316, 4.885670280456543, 4.810623550415039, 4.8277466773986815, 4.816619443893432,
    4.911811065673828, 4.79390959739685, 4.8294844150543215, 4.8271849155426025, 4.825016641616822,
    4.781666612625122, 4.784711742401123, 4.801144790649414, 4.77701621055603, 4.79081654548645,
    4.797099351882935, 4.796007394790649, 4.750703048706055, 4.770083618164063, 4.791966152191162,
    4.8000016689300535, 4.726774120330811, 4.661113500595093, 4.716267156600952, 4.728067016601562,
    4.697023057937622, 4.6994553565979, 4.665991926193238, 4.668585109710693, 4.69166374206543,
    4.684781837463379, 4.70839376449585, 4.658709621429443, 4.7027819633483885, 4.6458563804626465,
    4.669014883041382
  ],
  "val_losses": [
    10.234514236450195, 7.946584272384643, 6.98529806137085, 6.763939428329468, 6.592996072769165,
    6.405495977401733, 6.259984064102173, 6.125901508331299, 6.0427062034606935, 5.962657737731933,
    5.910395908355713, 5.853374910354614, 5.775189971923828, 5.745952987670899, 5.693832874298096,
    5.663017749786377, 5.639393854141235, 5.625007772445679, 5.6068634510040285, 5.5640356063842775,
    5.557789134979248, 5.5238564014434814, 5.491810941696167, 5.465605020523071, 5.44116325378418,
    5.404364395141601, 5.3925474166870115, 5.381777048110962, 5.359930181503296, 5.351389741897583,
    5.308225011825561, 5.251766586303711, 5.2632164478302, 5.249143171310425, 5.237456846237182,
    5.242036581039429, 5.237186527252197, 5.218309640884399, 5.229529857635498, 5.203486967086792,
    5.143342781066894, 5.116726112365723, 5.10515947341919, 5.07573127746582, 5.051288318634033,
    5.066538143157959, 5.047800064086914, 5.031950283050537, 5.0272908210754395, 5.020829534530639,
    5.0287353515625, 5.014927721023559, 5.021696949005127, 5.019336891174317, 4.993692302703858,
    4.974735069274902, 4.938277959823608, 4.912690496444702, 4.931152772903443, 4.946282911300659,
    4.932856464385987, 4.951763534545899, 4.945370721817016, 4.935465097427368, 4.908553504943848,
    4.9240803718566895, 4.90474157333374, 4.888985681533813, 4.868152189254761, 4.856168270111084,
    4.845834732055664, 4.82138409614563, 4.806579828262329, 4.805486249923706, 4.812977743148804,
    4.813189506530762, 4.8110840797424315, 4.791687774658203, 4.77897539138794, 4.772293996810913,
    4.771208095550537, 4.780436897277832, 4.778612565994263, 4.7557720184326175, 4.74021053314209,
    4.74216365814209, 4.747966289520264, 4.730689525604248, 4.734074449539184, 4.752045011520385,
    4.747875356674195, 4.7330577850341795, 4.7199427604675295, 4.735216569900513,
    4.7409059524536135, 4.744849443435669, 4.745873022079468, 4.748775291442871, 4.731782054901123,
    4.706977987289429, 4.703427648544311, 4.70667405128479, 4.718968868255615, 4.69710693359375,
    4.679038047790527, 4.684677600860596, 4.69201340675354, 4.688353633880615, 4.695067691802978,
    4.677538061141968, 4.675891256332397, 4.640071678161621, 4.633339595794678, 4.63653416633606,
    4.651837682723999
  ],
  "track_tokens_seen": [
    6144, 67584, 129024, 190464, 251904, 313344, 374784, 436224, 497664, 559104, 620544, 681984,
    743424, 804864, 866304, 927744, 989184, 1050624, 1112064, 1173504, 1234944, 1296384, 1357824,
    1419264, 1480704, 1542144, 1603584, 1665024, 1726464, 1787904, 1849344, 1910784, 1972224,
    2033664, 2095104, 2156544, 2217984, 2279424, 2340864, 2402304, 2463744, 2525184, 2586624,
    2648064, 2709504, 2770944, 2832384, 2893824, 2955264, 3016704, 3078144, 3139584, 3201024,
    3262464, 3323904, 3385344, 3446784, 3508224, 3569664, 3631104, 3692544, 3753984, 3815424,
    3876864, 3938304, 3999744, 4061184, 4122624, 4184064, 4245504, 4306944, 4368384, 4429824,
    4491264, 4552704, 4614144, 4675584, 4737024, 4798464, 4859904, 4921344, 4982784, 5044224,
    5105664, 5167104, 5228544, 5289984, 5351424, 5412864, 5474304, 5535744, 5597184, 5658624,
    5720064, 5781504, 5842944, 5904384, 5965824, 6027264, 6088704, 6150144, 6211584, 6273024,
    6334464, 6395904, 6457344, 6518784, 6580224, 6641664, 6703104, 6764544, 6825984, 6887424,
    6948864, 7010304
  ]
}
