{"train_losses": [0.5646357463587044, 0.4296048907582445, 0.40433580629575494, 0.38094315248394534, 0.3633628173991632, 0.34898595275677174, 0.33746110880982455, 0.32824598680859096, 0.3212363291898616, 0.31587958567836155, 0.31136095165351074, 0.3078488080558182, 0.30524123651535423, 0.30303444220310743, 0.30038968253878895, 0.29811122687307695, 0.2960324708658065, 0.2936735098563109, 0.2912557582802728, 0.2893906635408765, 0.287565917916548, 0.2862232499049478, 0.2848637790549574, 0.2838606225624349, 0.28275578153982783, 0.28214090536986763, 0.28166227829243984, 0.28111695539001663, 0.2802673163875856, 0.2796682889982947, 0.2791917120979777, 0.278557852059529, 0.27818241567967966, 0.2777476436412907, 0.27731287658273557, 0.2767877736550519, 0.2759289249549226, 0.27511014672035866, 0.2744906287435728, 0.27377619896119093, 0.2733028698474803, 0.2727361684090899, 0.2723010436872749, 0.27195265582001843, 0.27135082290852086, 0.27092095107828135, 0.2703752946125169, 0.2699442437074374, 0.26967837742683265, 0.2694673181715606, 0.2691905266309009, 0.2689137939870623, 0.2686892131113994, 0.2684543676110319, 0.2682659799217411, 0.2680872174461899, 0.2679412541178298, 0.26779662186942554, 0.2676263501698991, 0.26730901496443404, 0.2671072213190254, 0.2669997060611542, 0.26680623968157186, 0.26668273267446324, 0.2664608709163916, 0.26637290877053665, 0.2664046311042263, 0.2663292747700586, 0.26617575510193486, 0.2660870746788207, 0.2658940004910177, 0.2657820140840629, 0.26571481784106127, 0.2656092237918935, 0.26555166049707885, 0.2654406718589008, 0.265411203141144, 0.26540981462130386, 0.265335163847165, 0.2653551867947845, 0.2653854974082412, 0.2653757482413193, 0.2652876593154117, 0.26524680699085845, 0.2652356056810782, 0.26516101938671904, 0.2651226803712005, 0.2651318215913905, 0.26508387609291406, 0.2649613736836053, 0.2649718995556744, 0.26494848035839985, 0.2648845446502024, 0.2648463848806855, 0.2648034993063277, 0.2647342116908824, 0.26474357151059097], "val_losses": [0.44362148103815896, 0.4155263757185541, 0.39197173499678883, 0.3716949506705081, 0.35510629619855705, 0.34169735055572736, 0.33313716414615924, 0.32516714549712167, 0.31915263381794107, 0.3141093912765795, 0.31088484081962975, 0.3075107424681673, 0.30599067831878035, 0.303366510374994, 0.301121090115019, 0.2982082970553175, 0.2963715865743659, 0.2934742219354675, 0.2916061370397187, 0.2926364850886465, 0.2892550211316862, 0.2883034121321443, 0.2882096365107454, 0.2850186766547384, 0.2851510963212775, 0.28356603008237996, 0.28263550379768826, 0.28213643283315354, 0.2816934321649565, 0.28059094998312123, 0.2805915000787932, 0.28168306472518034, 0.2803729541022546, 0.28059787825347055, 0.27921520575602354, 0.278286249480498, 0.27845347390733227, 0.27710353104747626, 0.27580151200719105, 0.27581329680879735, 0.2753053287231593, 0.2747602920816715, 0.2745767971127562, 0.2743527757489883, 0.27628638062589633, 0.2732351318678469, 0.2726738514612534, 0.2720107101666959, 0.2726182865571042, 0.27114946011019303, 0.2713412311681126, 0.2718041261603338, 0.2708186006450483, 0.27104802470810163, 0.27093632164961085, 0.2707271872889433, 0.2720533074116134, 0.26966633654978267, 0.27011674158241955, 0.2690774898574698, 0.26910245689237533, 0.26912975361701746, 0.26885870827539415, 0.26977553467398124, 0.26858518761603406, 0.268730537589384, 0.2688665236491554, 0.2681370379265567, 0.2686618452929856, 0.2685862370797384, 0.2683995225444396, 0.2689168220477134, 0.26731341570376926, 0.2686557235164719, 0.2676647111096769, 0.2687710843124458, 0.26771336484730296, 0.2686348551368459, 0.2673842526262399, 0.26689469180039177, 0.26809370469962074, 0.2691725642550554, 0.2676658817066853, 0.2679052762255962, 0.2683396537921732, 0.2676764553344791, 0.2668792163938257, 0.26729805689248676, 0.2675676069961312, 0.2676201311212932, 0.26715187383409283, 0.2670945551707505, 0.267432590639708, 0.2672877437231908, 0.2676141239895103, 0.2670538466977733, 0.2675492081091219]}