{"train_losses": [1.9058179149469605, 1.039364313548417, 0.9165840226668406, 0.8672063389489817, 0.8286255512775494, 0.7854920965147042, 0.7566170522094304, 0.7349864254665517, 0.716969497825532, 0.7016121615754797, 0.6920449247901714, 0.6834044909724972, 0.6783855521991546, 0.6730574318260795, 0.6682138484872726, 0.6654584197966195, 0.6621690611624588, 0.6605855575591724, 0.6600327727288553, 0.6614102297080501, 0.6590100276564561, 0.6582140301490172, 0.6591849146444924, 0.6555843895847758, 0.6521392760773451, 0.6509797522922602, 0.6493021730058917, 0.6462541953075763, 0.6438941036162549, 0.6419214325809998, 0.640295190851857, 0.6408433420507109, 0.6401786109588337, 0.6385145136326154, 0.637196177506671, 0.6359571195515826, 0.6348911339784836, 0.6338660208262293, 0.6329092795102093, 0.6320700638516005, 0.6313075651897174, 0.6317276368071572, 0.6345745387760381, 0.6370158464468569, 0.6395691596889543, 0.641150717809612, 0.6421931837349466, 0.6410013966044832, 0.6394186774879798, 0.641245280776149, 0.6486877279757037], "val_losses": [1.1585973914669543, 0.9680680218065624, 0.8934816576387876, 0.8587546902157214, 0.8135382675317814, 0.7818705814816754, 0.7530346324904519, 0.7366172552427223, 0.7185665764982745, 0.7067400700581042, 0.6975794312472017, 0.6903290396169797, 0.6866415362217972, 0.6804556587606483, 0.6783520555453755, 0.673641817917913, 0.6731670814120971, 0.6692815579586759, 0.6723872586116129, 0.6711071152190279, 0.6695186607241099, 0.6703472601868484, 0.6683392260930204, 0.6640546638734194, 0.6614505218164473, 0.6623759876376056, 0.6580676874303436, 0.6556821322717098, 0.6533050073222826, 0.6514676544725736, 0.6500730453488663, 0.6521962191627584, 0.6500416576915411, 0.6486713068621135, 0.6473860256871472, 0.646323444794462, 0.6452845310857014, 0.6442392195375074, 0.643168629675387, 0.6425071775064018, 0.642034453625989, 0.6435982153443279, 0.6486902132643617, 0.6499766310409892, 0.6503916866845142, 0.6519384542853304, 0.6532242157474121, 0.651415230648282, 0.6498659918696776, 0.6557566618558454, 0.6620520886733716]}