layer,neuron,primary_concept,primary_AP,secondary_concept,secondary_AP,polarity_score,polarity_flag
1,236,female,0.2732814943341259,marriage,0.2421214326137925,0.11402185018870657,two-strong
1,907,male,0.2798410545850023,female,0.25979784197538,0.07162355990875742,two-strong
1,1406,marriage,0.2677176813000242,female,0.2148148148148148,0.19760691946347628,two-strong
1,1829,family,0.2488013847902828,male,0.2179161189687505,0.12413622907858646,two-strong
