layer,neuron,primary_concept,primary_AP,secondary_concept,secondary_AP,polarity_score,polarity_flag
1,236,female,0.2749996833746353,marriage,0.2393106950382492,0.12977828835529348,two-strong
1,907,male,0.2781716432417868,female,0.2598542308265377,0.0658493156812475,two-strong
1,1406,marriage,0.2653005061673792,female,0.2176060589429778,0.1797751829939427,two-strong
1,1829,family,0.2488013847902828,female,0.2191260365962632,0.11927324319259719,two-strong
