layer,neuron,concept,AP,AUROC,ΔP,P(fire|1),P(fire|0),lift,label_support,neuron_fires_total
6,2,female,0.21255467592924232,0.4072150405252898,-0.003163060340580371,0.006585439665267561,0.009748500005847932,0.6755336370356005,152,6
6,2,male,0.17612813861331944,0.3714455311210357,-0.011272514097902083,7.518683929564969e-06,0.011280032781831649,0.0006665480565808727,133,6
6,2,family,0.1722822957001112,0.4308723489395759,-0.000747683774703559,0.008411623334061612,0.00915930710876517,0.9183689588368078,119,6
6,2,marriage,0.2982324795294585,0.5344572611653357,0.029075622711543566,0.031061725941292653,0.001986103229749088,15.639532457523503,161,6
6,2,love,0.28683218510048825,0.6804180089885853,0.04252552282711964,0.045987448564400825,0.003461925737281186,13.2837767303562,87,6
6,2,wealth,0.25241301912269665,0.6234592592592594,-0.0012532049367766137,0.008007871874050014,0.009261076810826628,0.8646804293668918,125,6
6,2,emotion,0.2834979982076461,0.5797277588721439,0.03948982860916977,0.041329895373630195,0.0018400667644604247,22.46108464618052,121,6
6,2,scandal,0.15797325325501058,0.6540893760539628,0.005469030498584427,0.013902391600233327,0.0084333611016489,1.64849950464787,72,6
6,2,duty,0.1754693733396665,0.61052738336714,0.00315380944058476,0.01177619350132938,0.00862238406074462,1.3657700024726838,85,6
6,2,class,0.169279922878594,0.5594460506121284,-0.010592335227750613,1.0100806044322337e-05,0.010602436033794935,0.0009526872891450271,99,6
6,2,society,0.25252207356636797,0.6060196700689024,0.017288218066169467,0.022908047205386174,0.005619829139216707,4.076288910894329,131,6
6,101,female,0.22459273740399044,0.5155432440751001,-0.018757541453714433,0.006585439665267561,0.025342981118981995,0.259852605109475,152,14
6,101,male,0.19459688961323682,0.49517355418621745,0.0018850767827511203,0.02256357047262447,0.02067849368987335,1.091161223343029,133,14
6,101,family,0.20248241470086237,0.5612398805676116,0.015304500953497002,0.03362128367590461,0.01831678272240761,1.8355452583350724,119,14
6,101,marriage,0.2434226481387759,0.44605885832593906,0.005007447748132523,0.024850622973627657,0.019843175225495134,1.2523511328190282,161,14
6,101,love,0.11961901975356223,0.473630831643002,-0.024211605585405978,1.1493988643939221e-05,0.024223099574049917,0.000474505279901428,87,14
6,101,wealth,0.190172135730326,0.5028444444444444,-0.006216247886895489,0.016007743876097984,0.022223991762993472,0.7202911180894679,125,14
6,101,emotion,0.1771199712128417,0.48585622265435097,-0.015626218659860806,0.008272590535693625,0.02389880919555443,0.34615074197447093,121,14
6,101,scandal,0.1021755680979529,0.4681703204047218,-0.02359648717860377,1.3888503097136193e-05,0.023610375681700907,0.0005882372768558768,72,14
6,101,duty,0.13270916863965262,0.5325659229208924,-0.010639246445429426,0.01177619350132938,0.022415439946758806,0.5253608016962797,85,14
6,101,class,0.15482312342728943,0.5376735553413998,-0.024726560901864838,1.0100806044322337e-05,0.024736661707909162,0.00040833343493089163,99,14
6,101,society,0.19847822861627323,0.5282042485061612,-0.026211369453837965,7.63347124471382e-06,0.02621900292508268,0.0002911426977690307,131,14
6,226,female,0.2287124060150376,0.49550502718785266,-0.003163060340580371,0.006585439665267561,0.009748500005847932,0.6755336370356005,152,6
6,226,male,0.25413533834586466,0.5338345864661654,0.045117742569137774,0.04511962226131938,1.87969218160834e-06,24003.716512241237,133,6
6,226,family,0.18053853120195446,0.5069720195770616,-0.01098239901137971,8.403220113947665e-06,0.010990802231493658,0.0007645684033058152,119,6
6,226,marriage,0.2437070938215103,0.4952060534358671,-0.003705265601670226,0.006217314070632662,0.009922579672302888,0.6265824286965015,161,6
6,226,love,0.13082706766917293,0.4922145328719723,-0.010370823027560159,1.1493988643939221e-05,0.010382317016204097,0.0011070735583293227,87,6
6,226,wealth,0.18779949874686716,0.4965777777777778,-0.0012532049367766137,0.008007871874050014,0.009261076810826628,0.8646804293668918,125,6
6,226,emotion,0.18871559062946625,0.4968400583373846,-0.0009203903724648022,0.008272590535693625,0.009192980908158427,0.899881182985176,121,6
6,226,scandal,0.10954469507101088,0.5001990818812067,0.005469030498584427,0.013902391600233327,0.0084333611016489,1.64849950464787,72,6
6,226,duty,0.13023735810113518,0.49902636916835696,0.00315380944058476,0.01177619350132938,0.00862238406074462,1.3657700024726838,85,6
6,226,class,0.14887218045112782,0.4920494699646643,-0.010592335227750613,1.0100806044322337e-05,0.010602436033794935,0.0009526872891450271,99,6
6,226,society,0.19699248120300752,0.49157303370786515,-0.011230152155026351,7.63347124471382e-06,0.011237785626271065,0.0006792682738305178,131,6
6,263,female,0.22857142857142856,0.48830409356725146,-0.019488471840752256,6.578860804463099e-06,0.01949505070155672,0.00033746312871093485,152,10
6,263,male,0.2,0.4887218045112782,-0.018791282824335443,7.518683929564969e-06,0.018798801508265007,0.00039995549321904266,133,10
6,263,family,0.17954444935869085,0.494166897528242,-0.008073664265617512,0.008411623334061612,0.016485287599679124,0.5102503236713377,119,10
6,263,marriage,0.2446878064727035,0.49636448782411513,-0.0034465199659205765,0.012428417038297659,0.015874937004218236,0.7828955185278736,161,10
6,263,love,0.13123901708293723,0.4962414986278488,-0.00406712784281312,0.011505482632583159,0.015572610475396279,0.738828127116019,87,10
6,263,wealth,0.18796992481203006,0.4888888888888889,-0.018512301904658038,7.999872002047968e-06,0.018520301776660086,0.000431951492912374,125,10
6,263,emotion,0.18565887860146235,0.5041474234321828,0.011931804974654478,0.024801242954661906,0.012869437980007429,1.9271426608732487,121,10
6,263,scandal,0.10896686159844053,0.5052463931047404,-0.001276309314772019,0.013902391600233327,0.015178700915005346,0.9159144565246554,72,10
6,263,duty,0.12781954887218044,0.4896551724137931,-0.017231279560431228,1.1764429072257124e-05,0.017243043989503486,0.0006822710119359622,85,10
6,263,class,0.14887218045112782,0.48939929328621906,-0.017659448064807723,1.0100806044322337e-05,0.017669548870852047,0.0005716504771897786,99,10
6,263,society,0.2705504218561672,0.5458015267175572,0.07634047326622057,0.07634234591838292,1.8726521623514522e-06,40766.94363547887,131,10
6,271,female,0.20938371943952236,0.4241497383810403,-0.08040502284033556,0.06579518690543544,0.146200209745771,0.45003483250398413,152,85
6,271,male,0.18244209043446605,0.4097037707049579,-0.11277631588909443,0.03760093833175441,0.15037725422084883,0.25004405437728255,133,85
6,271,family,0.1683994184178332,0.38815526210484197,-0.11473165276022568,0.03362128367590461,0.1483529364361303,0.2266303888777611,119,85
6,271,marriage,0.2984214443341655,0.5926439416346247,0.10179643116360255,0.20497260903591258,0.10317617787231002,1.9866272744431213,161,85
6,271,love,0.12370416800802175,0.4853140038977052,-0.04125585907692808,0.09196340314015769,0.13321926221708577,0.6903161120169662,87,85
6,271,wealth,0.179966927926718,0.5124592592592593,-0.049031789444798704,0.08800659189452968,0.13703838133932839,0.6422039652961854,125,85
6,271,emotion,0.17657082297687715,0.4201127248420029,-0.09562767098345715,0.049594221583114335,0.14522189256657148,0.3415065091514231,121,85
6,271,scandal,0.1485120751351051,0.6668306164511897,-0.0654520786133042,0.0694564039887781,0.1349084826020823,0.5148408954619078,72,85
6,271,duty,0.14378462237798334,0.5334381338742393,0.028810115262301428,0.15294934236841487,0.12413922710611344,1.2320790610081906,85,85
6,271,class,0.1509913812019045,0.495324267409073,-0.01962438697017585,0.11111896729359003,0.13074335426376588,0.8499014570833567,99,85
6,271,society,0.20717796518904547,0.56542156274123,-0.026083945281877255,0.1068762308972382,0.13296017617911546,0.8038213694336381,131,85
6,376,female,0.22867513676061801,0.5086308607776752,-0.003163060340580371,0.006585439665267561,0.009748500005847932,0.6755336370356005,152,6
6,376,male,0.2002610404741989,0.4936825145570694,-0.0018741379867287765,0.007526202613494532,0.009400340600223309,0.8006308423032154,133,6
6,376,family,0.18354501597786987,0.509034382983963,-0.000747683774703559,0.008411623334061612,0.00915930710876517,0.9183689588368078,119,6
6,376,marriage,0.2575362524593867,0.522250566893424,0.0044899564766332205,0.012428417038297659,0.007938460561664439,1.565595361996259,161,6
6,376,love,0.13182442496354427,0.5140794654575827,-0.010370823027560159,1.1493988643939221e-05,0.010382317016204097,0.0011070735583293227,87,6
6,376,wealth,0.1957803341220023,0.5018592592592592,0.008598512058438049,0.016007743876097984,0.007409231817659936,2.160513298528863,125,6
6,376,emotion,0.1932404349513279,0.5235096621293146,0.009182164372943839,0.016536916745177765,0.007354752372233927,2.2484668287895584,121,6
6,376,scandal,0.11013510492750486,0.5179173693086003,-0.010105807551890875,1.3888503097136193e-05,0.010119696054988012,0.001372422948307633,72,6
6,376,duty,0.1262322738483729,0.46952332657200807,-0.010334751617424136,1.1764429072257124e-05,0.010346516046496394,0.0011370425579249773,85,6
6,376,class,0.14847997261121174,0.5015793982225077,0.0012752490258360009,0.010110906850366658,0.008835657824530658,1.1443298337279613,99,6
6,376,society,0.4968989283137924,0.6858078165651714,0.04580658828736529,0.04580846093952764,1.8726521623514522e-06,24461.796695981273,131,6
6,582,female,0.2266794966995824,0.5504257720324202,-0.00974192114504347,6.578860804463099e-06,0.009748500005847932,0.0006748587782573433,152,5
6,582,male,0.18304904802903402,0.45641359036689466,-0.009392821916293743,7.518683929564969e-06,0.009400340600223309,0.0007998310112919236,133,5
6,582,family,0.197048732008181,0.5401083510327207,0.0010838113480249297,0.008411623334061612,0.007327811986036682,1.1479038148006873,119,5
6,582,marriage,0.2406990935607553,0.5370699004239377,-0.0017211464910317767,0.006217314070632662,0.007938460561664439,0.7831888842370092,161,5
6,582,love,0.19150965167573772,0.6109851648570178,0.017807447719510466,0.02299947127652238,0.005192023557011914,4.429770208001356,87,5
6,582,wealth,0.18359575310323092,0.5116148148148149,-0.00925307693882458,7.999872002047968e-06,0.009261076810826628,0.0008638166127541378,125,5
6,582,emotion,0.2248957382192797,0.5861843704423919,-0.009184716581948943,8.26432620948414e-06,0.009192980908158427,0.0008989822007843917,121,5
6,582,scandal,0.08945102656850203,0.40563518830803824,-0.008419472598551763,1.3888503097136193e-05,0.0084333611016489,0.0016468526519958745,72,5
6,582,duty,0.11580727921115536,0.4477687626774848,-0.008610619631672362,1.1764429072257124e-05,0.00862238406074462,0.0013644055968758083,85,5
6,582,class,0.17110507352346876,0.5159902916086662,0.014909611488686896,0.020211712894688996,0.005302101406002099,3.812019300120676,99,5
6,582,society,0.1950339040802678,0.5210709895073906,-0.009357499992674899,7.63347124471382e-06,0.009365133463919612,0.0008150947632842244,131,5
6,599,female,0.22494064107637515,0.4519082794706063,-0.011691231284185227,6.578860804463099e-06,0.01169781014498969,0.0005624010581774146,152,6
6,599,male,0.19999086109992545,0.5025015546384759,-0.011272514097902083,7.518683929564969e-06,0.011280032781831649,0.0006665480565808727,133,6
6,599,family,0.1897938794652626,0.5000615630867732,0.01972174669864875,0.02521806356195694,0.005496316863308193,4.58817498782088,119,6
6,599,marriage,0.23537045295488518,0.4701764763876566,-0.011900487679973674,6.211102967664998e-06,0.011906698782941339,0.0005216477783113119,161,6
6,599,love,0.13566486352221435,0.518633416855586,-0.010370823027560159,1.1493988643939221e-05,0.010382317016204097,0.0011070735583293227,87,6
6,599,wealth,0.194160059630884,0.5055999999999999,-0.0012532049367766137,0.008007871874050014,0.009261076810826628,0.8646804293668918,125,6
6,599,emotion,0.2003296786946555,0.5251731891103548,-0.0009203903724648022,0.008272590535693625,0.009192980908158427,0.899881182985176,121,6
6,599,scandal,0.10854314451014732,0.5087596027730935,-0.010105807551890875,1.3888503097136193e-05,0.010119696054988012,0.001372422948307633,72,6
6,599,duty,0.12823372420117574,0.46626774847870184,0.00315380944058476,0.01177619350132938,0.00862238406074462,1.3657700024726838,85,6
6,599,class,0.1447428637479703,0.4739443909055217,-0.010592335227750613,1.0100806044322337e-05,0.010602436033794935,0.0009526872891450271,99,6
6,599,society,0.19162793359765698,0.4643051147897189,-0.011230152155026351,7.63347124471382e-06,0.011237785626271065,0.0006792682738305178,131,6
6,641,female,0.2543842416790585,0.5473671386067508,0.03460427536902817,0.06579518690543544,0.03119091153640727,2.109434564825951,152,26
6,641,male,0.23088520096954057,0.5360746791791509,0.03571902727049089,0.06767567405001428,0.03195664677952339,2.117733894760841,133,26
6,641,family,0.26893732912708207,0.5727752639517345,0.09567371184751666,0.11765348481538125,0.02197977296786459,5.352807100512053,119,26
6,641,marriage,0.25698808489380287,0.5183439317756088,0.022174128811988353,0.05590613781195264,0.033732008999964286,1.6573616415895795,161,26
6,641,love,0.12480322649569858,0.46653144016227177,-0.044972779422174716,1.1493988643939221e-05,0.044984273410818655,0.0002555112658754075,87,26
6,641,wealth,0.17884041468337408,0.48708888888888885,-0.03829010480011046,0.008007871874050014,0.046297976674160475,0.17296375455531196,125,26
6,641,emotion,0.1704841272615714,0.46214146815751095,-0.04778751583636345,8.26432620948414e-06,0.04779578016257294,0.0001729091183615141,121,26
6,641,scandal,0.10287777267434246,0.4550777590406595,-0.04383250661867311,1.3888503097136193e-05,0.04384639512177025,0.0003167535907626676,72,26
6,641,duty,0.1232003955721818,0.44247464503042594,-0.031328830274450714,0.01177619350132938,0.04310502377578009,0.273197703411847,85,26
6,641,class,0.14288508528126093,0.4601313488239283,-0.04592789941303618,1.0100806044322337e-05,0.0459380002190805,0.00021987909782600972,99,26
6,641,society,0.1869497486633714,0.49505389255796667,-0.02967094858792485,0.015274575960672354,0.0449455245485972,0.3398464277309062,131,26
6,680,female,0.2275375939849624,0.48763080947983994,-0.011691231284185227,6.578860804463099e-06,0.01169781014498969,0.0005624010581774146,152,6
6,680,male,0.19980958890733325,0.5026358188704845,-0.011272514097902083,7.518683929564969e-06,0.011280032781831649,0.0006665480565808727,133,6
6,680,family,0.22769160295697224,0.5257718472004187,0.04019117717200106,0.04202450378985228,0.0018333266178512167,22.922540565185983,119,6
6,680,marriage,0.24148881520571613,0.4872572217292714,-0.011900487679973674,6.211102967664998e-06,0.011906698782941339,0.0005216477783113119,161,6
6,680,love,0.13404248168313507,0.5051107664160999,0.002853263436109789,0.011505482632583159,0.00865221919647337,1.329772439877968,87,6
6,680,wealth,0.19115388471177944,0.49917037037037043,0.008598512058438049,0.016007743876097984,0.007409231817659936,2.160513298528863,125,6
6,680,emotion,0.18086220468714137,0.49930116674769076,-0.011022945117873445,8.26432620948414e-06,0.011031209444082929,0.0007491768015671116,121,6
6,680,scandal,0.11297920727745289,0.5013818624695521,0.005469030498584427,0.013902391600233327,0.0084333611016489,1.64849950464787,72,6
6,680,duty,0.12863555948695266,0.4988336713995943,-0.010334751617424136,1.1764429072257124e-05,0.010346516046496394,0.0011370425579249773,85,6
6,680,class,0.14887218045112782,0.48498233215547704,-0.010592335227750613,1.0100806044322337e-05,0.010602436033794935,0.0009526872891450271,99,6
6,680,society,0.20312230959077085,0.4889498813506018,-0.0017240287479610783,0.007641104715958534,0.009365133463919612,0.8159098580475086,131,6
6,703,female,0.3535842108710585,0.6219734277213502,0.03825941462533998,0.04605860449204616,0.0077991898667061745,5.905562663983777,152,11
6,703,male,0.23253288518399315,0.5395231499802137,0.016922529438749452,0.03008225440218944,0.013159724963439989,2.2859333674128646,133,11
6,703,family,0.2236652592239254,0.545956844276172,0.04126841679503477,0.05042772390379994,0.00915930710876517,5.505626495484201,119,11
6,703,marriage,0.23450110516356648,0.51451123927832,-0.013625861154862473,0.006217314070632662,0.019843175225495134,0.31332254035287355,161,11
6,703,love,0.10950909940496358,0.3960843972477429,-0.019021312126213795,1.1493988643939221e-05,0.019032806114857734,0.0006039040472525317,87,11
6,703,wealth,0.1883402891128275,0.5121481481481481,-0.02036414689782473,7.999872002047968e-06,0.02037214676982678,0.0003926867448993596,125,11
6,703,emotion,0.15680729644370384,0.4398775522605737,-0.020214087797495943,8.26432620948414e-06,0.020222352123705427,0.00040867284668570793,121,11
6,703,scandal,0.09261276949856086,0.4339750796327525,-0.018537482318586433,1.3888503097136193e-05,0.01855137082168357,0.0007486510420110904,72,11
6,703,duty,0.12804334626119646,0.44693711967545635,0.008021710569834794,0.023540622573586505,0.015518912003751712,1.5168990304461187,85,11
6,703,class,0.17904591544218207,0.5485241103615662,0.004308942233101229,0.020211712894688996,0.015902770661587767,1.2709554406288635,99,11
6,703,society,0.16880018538212863,0.41053406524287384,-0.02059341296678361,7.63347124471382e-06,0.020601046438028323,0.00037053803394435065,131,11
6,739,female,0.2270688977345324,0.4880091310146712,-0.00974192114504347,6.578860804463099e-06,0.009748500005847932,0.0006748587782573433,152,5
6,739,male,0.19896616541353382,0.4848917406297699,-0.009392821916293743,7.518683929564969e-06,0.009400340600223309,0.0007998310112919236,133,5
6,739,family,0.17723448512531947,0.4907578415981777,-0.009150903888651222,8.403220113947665e-06,0.00915930710876517,0.0009174515073294785,119,5
6,739,marriage,0.24036114533826203,0.491385684708666,-0.009916368569335223,6.211102967664998e-06,0.009922579672302888,0.0006259564722242773,161,5
6,739,love,0.13816437645838733,0.4953565604740882,0.017807447719510466,0.02299947127652238,0.005192023557011914,4.429770208001356,87,5
6,739,wealth,0.19090726817042605,0.5003777777777778,0.0005986400563900785,0.008007871874050014,0.007409231817659936,1.0807965076598656,125,5
6,739,emotion,0.19907516725698543,0.5162402771025766,0.011020392908868339,0.016536916745177765,0.005516523836309426,2.9977060251847503,121,5
6,739,scandal,0.10954469507101088,0.4902215664230841,0.007155365451923539,0.013902391600233327,0.006747026148309788,2.0605213752810965,72,5
6,739,duty,0.13781512605042018,0.49542596348884377,0.004877941426336534,0.01177619350132938,0.006898252074992846,1.7071271637510383,85,5
6,739,class,0.1487113099553291,0.4933344041117892,-0.008825557018486335,1.0100806044322337e-05,0.008835657824530658,0.0011431866470808807,99,5
6,739,society,0.19526559719910463,0.4896574892071933,-0.009357499992674899,7.63347124471382e-06,0.009365133463919612,0.0008150947632842244,131,5
6,770,female,0.31086895775986734,0.6139324920488356,0.022421452490234202,0.02632202207865686,0.0039005695884226574,6.748250858037611,152,6
6,770,male,0.25530122958452905,0.5617403471083724,0.01692261423561784,0.02256357047262447,0.005640956237006628,3.99995488718733,133,6
6,770,family,0.17121430062458015,0.5122433588820143,-0.01098239901137971,8.403220113947665e-06,0.010990802231493658,0.0007645684033058152,119,6
6,770,marriage,0.2129780216020525,0.38355885832593906,-0.011900487679973674,6.211102967664998e-06,0.011906698782941339,0.0005216477783113119,161,6
6,770,love,0.20722770532784746,0.5777950125283379,0.016077349899779735,0.02299947127652238,0.006922121376742642,3.322604447601103,87,6
6,770,wealth,0.16580774295408168,0.40659259259259267,-0.01110492193199127,7.999872002047968e-06,0.01111292180399332,0.0007198711682154931,125,6
6,770,emotion,0.17547031081356912,0.46767136606708803,-0.0009203903724648022,0.008272590535693625,0.009192980908158427,0.899881182985176,121,6
6,770,scandal,0.09886576929283314,0.4774100618324902,-0.010105807551890875,1.3888503097136193e-05,0.010119696054988012,0.001372422948307633,72,6
6,770,duty,0.12084031727007499,0.4823529411764706,-0.010334751617424136,1.1764429072257124e-05,0.010346516046496394,0.0011370425579249773,85,6
6,770,class,0.15641523174994895,0.5121444123210908,0.0012752490258360009,0.010110906850366658,0.008835657824530658,1.1443298337279613,99,6
6,770,society,0.17504979287851485,0.40643136918546474,-0.0017240287479610783,0.007641104715958534,0.009365133463919612,0.8159098580475086,131,6
6,851,female,0.24701486986357796,0.5132733148661127,0.023883313264309855,0.03947974368758306,0.015596430423273204,2.531332017237708,152,14
6,851,male,0.2348339519609921,0.5205848267284753,0.04887695733861766,0.06015699012044931,0.011280032781831649,5.333051000703562,133,14
6,851,family,0.2586400513681762,0.5447871456274818,0.07671279237355391,0.0840406043595906,0.007327811986036682,11.468717334487186,119,14
6,851,marriage,0.24542448558370716,0.4808735088238193,0.005007447748132523,0.024850622973627657,0.019843175225495134,1.2523511328190282,161,14
6,851,love,0.12873730704735642,0.4703794296623314,-0.024211605585405978,1.1493988643939221e-05,0.024223099574049917,0.000474505279901428,87,14
6,851,wealth,0.18416165688243258,0.47377037037037034,-0.025919681877324807,7.999872002047968e-06,0.025927681749326855,0.0003085455953634234,125,14
6,851,emotion,0.17787185967390545,0.4742115337870685,-0.025728773405269446,8.26432620948414e-06,0.02573703773147893,0.0003211063485777522,121,14
6,851,scandal,0.10711413951545531,0.4661209480981825,-0.02359648717860377,1.3888503097136193e-05,0.023610375681700907,0.0005882372768558768,72,14
6,851,duty,0.12495867442793582,0.4769979716024341,-0.02412780750343832,1.1764429072257124e-05,0.024139571932510578,0.0004873503600089003,85,14
6,851,class,0.14525144747575824,0.48534818146125575,-0.024726560901864838,1.0100806044322337e-05,0.024736661707909162,0.00040833343493089163,99,14
6,851,society,0.19217618340835713,0.4909297538382366,-0.026211369453837965,7.63347124471382e-06,0.02621900292508268,0.0002911426977690307,131,14
6,881,female,0.29737428165182817,0.5442379706576382,0.018522832211950686,0.02632202207865686,0.0077991898667061745,3.3749687499784446,152,8
6,881,male,0.2036873889859077,0.447050426818927,0.01316322987240116,0.02256357047262447,0.009400340600223309,2.4002928648870627,133,8
6,881,family,0.21883060077832409,0.492558561886293,0.03652818692654408,0.04202450378985228,0.005496316863308193,7.645939058344626,119,8
6,881,marriage,0.230505461530021,0.4607734398107069,-0.007673503822947126,0.006217314070632662,0.013890817893579788,0.4475844487932323,161,8
6,881,love,0.12333485022982454,0.47287515411844255,-0.013831018667021612,1.1493988643939221e-05,0.013842512655665551,0.000830339760491716,87,8
6,881,wealth,0.19480517121274105,0.5261925925925927,-0.004956894923109998,0.008007871874050014,0.012964766797160012,0.6176641661758627,125,8
6,881,emotion,0.17628324447274524,0.4814961108410306,-0.014699402189722443,8.26432620948414e-06,0.014707666515931927,0.0005619060100370096,121,8
6,881,scandal,0.10497273143734602,0.5125070264193367,-0.013478477458569097,1.3888503097136193e-05,0.013492365961666234,0.0010293600941129288,72,8
6,881,duty,0.13025668000577367,0.5145841784989857,-0.0002944545309187859,0.01177619350132938,0.012070648032248166,0.9756057395503769,85,8
6,881,class,0.14486349649447713,0.4881411286004926,-0.002258307392692555,0.010110906850366658,0.012369214243059213,0.8174251533578866,99,8
6,881,society,0.18176345787892845,0.44673642679475084,-0.014975456479729253,7.63347124471382e-06,0.014983089950973966,0.0005094724298647182,131,8
6,1031,female,0.2715207596734877,0.5379603980712014,0.06384295281390921,0.17105695977684504,0.10721400696293583,1.5954721273908214,152,81
6,1031,male,0.21338130119713966,0.520747357114591,0.05451484672728521,0.16541856513435887,0.11090371840707366,1.4915511175711542,133,81
6,1031,family,0.24005853262557375,0.5596931080124358,0.12799277817423982,0.2268953462967009,0.0989025681224611,2.2941299766196677,119,81
6,1031,marriage,0.2636766193896404,0.5637200532386867,0.0031950205882115557,0.12422827045626762,0.12103324986805607,1.02639787488701,161,81
6,1031,love,0.12764616441826518,0.5323549298015352,-0.07400772718901502,0.05748143720834004,0.13148916439735506,0.43715721726085544,87,81
6,1031,wealth,0.17696023373256178,0.4860074074074074,-0.08103127745299056,0.056007103886337825,0.13703838133932839,0.40869647859636354,125,81
6,1031,emotion,0.1692356822641229,0.47140100875060764,-0.10847986633057641,0.033065569164146054,0.14154543549472245,0.23360392405691743,121,81
6,1031,scandal,0.10410994803505302,0.4994964399475361,-0.04313190074947247,0.08334490708591429,0.12647680783538676,0.6589738349004755,72,81
6,1031,duty,0.11475719719386202,0.44078093306288024,-0.08569040631677156,0.047069480718100756,0.13275988703487232,0.3545459533675437,85,81
6,1031,class,0.13679452875631773,0.4579005603740586,-0.04816002689387859,0.08081654916062302,0.1289765760545016,0.626598655602749,99,81
6,1031,society,0.2193324752920678,0.5919961689109987,-0.04711170685366725,0.08397581716309674,0.131087524016764,0.6406087672516949,131,81
6,1035,female,0.32118324057934244,0.6249487021647686,0.005365110603024485,0.01316430046973066,0.0077991898667061745,1.6879061406415563,152,6
6,1035,male,0.19435618024087495,0.5091723670077448,-0.011272514097902083,7.518683929564969e-06,0.011280032781831649,0.0006665480565808727,133,6
6,1035,family,0.20889118629542874,0.5627173946501678,-0.01098239901137971,8.403220113947665e-06,0.010990802231493658,0.0007645684033058152,119,6
6,1035,marriage,0.3458363089537687,0.6168663117420882,0.01268517855493667,0.018639520005962657,0.0059543414510259875,3.130408317383359,161,6
6,1035,love,0.1234105661951296,0.49751421866921214,-0.010370823027560159,1.1493988643939221e-05,0.010382317016204097,0.0011070735583293227,87,6
6,1035,wealth,0.23068094325098182,0.6088,-0.0012532049367766137,0.008007871874050014,0.009261076810826628,0.8646804293668918,125,6
6,1035,emotion,0.1857713348847981,0.5393473505104521,-0.011022945117873445,8.26432620948414e-06,0.011031209444082929,0.0007491768015671116,121,6
6,1035,scandal,0.09706046211093058,0.46662450815064643,-0.010105807551890875,1.3888503097136193e-05,0.010119696054988012,0.001372422948307633,72,6
6,1035,duty,0.12420047255326454,0.4782352941176471,0.00315380944058476,0.01177619350132938,0.00862238406074462,1.3657700024726838,85,6
6,1035,class,0.14184245240267032,0.5088339222614842,-0.010592335227750613,1.0100806044322337e-05,0.010602436033794935,0.0009526872891450271,99,6
6,1035,society,0.1805961265089213,0.4770563513165795,-0.0017240287479610783,0.007641104715958534,0.009365133463919612,0.8159098580475086,131,6
6,1042,female,0.22496047194800659,0.47780086180363185,-0.00974192114504347,6.578860804463099e-06,0.009748500005847932,0.0006748587782573433,152,5
6,1042,male,0.1958181440626071,0.4733591497540844,-0.009392821916293743,7.518683929564969e-06,0.009400340600223309,0.0007998310112919236,133,5
6,1042,family,0.19427361356442657,0.5143749807615354,0.011318526584701085,0.01681484344800928,0.005496316863308193,3.0592929525590074,119,5
6,1042,marriage,0.2538085496942511,0.5164892043774031,0.0064740755872716715,0.012428417038297659,0.0059543414510259875,2.0872865854995335,161,5
6,1042,love,0.1300477438925331,0.48874438213419236,0.0045833612558405165,0.011505482632583159,0.006922121376742642,1.6621324597944547,87,5
6,1042,wealth,0.1911675803702159,0.48041481481481485,0.0005986400563900785,0.008007871874050014,0.007409231817659936,1.0807965076598656,125,5
6,1042,emotion,0.18290766366785433,0.4972198590179873,-0.009184716581948943,8.26432620948414e-06,0.009192980908158427,0.0008989822007843917,121,5
6,1042,scandal,0.10606384035992115,0.49576072700018736,-0.008419472598551763,1.3888503097136193e-05,0.0084333611016489,0.0016468526519958745,72,5
6,1042,duty,0.12431256196153527,0.4757606490872211,-0.008610619631672362,1.1764429072257124e-05,0.00862238406074462,0.0013644055968758083,85,5
6,1042,class,0.1461985700458468,0.48947067851661497,-0.008825557018486335,1.0100806044322337e-05,0.008835657824530658,0.0011431866470808807,99,5
6,1042,society,0.1948937228567602,0.4550704748834949,-0.009357499992674899,7.63347124471382e-06,0.009365133463919612,0.0008150947632842244,131,5
6,1044,female,0.19288278704795175,0.3980904380835129,-0.03703226309302808,6.578860804463099e-06,0.037038841953832544,0.00017762058577548858,152,19
6,1044,male,0.16460010907385325,0.37382695460455645,-0.026310136347637198,0.007526202613494532,0.03383633896113173,0.22242957850485998,133,19
6,1044,family,0.16159761606585155,0.4266937544248468,-0.014322405133497754,0.01681484344800928,0.031137248581507033,0.5400234193285752,119,19
6,1044,marriage,0.3241259270904081,0.6159851621808143,0.0032820742732437187,0.031061725941292653,0.027779651668048935,1.1181467036140156,161,19
6,1044,love,0.10912342326644908,0.40067812114703893,-0.03286209468405962,1.1493988643939221e-05,0.03287358867270356,0.00034964204115425833,87,19
6,1044,wealth,0.2601860522150107,0.5310666666666667,0.05348654611377367,0.07200684789043375,0.018520301776660086,3.887995387704278,125,19
6,1044,emotion,0.15148289182400312,0.3696827904715605,-0.024817361339483313,0.008272590535693625,0.03308995187517694,0.25000309963126494,121,19
6,1044,scandal,0.13716758087423592,0.5538575042158516,0.045846028307077194,0.0694564039887781,0.023610375681700907,2.9417746215562395,72,19
6,1044,duty,0.18716000089521811,0.6193204868154158,0.0346943378578473,0.05883390979035788,0.024139571932510578,2.43723915040451,85,19
6,1044,class,0.14928021896164245,0.5317396580647463,-0.033560451948186236,1.0100806044322337e-05,0.033570552754230557,0.00030088292313711014,99,19
6,1044,society,0.3075847027223585,0.6922977956943134,0.040474356990926955,0.061075403428955274,0.020601046438028323,2.9646748095887494,131,19
6,1074,female,0.223105909021859,0.4706448137888582,0.006096040990062312,0.01974316127419376,0.013647120284131448,1.4466906469421212,152,10
6,1074,male,0.19130519439708044,0.4176465600090452,0.00940384550918448,0.02256357047262447,0.013159724963439989,1.7145928606863297,133,10
6,1074,family,0.16114618685425577,0.4340505432942407,-0.008073664265617512,0.008411623334061612,0.016485287599679124,0.5102503236713377,119,10
6,1074,marriage,0.240645998591872,0.5296509908311151,-0.01983696412252747,6.211102967664998e-06,0.019843175225495134,0.00031300953082205157,161,10
6,1074,love,0.21175558938384598,0.688660859881478,-0.00406712784281312,0.011505482632583159,0.015572610475396279,0.738828127116019,87,10
6,1074,wealth,0.2639227779508666,0.6013185185185185,0.020894566076200598,0.03200748788019392,0.01111292180399332,2.880204544030188,125,10
6,1074,emotion,0.2712654601704711,0.6310008507535245,0.022034359720063124,0.033065569164146054,0.011031209444082929,2.997456383070014,121,10
6,1074,scandal,0.12837317082657662,0.5702876147648491,-0.001276309314772019,0.013902391600233327,0.015178700915005346,0.9159144565246554,72,10
6,1074,duty,0.18620205878741866,0.5969979716024341,0.02323440361359546,0.035305051645843626,0.012070648032248166,2.924867956434247,85,10
6,1074,class,0.18095210990849417,0.5856265838597995,0.006075720442365507,0.020211712894688996,0.01413599245232349,1.4298050144994987,99,10
6,1074,society,0.17688881605526766,0.46809331846642077,-0.018720760804432156,7.63347124471382e-06,0.01872839427567687,0.000407588132326969,131,10
6,1120,female,0.21704698097475292,0.4434954344926644,-0.00974192114504347,6.578860804463099e-06,0.009748500005847932,0.0006748587782573433,152,5
6,1120,male,0.19334287605036957,0.4597348634744757,-0.009392821916293743,7.518683929564969e-06,0.009400340600223309,0.0007998310112919236,133,5
6,1120,family,0.1723933662827302,0.4920044941053345,-0.009150903888651222,8.403220113947665e-06,0.00915930710876517,0.0009174515073294785,119,5
6,1120,marriage,0.28461309120295925,0.5449447895100068,0.0064740755872716715,0.012428417038297659,0.0059543414510259875,2.0872865854995335,161,5
6,1120,love,0.1265802641008904,0.45759257049675855,-0.008640725207829431,1.1493988643939221e-05,0.00865221919647337,0.0013284439958820863,87,5
6,1120,wealth,0.18987193307335962,0.49954814814814813,0.0005986400563900785,0.008007871874050014,0.007409231817659936,1.0807965076598656,125,5
6,1120,emotion,0.17626440376157804,0.43516802382109865,0.0009178381634596978,0.008272590535693625,0.007354752372233927,1.1247952501840819,121,5
6,1120,scandal,0.1032679847065988,0.46685872212853663,-0.008419472598551763,1.3888503097136193e-05,0.0084333611016489,0.0016468526519958745,72,5
6,1120,duty,0.12154593293296746,0.4285294117647059,-0.008610619631672362,1.1764429072257124e-05,0.00862238406074462,0.0013644055968758083,85,5
6,1120,class,0.18440669789129516,0.5429292929292929,0.014909611488686896,0.020211712894688996,0.005302101406002099,3.812019300120676,99,5
6,1120,society,0.19124885451999496,0.5161320296194642,-0.009357499992674899,7.63347124471382e-06,0.009365133463919612,0.0008150947632842244,131,5
6,1152,female,0.22634410545594755,0.46365548373858617,-0.04288019351045336,6.578860804463099e-06,0.04288677237125782,0.00015340069771067148,152,22
6,1152,male,0.1980844969566774,0.4662502119961559,-0.022550836781288913,0.0150448865430595,0.037595723324348414,0.40017547774950474,133,22
6,1152,family,0.19012054582598586,0.49504417151475977,0.031356685681697555,0.058830944017747605,0.027474258336050054,2.1413114521971246,119,22
6,1152,marriage,0.23990423480338866,0.462461796312728,-0.03545117137188543,0.006217314070632662,0.04166848544251809,0.1492090246251036,161,22
6,1152,love,0.14084235151234545,0.5254146283259755,0.0016198712477580382,0.0344934599204616,0.03287358867270356,1.049275765503929,87,22
6,1152,wealth,0.19677962642792363,0.5018814814814815,0.01837586014862961,0.048007231884289854,0.029631371735660245,1.620148817642985,125,22
6,1152,emotion,0.18605280781303735,0.5176531356344191,-0.010126937456439528,0.024801242954661906,0.034928180411101434,0.7100639844974322,121,22
6,1152,scandal,0.11033370463195025,0.4775154581225407,-0.005937490704366066,0.027790894697369516,0.03372838540173558,0.8239616087616072,72,22
6,1152,duty,0.1359975406179061,0.5010953346855984,0.00254481978457418,0.035305051645843626,0.032760231861269445,1.0776801517850396,85,22
6,1152,class,0.14697891143286868,0.47694257058214656,-0.02699320232239245,0.010110906850366658,0.03710410917275911,0.27250099990319476,99,22
6,1152,society,0.1941819140676723,0.4709523401092146,-0.031686463345584316,0.007641104715958534,0.03932756806154285,0.19429385269404006,131,22
6,1211,female,0.2287455771782397,0.48474530624807627,-0.012178680649251336,0.01316430046973066,0.025342981118981995,0.5194456172068526,152,15
6,1211,male,0.2059434300035804,0.49172508338515464,5.384601142782025e-06,0.02256357047262447,0.022558185871481687,1.0002386982788962,133,15
6,1211,family,0.1785408900402266,0.48383199433619595,-0.006996424642583796,0.01681484344800928,0.023811268090593075,0.7061716907864312,119,15
6,1211,marriage,0.24150627414592957,0.5037032929113675,-0.005171893440809379,0.018639520005962657,0.023811413446772036,0.7827977136614166,161,15
6,1211,love,0.13162215884538936,0.4817245356560475,-0.012717616941466758,0.011505482632583159,0.024223099574049917,0.47497978518132933,87,15
6,1211,wealth,0.18871895648211437,0.4928814814814815,-0.008068092880062178,0.016007743876097984,0.024075836756160162,0.6648883707577589,125,15
6,1211,emotion,0.18182853828786844,0.4785336655323286,-0.017464447195785306,0.008272590535693625,0.02573703773147893,0.32142745492632996,121,15
6,1211,scandal,0.10855731743889639,0.49124039722690643,0.005866853969007723,0.027790894697369516,0.021924040728361793,1.2675991182661204,72,15
6,1211,duty,0.1323586459755527,0.5017951318458418,-0.012363378431181198,0.01177619350132938,0.024139571932510578,0.4878377103689091,85,15
6,1211,class,0.14790428869376238,0.4861780347646072,-0.014625754857542504,0.010110906850366658,0.024736661707909162,0.4087417683658225,99,15
6,1211,society,0.1946643171937917,0.48687709065957624,-0.018577898209124144,0.007641104715958534,0.02621900292508268,0.2914338404667997,131,15
6,1346,female,0.22789003759398496,0.47802528983276904,-0.00974192114504347,6.578860804463099e-06,0.009748500005847932,0.0006748587782573433,152,5
6,1346,male,0.1981475427699684,0.48388122562044217,-0.009392821916293743,7.518683929564969e-06,0.009400340600223309,0.0007998310112919236,133,5
6,1346,family,0.17850056887018556,0.5006464124111183,-0.009150903888651222,8.403220113947665e-06,0.00915930710876517,0.0009174515073294785,119,5
6,1346,marriage,0.24170259454559523,0.49746746524696844,-0.0017211464910317767,0.006217314070632662,0.007938460561664439,0.7831888842370092,161,5
6,1346,love,0.12968088324258922,0.49614206737461725,-0.008640725207829431,1.1493988643939221e-05,0.00865221919647337,0.0013284439958820863,87,5
6,1346,wealth,0.19990690736503092,0.5145703703703703,0.010450357051604742,0.016007743876097984,0.005557386824493243,2.880444420868116,125,5
6,1346,emotion,0.18102154478839994,0.4952372994652406,-0.009184716581948943,8.26432620948414e-06,0.009192980908158427,0.0008989822007843917,121,5
6,1346,scandal,0.10699290962448857,0.4923646243207794,-0.008419472598551763,1.3888503097136193e-05,0.0084333611016489,0.0016468526519958745,72,5
6,1346,duty,0.1452313983729026,0.5038640973630832,0.01836650248434543,0.023540622573586505,0.005174120089241072,4.549686161708261,85,5
6,1346,class,0.14787074818972745,0.4937894849555627,-0.008825557018486335,1.0100806044322337e-05,0.008835657824530658,0.0011431866470808807,99,5
6,1346,society,0.1953355202451225,0.4841538725448152,-0.009357499992674899,7.63347124471382e-06,0.009365133463919612,0.0008150947632842244,131,5
6,1351,female,0.2323424382634909,0.4968451831332718,0.0014664903247409693,0.01316430046973066,0.01169781014498969,1.1253645174130065,152,8
6,1351,male,0.202218762413665,0.5009751823166939,-0.0056335223499454565,0.007526202613494532,0.013159724963439989,0.5719118472332608,133,8
6,1351,family,0.17673891533184796,0.47868378120478955,-0.014645389256836686,8.403220113947665e-06,0.014653792476950634,0.0005734501922687849,119,8
6,1351,marriage,0.24184456391252152,0.49505816819481413,-0.007673503822947126,0.006217314070632662,0.013890817893579788,0.4475844487932323,161,8
6,1351,love,0.13076008987987212,0.4773893330151534,-0.0006069322033516664,0.011505482632583159,0.012112414835934825,0.9498917257605043,87,8
6,1351,wealth,0.19587869674185462,0.48832592592592594,0.004894822072104664,0.016007743876097984,0.01111292180399332,1.4404622075992017,125,8
6,1351,emotion,0.17950674331709565,0.4836381866796305,-0.014699402189722443,8.26432620948414e-06,0.014707666515931927,0.0005619060100370096,121,8
6,1351,scandal,0.10721494596706822,0.47880363500093687,-0.013478477458569097,1.3888503097136193e-05,0.013492365961666234,0.0010293600941129288,72,8
6,1351,duty,0.2338804540217168,0.5865922920892495,0.0671483507591257,0.070598338862615,0.0034499881034892985,20.46335718397083,85,8
6,1351,class,0.14887218045112782,0.46996466431095407,-0.014125891646279167,1.0100806044322337e-05,0.01413599245232349,0.0007145452346324331,99,8
6,1351,society,0.19419058000862055,0.4867055493610086,-0.005469333072663983,0.007641104715958534,0.013110437788622517,0.5828260534523723,131,8
6,1352,female,0.26519285016716465,0.5337283266646148,0.039721275399415626,0.05921632610097235,0.01949505070155672,3.0375056215271243,152,19
6,1352,male,0.22904202934585577,0.5493597716094748,0.020681744208229352,0.04511962226131938,0.02443787805309003,1.8462986909687098,133,19
6,1352,family,0.1706381740196192,0.484224459014375,-0.03479183560685006,8.403220113947665e-06,0.03480023882696401,0.00024147018517571756,119,19
6,1352,marriage,0.234856114662806,0.4692583555161195,-0.004913147805059727,0.024850622973627657,0.029763770778687384,0.8349285833966724,161,19
6,1352,love,0.12715321725034998,0.4692459133754921,-0.03286209468405962,1.1493988643939221e-05,0.03287358867270356,0.00034964204115425833,87,19
6,1352,wealth,0.1799883496527502,0.4475777777777778,-0.03517890684315827,7.999872002047968e-06,0.03518690671516032,0.00022735365931935873,125,19
6,1352,emotion,0.17635199261834944,0.4651342975206611,-0.014714806594074668,0.016536916745177765,0.031251723339252434,0.5291521547510343,121,19
6,1352,scandal,0.1027219421439727,0.46055836612329026,-0.03202816194529933,1.3888503097136193e-05,0.03204205044839647,0.0004334461403795022,72,19
6,1352,duty,0.14433640007298582,0.5507809330628803,0.007717215741829497,0.035305051645843626,0.02758783590401413,1.2797325519623988,85,19
6,1352,class,0.14384272398348288,0.44923617803476457,-0.021692867694599622,0.010110906850366658,0.03180377454496628,0.317915310201727,99,19
6,1352,society,0.19034107730245736,0.4519398461846356,-0.03557463026559522,7.63347124471382e-06,0.03558226373683994,0.0002145302305933956,131,19
6,1404,female,0.21682370483046384,0.44844567559249,-0.003163060340580371,0.006585439665267561,0.009748500005847932,0.6755336370356005,152,6
6,1404,male,0.21596416213500846,0.5002402623099101,0.007524238124444532,0.0150448865430595,0.007520648418614969,2.000477313075851,133,6
6,1404,family,0.16708879451294908,0.4415304583371811,-0.01098239901137971,8.403220113947665e-06,0.010990802231493658,0.0007645684033058152,119,6
6,1404,marriage,0.21619326621542934,0.4590850833086858,-0.011900487679973674,6.211102967664998e-06,0.011906698782941339,0.0005216477783113119,161,6
6,1404,love,0.19278391224440686,0.6326015193095493,-0.010370823027560159,1.1493988643939221e-05,0.010382317016204097,0.0011070735583293227,87,6
6,1404,wealth,0.25017881514563506,0.6047851851851851,0.008598512058438049,0.016007743876097984,0.007409231817659936,2.160513298528863,125,6
6,1404,emotion,0.21242753877393422,0.5392865824015557,0.01928471911835248,0.024801242954661906,0.005516523836309426,4.495809985796819,121,6
6,1404,scandal,0.1624542563063405,0.6302932359003185,0.005469030498584427,0.013902391600233327,0.0084333611016489,1.64849950464787,72,6
6,1404,duty,0.19565184690760132,0.630344827586207,0.00315380944058476,0.01177619350132938,0.00862238406074462,1.3657700024726838,85,6
6,1404,class,0.3336604868710279,0.6754113573901559,0.025010417533009234,0.030312518939011334,0.005302101406002099,5.7170764216202645,99,6
6,1404,society,0.2091919635284563,0.4980415701746862,0.007782094659104195,0.015274575960672354,0.00749248130156816,2.038653864299503,131,6
6,1461,female,0.27424812030075185,0.5296052631578947,0.052635515986370104,0.05263746529650925,1.949310139141758e-06,27003.11111938983,152,8
6,1461,male,0.19999999999999998,0.4962406015037594,-0.0056335223499454565,0.007526202613494532,0.013159724963439989,0.5719118472332608,133,8
6,1461,family,0.17837731583861616,0.4968141102594884,-0.014645389256836686,8.403220113947665e-06,0.014653792476950634,0.0005734501922687849,119,8
6,1461,marriage,0.2421542987904544,0.4951814058956916,-0.007673503822947126,0.006217314070632662,0.013890817893579788,0.4475844487932323,161,8
6,1461,love,0.13082706766917293,0.4922145328719723,-0.013831018667021612,1.1493988643939221e-05,0.013842512655665551,0.000830339760491716,87,8
6,1461,wealth,0.18746616541353384,0.4965481481481481,-0.004956894923109998,0.008007871874050014,0.012964766797160012,0.6176641661758627,125,8
6,1461,emotion,0.18182853828786844,0.496764098201264,-0.004596847444313804,0.008272590535693625,0.012869437980007429,0.6428089981786478,121,8
6,1461,scandal,0.11371136173767754,0.5002693460745737,0.002096360591906203,0.013902391600233327,0.011806031008327124,1.1775669223001375,72,8
6,1461,duty,0.13808049535603717,0.4990669371196754,-0.0002944545309187859,0.01177619350132938,0.012070648032248166,0.9756057395503769,85,8
6,1461,class,0.14887218045112782,0.4920494699646643,-0.014125891646279167,1.0100806044322337e-05,0.01413599245232349,0.0007145452346324331,99,8
6,1461,society,0.19699248120300752,0.49157303370786515,-0.014975456479729253,7.63347124471382e-06,0.014983089950973966,0.0005094724298647182,131,8
6,1580,female,0.24262912497468025,0.5396532266338362,0.01462421193366717,0.02632202207865686,0.01169781014498969,2.250166633767836,152,10
6,1580,male,0.2786102504152567,0.605743682514557,0.0282005977315311,0.03760093833175441,0.009400340600223309,3.9999548874709103,133,10
6,1580,family,0.23529794572242246,0.5759072859913196,0.022630481444410953,0.03362128367590461,0.010990802231493658,3.059038181626567,119,10
6,1580,marriage,0.22066962699822062,0.48333826284136844,-0.011641742044224024,0.006217314070632662,0.017859056114856685,0.34813228819592756,161,10
6,1580,love,0.18619869129407213,0.6433003221572604,-0.017291214306483067,1.1493988643939221e-05,0.017302708295127006,0.0006642884135376661,87,10
6,1580,wealth,0.18415871794528685,0.47853333333333337,-0.008660584909443379,0.008007871874050014,0.016668456783493393,0.4804207118621629,125,10
6,1580,emotion,0.17266849696867753,0.46271876519202726,-0.008273304516162802,0.008272590535693625,0.016545895051856427,0.4999784242113559,121,10
6,1580,scandal,0.10207983885410889,0.46278339891324716,-0.016851147365247322,1.3888503097136193e-05,0.01686503586834446,0.0008235086604459168,72,10
6,1580,duty,0.17392478507911574,0.5679918864097363,0.009745842555586567,0.023540622573586505,0.013794780017999938,1.7064877106531127,85,10
6,1580,class,0.13360153882228354,0.4476746261198558,-0.017659448064807723,1.0100806044322337e-05,0.017669548870852047,0.0005716504771897786,99,10
6,1580,society,0.16825196828808703,0.3984904365726048,-0.018720760804432156,7.63347124471382e-06,0.01872839427567687,0.000407588132326969,131,10
6,1582,female,0.42316542713408223,0.6843900687390992,0.18177548525030152,0.2500032894304022,0.06822780418010066,3.6642435211135513,152,73
6,1582,male,0.37454334840457226,0.7204548024195828,0.22932477807009816,0.2932361919369633,0.06391141386686516,4.588166247475293,133,73
6,1582,family,0.3973198173411623,0.7453596823344724,0.19381831533944843,0.2689114468664392,0.07509313152699075,3.5810391895323104,119,73
6,1582,marriage,0.23412937016566804,0.4965000492950803,-0.038298581074804994,0.08075054968261262,0.11904913075741762,0.6782960040798365,161,73
6,1582,love,0.11913986697820225,0.4209521536809451,-0.11306329048584897,0.011505482632583159,0.12456877311843213,0.09236249458403277,87,73
6,1582,wealth,0.1745353319369145,0.4965407407407407,-0.0760682345028717,0.048007231884289854,0.12407546638716155,0.3869196165993246,125,73
6,1582,emotion,0.16647263195212603,0.45125638065143414,-0.07356892855236313,0.049594221583114335,0.12316315013547746,0.402670941171599,121,73
6,1582,scandal,0.09917175558302943,0.4276864343264006,-0.07636573527418547,0.04167939779450571,0.11804513306869119,0.35308018815057063,72,73
6,1582,duty,0.12036817939280424,0.41250507099391476,-0.044920228314739574,0.070598338862615,0.11551856717735458,0.6111427849829101,85,73
6,1582,class,0.13371505613666013,0.4322286468929578,-0.10523130674128404,0.020211712894688996,0.12544301963597304,0.16112265914182283,99,73
6,1582,society,0.17582773569855162,0.4030291334305401,-0.13669784703257365,7.63347124471382e-06,0.13670548050381837,5.583880921617307e-05,131,73
6,1588,female,0.28730030805668955,0.5633015286754899,0.043132446312633035,0.07237404770989854,0.029241601397265508,2.4750370789949785,152,26
6,1588,male,0.20783234509028906,0.45490135112216634,0.02632065115931758,0.06015699012044931,0.03383633896113173,1.7778811764409441,133,26
6,1588,family,0.2515498899344825,0.5665343060301044,0.08543899661084052,0.10925026470143359,0.023811268090593075,4.588174988462964,119,26
6,1588,marriage,0.22347137182098864,0.46520999704229515,-0.010606759501225436,0.031061725941292653,0.04166848544251809,0.7454488832668764,161,26
6,1588,love,0.12765163914500094,0.5035795251163345,-0.044972779422174716,1.1493988643939221e-05,0.044984273410818655,0.0002555112658754075,87,26
6,1588,wealth,0.17007842590108807,0.47468148148148137,-0.03829010480011046,0.008007871874050014,0.046297976674160475,0.17296375455531196,125,26
6,1588,emotion,0.1898347869921726,0.5344099416626155,-0.017479851600137528,0.024801242954661906,0.042281094554799434,0.586579964762527,121,26
6,1588,scandal,0.1040375043170216,0.5237492973580663,-0.012682830517722513,0.027790894697369516,0.04047372521509203,0.6866403956886103,72,26
6,1588,duty,0.11765730374475722,0.48760649087221103,-0.04481739133245961,1.1764429072257124e-05,0.04482915576153186,0.00026242807548229174,85,26
6,1588,class,0.12811182538747676,0.41473034229217975,-0.04592789941303618,1.0100806044322337e-05,0.0459380002190805,0.00021987909782600972,99,26
6,1588,society,0.1844348546599172,0.5210138090745347,-0.04868319540205539,7.63347124471382e-06,0.048690828873300104,0.00015677431297011465,131,26
6,1590,female,0.3168617914497506,0.6027495639684004,0.05044223750413395,0.08553176931882474,0.03508953181469079,2.437529510740807,152,31
6,1590,male,0.22675762518422984,0.5209310871162869,0.045117318584795806,0.08271304190914422,0.037595723324348414,2.2000651827697664,133,31
6,1590,family,0.17551890101936113,0.4989688182965493,-0.026065631369563465,0.02521806356195694,0.05128369493152041,0.4917364787217286,119,31
6,1590,marriage,0.2333144042735377,0.5250788721285616,-0.02872257713272113,0.024850622973627657,0.053573200106348785,0.4638629561764564,161,31
6,1590,love,0.13809944162019844,0.5185339856023545,0.02572125026119134,0.06897542585227927,0.04325417559108793,1.5946535775587938,87,31
6,1590,wealth,0.1807548878976813,0.4992148148148148,-0.027845895775514596,0.02400761587814595,0.05185351165366055,0.46298919999930555,125,31
6,1590,emotion,0.17101893170450977,0.45966516771998056,-0.036773549025168675,0.016536916745177765,0.05331046577034644,0.3102001925120321,121,31
6,1590,scandal,0.11879731457129768,0.5382237211916807,-0.03668934333489337,0.013902391600233327,0.0505917349351267,0.2747957075950338,72,31
6,1590,duty,0.12031260115270462,0.47805273833671397,-0.012972368087191787,0.035305051645843626,0.04827741973303541,0.7312953310334788,85,31
6,1590,class,0.13736032442995072,0.44565799336117357,0.00457613080857551,0.05051413102765601,0.0459380002190805,1.0996153682278749,99,31
6,1590,society,0.17383005332885307,0.4330417131257684,-0.03903420939968211,0.015274575960672354,0.05430878536035446,0.2812542364746308,131,31
6,1601,female,0.3199248120300752,0.5583512875756643,0.052635515986370104,0.05263746529650925,1.949310139141758e-06,27003.11111938983,152,8
6,1601,male,0.19982851866508375,0.5007702526994178,-0.0056335223499454565,0.007526202613494532,0.013159724963439989,0.5719118472332608,133,8
6,1601,family,0.19403451970900001,0.5185304891187243,0.02629347168986793,0.03362128367590461,0.007327811986036682,4.588174988029521,119,8
6,1601,marriage,0.2500096394833237,0.4977509119589865,0.00871694033365977,0.018639520005962657,0.009922579672302888,1.878495373145056,161,8
6,1601,love,0.13082706766917293,0.4835640138408305,-0.013831018667021612,1.1493988643939221e-05,0.013842512655665551,0.000830339760491716,87,8
6,1601,wealth,0.18796992481203006,0.4824074074074074,-0.014808611918324653,7.999872002047968e-06,0.014816611790326702,0.0005399258693361262,125,8
6,1601,emotion,0.1806691315064521,0.4925179265921244,-0.014699402189722443,8.26432620948414e-06,0.014707666515931927,0.0005619060100370096,121,8
6,1601,scandal,0.10758391075728538,0.49160342889263625,-0.013478477458569097,1.3888503097136193e-05,0.013492365961666234,0.0010293600941129288,72,8
6,1601,duty,0.12755712811440365,0.49700811359026364,-0.01378301558892768,1.1764429072257124e-05,0.013794780017999938,0.0008528174466032547,85,8
6,1601,class,0.14887218045112782,0.4832155477031802,-0.014125891646279167,1.0100806044322337e-05,0.01413599245232349,0.0007145452346324331,99,8
6,1601,society,0.19699248120300752,0.48220973782771537,-0.014975456479729253,7.63347124471382e-06,0.014983089950973966,0.0005094724298647182,131,8
6,1664,female,0.24138730992772053,0.5073355904380835,-0.0012137502014386136,0.006585439665267561,0.0077991898667061745,0.8443748359731122,152,5
6,1664,male,0.19661867242834377,0.4753519136186331,5.554194879563504e-06,0.007526202613494532,0.007520648418614969,1.0007385259314978,133,5
6,1664,family,0.1812727659785182,0.4910887431895835,0.011318526584701085,0.01681484344800928,0.005496316863308193,3.0592929525590074,119,5
6,1664,marriage,0.2350680301901695,0.48878536922015176,-0.009916368569335223,6.211102967664998e-06,0.009922579672302888,0.0006259564722242773,161,5
6,1664,love,0.12951358904547677,0.4802728393588673,0.0045833612558405165,0.011505482632583159,0.006922121376742642,1.6621324597944547,87,5
6,1664,wealth,0.19329989835501574,0.5131851851851853,0.0005986400563900785,0.008007871874050014,0.007409231817659936,1.0807965076598656,125,5
6,1664,emotion,0.1952387673255736,0.5069579484686436,0.011020392908868339,0.016536916745177765,0.005516523836309426,2.9977060251847503,121,5
6,1664,scandal,0.12226664914876531,0.5215945287614765,0.007155365451923539,0.013902391600233327,0.006747026148309788,2.0605213752810965,72,5
6,1664,duty,0.12375403337063359,0.47973630831643,-0.008610619631672362,1.1764429072257124e-05,0.00862238406074462,0.0013644055968758083,85,5
6,1664,class,0.17981276363298263,0.5390120284113217,0.014909611488686896,0.020211712894688996,0.005302101406002099,3.812019300120676,99,5
6,1664,society,0.19046199109525153,0.45542785258884416,-0.009357499992674899,7.63347124471382e-06,0.009365133463919612,0.0008150947632842244,131,5
6,1687,female,0.22404294456845808,0.48592515645839746,0.0039022751867034966,0.10526835173221405,0.10136607654551055,1.0384968553450225,152,68
6,1687,male,0.24210297116060253,0.5565040420600373,0.050755716754673705,0.14286251334566397,0.09210679659099026,1.5510528932898258,133,68
6,1687,family,0.2660929055222664,0.5691045649028843,0.10062863858632941,0.1848792457269626,0.08425060714063319,2.1943965984264446,119,68
6,1687,marriage,0.18777620594823682,0.3648267277925663,-0.08574454006973686,0.03727282890895765,0.12301736897869452,0.30298834398831903,161,68
6,1687,love,0.13550457039082692,0.44591934136737865,0.0013798903221642622,0.10345739178409692,0.10207750146193266,1.013518065209162,87,68
6,1687,wealth,0.15289639944155542,0.32794074074074075,-0.04710557554660891,0.06400697588838579,0.1111125514349947,0.5760553156342232,125,68
6,1687,emotion,0.16038862363725917,0.4215179873602333,-0.0340701216365147,0.07438720021156675,0.10845732184808145,0.6858660986952699,121,68
6,1687,scandal,0.0794973488428569,0.2683272437699082,-0.0679340605074899,0.04167939779450571,0.10961345830199562,0.38023978478349546,72,68
6,1687,duty,0.1447182791934725,0.5083671399594321,0.004166114788045988,0.10589162607938636,0.10172551129134037,1.0409544738003167,85,68
6,1687,class,0.11215732947976344,0.3236606346146982,-0.10826499994854927,0.010110906850366658,0.11837590679891592,0.08541355351521446,99,68
6,1687,society,0.13824272118193592,0.22317522943648682,-0.1178284628137511,0.007641104715958534,0.12546956752970964,0.060900064185590776,131,68
6,1723,female,0.21798198530935584,0.46660510926438903,-0.041418332736377704,0.01316430046973066,0.054582633206108365,0.2411811174404143,152,30
6,1723,male,0.1940307181650954,0.4452625925716547,-0.04698675034532894,0.007526202613494532,0.05451295295882347,0.13806264758838896,133,30
6,1723,family,0.1806142338192743,0.4557438359959368,-0.03446885148351113,0.01681484344800928,0.05128369493152041,0.32787893832795034,119,30
6,1723,marriage,0.3115192500507385,0.5588521640540274,0.1043850952307725,0.12422827045626762,0.019843175225495134,6.260503625971853,161,30
6,1723,love,0.12980534350889977,0.47328282225669166,0.0010031751535821698,0.045987448564400825,0.044984273410818655,1.0223005747675056,87,30
6,1723,wealth,0.18327518085425104,0.48208148148148156,-0.006290616791918585,0.04000735988224189,0.046297976674160475,0.8641276089221931,125,30
6,1723,emotion,0.1798980801423533,0.44965362177929025,-0.03493532048924417,0.016536916745177765,0.05147223723442194,0.32127837516643754,121,30
6,1723,scandal,0.10313026428597141,0.5061598276185123,-0.03500300838155426,0.013902391600233327,0.04890539998178759,0.2842710949123475,72,30
6,1723,duty,0.13515359231883722,0.5144929006085193,0.0022403249565688954,0.047069480718100756,0.04482915576153186,1.0499747300046494,85,30
6,1723,class,0.14820333702269636,0.49995538423100266,-0.0055246752357468315,0.04041332498333367,0.0459380002190805,0.879736270401865,99,30
6,1723,society,0.18795555892158652,0.4721102438745462,-0.03716155723733066,0.015274575960672354,0.05243613319800301,0.29129867190441067,131,30
6,1729,female,0.2529488916601504,0.5246293731404534,0.00804535112920407,0.01974316127419376,0.01169781014498969,1.6877655755904213,152,9
6,1729,male,0.2370329375941852,0.5671179829272429,0.01128353769079282,0.02256357047262447,0.011280032781831649,2.0003107177991986,133,9
6,1729,family,0.1874111746396875,0.5220472804506417,-0.016476884379565175,8.403220113947665e-06,0.016485287599679124,0.0005097405830882495,119,9
6,1729,marriage,0.24184053788919557,0.49491644483880504,0.006732821223021318,0.018639520005962657,0.011906698782941339,1.5654649827122467,161,9
6,1729,love,0.12516264731218163,0.4550471304140317,-0.01556111648675234,1.1493988643939221e-05,0.015572610475396279,0.0007380900370789401,87,9
6,1729,wealth,0.1760413635954891,0.46021481481481485,-0.016660456911491345,7.999872002047968e-06,0.016668456783493393,0.0004799407710910719,125,9
6,1729,emotion,0.1750879371794913,0.4906113271754982,-0.016537630725646943,8.26432620948414e-06,0.016545895051856427,0.0004994789452660898,121,9
6,1729,scandal,0.10170325549454079,0.4845301667603522,-0.015164812411908209,1.3888503097136193e-05,0.015178700915005346,0.000914999457067588,72,9
6,1729,duty,0.14646906363426238,0.5271501014198782,0.01146997454133834,0.023540622573586505,0.012070648032248166,1.9502368479923122,85,9
6,1729,class,0.1534567328962985,0.48884605775065143,-0.004025085601956831,0.010110906850366658,0.01413599245232349,0.7152597798670655,99,9
6,1729,society,0.19548671938253537,0.49118706578608806,0.0021641381720498374,0.015274575960672354,0.013110437788622517,1.1650698630951017,131,9
6,1770,female,0.2188579121097141,0.5028855032317636,-0.019488471840752256,6.578860804463099e-06,0.01949505070155672,0.00033746312871093485,152,10
6,1770,male,0.21570034316086203,0.5417632426931991,-0.009392906713162136,0.007526202613494532,0.01691910932665667,0.4448344453447023,133,10
6,1770,family,0.18918786109764174,0.5354603379813464,-0.008073664265617512,0.008411623334061612,0.016485287599679124,0.5102503236713377,119,10
6,1770,marriage,0.22334416197652393,0.4401064773735581,-0.0034465199659205765,0.012428417038297659,0.015874937004218236,0.7828955185278736,161,10
6,1770,love,0.12641813146473813,0.4958437736149226,-0.00406712784281312,0.011505482632583159,0.015572610475396279,0.738828127116019,87,10
6,1770,wealth,0.17214795188922763,0.47773333333333334,-0.018512301904658038,7.999872002047968e-06,0.018520301776660086,0.000431951492912374,125,10
6,1770,emotion,0.19080035530094497,0.5344099416626155,0.011931804974654478,0.024801242954661906,0.012869437980007429,1.9271426608732487,121,10
6,1770,scandal,0.11130590923264755,0.4636265692336518,-0.016851147365247322,1.3888503097136193e-05,0.01686503586834446,0.0008235086604459168,72,10
6,1770,duty,0.11893827503759496,0.47363083164300207,-0.017231279560431228,1.1764429072257124e-05,0.017243043989503486,0.0006822710119359622,85,10
6,1770,class,0.1480826307061674,0.5289110183103116,-0.017659448064807723,1.0100806044322337e-05,0.017669548870852047,0.0005716504771897786,99,10
6,1770,society,0.35427189115142804,0.6055407839437345,0.06683434985915529,0.0687088746736691,0.0018745248145138032,36.65402245146386,131,10
6,1779,female,0.244927357615246,0.5378193290243152,0.028025414564565077,0.05921632610097235,0.03119091153640727,1.8985122005797808,152,25
6,1779,male,0.2130801497731594,0.524464356379671,0.03759871945209922,0.06767567405001428,0.03007695459791505,2.250083991297959,133,25
6,1779,family,0.23289482738808914,0.5568919875642564,0.087270491733569,0.10925026470143359,0.02197977296786459,4.9704910444794805,119,25
6,1779,marriage,0.2587447774657601,0.526366706102731,0.015963025844323353,0.04969503484428764,0.033732008999964286,1.4732308070612403,161,25
6,1779,love,0.12912663603453076,0.48588076204112485,-0.016794508675104094,0.02299947127652238,0.03979397995162647,0.5779635840371472,87,25
6,1779,wealth,0.18488003346355747,0.4927777777777778,-0.026586542811729105,0.016007743876097984,0.04259428668782709,0.3758190386669153,125,25
6,1779,emotion,0.18195488721804512,0.4641544117647059,-0.04594928730043896,8.26432620948414e-06,0.04595755162664844,0.00017982520645230053,121,25
6,1779,scandal,0.10647307924984875,0.48205920929361057,-0.042146171665334006,1.3888503097136193e-05,0.04216006016843114,0.00032942322760739996,72,25
6,1779,duty,0.1286687306501548,0.4734279918864097,-0.02960469828869894,0.01177619350132938,0.04138089179002832,0.28458046677192556,85,25
6,1779,class,0.14685672514619882,0.4770585715815397,-0.04416112120377191,1.0100806044322337e-05,0.04417122200981623,0.00022867390994636618,99,25
6,1779,society,0.19337929262066053,0.481909540555222,-0.03730441983263867,0.007641104715958534,0.0449455245485972,0.17000813301281212,131,25
6,1794,female,0.234897140762916,0.5508874525495024,-0.013640541423326985,6.578860804463099e-06,0.013647120284131448,0.00048206952580543853,152,7
6,1794,male,0.1986436291813892,0.5247964836904291,-0.013152206279510423,7.518683929564969e-06,0.013159724963439989,0.0005713405067265345,133,7
6,1794,family,0.17982968256119572,0.5229784221380859,-0.0025791788974320468,0.008411623334061612,0.010990802231493658,0.7653329717091208,119,7
6,1794,marriage,0.25462736522078183,0.5560916395543726,-0.005689384712308677,0.006217314070632662,0.011906698782941339,0.522169426089623,161,7
6,1794,love,0.15614284762775227,0.5886727916318658,-0.012100920847290886,1.1493988643939221e-05,0.012112414835934825,0.0009489427829775269,87,7
6,1794,wealth,0.21966065619101227,0.5804,-0.003105049929943305,0.008007871874050014,0.01111292180399332,0.7205910393837085,125,7
6,1794,emotion,0.19783708852372717,0.5105508629071464,0.01744649058242798,0.024801242954661906,0.007354752372233927,3.3721384073950347,121,7
6,1794,scandal,0.11371912497450082,0.5158914183998502,-0.011792142505229987,1.3888503097136193e-05,0.011806031008327124,0.0011763905317683692,72,7
6,1794,duty,0.1320448385606016,0.5009229208924949,-0.012058883603175908,1.1764429072257124e-05,0.012070648032248166,0.0009746311084419351,85,7
6,1794,class,0.16147049073531017,0.5439822250776314,-0.012359113437014891,1.0100806044322337e-05,0.012369214243059213,0.0008166085448130736,99,7
6,1794,society,0.3635072700941816,0.5958058152500214,0.04393393612501383,0.04580846093952764,0.0018745248145138032,24.437372373206827,131,7
6,1804,female,0.22922978953675374,0.5057453575459115,0.00024811057263704125,0.01974316127419376,0.01949505070155672,1.0127268492615156,152,13
6,1804,male,0.19641935922529558,0.4718893097405167,-0.005633607146813848,0.0150448865430595,0.02067849368987335,0.7275620152980343,133,13
6,1804,family,0.16229971664954237,0.48037676609105184,-0.023802864870479126,8.403220113947665e-06,0.023811268090593075,0.00035290939069786663,119,13
6,1804,marriage,0.24689748811338585,0.5180296756383713,-0.009398877297835928,0.012428417038297659,0.021827294336133587,0.569397967807392,161,13
6,1804,love,0.20907575084008131,0.5585650081533629,0.030414838089004546,0.045987448564400825,0.015572610475396279,2.9530982383528395,87,13
6,1804,wealth,0.24114973245806787,0.6132,0.005487314101485865,0.02400761587814595,0.018520301776660086,1.2962864302300343,125,13
6,1804,emotion,0.23389621953093392,0.5833586533787067,0.006417119366880979,0.024801242954661906,0.018384123587780927,1.3490576711416955,121,13
6,1804,scandal,0.12436707044385967,0.5205639872587595,-0.0063353141747893565,0.013902391600233327,0.020237705775022683,0.686954922365986,72,13
6,1804,duty,0.12931226973192145,0.5004665314401623,-0.008915114459677654,0.01177619350132938,0.020691307961007033,0.5691372204672895,85,13
6,1804,class,0.2460550687187406,0.6364528679016311,0.03637813857533252,0.05051413102765601,0.01413599245232349,3.5734407183967987,99,13
6,1804,society,0.21083972193275274,0.5592818137633302,-0.005326470477355969,0.015274575960672354,0.020601046438028323,0.7414466059226457,131,13
6,1817,female,0.2410769173317349,0.5163127116035703,0.018766313233922405,0.04605860449204616,0.02729229125812375,1.6876049011329846,152,21
6,1817,male,0.23895759420195511,0.5313966306744303,0.054515864289705895,0.07519435797957924,0.02067849368987335,3.6363556796579917,133,21
6,1817,family,0.24063886164856582,0.5375919598608675,0.07412704175113065,0.09244382447353826,0.01831678272240761,5.046946610083512,119,21
6,1817,marriage,0.24881643909103865,0.49399832396726806,-0.0006861639480331833,0.031061725941292653,0.03174788988932584,0.9783871006418519,161,21
6,1817,love,0.1297653949196599,0.48301714194805717,-0.03632229032352108,1.1493988643939221e-05,0.03633378431216502,0.0003163443847431698,87,21
6,1817,wealth,0.18620685045948202,0.48470370370370375,-0.019179162839062333,0.016007743876097984,0.03518690671516032,0.4549346722980368,125,21
6,1817,emotion,0.18195488721804512,0.47518382352941174,-0.03859637315674095,8.26432620948414e-06,0.038604637482950434,0.00021407599573807596,121,21
6,1817,scandal,0.10827067669172932,0.4772344013490725,-0.03540083185197756,1.3888503097136193e-05,0.035414720355074696,0.00039216752123115087,72,21
6,1817,duty,0.12781954887218044,0.47672413793103446,-0.03619673140370074,1.1764429072257124e-05,0.036208495832773,0.00032490797536206985,85,21
6,1817,class,0.14887218045112782,0.47614840989399293,-0.03709400836671479,1.0100806044322337e-05,0.03710410917275911,0.00027222877113206273,99,21
6,1817,society,0.19699248120300752,0.4747191011235955,-0.03931993459029813,7.63347124471382e-06,0.03932756806154285,0.00019409975294109897,131,21
6,1830,female,0.25640852701232075,0.550848979173079,0.0009790409596748643,0.02632202207865686,0.025342981118981995,1.038631641401608,152,17
6,1830,male,0.205990559004737,0.5322375487591158,-0.003753999762073898,0.02256357047262447,0.026317570234698367,0.8573576614613989,133,17
6,1830,family,0.17437450265816604,0.47771416258811217,-0.02089413012471693,0.008411623334061612,0.029305753458778543,0.2870297583580769,119,17
6,1830,marriage,0.2799341086015349,0.5597025041900818,0.015445534572824066,0.03727282890895765,0.021827294336133587,1.7076247900110744,161,17
6,1830,love,0.17873981942602443,0.6164141112834586,0.010270360346411683,0.0344934599204616,0.024223099574049917,1.4239903449841853,87,17
6,1830,wealth,0.30592234813249086,0.639311111111111,0.03748680210967774,0.056007103886337825,0.018520301776660086,3.0240924018795305,125,17
6,1830,emotion,0.2650268740380112,0.6178749392318911,0.05967953369563482,0.07438720021156675,0.014707666515931927,5.057715996343123,121,17
6,1830,scandal,0.1168782970318562,0.5532836799700206,-0.013080653988145808,0.013902391600233327,0.026983045588379134,0.5152269247807032,72,17
6,1830,duty,0.12956859331647402,0.4910141987829615,-0.015811642402684747,0.01177619350132938,0.02758783590401413,0.4268618075689308,85,17
6,1830,class,0.19310994451216587,0.578389906128422,0.01744344148468879,0.04041332498333367,0.022969883498644882,1.759404873949773,99,17
6,1830,society,0.20933885528790214,0.4855547931497841,0.006195167687368771,0.0305415184501,0.024346350762731228,1.2544598057626655,131,17
6,1835,female,0.21199017654539107,0.40650969529085873,-0.013640541423326985,6.578860804463099e-06,0.013647120284131448,0.00048206952580543853,152,7
6,1835,male,0.21609624360600613,0.5357708180224998,-0.0037538301683371165,0.007526202613494532,0.011280032781831649,0.6672146046374534,133,7
6,1835,family,0.17339917283688414,0.4306799642934097,-0.0025791788974320468,0.008411623334061612,0.010990802231493658,0.7653329717091208,119,7
6,1835,marriage,0.283502725679965,0.5378339741693778,0.01889628152260167,0.024850622973627657,0.0059543414510259875,4.173530049267184,161,7
6,1835,love,0.12129297998017213,0.4513781171697889,-0.012100920847290886,1.1493988643939221e-05,0.012112414835934825,0.0009489427829775269,87,7
6,1835,wealth,0.17495799985844027,0.4595111111111111,-0.012956766925157964,7.999872002047968e-06,0.012964766797160012,0.0006170471190568061,125,7
6,1835,emotion,0.17210202091890833,0.4949714389888187,-0.012861173653797945,8.26432620948414e-06,0.012869437980007429,0.0006421668313473005,121,7
6,1835,scandal,0.10114673355345938,0.46446973955405657,-0.011792142505229987,1.3888503097136193e-05,0.011806031008327124,0.0011763905317683692,72,7
6,1835,duty,0.13238238039821865,0.5036916835699797,0.0014296774548329862,0.01177619350132938,0.010346516046496394,1.138179600482902,85,7
6,1835,class,0.15829940753216562,0.5341578327444052,-0.012359113437014891,1.0100806044322337e-05,0.012369214243059213,0.0008166085448130736,99,7
6,1835,society,0.1854586769521473,0.4639906224090117,-0.013102804317377804,7.63347124471382e-06,0.013110437788622517,0.0005822438096427295,131,7
6,1849,female,0.22341879117743263,0.42223248178926853,-0.0175391617016105,6.578860804463099e-06,0.017545740562414962,0.0003749548661502973,152,9
6,1849,male,0.19731239474347245,0.4186076092486857,-0.016911590642727105,7.518683929564969e-06,0.01691910932665667,0.00044439005528941293,133,9
6,1849,family,0.20066804896932955,0.4615076799950749,0.0346966918038156,0.04202450378985228,0.007327811986036682,5.7349320457724655,119,9
6,1849,marriage,0.22870892343240637,0.4696465542738835,-0.01785284501188902,6.211102967664998e-06,0.017859056114856685,0.0003477845036922354,161,9
6,1849,love,0.14070927401934286,0.5227100982380782,-0.0023370300230823923,0.011505482632583159,0.013842512655665551,0.8311701002522076,87,9
6,1849,wealth,0.20818729512983256,0.5401925925925926,-0.006808739916276688,0.008007871874050014,0.014816611790326702,0.5404657952054622,125,9
6,1849,emotion,0.19859379073641686,0.5467762518230432,-0.006435075980238302,0.008272590535693625,0.014707666515931927,0.5624679160470465,121,9
6,1849,scandal,0.11881720168394537,0.4873290237961401,0.015984863689042395,0.027790894697369516,0.011806031008327124,2.3539574540685066,72,9
6,1849,duty,0.14154798411236708,0.5036713995943205,0.01146997454133834,0.023540622573586505,0.012070648032248166,1.9502368479923122,85,9
6,1849,class,0.15768058065725182,0.5372987828818216,-0.004025085601956831,0.010110906850366658,0.01413599245232349,0.7152597798670655,99,9
6,1849,society,0.18901091559616448,0.46589187180146957,-0.016848108642080705,7.63347124471382e-06,0.01685574211332542,0.00045287067118962733,131,9
6,1854,female,0.3207437985809075,0.5944136657433057,0.046787585568944835,0.05263746529650925,0.0058498797275644155,8.998042308371815,152,11
6,1854,male,0.2831072927395358,0.6494290236870373,-0.011272598894770475,0.007526202613494532,0.018798801508265007,0.40035544871226164,133,11
6,1854,family,0.22591435013751848,0.5554375596392404,0.020798986321682464,0.03362128367590461,0.012822297354222148,2.622095147576003,119,11
6,1854,marriage,0.285943098684385,0.5433180518584245,0.010959805080047869,0.024850622973627657,0.013890817893579788,1.788996383238484,161,11
6,1854,love,0.11645018366150861,0.42767370639939545,-0.019021312126213795,1.1493988643939221e-05,0.019032806114857734,0.0006039040472525317,87,11
6,1854,wealth,0.17011377636576375,0.4573481481481481,-0.02036414689782473,7.999872002047968e-06,0.02037214676982678,0.0003926867448993596,125,11
6,1854,emotion,0.16424883044920047,0.418631502187652,-0.010111533052087302,0.008272590535693625,0.018384123587780927,0.44998558107725334,121,11
6,1854,scandal,0.10119361801349078,0.499976578602211,-0.018537482318586433,1.3888503097136193e-05,0.01855137082168357,0.0007486510420110904,72,11
6,1854,duty,0.11628621009747686,0.4558823529411765,-0.005466850488174106,0.01177619350132938,0.017243043989503486,0.682953282947898,85,11
6,1854,class,0.12851363658406662,0.42820430452939284,-0.019426226274072003,1.0100806044322337e-05,0.019436327080116327,0.0005196869759480399,99,11
6,1854,society,0.1674643176456244,0.38668267718786636,-0.02059341296678361,7.63347124471382e-06,0.020601046438028323,0.00037053803394435065,131,11
6,2009,female,0.3163331725603383,0.5751385041551247,0.046300136203878725,0.06579518690543544,0.01949505070155672,3.374968750238059,152,20
6,2009,male,0.20146626233732623,0.5124653739612188,0.0094036759154477,0.03760093833175441,0.02819726241630671,1.3334960598400496,133,20
6,2009,family,0.1853459713867739,0.5272108843537415,0.014550245453802225,0.04202450378985228,0.027474258336050054,1.5295955681242424,119,20
6,2009,marriage,0.24674669450385092,0.5408532978408754,-0.03967815522891197,6.211102967664998e-06,0.03968436633187964,0.00015651259026199746,161,20
6,2009,love,0.15031462380117924,0.5442071351867319,0.01830415335088945,0.045987448564400825,0.027683295213511375,1.661198502853611,87,20
6,2009,wealth,0.16839001685340874,0.47383703703703695,-0.03703075183632496,7.999872002047968e-06,0.03703875170832701,0.00021598654470942819,125,20
6,2009,emotion,0.1726782677148667,0.4832128099173553,-0.006450480384590528,0.024801242954661906,0.031251723339252434,0.7935960101988275,121,20
6,2009,scandal,0.09568029073024678,0.4350758853288364,-0.01813965884816314,0.013902391600233327,0.03204205044839647,0.4338795865198816,72,20
6,2009,duty,0.12956845111946091,0.46695740365111565,-0.007495477301931171,0.023540622573586505,0.031036099875517677,0.7584916489909111,85,20
6,2009,class,0.1326019560386647,0.44255273583895494,-0.03532723015745051,1.0100806044322337e-05,0.03533733096349483,0.00028583952915037973,99,20
6,2009,society,0.18254492115316764,0.508334048088744,-0.037447282427946676,7.63347124471382e-06,0.03745491589919139,0.0002038042553627737,131,20
6,2042,female,0.2190176179498373,0.4614625012824459,-0.03142830101869719,0.03290088288311996,0.06432918390181715,0.5114456749960283,152,38
6,2042,male,0.2044767957754836,0.47980383289049694,0.013162721091190807,0.06767567405001428,0.05451295295882347,1.2414604305125765,133,38
6,2042,family,0.1960858382612861,0.5167143780589158,0.03275690942807019,0.0840406043595906,0.05128369493152041,1.6387392614781766,119,38
6,2042,marriage,0.26038722909146494,0.5312284334023465,0.039340809875844186,0.08696165265027762,0.04762084277443344,1.8261258638442086,161,38
6,2042,love,0.12233154614137275,0.400489201765899,-0.052509866795273495,0.011505482632583159,0.06401534942785665,0.17973006060632,87,38
6,2042,wealth,0.17521448795807587,0.4516444444444444,-0.04080881072768143,0.02400761587814595,0.06481642660582738,0.3703940055778565,125,38
6,2042,emotion,0.17452424359253596,0.39845649003403016,-0.029436039285822883,0.033065569164146054,0.06250160844996894,0.529035491783947,121,38
6,2042,scandal,0.10641240080394226,0.4429220535881582,-0.032918849957791846,0.027790894697369516,0.060709744655161366,0.45776662140101837,72,38
6,2042,duty,0.13123665371566282,0.46973630831643004,-0.03852985304546308,0.023540622573586505,0.06207047561904959,0.37925635881518155,85,38
6,2042,class,0.13811626897668422,0.4508155762572724,-0.04339406941703429,0.020211712894688996,0.06360578231172329,0.3177653376750619,99,38
6,2042,society,0.18471728625066017,0.4109700660433999,-0.04263665112907699,0.022908047205386174,0.06554469833446316,0.34950267202605617,131,38
6,2072,female,0.2200016093213539,0.5390889504462911,-0.013640541423326985,6.578860804463099e-06,0.013647120284131448,0.00048206952580543853,152,7
6,2072,male,0.2917666987813359,0.6367092543388547,0.005644545942836192,0.0150448865430595,0.009400340600223309,1.600461853595139,133,7
6,2072,family,0.22464305893232545,0.5637177948102318,0.02812496681259642,0.03362128367590461,0.005496316863308193,6.1170570230827535,119,7
6,2072,marriage,0.2240366624997318,0.45626293995859213,0.0025058373659947713,0.012428417038297659,0.009922579672302888,1.2525389009207788,161,7
6,2072,love,0.12230854923727877,0.4782245555422981,-0.012100920847290886,1.1493988643939221e-05,0.012112414835934825,0.0009489427829775269,87,7
6,2072,wealth,0.173852271208977,0.48136296296296294,-0.012956766925157964,7.999872002047968e-06,0.012964766797160012,0.0006170471190568061,125,7
6,2072,emotion,0.15825366877357805,0.4177959406903257,-0.012861173653797945,8.26432620948414e-06,0.012869437980007429,0.0006421668313473005,121,7
6,2072,scandal,0.0982815477553977,0.4658281806258197,-0.011792142505229987,1.3888503097136193e-05,0.011806031008327124,0.0011763905317683692,72,7
6,2072,duty,0.13239574958077152,0.5241987829614605,-0.012058883603175908,1.1764429072257124e-05,0.012070648032248166,0.0009746311084419351,85,7
6,2072,class,0.13876454919074832,0.4553306920798086,-0.000491529183428277,0.010110906850366658,0.010602436033794935,0.953639976434172,99,7
6,2072,society,0.1770897997947462,0.42070503473711296,-0.0035966809103125308,0.007641104715958534,0.011237785626271065,0.6799475421043484,131,7
6,2142,female,0.1919897038162474,0.38997896788755515,-0.03142830101869719,0.03290088288311996,0.06432918390181715,0.5114456749960283,152,38
6,2142,male,0.16465756449353694,0.4078240714568376,-0.06202428779819566,0.007526202613494532,0.06955049041169019,0.10821207109880134,133,38
6,2142,family,0.1626004562889043,0.433850463262228,-0.008181951518634413,0.05042772390379994,0.05860967542243435,0.8603993033484202,119,38
6,2142,marriage,0.27236023125422126,0.5611258996352165,0.006559921562630404,0.06211724077961764,0.055557319216987235,1.1180748397144866,161,38
6,2142,love,0.13814875733450394,0.4733325378833074,-0.012837607404263644,0.045987448564400825,0.05882505596866447,0.7817663375979808,87,38
6,2142,wealth,0.17226554379867537,0.4863555555555556,-0.050660527722896094,0.016007743876097984,0.06666827159899408,0.24011037772425772,125,38
6,2142,emotion,0.2407318147935117,0.5443607194944093,0.04128184393203759,0.09091585263053503,0.04963400869849744,1.8317249606207122,121,38
6,2142,scandal,0.17221724977439135,0.5929126850290426,0.09167985444601057,0.13889891947445904,0.04721906502844848,2.9415855521034526,72,38
6,2142,duty,0.12676738128214443,0.5015212981744421,-0.03852985304546308,0.023540622573586505,0.06207047561904959,0.37925635881518155,85,38
6,2142,class,0.13767935421318625,0.49566334725345323,-0.00779131665627443,0.05051413102765601,0.05830544768393044,0.8663706914767733,99,38
6,2142,society,0.19662237307115854,0.514852617434314,-0.004612157500815908,0.05344193218424146,0.05805408968505737,0.9205541327620956,131,38
6,2162,female,0.1927137819292843,0.4032266338360521,-0.04604788340169905,0.006585439665267561,0.05263332306696661,0.1251192074033333,152,28
6,2162,male,0.19082268057805177,0.46189722426366675,-0.03382898987093895,0.0150448865430595,0.04887387641399845,0.30783084229517993,133,28
6,2162,family,0.1618267110224036,0.4667867146858744,-0.03080586123805415,0.01681484344800928,0.04762070468606343,0.35309942510315634,119,28
6,2162,marriage,0.2488358156017894,0.5018978605935127,-0.006379775644198886,0.03727282890895765,0.04365260455315654,0.8538512029154189,161,28
6,2162,love,0.1292750466914748,0.4950682098397168,-0.021984802134296277,0.02299947127652238,0.044984273410818655,0.5112780430166903,87,28
6,2162,wealth,0.1899214833006676,0.4661185185185185,0.017116507184844122,0.056007103886337825,0.0388905967014937,1.4401194282202052,125,28
6,2162,emotion,0.1708026020317091,0.45533543996110837,-0.0009511991811692391,0.041329895373630195,0.042281094554799434,0.9775029669368205,121,28
6,2162,scandal,0.11501902107708234,0.46505527449878203,-0.00048066237392543204,0.04167939779450571,0.04216006016843114,0.9885991060498073,72,28
6,2162,duty,0.1834770578331098,0.5528803245436105,0.08661995527612582,0.11765605515164348,0.031036099875517677,3.790942019769166,85,28
6,2162,class,0.13930170643727718,0.4728022272191884,-0.013858703070804893,0.030312518939011334,0.04417122200981623,0.6862504037490449,99,28
6,2162,society,0.16776425095497466,0.4398747748520456,-0.04292237631969303,0.007641104715958534,0.05056348103565156,0.15111904005224217,131,28
6,2163,female,0.22757602223146525,0.5079704011490717,-0.005112370479722129,0.006585439665267561,0.01169781014498969,0.562963459235592,152,7
6,2163,male,0.19881531905615923,0.4862979817965968,-0.013152206279510423,7.518683929564969e-06,0.013159724963439989,0.0005713405067265345,133,7
6,2163,family,0.1769196757328972,0.4914504263243759,-0.0128138941341082,8.403220113947665e-06,0.012822297354222148,0.0006553599469072738,119,7
6,2163,marriage,0.2510218229368848,0.508854628808045,0.010701059444298219,0.018639520005962657,0.007938460561664439,2.348001839755509,161,7
6,2163,love,0.12827095639820874,0.4954361054766734,-0.012100920847290886,1.1493988643939221e-05,0.012112414835934825,0.0009489427829775269,87,7
6,2163,wealth,0.19897095372361798,0.5128592592592593,-0.003105049929943305,0.008007871874050014,0.01111292180399332,0.7205910393837085,125,7
6,2163,emotion,0.18199667605899578,0.5096545333009238,-0.002758618908389304,0.008272590535693625,0.011031209444082929,0.7499259783686787,121,7
6,2163,scandal,0.1112826799895875,0.5267589469739554,0.003782695545245315,0.013902391600233327,0.010119696054988012,1.3737953712559403,72,7
6,2163,duty,0.13633777137801287,0.5186206896551724,0.0014296774548329862,0.01177619350132938,0.010346516046496394,1.138179600482902,85,7
6,2163,class,0.1467204251867523,0.4836706285469536,-0.012359113437014891,1.0100806044322337e-05,0.012369214243059213,0.0008166085448130736,99,7
6,2163,society,0.21603878087819284,0.5427638162220888,0.005909442496752742,0.015274575960672354,0.009365133463919612,1.631004621331733,131,7
6,2200,female,0.23844368535188756,0.5454114086385555,-0.013640541423326985,6.578860804463099e-06,0.013647120284131448,0.00048206952580543853,152,7
6,2200,male,0.2137984895524599,0.5222878625134265,-0.0037538301683371165,0.007526202613494532,0.011280032781831649,0.6672146046374534,133,7
6,2200,family,0.19755585273840945,0.5322128851540616,-0.0128138941341082,8.403220113947665e-06,0.012822297354222148,0.0006553599469072738,119,7
6,2200,marriage,0.22683480610394993,0.44966972296164837,-0.013884606790612123,6.211102967664998e-06,0.013890817893579788,0.0004471373114817506,161,7
6,2200,love,0.12589436803898743,0.42015670365509283,0.0011231656163790613,0.011505482632583159,0.010382317016204097,1.108180631887652,87,7
6,2200,wealth,0.17731106993532086,0.41980740740740746,-0.012956766925157964,7.999872002047968e-06,0.012964766797160012,0.0006170471190568061,125,7
6,2200,emotion,0.17992483635337753,0.464845649003403,0.007343935837019339,0.016536916745177765,0.009192980908158427,1.7988633837695678,121,7
6,2200,scandal,0.10227300487934686,0.43186715383174074,-0.011792142505229987,1.3888503097136193e-05,0.011806031008327124,0.0011763905317683692,72,7
6,2200,duty,0.12823738144287442,0.4850912778904666,-0.012058883603175908,1.1764429072257124e-05,0.012070648032248166,0.0009746311084419351,85,7
6,2200,class,0.14072054871588935,0.42547381946675233,-0.012359113437014891,1.0100806044322337e-05,0.012369214243059213,0.0008166085448130736,99,7
6,2200,society,0.22042226489956812,0.4915230008291163,0.02492168931088329,0.0305415184501,0.005619829139216707,5.434599111125695,131,7
6,2228,female,0.22717391304347825,0.49032394582948596,-0.00828006037096782,0.01316430046973066,0.02144436084069848,0.6138816897789151,152,13
6,2228,male,0.3149143575128235,0.5726369495166488,0.08835015396491924,0.09023172583870918,0.001881571873789948,47.95550308105149,133,13
6,2228,family,0.17757489278159466,0.4890802474836088,-0.013568149633802977,0.008411623334061612,0.02197977296786459,0.38269837208860547,119,13
6,2228,marriage,0.24122262177182086,0.4813048407768904,-0.017594099376139375,0.006217314070632662,0.023811413446772036,0.26110646830225853,161,13
6,2228,love,0.13251074394450074,0.5000198862506464,0.003966665161664645,0.02299947127652238,0.019032806114857734,1.2084119985523156,87,13
6,2228,wealth,0.18735505430242272,0.4836740740740741,-0.014216119888943458,0.008007871874050014,0.022223991762993472,0.3603255418328622,125,13
6,2228,emotion,0.1806169568675006,0.4888566480311133,-0.013787990123936306,0.008272590535693625,0.02206058065962993,0.37499423351340766,121,13
6,2228,scandal,0.10815580618212198,0.4884415401911186,-0.0063353141747893565,0.013902391600233327,0.020237705775022683,0.686954922365986,72,13
6,2228,duty,0.12827417007993128,0.50026369168357,0.0045734465983312475,0.023540622573586505,0.018967175975255258,1.2411242771752993,85,13
6,2228,class,0.1494107744107744,0.503185565906414,-0.011092198439013944,0.010110906850366658,0.021203105289380603,0.47685971992761655,99,13
6,2228,society,0.1951832507477345,0.4925236584040941,-0.01483259388442124,0.007641104715958534,0.022473698600379774,0.3400020998541561,131,13
6,2238,female,0.20216305881486948,0.4270416538422079,-0.008036579348996105,0.03290088288311996,0.04093746223211606,0.8036864301887533,152,26
6,2238,male,0.3049578214562466,0.5485753858330036,0.08271090782635743,0.10526909369783911,0.022558185871481687,4.666558485372485,133,26
6,2238,family,0.1847237629321045,0.49064241081047805,0.01379598995410744,0.05042772390379994,0.0366317339496925,1.3766130746548142,119,26
6,2238,marriage,0.2145412628259614,0.4521344769791975,-0.03519242573613578,0.012428417038297659,0.04762084277443344,0.26098691904522975,161,26
6,2238,love,0.13150386491732236,0.4911903909636878,0.00792356643250508,0.045987448564400825,0.038063882131895745,1.2081649581574692,87,26
6,2238,wealth,0.1602473527241853,0.4223111111111111,-0.04814182179532511,7.999872002047968e-06,0.04814982166732716,0.00016614541289797268,125,26
6,2238,emotion,0.167334552436785,0.44094859017987365,-0.017479851600137528,0.024801242954661906,0.042281094554799434,0.586579964762527,121,26
6,2238,scandal,0.09306558627198847,0.44524077196927114,-0.04383250661867311,1.3888503097136193e-05,0.04384639512177025,0.0003167535907626676,72,26
6,2238,duty,0.1432717552474542,0.5636308316430021,-0.031328830274450714,0.01177619350132938,0.04310502377578009,0.273197703411847,85,26
6,2238,class,0.1504155181859876,0.5076739122675519,-0.022192730905862948,0.020211712894688996,0.042404443800551944,0.47664138667347117,99,26
6,2238,society,0.17950303962972197,0.4715098493295594,-0.02967094858792485,0.015274575960672354,0.0449455245485972,0.3398464277309062,131,26
6,2242,female,0.2276365458220583,0.49742228377962444,-0.014858921175430917,0.006585439665267561,0.02144436084069848,0.3070942386150395,152,12
6,2242,male,0.19920861937452325,0.48434055062468206,-0.0037539149652055064,0.0150448865430595,0.018798801508265007,0.8003109419313043,133,12
6,2242,family,0.17620973645187743,0.4966448117708622,-0.02197136974775064,8.403220113947665e-06,0.02197977296786459,0.00038231605603257295,119,12
6,2242,marriage,0.2738566838800032,0.528541851523218,0.033561352204319765,0.04348393187662265,0.009922579672302888,4.382321262042166,161,12
6,2242,love,0.15008250191250794,0.504136340134431,0.032144935908735274,0.045987448564400825,0.013842512655665551,3.322189381727356,87,12
6,2242,wealth,0.19436500906500906,0.5152740740740741,-0.0025125579005621027,0.016007743876097984,0.018520301776660086,0.8643349373176604,125,12
6,2242,emotion,0.18147476347633537,0.5060768108896451,-0.0018472068426031614,0.016536916745177765,0.018384123587780927,0.8995216261094745,121,12
6,2242,scandal,0.13996511935108427,0.5354599962525763,0.04207553492997568,0.05556790089164191,0.013492365961666234,4.118469736545829,72,12
6,2242,duty,0.20071767379507316,0.5600202839756593,0.046763261758109714,0.05883390979035788,0.012070648032248166,4.874130173318117,85,12
6,2242,class,0.14757273868985954,0.49243316557804195,-0.009325420229749668,0.010110906850366658,0.019436327080116327,0.520206662923988,99,12
6,2242,society,0.20265530493602976,0.5034594161877805,-0.0034538183150045147,0.015274575960672354,0.01872839427567687,0.815583852786265,131,12
6,2252,female,0.2280075187969925,0.49643480045142097,-0.005112370479722129,0.006585439665267561,0.01169781014498969,0.562963459235592,152,7
6,2252,male,0.2481203007518797,0.5300751879699248,0.05263642649870274,0.052638306190884346,1.87969218160834e-06,28003.66927215479,133,7
6,2252,family,0.17894736842105263,0.4926739926739927,-0.0128138941341082,8.403220113947665e-06,0.012822297354222148,0.0006553599469072738,119,7
6,2252,marriage,0.24210526315789474,0.4920634920634921,-0.013884606790612123,6.211102967664998e-06,0.013890817893579788,0.0004471373114817506,161,7
6,2252,love,0.13096534439547144,0.4996420474883666,0.0011231656163790613,0.011505482632583159,0.010382317016204097,1.108180631887652,87,7
6,2252,wealth,0.18796992481203006,0.4925925925925926,-0.012956766925157964,7.999872002047968e-06,0.012964766797160012,0.0006170471190568061,125,7
6,2252,emotion,0.18195488721804512,0.49264705882352944,-0.012861173653797945,8.26432620948414e-06,0.012869437980007429,0.0006421668313473005,121,7
6,2252,scandal,0.10827067669172932,0.49325463743676223,-0.011792142505229987,1.3888503097136193e-05,0.011806031008327124,0.0011763905317683692,72,7
6,2252,duty,0.12778637770897833,0.49977687626774847,-0.012058883603175908,1.1764429072257124e-05,0.012070648032248166,0.0009746311084419351,85,7
6,2252,class,0.14905192273613327,0.4988399900060678,-0.000491529183428277,0.010110906850366658,0.010602436033794935,0.953639976434172,99,7
6,2252,society,0.19699248120300752,0.49250936329588013,-0.013102804317377804,7.63347124471382e-06,0.013110437788622517,0.0005822438096427295,131,7
6,2338,female,0.22580945607261396,0.41610239047912173,-0.023387092119035773,6.578860804463099e-06,0.023393670979840235,0.00028122396052553204,152,12
6,2338,male,0.19861372180451128,0.4161201876872633,-0.022550667187552123,7.518683929564969e-06,0.022558185871481687,0.0003333017988266899,133,12
6,2338,family,0.17603832377603404,0.4515498507095146,-0.011736654511074487,0.008411623334061612,0.0201482778451361,0.4174859706768803,119,12
6,2338,marriage,0.23428238586507816,0.47937000887311443,-0.015609980265500926,0.006217314070632662,0.021827294336133587,0.28484126225647144,161,12
6,2338,love,0.13354681284804368,0.5054090601757943,-0.007527323482274575,0.011505482632583159,0.019032806114857734,0.6045079512997841,87,12
6,2338,wealth,0.18950018226623502,0.49717037037037043,-0.012364274895776765,0.008007871874050014,0.02037214676982678,0.3930794316442589,125,12
6,2338,emotion,0.22398956252621854,0.5580183519688867,0.018357902648214127,0.033065569164146054,0.014707666515931927,2.2481859461580758,121,12
6,2338,scandal,0.11060957849534928,0.5263959153082256,-0.004648979221450243,0.013902391600233327,0.01855137082168357,0.7493996930531014,72,12
6,2338,duty,0.12454707323279757,0.47109533468559844,-0.007190982473925878,0.01177619350132938,0.018967175975255258,0.6208722645939402,85,12
6,2338,class,0.15390173050577402,0.4838669379305422,0.014409748277423567,0.030312518939011334,0.015902770661587767,1.9061155808731731,99,12
6,2338,society,0.18985110261115384,0.457800840552363,-0.012959941722069789,0.007641104715958534,0.020601046438028323,0.37090857197829497,131,12
6,2342,female,0.22019671996067464,0.39868677541807734,-0.003163060340580371,0.006585439665267561,0.009748500005847932,0.6755336370356005,152,6
6,2342,male,0.1937123668948107,0.403089490643903,-0.0018741379867287765,0.007526202613494532,0.009400340600223309,0.8006308423032154,133,6
6,2342,family,0.17258056099856872,0.4697571336226798,-0.01098239901137971,8.403220113947665e-06,0.010990802231493658,0.0007645684033058152,119,6
6,2342,marriage,0.24190057655850225,0.4888839593808538,0.0044899564766332205,0.012428417038297659,0.007938460561664439,1.565595361996259,161,6
6,2342,love,0.1317515361363281,0.48788927335640137,-0.010370823027560159,1.1493988643939221e-05,0.010382317016204097,0.0011070735583293227,87,6
6,2342,wealth,0.18081611089482666,0.44445925925925933,-0.0012532049367766137,0.008007871874050014,0.009261076810826628,0.8646804293668918,125,6
6,2342,emotion,0.18688008875077983,0.5142805055906661,-0.0009203903724648022,0.008272590535693625,0.009192980908158427,0.899881182985176,121,6
6,2342,scandal,0.11915254334686784,0.538575042158516,-0.010105807551890875,1.3888503097136193e-05,0.010119696054988012,0.001372422948307633,72,6
6,2342,duty,0.24920225015790323,0.5859634888438133,0.043619492614611455,0.047069480718100756,0.0034499881034892985,13.643374786380154,85,6
6,2342,class,0.14060792928424423,0.43555698326016346,-0.010592335227750613,1.0100806044322337e-05,0.010602436033794935,0.0009526872891450271,99,6
6,2342,society,0.21364396931419488,0.5591245675729765,-0.0017240287479610783,0.007641104715958534,0.009365133463919612,0.8159098580475086,131,6
6,2376,female,0.37236826417326097,0.6340604801477379,0.0945449529962339,0.13158379495006645,0.037038841953832544,3.552589336095547,152,39
6,2376,male,0.29825592498788656,0.6334233139239075,0.07707166168779564,0.12030646155696907,0.04323479986917343,2.782630240413473,133,39
6,2376,family,0.16384997164114104,0.4569212300304737,-0.06118702282474366,0.008411623334061612,0.06959864615880527,0.120859008015008,119,39
6,2376,marriage,0.2541181787107899,0.5552104899930986,-0.011814641704614944,0.04969503484428764,0.06150967654890258,0.8079222267405395,161,39
6,2376,love,0.1461086036837575,0.5483832478224556,0.025104554167015472,0.08046941449621849,0.055364860329203014,1.4534384086998278,87,39
6,2376,wealth,0.1875823172320234,0.545148148148148,-0.04266065572084812,0.02400761587814595,0.06666827159899408,0.36010556899075336,125,39
6,2376,emotion,0.1737297460780935,0.4836457826932426,-0.03127426782174738,0.033065569164146054,0.06433983698589343,0.5139206238722953,121,39
6,2376,scandal,0.097198317942216,0.4566352819936294,-0.050180022961606265,0.013902391600233327,0.06408241456183959,0.21694550205502258,72,39
6,2376,duty,0.1217073386658055,0.44811359026369174,0.00021169814281183502,0.05883390979035788,0.058622211647546045,1.0036112274828697,85,39
6,2376,class,0.1542273118718961,0.5449905414569725,-0.04516084762629856,0.020211712894688996,0.06537256052098755,0.30917731741425275,99,39
6,2376,society,0.18390101077811846,0.44879492237756236,-0.03500317988436316,0.0305415184501,0.06554469833446316,0.4659647420114132,131,39
6,2380,female,0.2172790951484152,0.4800066687185801,-0.003163060340580371,0.006585439665267561,0.009748500005847932,0.6755336370356005,152,6
6,2380,male,0.25167584067890353,0.5612598224885522,0.007524238124444532,0.0150448865430595,0.007520648418614969,2.000477313075851,133,6
6,2380,family,0.1720899740812907,0.47538246067657836,-0.01098239901137971,8.403220113947665e-06,0.010990802231493658,0.0007645684033058152,119,6
6,2380,marriage,0.21444776272327992,0.4572488415656118,-0.011900487679973674,6.211102967664998e-06,0.011906698782941339,0.0005216477783113119,161,6
6,2380,love,0.1282258982475047,0.47942767370639944,0.002853263436109789,0.011505482632583159,0.00865221919647337,1.329772439877968,87,6
6,2380,wealth,0.1903715166549988,0.5268814814814815,-0.01110492193199127,7.999872002047968e-06,0.01111292180399332,0.0007198711682154931,125,6
6,2380,emotion,0.17508967100125147,0.5018078512396694,-0.0009203903724648022,0.008272590535693625,0.009192980908158427,0.899881182985176,121,6
6,2380,scandal,0.13261670045987559,0.5859213977890201,-0.010105807551890875,1.3888503097136193e-05,0.010119696054988012,0.001372422948307633,72,6
6,2380,duty,0.1735555581500648,0.5617444219066937,0.01664237049859366,0.023540622573586505,0.006898252074992846,3.412548905760068,85,6
6,2380,class,0.14714450548843067,0.46362922511332405,0.0012752490258360009,0.010110906850366658,0.008835657824530658,1.1443298337279613,99,6
6,2380,society,0.20004713512648975,0.4945750064327986,0.007782094659104195,0.015274575960672354,0.00749248130156816,2.038653864299503,131,6
6,2470,female,0.2237419286479489,0.5004360315994665,-0.029235509857583726,0.05263746529650925,0.08187297515409298,0.6429162394159667,152,50
6,2470,male,0.1933319244942334,0.4599609927073322,-0.018791961199282572,0.06015699012044931,0.07894895131973188,0.7619732639140473,133,50
6,2470,family,0.18033391584360792,0.46437036353002736,-0.009690462518023968,0.06723416413169526,0.07692462664971923,0.8740265251721782,119,50
6,2470,marriage,0.27221751737917144,0.5663881494626838,-0.009054285686727545,0.06832834374728264,0.07738262943401018,0.8829933054248074,161,50
6,2470,love,0.269462462899212,0.6532832199817047,0.1515384292503469,0.20690328957954993,0.055364860329203014,3.737086815455735,87,50
6,2470,wealth,0.29834668010576915,0.6656296296296296,0.06504137029210885,0.12800595190476954,0.06296458161266069,2.032983442821727,125,50
6,2470,emotion,0.33297507674994614,0.6110992950899368,0.15055631319125595,0.1983520933538289,0.04779578016257294,4.149991749794701,121,50
6,2470,scandal,0.1290095455178797,0.5767519205546188,0.024719320854515336,0.09723341018305048,0.07251408932853515,1.3408899026667787,72,50
6,2470,duty,0.1877396101491013,0.6058215010141988,0.0891547347636135,0.15294934236841487,0.06379460760480136,2.3975277552221503,85,50
6,2470,class,0.22991570136180037,0.6562622693364742,0.10155077162200701,0.16162299751520173,0.060072225893194726,2.6904779223574717,99,50
6,2470,society,0.3248715940534903,0.6848357492066215,0.08698949743574994,0.1450435871208073,0.05805408968505737,2.4984215221557746,131,50
6,2535,female,0.22857142857142856,0.4844054580896686,-0.00974192114504347,6.578860804463099e-06,0.009748500005847932,0.0006748587782573433,152,5
6,2535,male,0.2,0.4849624060150376,-0.009392821916293743,7.518683929564969e-06,0.009400340600223309,0.0007998310112919236,133,5
6,2535,family,0.17804384911859483,0.49038076769169203,-0.009150903888651222,8.403220113947665e-06,0.00915930710876517,0.0009174515073294785,119,5
6,2535,marriage,0.24148881520571613,0.488243123336291,-0.009916368569335223,6.211102967664998e-06,0.009922579672302888,0.0006259564722242773,161,5
6,2535,love,0.14237827105340717,0.5059857614445373,0.0045833612558405165,0.011505482632583159,0.006922121376742642,1.6621324597944547,87,5
6,2535,wealth,0.1976733500417711,0.5098814814814815,0.010450357051604742,0.016007743876097984,0.005557386824493243,2.880444420868116,125,5
6,2535,emotion,0.18182740849117537,0.4953968157510938,-0.009184716581948943,8.26432620948414e-06,0.009192980908158427,0.0008989822007843917,121,5
6,2535,scandal,0.12065580618212199,0.49447255012179125,0.007155365451923539,0.013902391600233327,0.006747026148309788,2.0605213752810965,72,5
6,2535,duty,0.13414160401002506,0.5064705882352942,0.01836650248434543,0.023540622573586505,0.005174120089241072,4.549686161708261,85,5
6,2535,class,0.1482215640110377,0.4975907484741407,-0.008825557018486335,1.0100806044322337e-05,0.008835657824530658,0.0011431866470808807,99,5
6,2535,society,0.19699248120300752,0.4850187265917603,-0.009357499992674899,7.63347124471382e-06,0.009365133463919612,0.0008150947632842244,131,5
6,2540,female,0.2604193143293454,0.5339142813173284,0.023152382877272025,0.03290088288311996,0.009748500005847932,3.374968750064974,152,10
6,2540,male,0.19869897083916122,0.5090805020068969,-0.018791282824335443,7.518683929564969e-06,0.018798801508265007,0.00039995549321904266,133,10
6,2540,family,0.1839113967639415,0.5015544679410225,0.012395766207734794,0.02521806356195694,0.012822297354222148,1.9667352006687286,119,10
6,2540,marriage,0.24165504851595077,0.48035591048013404,-0.0034465199659205765,0.012428417038297659,0.015874937004218236,0.7828955185278736,161,10
6,2540,love,0.12924915144233817,0.4901960784313726,-0.00406712784281312,0.011505482632583159,0.015572610475396279,0.738828127116019,87,10
6,2540,wealth,0.18617541275857302,0.4938592592592593,-0.018512301904658038,7.999872002047968e-06,0.018520301776660086,0.000431951492912374,125,10
6,2540,emotion,0.19039778503556337,0.49548037190082644,0.011931804974654478,0.024801242954661906,0.012869437980007429,1.9271426608732487,121,10
6,2540,scandal,0.10690303778110503,0.4965921866216975,-0.016851147365247322,1.3888503097136193e-05,0.01686503586834446,0.0008235086604459168,72,10
6,2540,duty,0.1261192242801445,0.478052738336714,-0.017231279560431228,1.1764429072257124e-05,0.017243043989503486,0.0006822710119359622,85,10
6,2540,class,0.1471152629047366,0.4685815754720348,-0.017659448064807723,1.0100806044322337e-05,0.017669548870852047,0.0005716504771897786,99,10
6,2540,society,0.1926754720927653,0.47208880121222524,-0.018720760804432156,7.63347124471382e-06,0.01872839427567687,0.000407588132326969,131,10
6,2621,female,0.22503702437912965,0.46927259669641935,-0.00974192114504347,6.578860804463099e-06,0.009748500005847932,0.0006748587782573433,152,5
6,2621,male,0.19730541108410124,0.47268076205551474,-0.009392821916293743,7.518683929564969e-06,0.009400340600223309,0.0007998310112919236,133,5
6,2621,family,0.1759606234838433,0.47462061747776035,-0.009150903888651222,8.403220113947665e-06,0.00915930710876517,0.0009174515073294785,119,5
6,2621,marriage,0.24065078828082778,0.4887114265996254,0.0064740755872716715,0.012428417038297659,0.0059543414510259875,2.0872865854995335,161,5
6,2621,love,0.1290180368454474,0.5005568150180965,-0.008640725207829431,1.1493988643939221e-05,0.00865221919647337,0.0013284439958820863,87,5
6,2621,wealth,0.19029304496672916,0.489437037037037,0.0005986400563900785,0.008007871874050014,0.007409231817659936,1.0807965076598656,125,5
6,2621,emotion,0.20154648897940142,0.5256745260087506,0.0009178381634596978,0.008272590535693625,0.007354752372233927,1.1247952501840819,121,5
6,2621,scandal,0.10708991470925376,0.47020798201236647,-0.008419472598551763,1.3888503097136193e-05,0.0084333611016489,0.0016468526519958745,72,5
6,2621,duty,0.12696604964323682,0.49551724137931036,-0.008610619631672362,1.1764429072257124e-05,0.00862238406074462,0.0013644055968758083,85,5
6,2621,class,0.15998245082223717,0.5026412535246457,0.0030420272351002805,0.010110906850366658,0.007068879615266378,1.430340789380568,99,5
6,2621,society,0.19577503991844739,0.48717728793206966,0.00014862341439037408,0.007641104715958534,0.00749248130156816,1.0198363409114455,131,5
6,2667,female,0.3103585991756058,0.5716374269005847,0.10624081383108445,0.13158379495006645,0.025342981118981995,5.192119834959651,152,33
6,2667,male,0.23462374638778644,0.5738311945276725,0.04135793422157913,0.08271304190914422,0.04135510768756509,2.000068347833485,133,33
6,2667,family,0.23970123835194204,0.5748299319727892,0.0726185307517411,0.10925026470143359,0.0366317339496925,2.9823940315926074,119,33
6,2667,marriage,0.25151742772759655,0.4902395740905058,-0.016300371197391132,0.03727282890895765,0.053573200106348785,0.6957364658872569,161,33
6,2667,love,0.12850373059084494,0.45718490235850934,-0.0570834641602898,1.1493988643939221e-05,0.05709495814893374,0.00020131354880330288,87,33
6,2667,wealth,0.18507878892633883,0.45552592592592595,-0.04140130275706264,0.016007743876097984,0.057409046633160626,0.27883660876842975,125,33
6,2667,emotion,0.1766245822727722,0.4703907389402042,-0.040450006097017675,0.016536916745177765,0.05698692284219544,0.2901879224235454,121,33
6,2667,scandal,0.10734046359771979,0.47009087502342145,-0.008912337140620986,0.04167939779450571,0.0505917349351267,0.8238380804122841,72,33
6,2667,duty,0.12447434144802563,0.47093306288032455,-0.029909193116704227,0.023540622573586505,0.05344981569029073,0.44042476609367026,85,33
6,2667,class,0.14553280808735053,0.4603098118999179,-0.05829534687788612,1.0100806044322337e-05,0.05830544768393044,0.00017323949039727517,99,33
6,2667,society,0.19699248120300752,0.4400749063670412,-0.061791760538515546,7.63347124471382e-06,0.06179939400976026,0.00012352016337546467,131,33
6,2756,female,0.2235546525594456,0.47232481789268493,0.00414624352979788,0.07237404770989854,0.06822780418010066,1.0607705843469957,152,46
6,2756,male,0.24013070920405932,0.5213550794278929,0.03571868808301733,0.09775040976827415,0.06203172168525682,1.575813263134543,133,46
6,2756,family,0.2719343676687554,0.5699048850309355,0.09998267033965152,0.15126636527117193,0.05128369493152041,2.949599584628403,119,46
6,2756,marriage,0.22114278526431747,0.4563492063492064,-0.009313031322477183,0.06211724077961764,0.07143027210209482,0.8696206657306897,161,46
6,2756,love,0.1629310637379598,0.5499144891222209,0.052666128819910216,0.11495138042803614,0.062285251608125924,1.8455633951584403,87,46
6,2756,wealth,0.21833172726090783,0.5692296296296296,-0.016216702692156332,0.056007103886337825,0.07222380657849416,0.775465965293491,125,46
6,2756,emotion,0.18106866016300588,0.5086594555177443,-0.02393675808240161,0.049594221583114335,0.07353097966551594,0.6744670315564723,121,46
6,2756,scandal,0.08540083087526079,0.3381581412778714,-0.04640952958450474,0.027790894697369516,0.07420042428187426,0.37453821815657407,72,46
6,2756,duty,0.12445034256609636,0.5156997971602435,-0.011857225757450574,0.05883390979035788,0.07069113554780845,0.8322671482584433,85,46
6,2756,class,0.1476000459920569,0.5209337188135775,-0.04566071083756189,0.030312518939011334,0.07597322977657323,0.3989894733678859,99,46
6,2756,society,0.1562382136360805,0.3765617405723761,-0.06712399183495388,0.015274575960672354,0.08239856779562624,0.18537428949460166,131,46
6,2761,female,0.22730828901396452,0.48604698881707187,-0.00974192114504347,6.578860804463099e-06,0.009748500005847932,0.0006748587782573433,152,5
6,2761,male,0.2042446235912553,0.52717790717395,-0.009392821916293743,7.518683929564969e-06,0.009400340600223309,0.0007998310112919236,133,5
6,2761,family,0.19734556123826666,0.5267183796595561,0.0010838113480249297,0.008411623334061612,0.007327811986036682,1.1479038148006873,119,5
6,2761,marriage,0.24099149027118733,0.4837326234841763,-0.0017211464910317767,0.006217314070632662,0.007938460561664439,0.7831888842370092,161,5
6,2761,love,0.12818437845384417,0.4793580718291373,-0.008640725207829431,1.1493988643939221e-05,0.00865221919647337,0.0013284439958820863,87,5
6,2761,wealth,0.18840734476426868,0.5038814814814815,-0.00925307693882458,7.999872002047968e-06,0.009261076810826628,0.0008638166127541378,125,5
6,2761,emotion,0.1850593420360862,0.48559795819154106,0.011020392908868339,0.016536916745177765,0.005516523836309426,2.9977060251847503,121,5
6,2761,scandal,0.1059036044195163,0.47714071575791644,-0.008419472598551763,1.3888503097136193e-05,0.0084333611016489,0.0016468526519958745,72,5
6,2761,duty,0.1253864972131226,0.48004056795131844,-0.008610619631672362,1.1764429072257124e-05,0.00862238406074462,0.0013644055968758083,85,5
6,2761,class,0.19193564921797998,0.565049791198201,0.014909611488686896,0.020211712894688996,0.005302101406002099,3.812019300120676,99,5
6,2761,society,0.19226670195636755,0.4723818509306115,-0.009357499992674899,7.63347124471382e-06,0.009365133463919612,0.0008150947632842244,131,5
6,2766,female,0.232503101648382,0.5081948291782087,-0.00974192114504347,6.578860804463099e-06,0.009748500005847932,0.0006748587782573433,152,5
6,2766,male,0.2108188429042286,0.5243371586861891,-0.009392821916293743,7.518683929564969e-06,0.009400340600223309,0.0007998310112919236,133,5
6,2766,family,0.21591376487659894,0.5366762089451165,0.021553241821377238,0.02521806356195694,0.003664821740579705,6.881116010593958,119,5
6,2766,marriage,0.24924943914712186,0.5173272207433698,-0.0017211464910317767,0.006217314070632662,0.007938460561664439,0.7831888842370092,161,5
6,2766,love,0.1289416068907902,0.4748438929324265,-0.008640725207829431,1.1493988643939221e-05,0.00865221919647337,0.0013284439958820863,87,5
6,2766,wealth,0.19031094458554412,0.4941185185185185,-0.00925307693882458,7.999872002047968e-06,0.009261076810826628,0.0008638166127541378,125,5
6,2766,emotion,0.18074628720561736,0.4645266164316966,-0.009184716581948943,8.26432620948414e-06,0.009192980908158427,0.0008989822007843917,121,5
6,2766,scandal,0.10827067669172932,0.4629005059021922,-0.008419472598551763,1.3888503097136193e-05,0.0084333611016489,0.0016468526519958745,72,5
6,2766,duty,0.1279002653693056,0.4757200811359026,0.004877941426336534,0.01177619350132938,0.006898252074992846,1.7071271637510383,85,5
6,2766,class,0.14553796648246053,0.48975621943819825,-0.008825557018486335,1.0100806044322337e-05,0.008835657824530658,0.0011431866470808807,99,5
6,2766,society,0.19304547714065723,0.4770563513165795,-0.009357499992674899,7.63347124471382e-06,0.009365133463919612,0.0008150947632842244,131,5
6,2785,female,0.3069468906533557,0.6191841079306453,0.006096040990062312,0.01974316127419376,0.013647120284131448,1.4466906469421212,152,10
6,2785,male,0.21229454098761308,0.5473104754367122,5.469398011173632e-06,0.0150448865430595,0.015039417145048327,1.0003636708097168,133,10
6,2785,family,0.23346133383767526,0.6083279465632406,0.022630481444410953,0.03362128367590461,0.010990802231493658,3.059038181626567,119,10
6,2785,marriage,0.23736208978284262,0.48694296559203387,-0.011641742044224024,0.006217314070632662,0.017859056114856685,0.34813228819592756,161,10
6,2785,love,0.14877404762099028,0.47378992164817246,-0.00406712784281312,0.011505482632583159,0.015572610475396279,0.738828127116019,87,10
6,2785,wealth,0.21774485509908464,0.5407851851851853,0.0011911320857712817,0.016007743876097984,0.014816611790326702,1.0803916645415885,125,10
6,2785,emotion,0.19452689365501424,0.49254071463296056,0.011931804974654478,0.024801242954661906,0.012869437980007429,1.9271426608732487,121,10
6,2785,scandal,0.10101244383719388,0.47388514146524263,-0.016851147365247322,1.3888503097136193e-05,0.01686503586834446,0.0008235086604459168,72,10
6,2785,duty,0.1279556855480149,0.5048884381338742,-0.003742718502422332,0.01177619350132938,0.015518912003751712,0.7588285504630509,85,10
6,2785,class,0.16747262328655643,0.5064425170432237,-0.005791863811221109,0.010110906850366658,0.015902770661587767,0.6357953003845538,99,10
6,2785,society,0.17813189778166313,0.45176115733196104,-0.018720760804432156,7.63347124471382e-06,0.01872839427567687,0.000407588132326969,131,10
6,2851,female,0.33119941538394304,0.5825895147224787,0.08260561113941164,0.11184721253667715,0.029241601397265508,3.8249345859461537,152,32
6,2851,male,0.39702237564808823,0.6820693651421788,0.10902625918140064,0.13534382941609902,0.026317570234698367,5.142717515483721,133,32
6,2851,family,0.20710488924231568,0.5710591929079324,0.0028070192177365103,0.05042772390379994,0.04762070468606343,1.0589453523458476,119,32
6,2851,marriage,0.24939134011009848,0.5373410233658681,-0.030706696243359578,0.024850622973627657,0.055557319216987235,0.44729701366839925,161,32
6,2851,love,0.11720601157612434,0.4668993357992284,-0.028905193413219187,0.02299947127652238,0.051904664689741566,0.4431099095535605,87,32
6,2851,wealth,0.19652906482348614,0.5525777777777777,-0.03954945776389595,0.016007743876097984,0.05555720163999393,0.2881308525857495,125,32
6,2851,emotion,0.16400951156759822,0.4664939839572192,-0.048714332306501816,0.008272590535693625,0.05698692284219544,0.14516647193701596,121,32
6,2851,scandal,0.10817548626406369,0.5357293423271501,-0.02280084023775718,0.027790894697369516,0.0505917349351267,0.5493168940036589,72,32
6,2851,duty,0.12539300267124032,0.49963488843813386,-0.014696500072943555,0.035305051645843626,0.05000155171878718,0.7060791201780307,85,32
6,2851,class,0.19071824041505625,0.5895795409929686,0.0028093525993112337,0.05051413102765601,0.04770477842834478,1.0588903814420216,99,32
6,2851,society,0.168466827255219,0.43156216942562253,-0.04090686156203356,0.015274575960672354,0.056181437522705914,0.27187940775326735,131,32
6,2867,female,0.31138221287873563,0.5731827741869293,0.08260561113941164,0.11184721253667715,0.029241601397265508,3.8249345859461537,152,32
6,2867,male,0.2546742575174359,0.5910664819944599,0.08083113084788071,0.11278777762740409,0.03195664677952339,3.5293996395186507,133,32
6,2867,family,0.2906468629171148,0.5749530581463353,0.13585831729452652,0.1596695853851196,0.023811268090593075,6.705631332650165,119,32
6,2867,marriage,0.2403550235969909,0.4808180518584245,-0.014316252086752683,0.03727282890895765,0.051589080995710336,0.7224945315721832,161,32
6,2867,love,0.12955319332814796,0.4534661734876506,-0.055353366340559075,1.1493988643939221e-05,0.055364860329203014,0.00020760440061417339,87,32
6,2867,wealth,0.1828500033861263,0.4668888888888889,-0.059252891754325264,7.999872002047968e-06,0.05926089162632731,0.000134994121457986,125,32
6,2867,emotion,0.17733566049115937,0.4684461594555178,-0.03861177756109317,0.016536916745177765,0.05514869430627094,0.299860530750544,121,32
6,2867,scandal,0.10532593955643868,0.48607597901442756,-0.03837567828823248,0.013902391600233327,0.05227806988846581,0.26593161586929015,72,32
6,2867,duty,0.12421693749936683,0.47993914807302235,-0.041673622188961354,0.01177619350132938,0.05344981569029073,0.22032243421277553,85,32
6,2867,class,0.14546422899782796,0.4627190634257771,-0.05652856866862185,1.0100806044322337e-05,0.05653866947466617,0.0001786530552981911,99,32
6,2867,society,0.1956159482676156,0.44722246047402575,-0.0599191083761641,7.63347124471382e-06,0.059926741847408815,0.0001273800478594934,131,32
6,2871,female,0.45349965854631175,0.6521942649020211,0.1644761496622428,0.16447809897238194,1.949310139141758e-06,84377.55044317775,152,25
6,2871,male,0.1977448525845046,0.47740120979139583,-0.009393161103767308,0.03008225440218944,0.03947541550595675,0.762050355033959,133,25
6,2871,family,0.23734763609911194,0.5577000030781545,0.04633163078686438,0.07563738424564292,0.029305753458778543,2.5809738810999505,119,25
6,2871,marriage,0.24578625050722036,0.5075483091787439,-0.008622640390586987,0.031061725941292653,0.03968436633187964,0.7827194639002493,161,25
6,2871,love,0.12566560491884465,0.4609732331066301,-0.04324268160244399,1.1493988643939221e-05,0.04325417559108793,0.0002657313077085142,87,25
6,2871,wealth,0.18050617971135133,0.4840074074074075,-0.03643825980694377,0.008007871874050014,0.04444613168099378,0.18017027738983638,125,25
6,2871,emotion,0.17793325580178537,0.5058869105493438,-0.01564162306421303,0.024801242954661906,0.04044286601887494,0.6132414785459015,121,25
6,2871,scandal,0.10455120154448155,0.4844481918680906,-0.0265713336148587,0.013902391600233327,0.04047372521509203,0.34349177215607146,72,25
6,2871,duty,0.12471550199026978,0.47073022312373225,-0.016116137230690036,0.023540622573586505,0.03965675980427654,0.593609328880528,85,25
6,2871,class,0.14349933377024834,0.47355177213834454,-0.03229353695018529,0.010110906850366658,0.042404443800551944,0.23843979413300578,99,25
6,2871,society,0.18878534342134087,0.5014866912542527,-0.04681054323970394,7.63347124471382e-06,0.04681817671094866,0.00016304503465991769,131,25
6,2955,female,0.22857142857142856,0.48635477582846004,-0.021437781979894016,6.578860804463099e-06,0.02144436084069848,0.0003067874511638756,152,11
6,2955,male,0.2,0.4868421052631579,-0.020670975005943785,7.518683929564969e-06,0.02067849368987335,0.0003635992080449947,133,11
6,2955,family,0.18584697036709422,0.4923969587835134,-0.009905159388345998,0.008411623334061612,0.01831678272240761,0.4592303933000268,119,11
6,2955,marriage,0.2685989802939786,0.5310066055407671,0.04374069339326165,0.04969503484428764,0.0059543414510259875,8.346016976802483,161,11
6,2955,love,0.13036824035009154,0.49443184981903515,-0.0057972256625438475,0.011505482632583159,0.017302708295127006,0.6649527019512036,87,11
6,2955,wealth,0.18708155002891846,0.4918814814814815,-0.02036414689782473,7.999872002047968e-06,0.02037214676982678,0.0003926867448993596,125,11
6,2955,emotion,0.1885892416992896,0.4973869713174525,-8.978306678661396e-06,0.016536916745177765,0.016545895051856427,0.9994573694774457,121,11
6,2955,scandal,0.10827067669172932,0.4881956155143339,-0.018537482318586433,1.3888503097136193e-05,0.01855137082168357,0.0007486510420110904,72,11
6,2955,duty,0.1288456435205661,0.5013387423935091,-0.005466850488174106,0.01177619350132938,0.017243043989503486,0.682953282947898,85,11
6,2955,class,0.14887218045112782,0.4876325088339223,-0.019426226274072003,1.0100806044322337e-05,0.019436327080116327,0.0005196869759480399,99,11
6,2955,society,0.19699248120300752,0.4868913857677903,-0.02059341296678361,7.63347124471382e-06,0.020601046438028323,0.00037053803394435065,131,11
6,2969,female,0.21642024087410913,0.43972504360315995,-0.00974192114504347,6.578860804463099e-06,0.009748500005847932,0.0006748587782573433,152,5
6,2969,male,0.19133292785459216,0.4424289106224207,-0.009392821916293743,7.518683929564969e-06,0.009400340600223309,0.0007998310112919236,133,5
6,2969,family,0.17065342085670882,0.44958752731861984,-0.009150903888651222,8.403220113947665e-06,0.00915930710876517,0.0009174515073294785,119,5
6,2969,marriage,0.24498428909020448,0.5137533274179237,-0.009916368569335223,6.211102967664998e-06,0.009922579672302888,0.0006259564722242773,161,5
6,2969,love,0.1260443399755188,0.4675456389452332,-0.008640725207829431,1.1493988643939221e-05,0.00865221919647337,0.0013284439958820863,87,5
6,2969,wealth,0.1811461958222092,0.48039999999999994,-0.00925307693882458,7.999872002047968e-06,0.009261076810826628,0.0008638166127541378,125,5
6,2969,emotion,0.20318521425968308,0.506198347107438,0.021122947654276983,0.024801242954661906,0.003678295300384925,6.74259158728336,121,5
6,2969,scandal,0.11359429619213338,0.5205874086565487,-0.008419472598551763,1.3888503097136193e-05,0.0084333611016489,0.0016468526519958745,72,5
6,2969,duty,0.13740542040732762,0.49630831643002027,0.004877941426336534,0.01177619350132938,0.006898252074992846,1.7071271637510383,85,5
6,2969,class,0.15885987385077183,0.5197826319734448,0.014909611488686896,0.020211712894688996,0.005302101406002099,3.812019300120676,99,5
6,2969,society,0.21263582618409427,0.5526274408897276,-0.009357499992674899,7.63347124471382e-06,0.009365133463919612,0.0008150947632842244,131,5
6,2994,female,0.21324384880339511,0.4368523648302042,-0.0343520225668485,0.006585439665267561,0.04093746223211606,0.16086585015375762,152,22
6,2994,male,0.18894916424315478,0.460427384250099,-0.022550836781288913,0.0150448865430595,0.037595723324348414,0.40017547774950474,133,22
6,2994,family,0.18388087697905528,0.5105118970665189,0.000652539971669093,0.03362128367590461,0.03296874370423552,1.0197926853538393,119,22
6,2994,marriage,0.23218194406685436,0.4838558611850537,-0.010865505136975078,0.024850622973627657,0.035716128110602735,0.6957815498918734,161,22
6,2994,love,0.1463602160793639,0.5574513781171698,0.014843957711427994,0.045987448564400825,0.03114349085297283,1.476631145173452,87,22
6,2994,wealth,0.23850405445752004,0.5450814814814815,0.057782728129488245,0.08000671989248172,0.022223991762993472,3.6000157281423126,125,22
6,2994,emotion,0.17096095661982288,0.46961594555177444,-0.020229492201848172,0.016536916745177765,0.03676640894702594,0.4497832999832764,121,22
6,2994,scandal,0.1066351103831482,0.4996721004309537,-0.037087166805316665,1.3888503097136193e-05,0.0371010553084138,0.00037434253503867873,72,22
6,2994,duty,0.12776875947448552,0.524340770791075,-0.02443230233144362,0.01177619350132938,0.036208495832773,0.32523288333743183,85,22
6,2994,class,0.20041676348795534,0.5839668772530964,0.04421230319912725,0.07071574311630069,0.026503439917173438,2.6681722574363196,99,22
6,2994,society,0.25847248550718804,0.5812962804128428,0.03485640050387259,0.061075403428955274,0.02621900292508268,2.3294327248500144,131,22
6,3035,female,0.2274546660769571,0.46532266338360523,-0.00974192114504347,6.578860804463099e-06,0.009748500005847932,0.0006748587782573433,152,5
6,3035,male,0.19774734455185583,0.481231273672904,-0.009392821916293743,7.518683929564969e-06,0.009400340600223309,0.0007998310112919236,133,5
6,3035,family,0.2054497902726456,0.5105734601532921,0.021553241821377238,0.02521806356195694,0.003664821740579705,6.881116010593958,119,5
6,3035,marriage,0.23777665411676782,0.49636448782411513,-0.009916368569335223,6.211102967664998e-06,0.009922579672302888,0.0006259564722242773,161,5
6,3035,love,0.1309392362023941,0.49204549974147876,-0.008640725207829431,1.1493988643939221e-05,0.00865221919647337,0.0013284439958820863,87,5
6,3035,wealth,0.19245025882499564,0.5119555555555556,0.0005986400563900785,0.008007871874050014,0.007409231817659936,1.0807965076598656,125,5
6,3035,emotion,0.1918872384781476,0.4987390617403986,0.011020392908868339,0.016536916745177765,0.005516523836309426,2.9977060251847503,121,5
6,3035,scandal,0.11584477993463661,0.5275201424020987,-0.008419472598551763,1.3888503097136193e-05,0.0084333611016489,0.0016468526519958745,72,5
6,3035,duty,0.1271782397169394,0.48561866125760655,-0.008610619631672362,1.1764429072257124e-05,0.00862238406074462,0.0013644055968758083,85,5
6,3035,class,0.1468459026353763,0.47619302566299027,-0.008825557018486335,1.0100806044322337e-05,0.008835657824530658,0.0011431866470808807,99,5
6,3035,society,0.19569934551855003,0.49072247476913405,0.00014862341439037408,0.007641104715958534,0.00749248130156816,1.0198363409114455,131,5
6,3052,female,0.3692028451971771,0.5900918231250641,0.11184526322653801,0.11184721253667715,1.949310139141758e-06,57377.814290806964,152,17
6,3052,male,0.1960398461236339,0.48524506755610836,-0.031949128095593825,7.518683929564969e-06,0.03195664677952339,0.00023527762412630163,133,17
6,3052,family,0.17487678766014772,0.49281250961923234,-0.031128845361393084,8.403220113947665e-06,0.031137248581507033,0.00026987677127864826,119,17
6,3052,marriage,0.24114605224240726,0.4970053238686779,-0.017335353740389726,0.012428417038297659,0.029763770778687384,0.41756863168626374,161,17
6,3052,love,0.13315606408845973,0.5111561866125761,0.010270360346411683,0.0344934599204616,0.024223099574049917,1.4239903449841853,87,17
6,3052,wealth,0.18515019096587704,0.5058518518518519,-0.03147521685682489,7.999872002047968e-06,0.03148321672882694,0.00025409957536101944,125,17
6,3052,emotion,0.19005873941719725,0.5184735051045212,-0.0009357947768170241,0.024801242954661906,0.02573703773147893,0.9636401520818344,121,17
6,3052,scandal,0.10636609907120742,0.4810755105864718,-0.028655492038621107,1.3888503097136193e-05,0.028669380541718244,0.00048443680450095195,72,17
6,3052,duty,0.15079097755159743,0.5581744421906694,0.011165479713333048,0.035305051645843626,0.024139571932510578,1.4625384303867095,85,17
6,3052,class,0.148280507842828,0.49992861476960415,-0.018159311276071063,0.010110906850366658,0.02827021812643772,0.3576522404173987,99,17
6,3052,society,0.19623970131497367,0.5047459759270377,-0.012817079126761775,0.015274575960672354,0.02809165508743413,0.5437406914112792,131,17
6,3104,female,0.21783250833128037,0.4640338052734174,-0.03313364281474457,6.578860804463099e-06,0.03314022167554903,0.00019851589614195276,152,17
6,3104,male,0.18976193182116996,0.47166318050766015,-0.031949128095593825,7.518683929564969e-06,0.03195664677952339,0.00023527762412630163,133,17
6,3104,family,0.1779343184317903,0.5029858097084988,-0.031128845361393084,8.403220113947665e-06,0.031137248581507033,0.00026987677127864826,119,17
6,3104,marriage,0.2366069762741743,0.49373952479542543,-0.009140131662086277,0.018639520005962657,0.027779651668048935,0.6709774560179286,161,17
6,3104,love,0.12781121402408405,0.5040369088811995,-0.016177812580928215,0.011505482632583159,0.027683295213511375,0.41561102258347016,87,17
6,3104,wealth,0.1999158483524052,0.5571777777777778,-0.011771782866395564,0.016007743876097984,0.027779526742493548,0.5762424977181182,125,17
6,3104,emotion,0.18067415185460386,0.4953132596013612,0.009166759968591624,0.033065569164146054,0.02389880919555443,1.3835655530867716,121,17
6,3104,scandal,0.1376816400078941,0.5156220723252763,0.018069022112804804,0.04167939779450571,0.023610375681700907,1.765300067844486,72,17
6,3104,duty,0.12541375334013238,0.4856085192697769,-0.015811642402684747,0.01177619350132938,0.02758783590401413,0.4268618075689308,85,17
6,3104,class,0.1589044519731776,0.49787628939572404,0.005575857231102172,0.030312518939011334,0.024736661707909162,1.2254086382276057,99,17
6,3104,society,0.3650898850043356,0.6118949595448437,0.11076252516508676,0.11450970214195202,0.0037471769768652554,30.558925510688724,131,17
6,3207,female,0.21840965703370632,0.4401290140556069,0.004146730850920556,0.01974316127419376,0.015596430423273204,1.2658769178020934,152,11
6,3207,male,0.29209170129276785,0.5690471479450505,0.02632090554992276,0.03760093833175441,0.011280032781831649,3.333406830960944,133,11
6,3207,family,0.16169314619152894,0.43561270662110996,-0.02013987462502215,8.403220113947665e-06,0.0201482778451361,0.00041706890177510526,119,11
6,3207,marriage,0.24307519405058653,0.540440451542936,-0.005430639076559026,0.012428417038297659,0.017859056114856685,0.6959167918881629,161,11
6,3207,love,0.1333698231942968,0.4500855108777791,0.0074268608011261,0.02299947127652238,0.015572610475396279,1.476918164194959,87,11
6,3207,wealth,0.1701382815950913,0.4474296296296296,-0.0006607129073954096,0.016007743876097984,0.016668456783493393,0.960361482953235,125,11
6,3207,emotion,0.16291309823056097,0.4566799343704424,-0.010111533052087302,0.008272590535693625,0.018384123587780927,0.44998558107725334,121,11
6,3207,scandal,0.10590151904072798,0.4971191680719505,-0.0029626442681111326,0.013902391600233327,0.01686503586834446,0.8243321691063626,72,11
6,3207,duty,0.11993054108269846,0.47004056795131843,-0.018955411546183,1.1764429072257124e-05,0.018967175975255258,0.000620252012581359,85,11
6,3207,class,0.13507099330635813,0.44964664310954067,-0.0075586420204853885,0.010110906850366658,0.017669548870852047,0.5722221276669683,99,11
6,3207,society,0.1753318630423527,0.46217514366583756,-0.011087289559718334,0.007641104715958534,0.01872839427567687,0.407995720459296,131,11
6,3222,female,0.22489551114408093,0.4708756540473993,-0.014858921175430917,0.006585439665267561,0.02144436084069848,0.3070942386150395,152,12
6,3222,male,0.3453591685981872,0.5810602634405564,0.09022984614652757,0.09023172583870918,1.87969218160834e-06,48003.43307172256,133,12
6,3222,family,0.1749617781143268,0.4916428109705421,-0.011736654511074487,0.008411623334061612,0.0201482778451361,0.4174859706768803,119,12
6,3222,marriage,0.2388368036495513,0.46548111998422553,-0.02380520234380437,6.211102967664998e-06,0.023811413446772036,0.000260845622679579,161,12
6,3222,love,0.15449456045176263,0.5447042914528895,0.01892084944506532,0.0344934599204616,0.015572610475396279,2.215008201273899,87,12
6,3222,wealth,0.18446292712848036,0.4903555555555556,-0.022215991890991424,7.999872002047968e-06,0.022223991762993472,0.00035996557625660565,125,12
6,3222,emotion,0.1777547675641365,0.4958449805542052,-0.022052316333420446,8.26432620948414e-06,0.02206058065962993,0.0003746196138995082,121,12
6,3222,scandal,0.10568256483590519,0.4901630129286116,-0.020223817271925546,1.3888503097136193e-05,0.020237705775022683,0.0006862686537122737,72,12
6,3222,duty,0.13293219900723285,0.5254665314401623,-0.007190982473925878,0.01177619350132938,0.018967175975255258,0.6208722645939402,85,12
6,3222,class,0.15389639041437156,0.5174804582931791,-0.02119300448333628,1.0100806044322337e-05,0.021203105289380603,0.00047638333659102554,99,12
6,3222,society,0.195350258503948,0.5071189638905567,-0.02246606512913506,7.63347124471382e-06,0.022473698600379774,0.00033966243741673935,131,12
6,3258,female,0.24352866355525618,0.5287396121883657,-0.007549129983929991,0.01974316127419376,0.02729229125812375,0.7233969873303938,152,17
6,3258,male,0.21133569657938212,0.5196591101814687,0.015042752460272722,0.03760093833175441,0.022558185871481687,1.6668422959322762,133,17
6,3258,family,0.24196280312221122,0.5401006556468742,0.060983591768692294,0.07563738424564292,0.014653792476950634,5.161625180611332,119,17
6,3258,marriage,0.27150500471613764,0.5488514246278221,0.02364075665112752,0.04348393187662265,0.019843175225495134,2.191379725285183,161,17
6,3258,love,0.12559155874353972,0.46415503321003854,-0.029401899044598164,1.1493988643939221e-05,0.029413393033242103,0.0003907739794099341,87,17
6,3258,wealth,0.18043674570263366,0.48732592592592594,-0.03147521685682489,7.999872002047968e-06,0.03148321672882694,0.00025409957536101944,125,17
6,3258,emotion,0.17673567445440308,0.45140830092367523,-0.02114090426763431,0.008272590535693625,0.029413494803327934,0.281251534056959,121,17
6,3258,scandal,0.10571205193194488,0.45181047404909125,-0.028655492038621107,1.3888503097136193e-05,0.028669380541718244,0.00048443680450095195,72,17
6,3258,duty,0.12413423292515909,0.45278904665314407,-0.015811642402684747,0.01177619350132938,0.02758783590401413,0.4268618075689308,85,17
6,3258,class,0.14289518368510787,0.46455723310846986,-0.030026895529657673,1.0100806044322337e-05,0.030036996335701997,0.0003362788319809539,99,17
6,3258,society,0.19123914933873581,0.44287674757697915,-0.03182932594089232,7.63347124471382e-06,0.03183695941213704,0.00023976759669970193,131,17
6,3490,female,0.22911127634285822,0.5052965014876372,-0.002432129953542545,0.01316430046973066,0.015596430423273204,0.844058551323555,152,10
6,3490,male,0.1890801398440861,0.44852733337102146,5.469398011173632e-06,0.0150448865430595,0.015039417145048327,1.0003636708097168,133,10
6,3490,family,0.1778899913289278,0.4813463847077293,0.0021610509710586444,0.01681484344800928,0.014653792476950634,1.1474738347298385,119,10
6,3490,marriage,0.22574754584472123,0.42945874001774625,-0.0034465199659205765,0.012428417038297659,0.015874937004218236,0.7828955185278736,161,10
6,3490,love,0.12499125022997978,0.4884659746251442,-0.017291214306483067,1.1493988643939221e-05,0.017302708295127006,0.0006642884135376661,87,10
6,3490,wealth,0.20440443337162742,0.5269037037037037,-0.018512301904658038,7.999872002047968e-06,0.018520301776660086,0.000431951492912374,125,10
6,3490,emotion,0.19049299365313435,0.4994075109382596,0.0018292502292458386,0.016536916745177765,0.014707666515931927,1.1243739260840562,121,10
6,3490,scandal,0.10244150749936108,0.48308975079632754,-0.016851147365247322,1.3888503097136193e-05,0.01686503586834446,0.0008235086604459168,72,10
6,3490,duty,0.12836367519548803,0.49105476673428,-0.003742718502422332,0.01177619350132938,0.015518912003751712,0.7588285504630509,85,10
6,3490,class,0.16624604486890923,0.5650854838133991,-0.005791863811221109,0.010110906850366658,0.015902770661587767,0.6357953003845538,99,10
6,3490,society,0.20165027514568026,0.5277325099351002,-0.009214637397366884,0.007641104715958534,0.01685574211332542,0.45332354186081697,131,10
6,3646,female,0.22778273122813905,0.4821227044218734,-0.00974192114504347,6.578860804463099e-06,0.009748500005847932,0.0006748587782573433,152,5
6,3646,male,0.2270394779152371,0.5025015546384759,0.018802306417226182,0.02256357047262447,0.0037612640553982882,5.9989328412722225,133,5
6,3646,family,0.1779883381924198,0.4761596946470896,0.0010838113480249297,0.008411623334061612,0.007327811986036682,1.1479038148006873,119,5
6,3646,marriage,0.24030446598070848,0.49132406585822735,-0.0017211464910317767,0.006217314070632662,0.007938460561664439,0.7831888842370092,161,5
6,3646,love,0.12948103016161092,0.4926222010102215,-0.008640725207829431,1.1493988643939221e-05,0.00865221919647337,0.0013284439958820863,87,5
6,3646,wealth,0.19971033058802445,0.5139851851851852,0.0203020740468194,0.02400761587814595,0.0037055418313265507,6.478840872529727,125,5
6,3646,emotion,0.17903723123284684,0.49977211959163825,-0.009184716581948943,8.26432620948414e-06,0.009192980908158427,0.0008989822007843917,121,5
6,3646,scandal,0.10698535101613332,0.5136546749109987,-0.008419472598551763,1.3888503097136193e-05,0.0084333611016489,0.0016468526519958745,72,5
6,3646,duty,0.12473434384470623,0.47957403651115615,-0.008610619631672362,1.1764429072257124e-05,0.00862238406074462,0.0013644055968758083,85,5
6,3646,class,0.17482705713080138,0.5302494913802335,0.014909611488686896,0.020211712894688996,0.005302101406002099,3.812019300120676,99,5
6,3646,society,0.19357682962544354,0.46826485976498844,-0.009357499992674899,7.63347124471382e-06,0.009365133463919612,0.0008150947632842244,131,5
6,3711,female,0.20810700829384018,0.4289653226633836,-0.00974192114504347,6.578860804463099e-06,0.009748500005847932,0.0006748587782573433,152,5
6,3711,male,0.18022685621148285,0.4172508338515461,-0.009392821916293743,7.518683929564969e-06,0.009400340600223309,0.0007998310112919236,133,5
6,3711,family,0.176775133730262,0.48941114907501454,-0.009150903888651222,8.403220113947665e-06,0.00915930710876517,0.0009174515073294785,119,5
6,3711,marriage,0.409595211542379,0.6388395938085378,0.031059741822182015,0.031061725941292653,1.9841191106384497e-06,15655.164107629362,161,5
6,3711,love,0.12970684964596588,0.5071988227339617,-0.008640725207829431,1.1493988643939221e-05,0.00865221919647337,0.0013284439958820863,87,5
6,3711,wealth,0.19553324972719383,0.5469333333333333,-0.00925307693882458,7.999872002047968e-06,0.009261076810826628,0.0008638166127541378,125,5
6,3711,emotion,0.19629403317576694,0.550650218765192,0.0009178381634596978,0.008272590535693625,0.007354752372233927,1.1247952501840819,121,5
6,3711,scandal,0.09863540873390281,0.48016207607270006,-0.008419472598551763,1.3888503097136193e-05,0.0084333611016489,0.0016468526519958745,72,5
6,3711,duty,0.12473376840368824,0.5018661257606492,-0.008610619631672362,1.1764429072257124e-05,0.00862238406074462,0.0013644055968758083,85,5
6,3711,class,0.13745866274062005,0.47594317735660496,-0.008825557018486335,1.0100806044322337e-05,0.008835657824530658,0.0011431866470808807,99,5
6,3711,society,0.2397703943520434,0.5716041970437716,0.00014862341439037408,0.007641104715958534,0.00749248130156816,1.0198363409114455,131,5
6,3740,female,0.22023533621254987,0.46621396327075,-0.007061680618863887,0.006585439665267561,0.013647120284131448,0.4825515953312439,152,8
6,3740,male,0.19411597960707347,0.498537226524959,-0.0056335223499454565,0.007526202613494532,0.013159724963439989,0.5719118472332608,133,8
6,3740,family,0.17539992316978234,0.48260073260073255,-0.004410674020160536,0.008411623334061612,0.012822297354222148,0.6560153068541811,119,8
6,3740,marriage,0.22749084085420618,0.4615067041309278,-0.01586872590125057,6.211102967664998e-06,0.015874937004218236,0.0003912521331973382,161,8
6,3740,love,0.13501635592544567,0.5211390844370203,0.012617154260318281,0.02299947127652238,0.010382317016204097,2.2152541902169745,87,8
6,3740,wealth,0.2080696700912033,0.5343111111111111,0.014746539067319323,0.02400761587814595,0.009261076810826628,2.5923136548751673,125,8
6,3740,emotion,0.18860016781025918,0.49412828147788035,-0.004596847444313804,0.008272590535693625,0.012869437980007429,0.6428089981786478,121,8
6,3740,scandal,0.1127255589734923,0.5366779089376055,-0.013478477458569097,1.3888503097136193e-05,0.013492365961666234,0.0010293600941129288,72,8
6,3740,duty,0.13703097323630103,0.5191987829614605,-0.0002944545309187859,0.01177619350132938,0.012070648032248166,0.9756057395503769,85,8
6,3740,class,0.2772159383962136,0.653647785273227,0.021476861114480675,0.030312518939011334,0.008835657824530658,3.4307031278897226,99,8
6,3740,society,0.19333239229429042,0.4980987506075421,-0.014975456479729253,7.63347124471382e-06,0.014983089950973966,0.0005094724298647182,131,8
6,3754,female,0.21353033283471368,0.4607058582127834,-0.015589851562468742,6.578860804463099e-06,0.015596430423273204,0.00042181836647853824,152,8
6,3754,male,0.28373591481253446,0.5925575216236079,0.01316322987240116,0.02256357047262447,0.009400340600223309,2.4002928648870627,133,8
6,3754,family,0.20490020523490765,0.5067565487733555,-0.004410674020160536,0.008411623334061612,0.012822297354222148,0.6560153068541811,119,8
6,3754,marriage,0.24718870451348848,0.5084294587400178,0.00871694033365977,0.018639520005962657,0.009922579672302888,1.878495373145056,161,8
6,3754,love,0.128291767158239,0.4219464662132602,-0.0006069322033516664,0.011505482632583159,0.012112414835934825,0.9498917257605043,87,8
6,3754,wealth,0.18388058953499004,0.44785185185185183,0.004894822072104664,0.016007743876097984,0.01111292180399332,1.4404622075992017,125,8
6,3754,emotion,0.19362912954549188,0.509008872143899,0.01560826204650348,0.024801242954661906,0.009192980908158427,2.6978455845539595,121,8
6,3754,scandal,0.1027377858448154,0.47866310661420275,-0.013478477458569097,1.3888503097136193e-05,0.013492365961666234,0.0010293600941129288,72,8
6,3754,duty,0.11857286094073777,0.44393509127789044,-0.01378301558892768,1.1764429072257124e-05,0.013794780017999938,0.0008528174466032547,85,8
6,3754,class,0.14551732564250555,0.48577649284363067,0.00960927686089406,0.020211712894688996,0.010602436033794935,1.9063272655791992,99,8
6,3754,society,0.176503401985004,0.43182662892758095,-0.014975456479729253,7.63347124471382e-06,0.014983089950973966,0.0005094724298647182,131,8
6,3883,female,0.21863121154737228,0.5006540473991998,-0.012909611036289157,0.006585439665267561,0.01949505070155672,0.3378005918396457,152,11
6,3883,male,0.19132101727722492,0.4558058680535926,-0.001874222783597168,0.0150448865430595,0.01691910932665667,0.8892245006341152,133,11
6,3883,family,0.17392632483398157,0.5016160310277958,-0.009905159388345998,0.008411623334061612,0.01831678272240761,0.4592303933000268,119,11
6,3883,marriage,0.22291120167669237,0.4512964606132308,-0.021821083233165922,6.211102967664998e-06,0.021827294336133587,0.0002845567055509206,161,11
6,3883,love,0.15031341967591122,0.5089686990414828,0.0074268608011261,0.02299947127652238,0.015572610475396279,1.476918164194959,87,11
6,3883,wealth,0.18769507761878182,0.5166074074074074,-0.010512429902610072,0.008007871874050014,0.018520301776660086,0.4323834444052863,125,11
6,3883,emotion,0.17220141056969085,0.49705274671852206,-0.020214087797495943,8.26432620948414e-06,0.020222352123705427,0.00040867284668570793,121,11
6,3883,scandal,0.11777775207990412,0.5205874086565486,0.01261219378236417,0.027790894697369516,0.015178700915005346,1.8309139135922432,72,11
6,3883,duty,0.1463204598934158,0.568498985801217,-0.005466850488174106,0.01177619350132938,0.017243043989503486,0.682953282947898,85,11
6,3883,class,0.16953799543117656,0.516454295606239,0.028044110740274457,0.04041332498333367,0.012369214243059213,3.2672507877971078,99,11
6,3883,society,0.23055007973383335,0.5693598650541785,-0.001581166152653064,0.015274575960672354,0.01685574211332542,0.9061942130504443,131,11
6,3966,female,0.33007518796992485,0.5657894736842105,0.0921086808131487,0.09211063012328784,1.949310139141758e-06,47252.91323366791,152,14
6,3966,male,0.20538847117794487,0.49527955226411896,-0.007513299328422186,0.0150448865430595,0.022558185871481687,0.6669368994522064,133,14
6,3966,family,0.201664093437645,0.5178071228491395,0.04600864666352546,0.058830944017747605,0.012822297354222148,4.588174988297824,119,14
6,3966,marriage,0.25317097090552465,0.4967711722370108,-0.0031877743301709296,0.018639520005962657,0.021827294336133587,0.8539546733583125,161,14
6,3966,love,0.13082706766917293,0.4826989619377163,-0.024211605585405978,1.1493988643939221e-05,0.024223099574049917,0.000474505279901428,87,14
6,3966,wealth,0.18796992481203006,0.4814814814814815,-0.025919681877324807,7.999872002047968e-06,0.025927681749326855,0.0003085455953634234,125,14
6,3966,emotion,0.18092481425388315,0.4966273699562469,-0.005523663914452165,0.016536916745177765,0.02206058065962993,0.7496138474129158,121,14
6,3966,scandal,0.10749791144527987,0.49072512647554806,-0.02359648717860377,1.3888503097136193e-05,0.023610375681700907,0.0005882372768558768,72,14
6,3966,duty,0.1283222762789326,0.5027991886409737,0.002849314612579472,0.023540622573586505,0.020691307961007033,1.1377058722827638,85,14
6,3966,class,0.14887218045112782,0.4823321554770318,-0.024726560901864838,1.0100806044322337e-05,0.024736661707909162,0.00040833343493089163,99,14
6,3966,society,0.19699248120300752,0.4812734082397004,-0.026211369453837965,7.63347124471382e-06,0.02621900292508268,0.0002911426977690307,131,14
6,3984,female,0.39204192611075017,0.6307325330871038,0.04605665518190701,0.04605860449204616,1.949310139141758e-06,23628.14410034348,152,7
6,3984,male,0.305405337374152,0.6679857538583299,-0.0037538301683371165,0.007526202613494532,0.011280032781831649,0.6672146046374534,133,7
6,3984,family,0.22137226704895413,0.5856496444731738,0.01789025157592026,0.02521806356195694,0.007327811986036682,3.441417930286576,119,7
6,3984,marriage,0.22754430360017133,0.47657251306319626,-0.005689384712308677,0.006217314070632662,0.011906698782941339,0.522169426089623,161,7
6,3984,love,0.12034813469356426,0.37887284731336757,-0.012100920847290886,1.1493988643939221e-05,0.012112414835934825,0.0009489427829775269,87,7
6,3984,wealth,0.1669965837678634,0.40093333333333325,-0.012956766925157964,7.999872002047968e-06,0.012964766797160012,0.0006170471190568061,125,7
6,3984,emotion,0.1667392108913797,0.4252552260573651,-0.012861173653797945,8.26432620948414e-06,0.012869437980007429,0.0006421668313473005,121,7
6,3984,scandal,0.09878954212490468,0.3862422709387296,-0.011792142505229987,1.3888503097136193e-05,0.011806031008327124,0.0011763905317683692,72,7
6,3984,duty,0.12328018706677972,0.460892494929006,0.0014296774548329862,0.01177619350132938,0.010346516046496394,1.138179600482902,85,7
6,3984,class,0.14138999449047712,0.41126815861798194,-0.012359113437014891,1.0100806044322337e-05,0.012369214243059213,0.0008166085448130736,99,7
6,3984,society,0.1858763637453732,0.4036223804214198,-0.0035966809103125308,0.007641104715958534,0.011237785626271065,0.6799475421043484,131,7
6,4010,female,0.2821822695590963,0.5430901815943366,0.0421580349036235,0.04605860449204616,0.0039005695884226574,11.808174020775136,152,9
6,4010,male,0.19713924985276582,0.4709706597320369,-0.007513214531553795,0.007526202613494532,0.015039417145048327,0.5004318013395934,133,9
6,4010,family,0.21919434599052967,0.549065780158217,0.0039925460937871304,0.01681484344800928,0.012822297354222148,1.311375253761455,119,9
6,4010,marriage,0.3196187692339618,0.5919353248545794,0.031318487457931664,0.03727282890895765,0.0059543414510259875,6.259773513034834,161,9
6,4010,love,0.12335973569772071,0.4413156743427594,-0.01556111648675234,1.1493988643939221e-05,0.015572610475396279,0.0007380900370789401,87,9
6,4010,wealth,0.20624729658027346,0.5330222222222223,0.0030429770789379713,0.016007743876097984,0.012964766797160012,1.234711285232669,125,9
6,4010,emotion,0.17304141984261504,0.45594312105007295,-0.016537630725646943,8.26432620948414e-06,0.016545895051856427,0.0004994789452660898,121,9
6,4010,scandal,0.10252452705420825,0.4290331646992692,-0.015164812411908209,1.3888503097136193e-05,0.015178700915005346,0.000914999457067588,72,9
6,4010,duty,0.12323940933916108,0.41862068965517246,-0.015507147574679454,1.1764429072257124e-05,0.015518912003751712,0.0007580704799830678,85,9
6,4010,class,0.1400513714969909,0.4606845843594961,-0.015892669855543443,1.0100806044322337e-05,0.015902770661587767,0.0006351601402443095,99,9
6,4010,society,0.18346449319891647,0.46360465448723454,-0.016848108642080705,7.63347124471382e-06,0.01685574211332542,0.00045287067118962733,131,9
6,4049,female,0.3372313458817451,0.5649430594028932,0.10526640242207491,0.10526835173221405,1.949310139141758e-06,54002.84727176061,152,16
6,4049,male,0.1966224372734068,0.5033778054157951,-0.030069435913985487,7.518683929564969e-06,0.03007695459791505,0.0002499815566379246,133,16
6,4049,family,0.17668385645325968,0.4732200572536707,-0.029297350238664595,8.403220113947665e-06,0.029305753458778543,0.00028674301534273425,119,16
6,4049,marriage,0.25012642972614507,0.5251281672089125,-0.007156012551447828,0.018639520005962657,0.025795532557410485,0.7225871365034233,161,16
6,4049,love,0.1315626230326775,0.4920852722427714,-0.0012236282975275382,0.02299947127652238,0.024223099574049917,0.9494850650827572,87,16
6,4049,wealth,0.18447703875072294,0.48210370370370376,-0.029623371863658196,7.999872002047968e-06,0.029631371735660245,0.00026997980630611313,125,16
6,4049,emotion,0.18461416972182526,0.48860597958191543,0.0009024337591074759,0.024801242954661906,0.02389880919555443,1.037760616049338,121,16
6,4049,scandal,0.10637576218071575,0.4889216788457936,-0.026969157085281997,1.3888503097136193e-05,0.026983045588379134,0.0005147122125681351,72,16
6,4049,duty,0.13050483118638123,0.49965517241379315,-0.0005989493589240724,0.023540622573586505,0.024139571932510578,0.9751880703778094,85,16
6,4049,class,0.14677392133532485,0.48227861655423493,-0.028260117320393397,1.0100806044322337e-05,0.02827021812643772,0.0003572949454719268,99,16
6,4049,society,0.19515381489065697,0.48619092546530573,-0.001438303557345054,0.022908047205386174,0.024346350762731228,0.9409232384638238,131,16
6,4071,female,0.20791699727993448,0.42599004821996506,-0.01607730092753485,0.01316430046973066,0.029241601397265508,0.45019081856821674,152,17
6,4071,male,0.1793205710882598,0.4575442365311775,-0.022550751984420518,0.007526202613494532,0.03007695459791505,0.25023153819456245,133,17
6,4071,family,0.1802714060562212,0.5244559362206421,-0.00042469965136462257,0.02521806356195694,0.025642763213321564,0.9834378358987683,119,17
6,4071,marriage,0.24063088561114437,0.46814305432317854,-0.0009449095837828284,0.024850622973627657,0.025795532557410485,0.9633692546318551,161,17
6,4071,love,0.15282653336019794,0.5293322197032971,-0.002953726117258266,0.02299947127652238,0.025953197393780644,0.886190280398658,87,17
6,4071,wealth,0.1750836442376475,0.4629185185185186,-0.011771782866395564,0.016007743876097984,0.027779526742493548,0.5762424977181182,125,17
6,4071,emotion,0.1708921954365087,0.4270630772970345,-0.011038349522225665,0.016536916745177765,0.02757526626740343,0.599701072120789,121,17
6,4071,scandal,0.11089420706711933,0.44594341390294173,0.018069022112804804,0.04167939779450571,0.023610375681700907,1.765300067844486,72,17
6,4071,duty,0.11757334172581317,0.4156186612576065,-0.029300203460693643,1.1764429072257124e-05,0.0293119678897659,0.0004013524140070873,85,17
6,4071,class,0.14139797158408132,0.47540778812863616,-0.018159311276071063,0.010110906850366658,0.02827021812643772,0.3576522404173987,99,17
6,4071,society,0.4602209839543164,0.6607056065414416,0.12977477197921733,0.12977664463137967,1.8726521623514522e-06,69300.95077959968,131,17
6,4086,female,0.19999440765298035,0.42214271057761366,-0.05287071254925653,0.03290088288311996,0.08577159543237649,0.3835871621238045,152,49
6,4086,male,0.18578845393624305,0.4656848889140144,-0.026310645128847537,0.052638306190884346,0.07894895131973188,0.666738510268997,133,49
6,4086,family,0.1717455940196094,0.50888047526703,-0.04879782834200008,0.03362128367590461,0.0824191120179047,0.4079306710826101,119,49
6,4086,marriage,0.22460414717304347,0.43918219461697716,-0.06443672112421323,0.024850622973627657,0.08928734409784088,0.2783218968426037,161,49
6,4086,love,0.19129579875955577,0.6275305253947421,0.060699921824387965,0.12644536907197534,0.06574544724758738,1.9232566567518812,87,49
6,4086,wealth,0.2083035608407152,0.5574222222222222,0.017634630309202218,0.08800659189452968,0.07037196158532746,1.250591711680074,125,49
6,4086,emotion,0.1978517304361785,0.5576081672338358,-0.01934888894476646,0.057858547792598476,0.07720743673736494,0.7493908648808715,121,49
6,4086,scandal,0.09521043570500282,0.43425613640622074,-0.03589369639404678,0.04167939779450571,0.07757309418855249,0.537291933884456,72,49
6,4086,duty,0.14554127163109482,0.5322920892494929,0.03692462251732968,0.10589162607938636,0.06896700356205668,1.5353954878229472,85,49
6,4086,class,0.22872118881773004,0.6160366920084235,0.10331754983127128,0.16162299751520173,0.05830544768393044,2.7720050858468004,99,49
6,4086,society,0.2261807655112681,0.5750779083397661,0.012813162341579212,0.08397581716309674,0.07116265482151753,1.180054585829263,131,49
6,4120,female,0.2738783328929627,0.5442443828870421,0.02656306646936675,0.09868949092775094,0.07212642445838419,1.3682848091731614,152,52
6,4120,male,0.23957478193256443,0.5273475040985923,0.052635663326887225,0.12030646155696907,0.06767079823008185,1.7778194539119705,133,52
6,4120,family,0.2969955389042317,0.5701203558346415,0.1504019910233375,0.20168568595485792,0.05128369493152041,3.932744826991073,119,52
6,4120,marriage,0.24838105085043344,0.5300576752440106,-0.0048273018297009945,0.07453944671494764,0.07936674854464863,0.9391772761369388,161,52
6,4120,love,0.12169734823655899,0.4557332060613292,-0.06350714980783373,0.02299947127652238,0.08650662108435611,0.2658694905425654,87,52
6,4120,wealth,0.17607339814893355,0.48063703703703703,-0.05688292363680046,0.03200748788019392,0.08889041151699438,0.36007807066698677,125,52
6,4120,emotion,0.166835028297617,0.47440143412737,-0.07537634827958317,0.016536916745177765,0.09191326502476094,0.1799187172879006,121,52
6,4120,scandal,0.10051151149152719,0.478991006183249,-0.08767721540549002,1.3888503097136193e-05,0.08769110390858716,0.00015837984103217315,72,52
6,4120,duty,0.11845349335512582,0.4305882352941177,-0.08964482296200571,1.1764429072257124e-05,0.08965658739107797,0.000131216561040964,85,52
6,4120,class,0.13707272706653714,0.46400399757290217,-0.07999654860032081,0.010110906850366658,0.09010745545068746,0.11220943705138561,99,52
6,4120,society,0.21105183156261506,0.5906166909683507,-0.06885378140199733,0.022908047205386174,0.0917618286073835,0.24964680360885114,131,52
6,4147,female,0.2640977443609023,0.5230263157894737,0.032898933572980814,0.03290088288311996,1.949310139141758e-06,16878.210062250786,152,5
6,4147,male,0.2,0.4934210526315789,-0.009392821916293743,7.518683929564969e-06,0.009400340600223309,0.0007998310112919236,133,5
6,4147,family,0.17894736842105263,0.4935897435897436,-0.009150903888651222,8.403220113947665e-06,0.00915930710876517,0.0009174515073294785,119,5
6,4147,marriage,0.24163670044676908,0.4971285615695553,-0.009916368569335223,6.211102967664998e-06,0.009922579672302888,0.0006259564722242773,161,5
6,4147,love,0.13096534439547144,0.5004971562661577,-0.008640725207829431,1.1493988643939221e-05,0.00865221919647337,0.0013284439958820863,87,5
6,4147,wealth,0.18796992481203006,0.4935185185185185,-0.00925307693882458,7.999872002047968e-06,0.009261076810826628,0.0008638166127541378,125,5
6,4147,emotion,0.18458335922450758,0.49864790957705396,0.0009178381634596978,0.008272590535693625,0.007354752372233927,1.1247952501840819,121,5
6,4147,scandal,0.10827067669172932,0.49409780775716694,-0.008419472598551763,1.3888503097136193e-05,0.0084333611016489,0.0016468526519958745,72,5
6,4147,duty,0.12781954887218044,0.4939655172413793,-0.008610619631672362,1.1764429072257124e-05,0.00862238406074462,0.0013644055968758083,85,5
6,4147,class,0.14887218045112782,0.49381625441696114,-0.008825557018486335,1.0100806044322337e-05,0.008835657824530658,0.0011431866470808807,99,5
6,4147,society,0.19699248120300752,0.4934456928838951,-0.009357499992674899,7.63347124471382e-06,0.009365133463919612,0.0008150947632842244,131,5
6,4151,female,0.221999136539127,0.4734020724325433,-0.022656161731997946,0.006585439665267561,0.029241601397265508,0.22520790074302097,152,16
6,4151,male,0.19473642121425375,0.47952823788795296,-0.020671059802812176,0.007526202613494532,0.02819726241630671,0.26691252867424303,133,16
6,4151,family,0.1768042930421543,0.4944362360328747,-0.019062635001988442,0.008411623334061612,0.027474258336050054,0.30616379997847754,119,16
6,4151,marriage,0.2359672304805438,0.49518756778073547,-0.015351234629751275,0.012428417038297659,0.027779651668048935,0.4473928322198851,161,16
6,4151,love,0.13287340935934402,0.5002088056317862,-0.0012236282975275382,0.02299947127652238,0.024223099574049917,0.9494850650827572,87,16
6,4151,wealth,0.1906140843676447,0.49385925925925933,-6.822087801421073e-05,0.02400761587814595,0.024075836756160162,0.9971664171134604,125,16
6,4151,emotion,0.18028873579112814,0.4732544360719495,-0.019302675731709806,0.008272590535693625,0.02757526626740343,0.30000038640325327,121,16
6,4151,scandal,0.11742235374147111,0.5531899943788646,-0.01139431903480669,0.013902391600233327,0.025296710635040017,0.5495730966865986,72,16
6,4151,duty,0.13149156956241032,0.48895537525354965,-0.014087510416932974,0.01177619350132938,0.025863703918262353,0.4553173643686393,85,16
6,4151,class,0.1903114494475667,0.554333083485027,0.0429453882011263,0.06061493707197835,0.017669548870852047,3.430474513615862,99,16
6,4151,society,0.3025487113078487,0.5959416187780541,0.06510456029211185,0.07634234591838292,0.011237785626271065,6.7933620065790095,131,16
6,4191,female,0.2540431920250241,0.543539037652611,-0.00974192114504347,6.578860804463099e-06,0.009748500005847932,0.0006748587782573433,152,5
6,4191,male,0.20134777181978034,0.4984736276782181,5.554194879563504e-06,0.007526202613494532,0.007520648418614969,1.0007385259314978,133,5
6,4191,family,0.20240428100739669,0.5312740480807708,-0.009150903888651222,8.403220113947665e-06,0.00915930710876517,0.0009174515073294785,119,5
6,4191,marriage,0.23342019484771026,0.4727767918761707,-0.009916368569335223,6.211102967664998e-06,0.009922579672302888,0.0006259564722242773,161,5
6,4191,love,0.12511717911710718,0.4642246350873006,-0.008640725207829431,1.1493988643939221e-05,0.00865221919647337,0.0013284439958820863,87,5
6,4191,wealth,0.17970481013351997,0.4513185185185185,-0.00925307693882458,7.999872002047968e-06,0.009261076810826628,0.0008638166127541378,125,5
6,4191,emotion,0.2572240305555265,0.5732407632474477,0.03122550239968563,0.033065569164146054,0.0018400667644604247,17.969765980677515,121,5
6,4191,scandal,0.10966136689820902,0.4464352632565112,0.007155365451923539,0.013902391600233327,0.006747026148309788,2.0605213752810965,72,5
6,4191,duty,0.12339152451903244,0.4457403651115619,-0.008610619631672362,1.1764429072257124e-05,0.00862238406074462,0.0013644055968758083,85,5
6,4191,class,0.14361528169964222,0.45356390762751186,-0.008825557018486335,1.0100806044322337e-05,0.008835657824530658,0.0011431866470808807,99,5
6,4191,society,0.19025772655242323,0.4455499328129914,-0.009357499992674899,7.63347124471382e-06,0.009365133463919612,0.0008150947632842244,131,5
6,4232,female,0.30109926800561976,0.6042115522724941,0.12305318737519977,0.17763582058130814,0.054582633206108365,3.254438456775926,152,55
6,4232,male,0.22562888166752673,0.5564192435977161,0.056394962893235506,0.12782514548653404,0.07143018259329853,1.7895116720132376,133,55
6,4232,family,0.2487968036729995,0.5934835472650599,0.1142033599451236,0.17647602561301493,0.06227266566789133,2.8339243826713933,119,55
6,4232,marriage,0.28261165635172464,0.5347653554175293,0.07117256162141813,0.1366504763915976,0.06547791477017947,2.086970497902068,161,55
6,4232,love,0.12985702561146872,0.44829574831961183,-0.042249270339686014,0.045987448564400825,0.08823671890408684,0.521182667885327,87,55
6,4232,wealth,0.19053764492342953,0.48896296296296293,0.0065235603502020595,0.08800659189452968,0.08148303154432762,1.0800603539839224,125,55
6,4232,emotion,0.17382912383386184,0.46413162372386974,-0.030378260160313468,0.057858547792598476,0.08823680795291194,0.6557189582698786,121,55
6,4232,scandal,0.10306335388138621,0.4648913247142589,-0.06158654416455675,0.027790894697369516,0.08937743886192627,0.310938588652009,72,55
6,4232,duty,0.12346867875697515,0.4338336713995942,-0.054351535745234346,0.035305051645843626,0.08965658739107797,0.39378089968393293,85,55
6,4232,class,0.14121105575359327,0.44788878181104336,-0.061561714720940394,0.030312518939011334,0.09187423365995173,0.32993493095001153,99,55
6,4232,society,0.18770331087011824,0.46070274751979867,-0.05545949107492113,0.03817498969481382,0.09363448076973495,0.40770226289058725,131,55
6,4256,female,0.38175138119002716,0.6763683697547963,0.10818963664910354,0.18421468138577124,0.0760250447366677,2.4230788948750126,152,67
6,4256,male,0.32909145933291484,0.7178896489343659,0.09022891338097529,0.17293724906392385,0.08270833568294857,2.090928896511289,133,67
6,4256,family,0.2509948198664027,0.6484516883676548,0.030817127052324797,0.1260567049293289,0.09523957787700411,1.3235747967173854,119,67
6,4256,marriage,0.2818562985949707,0.5255102040816326,0.05555835437206018,0.1428615793592626,0.08730322498720243,1.6363837576282887,161,67
6,4256,love,0.1418793210437888,0.4911108459611025,0.016334074605564936,0.11495138042803614,0.0986173058224712,1.1656309150627533,87,67
6,4256,wealth,0.18032805558633475,0.49126666666666674,-0.0255502965630129,0.08000671989248172,0.10555701645549462,0.7579479088958196,125,67
6,4256,emotion,0.13817810416179613,0.30679539377734566,-0.11305233106385934,0.008272590535693625,0.12132492159955297,0.06818541835065088,121,67
6,4256,scandal,0.08606860784327824,0.41755667978264943,-0.0818225636046261,0.027790894697369516,0.10961345830199562,0.2535354246423773,72,67
6,4256,duty,0.10547616107588575,0.39621703853955376,-0.07504111957425563,0.035305051645843626,0.11034617122009927,0.31994813463081856,85,67
6,4256,class,0.1627073510325467,0.5332209015954599,0.012177620796581176,0.11111896729359003,0.09894134649700885,1.1230791901121564,99,67
6,4256,society,0.18194382470635406,0.48258855819538554,-0.058919070209008,0.05344193218424146,0.11236100239324946,0.4756270507157434,131,67
6,4265,female,0.22857142857142856,0.4873294346978557,-0.023387092119035773,6.578860804463099e-06,0.023393670979840235,0.00028122396052553204,152,12
6,4265,male,0.2781954887218045,0.5488721804511278,0.09022984614652757,0.09023172583870918,1.87969218160834e-06,48003.43307172256,133,12
6,4265,family,0.2120015617583066,0.5240096038415366,0.03943692167230628,0.05042772390379994,0.010990802231493658,4.588174988238197,119,12
6,4265,marriage,0.24137790127492642,0.4911885043872621,-0.015609980265500926,0.006217314070632662,0.021827294336133587,0.28484126225647144,161,12
6,4265,love,0.13036824035009154,0.4952869585968262,-0.007527323482274575,0.011505482632583159,0.019032806114857734,0.6045079512997841,87,12
6,4265,wealth,0.18796992481203006,0.487962962962963,-0.022215991890991424,7.999872002047968e-06,0.022223991762993472,0.00035996557625660565,125,12
6,4265,emotion,0.18195488721804512,0.4880514705882353,-0.022052316333420446,8.26432620948414e-06,0.02206058065962993,0.0003746196138995082,121,12
6,4265,scandal,0.11023913951545532,0.49689666479295486,-0.004648979221450243,0.013902391600233327,0.01855137082168357,0.7493996930531014,72,12
6,4265,duty,0.12781954887218044,0.48879310344827587,-0.020679543531934776,1.1764429072257124e-05,0.020691307961007033,0.0005685686518154742,85,12
6,4265,class,0.14887218045112782,0.48851590106007065,-0.02119300448333628,1.0100806044322337e-05,0.021203105289380603,0.00047638333659102554,99,12
6,4265,society,0.19699248120300752,0.48782771535580527,-0.02246606512913506,7.63347124471382e-06,0.022473698600379774,0.00033966243741673935,131,12
6,4288,female,0.22278090613915102,0.5003911459936391,0.009994661268345828,0.01974316127419376,0.009748500005847932,2.0252511935502873,152,8
6,4288,male,0.18915048303996132,0.5009469161625869,-0.0056335223499454565,0.007526202613494532,0.013159724963439989,0.5719118472332608,133,8
6,4288,family,0.16366920486806982,0.42072213500784933,0.00582404121651562,0.01681484344800928,0.010990802231493658,1.5299013750149362,119,8
6,4288,marriage,0.2230099694238098,0.4485913930789707,0.00871694033365977,0.018639520005962657,0.009922579672302888,1.878495373145056,161,8
6,4288,love,0.14210249757004018,0.5218649325856104,-0.0006069322033516664,0.011505482632583159,0.012112414835934825,0.9498917257605043,87,8
6,4288,wealth,0.18942315331438125,0.5389481481481482,-0.014808611918324653,7.999872002047968e-06,0.014816611790326702,0.0005399258693361262,125,8
6,4288,emotion,0.23567018774313475,0.5813229217306758,0.005505707301094837,0.016536916745177765,0.011031209444082929,1.4991027799357903,121,8
6,4288,scandal,0.13434475083065184,0.6069421023046655,0.017671198642381505,0.027790894697369516,0.010119696054988012,2.746218319563573,72,8
6,4288,duty,0.13640342216466458,0.5400608519269776,-0.01378301558892768,1.1764429072257124e-05,0.013794780017999938,0.0008528174466032547,85,8
6,4288,class,0.18146084368241633,0.5855195060142057,-0.002258307392692555,0.010110906850366658,0.012369214243059213,0.8174251533578866,99,8
6,4288,society,0.21436702239586267,0.5685164536695542,-0.005469333072663983,0.007641104715958534,0.013110437788622517,0.5828260534523723,131,8
6,4328,female,0.20966429094068936,0.46378372832666465,-0.0109603008971474,0.006585439665267561,0.017545740562414962,0.3753298210164475,152,10
6,4328,male,0.7261912941062467,0.8402679631409351,0.07519247828739763,0.07519435797957924,1.87969218160834e-06,40003.527551895444,133,10
6,4328,family,0.21605001679223163,0.568042601656047,-0.008073664265617512,0.008411623334061612,0.016485287599679124,0.5102503236713377,119,10
6,4328,marriage,0.22362630041511175,0.4891797298629596,-0.01983696412252747,6.211102967664998e-06,0.019843175225495134,0.00031300953082205157,161,10
6,4328,love,0.1340859126291954,0.5148948017340811,-0.00406712784281312,0.011505482632583159,0.015572610475396279,0.738828127116019,87,10
6,4328,wealth,0.18482339138102477,0.5342666666666668,-0.008660584909443379,0.008007871874050014,0.016668456783493393,0.4804207118621629,125,10
6,4328,emotion,0.1745881873659297,0.5161187408847836,-0.008273304516162802,0.008272590535693625,0.016545895051856427,0.4999784242113559,121,10
6,4328,scandal,0.10395866573695038,0.49449597151958025,-0.016851147365247322,1.3888503097136193e-05,0.01686503586834446,0.0008235086604459168,72,10
6,4328,duty,0.12556070010756523,0.511683569979716,-0.003742718502422332,0.01177619350132938,0.015518912003751712,0.7588285504630509,85,10
6,4328,class,0.16971476105858577,0.5705107613234821,-0.005791863811221109,0.010110906850366658,0.015902770661587767,0.6357953003845538,99,10
6,4328,society,0.18913669560165886,0.5002144266232096,-0.009214637397366884,0.007641104715958534,0.01685574211332542,0.45332354186081697,131,10
6,4351,female,0.31708884367608337,0.5778572894223863,0.037041034873236046,0.05263746529650925,0.015596430423273204,3.3749687501947845,152,16
6,4351,male,0.2573371516092307,0.582805698456668,0.045117572975400984,0.06015699012044931,0.015039417145048327,3.9999548876304574,133,16
6,4351,family,0.17855137142945643,0.5180841567396189,-0.029297350238664595,8.403220113947665e-06,0.029305753458778543,0.00028674301534273425,119,16
6,4351,marriage,0.23732866469117136,0.4851128857340037,-0.023546456708054723,0.006217314070632662,0.029763770778687384,0.20888865583105945,161,16
6,4351,love,0.13462558564645677,0.48600007954500263,0.012000458166142411,0.0344934599204616,0.02249300175431919,1.5335196384939827,87,16
6,4351,wealth,0.18487669523458997,0.4625925925925926,-0.019771654868443532,0.008007871874050014,0.027779526742493548,0.28826523748917354,125,16
6,4351,emotion,0.18105939780580932,0.45887518230432667,-0.019302675731709806,0.008272590535693625,0.02757526626740343,0.30000038640325327,121,16
6,4351,scandal,0.10599790073474284,0.4756417462994192,-0.026969157085281997,1.3888503097136193e-05,0.026983045588379134,0.0005147122125681351,72,16
6,4351,duty,0.1280727247515353,0.4859634888438134,-0.0005989493589240724,0.023540622573586505,0.024139571932510578,0.9751880703778094,85,16
6,4351,class,0.1462553448483122,0.4681978798586572,-0.028260117320393397,1.0100806044322337e-05,0.02827021812643772,0.0003572949454719268,99,16
6,4351,society,0.19391069825011426,0.4617319953112045,-0.029956673778540874,7.63347124471382e-06,0.029964307249785587,0.00025475213495929197,131,16
6,4389,female,0.2125236108496687,0.4445983379501384,-0.03605785168401853,0.02632202207865686,0.06237987376267539,0.4219633752126077,152,36
6,4389,male,0.21131970988163537,0.5368449318785686,-0.030069775101459046,0.03008225440218944,0.06015202950364849,0.5001037313273813,133,36
6,4389,family,0.1795251457222188,0.5294733277926555,-0.02498839174652974,0.03362128367590461,0.05860967542243435,0.573647327561578,119,36
6,4389,marriage,0.2810816811254082,0.5052006309770285,0.0269186039405142,0.07453944671494764,0.04762084277443344,1.565269373044379,161,36
6,4389,love,0.12390989929745064,0.4139124209521537,-0.02260149822847214,0.0344934599204616,0.05709495814893374,0.6041419599587119,87,36
6,4389,wealth,0.17525026611821715,0.46281481481481485,-0.03710512074134806,0.02400761587814595,0.061112736619494006,0.39284144690216766,125,36
6,4389,emotion,0.1737833410508092,0.41847198590179874,-0.03586213695938253,0.024801242954661906,0.060663379914044434,0.408833846537971,121,36
6,4389,scandal,0.10367177831631533,0.4728545999625258,-0.02954618005111363,0.027790894697369516,0.057337074748483145,0.48469327775777454,72,36
6,4389,duty,0.11888951838255664,0.4336004056795132,-0.03508158907395954,0.023540622573586505,0.058622211647546045,0.40156490025859276,85,36
6,4389,class,0.13959613477625177,0.4449352179034157,-0.02799292874491911,0.030312518939011334,0.05830544768393044,0.5198917106822228,99,36
6,4389,society,0.18553652823536318,0.45565657432026757,-0.029385223397308816,0.0305415184501,0.059926741847408815,0.5096475714858332,131,36
6,4422,female,0.2033012152702599,0.42405355493998154,-0.009010990758005644,0.006585439665267561,0.015596430423273204,0.42224018484501674,152,9
6,4422,male,0.184058154111939,0.41049522301995595,0.0018851615796195119,0.0150448865430595,0.013159724963439989,1.1432523539597952,133,9
6,4422,family,0.15858986478419423,0.41719764829008527,-0.016476884379565175,8.403220113947665e-06,0.016485287599679124,0.0005097405830882495,119,9
6,4422,marriage,0.2656220371630147,0.5637385388938184,-0.001462400855282129,0.012428417038297659,0.013890817893579788,0.8947217602749828,161,9
6,4422,love,0.13553227224860637,0.5000397725012926,-0.0023370300230823923,0.011505482632583159,0.013842512655665551,0.8311701002522076,87,9
6,4422,wealth,0.18065871987011056,0.5108592592592592,-0.016660456911491345,7.999872002047968e-06,0.016668456783493393,0.0004799407710910719,125,9
6,4422,emotion,0.1697603251389781,0.4798401798736023,-0.016537630725646943,8.26432620948414e-06,0.016545895051856427,0.0004994789452660898,121,9
6,4422,scandal,0.10404611081622975,0.48941352819936296,0.0004100256385670929,0.013902391600233327,0.013492365961666234,1.0303894542070415,72,9
6,4422,duty,0.18869062213267584,0.5376064908722109,0.038447096657356135,0.047069480718100756,0.00862238406074462,5.458986793100109,85,9
6,4422,class,0.13201161382233317,0.43082771174643963,-0.004025085601956831,0.010110906850366658,0.01413599245232349,0.7152597798670655,99,9
6,4422,society,0.2612863432345388,0.6300425994224776,-0.007341985235015432,0.007641104715958534,0.014983089950973966,0.5099819022945828,131,9
