layer,neuron,concept,AP,AUROC,ΔP,P(fire|1),P(fire|0),lift,label_support,neuron_fires_total
7,19,female,0.346352620406469,0.5766261413768339,0.11184526322653801,0.11184721253667715,1.949310139141758e-06,57377.814290806964,152,17
7,19,male,0.19622879139845206,0.49352705070948044,-0.031949128095593825,7.518683929564969e-06,0.03195664677952339,0.00023527762412630163,133,17
7,19,family,0.17556689211195003,0.4918121094591683,-0.031128845361393084,8.403220113947665e-06,0.031137248581507033,0.00026987677127864826,119,17
7,19,marriage,0.24119582130952597,0.5008133688257912,-0.009140131662086277,0.018639520005962657,0.027779651668048935,0.6709774560179286,161,17
7,19,love,0.1320305404149825,0.49544604860199654,-0.002953726117258266,0.02299947127652238,0.025953197393780644,0.886190280398658,87,17
7,19,wealth,0.18506249494704505,0.48099259259259264,-0.03147521685682489,7.999872002047968e-06,0.03148321672882694,0.00025409957536101944,125,17
7,19,emotion,0.18490305273014396,0.4922368740884784,-0.0009357947768170241,0.024801242954661906,0.02573703773147893,0.9636401520818344,121,17
7,19,scandal,0.10613133211817423,0.4918727749672101,-0.028655492038621107,1.3888503097136193e-05,0.028669380541718244,0.00048443680450095195,72,17
7,19,duty,0.13064053916904034,0.5093103448275862,0.011165479713333048,0.035305051645843626,0.024139571932510578,1.4625384303867095,85,17
7,19,class,0.14621630232262414,0.4912196166613128,-0.030026895529657673,1.0100806044322337e-05,0.030036996335701997,0.0003362788319809539,99,17
7,19,society,0.1967212377819047,0.4809017354261371,-0.0033109557196965046,0.022908047205386174,0.02621900292508268,0.8737192360048611,131,17
7,98,female,0.253512981654072,0.5044500872063199,0.03241148420791471,0.04605860449204616,0.013647120284131448,3.3749687501638754,152,14
7,98,male,0.19386884915301453,0.4896828537509186,-0.007513299328422186,0.0150448865430595,0.022558185871481687,0.6669368994522064,133,14
7,98,family,0.18275489668096734,0.47891464278018897,0.015304500953497002,0.03362128367590461,0.01831678272240761,1.8355452583350724,119,14
7,98,marriage,0.29527493595063636,0.5896061323079956,0.029593113983042867,0.04348393187662265,0.013890817893579788,3.1304083176837363,161,14
7,98,love,0.121578694173967,0.4753012766972915,-0.024211605585405978,1.1493988643939221e-05,0.024223099574049917,0.000474505279901428,87,14
7,98,wealth,0.2233535949641024,0.5664296296296296,-0.006216247886895489,0.016007743876097984,0.022223991762993472,0.7202911180894679,125,14
7,98,emotion,0.23254497302496735,0.5654016771998056,0.014681445576365127,0.033065569164146054,0.018384123587780927,1.7985937161739172,121,14
7,98,scandal,0.09591210226484095,0.41371557054525016,-0.02359648717860377,1.3888503097136193e-05,0.023610375681700907,0.0005882372768558768,72,14
7,98,duty,0.11993854707646415,0.4786612576064909,-0.02412780750343832,1.1764429072257124e-05,0.024139571932510578,0.0004873503600089003,85,14
7,98,class,0.14893575632090625,0.48163614948067246,-0.012858976648278224,0.010110906850366658,0.022969883498644882,0.44018102444981816,99,14
7,98,society,0.1762923103605025,0.40759642050490325,-0.026211369453837965,7.63347124471382e-06,0.02621900292508268,0.0002911426977690307,131,14
7,101,female,0.2290946316794489,0.5075151328613933,-0.003650509705646475,0.01974316127419376,0.023393670979840235,0.8439531055371218,152,15
7,101,male,0.19668552478969928,0.49632539996608066,5.384601142782025e-06,0.02256357047262447,0.022558185871481687,1.0002386982788962,133,15
7,101,family,0.20636661201788323,0.5358220211161387,0.013473005830768513,0.03362128367590461,0.0201482778451361,1.6686926760021963,119,15
7,101,marriage,0.24988469532171256,0.4742063492063493,0.00302332863749407,0.024850622973627657,0.021827294336133587,1.1385113789092332,161,15
7,101,love,0.1254824585810481,0.4622061806467008,-0.025941703405136705,1.1493988643939221e-05,0.025953197393780644,0.0004428737033476552,87,15
7,101,wealth,0.18663072239577655,0.5059185185185184,-0.008068092880062178,0.016007743876097984,0.024075836756160162,0.6648883707577589,125,15
7,101,emotion,0.17689871423454417,0.49778956003889163,-0.017464447195785306,0.008272590535693625,0.02573703773147893,0.32142745492632996,121,15
7,101,scandal,0.10486429549353998,0.4725969645868465,-0.02528282213194288,1.3888503097136193e-05,0.025296710635040017,0.0005490240726139847,72,15
7,101,duty,0.12713449210365782,0.4802332657200812,-0.012363378431181198,0.01177619350132938,0.024139571932510578,0.4878377103689091,85,15
7,101,class,0.143239574813298,0.5063889781204268,-0.026493339111129114,1.0100806044322337e-05,0.026503439917173438,0.0003811130206308127,99,15
7,101,society,0.19586229952301326,0.5117148411813478,-0.028084021616189416,7.63347124471382e-06,0.02809165508743413,0.00027173447846640645,131,15
7,121,female,0.34761769516421503,0.6513093772442803,0.11403707974540613,0.236845567821476,0.12280848807606988,1.9285765302544953,152,99
7,121,male,0.30453180940253916,0.6090932217762451,0.13346090079241474,0.25564277228913845,0.12218187149672372,2.092313443520147,133,99
7,121,family,0.520283263490767,0.7806045495121124,0.36112846211870697,0.4453790692593402,0.08425060714063319,5.286360352402162,119,99
7,121,marriage,0.2198580068144731,0.4711069210292813,-0.04890956755988747,0.11180606452093762,0.1607156320808251,0.6956763512836999,161,99
7,121,love,0.10410978931413055,0.4047647456548542,-0.11837357440783805,0.045987448564400825,0.16436102297223887,0.2797953415749211,87,99
7,121,wealth,0.21323807815854035,0.5763777777777778,0.03341126759822888,0.17600518391705736,0.14259391631882848,1.2343106105753465,125,99
7,121,emotion,0.1913544310087813,0.5533771876519202,-0.030439877777722363,0.1239731574684716,0.15441303524619396,0.8028671754946574,121,99
7,121,scandal,0.0850214326761681,0.39896008993816745,-0.1357852821114777,0.027790894697369516,0.1635761768088472,0.16989573444839504,72,99
7,121,duty,0.11073195311693851,0.4552028397565923,-0.08974765994428567,0.070598338862615,0.16034599880690067,0.44028749945418927,85,99
7,121,class,0.13098705987598838,0.4739622372131206,-0.0918296189142222,0.07071574311630069,0.1625453620305229,0.435052358507692,99,99
7,121,society,0.16656321359502885,0.42642307802270063,-0.09032556918305869,0.07634234591838292,0.1666679151014416,0.45805064442943005,131,99
7,133,female,0.22679294389820706,0.48641248589309527,-0.005112370479722129,0.006585439665267561,0.01169781014498969,0.562963459235592,152,7
7,133,male,0.1979427693049984,0.49319492339872234,-0.013152206279510423,7.518683929564969e-06,0.013159724963439989,0.0005713405067265345,133,7
7,133,family,0.1769166546438446,0.49036537691999876,-0.0128138941341082,8.403220113947665e-06,0.012822297354222148,0.0006553599469072738,119,7
7,133,marriage,0.251524750057945,0.5021813073055309,0.010701059444298219,0.018639520005962657,0.007938460561664439,2.348001839755509,161,7
7,133,love,0.13082706766917293,0.47664359861591693,-0.012100920847290886,1.1493988643939221e-05,0.012112414835934825,0.0009489427829775269,87,7
7,133,wealth,0.19779408116250222,0.4998518518518519,0.006746667065271356,0.016007743876097984,0.009261076810826628,1.7284970421210297,125,7
7,133,emotion,0.1814344746162928,0.4903682547399125,-0.002758618908389304,0.008272590535693625,0.011031209444082929,0.7499259783686787,121,7
7,133,scandal,0.10984649122807016,0.49278620948098173,0.003782695545245315,0.013902391600233327,0.010119696054988012,1.3737953712559403,72,7
7,133,duty,0.13069340016708436,0.5037018255578094,0.0014296774548329862,0.01177619350132938,0.010346516046496394,1.138179600482902,85,7
7,133,class,0.14819542597320376,0.4995449191562266,-0.012359113437014891,1.0100806044322337e-05,0.012369214243059213,0.0008166085448130736,99,7
7,133,society,0.20324370085519142,0.5081482116819624,0.005909442496752742,0.015274575960672354,0.009365133463919612,1.631004621331733,131,7
7,199,female,0.23749927846005173,0.5102082692110392,-0.002432129953542545,0.01316430046973066,0.015596430423273204,0.844058551323555,152,10
7,199,male,0.19270237265985862,0.44076120753010345,-0.009392906713162136,0.007526202613494532,0.01691910932665667,0.4448344453447023,133,10
7,199,family,0.271926736726803,0.5926986179087019,0.022630481444410953,0.03362128367590461,0.010990802231493658,3.059038181626567,119,10
7,199,marriage,0.2291491190136838,0.4910591048013408,-0.011641742044224024,0.006217314070632662,0.017859056114856685,0.34813228819592756,161,10
7,199,love,0.1357763292825111,0.5319273754126397,-0.00406712784281312,0.011505482632583159,0.015572610475396279,0.738828127116019,87,10
7,199,wealth,0.22677092884287386,0.5479851851851852,0.030746283071415262,0.04000735988224189,0.009261076810826628,4.319946880383443,125,10
7,199,emotion,0.18837796412944535,0.5301257899854156,-0.008273304516162802,0.008272590535693625,0.016545895051856427,0.4999784242113559,121,10
7,199,scandal,0.12167332411837016,0.5768573168446693,-0.016851147365247322,1.3888503097136193e-05,0.01686503586834446,0.0008235086604459168,72,10
7,199,duty,0.11330824300367782,0.46499999999999997,-0.003742718502422332,0.01177619350132938,0.015518912003751712,0.7588285504630509,85,10
7,199,class,0.16334623434011122,0.5088517685690831,0.006075720442365507,0.020211712894688996,0.01413599245232349,1.4298050144994987,99,10
7,199,society,0.2122360022219516,0.5595248306029676,-0.009214637397366884,0.007641104715958534,0.01685574211332542,0.45332354186081697,131,10
7,288,female,0.2249221538695223,0.4720170308812969,-0.021437781979894016,6.578860804463099e-06,0.02144436084069848,0.0003067874511638756,152,11
7,288,male,0.2,0.4567669172932331,-0.020670975005943785,7.518683929564969e-06,0.02067849368987335,0.0003635992080449947,133,11
7,288,family,0.1889922429240014,0.48958044756364083,0.010564271085006308,0.02521806356195694,0.014653792476950634,1.7209240269986235,119,11
7,288,marriage,0.24166441645601502,0.4874174307404122,-0.013625861154862473,0.006217314070632662,0.019843175225495134,0.31332254035287355,161,11
7,288,love,0.13055059349344583,0.49914489122220895,-0.0057972256625438475,0.011505482632583159,0.017302708295127006,0.6649527019512036,87,11
7,288,wealth,0.1901223345715471,0.5064,-0.0006607129073954096,0.016007743876097984,0.016668456783493393,0.960361482953235,125,11
7,288,emotion,0.1798340141744906,0.4974933155080214,-0.010111533052087302,0.008272590535693625,0.018384123587780927,0.44998558107725334,121,11
7,288,scandal,0.10957972551221981,0.4847292486415589,-0.0029626442681111326,0.013902391600233327,0.01686503586834446,0.8243321691063626,72,11
7,288,duty,0.12544594360720354,0.48008113590263696,-0.018955411546183,1.1764429072257124e-05,0.018967175975255258,0.000620252012581359,85,11
7,288,class,0.166654019494963,0.5402077310204519,0.004308942233101229,0.020211712894688996,0.015902770661587767,1.2709554406288635,99,11
7,288,society,0.19356420588515233,0.48511879234925814,-0.011087289559718334,0.007641104715958534,0.01872839427567687,0.407995720459296,131,11
7,297,female,0.24900459979549072,0.5357545911562531,0.030462174068772954,0.04605860449204616,0.015596430423273204,2.9531503837162467,152,15
7,297,male,0.20265243823657914,0.5196308440273616,-0.009392991510030528,0.0150448865430595,0.02443787805309003,0.6156380071035473,133,15
7,297,family,0.20469695188438464,0.5359066703604519,0.013473005830768513,0.03362128367590461,0.0201482778451361,1.6686926760021963,119,15
7,297,marriage,0.2723655716130787,0.5368234250221828,0.01941377279410097,0.03727282890895765,0.017859056114856685,2.087054806657105,161,15
7,297,love,0.1312257511143549,0.49762359304776677,0.0005064695222031894,0.02299947127652238,0.02249300175431919,1.0225167599555012,87,15
7,297,wealth,0.18865221386800332,0.4989703703703704,0.0017836241151524788,0.02400761587814595,0.022223991762993472,1.0802566943460736,125,15
7,297,emotion,0.18073610929575293,0.47453816237238694,-0.027567001941193946,8.26432620948414e-06,0.02757526626740343,0.0002997006857175357,121,15
7,297,scandal,0.10719958951866845,0.48749297358066324,-0.00970798408146758,0.013902391600233327,0.023610375681700907,0.5888255141327325,72,15
7,297,duty,0.1282765737874097,0.47851926977687625,-0.012363378431181198,0.01177619350132938,0.024139571932510578,0.4878377103689091,85,15
7,297,class,0.14707102114926487,0.48243031016882604,-0.026493339111129114,1.0100806044322337e-05,0.026503439917173438,0.0003811130206308127,99,15
7,297,society,0.19528579429141904,0.48812791262829863,-0.018577898209124144,0.007641104715958534,0.02621900292508268,0.2914338404667997,131,15
7,401,female,0.22466686988467124,0.47640299579357753,0.0014664903247409693,0.01316430046973066,0.01169781014498969,1.1253645174130065,152,8
7,401,male,0.1946162269150751,0.47620696478037194,-0.015031898461118761,7.518683929564969e-06,0.015039417145048327,0.0004999318694701234,133,8
7,401,family,0.20275105785772313,0.5307353710715056,0.01605875645319177,0.02521806356195694,0.00915930710876517,2.7532719734957647,119,8
7,401,marriage,0.24055959208099972,0.48972813763186435,-0.007673503822947126,0.006217314070632662,0.013890817893579788,0.4475844487932323,161,8
7,401,love,0.12674756853526192,0.478353816171499,-0.013831018667021612,1.1493988643939221e-05,0.013842512655665551,0.000830339760491716,87,8
7,401,wealth,0.18559998201587463,0.4766222222222222,-0.004956894923109998,0.008007871874050014,0.012964766797160012,0.6176641661758627,125,8
7,401,emotion,0.18494491456835996,0.4820354278074867,-0.004596847444313804,0.008272590535693625,0.012869437980007429,0.6428089981786478,121,8
7,401,scandal,0.10333328868609176,0.47168353007307473,-0.013478477458569097,1.3888503097136193e-05,0.013492365961666234,0.0010293600941129288,72,8
7,401,duty,0.12704530800990946,0.48732251521298176,-0.01378301558892768,1.1764429072257124e-05,0.013794780017999938,0.0008528174466032547,85,8
7,401,class,0.14956402739436525,0.47842381411286,-0.002258307392692555,0.010110906850366658,0.012369214243059213,0.8174251533578866,99,8
7,401,society,0.19655244982685724,0.4357577836864225,-0.005469333072663983,0.007641104715958534,0.013110437788622517,0.5828260534523723,131,8
7,405,female,0.22814538386169042,0.5394352108341028,0.0021974207117787976,0.01974316127419376,0.017545740562414962,1.1252395533170423,152,12
7,405,male,0.18489123666274193,0.4035558821866697,-0.022550667187552123,7.518683929564969e-06,0.022558185871481687,0.0003333017988266899,133,12
7,405,family,0.18038416243826097,0.5145673654077015,-0.011736654511074487,0.008411623334061612,0.0201482778451361,0.4174859706768803,119,12
7,405,marriage,0.24319921681345802,0.5303965789214236,0.0007804638911059723,0.018639520005962657,0.017859056114856685,1.0437012955803984,161,12
7,405,love,0.17944571794345165,0.5768006999960228,0.01892084944506532,0.0344934599204616,0.015572610475396279,2.215008201273899,87,12
7,405,wealth,0.20636450680140067,0.5407037037037037,0.007339159094652558,0.02400761587814595,0.016668456783493393,1.440302254044307,125,12
7,405,emotion,0.20053901732543417,0.5460394385026739,-0.011949761588011802,0.008272590535693625,0.020222352123705427,0.40908151953239363,121,12
7,405,scandal,0.11584727490045987,0.4352866779089376,-0.004648979221450243,0.013902391600233327,0.01855137082168357,0.7493996930531014,72,12
7,405,duty,0.16078330553018605,0.5400608519269776,0.019786139642091916,0.035305051645843626,0.015518912003751712,2.2749695104291865,85,12
7,405,class,0.14142831262114128,0.46206767319841524,0.0025421640238369493,0.020211712894688996,0.017669548870852047,1.1438726048567471,99,12
7,405,society,0.19938254504888656,0.497655602252909,-0.0034538183150045147,0.015274575960672354,0.01872839427567687,0.815583852786265,131,12
7,435,female,0.3286594476215753,0.6203511336821586,0.055559237534521404,0.07895290851436164,0.023393670979840235,3.37496875026691,152,24
7,435,male,0.2848459687552014,0.6018712194018883,0.0676735399672275,0.09023172583870918,0.022558185871481687,3.999954887719105,133,24
7,435,family,0.2620435938795059,0.5847415889432697,0.0891019868562975,0.10925026470143359,0.0201482778451361,5.422312791978143,119,24
7,435,marriage,0.23561269323941722,0.47773710933648816,-0.006638521279948531,0.031061725941292653,0.037700247221241184,0.8239130570732134,161,24
7,435,love,0.12338834146162915,0.4589945511673229,-0.028288497319043315,0.011505482632583159,0.03979397995162647,0.28912621070523953,87,24
7,435,wealth,0.1808652821023797,0.5066518518518519,-0.034586414813777076,0.008007871874050014,0.04259428668782709,0.18800342713922147,125,24
7,435,emotion,0.17463216103780935,0.48021238454059306,-0.013803394528288528,0.024801242954661906,0.038604637482950434,0.642442063209966,121,24
7,435,scandal,0.10162333379616939,0.4558272437699082,-0.024884998661519588,0.013902391600233327,0.038787390261752916,0.3584255477374469,72,24
7,435,duty,0.12295781984679913,0.49920892494929003,-0.04136912736095606,1.1764429072257124e-05,0.04138089179002832,0.00028429617060132426,85,24
7,435,class,0.13916483803764487,0.467448334939501,-0.03052675874092101,0.010110906850366658,0.04063766559128767,0.24880629098649643,99,24
7,435,society,0.18068312421683821,0.4233925150813392,-0.044937891077352486,7.63347124471382e-06,0.0449455245485972,0.00016983829471809404,131,24
7,450,female,0.24385811231521318,0.5534395198522623,-0.020950819935950583,0.03947974368758306,0.06043056362353364,0.6533075536557638,152,37
7,450,male,0.20221237182176616,0.49970320538187574,-0.0037543389495474644,0.052638306190884346,0.05639264514043181,0.9334250248213816,133,37
7,450,family,0.17708479284498252,0.5034475328592976,-0.02681988686925823,0.03362128367590461,0.06044117054516284,0.5562646019607753,119,37
7,450,marriage,0.2777878198019799,0.579284974859509,0.02493448482987575,0.07453944671494764,0.04960496188507189,1.5026611024546896,161,37
7,450,love,0.12837268542140548,0.36320248180408066,-0.037555682511872815,0.02299947127652238,0.0605551537883952,0.3798103024642998,87,37
7,450,wealth,0.168653379850824,0.45149629629629634,-0.0488086827297294,0.016007743876097984,0.06481642660582738,0.24697047822768772,125,37
7,450,emotion,0.17527415401653546,0.43209923432182795,0.002709853486327539,0.057858547792598476,0.05514869430627094,1.049137219282638,121,37
7,450,scandal,0.09719238506894334,0.4347479857597901,-0.031232515004452736,0.027790894697369516,0.05902340970182225,0.4708452940501788,72,37
7,450,duty,0.12599825252997812,0.44367139959432045,-0.036805721059711305,0.023540622573586505,0.060346343633297814,0.3900919451929678,85,37
7,450,class,0.13770086142286872,0.3977941963807688,-0.01789212270059677,0.04041332498333367,0.05830544768393044,0.693131201079498,99,37
7,450,society,0.33910129437115444,0.5981716556594334,0.13985234576751465,0.1679440008549488,0.02809165508743413,5.978430260739409,131,37
7,469,female,0.23106074135767343,0.48210987996306554,-0.007305648961958275,0.03947974368758306,0.04678539264954133,0.8438476509639009,152,30
7,469,male,0.19547385829941816,0.47791706710384985,5.130210537607205e-06,0.04511962226131938,0.045114492050781774,1.0001137153341264,133,30
7,469,family,0.1870473709675089,0.5137824360513437,-0.00376470577348266,0.04202450378985228,0.04578920956333494,0.917781813438095,119,30
7,469,marriage,0.231254052022746,0.46196268362417425,-0.018543235943779234,0.031061725941292653,0.04960496188507189,0.6261818326286062,161,30
7,469,love,0.12780737548268303,0.46964363838841827,-0.012220911310087783,0.0344934599204616,0.04671437123054938,0.7383907566578961,87,30
7,469,wealth,0.19938470775622574,0.5166444444444445,0.023264534193725393,0.06400697588838579,0.040742441694660396,1.5710147262775214,125,30
7,469,emotion,0.1851727894472199,0.47623966942148765,-0.014730210998426883,0.033065569164146054,0.04779578016257294,0.691809382564418,121,30
7,469,scandal,0.11049276125170641,0.5258572231590781,-0.0038533322806036524,0.04167939779450571,0.045532730075109364,0.9153722547459227,72,30
7,469,duty,0.11980801866291717,0.4462677484787018,-0.024736797159448907,0.023540622573586505,0.04827741973303541,0.48761144864978045,85,30
7,469,class,0.17261272899171154,0.5402523467894493,0.03007807752501302,0.07071574311630069,0.04063766559128767,1.740152690505956,99,30
7,469,society,0.1885891535399269,0.39711810618406385,-0.0561738040514612,7.63347124471382e-06,0.056181437522705914,0.00013587176799263734,131,30
7,479,female,0.22535635027113313,0.474864060736637,-0.02460547187113971,0.006585439665267561,0.03119091153640727,0.21113328661041667,152,17
7,479,male,0.39882395805686516,0.6252614619254904,0.12782326579435244,0.12782514548653404,1.87969218160834e-06,68003.19687129033,133,17
7,479,family,0.17782166078553335,0.510442638593899,-0.010659414888040775,0.01681484344800928,0.027474258336050054,0.6120217420149188,119,17
7,479,marriage,0.2373811077242328,0.4772503204180223,-0.03372579789699662,6.211102967664998e-06,0.033732008999964286,0.00018413083452833905,161,17
7,479,love,0.14670220808109635,0.5223919182277373,0.010270360346411683,0.0344934599204616,0.024223099574049917,1.4239903449841853,87,17
7,479,wealth,0.18442343621290988,0.4843111111111111,-0.021623499861610232,0.008007871874050014,0.029631371735660245,0.27024978611241923,125,17
7,479,emotion,0.17823041517475144,0.48503585318424897,-0.02114090426763431,0.008272590535693625,0.029413494803327934,0.281251534056959,121,17
7,479,scandal,0.10682487703516662,0.4791315345699831,-0.028655492038621107,1.3888503097136193e-05,0.028669380541718244,0.00048443680450095195,72,17
7,479,duty,0.12832607014764022,0.5030121703853955,-0.002323081344675848,0.023540622573586505,0.025863703918262353,0.9101798662354119,85,17
7,479,class,0.15475322479461354,0.5208355641217832,-0.018159311276071063,0.010110906850366658,0.02827021812643772,0.3576522404173987,99,17
7,479,society,0.19569925745933853,0.5020156102581697,-0.012817079126761775,0.015274575960672354,0.02809165508743413,0.5437406914112792,131,17
7,483,female,0.261606778322246,0.5480019493177388,0.013893281546629345,0.01974316127419376,0.0058498797275644155,3.3749687498342484,152,6
7,483,male,0.2223094963361178,0.5301882525863532,0.007524238124444532,0.0150448865430595,0.007520648418614969,2.000477313075851,133,6
7,483,family,0.17427997555687028,0.49398220826792255,-0.000747683774703559,0.008411623334061612,0.00915930710876517,0.9183689588368078,119,6
7,483,marriage,0.22999702049444526,0.44355713299812677,-0.011900487679973674,6.211102967664998e-06,0.011906698782941339,0.0005216477783113119,161,6
7,483,love,0.12815962515595763,0.47213936284452934,-0.010370823027560159,1.1493988643939221e-05,0.010382317016204097,0.0011070735583293227,87,6
7,483,wealth,0.18177833044310307,0.42943703703703706,-0.01110492193199127,7.999872002047968e-06,0.01111292180399332,0.0007198711682154931,125,6
7,483,emotion,0.1927247882215336,0.4894111570247934,-0.0009203903724648022,0.008272590535693625,0.009192980908158427,0.899881182985176,121,6
7,483,scandal,0.10463898870842993,0.4378161888701517,-0.010105807551890875,1.3888503097136193e-05,0.010119696054988012,0.001372422948307633,72,6
7,483,duty,0.12264042543875543,0.4663488843813388,-0.010334751617424136,1.1764429072257124e-05,0.010346516046496394,0.0011370425579249773,85,6
7,483,class,0.1441086659790992,0.44082164400185603,-0.010592335227750613,1.0100806044322337e-05,0.010602436033794935,0.0009526872891450271,99,6
7,483,society,0.1934296892470645,0.45112502501643936,-0.0017240287479610783,0.007641104715958534,0.009365133463919612,0.8159098580475086,131,6
7,493,female,0.2264191729323308,0.4791089566020314,-0.011691231284185227,6.578860804463099e-06,0.01169781014498969,0.0005624010581774146,152,6
7,493,male,0.19832272990167726,0.4811323421335294,-0.011272514097902083,7.518683929564969e-06,0.011280032781831649,0.0006665480565808727,133,6
7,493,family,0.18321654347748995,0.5083264074860713,-0.01098239901137971,8.403220113947665e-06,0.010990802231493658,0.0007645684033058152,119,6
7,493,marriage,0.23974792947242812,0.47811298432416444,-0.011900487679973674,6.211102967664998e-06,0.011906698782941339,0.0005216477783113119,161,6
7,493,love,0.13868662020611455,0.519806705643718,0.002853263436109789,0.011505482632583159,0.00865221919647337,1.329772439877968,87,6
7,493,wealth,0.19347446878064725,0.49706666666666666,0.008598512058438049,0.016007743876097984,0.007409231817659936,2.160513298528863,125,6
7,493,emotion,0.18597899426776432,0.5078390860476423,-0.0009203903724648022,0.008272590535693625,0.009192980908158427,0.899881182985176,121,6
7,493,scandal,0.10796377517868747,0.4903035413153457,-0.010105807551890875,1.3888503097136193e-05,0.010119696054988012,0.001372422948307633,72,6
7,493,duty,0.14169282386000653,0.5079918864097364,0.00315380944058476,0.01177619350132938,0.00862238406074462,1.3657700024726838,85,6
7,493,class,0.14905192273613327,0.4796016704143913,0.0012752490258360009,0.010110906850366658,0.008835657824530658,1.1443298337279613,99,6
7,493,society,0.19577144727807647,0.4764988420962346,-0.011230152155026351,7.63347124471382e-06,0.011237785626271065,0.0006792682738305178,131,6
7,495,female,0.23269769819285052,0.48175720734585004,-0.0109603008971474,0.006585439665267561,0.017545740562414962,0.3753298210164475,152,10
7,495,male,0.20353444998787235,0.5255455367742664,-0.018791282824335443,7.518683929564969e-06,0.018798801508265007,0.00039995549321904266,133,10
7,495,family,0.18581893191579169,0.4930202850370918,0.0021610509710586444,0.01681484344800928,0.014653792476950634,1.1474738347298385,119,10
7,495,marriage,0.250884912007828,0.5128413684314306,0.004748702112382869,0.018639520005962657,0.013890817893579788,1.3418590717567334,161,10
7,495,love,0.15272823915690542,0.5245197470468919,0.03560513154819673,0.045987448564400825,0.010382317016204097,4.42940130687562,87,10
7,495,wealth,0.21402113135906242,0.5167703703703703,0.020894566076200598,0.03200748788019392,0.01111292180399332,2.880204544030188,125,10
7,495,emotion,0.18624477991257543,0.4977971560525037,0.0018292502292458386,0.016536916745177765,0.014707666515931927,1.1243739260840562,121,10
7,495,scandal,0.11491257077879884,0.5198964774217726,-0.001276309314772019,0.013902391600233327,0.015178700915005346,0.9159144565246554,72,10
7,495,duty,0.1373718810649975,0.5183874239350913,0.009745842555586567,0.023540622573586505,0.013794780017999938,1.7064877106531127,85,10
7,495,class,0.1507738189475711,0.5051397365884999,-0.005791863811221109,0.010110906850366658,0.015902770661587767,0.6357953003845538,99,10
7,495,society,0.197671001730034,0.494868056151185,0.00029148600969838845,0.015274575960672354,0.014983089950973966,1.019454332159301,131,10
7,518,female,0.2530692032358991,0.5340168769877911,0.019497243620960218,0.05263746529650925,0.03314022167554903,1.588325685031764,152,25
7,518,male,0.22043356084379673,0.5306546441291198,0.028200343340925922,0.06015699012044931,0.03195664677952339,1.8824562706345394,133,25
7,518,family,0.2579778952573514,0.5662880536830117,0.09750520697024515,0.11765348481538125,0.0201482778451361,5.839381693753248,119,25
7,518,marriage,0.25883492654619134,0.5153492556442868,0.024158247922626802,0.05590613781195264,0.03174788988932584,1.7609402705213573,161,25
7,518,love,0.1254955266646782,0.4722189078471145,-0.04324268160244399,1.1493988643939221e-05,0.04325417559108793,0.0002657313077085142,87,25
7,518,wealth,0.18061897386730977,0.47551111111111116,-0.046289976802158427,7.999872002047968e-06,0.046297976674160475,0.00017279096359172028,125,25
7,518,emotion,0.1781212752015275,0.4375759601361205,-0.04594928730043896,8.26432620948414e-06,0.04595755162664844,0.00017982520645230053,121,25
7,518,scandal,0.10445669096984887,0.45936387483605023,-0.042146171665334006,1.3888503097136193e-05,0.04216006016843114,0.00032942322760739996,72,25
7,518,duty,0.12451845961946485,0.4554462474645031,-0.02960469828869894,0.01177619350132938,0.04138089179002832,0.28458046677192556,85,25
7,518,class,0.14289307511930413,0.47790627119249024,-0.04416112120377191,1.0100806044322337e-05,0.04417122200981623,0.00022867390994636618,99,25
7,518,society,0.18904711747741293,0.4900934900077194,-0.018292173018508127,0.022908047205386174,0.0412002202238943,0.5560175911764789,131,25
7,552,female,0.2201637957436497,0.4289396737457679,-0.011691231284185227,6.578860804463099e-06,0.01169781014498969,0.0005624010581774146,152,6
7,552,male,0.18917065414285153,0.46227881734411214,-0.011272514097902083,7.518683929564969e-06,0.011280032781831649,0.0006665480565808727,133,6
7,552,family,0.17987017725524876,0.5081571089974452,-0.000747683774703559,0.008411623334061612,0.00915930710876517,0.9183689588368078,119,6
7,552,marriage,0.23635814434114863,0.49701764763876566,-0.003705265601670226,0.006217314070632662,0.009922579672302888,0.6265824286965015,161,6
7,552,love,0.1261281530839571,0.4562900210794257,-0.010370823027560159,1.1493988643939221e-05,0.010382317016204097,0.0011070735583293227,87,6
7,552,wealth,0.17777725029296587,0.48417777777777776,-0.01110492193199127,7.999872002047968e-06,0.01111292180399332,0.0007198711682154931,125,6
7,552,emotion,0.20159913026428872,0.508340422946038,0.009182164372943839,0.016536916745177765,0.007354752372233927,2.2484668287895584,121,6
7,552,scandal,0.1036055524591861,0.44250046842795576,-0.010105807551890875,1.3888503097136193e-05,0.010119696054988012,0.001372422948307633,72,6
7,552,duty,0.1249927777871451,0.4296146044624747,0.00315380944058476,0.01177619350132938,0.00862238406074462,1.3657700024726838,85,6
7,552,class,0.15271103874226896,0.507174215654781,0.0012752490258360009,0.010110906850366658,0.008835657824530658,1.1443298337279613,99,6
7,552,society,0.28268859617408887,0.5819395602824714,0.017288218066169467,0.022908047205386174,0.005619829139216707,4.076288910894329,131,6
7,640,female,0.24692054029738433,0.5144275161588181,0.005365110603024485,0.01316430046973066,0.0077991898667061745,1.6879061406415563,152,6
7,640,male,0.19643568628531036,0.45703544575725025,-0.011272514097902083,7.518683929564969e-06,0.011280032781831649,0.0006665480565808727,133,6
7,640,family,0.1790463199016598,0.4902268599747591,0.009487031461972596,0.01681484344800928,0.007327811986036682,2.294660872543632,119,6
7,640,marriage,0.24192105933515287,0.4980528443261362,-0.011900487679973674,6.211102967664998e-06,0.011906698782941339,0.0005216477783113119,161,6
7,640,love,0.1464363920423118,0.5156703655092869,0.002853263436109789,0.011505482632583159,0.00865221919647337,1.329772439877968,87,6
7,640,wealth,0.21116284963492232,0.5338370370370371,-0.0012532049367766137,0.008007871874050014,0.009261076810826628,0.8646804293668918,125,6
7,640,emotion,0.18385420789065637,0.49405991735537186,0.009182164372943839,0.016536916745177765,0.007354752372233927,2.2484668287895584,121,6
7,640,scandal,0.13013608863712062,0.5050590219224284,0.02104386854905973,0.027790894697369516,0.006747026148309788,4.118984287649824,72,6
7,640,duty,0.12643301436863863,0.4947667342799188,-0.010334751617424136,1.1764429072257124e-05,0.010346516046496394,0.0011370425579249773,85,6
7,640,class,0.14557140181807912,0.476335796123782,-0.010592335227750613,1.0100806044322337e-05,0.010602436033794935,0.0009526872891450271,99,6
7,640,society,0.19442347538542223,0.45272607713640395,-0.011230152155026351,7.63347124471382e-06,0.011237785626271065,0.0006792682738305178,131,6
7,670,female,0.4370341197238341,0.6899687083205089,0.21272047913347528,0.2828975934527177,0.07017711431924242,4.031194445553264,152,79
7,670,male,0.3667965150556336,0.7177200520097236,0.20864824886927483,0.28571750800739837,0.07706925913812354,3.707282400258034,133,79
7,670,family,0.29398696607576114,0.6770708283313325,0.1111863379463445,0.2100889060688056,0.0989025681224611,2.1242007164722905,119,79
7,670,marriage,0.24427382851202337,0.527186236813566,-0.009227185347118444,0.11180606452093762,0.12103324986805607,0.9237632191310967,161,79
7,670,love,0.11937225659868712,0.41846637235015705,-0.07054753154955357,0.05748143720834004,0.1280289687578936,0.4489721175259178,87,79
7,670,wealth,0.1751929007475363,0.48463703703703703,-0.037920719485798546,0.08800659189452968,0.12592731138032823,0.6988681877597744,125,79
7,670,emotion,0.16575581316419594,0.42792902284880896,-0.04418808078627556,0.08265152642105089,0.12683960720732645,0.651622377585108,121,79
7,670,scandal,0.09541117762134271,0.43973674348885133,-0.07090890694374485,0.05556790089164191,0.12647680783538676,0.439352493490552,72,79
7,670,duty,0.1173211514288755,0.41048681541582144,-0.041776459171241315,0.08236276793487213,0.12413922710611344,0.663470925784043,85,79
7,670,class,0.13140564330324578,0.42813291929899705,-0.10396439174328308,0.030312518939011334,0.13427691068229441,0.22574632365877448,99,79
7,670,society,0.169817621471096,0.4247934356863082,-0.1289215131925518,0.015274575960672354,0.14419608915322416,0.10592919718048326,131,79
7,680,female,0.23131188871743455,0.5123948394377758,-0.011691231284185227,6.578860804463099e-06,0.01169781014498969,0.0005624010581774146,152,6
7,680,male,0.2,0.46710526315789475,-0.011272514097902083,7.518683929564969e-06,0.011280032781831649,0.0006665480565808727,133,6
7,680,family,0.17957832307178156,0.48343952965801695,-0.000747683774703559,0.008411623334061612,0.00915930710876517,0.9183689588368078,119,6
7,680,marriage,0.24354168164397474,0.50609410430839,-0.011900487679973674,6.211102967664998e-06,0.011906698782941339,0.0005216477783113119,161,6
7,680,love,0.15081093538443813,0.4971662092829017,0.016077349899779735,0.02299947127652238,0.006922121376742642,3.322604447601103,87,6
7,680,wealth,0.19144060150375938,0.48784444444444447,0.008598512058438049,0.016007743876097984,0.007409231817659936,2.160513298528863,125,6
7,680,emotion,0.18223070007706949,0.4925407146329607,-0.0009203903724648022,0.008272590535693625,0.009192980908158427,0.899881182985176,121,6
7,680,scandal,0.112670329022207,0.5239483792392731,-0.010105807551890875,1.3888503097136193e-05,0.010119696054988012,0.001372422948307633,72,6
7,680,duty,0.12713180008845643,0.4900202839756593,-0.010334751617424136,1.1764429072257124e-05,0.010346516046496394,0.0011370425579249773,85,6
7,680,class,0.1509916767226709,0.498732912160474,0.0012752490258360009,0.010110906850366658,0.008835657824530658,1.1443298337279613,99,6
7,680,society,0.19525405475586272,0.4862266632358407,-0.011230152155026351,7.63347124471382e-06,0.011237785626271065,0.0006792682738305178,131,6
7,756,female,0.2228659796211411,0.43101723607263775,-0.015589851562468742,6.578860804463099e-06,0.015596430423273204,0.00042181836647853824,152,8
7,756,male,0.1960804011559304,0.42646560009045165,-0.015031898461118761,7.518683929564969e-06,0.015039417145048327,0.0004999318694701234,133,8
7,756,family,0.1733001745836163,0.4668790593160341,-0.014645389256836686,8.403220113947665e-06,0.014653792476950634,0.0005734501922687849,119,8
7,756,marriage,0.23085156713895283,0.4712486443852903,-0.01586872590125057,6.211102967664998e-06,0.015874937004218236,0.0003912521331973382,161,8
7,756,love,0.13956382613226237,0.5208805631786183,-0.013831018667021612,1.1493988643939221e-05,0.013842512655665551,0.000830339760491716,87,8
7,756,wealth,0.19900402529576458,0.5361185185185185,0.004894822072104664,0.016007743876097984,0.01111292180399332,1.4404622075992017,125,8
7,756,emotion,0.21036697707950877,0.5420971074380165,0.005505707301094837,0.016536916745177765,0.011031209444082929,1.4991027799357903,121,8
7,756,scandal,0.10731534307007648,0.4756651676972082,0.002096360591906203,0.013902391600233327,0.011806031008327124,1.1775669223001375,72,8
7,756,duty,0.13241164815522483,0.4948073022312373,0.013194106527090112,0.023540622573586505,0.010346516046496394,2.275222158407879,85,8
7,756,class,0.15027468462412735,0.5042831138237498,-0.002258307392692555,0.010110906850366658,0.012369214243059213,0.8174251533578866,99,8
7,756,society,0.1898152725257281,0.4698802069931669,-0.014975456479729253,7.63347124471382e-06,0.014983089950973966,0.0005094724298647182,131,8
7,858,female,0.22857142857142856,0.44249512670565305,-0.019488471840752256,6.578860804463099e-06,0.01949505070155672,0.00033746312871093485,152,10
7,858,male,0.19867525957751522,0.44907852337610943,-0.018791282824335443,7.518683929564969e-06,0.018798801508265007,0.00039995549321904266,133,10
7,858,family,0.17753132022039583,0.47212731246344697,-0.008073664265617512,0.008411623334061612,0.016485287599679124,0.5102503236713377,119,10
7,858,marriage,0.23783090241644228,0.4658693187419896,-0.0034465199659205765,0.012428417038297659,0.015874937004218236,0.7828955185278736,161,10
7,858,love,0.16479720687450414,0.5304160203635206,0.048829218011866675,0.05748143720834004,0.00865221919647337,6.643548423406313,87,10
7,858,wealth,0.1895136336808971,0.4997185185185185,-0.018512301904658038,7.999872002047968e-06,0.018520301776660086,0.000431951492912374,125,10
7,858,emotion,0.1821285594886427,0.5103913466212932,-0.018375859261571443,8.26432620948414e-06,0.018384123587780927,0.0004495360450322211,121,10
7,858,scandal,0.10965639022877019,0.48081787521079256,-0.001276309314772019,0.013902391600233327,0.015178700915005346,0.9159144565246554,72,10
7,858,duty,0.13987280505117305,0.49055780933062876,-0.003742718502422332,0.01177619350132938,0.015518912003751712,0.7588285504630509,85,10
7,858,class,0.15015706548410102,0.5116179462469216,-0.005791863811221109,0.010110906850366658,0.015902770661587767,0.6357953003845538,99,10
7,858,society,0.2001773626101305,0.49729822454755984,0.00029148600969838845,0.015274575960672354,0.014983089950973966,1.019454332159301,131,10
7,882,female,0.23554672433356466,0.5013978660100544,0.012674901794525411,0.02632202207865686,0.013647120284131448,1.9287601727475598,152,11
7,882,male,0.2689615022159789,0.5875402792696025,0.016922529438749452,0.03008225440218944,0.013159724963439989,2.2859333674128646,133,11
7,882,family,0.17408301075769866,0.5081724997691385,-0.02013987462502215,8.403220113947665e-06,0.0201482778451361,0.00041706890177510526,119,11
7,882,marriage,0.22885200214742182,0.4792221236320615,-0.013625861154862473,0.006217314070632662,0.019843175225495134,0.31332254035287355,161,11
7,882,love,0.14210424185026074,0.5107783478502963,0.0074268608011261,0.02299947127652238,0.015572610475396279,1.476918164194959,87,11
7,882,wealth,0.17883364802300808,0.5024,-0.010512429902610072,0.008007871874050014,0.018520301776660086,0.4323834444052863,125,11
7,882,emotion,0.172749734611504,0.4569457948468643,-8.978306678661396e-06,0.016536916745177765,0.016545895051856427,0.9994573694774457,121,11
7,882,scandal,0.11419974520511562,0.5266769720816938,-0.0029626442681111326,0.013902391600233327,0.01686503586834446,0.8243321691063626,72,11
7,882,duty,0.19965464616464954,0.5952941176470588,0.04848739374386149,0.05883390979035788,0.010346516046496394,5.6863498321828105,85,11
7,882,class,0.14804361192265525,0.4845094050041046,-0.019426226274072003,1.0100806044322337e-05,0.019436327080116327,0.0005196869759480399,99,11
7,882,society,0.18536189922521207,0.47552677473768473,-0.02059341296678361,7.63347124471382e-06,0.020601046438028323,0.00037053803394435065,131,11
7,915,female,0.2878125269779024,0.5817431004411614,-0.007061680618863887,0.006585439665267561,0.013647120284131448,0.4825515953312439,152,8
7,915,male,0.19155221862395116,0.4447538017977274,0.01316322987240116,0.02256357047262447,0.009400340600223309,2.4002928648870627,133,8
7,915,family,0.20738593679911066,0.5186382245205774,0.00582404121651562,0.01681484344800928,0.010990802231493658,1.5299013750149362,119,8
7,915,marriage,0.22530462213831973,0.47253031647441585,-0.01586872590125057,6.211102967664998e-06,0.015874937004218236,0.0003912521331973382,161,8
7,915,love,0.1550008074690495,0.5638149783239869,0.012617154260318281,0.02299947127652238,0.010382317016204097,2.2152541902169745,87,8
7,915,wealth,0.1619860769883191,0.44155555555555553,-0.014808611918324653,7.999872002047968e-06,0.014816611790326702,0.0005399258693361262,125,8
7,915,emotion,0.16732539803864221,0.46236934856587264,-0.004596847444313804,0.008272590535693625,0.012869437980007429,0.6428089981786478,121,8
7,915,scandal,0.09681262395944962,0.4749391043657485,-0.013478477458569097,1.3888503097136193e-05,0.013492365961666234,0.0010293600941129288,72,8
7,915,duty,0.12459850243818363,0.47596348884381334,-0.0002944545309187859,0.01177619350132938,0.012070648032248166,0.9756057395503769,85,8
7,915,class,0.15317883996587645,0.49241531927044285,-0.002258307392692555,0.010110906850366658,0.012369214243059213,0.8174251533578866,99,8
7,915,society,0.2333434279972668,0.5711324584727107,0.00403679033440129,0.015274575960672354,0.011237785626271065,1.3592158159348664,131,8
7,941,female,0.22409316543649468,0.47463322047809575,-0.012909611036289157,0.006585439665267561,0.01949505070155672,0.3378005918396457,152,11
7,941,male,0.23876197327772936,0.5473528746678726,0.02632090554992276,0.03760093833175441,0.011280032781831649,3.333406830960944,133,11
7,941,family,0.2143577612516581,0.5427093914488872,0.03103370155835862,0.04202450378985228,0.010990802231493658,3.823606584932382,119,11
7,941,marriage,0.23741364643666887,0.4917430740412107,-0.013625861154862473,0.006217314070632662,0.019843175225495134,0.31332254035287355,161,11
7,941,love,0.1285995691084355,0.4864276339338981,-0.0057972256625438475,0.011505482632583159,0.017302708295127006,0.6649527019512036,87,11
7,941,wealth,0.20073691178512285,0.48813333333333336,0.00919100408781925,0.02400761587814595,0.014816611790326702,1.6203175338777147,125,11
7,941,emotion,0.18374006460895448,0.48977576567817205,-0.010111533052087302,0.008272590535693625,0.018384123587780927,0.44998558107725334,121,11
7,941,scandal,0.11206657346863988,0.4959949409780775,0.01261219378236417,0.027790894697369516,0.015178700915005346,1.8309139135922432,72,11
7,941,duty,0.12555020769917874,0.46025354969574034,-0.018955411546183,1.1764429072257124e-05,0.018967175975255258,0.000620252012581359,85,11
7,941,class,0.14713326566802093,0.4985901416996823,-0.0075586420204853885,0.010110906850366658,0.017669548870852047,0.5722221276669683,99,11
7,941,society,0.1946972241467208,0.45220430568659403,-0.02059341296678361,7.63347124471382e-06,0.020601046438028323,0.00037053803394435065,131,11
7,942,female,0.23005570524359548,0.5254950241099826,-0.005112370479722129,0.006585439665267561,0.01169781014498969,0.562963459235592,152,7
7,942,male,0.23497058552626338,0.5568785686019561,0.005644545942836192,0.0150448865430595,0.009400340600223309,1.600461853595139,133,7
7,942,family,0.1976587326601355,0.5178379043925262,0.007655536339244108,0.01681484344800928,0.00915930710876517,1.8358204661662865,119,7
7,942,marriage,0.23121382878455005,0.4897466232869959,-0.013884606790612123,6.211102967664998e-06,0.013890817893579788,0.0004471373114817506,161,7
7,942,love,0.12577100379160377,0.48895318776597857,-0.012100920847290886,1.1493988643939221e-05,0.012112414835934825,0.0009489427829775269,87,7
7,942,wealth,0.18258263862550697,0.48869629629629635,-0.012956766925157964,7.999872002047968e-06,0.012964766797160012,0.0006170471190568061,125,7
7,942,emotion,0.17979008424373316,0.4837749149246476,-0.012861173653797945,8.26432620948414e-06,0.012869437980007429,0.0006421668313473005,121,7
7,942,scandal,0.10573122037106052,0.42870526513022295,-0.011792142505229987,1.3888503097136193e-05,0.011806031008327124,0.0011763905317683692,72,7
7,942,duty,0.12235656673032848,0.46455375253549697,-0.012058883603175908,1.1764429072257124e-05,0.012070648032248166,0.0009746311084419351,85,7
7,942,class,0.1542470466950045,0.5044705000535389,-0.000491529183428277,0.010110906850366658,0.010602436033794935,0.953639976434172,99,7
7,942,society,0.23306897695364368,0.5118863824799154,0.02492168931088329,0.0305415184501,0.005619829139216707,5.434599111125695,131,7
7,986,female,0.22111539471736838,0.4270224171539961,-0.0175391617016105,6.578860804463099e-06,0.017545740562414962,0.0003749548661502973,152,9
7,986,male,0.191535695932342,0.446442704505625,-0.016911590642727105,7.518683929564969e-06,0.01691910932665667,0.00044439005528941293,133,9
7,986,family,0.17099604271693444,0.4483947425123895,-0.016476884379565175,8.403220113947665e-06,0.016485287599679124,0.0005097405830882495,119,9
7,986,marriage,0.23317390450775238,0.46018806073153895,-0.01785284501188902,6.211102967664998e-06,0.017859056114856685,0.0003477845036922354,161,9
7,986,love,0.13551166939653528,0.5033309469832559,-0.01556111648675234,1.1493988643939221e-05,0.015572610475396279,0.0007380900370789401,87,9
7,986,wealth,0.1793983937585721,0.4788074074074075,-0.016660456911491345,7.999872002047968e-06,0.016668456783493393,0.0004799407710910719,125,9
7,986,emotion,0.2758378744938581,0.5757930238210986,0.04407769774680491,0.049594221583114335,0.005516523836309426,8.990121867633027,121,9
7,986,scandal,0.13028622957027422,0.5319350758853288,0.0004100256385670929,0.013902391600233327,0.013492365961666234,1.0303894542070415,72,9
7,986,duty,0.12858457458372372,0.5203651115618662,-0.002018586516670558,0.01177619350132938,0.013794780017999938,0.8536702640498578,85,9
7,986,class,0.1491291977899345,0.517346610986187,-0.015892669855543443,1.0100806044322337e-05,0.015902770661587767,0.0006351601402443095,99,9
7,986,society,0.2105281523107682,0.510178117048346,0.01167026157911511,0.022908047205386174,0.011237785626271065,2.038484089765384,131,9
7,1004,female,0.23731760007050134,0.5246229609110495,0.0034158004638827275,0.01316430046973066,0.009748500005847932,1.3503924152929438,152,7
7,1004,male,0.3008585877833755,0.597518231669399,0.024441298165182812,0.03008225440218944,0.005640956237006628,5.332828891581642,133,7
7,1004,family,0.20328444541608742,0.5509280635331055,-0.0128138941341082,8.403220113947665e-06,0.012822297354222148,0.0006553599469072738,119,7
7,1004,marriage,0.23434368674553088,0.492692004337967,-0.005689384712308677,0.006217314070632662,0.011906698782941339,0.522169426089623,161,7
7,1004,love,0.148108844452304,0.5501928966312691,-0.012100920847290886,1.1493988643939221e-05,0.012112414835934825,0.0009489427829775269,87,7
7,1004,wealth,0.18639926681152436,0.5136444444444445,-0.012956766925157964,7.999872002047968e-06,0.012964766797160012,0.0006170471190568061,125,7
7,1004,emotion,0.17091850894890245,0.47189474963539135,-0.012861173653797945,8.26432620948414e-06,0.012869437980007429,0.0006421668313473005,121,7
7,1004,scandal,0.09338838865412259,0.42151489600899383,-0.011792142505229987,1.3888503097136193e-05,0.011806031008327124,0.0011763905317683692,72,7
7,1004,duty,0.12054917909282828,0.48125760649087224,-0.012058883603175908,1.1764429072257124e-05,0.012070648032248166,0.0009746311084419351,85,7
7,1004,class,0.1493295847987079,0.5221829603455045,-0.000491529183428277,0.010110906850366658,0.010602436033794935,0.953639976434172,99,7
7,1004,society,0.20501505905091197,0.5489035651999885,-0.013102804317377804,7.63347124471382e-06,0.013110437788622517,0.0005822438096427295,131,7
7,1018,female,0.2539473684210526,0.5164473684210527,0.032898933572980814,0.03290088288311996,1.949310139141758e-06,16878.210062250786,152,5
7,1018,male,0.2,0.49530075187969924,-0.009392821916293743,7.518683929564969e-06,0.009400340600223309,0.0007998310112919236,133,5
7,1018,family,0.17894736842105263,0.49542124542124544,-0.009150903888651222,8.403220113947665e-06,0.00915930710876517,0.0009174515073294785,119,5
7,1018,marriage,0.24210526315789474,0.49503968253968256,-0.009916368569335223,6.211102967664998e-06,0.009922579672302888,0.0006259564722242773,161,5
7,1018,love,0.13082706766917293,0.49567474048442905,-0.008640725207829431,1.1493988643939221e-05,0.00865221919647337,0.0013284439958820863,87,5
7,1018,wealth,0.18796992481203006,0.49537037037037035,-0.00925307693882458,7.999872002047968e-06,0.009261076810826628,0.0008638166127541378,125,5
7,1018,emotion,0.18251724352202822,0.5004405687894993,0.0009178381634596978,0.008272590535693625,0.007354752372233927,1.1247952501840819,121,5
7,1018,scandal,0.10827067669172932,0.4957841483979764,-0.008419472598551763,1.3888503097136193e-05,0.0084333611016489,0.0016468526519958745,72,5
7,1018,duty,0.12781954887218044,0.4956896551724138,-0.008610619631672362,1.1764429072257124e-05,0.00862238406074462,0.0013644055968758083,85,5
7,1018,class,0.14887218045112782,0.495583038869258,-0.008825557018486335,1.0100806044322337e-05,0.008835657824530658,0.0011431866470808807,99,5
7,1018,society,0.19699248120300752,0.4953183520599251,-0.009357499992674899,7.63347124471382e-06,0.009365133463919612,0.0008150947632842244,131,5
7,1024,female,0.22275272392360365,0.47336359905611985,-0.009254959101100031,0.03947974368758306,0.04873470278868309,0.8100950950282749,152,31
7,1024,male,0.17873593901177476,0.40650969529085873,-0.03946806641576397,0.0150448865430595,0.05451295295882347,0.2759873704539124,133,31
7,1024,family,0.17248984575102977,0.46538615446178466,-0.026065631369563465,0.02521806356195694,0.05128369493152041,0.4917364787217286,119,31
7,1024,marriage,0.226339636807097,0.4743542344474021,-0.036917799211024574,0.018639520005962657,0.055557319216987235,0.3355007093273847,161,31
7,1024,love,0.19001559113323552,0.6510360736586724,0.012497163797521388,0.05748143720834004,0.044984273410818655,1.2778118406429129,87,31
7,1024,wealth,0.23873354637082922,0.597437037037037,0.011560972205344043,0.056007103886337825,0.04444613168099378,1.2601120000062385,125,31
7,1024,emotion,0.2435147132306338,0.6206246961594555,0.054149443683509095,0.09091585263053503,0.03676640894702594,2.4727966432363933,121,31
7,1024,scandal,0.11464019062903524,0.5448988195615514,-0.03668934333489337,0.013902391600233327,0.0505917349351267,0.2747957075950338,72,31
7,1024,duty,0.16442948956446518,0.5921095334685598,0.04098187614484381,0.08236276793487213,0.04138089179002832,1.990357490379871,85,31
7,1024,class,0.1841657098457521,0.5833422564871328,0.01644371506216212,0.06061493707197835,0.04417122200981623,1.3722721335881434,99,31
7,1024,society,0.17855489011567688,0.4652628870400549,-0.03903420939968211,0.015274575960672354,0.05430878536035446,0.2812542364746308,131,31
7,1044,female,0.21654745262290997,0.47100389863547754,-0.02655478201028147,0.006585439665267561,0.03314022167554903,0.19871441203809467,152,18
7,1044,male,0.18464127357206903,0.448513200293968,0.003764684167491074,0.03008225440218944,0.026317570234698367,1.1430483183962206,133,18
7,1044,family,0.165199536074492,0.4684335272570566,-0.012490910010769265,0.01681484344800928,0.029305753458778543,0.5737727737008113,119,18
7,1044,marriage,0.2252230505511713,0.4773735581188997,-0.011124250772724727,0.018639520005962657,0.029763770778687384,0.626248607541468,161,18
7,1044,love,0.11525984119000382,0.41852603110209596,-0.031131996864328892,1.1493988643939221e-05,0.03114349085297283,0.0003690655199133846,87,18
7,1044,wealth,0.17447038111535745,0.4625925925925926,-0.013623627859562261,0.016007743876097984,0.029631371735660245,0.5402295924185324,125,18
7,1044,emotion,0.15815565628141762,0.3711260330578513,-0.03308168754896745,8.26432620948414e-06,0.03308995187517694,0.00024975334628498,121,18
7,1044,scandal,0.10433848237254255,0.5106801573917932,-0.03034182699196022,1.3888503097136193e-05,0.030355715495057358,0.0004575251437884919,72,18
7,1044,duty,0.11950886610587963,0.45133874239350913,-0.017535774388436523,0.01177619350132938,0.0293119678897659,0.40175376642109434,85,18
7,1044,class,0.1685523786085962,0.5381197130313737,0.01567666327542451,0.04041332498333367,0.024736661707909162,1.6337420731584975,99,18
7,1044,society,0.3927501715896749,0.6992595133945164,0.06135925596740895,0.07634234591838292,0.014983089950973966,5.095233771077046,131,18
7,1096,female,0.25856866095383346,0.5453601108033241,0.04069568680842516,0.08553176931882474,0.044836082510399576,1.9076548290560016,152,36
7,1096,male,0.23627517080407134,0.5694852733337101,0.016922105454407484,0.06767567405001428,0.05075356859560679,1.3334170565996188,133,36
7,1096,family,0.23125826275060246,0.5840028319019915,0.05688933014687947,0.10084704458748592,0.04395771444060645,2.2941830772719407,119,36
7,1096,marriage,0.27538895459077045,0.4863699102829538,0.035113826018817636,0.08075054968261262,0.04563672366379499,1.7694203965151225,161,36
7,1096,love,0.12092886552700889,0.4000417611263572,-0.02260149822847214,0.0344934599204616,0.05709495814893374,0.6041419599587119,87,36
7,1096,wealth,0.1698928915414889,0.4595333333333333,-0.05680855473177737,0.008007871874050014,0.06481642660582738,0.12354695087751892,125,36
7,1096,emotion,0.15629077518168027,0.41456003889158966,-0.04596469170479117,0.016536916745177765,0.06250160844996894,0.2645838588002194,121,36
7,1096,scandal,0.11792122584582584,0.43313190931234774,-0.01397134200063832,0.04167939779450571,0.05565073979514403,0.7489459789246795,72,36
7,1096,duty,0.11348047124649069,0.39151115618661253,-0.048570150131968436,0.01177619350132938,0.060346343633297814,0.19514344684565754,85,36
7,1096,class,0.1347166745160431,0.4583467180640326,-0.05172809725209235,0.010110906850366658,0.061839004102459,0.16350371415184384,99,36
7,1096,society,0.1702456828898975,0.43960316779598024,-0.03889134680437409,0.022908047205386174,0.06179939400976026,0.37068401028976944,131,36
7,1120,female,0.22729181143104593,0.4797565917718272,0.00682697137710014,0.02632202207865686,0.01949505070155672,1.3501899779724504,152,14
7,1120,male,0.1942017724590785,0.49626886765786643,-0.026310051550768803,7.518683929564969e-06,0.026317570234698367,0.0002856906569348214,133,14
7,1120,family,0.16193240720857865,0.4208529565672423,-0.015399644756531463,0.008411623334061612,0.023811268090593075,0.35326230008856446,119,14
7,1120,marriage,0.2208987794561249,0.4615128660159716,-0.011382996408474377,0.012428417038297659,0.023811413446772036,0.5219520909818376,161,14
7,1120,love,0.18589280879877307,0.5199359662729189,0.06835699966028366,0.08046941449621849,0.012112414835934825,6.643548423625666,87,14
7,1120,wealth,0.17520342900017147,0.4676518518518519,-0.006216247886895489,0.016007743876097984,0.022223991762993472,0.7202911180894679,125,14
7,1120,emotion,0.17733020590300358,0.5034941662615459,-0.015626218659860806,0.008272590535693625,0.02389880919555443,0.34615074197447093,121,14
7,1120,scandal,0.09733016632186596,0.45671725688589093,-0.02359648717860377,1.3888503097136193e-05,0.023610375681700907,0.0005882372768558768,72,14
7,1120,duty,0.16399905436984,0.5955476673427993,0.02982643672859727,0.047069480718100756,0.017243043989503486,2.729766318755785,85,14
7,1120,class,0.14239982593705722,0.46988435592675876,-0.024726560901864838,1.0100806044322337e-05,0.024736661707909162,0.00040833343493089163,99,14
7,1120,society,0.22175939770847233,0.5461017239900506,-0.0071991226397074195,0.015274575960672354,0.022473698600379774,0.6796645372708955,131,14
7,1123,female,0.32467105263157897,0.5616343490304709,0.0789509592042225,0.07895290851436164,1.949310139141758e-06,40502.979195575215,152,12
7,1123,male,0.19939887312265628,0.4998445361524111,-0.0037539149652055064,0.0150448865430595,0.018798801508265007,0.8003109419313043,133,12
7,1123,family,0.19619433100193825,0.5227013882476067,0.03943692167230628,0.05042772390379994,0.010990802231493658,4.588174988238197,119,12
7,1123,marriage,0.2536589922009994,0.49682046731736174,0.008975685969409421,0.024850622973627657,0.015874937004218236,1.5653997849225503,161,12
7,1123,love,0.13082706766917293,0.4826989619377163,-0.020751409945944523,1.1493988643939221e-05,0.02076290393458846,0.0005535829034125644,87,12
7,1123,wealth,0.18796992481203006,0.4814814814814815,-0.022215991890991424,7.999872002047968e-06,0.022223991762993472,0.00035996557625660565,125,12
7,1123,emotion,0.18040954261049957,0.49153804083616914,-0.022052316333420446,8.26432620948414e-06,0.02206058065962993,0.0003746196138995082,121,12
7,1123,scandal,0.10827067669172932,0.4831365935919056,-0.020223817271925546,1.3888503097136193e-05,0.020237705775022683,0.0006862686537122737,72,12
7,1123,duty,0.1272630104673448,0.49610547667342797,-0.007190982473925878,0.01177619350132938,0.018967175975255258,0.6208722645939402,85,12
7,1123,class,0.14887218045112782,0.4823321554770318,-0.02119300448333628,1.0100806044322337e-05,0.021203105289380603,0.00047638333659102554,99,12
7,1123,society,0.19699248120300752,0.4812734082397004,-0.02246606512913506,7.63347124471382e-06,0.022473698600379774,0.00033966243741673935,131,12
7,1135,female,0.22857142857142856,0.4746588693957115,-0.00974192114504347,6.578860804463099e-06,0.009748500005847932,0.0006748587782573433,152,5
7,1135,male,0.2,0.4755639097744361,-0.009392821916293743,7.518683929564969e-06,0.009400340600223309,0.0007998310112919236,133,5
7,1135,family,0.17795979635873488,0.49638316865207627,0.0010838113480249297,0.008411623334061612,0.007327811986036682,1.1479038148006873,119,5
7,1135,marriage,0.24074344165877345,0.4824632751651385,-0.009916368569335223,6.211102967664998e-06,0.009922579672302888,0.0006259564722242773,161,5
7,1135,love,0.1295053726269697,0.49047448594042076,-0.008640725207829431,1.1493988643939221e-05,0.00865221919647337,0.0013284439958820863,87,5
7,1135,wealth,0.19714507422402158,0.5104888888888889,0.010450357051604742,0.016007743876097984,0.005557386824493243,2.880444420868116,125,5
7,1135,emotion,0.19252828962841323,0.51643777345649,0.0009178381634596978,0.008272590535693625,0.007354752372233927,1.1247952501840819,121,5
7,1135,scandal,0.10827067669172932,0.47807757166947723,-0.008419472598551763,1.3888503097136193e-05,0.0084333611016489,0.0016468526519958745,72,5
7,1135,duty,0.1374817133331065,0.4910750507099391,0.004877941426336534,0.01177619350132938,0.006898252074992846,1.7071271637510383,85,5
7,1135,class,0.14942229487684033,0.5006424670735624,-0.008825557018486335,1.0100806044322337e-05,0.008835657824530658,0.0011431866470808807,99,5
7,1135,society,0.19710854745005005,0.49469651485261745,0.00014862341439037408,0.007641104715958534,0.00749248130156816,1.0198363409114455,131,5
7,1165,female,0.24625023513824787,0.5492138606750795,0.016573522072808926,0.02632202207865686,0.009748500005847932,2.7001099718076307,152,9
7,1165,male,0.28801583925454466,0.5704321894962971,0.030080289913139442,0.03760093833175441,0.007520648418614969,4.9996936745089124,133,9
7,1165,family,0.16249752216502614,0.46180010465724747,-0.006242169142889022,0.008411623334061612,0.014653792476950634,0.5740236424610536,119,9
7,1165,marriage,0.21999251276870738,0.4466134279798876,-0.009657622933585575,0.006217314070632662,0.015874937004218236,0.3916433853305355,161,9
7,1165,love,0.16262379100569088,0.5628107226663485,-0.01556111648675234,1.1493988643939221e-05,0.015572610475396279,0.0007380900370789401,87,9
7,1165,wealth,0.19039060508153197,0.5259407407407407,-0.016660456911491345,7.999872002047968e-06,0.016668456783493393,0.0004799407710910719,125,9
7,1165,emotion,0.2107588698973714,0.5659409941662614,-0.006435075980238302,0.008272590535693625,0.014707666515931927,0.5624679160470465,121,9
7,1165,scandal,0.11876006757668302,0.5546772531384673,-0.015164812411908209,1.3888503097136193e-05,0.015178700915005346,0.000914999457067588,72,9
7,1165,duty,0.1387825150593463,0.5276470588235295,0.01146997454133834,0.023540622573586505,0.012070648032248166,1.9502368479923122,85,9
7,1165,class,0.1675328554900983,0.5588928150765606,-0.004025085601956831,0.010110906850366658,0.01413599245232349,0.7152597798670655,99,9
7,1165,society,0.18853473491266196,0.5278254281384911,-0.016848108642080705,7.63347124471382e-06,0.01685574211332542,0.00045287067118962733,131,9
7,1177,female,0.2818529575845297,0.5804606545603775,0.019253762598988512,0.03290088288311996,0.013647120284131448,2.4108296985529982,152,12
7,1177,male,0.27899983178189974,0.6441997851772288,0.015042837257141114,0.03008225440218944,0.015039417145048327,2.000227409749964,133,12
7,1177,family,0.1721958160012858,0.4797457444516268,-0.011736654511074487,0.008411623334061612,0.0201482778451361,0.4174859706768803,119,12
7,1177,marriage,0.2217474649742866,0.4783101646455683,0.0007804638911059723,0.018639520005962657,0.017859056114856685,1.0437012955803984,161,12
7,1177,love,0.22002407749761677,0.6184226225987351,0.04536902237240522,0.05748143720834004,0.012112414835934825,4.745662857670612,87,12
7,1177,wealth,0.17388206677369364,0.4471407407407407,-0.0025125579005621027,0.016007743876097984,0.018520301776660086,0.8643349373176604,125,12
7,1177,emotion,0.1632466324208877,0.469281720952844,-0.022052316333420446,8.26432620948414e-06,0.02206058065962993,0.0003746196138995082,121,12
7,1177,scandal,0.10191810008426885,0.5095325089001312,-0.020223817271925546,1.3888503097136193e-05,0.020237705775022683,0.0006862686537122737,72,12
7,1177,duty,0.1291694905445282,0.49770791075050713,-0.007190982473925878,0.01177619350132938,0.018967175975255258,0.6208722645939402,85,12
7,1177,class,0.13310178745986662,0.43969732662312166,-0.009325420229749668,0.010110906850366658,0.019436327080116327,0.520206662923988,99,12
7,1177,society,0.16854649543259398,0.38975612545386973,-0.02246606512913506,7.63347124471382e-06,0.022473698600379774,0.00033966243741673935,131,12
7,1180,female,0.26071537858314403,0.5354981019800965,0.03947681973519858,0.14474151655899264,0.10526469682379407,1.3750243046812272,152,76
7,1180,male,0.24680232069840174,0.5215246763525355,0.045116555412980305,0.15038119727522894,0.10526464186224864,1.428601234121825,133,76
7,1180,family,0.2885953075865728,0.5589081786560779,0.13715025378788226,0.2268953462967009,0.08974509250881865,2.5282200948411435,119,76
7,1180,marriage,0.25542982013566756,0.535554076703145,-0.003274828015203096,0.11180606452093762,0.11508089253614072,0.9715432514989732,161,76
7,1180,love,0.12046720372145009,0.46299168754722986,-0.0785813245540313,0.045987448564400825,0.12456877311843213,0.36917316766305214,87,76
7,1180,wealth,0.1751368005685977,0.49766666666666665,-0.08162376948237177,0.048007231884289854,0.1296310013666616,0.37033758420280144,125,76
7,1180,emotion,0.16677803404371705,0.4863727515799709,-0.10939127839636256,0.024801242954661906,0.13419252135102447,0.1848183691966061,121,76
7,1180,scandal,0.10483123125090636,0.535518549747049,-0.08142474013420281,0.04167939779450571,0.12310413792870852,0.3385702421985548,72,76
7,1180,duty,0.11703132284118742,0.4343914807302231,-0.09055830744602159,0.035305051645843626,0.12586335909186522,0.2805030145413063,85,76
7,1180,class,0.13705459701185624,0.45973873005675125,-0.06306130435473041,0.06061493707197835,0.12367624142670876,0.4901097928934798,99,76
7,1180,society,0.21637065612691392,0.6012736941418648,-0.056760692856040545,0.0687088746736691,0.12546956752970964,0.5476138638706319,131,76
7,1218,female,0.2843984962406015,0.5361842105263158,0.0723720983997594,0.07237404770989854,1.949310139141758e-06,37128.01217652887,152,11
7,1218,male,0.19999999999999998,0.49437503533269267,-0.011272598894770475,0.007526202613494532,0.018798801508265007,0.40035544871226164,133,11
7,1218,family,0.20098723700006318,0.5206159386831656,0.04126841679503477,0.05042772390379994,0.00915930710876517,5.505626495484201,119,11
7,1218,marriage,0.24960226653590495,0.5014788524105295,0.0027645830017444216,0.018639520005962657,0.015874937004218236,1.1741476517252118,161,11
7,1218,love,0.13082706766917293,0.49048442906574397,-0.019021312126213795,1.1493988643939221e-05,0.019032806114857734,0.0006039040472525317,87,11
7,1218,wealth,0.18796992481203006,0.4898148148148148,-0.02036414689782473,7.999872002047968e-06,0.02037214676982678,0.0003926867448993596,125,11
7,1218,emotion,0.18120244262045046,0.49486509479824986,-0.010111533052087302,0.008272590535693625,0.018384123587780927,0.44998558107725334,121,11
7,1218,scandal,0.10827067669172932,0.49072512647554806,-0.018537482318586433,1.3888503097136193e-05,0.01855137082168357,0.0007486510420110904,72,11
7,1218,duty,0.12781954887218044,0.49051724137931035,-0.018955411546183,1.1764429072257124e-05,0.018967175975255258,0.000620252012581359,85,11
7,1218,class,0.14887218045112782,0.4902826855123675,-0.019426226274072003,1.0100806044322337e-05,0.019436327080116327,0.0005196869759480399,99,11
7,1218,society,0.19699248120300752,0.4897003745318352,-0.02059341296678361,7.63347124471382e-06,0.020601046438028323,0.00037053803394435065,131,11
7,1268,female,0.22430684642212567,0.46380937724428023,0.020226712044630002,0.2171089854080867,0.1968822733634567,1.10273505937321,152,134
7,1268,male,0.2518330922969869,0.557182429758607,0.12406193110316269,0.30075487586652827,0.17669294476336558,1.7021329078396954,133,134
7,1268,family,0.26364923007156355,0.5811709299104257,0.14350540427306757,0.3193307675501252,0.1758253632770576,1.816181474598304,119,134
7,1268,marriage,0.18759595025557357,0.3551217588484669,-0.14293940266714356,0.09317275561794262,0.23611215828508617,0.3946122736511074,161,134
7,1268,love,0.13301140608544773,0.47299447162232033,0.045882471783975615,0.24138525551136758,0.19550278372739197,1.2346896085465422,87,134
7,1268,wealth,0.15142093534034545,0.34060740740740747,-0.11021704312432265,0.11200620790067359,0.22222325102499624,0.5040256021075437,125,134
7,1268,emotion,0.15910305348724002,0.42808094312105005,-0.09477787653507988,0.1239731574684716,0.21875103400355148,0.5667317552697471,121,134
7,1268,scandal,0.08055341799495092,0.26171069889451004,-0.1480824913269207,0.0694564039887781,0.21753889531569878,0.31928269143622184,72,134
7,1268,duty,0.1339399516385518,0.48223123732251516,-0.04218379098152658,0.16471377144067198,0.20689756242219856,0.7961126729166497,85,134
7,1268,class,0.11067797786270905,0.34580790234500486,-0.16553444049205857,0.06061493707197835,0.2261493775640369,0.2680305279838609,99,134
7,1268,society,0.13678406632344148,0.2513222975097922,-0.23191738212188168,0.015274575960672354,0.24719195808255404,0.061792366058726525,131,134
7,1280,female,0.28496246485653776,0.5930157997332514,0.027294484177527254,0.05263746529650925,0.025342981118981995,2.0770036897911184,152,21
7,1280,male,0.2800258989814348,0.6158346995307818,0.007523983733839359,0.03760093833175441,0.03007695459791505,1.250157764746261,133,21
7,1280,family,0.22372997608162118,0.5854495644411611,0.002484035094397579,0.03362128367590461,0.031137248581507033,1.079776961885872,119,21
7,1280,marriage,0.27623536701505624,0.5574410923789807,0.007509058130270269,0.03727282890895765,0.029763770778687384,1.252288535107081,161,21
7,1280,love,0.11925147732525115,0.44835540707155075,-0.009874117396181183,0.02299947127652238,0.03287358867270356,0.6996337243496709,87,21
7,1280,wealth,0.16283825248936762,0.4245185185185185,-0.038882596829491654,7.999872002047968e-06,0.0388905967014937,0.00020570196089418727,125,21
7,1280,emotion,0.1552947721937102,0.4229764219737482,-0.028493818411332313,0.008272590535693625,0.03676640894702594,0.2250040396218189,121,21
7,1280,scandal,0.09000545077700511,0.42130410342889263,-0.03540083185197756,1.3888503097136193e-05,0.035414720355074696,0.00039216752123115087,72,21
7,1280,duty,0.11549258902141446,0.41661257606490876,-0.00921960928768294,0.023540622573586505,0.032760231861269445,0.7185731368616676,85,21
7,1280,class,0.1281862750040119,0.4061284220294822,-0.025226424113128174,0.010110906850366658,0.03533733096349483,0.2861253686795301,99,21
7,1280,society,0.17644816259892776,0.42788117906052553,-0.010801564369102318,0.022908047205386174,0.03370961157448849,0.6795701918453272,131,21
7,1317,female,0.21502326762714224,0.48244331589206935,-0.014127990788393092,0.01316430046973066,0.02729229125812375,0.482345008879746,152,16
7,1317,male,0.21468169552602662,0.5624116682684153,-0.011272683691638866,0.0150448865430595,0.026317570234698367,0.5716670045265776,133,16
7,1317,family,0.18944025458788905,0.562886693138794,-0.019062635001988442,0.008411623334061612,0.027474258336050054,0.30616379997847754,119,16
7,1317,marriage,0.25213827339402883,0.5139751552795031,-0.007156012551447828,0.018639520005962657,0.025795532557410485,0.7225871365034233,161,16
7,1317,love,0.23746721738626503,0.7026011215845365,0.025224544629812364,0.045987448564400825,0.02076290393458846,2.2148851965536704,87,16
7,1317,wealth,0.2107279422599453,0.5506962962962964,-6.822087801421073e-05,0.02400761587814595,0.024075836756160162,0.9971664171134604,125,16
7,1317,emotion,0.1835634631098229,0.47314049586776863,0.011004988504516124,0.033065569164146054,0.02206058065962993,1.4988530752119325,121,16
7,1317,scandal,0.10768113076025296,0.4771641371557055,-0.01139431903480669,0.013902391600233327,0.025296710635040017,0.5495730966865986,72,16
7,1317,duty,0.1484045645543755,0.5428194726166329,-0.014087510416932974,0.01177619350132938,0.025863703918262353,0.4553173643686393,85,16
7,1317,class,0.1637263386683859,0.5424920583931184,-0.004524948813220166,0.020211712894688996,0.024736661707909162,0.8170752032967141,99,16
7,1317,society,0.20114423382052032,0.5048174514681076,0.017573943256785494,0.03817498969481382,0.020601046438028323,1.8530607077556978,131,16
7,1328,female,0.23145207548239363,0.5055145172873705,0.0034158004638827275,0.01316430046973066,0.009748500005847932,1.3503924152929438,152,7
7,1328,male,0.1979736320125336,0.4830968398439708,-0.013152206279510423,7.518683929564969e-06,0.013159724963439989,0.0005713405067265345,133,7
7,1328,family,0.19725475173507018,0.5217471604026226,0.01789025157592026,0.02521806356195694,0.007327811986036682,3.441417930286576,119,7
7,1328,marriage,0.25046451699048666,0.4908434388248053,0.010701059444298219,0.018639520005962657,0.007938460561664439,2.348001839755509,161,7
7,1328,love,0.12962578860945467,0.47337231038460015,-0.012100920847290886,1.1493988643939221e-05,0.012112414835934825,0.0009489427829775269,87,7
7,1328,wealth,0.18580330126094424,0.5078222222222223,-0.012956766925157964,7.999872002047968e-06,0.012964766797160012,0.0006170471190568061,125,7
7,1328,emotion,0.18058011901618518,0.4903530627126884,-0.012861173653797945,8.26432620948414e-06,0.012869437980007429,0.0006421668313473005,121,7
7,1328,scandal,0.10637756706268503,0.49053775529323596,-0.011792142505229987,1.3888503097136193e-05,0.011806031008327124,0.0011763905317683692,72,7
7,1328,duty,0.12728499637841403,0.5067748478701826,-0.012058883603175908,1.1764429072257124e-05,0.012070648032248166,0.0009746311084419351,85,7
7,1328,class,0.14768407761828817,0.47214191383802695,-0.012359113437014891,1.0100806044322337e-05,0.012369214243059213,0.0008166085448130736,99,7
7,1328,society,0.19509819395817787,0.4738542470766504,-0.013102804317377804,7.63347124471382e-06,0.013110437788622517,0.0005822438096427295,131,7
7,1405,female,0.22857142857142856,0.48635477582846004,-0.021437781979894016,6.578860804463099e-06,0.02144436084069848,0.0003067874511638756,152,11
7,1405,male,0.28421052631578947,0.5526315789473684,0.0827111622169626,0.08271304190914422,1.87969218160834e-06,44003.480311809006,133,11
7,1405,family,0.21508279425130378,0.5231938929417921,0.04126841679503477,0.05042772390379994,0.00915930710876517,5.505626495484201,119,11
7,1405,marriage,0.2412916348843122,0.4901902790101547,-0.013625861154862473,0.006217314070632662,0.019843175225495134,0.31332254035287355,161,11
7,1405,love,0.13036824035009154,0.49443184981903515,-0.0057972256625438475,0.011505482632583159,0.017302708295127006,0.6649527019512036,87,11
7,1405,wealth,0.18796992481203006,0.48703703703703705,-0.02036414689782473,7.999872002047968e-06,0.02037214676982678,0.0003926867448993596,125,11
7,1405,emotion,0.18104144659168583,0.49208495381623724,-0.020214087797495943,8.26432620948414e-06,0.020222352123705427,0.00040867284668570793,121,11
7,1405,scandal,0.11139654692286272,0.4960886265692337,-0.0029626442681111326,0.013902391600233327,0.01686503586834446,0.8243321691063626,72,11
7,1405,duty,0.12781954887218044,0.4879310344827586,-0.018955411546183,1.1764429072257124e-05,0.018967175975255258,0.000620252012581359,85,11
7,1405,class,0.14887218045112782,0.4876325088339223,-0.019426226274072003,1.0100806044322337e-05,0.019436327080116327,0.0005196869759480399,99,11
7,1405,society,0.19699248120300752,0.4868913857677903,-0.02059341296678361,7.63347124471382e-06,0.020601046438028323,0.00037053803394435065,131,11
7,1409,female,0.23391744338295828,0.5155175951574844,0.0021974207117787976,0.01974316127419376,0.017545740562414962,1.1252395533170423,152,12
7,1409,male,0.24464748304367195,0.5964017185821697,-0.0037539149652055064,0.0150448865430595,0.018798801508265007,0.8003109419313043,133,12
7,1409,family,0.17786486441119495,0.5182226736848586,-0.011736654511074487,0.008411623334061612,0.0201482778451361,0.4174859706768803,119,12
7,1409,marriage,0.2561724992690095,0.5300823227841861,0.017170908047712867,0.031061725941292653,0.013890817893579788,2.236133694720235,161,12
7,1409,love,0.20871478167751228,0.6145845762239988,0.04536902237240522,0.05748143720834004,0.012112414835934825,4.745662857670612,87,12
7,1409,wealth,0.19009258998947076,0.5066666666666667,-0.012364274895776765,0.008007871874050014,0.02037214676982678,0.3930794316442589,125,12
7,1409,emotion,0.3908396950773643,0.6743437044239183,0.0890757858660746,0.09091585263053503,0.0018400667644604247,49.40899663919853,121,12
7,1409,scandal,0.10610898505868656,0.48693086003372676,-0.004648979221450243,0.013902391600233327,0.01855137082168357,0.7493996930531014,72,12
7,1409,duty,0.11882325228269522,0.4826774847870182,-0.020679543531934776,1.1764429072257124e-05,0.020691307961007033,0.0005685686518154742,85,12
7,1409,class,0.1373226817202034,0.4561873148445587,-0.009325420229749668,0.010110906850366658,0.019436327080116327,0.520206662923988,99,12
7,1409,society,0.18122159493033685,0.413242988249421,-0.02246606512913506,7.63347124471382e-06,0.022473698600379774,0.00033966243741673935,131,12
7,1419,female,0.3792278240192829,0.6669103313840156,0.11111384551837751,0.15789923816791884,0.04678539264954133,3.374968750339041,152,48
7,1419,male,0.2759832687503383,0.6526230991011363,0.04135767983097395,0.10526909369783911,0.06391141386686516,1.6471094492680078,133,48
7,1419,family,0.2253409798455044,0.5976082740788623,0.03491138867413761,0.10084704458748592,0.06593565591334831,1.5294766267054076,119,48
7,1419,marriage,0.2623070036100946,0.5395346544414867,0.02769484084776315,0.09317275561794262,0.06547791477017947,1.422964612473475,161,48
7,1419,love,0.10722554330760126,0.37885296106272126,-0.04336267206524087,0.0344934599204616,0.07785613198570247,0.443041017326072,87,48
7,1419,wealth,0.16182970877379405,0.4431703703703704,-0.0494755436641337,0.03200748788019392,0.08148303154432762,0.3928116967811721,125,48
7,1419,emotion,0.13939488777710246,0.3596864365580943,-0.08822854362670246,8.26432620948414e-06,0.08823680795291194,9.36607567875844e-05,121,48
7,1419,scandal,0.08263544411813238,0.3924723627506089,-0.08093187559213358,1.3888503097136193e-05,0.08094576409523072,0.00017157788615875105,72,48
7,1419,duty,0.12633438900251487,0.48492900608519274,-0.028794050786963024,0.047069480718100756,0.07586353150506378,0.6204493751301109,85,48
7,1419,class,0.13554974859843438,0.4827961594746047,-0.03732668300250384,0.04041332498333367,0.07774000798583751,0.5198523389678095,99,48
7,1419,society,0.17110661371846586,0.4231494982417016,-0.042350925938460966,0.03817498969481382,0.08052591563327478,0.4740708552535246,131,48
7,1476,female,0.22685332402151626,0.49351082384323386,-0.01607730092753485,0.01316430046973066,0.029241601397265508,0.45019081856821674,152,17
7,1476,male,0.3149143575128235,0.571838430663124,0.11842488968317913,0.12030646155696907,0.001881571873789948,63.93933878842638,133,17
7,1476,family,0.17782423974374437,0.4882414504263244,-0.010659414888040775,0.01681484344800928,0.027474258336050054,0.6120217420149188,119,17
7,1476,marriage,0.24023646071700994,0.4842748693680371,-0.025530575818693176,0.006217314070632662,0.03174788988932584,0.19583393076234623,161,17
7,1476,love,0.13162825928919664,0.4990653462196238,0.010270360346411683,0.0344934599204616,0.024223099574049917,1.4239903449841853,87,17
7,1476,wealth,0.18735505430242272,0.48275555555555555,-0.021623499861610232,0.008007871874050014,0.029631371735660245,0.27024978611241923,125,17
7,1476,emotion,0.18136940146509525,0.4830456976178901,-0.02114090426763431,0.008272590535693625,0.029413494803327934,0.281251534056959,121,17
7,1476,scandal,0.10815580618212198,0.48761008056960836,-0.013080653988145808,0.013902391600233327,0.026983045588379134,0.5152269247807032,72,17
7,1476,duty,0.12769032652933582,0.49933062880324547,-0.015811642402684747,0.01177619350132938,0.02758783590401413,0.4268618075689308,85,17
7,1476,class,0.1499125874125874,0.5024270978334583,0.005575857231102172,0.030312518939011334,0.024736661707909162,1.2254086382276057,99,17
7,1476,society,0.1950070718338051,0.4962117963232982,-0.022323202533827052,0.007641104715958534,0.029964307249785587,0.25500688709425123,131,17
7,1668,female,0.24869768700187678,0.5143056838001437,0.021446553760101978,0.05263746529650925,0.03119091153640727,1.6875898363336101,152,24
7,1668,male,0.23404153019218102,0.5195531121035672,0.04887678774488087,0.07519435797957924,0.026317570234698367,2.8571922600051485,133,24
7,1668,family,0.25135148228468746,0.549396681749623,0.06863255638294519,0.09244382447353826,0.023811268090593075,3.8823562070672306,119,24
7,1668,marriage,0.24969815033794635,0.48078108054816127,-0.014833743358251984,0.024850622973627657,0.03968436633187964,0.6262068736382519,161,24
7,1668,love,0.12875051883226857,0.4602573280833631,-0.04151258378271326,1.1493988643939221e-05,0.0415240777713572,0.00027680298420958144,87,24
7,1668,wealth,0.1819485457291964,0.4764,-0.034586414813777076,0.008007871874050014,0.04259428668782709,0.18800342713922147,125,24
7,1668,emotion,0.17808230556760773,0.46881076810889655,-0.023905949273697172,0.016536916745177765,0.04044286601887494,0.408895767600916,121,24
7,1668,scandal,0.10563111435100732,0.4709925988382987,-0.024884998661519588,0.013902391600233327,0.038787390261752916,0.3584255477374469,72,24
7,1668,duty,0.12682729842509086,0.4543204868154158,-0.027880566302947163,0.01177619350132938,0.03965675980427654,0.2969529926084,85,24
7,1668,class,0.14659272147310426,0.45760609629867577,-0.042394342994507624,1.0100806044322337e-05,0.042404443800551944,0.00023820159254046535,99,24
7,1668,society,0.1925266821067877,0.46099579723818507,-0.044937891077352486,7.63347124471382e-06,0.0449455245485972,0.00016983829471809404,131,24
7,1691,female,0.22488014942819232,0.45751256796963163,-0.021437781979894016,6.578860804463099e-06,0.02144436084069848,0.0003067874511638756,152,11
7,1691,male,0.198071734359823,0.45687998190966145,-0.011272598894770475,0.007526202613494532,0.018798801508265007,0.40035544871226164,133,11
7,1691,family,0.22254270129104273,0.4870871425493274,0.04126841679503477,0.05042772390379994,0.00915930710876517,5.505626495484201,119,11
7,1691,marriage,0.23848833999950098,0.4563122350389431,-0.021821083233165922,6.211102967664998e-06,0.021827294336133587,0.0002845567055509206,161,11
7,1691,love,0.15289717352086046,0.5437696376725134,0.0074268608011261,0.02299947127652238,0.015572610475396279,1.476918164194959,87,11
7,1691,wealth,0.18627883693725383,0.501125925925926,-0.010512429902610072,0.008007871874050014,0.018520301776660086,0.4323834444052863,125,11
7,1691,emotion,0.1914765466586124,0.5286217792902285,-8.978306678661396e-06,0.016536916745177765,0.016545895051856427,0.9994573694774457,121,11
7,1691,scandal,0.12198704593471668,0.5137717818999438,-0.0029626442681111326,0.013902391600233327,0.01686503586834446,0.8243321691063626,72,11
7,1691,duty,0.13246875217574025,0.5175659229208924,0.008021710569834794,0.023540622573586505,0.015518912003751712,1.5168990304461187,85,11
7,1691,class,0.1480596821722461,0.4863475746867973,-0.0075586420204853885,0.010110906850366658,0.017669548870852047,0.5722221276669683,99,11
7,1691,society,0.1955525741835505,0.457329101981302,-0.011087289559718334,0.007641104715958534,0.01872839427567687,0.407995720459296,131,11
7,1723,female,0.22435304311271803,0.4864573714989227,-0.00974192114504347,6.578860804463099e-06,0.009748500005847932,0.0006748587782573433,152,5
7,1723,male,0.19845992404338356,0.4869693029566397,-0.009392821916293743,7.518683929564969e-06,0.009400340600223309,0.0007998310112919236,133,5
7,1723,family,0.18472722473771108,0.4804075476344385,0.0010838113480249297,0.008411623334061612,0.007327811986036682,1.1479038148006873,119,5
7,1723,marriage,0.2501771715349416,0.5098836636103716,-0.0017211464910317767,0.006217314070632662,0.007938460561664439,0.7831888842370092,161,5
7,1723,love,0.12962578860945467,0.4682416577178539,-0.008640725207829431,1.1493988643939221e-05,0.00865221919647337,0.0013284439958820863,87,5
7,1723,wealth,0.1857866332497911,0.47902222222222224,-0.00925307693882458,7.999872002047968e-06,0.009261076810826628,0.0008638166127541378,125,5
7,1723,emotion,0.18783566730500179,0.4805086290714633,0.011020392908868339,0.016536916745177765,0.005516523836309426,2.9977060251847503,121,5
7,1723,scandal,0.10848492759676971,0.48657953906689155,-0.008419472598551763,1.3888503097136193e-05,0.0084333611016489,0.0016468526519958745,72,5
7,1723,duty,0.12956167463960783,0.4955375253549696,0.004877941426336534,0.01177619350132938,0.006898252074992846,1.7071271637510383,85,5
7,1723,class,0.14630537421235096,0.4843130956205161,-0.008825557018486335,1.0100806044322337e-05,0.008835657824530658,0.0011431866470808807,99,5
7,1723,society,0.19399598732664222,0.48681991022672044,0.00014862341439037408,0.007641104715958534,0.00749248130156816,1.0198363409114455,131,5
7,1770,female,0.20514769051255866,0.39385195444752236,-0.02728571239731929,6.578860804463099e-06,0.02729229125812375,0.0002410519784506477,152,14
7,1770,male,0.1943612896928414,0.44139719599751254,0.0018850767827511203,0.02256357047262447,0.02067849368987335,1.091161223343029,133,14
7,1770,family,0.18806334383391465,0.45021854895804475,0.0050697857168208425,0.02521806356195694,0.0201482778451361,1.2516237742270908,119,14
7,1770,marriage,0.23223499760088645,0.49351153504880213,-0.011382996408474377,0.012428417038297659,0.023811413446772036,0.5219520909818376,161,14
7,1770,love,0.1770514719539244,0.5834327645865648,0.015460653805603866,0.0344934599204616,0.019032806114857734,1.8123160458048473,87,14
7,1770,wealth,0.2336050615926042,0.5781333333333333,0.033190620093963154,0.048007231884289854,0.014816611790326702,3.2400951418860933,125,14
7,1770,emotion,0.20471866917740233,0.565188988818668,0.004578890830956479,0.024801242954661906,0.020222352123705427,1.2264272129038096,121,14
7,1770,scandal,0.10538366462648445,0.5102468615326963,-0.008021649128128467,0.013902391600233327,0.021924040728361793,0.6341163005419223,72,14
7,1770,duty,0.15392932534586146,0.5860547667342799,-0.010639246445429426,0.01177619350132938,0.022415439946758806,0.5253608016962797,85,14
7,1770,class,0.1957529312376351,0.6023842666952207,-0.0009913923946916064,0.020211712894688996,0.021203105289380603,0.9532430565186422,99,14
7,1770,society,0.1926871040733151,0.5146381908111044,-0.016705246046772693,0.007641104715958534,0.024346350762731228,0.3138501038661405,131,14
7,1773,female,0.21599721650302556,0.4353390786908793,-0.025336402258177532,6.578860804463099e-06,0.025342981118981995,0.00025959301209737764,152,13
7,1773,male,0.6527723618134995,0.7845977726270564,0.09774853007609254,0.09775040976827415,1.87969218160834e-06,52003.38583163611,133,13
7,1773,family,0.2439530262562851,0.5603472158094006,0.058074857022930096,0.06723416413169526,0.00915930710876517,7.340529510143157,119,13
7,1773,marriage,0.2284834527455663,0.4394409937888199,-0.02578932145444282,6.211102967664998e-06,0.025795532557410485,0.00024078211812843166,161,13
7,1773,love,0.1260379239729493,0.48084954062761004,-0.02248150776567525,1.1493988643939221e-05,0.02249300175431919,0.0005110028785384814,87,13
7,1773,wealth,0.17924784363286314,0.5003851851851852,-0.024067836884158113,7.999872002047968e-06,0.024075836756160162,0.0003322780463557016,125,13
7,1773,emotion,0.17458760446799673,0.4876792659212445,-0.023890544869344946,8.26432620948414e-06,0.02389880919555443,0.0003458049370374335,121,13
7,1773,scandal,0.10571655491745657,0.5009368559115608,-0.0063353141747893565,0.013902391600233327,0.020237705775022683,0.686954922365986,72,13
7,1773,duty,0.12113072637996125,0.47947261663286,-0.022403675517686548,1.1764429072257124e-05,0.022415439946758806,0.0005248359657305492,85,13
7,1773,class,0.15706968019169715,0.5197558625120463,0.0007753858145726697,0.020211712894688996,0.019436327080116327,1.039893638872028,99,13
7,1773,society,0.18518516374740196,0.4771421219658633,-0.024338717291486515,7.63347124471382e-06,0.024346350762731228,0.00031353656729884164,131,13
7,1778,female,0.21781629343510178,0.4726197804452652,0.003658794164731763,0.08553176931882474,0.08187297515409298,1.0446886674974356,152,55
7,1778,male,0.18604368948833444,0.4443298094861213,-0.028190422107324267,0.06015699012044931,0.08834741222777358,0.6809140030573184,133,55
7,1778,family,0.1765173748474709,0.49321266968325783,-0.01884793813166641,0.06723416413169526,0.08608210226336167,0.7810469582308338,119,55
7,1778,marriage,0.23403796817765954,0.5057182293207139,-0.04356054747483014,0.04969503484428764,0.09325558231911778,0.5328907246935615,161,55
7,1778,love,0.14483852316105428,0.5000994312532315,0.02387116197866372,0.10345739178409692,0.0795862298054332,1.2999408570518078,87,55
7,1778,wealth,0.20003148863963605,0.5305037037037037,0.01637527734541673,0.09600646389657766,0.07963118655116093,1.2056389971495702,125,55
7,1778,emotion,0.1743218841444309,0.5068971803597473,-0.040480814905722105,0.049594221583114335,0.09007503648883644,0.5505878600305676,121,55
7,1778,scandal,0.10628075371177248,0.5030447817125726,-0.06158654416455675,0.027790894697369516,0.08937743886192627,0.310938588652009,72,55
7,1778,duty,0.1466902948664094,0.5760851926977688,0.013091269544810144,0.09412719700712924,0.0810359274623191,1.161548956785074,85,55
7,1778,class,0.15571552167512964,0.4888817503658493,0.009643790800579297,0.09091735520494536,0.08127356440436606,1.1186583961234824,99,55
7,1778,society,0.1831062220022643,0.4612173714155016,-0.02694112085372531,0.061075403428955274,0.08801652428268059,0.6939083760238809,131,55
7,1798,female,0.3952462501538884,0.6112137067815737,0.1250029848354642,0.12500493414560335,1.949310139141758e-06,64127.74832889966,152,19
7,1798,male,0.19273842000907201,0.4798462321216575,-0.026310136347637198,0.007526202613494532,0.03383633896113173,0.22242957850485998,133,19
7,1798,family,0.17331846220535693,0.49058084772370486,-0.03479183560685006,8.403220113947665e-06,0.03480023882696401,0.00024147018517571756,119,19
7,1798,marriage,0.23892293309851118,0.4971778566499064,-0.004913147805059727,0.024850622973627657,0.029763770778687384,0.8349285833966724,161,19
7,1798,love,0.1371378218565811,0.5160680905222129,0.0068101647069502246,0.0344934599204616,0.027683295213511375,1.2460026760968972,87,19
7,1798,wealth,0.18633069232530639,0.5167703703703704,-0.025327189847943618,0.008007871874050014,0.03333506172199363,0.24022370021671205,125,19
7,1798,emotion,0.1942283407904461,0.5309613514827418,0.005490302896742624,0.033065569164146054,0.02757526626740343,1.1991024435558608,121,19
7,1798,scandal,0.10442858227751634,0.482527637249391,-0.03202816194529933,1.3888503097136193e-05,0.03204205044839647,0.0004334461403795022,72,19
7,1798,duty,0.14485878672744829,0.5456186612576065,0.007717215741829497,0.035305051645843626,0.02758783590401413,1.2797325519623988,85,19
7,1798,class,0.1470826183777223,0.5068708284255987,-0.021692867694599622,0.010110906850366658,0.03180377454496628,0.317915310201727,99,19
7,1798,society,0.19462214420350252,0.4875775509620607,-0.007056260044399413,0.022908047205386174,0.029964307249785587,0.7645111570128351,131,19
7,1828,female,0.21944286634237226,0.4686185492972197,-0.018757541453714433,0.006585439665267561,0.025342981118981995,0.259852605109475,152,14
7,1828,male,0.19516870278148474,0.4443015433320142,-0.026310051550768803,7.518683929564969e-06,0.026317570234698367,0.0002856906569348214,133,14
7,1828,family,0.1884397463961143,0.4859020531289439,0.025539216190173155,0.04202450378985228,0.016485287599679124,2.549212656024336,119,14
7,1828,marriage,0.2324014112355957,0.47359016070196197,-0.02777344056508127,6.211102967664998e-06,0.027779651668048935,0.00022358462379804353,161,14
7,1828,love,0.13143550025063472,0.5164061567832,-0.024211605585405978,1.1493988643939221e-05,0.024223099574049917,0.000474505279901428,87,14
7,1828,wealth,0.19569963063541115,0.5022962962962964,0.013487186103533833,0.03200748788019392,0.018520301776660086,1.7282379231424083,125,14
7,1828,emotion,0.19570526851497824,0.5203117403986387,0.004578890830956479,0.024801242954661906,0.020222352123705427,1.2264272129038096,121,14
7,1828,scandal,0.1065962778893638,0.4878911373430767,-0.008021649128128467,0.013902391600233327,0.021924040728361793,0.6341163005419223,72,14
7,1828,duty,0.14050311003542298,0.5127180527383367,0.002849314612579472,0.023540622573586505,0.020691307961007033,1.1377058722827638,85,14
7,1828,class,0.15262455869643307,0.5088160759538851,-0.012858976648278224,0.010110906850366658,0.022969883498644882,0.44018102444981816,99,14
7,1828,society,0.19365255626787792,0.4651342310661292,-0.016705246046772693,0.007641104715958534,0.024346350762731228,0.3138501038661405,131,14
7,1830,female,0.30739758305219067,0.5540743305632502,0.10087984545760262,0.17105695977684504,0.07017711431924242,2.4375034715199746,152,62
7,1830,male,0.28164013108432573,0.6151068460625246,0.09022899817784368,0.16541856513435887,0.0751895669565152,2.2000201866813023,133,62
7,1830,family,0.26708842437883457,0.6192784806230185,0.10138289408602418,0.17647602561301493,0.07509313152699075,2.3500954351229044,119,62
7,1830,marriage,0.25629178635548056,0.5377600315488514,0.00811239537712831,0.09938385858560764,0.09127146320847933,1.0888820567882138,161,62
7,1830,love,0.11485832234763727,0.34342560553633217,-0.09403221446881095,0.011505482632583159,0.10553769710139412,0.10901775335708132,87,62
7,1830,wealth,0.16067908952414353,0.39951851851851855,-0.08525309056368205,0.02400761587814595,0.109260706441828,0.21972781121187632,125,62
7,1830,emotion,0.1579478357142653,0.35693667963052983,-0.09375863363882818,0.016536916745177765,0.11029555038400594,0.14993276417274096,121,62
7,1830,scandal,0.0922112350389094,0.3982457373056024,-0.08896572688840584,0.013902391600233327,0.10286811848863917,0.13514771927741218,72,62
7,1830,duty,0.11503267368503436,0.4084989858012171,-0.06642045964549675,0.035305051645843626,0.10172551129134037,0.3470619237723309,85,62
7,1830,class,0.12924540003209667,0.39648249277224545,-0.05019399367861712,0.05051413102765601,0.10070812470627313,0.5015894315824538,99,62
7,1830,society,0.1807565152754692,0.49030076907682185,-0.05906193280431602,0.04580846093952764,0.10487039374384366,0.436810231217235,131,62
7,1832,female,0.2325640881015795,0.49156150610444244,-0.0012137502014386136,0.006585439665267561,0.0077991898667061745,0.8443748359731122,152,5
7,1832,male,0.2731135859532688,0.556546441291198,0.028200682528399492,0.03008225440218944,0.001881571873789948,15.987831666301728,133,5
7,1832,family,0.17268442608073337,0.4345430479884262,-0.009150903888651222,8.403220113947665e-06,0.00915930710876517,0.0009174515073294785,119,5
7,1832,marriage,0.23601042505168363,0.49546485260770984,-0.009916368569335223,6.211102967664998e-06,0.009922579672302888,0.0006259564722242773,161,5
7,1832,love,0.12547648585988355,0.47583820546474165,-0.008640725207829431,1.1493988643939221e-05,0.00865221919647337,0.0013284439958820863,87,5
7,1832,wealth,0.17644897320695332,0.4618814814814815,-0.00925307693882458,7.999872002047968e-06,0.009261076810826628,0.0008638166127541378,125,5
7,1832,emotion,0.17276994557910944,0.48088842975206614,-0.009184716581948943,8.26432620948414e-06,0.009192980908158427,0.0008989822007843917,121,5
7,1832,scandal,0.1071729655732034,0.4784288926363125,-0.008419472598551763,1.3888503097136193e-05,0.0084333611016489,0.0016468526519958745,72,5
7,1832,duty,0.12995391303791037,0.4994929006085193,-0.008610619631672362,1.1764429072257124e-05,0.00862238406074462,0.0013644055968758083,85,5
7,1832,class,0.14881725644238816,0.4924510118856409,0.0030420272351002805,0.010110906850366658,0.007068879615266378,1.430340789380568,99,5
7,1832,society,0.18734372638873617,0.45680018297738517,-0.009357499992674899,7.63347124471382e-06,0.009365133463919612,0.0008150947632842244,131,5
7,1833,female,0.24875407821826906,0.5260593002975275,0.007314420742166244,0.01316430046973066,0.0058498797275644155,2.2503540381267344,152,5
7,1833,male,0.2225433645086225,0.5237577025269942,0.009403930306052872,0.0150448865430595,0.005640956237006628,2.667080882793018,133,5
7,1833,family,0.18175910226345643,0.5081417182257518,-0.009150903888651222,8.403220113947665e-06,0.00915930710876517,0.0009174515073294785,119,5
7,1833,marriage,0.24256215071841092,0.4949719018042,-0.009916368569335223,6.211102967664998e-06,0.009922579672302888,0.0006259564722242773,161,5
7,1833,love,0.12927913653866466,0.4869745058266714,-0.008640725207829431,1.1493988643939221e-05,0.00865221919647337,0.0013284439958820863,87,5
7,1833,wealth,0.18796992481203006,0.4722222222222222,-0.00925307693882458,7.999872002047968e-06,0.009261076810826628,0.0008638166127541378,125,5
7,1833,emotion,0.18257213281136728,0.48266589693728723,0.0009178381634596978,0.008272590535693625,0.007354752372233927,1.1247952501840819,121,5
7,1833,scandal,0.10827067669172932,0.47470489038785835,-0.008419472598551763,1.3888503097136193e-05,0.0084333611016489,0.0016468526519958745,72,5
7,1833,duty,0.12710010319917442,0.48089249492900604,-0.008610619631672362,1.1764429072257124e-05,0.00862238406074462,0.0013644055968758083,85,5
7,1833,class,0.14808466387413755,0.4854374129992504,-0.008825557018486335,1.0100806044322337e-05,0.008835657824530658,0.0011431866470808807,99,5
7,1833,society,0.19494311768317393,0.48606226949138,-0.009357499992674899,7.63347124471382e-06,0.009365133463919612,0.0008150947632842244,131,5
7,1849,female,0.23359910192147035,0.49363906843131217,0.004877661237958381,0.02632202207865686,0.02144436084069848,1.2274565921066665,152,15
7,1849,male,0.20692072022121286,0.4941630391768896,0.009403760712316092,0.03008225440218944,0.02067849368987335,1.4547604313880238,133,15
7,1849,family,0.176709812781737,0.47145011850894203,-0.027465855115936105,8.403220113947665e-06,0.027474258336050054,0.0003058579420364412,119,15
7,1849,marriage,0.2392091605737934,0.4948609878734102,-0.013367115519112826,0.012428417038297659,0.025795532557410485,0.4818050183749917,161,15
7,1849,love,0.13047273355803302,0.47050869029153247,-0.012717616941466758,0.011505482632583159,0.024223099574049917,0.47497978518132933,87,15
7,1849,wealth,0.19466076957098627,0.4809037037037037,-0.008068092880062178,0.016007743876097984,0.024075836756160162,0.6648883707577589,125,15
7,1849,emotion,0.17948447718490734,0.49617160913952363,-0.027567001941193946,8.26432620948414e-06,0.02757526626740343,0.0002997006857175357,121,15
7,1849,scandal,0.10712304264935844,0.471964586846543,-0.02528282213194288,1.3888503097136193e-05,0.025296710635040017,0.0005490240726139847,72,15
7,1849,duty,0.23034404561726546,0.5932657200811359,0.09554511003288997,0.10589162607938636,0.010346516046496394,10.234520063882718,85,15
7,1849,class,0.14887218045112782,0.4628975265017668,-0.026493339111129114,1.0100806044322337e-05,0.026503439917173438,0.0003811130206308127,99,15
7,1849,society,0.19340129185767066,0.4790719615747492,-0.018577898209124144,0.007641104715958534,0.02621900292508268,0.2914338404667997,131,15
7,1862,female,0.20951896035102568,0.4926002872678773,-0.06456657338410707,0.03290088288311996,0.09746745626722703,0.3375576232601975,152,55
7,1862,male,0.16977104622221212,0.4451636610322799,-0.07518230266319081,0.02256357047262447,0.09774587313581529,0.23083911114121564,133,55
7,1862,family,0.19288690911093825,0.5351679133191738,-0.008613222894990266,0.07563738424564292,0.08425060714063319,0.8977666370817882,119,55
7,1862,marriage,0.3909962422043662,0.6772527851720398,0.11214867201293538,0.1677059912299226,0.055557319216987235,3.018612013511734,161,55
7,1862,love,0.11236004872911484,0.4201964761563855,-0.029025183876016068,0.05748143720834004,0.08650662108435611,0.66447442388974,87,55
7,1862,wealth,0.3271957134449432,0.6314074074074074,0.10504073030234867,0.16800531191500936,0.06296458161266069,2.668251064477163,125,55
7,1862,emotion,0.15165616199906584,0.33647301895965,-0.05058336965113074,0.041329895373630195,0.09191326502476094,0.4496619216175867,121,55
7,1862,scandal,0.11112837396064616,0.5096964586846543,-0.030436868063606133,0.05556790089164191,0.08600476895524804,0.6461025541491793,72,55
7,1862,duty,0.17006727144441874,0.615578093306288,0.04006839166082793,0.11765605515164348,0.07758766349081556,1.5164273527073617,85,55
7,1862,class,0.15715017099446546,0.5180604632901453,-0.02595896196018055,0.06061493707197835,0.0865738990321589,0.7001525604011674,99,55
7,1862,society,0.23519363869036758,0.5885153100608972,0.011083372774535777,0.09160928840781056,0.08052591563327478,1.1376373393116475,131,55
7,1902,female,0.18401025922129974,0.4073945829485996,-0.044829503649595114,6.578860804463099e-06,0.044836082510399576,0.00014673139212799028,152,23
7,1902,male,0.16465803968338816,0.3973867940528012,-0.03382890507407056,0.007526202613494532,0.04135510768756509,0.18198967513692554,133,23
7,1902,family,0.14552761526835628,0.4053775356296364,-0.042117816097764015,8.403220113947665e-06,0.04212621931787796,0.00019947719614567792,119,23
7,1902,marriage,0.23624816833603762,0.48635758651286604,0.0035408199089933673,0.03727282890895765,0.033732008999964286,1.1049691380045625,161,23
7,1902,love,0.17845414302448537,0.5877281947261663,0.03956203281903717,0.06897542585227927,0.029413393033242103,2.3450346504390143,87,23
7,1902,wealth,0.18076672836969565,0.4681777777777778,-0.013031135830181059,0.02400761587814595,0.03703875170832701,0.6481756206729941,125,23
7,1902,emotion,0.21180592011491745,0.5763551288283909,-0.011965165992364031,0.024801242954661906,0.03676640894702594,0.6745625603447338,121,23
7,1902,scandal,0.09939967877229655,0.5054454749859472,-0.023198663708180474,0.013902391600233327,0.0371010553084138,0.37471687757371736,72,23
7,1902,duty,0.15016335520733087,0.5838539553752535,-0.012667873259186491,0.023540622573586505,0.036208495832773,0.6501408586995017,85,23
7,1902,class,0.18361194494715277,0.5805850019630938,0.006842772229103115,0.04041332498333367,0.033570552754230557,1.2038325754715777,99,23
7,1902,society,0.22023117902331676,0.5571446950853418,-0.00504074528673994,0.0305415184501,0.03558226373683994,0.8583354526041759,131,23
7,1964,female,0.22870343608952612,0.49773007079101267,-0.005112370479722129,0.006585439665267561,0.01169781014498969,0.562963459235592,152,7
7,1964,male,0.20256657686998245,0.48073661597603035,-0.0037538301683371165,0.007526202613494532,0.011280032781831649,0.6672146046374534,133,7
7,1964,family,0.17884416924664603,0.4632622279681103,-0.0025791788974320468,0.008411623334061612,0.010990802231493658,0.7653329717091208,119,7
7,1964,marriage,0.24188971621858932,0.499322192645174,-0.005689384712308677,0.006217314070632662,0.011906698782941339,0.522169426089623,161,7
7,1964,love,0.12907255608950202,0.4731933341287833,-0.012100920847290886,1.1493988643939221e-05,0.012112414835934825,0.0009489427829775269,87,7
7,1964,wealth,0.186091305186042,0.48681481481481487,-0.003105049929943305,0.008007871874050014,0.01111292180399332,0.7205910393837085,125,7
7,1964,emotion,0.17995543545782777,0.47798675255226053,-0.002758618908389304,0.008272590535693625,0.011031209444082929,0.7499259783686787,121,7
7,1964,scandal,0.10636488479737907,0.48402660670788833,-0.011792142505229987,1.3888503097136193e-05,0.011806031008327124,0.0011763905317683692,72,7
7,1964,duty,0.1265704496029425,0.5061663286004057,-0.012058883603175908,1.1764429072257124e-05,0.012070648032248166,0.0009746311084419351,85,7
7,1964,class,0.16004985039829703,0.5011421636863332,0.011376055070158339,0.020211712894688996,0.008835657824530658,2.287516480808842,99,7
7,1964,society,0.20287696076199976,0.4808445549932813,0.005909442496752742,0.015274575960672354,0.009365133463919612,1.631004621331733,131,7
7,1976,female,0.2267999489755388,0.49281189083820665,-0.0012137502014386136,0.006585439665267561,0.0077991898667061745,0.8443748359731122,152,5
7,1976,male,0.19942324755989355,0.4869410368025326,-0.009392821916293743,7.518683929564969e-06,0.009400340600223309,0.0007998310112919236,133,5
7,1976,family,0.17884416924664603,0.4786991719764829,-0.009150903888651222,8.403220113947665e-06,0.00915930710876517,0.0009174515073294785,119,5
7,1976,marriage,0.24813743070959002,0.5082692497288771,-0.0017211464910317767,0.006217314070632662,0.007938460561664439,0.7831888842370092,161,5
7,1976,love,0.1297338173018754,0.4812671518911825,-0.008640725207829431,1.1493988643939221e-05,0.00865221919647337,0.0013284439958820863,87,5
7,1976,wealth,0.19039933166248954,0.49295555555555554,0.0005986400563900785,0.008007871874050014,0.007409231817659936,1.0807965076598656,125,5
7,1976,emotion,0.1813321447292739,0.4885907875546912,-0.009184716581948943,8.26432620948414e-06,0.009192980908158427,0.0008989822007843917,121,5
7,1976,scandal,0.10763497284878865,0.48331225407532324,-0.008419472598551763,1.3888503097136193e-05,0.0084333611016489,0.0016468526519958745,72,5
7,1976,duty,0.12653752027126638,0.48828600405679506,-0.008610619631672362,1.1764429072257124e-05,0.00862238406074462,0.0013644055968758083,85,5
7,1976,class,0.150067317052963,0.49216547096405755,0.0030420272351002805,0.010110906850366658,0.007068879615266378,1.430340789380568,99,5
7,1976,society,0.20284681168570284,0.4873202390142093,0.00014862341439037408,0.007641104715958534,0.00749248130156816,1.0198363409114455,131,5
7,2029,female,0.21209226111863932,0.4534856879039704,-0.021925231344960126,0.01316430046973066,0.03508953181469079,0.37516318367759055,152,20
7,2029,male,0.17936389368690112,0.42484029622929503,5.299804274390418e-06,0.03008225440218944,0.03007695459791505,1.0001762081083363,133,20
7,2029,family,0.1751474988955357,0.47560562686613106,0.004315530217126069,0.03362128367590461,0.029305753458778543,1.1472588043862797,119,20
7,2029,marriage,0.24776477201020403,0.5221458148476781,-0.00689726691569818,0.024850622973627657,0.03174788988932584,0.7827488081719755,161,20
7,2029,love,0.11040128052292335,0.42025613490832436,-0.021368106040120405,0.011505482632583159,0.03287358867270356,0.3499916831954126,87,20
7,2029,wealth,0.2058031748261487,0.49201481481481485,0.03193126713017766,0.056007103886337825,0.024075836756160162,2.326278602536267,125,20
7,2029,emotion,0.1624153456401301,0.401396147301896,-0.016553035129999172,0.016536916745177765,0.03308995187517694,0.4997564459162449,121,20
7,2029,scandal,0.11549777875218491,0.5459176503653738,-0.0025648207976878418,0.027790894697369516,0.030355715495057358,0.9155078127207721,72,20
7,2029,duty,0.1257288697820147,0.5173123732251521,-0.03447259941794897,1.1764429072257124e-05,0.03448436384702122,0.00034115256190037535,85,20
7,2029,class,0.1361443962283691,0.47453331905628726,-0.03532723015745051,1.0100806044322337e-05,0.03533733096349483,0.00028583952915037973,99,20
7,2029,society,0.2391898325446769,0.5424564713954885,0.029095581421510232,0.05344193218424146,0.024346350762731228,2.1950695076591904,131,20
7,2072,female,0.21678038909067807,0.490407304811737,-0.00974192114504347,6.578860804463099e-06,0.009748500005847932,0.0006748587782573433,152,5
7,2072,male,0.19745211560591813,0.5075753293006953,-0.009392821916293743,7.518683929564969e-06,0.009400340600223309,0.0007998310112919236,133,5
7,2072,family,0.18229987310939602,0.49759903961584634,-0.009150903888651222,8.403220113947665e-06,0.00915930710876517,0.0009174515073294785,119,5
7,2072,marriage,0.23297250831989272,0.48298087350882385,-0.009916368569335223,6.211102967664998e-06,0.009922579672302888,0.0006259564722242773,161,5
7,2072,love,0.13416744253361476,0.5396332975380822,-0.008640725207829431,1.1493988643939221e-05,0.00865221919647337,0.0013284439958820863,87,5
7,2072,wealth,0.1880480273027308,0.48788148148148147,0.0005986400563900785,0.008007871874050014,0.007409231817659936,1.0807965076598656,125,5
7,2072,emotion,0.1794306458651513,0.47592063684978125,-0.009184716581948943,8.26432620948414e-06,0.009192980908158427,0.0008989822007843917,121,5
7,2072,scandal,0.10279790582002032,0.46479763912310285,-0.008419472598551763,1.3888503097136193e-05,0.0084333611016489,0.0016468526519958745,72,5
7,2072,duty,0.12217265687493505,0.46535496957403655,0.004877941426336534,0.01177619350132938,0.006898252074992846,1.7071271637510383,85,5
7,2072,class,0.1607433955698874,0.5373344754970197,0.0030420272351002805,0.010110906850366658,0.007068879615266378,1.430340789380568,99,5
7,2072,society,0.2807382808332257,0.6091288561054408,0.019160870228520917,0.022908047205386174,0.0037471769768652554,6.1134148028516,131,5
7,2150,female,0.21938904781426993,0.46054555247768547,-0.054332573323332176,0.01974316127419376,0.07407573459752594,0.26652670245117804,152,41
7,2150,male,0.1957860554947374,0.4423511786986263,-0.04886661212067406,0.02256357047262447,0.07143018259329853,0.31588286146178024,133,41
7,2150,family,0.1820307626356461,0.44594760981315607,-0.05461529783352449,0.01681484344800928,0.07143014128153377,0.23540263460350838,119,41
7,2150,marriage,0.30914600454214175,0.5601030267179337,0.10714545124865987,0.1428615793592626,0.035716128110602735,3.999917877796295,161,41
7,2150,love,0.12890269216725192,0.47733961738853753,-0.018027900863455827,0.045987448564400825,0.06401534942785665,0.7183815908949914,87,41
7,2150,wealth,0.18484209641150814,0.4880518518518519,0.0028942392688917837,0.06400697588838579,0.061112736619494006,1.0473590192150095,125,41
7,2150,emotion,0.1827606686950119,0.4504663952357803,-0.05515583438441367,0.016536916745177765,0.07169275112959143,0.23066372100932572,121,41
7,2150,scandal,0.10522824175247958,0.5195451564549373,-0.05355269286828449,0.013902391600233327,0.06745508446851782,0.20609849812753042,72,41
7,2150,duty,0.135469613965486,0.5190770791075051,0.01025199522931719,0.070598338862615,0.060346343633297814,1.169885938582209,85,41
7,2150,class,0.14921016447823335,0.5049701966663097,-0.001224067030480655,0.06061493707197835,0.061839004102459,0.9802055830421729,99,41
7,2150,society,0.18801944200076479,0.47729936815621693,-0.04825460761613135,0.022908047205386174,0.07116265482151753,0.3219110819083373,131,41
7,2158,female,0.22263559588168808,0.48237919359803016,-0.0012137502014386136,0.006585439665267561,0.0077991898667061745,0.8443748359731122,152,5
7,2158,male,0.1830364059503017,0.435228107863644,-0.009392821916293743,7.518683929564969e-06,0.009400340600223309,0.0007998310112919236,133,5
7,2158,family,0.1659569014020823,0.44377751100440177,0.0010838113480249297,0.008411623334061612,0.007327811986036682,1.1479038148006873,119,5
7,2158,marriage,0.23405981790617514,0.4900793650793651,-0.009916368569335223,6.211102967664998e-06,0.009922579672302888,0.0006259564722242773,161,5
7,2158,love,0.12573927408631705,0.48263930318577736,-0.008640725207829431,1.1493988643939221e-05,0.00865221919647337,0.0013284439958820863,87,5
7,2158,wealth,0.19357724143801755,0.5311111111111111,-0.00925307693882458,7.999872002047968e-06,0.009261076810826628,0.0008638166127541378,125,5
7,2158,emotion,0.18056943838260378,0.5212536460865338,-0.009184716581948943,8.26432620948414e-06,0.009192980908158427,0.0008989822007843917,121,5
7,2158,scandal,0.09981175522095498,0.44259415401911195,-0.008419472598551763,1.3888503097136193e-05,0.0084333611016489,0.0016468526519958745,72,5
7,2158,duty,0.13688343395308636,0.5312981744421907,0.004877941426336534,0.01177619350132938,0.006898252074992846,1.7071271637510383,85,5
7,2158,class,0.18534458071625107,0.5564300246279046,0.026777195742273514,0.030312518939011334,0.003535323196737821,8.574186076794247,99,5
7,2158,society,0.1916741879190663,0.5079623752751808,0.00014862341439037408,0.007641104715958534,0.00749248130156816,1.0198363409114455,131,5
7,2173,female,0.25736228493819535,0.5471555350364216,0.045081756451774785,0.07237404770989854,0.02729229125812375,2.651812814935575,152,25
7,2173,male,0.2643172558218878,0.5495788343038046,0.07519222389679246,0.09775040976827415,0.022558185871481687,4.333256686545795,133,25
7,2173,family,0.17224425729161308,0.46935697355865424,-0.045780806343220994,8.403220113947665e-06,0.04578920956333494,0.0001835196587558678,119,25
7,2173,marriage,0.2390357976735638,0.512915311051957,-0.025013084547193882,0.018639520005962657,0.04365260455315654,0.4269967438675507,161,25
7,2173,love,0.1687528784928744,0.5202839756592292,0.036101837179575706,0.06897542585227927,0.03287358867270356,2.0982018889667042,87,25
7,2173,wealth,0.18166908997845363,0.4732740740740741,-0.046289976802158427,7.999872002047968e-06,0.046297976674160475,0.00017279096359172028,125,25
7,2173,emotion,0.17753344273240157,0.4855675741370928,-0.02574417780962167,0.016536916745177765,0.042281094554799434,0.39111846367538045,121,25
7,2173,scandal,0.10468811495341816,0.4781478358628443,-0.0265713336148587,0.013902391600233327,0.04047372521509203,0.34349177215607146,72,25
7,2173,duty,0.12728876356448746,0.48054766734279913,-0.0026275761726811467,0.035305051645843626,0.03793262781852477,0.9307304469866263,85,25
7,2173,class,0.14536394078752196,0.4955562694078595,-0.03229353695018529,0.010110906850366658,0.042404443800551944,0.23843979413300578,99,25
7,2173,society,0.19062038403760476,0.48952168567916055,-0.03730441983263867,0.007641104715958534,0.0449455245485972,0.17000813301281212,131,25
7,2228,female,0.22869413116123644,0.5032702369959988,0.0021974207117787976,0.01974316127419376,0.017545740562414962,1.1252395533170423,152,12
7,2228,male,0.26155306681622476,0.5386680988184748,0.07143309392418096,0.07519435797957924,0.0037612640553982882,19.99177852234705,133,12
7,2228,family,0.17894736842105263,0.48717948717948717,-0.02197136974775064,8.403220113947665e-06,0.02197977296786459,0.00038231605603257295,119,12
7,2228,marriage,0.24210526315789474,0.4861111111111111,-0.02380520234380437,6.211102967664998e-06,0.023811413446772036,0.000260845622679579,161,12
7,2228,love,0.1323353127345868,0.5075170027443027,0.005696762981395372,0.02299947127652238,0.017302708295127006,1.3292411154888697,87,12
7,2228,wealth,0.18796992481203006,0.48703703703703705,-0.022215991890991424,7.999872002047968e-06,0.022223991762993472,0.00035996557625660565,125,12
7,2228,emotion,0.18195488721804512,0.48713235294117646,-0.022052316333420446,8.26432620948414e-06,0.02206058065962993,0.0003746196138995082,121,12
7,2228,scandal,0.10827067669172932,0.4881956155143339,-0.020223817271925546,1.3888503097136193e-05,0.020237705775022683,0.0006862686537122737,72,12
7,2228,duty,0.12873359870263892,0.5013590263691683,0.00629757858408302,0.023540622573586505,0.017243043989503486,1.3652242948838604,85,12
7,2228,class,0.14881142249563303,0.4935753292643752,-0.009325420229749668,0.010110906850366658,0.019436327080116327,0.520206662923988,99,12
7,2228,society,0.19699248120300752,0.4868913857677903,-0.02246606512913506,7.63347124471382e-06,0.022473698600379774,0.00033966243741673935,131,12
7,2309,female,0.21405312637535412,0.46856725146198835,-0.01656475029260096,0.02632202207865686,0.04288677237125782,0.6137561915403966,152,26
7,2309,male,0.18384493570176255,0.49007857990841763,-0.030069605507722273,0.0150448865430595,0.045114492050781774,0.33348234367331886,133,26
7,2309,family,0.15038749185091466,0.4117339243389664,-0.04761230146594948,8.403220113947665e-06,0.04762070468606343,0.00017646148181067284,119,26
7,2309,marriage,0.26490739427264903,0.5439219165927239,-0.0024115374229219874,0.03727282890895765,0.03968436633187964,0.9392320541622468,161,26
7,2309,love,0.11636491329544851,0.4331623115777751,-0.01852460649483482,0.02299947127652238,0.0415240777713572,0.5538827714033724,87,26
7,2309,wealth,0.2093134861642592,0.5416148148148148,0.010968480175962844,0.048007231884289854,0.03703875170832701,1.2961352548012786,125,26
7,2309,emotion,0.16509178446732434,0.4690538405444823,-0.007377296854728883,0.033065569164146054,0.04044286601887494,0.8175871894908873,121,26
7,2309,scandal,0.13809737832580843,0.5859799512834927,-0.012682830517722513,0.027790894697369516,0.04047372521509203,0.6866403956886103,72,26
7,2309,duty,0.17449571267785968,0.5860040567951319,0.03611397501559378,0.070598338862615,0.03448436384702122,2.0472565239641525,85,26
7,2309,class,0.15835581821719386,0.48848913159867224,0.00154243760131028,0.04041332498333367,0.03887088738202339,1.0396810493445008,99,26
7,2309,society,0.20972522878800942,0.418803785344655,0.008353545040336245,0.04580846093952764,0.03745491589919139,1.2230293364320053,131,26
7,2332,female,0.2246935334458232,0.48766287062685953,-0.00974192114504347,6.578860804463099e-06,0.009748500005847932,0.0006748587782573433,152,5
7,2332,male,0.19850887723510457,0.4773588105602352,-0.009392821916293743,7.518683929564969e-06,0.009400340600223309,0.0007998310112919236,133,5
7,2332,family,0.20916783691063687,0.525702588727799,0.021553241821377238,0.02521806356195694,0.003664821740579705,6.881116010593958,119,5
7,2332,marriage,0.2388619371765546,0.49455289362121657,-0.009916368569335223,6.211102967664998e-06,0.009922579672302888,0.0006259564722242773,161,5
7,2332,love,0.14044907418319397,0.5171220618064669,-0.008640725207829431,1.1493988643939221e-05,0.00865221919647337,0.0013284439958820863,87,5
7,2332,wealth,0.1878841719401142,0.4978074074074075,0.0005986400563900785,0.008007871874050014,0.007409231817659936,1.0807965076598656,125,5
7,2332,emotion,0.18906596970297831,0.4940599173553719,0.0009178381634596978,0.008272590535693625,0.007354752372233927,1.1247952501840819,121,5
7,2332,scandal,0.11962806169220642,0.5252482668165638,0.007155365451923539,0.013902391600233327,0.006747026148309788,2.0605213752810965,72,5
7,2332,duty,0.12675151932117876,0.47724137931034477,-0.008610619631672362,1.1764429072257124e-05,0.00862238406074462,0.0013644055968758083,85,5
7,2332,class,0.14709600302995557,0.4875254309883285,-0.008825557018486335,1.0100806044322337e-05,0.008835657824530658,0.0011431866470808807,99,5
7,2332,society,0.19698644732794993,0.48729164879778136,0.00014862341439037408,0.007641104715958534,0.00749248130156816,1.0198363409114455,131,5
7,2338,female,0.2307664666458706,0.5122537703908895,-0.019245478139903224,0.07237404770989854,0.09161952584980176,0.7899413038630694,152,58
7,2338,male,0.1867517450484385,0.4880646164282888,-0.01503274642980268,0.07519435797957924,0.09022710440938192,0.8333899050729933,133,58
7,2338,family,0.1714926885505964,0.4948363960969003,-0.02434242349985187,0.06723416413169526,0.09157658763154713,0.7341850779751007,119,58
7,2338,marriage,0.2694783903752991,0.5763642413487133,-0.02492723857183514,0.06832834374728264,0.09325558231911778,0.7326997703229434,161,58
7,2338,love,0.3894854232310977,0.7407628365747922,0.29638668425654047,0.34483115330682057,0.04844446905028011,7.118070649960166,87,58
7,2338,wealth,0.2490809272447482,0.5906592592592592,0.05022661034677531,0.12800595190476954,0.07777934155799424,1.6457577209968963,125,58
7,2338,emotion,0.19953423825127775,0.510512882839086,0.014619827958956236,0.09918017884001917,0.08456035088106294,1.1728922338360046,121,58
7,2338,scandal,0.10049955222057738,0.4921538317406783,-0.051070710974098786,0.04167939779450571,0.0927501087686045,0.4493730341388519,72,58
7,2338,duty,0.15214594994161512,0.5472515212981744,0.021407434645563717,0.10589162607938636,0.08448419143382264,1.2533898269131094,85,58
7,2338,class,0.21595242856783414,0.6256023128814647,0.11115171445506603,0.18182460960384642,0.07067289514878039,2.572762998013552,99,58
7,2338,society,0.19859519950715077,0.4956328444406324,0.01497153969454669,0.09924275965252438,0.08427121995797769,1.1776589884522222,131,58
7,2351,female,0.22834661014701113,0.4738445162614138,-0.013640541423326985,6.578860804463099e-06,0.013647120284131448,0.00048206952580543853,152,7
7,2351,male,0.2255367445416773,0.4736700774492622,0.03383967427635612,0.03760093833175441,0.0037612640553982882,9.996888750150745,133,7
7,2351,family,0.17327205184062514,0.46273124634469176,-0.0128138941341082,8.403220113947665e-06,0.012822297354222148,0.0006553599469072738,119,7
7,2351,marriage,0.23312193967474407,0.45085280489007196,-0.013884606790612123,6.211102967664998e-06,0.013890817893579788,0.0004471373114817506,161,7
7,2351,love,0.14324418074465278,0.525315197072744,0.0011231656163790613,0.011505482632583159,0.010382317016204097,1.108180631887652,87,7
7,2351,wealth,0.20320450728872588,0.5012222222222222,0.006746667065271356,0.016007743876097984,0.009261076810826628,1.7284970421210297,125,7
7,2351,emotion,0.21426923777656257,0.5626595162858532,0.007343935837019339,0.016536916745177765,0.009192980908158427,1.7988633837695678,121,7
7,2351,scandal,0.10799875988008813,0.5116521454000375,-0.011792142505229987,1.3888503097136193e-05,0.011806031008327124,0.0011763905317683692,72,7
7,2351,duty,0.1350103310802331,0.5269168356997972,0.0014296774548329862,0.01177619350132938,0.010346516046496394,1.138179600482902,85,7
7,2351,class,0.14607981821022728,0.5001249241531927,-0.012359113437014891,1.0100806044322337e-05,0.012369214243059213,0.0008166085448130736,99,7
7,2351,society,0.19375056760910214,0.4995997369700089,-0.0035966809103125308,0.007641104715958534,0.011237785626271065,0.6799475421043484,131,7
7,2353,female,0.23945893572082902,0.5163127116035703,0.011943971407487586,0.01974316127419376,0.0077991898667061745,2.5314374453100004,152,7
7,2353,male,0.24298401681860327,0.5359404149471423,0.024441298165182812,0.03008225440218944,0.005640956237006628,5.332828891581642,133,7
7,2353,family,0.33132813401962197,0.5934527657216733,0.05882911252262488,0.058830944017747605,1.8314951227284884e-06,32121.795557013607,119,7
7,2353,marriage,0.2399828375286041,0.4812493838114956,-0.013884606790612123,6.211102967664998e-06,0.013890817893579788,0.0004471373114817506,161,7
7,2353,love,0.13082706766917293,0.47664359861591693,-0.012100920847290886,1.1493988643939221e-05,0.012112414835934825,0.0009489427829775269,87,7
7,2353,wealth,0.18602558684292428,0.48461481481481483,-0.012956766925157964,7.999872002047968e-06,0.012964766797160012,0.0006170471190568061,125,7
7,2353,emotion,0.1809372726907205,0.4801895964997569,-0.012861173653797945,8.26432620948414e-06,0.012869437980007429,0.0006421668313473005,121,7
7,2353,scandal,0.10827067669172932,0.4772344013490725,-0.011792142505229987,1.3888503097136193e-05,0.011806031008327124,0.0011763905317683692,72,7
7,2353,duty,0.12781954887218044,0.47672413793103446,-0.012058883603175908,1.1764429072257124e-05,0.012070648032248166,0.0009746311084419351,85,7
7,2353,class,0.1477425325378542,0.48185030517185995,-0.012359113437014891,1.0100806044322337e-05,0.012369214243059213,0.0008166085448130736,99,7
7,2353,society,0.1959658210411525,0.4794436343883123,-0.013102804317377804,7.63347124471382e-06,0.013110437788622517,0.0005822438096427295,131,7
7,2376,female,0.2948393828192578,0.5474120242125782,0.09625078211340395,0.11184721253667715,0.015596430423273204,7.171334048501629,152,25
7,2376,male,0.22579749134549326,0.5463423596585449,0.028200343340925922,0.06015699012044931,0.03195664677952339,1.8824562706345394,133,25
7,2376,family,0.17664873268588438,0.47315849416689754,-0.045780806343220994,8.403220113947665e-06,0.04578920956333494,0.0001835196587558678,119,25
7,2376,marriage,0.2385264750114552,0.48471852509119595,-0.016817862468890433,0.024850622973627657,0.04166848544251809,0.5963889186064332,161,25
7,2376,love,0.13113666771532237,0.49838921369764944,-0.0035704222114341447,0.0344934599204616,0.038063882131895745,0.9061992100551274,87,25
7,2376,wealth,0.18565870231133388,0.4724296296296296,-0.046289976802158427,7.999872002047968e-06,0.046297976674160475,0.00017279096359172028,125,25
7,2376,emotion,0.18095209327266742,0.48360780262518227,-0.01564162306421303,0.024801242954661906,0.04044286601887494,0.6132414785459015,121,25
7,2376,scandal,0.10720094507101087,0.47379145587408655,-0.042146171665334006,1.3888503097136193e-05,0.04216006016843114,0.00032942322760739996,72,25
7,2376,duty,0.12901977795166647,0.49939148073022316,0.01086098488532776,0.047069480718100756,0.036208495832773,1.2999568094236413,85,25
7,2376,class,0.14629324732523907,0.4819216904022558,-0.03229353695018529,0.010110906850366658,0.042404443800551944,0.23843979413300578,99,25
7,2376,society,0.19408139706833266,0.48140206421362614,-0.027798296425573396,0.015274575960672354,0.04307287238624575,0.3546217169671575,131,25
7,2391,female,0.21736632258444416,0.5025007694675285,-0.0109603008971474,0.006585439665267561,0.017545740562414962,0.3753298210164475,152,10
7,2391,male,0.17955309950388382,0.424628300073492,-0.009392906713162136,0.007526202613494532,0.01691910932665667,0.4448344453447023,133,10
7,2391,family,0.15455478602541312,0.4348662541939853,-0.01830837950229366,8.403220113947665e-06,0.01831678272240761,0.0004587716216783485,119,10
7,2391,marriage,0.2476927469511327,0.5172902494331065,-0.011641742044224024,0.006217314070632662,0.017859056114856685,0.34813228819592756,161,10
7,2391,love,0.18725581038592737,0.6142862824643042,0.009156958620856828,0.02299947127652238,0.013842512655665551,1.6615098607439234,87,10
7,2391,wealth,0.20888501842741564,0.5601333333333334,0.0011911320857712817,0.016007743876097984,0.014816611790326702,1.0803916645415885,125,10
7,2391,emotion,0.1943754047361479,0.4944245260087506,0.011931804974654478,0.024801242954661906,0.012869437980007429,1.9271426608732487,121,10
7,2391,scandal,0.13666123293145926,0.605115233277122,-0.001276309314772019,0.013902391600233327,0.015178700915005346,0.9159144565246554,72,10
7,2391,duty,0.16377785024702893,0.5510344827586207,0.02323440361359546,0.035305051645843626,0.012070648032248166,2.924867956434247,85,10
7,2391,class,0.1495250953078935,0.49255808973123466,-0.005791863811221109,0.010110906850366658,0.015902770661587767,0.6357953003845538,99,10
7,2391,society,0.23486248650025338,0.563070017440032,0.009797609416763657,0.022908047205386174,0.013110437788622517,1.7473136727378311,131,10
7,2429,female,0.2932522815641142,0.6188186108546219,0.0014664903247409693,0.01316430046973066,0.01169781014498969,1.1253645174130065,152,8
7,2429,male,0.23130075109676804,0.5667575894623778,-0.0056335223499454565,0.007526202613494532,0.013159724963439989,0.5719118472332608,133,8
7,2429,family,0.14756936452194613,0.41264967525471724,-0.014645389256836686,8.403220113947665e-06,0.014653792476950634,0.0005734501922687849,119,8
7,2429,marriage,0.2378008979208859,0.5278455585132604,-0.01586872590125057,6.211102967664998e-06,0.015874937004218236,0.0003912521331973382,161,8
7,2429,love,0.14754091615808185,0.5187925068607565,-0.013831018667021612,1.1493988643939221e-05,0.013842512655665551,0.000830339760491716,87,8
7,2429,wealth,0.17480017566878597,0.4542222222222222,-0.004956894923109998,0.008007871874050014,0.012964766797160012,0.6176641661758627,125,8
7,2429,emotion,0.21300339176868383,0.5302321341759845,0.025710816791912127,0.033065569164146054,0.007354752372233927,4.495809986000512,121,8
7,2429,scandal,0.11077748744553229,0.5341952407719693,-0.013478477458569097,1.3888503097136193e-05,0.013492365961666234,0.0010293600941129288,72,8
7,2429,duty,0.11910894451913379,0.4641480730223124,-0.01378301558892768,1.1764429072257124e-05,0.013794780017999938,0.0008528174466032547,85,8
7,2429,class,0.15159125159528836,0.49315594103579974,-0.002258307392692555,0.010110906850366658,0.012369214243059213,0.8174251533578866,99,8
7,2429,society,0.17659088258638164,0.4421834348286016,-0.005469333072663983,0.007641104715958534,0.013110437788622517,0.5828260534523723,131,8
7,2445,female,0.2191525207591017,0.4444252077562326,-0.009010990758005644,0.006585439665267561,0.015596430423273204,0.42224018484501674,152,9
7,2445,male,0.1950035904556352,0.4074142122222851,-0.007513214531553795,0.007526202613494532,0.015039417145048327,0.5004318013395934,133,9
7,2445,family,0.20863682801278252,0.5053021208483394,0.024461976567139443,0.03362128367590461,0.00915930710876517,3.670723480825244,119,9
7,2445,marriage,0.24641631975241593,0.5222998619737751,-0.001462400855282129,0.012428417038297659,0.013890817893579788,0.8947217602749828,161,9
7,2445,love,0.13107934439268784,0.5106292009704491,-0.01556111648675234,1.1493988643939221e-05,0.015572610475396279,0.0007380900370789401,87,9
7,2445,wealth,0.24521177694355245,0.5702222222222223,0.012894694074152632,0.02400761587814595,0.01111292180399332,2.160333375814695,125,9
7,2445,emotion,0.17349796551677849,0.4311953087019932,-0.016537630725646943,8.26432620948414e-06,0.016545895051856427,0.0004994789452660898,121,9
7,2445,scandal,0.10104332828814436,0.4745760727000187,-0.015164812411908209,1.3888503097136193e-05,0.015178700915005346,0.000914999457067588,72,9
7,2445,duty,0.12153133542153002,0.478235294117647,-0.015507147574679454,1.1764429072257124e-05,0.015518912003751712,0.0007580704799830678,85,9
7,2445,class,0.16731770599124862,0.5463914766034907,-0.004025085601956831,0.010110906850366658,0.01413599245232349,0.7152597798670655,99,9
7,2445,society,0.20064333583870325,0.514845469880207,-0.007341985235015432,0.007641104715958534,0.014983089950973966,0.5099819022945828,131,9
7,2509,female,0.22857142857142856,0.4766081871345029,-0.013640541423326985,6.578860804463099e-06,0.013647120284131448,0.00048206952580543853,152,7
7,2509,male,0.1984544695071011,0.48672904064672967,-0.013152206279510423,7.518683929564969e-06,0.013159724963439989,0.0005713405067265345,133,7
7,2509,family,0.21954150081085066,0.5146212331086281,0.03835968204927257,0.04202450378985228,0.003664821740579705,11.466998056974472,119,7
7,2509,marriage,0.2405007082924703,0.49652469683525585,-0.013884606790612123,6.211102967664998e-06,0.013890817893579788,0.0004471373114817506,161,7
7,2509,love,0.1299357327487999,0.49872727995863664,-0.012100920847290886,1.1493988643939221e-05,0.012112414835934825,0.0009489427829775269,87,7
7,2509,wealth,0.18996240601503758,0.4877333333333333,-0.003105049929943305,0.008007871874050014,0.01111292180399332,0.7205910393837085,125,7
7,2509,emotion,0.1868864497833615,0.5034333981526495,0.007343935837019339,0.016536916745177765,0.009192980908158427,1.7988633837695678,121,7
7,2509,scandal,0.122286312185693,0.5106567359940041,0.003782695545245315,0.013902391600233327,0.010119696054988012,1.3737953712559403,72,7
7,2509,duty,0.12956316129690743,0.49296146044624745,0.0014296774548329862,0.01177619350132938,0.010346516046496394,1.138179600482902,85,7
7,2509,class,0.14741641103197167,0.4904343791269586,-0.012359113437014891,1.0100806044322337e-05,0.012369214243059213,0.0008166085448130736,99,7
7,2509,society,0.1980332510665978,0.4824170168968179,-0.0035966809103125308,0.007641104715958534,0.011237785626271065,0.6799475421043484,131,7
7,2523,female,0.22567449889793442,0.5005001538935058,-0.0012137502014386136,0.006585439665267561,0.0077991898667061745,0.8443748359731122,152,5
7,2523,male,0.19715106915076322,0.5026146192549041,-0.009392821916293743,7.518683929564969e-06,0.009400340600223309,0.0007998310112919236,133,5
7,2523,family,0.17846704682564327,0.50380921599409,-0.009150903888651222,8.403220113947665e-06,0.00915930710876517,0.0009174515073294785,119,5
7,2523,marriage,0.24341848656339843,0.5024401064773736,-0.009916368569335223,6.211102967664998e-06,0.009922579672302888,0.0006259564722242773,161,5
7,2523,love,0.17561138034684107,0.56291015391958,0.0045833612558405165,0.011505482632583159,0.006922121376742642,1.6621324597944547,87,5
7,2523,wealth,0.20237811238203496,0.5313555555555556,0.0005986400563900785,0.008007871874050014,0.007409231817659936,1.0807965076598656,125,5
7,2523,emotion,0.19957243079877016,0.5291231161886243,0.0009178381634596978,0.008272590535693625,0.007354752372233927,1.1247952501840819,121,5
7,2523,scandal,0.1115287753163813,0.5040284804197115,-0.008419472598551763,1.3888503097136193e-05,0.0084333611016489,0.0016468526519958745,72,5
7,2523,duty,0.13236371471665587,0.5100709939148074,-0.008610619631672362,1.1764429072257124e-05,0.00862238406074462,0.0013644055968758083,85,5
7,2523,class,0.16748690017230683,0.5087446907234894,0.026777195742273514,0.030312518939011334,0.003535323196737821,8.574186076794247,99,5
7,2523,society,0.2487707323224263,0.5340366526574606,0.028666993635586197,0.0305415184501,0.0018745248145138032,16.292938987702136,131,5
7,2528,female,0.2215595811092023,0.4859123319995896,-0.00974192114504347,6.578860804463099e-06,0.009748500005847932,0.0006748587782573433,152,5
7,2528,male,0.1987164881901724,0.4574877042229634,-0.009392821916293743,7.518683929564969e-06,0.009400340600223309,0.0007998310112919236,133,5
7,2528,family,0.18188331473386507,0.4791916766706683,0.0010838113480249297,0.008411623334061612,0.007327811986036682,1.1479038148006873,119,5
7,2528,marriage,0.242487452700484,0.5079981267869468,-0.0017211464910317767,0.006217314070632662,0.007938460561664439,0.7831888842370092,161,5
7,2528,love,0.1293137943986614,0.49315912977767173,-0.008640725207829431,1.1493988643939221e-05,0.00865221919647337,0.0013284439958820863,87,5
7,2528,wealth,0.18321568574219327,0.4772,-0.00925307693882458,7.999872002047968e-06,0.009261076810826628,0.0008638166127541378,125,5
7,2528,emotion,0.19162153215452252,0.4960576689353427,0.011020392908868339,0.016536916745177765,0.005516523836309426,2.9977060251847503,121,5
7,2528,scandal,0.13789170490723412,0.5436340640809444,0.007155365451923539,0.013902391600233327,0.006747026148309788,2.0605213752810965,72,5
7,2528,duty,0.1292486332589204,0.4927991886409736,0.004877941426336534,0.01177619350132938,0.006898252074992846,1.7071271637510383,85,5
7,2528,class,0.15864562723975031,0.4885069779062712,0.0030420272351002805,0.010110906850366658,0.007068879615266378,1.430340789380568,99,5
7,2528,society,0.1923531491032909,0.4754695943048289,-0.009357499992674899,7.63347124471382e-06,0.009365133463919612,0.0008150947632842244,131,5
7,2557,female,0.21620973583502928,0.4562685954652713,0.00804535112920407,0.01974316127419376,0.01169781014498969,1.6877655755904213,152,9
7,2557,male,0.209701788558249,0.5113983266436768,0.020681913801966132,0.03008225440218944,0.009400340600223309,3.2001238761789867,133,9
7,2557,family,0.1662840841234368,0.4510573460153292,-0.006242169142889022,0.008411623334061612,0.014653792476950634,0.5740236424610536,119,9
7,2557,marriage,0.2362931505023705,0.49179853100660553,-0.009657622933585575,0.006217314070632662,0.015874937004218236,0.3916433853305355,161,9
7,2557,love,0.18588675726202053,0.5412241975897865,0.03733522936792746,0.045987448564400825,0.00865221919647337,5.315104427524227,87,9
7,2557,wealth,0.20485283537568608,0.5340518518518518,-0.006808739916276688,0.008007871874050014,0.014816611790326702,0.5404657952054622,125,9
7,2557,emotion,0.19360668522235278,0.5406158847836656,-0.006435075980238302,0.008272590535693625,0.014707666515931927,0.5624679160470465,121,9
7,2557,scandal,0.1270365842041824,0.5225079632752483,0.0004100256385670929,0.013902391600233327,0.013492365961666234,1.0303894542070415,72,9
7,2557,duty,0.12423757150432356,0.4907403651115618,-0.015507147574679454,1.1764429072257124e-05,0.015518912003751712,0.0007580704799830678,85,9
7,2557,class,0.23123654649957714,0.5881250669236534,0.031577667158803016,0.04041332498333367,0.008835657824530658,4.573889774970604,99,9
7,2557,society,0.18885492867762854,0.4936958572776396,-0.007341985235015432,0.007641104715958534,0.014983089950973966,0.5099819022945828,131,9
7,2630,female,0.22857142857142856,0.4746588693957115,-0.011691231284185227,6.578860804463099e-06,0.01169781014498969,0.0005624010581774146,152,6
7,2630,male,0.19882314481856816,0.4801288936627283,-0.011272514097902083,7.518683929564969e-06,0.011280032781831649,0.0006665480565808727,133,6
7,2630,family,0.17719578678153183,0.4862406501061963,-0.01098239901137971,8.403220113947665e-06,0.010990802231493658,0.0007645684033058152,119,6
7,2630,marriage,0.23910118104626113,0.4943310657596372,-0.011900487679973674,6.211102967664998e-06,0.011906698782941339,0.0005216477783113119,161,6
7,2630,love,0.12964510668151105,0.4905341446923597,-0.010370823027560159,1.1493988643939221e-05,0.010382317016204097,0.0011070735583293227,87,6
7,2630,wealth,0.20801807549175966,0.5058814814814815,0.02830194604886737,0.03200748788019392,0.0037055418313265507,8.637734865375354,125,6
7,2630,emotion,0.203474960423161,0.5267227758872144,0.009182164372943839,0.016536916745177765,0.007354752372233927,2.2484668287895584,121,6
7,2630,scandal,0.11140857193488773,0.5091343451377178,-0.010105807551890875,1.3888503097136193e-05,0.010119696054988012,0.001372422948307633,72,6
7,2630,duty,0.12781954887218044,0.47758620689655173,-0.010334751617424136,1.1764429072257124e-05,0.010346516046496394,0.0011370425579249773,85,6
7,2630,class,0.14863104731525786,0.48306385408858915,-0.010592335227750613,1.0100806044322337e-05,0.010602436033794935,0.0009526872891450271,99,6
7,2630,society,0.19593775638017363,0.48035852131400625,-0.011230152155026351,7.63347124471382e-06,0.011237785626271065,0.0006792682738305178,131,6
7,2667,female,0.24520406619998272,0.5036806196778496,0.013893281546629345,0.01974316127419376,0.0058498797275644155,3.3749687498342484,152,6
7,2667,male,0.22031360316031035,0.522485725592176,0.01692261423561784,0.02256357047262447,0.005640956237006628,3.99995488718733,133,6
7,2667,family,0.26661510144482287,0.5414781297134238,0.05042589240867721,0.05042772390379994,1.8314951227284884e-06,27533.623073509305,119,6
7,2667,marriage,0.2490111984864067,0.5008318544809227,-0.003705265601670226,0.006217314070632662,0.009922579672302888,0.6265824286965015,161,6
7,2667,love,0.12891286050461884,0.4905242015670365,-0.010370823027560159,1.1493988643939221e-05,0.010382317016204097,0.0011070735583293227,87,6
7,2667,wealth,0.19589413276781695,0.4926296296296297,-0.0012532049367766137,0.008007871874050014,0.009261076810826628,0.8646804293668918,125,6
7,2667,emotion,0.18822057442941206,0.5125714025279533,-0.0009203903724648022,0.008272590535693625,0.009192980908158427,0.899881182985176,121,6
7,2667,scandal,0.10738304093567251,0.48107551058647174,-0.010105807551890875,1.3888503097136193e-05,0.010119696054988012,0.001372422948307633,72,6
7,2667,duty,0.12598983110574138,0.4845233265720082,-0.010334751617424136,1.1764429072257124e-05,0.010346516046496394,0.0011370425579249773,85,6
7,2667,class,0.15629845964774194,0.48170753471106825,0.0012752490258360009,0.010110906850366658,0.008835657824530658,1.1443298337279613,99,6
7,2667,society,0.19332712852014852,0.48005117648740603,-0.011230152155026351,7.63347124471382e-06,0.011237785626271065,0.0006792682738305178,131,6
7,2694,female,0.22903091060985797,0.49622319688109157,-0.0012137502014386136,0.006585439665267561,0.0077991898667061745,0.8443748359731122,152,5
7,2694,male,0.19875012205839274,0.49332212109220425,-0.009392821916293743,7.518683929564969e-06,0.009400340600223309,0.0007998310112919236,133,5
7,2694,family,0.17894736842105263,0.48443223443223443,-0.009150903888651222,8.403220113947665e-06,0.00915930710876517,0.0009174515073294785,119,5
7,2694,marriage,0.24210526315789474,0.48313492063492064,-0.009916368569335223,6.211102967664998e-06,0.009922579672302888,0.0006259564722242773,161,5
7,2694,love,0.13076008987987212,0.491926182237601,-0.008640725207829431,1.1493988643939221e-05,0.00865221919647337,0.0013284439958820863,87,5
7,2694,wealth,0.18884812030075185,0.4942,0.0005986400563900785,0.008007871874050014,0.007409231817659936,1.0807965076598656,125,5
7,2694,emotion,0.19138305169827827,0.5046107802625182,0.0009178381634596978,0.008272590535693625,0.007354752372233927,1.1247952501840819,121,5
7,2694,scandal,0.10827067669172932,0.4856661045531197,-0.008419472598551763,1.3888503097136193e-05,0.0084333611016489,0.0016468526519958745,72,5
7,2694,duty,0.12781954887218044,0.4853448275862069,-0.008610619631672362,1.1764429072257124e-05,0.00862238406074462,0.0013644055968758083,85,5
7,2694,class,0.15276390276390275,0.5085751508012992,0.0030420272351002805,0.010110906850366658,0.007068879615266378,1.430340789380568,99,5
7,2694,society,0.20374996136848286,0.5078194241930412,0.009654746821455647,0.015274575960672354,0.005619829139216707,2.7179787106629627,131,5
7,2726,female,0.2584111874822862,0.5567033446188571,0.044594307086708675,0.08553176931882474,0.04093746223211606,2.0893275902587445,152,34
7,2726,male,0.20934173560025193,0.5325131437616598,-0.007513638515895753,0.04511962226131938,0.052633260777215134,0.8572454298707323,133,34
7,2726,family,0.17476487018244868,0.48233139409610004,-0.011090686264396611,0.04202450378985228,0.05311519005424889,0.7911955835259105,119,34
7,2726,marriage,0.28037756900133565,0.5640712806861874,0.039082064240094534,0.08075054968261262,0.04166848544251809,1.9379286005504217,161,34
7,2726,love,0.1971566886534717,0.628703814182874,0.060203216193008995,0.10345739178409692,0.04325417559108793,2.391847500684336,87,34
7,2726,wealth,0.29994585117580363,0.6422296296296296,0.08481917318756124,0.12000607990272155,0.03518690671516032,3.4105322434497,125,34
7,2726,emotion,0.2670786737165692,0.6219919786096256,0.08904497705737016,0.1239731574684716,0.034928180411101434,3.5493734859866644,121,34
7,2726,scandal,0.11198037303117855,0.5395938729623384,-0.0261735101444354,0.027790894697369516,0.05396440484180492,0.5149856609800985,72,34
7,2726,duty,0.12441417466581725,0.4896855983772819,-0.03163332510245599,0.023540622573586505,0.055173947676042494,0.42666192224236293,85,34
7,2726,class,0.19835422028758004,0.5751418781454116,0.02301096468795591,0.07071574311630069,0.04770477842834478,1.4823618397271732,99,34
7,2726,society,0.20887392233873264,0.49710524058667127,-0.016133795665540643,0.03817498969481382,0.05430878536035446,0.7029247559268509,131,34
7,2759,female,0.28202898510897134,0.5361906227557197,0.03825941462533998,0.04605860449204616,0.0077991898667061745,5.905562663983777,152,11
7,2759,male,0.24219637896568252,0.5580728136129798,0.016922529438749452,0.03008225440218944,0.013159724963439989,2.2859333674128646,133,11
7,2759,family,0.17651091103141617,0.5095268876781481,-0.02013987462502215,8.403220113947665e-06,0.0201482778451361,0.00041706890177510526,119,11
7,2759,marriage,0.237786809845485,0.4903997831016464,-0.021821083233165922,6.211102967664998e-06,0.021827294336133587,0.0002845567055509206,161,11
7,2759,love,0.13712012931613657,0.50091476752973,0.0074268608011261,0.02299947127652238,0.015572610475396279,1.476918164194959,87,11
7,2759,wealth,0.18610250263339506,0.4746370370370371,-0.02036414689782473,7.999872002047968e-06,0.02037214676982678,0.0003926867448993596,125,11
7,2759,emotion,0.18141272602995093,0.4804022848808945,-0.010111533052087302,0.008272590535693625,0.018384123587780927,0.44998558107725334,121,11
7,2759,scandal,0.10717541402525924,0.47540753232152894,-0.018537482318586433,1.3888503097136193e-05,0.01855137082168357,0.0007486510420110904,72,11
7,2759,duty,0.1264635973234795,0.48734279918864104,-0.018955411546183,1.1764429072257124e-05,0.018967175975255258,0.000620252012581359,85,11
7,2759,class,0.14768432891497907,0.47840596780526107,-0.019426226274072003,1.0100806044322337e-05,0.019436327080116327,0.0005196869759480399,99,11
7,2759,society,0.19478012780041706,0.4736827057780828,-0.02059341296678361,7.63347124471382e-06,0.020601046438028323,0.00037053803394435065,131,11
7,2760,female,0.22969600725486972,0.5214040217502821,-0.028260611127451506,0.02632202207865686,0.054582633206108365,0.48224170458725524,152,32
7,2760,male,0.17572143188079026,0.4121770591893266,-0.04134775859737231,0.0150448865430595,0.05639264514043181,0.26678809808135756,133,32
7,2760,family,0.17659818436835722,0.5073721796410872,-0.0381318417289681,0.01681484344800928,0.05494668517697738,0.3060210710353946,119,32
7,2760,marriage,0.22709822729021686,0.4796411318150449,-0.022511474165056132,0.031061725941292653,0.053573200106348785,0.5797997110318566,161,32
7,2760,love,0.11861341883416435,0.38718530008352225,-0.042129279876889136,0.011505482632583159,0.05363476250947229,0.21451540184104834,87,32
7,2760,wealth,0.21234050671244104,0.5368740740740742,0.019560844207392007,0.06400697588838579,0.04444613168099378,1.4401022871089721,125,32
7,2760,emotion,0.1931645166996515,0.47851847350510457,0.011900996165950035,0.057858547792598476,0.04595755162664844,1.258956270372556,121,32
7,2760,scandal,0.09720504954858245,0.42481731309724563,-0.02280084023775718,0.027790894697369516,0.0505917349351267,0.5493168940036589,72,32
7,2760,duty,0.12634266475643302,0.44040567951318454,-0.0012079390149346558,0.047069480718100756,0.04827741973303541,0.9749792134171773,85,32
7,2760,class,0.1821355054568059,0.5775422065174716,0.02654452110648446,0.07071574311630069,0.04417122200981623,1.6009460435345098,99,32
7,2760,society,0.20863148665461126,0.5274894930954628,0.006623755473292803,0.05344193218424146,0.04681817671094866,1.1414782876540839,131,32
7,2768,female,0.19761188484702555,0.4089591669231558,-0.011691231284185227,6.578860804463099e-06,0.01169781014498969,0.0005624010581774146,152,6
7,2768,male,0.18900541589980793,0.4276951777941093,-0.0018741379867287765,0.007526202613494532,0.009400340600223309,0.8006308423032154,133,6
7,2768,family,0.17407659238909243,0.4076553698402438,-0.000747683774703559,0.008411623334061612,0.00915930710876517,0.9183689588368078,119,6
7,2768,marriage,0.23938137582717617,0.47675736961451254,0.01268517855493667,0.018639520005962657,0.0059543414510259875,3.130408317383359,161,6
7,2768,love,0.1252382231509383,0.4833750944596906,-0.010370823027560159,1.1493988643939221e-05,0.010382317016204097,0.0011070735583293227,87,6
7,2768,wealth,0.15950986995318797,0.43191111111111113,-0.01110492193199127,7.999872002047968e-06,0.01111292180399332,0.0007198711682154931,125,6
7,2768,emotion,0.17242795842802808,0.460531113271755,-0.011022945117873445,8.26432620948414e-06,0.011031209444082929,0.0007491768015671116,121,6
7,2768,scandal,0.08652507980984432,0.3545531197301855,0.005469030498584427,0.013902391600233327,0.0084333611016489,1.64849950464787,72,6
7,2768,duty,0.15944856192814866,0.5236308316430021,0.030130931556602555,0.035305051645843626,0.005174120089241072,6.823392389448521,85,6
7,2768,class,0.12212265079146428,0.43170218081878864,-0.010592335227750613,1.0100806044322337e-05,0.010602436033794935,0.0009526872891450271,99,6
7,2768,society,0.1589059958099105,0.4270520627841152,-0.011230152155026351,7.63347124471382e-06,0.011237785626271065,0.0006792682738305178,131,6
7,2787,female,0.22788698636600896,0.5235841797476146,-0.022169199688054503,0.04605860449204616,0.06822780418010066,0.6750708900112097,152,42
7,2787,male,0.1772086430956384,0.4602577873254565,-0.050746304302282386,0.02256357047262447,0.07330987477490686,0.3077835085873034,133,42
7,2787,family,0.20638488549838885,0.5819635546526303,0.0049614984638039344,0.06723416413169526,0.06227266566789133,1.079673776760812,119,42
7,2787,marriage,0.25760969969681974,0.4821798284531203,0.0477947775898973,0.09938385858560764,0.051589080995710336,1.926451424710299,161,42
7,2787,love,0.17417209808026665,0.5230978801256811,0.07281060656250304,0.12644536907197534,0.05363476250947229,2.3575264092441284,87,42
7,2787,wealth,0.18332482438362702,0.49077777777777776,0.0010423942757250976,0.06400697588838579,0.06296458161266069,1.0165552481730291,125,42
7,2787,emotion,0.22043060883576304,0.4931180116674769,0.044031484533748236,0.09918017884001917,0.05514869430627094,1.7984139078147316,121,42
7,2787,scandal,0.09922847782018442,0.4569631815626757,-0.024089351720672995,0.04167939779450571,0.0657687495151787,0.6337264749765819,72,42
7,2787,duty,0.17609904259466458,0.5969979716024341,0.03550498535958319,0.09412719700712924,0.058622211647546045,1.6056575547071466,85,42
7,2787,class,0.1572048998670872,0.5382000214155691,-0.026726013746918166,0.04041332498333367,0.06713933873025184,0.6019321272302341,99,42
7,2787,society,0.22799635568194762,0.5261457529233496,0.006909480663908833,0.0687088746736691,0.06179939400976026,1.1118049905425575,131,42
7,2838,female,0.2701000473775082,0.5398071201395302,0.039721275399415626,0.05921632610097235,0.01949505070155672,3.0375056215271243,152,19
7,2838,male,0.19099686147116537,0.46162869579964955,-0.03570851245881051,7.518683929564969e-06,0.03571603114274007,0.00021051286183803108,133,19
7,2838,family,0.176961941076271,0.4766983716563549,-0.024557120370173907,0.008411623334061612,0.03296874370423552,0.25513933467612915,119,19
7,2838,marriage,0.23135097670143626,0.4827713694173322,-0.029498814039970074,0.006217314070632662,0.035716128110602735,0.17407581390696453,161,19
7,2838,love,0.12889764839236337,0.48880404088613133,-0.006413921756719725,0.02299947127652238,0.029413393033242103,0.781938732799278,87,19
7,2838,wealth,0.18511335680279814,0.48638518518518525,-0.015475472852728954,0.016007743876097984,0.03148321672882694,0.5084532502974,125,19
7,2838,emotion,0.19234127301312143,0.5426744044725328,-0.004612251848666028,0.024801242954661906,0.029413494803327934,0.8431926610438901,121,19
7,2838,scandal,0.11500329778811563,0.48311317219411654,0.030271190256601892,0.05556790089164191,0.025296710635040017,2.1966453145285527,72,19
7,2838,duty,0.13027843010151718,0.5041379310344827,0.007717215741829497,0.035305051645843626,0.02758783590401413,1.2797325519623988,85,19
7,2838,class,0.14780733065818136,0.46882250062462083,-0.021692867694599622,0.010110906850366658,0.03180377454496628,0.317915310201727,99,19
7,2838,society,0.19039407521108948,0.4446493409955114,-0.03557463026559522,7.63347124471382e-06,0.03558226373683994,0.0002145302305933956,131,19
7,2856,female,0.19250696318619884,0.3386683081973941,-0.05701281384951176,0.01316430046973066,0.07017711431924242,0.18758680229650662,152,38
7,2856,male,0.17158905889909024,0.43077618859178024,-0.04322753557584903,0.02256357047262447,0.0657911060484735,0.3429577617323707,133,38
7,2856,family,0.1608051456326334,0.45335057099762976,-0.02865138199198672,0.03362128367590461,0.06227266566789133,0.5399043595575566,119,38
7,2856,marriage,0.2973965077852359,0.5485063590653653,0.07212169818905798,0.11180606452093762,0.03968436633187964,2.817383137306216,161,38
7,2856,love,0.11195403787560865,0.43664240544087823,-0.052509866795273495,0.011505482632583159,0.06401534942785665,0.17973006060632,87,38
7,2856,wealth,0.18035367301267002,0.46177777777777773,-0.0014019427468228013,0.056007103886337825,0.057409046633160626,0.9755797591143311,125,38
7,2856,emotion,0.1896778582750308,0.5120320855614974,-0.01933348454041424,0.041329895373630195,0.060663379914044434,0.6812989225379518,121,38
7,2856,scandal,0.10691526084943115,0.5218053213415778,-0.032918849957791846,0.027790894697369516,0.060709744655161366,0.45776662140101837,72,38
7,2856,duty,0.196089210441845,0.5793103448275861,0.04240151330259028,0.09412719700712924,0.051725683704538956,1.819738092646029,85,38
7,2856,class,0.15055295323122064,0.48574080022843275,0.00407626759731218,0.06061493707197835,0.05653866947466617,1.0720969848444448,99,38
7,2856,society,0.2360708600044658,0.5732481344883781,-0.004612157500815908,0.05344193218424146,0.05805408968505737,0.9205541327620956,131,38
7,2871,female,0.2927365488280383,0.5668474915358572,0.09649426313537565,0.13158379495006645,0.03508953181469079,3.7499444461446725,152,38
7,2871,male,0.259786922115401,0.5889253208208491,0.10714648220292389,0.14286251334566397,0.03571603114274007,3.9999548877844284,133,38
7,2871,family,0.2291482527341583,0.5783928956197864,0.09416520084812713,0.1344599250432766,0.04029472419514948,3.336911412738382,119,38
7,2871,marriage,0.267135119948967,0.48797200039436067,-0.009830522593976494,0.04969503484428764,0.05952555743826413,0.8348520699699974,161,38
7,2871,love,0.12965171549563564,0.4554746848029273,-0.052509866795273495,0.011505482632583159,0.06401534942785665,0.17973006060632,87,38
7,2871,wealth,0.1829679323095032,0.46882962962962965,-0.07036396171332542,7.999872002047968e-06,0.07037196158532746,0.00011367982107809055,125,38
7,2871,emotion,0.17754937844328222,0.4648076689353427,-0.06984625826745745,8.26432620948414e-06,0.06985452259366694,0.00011830767575978083,121,38
7,2871,scandal,0.10675678691029569,0.473686059584036,-0.032918849957791846,0.027790894697369516,0.060709744655161366,0.45776662140101837,72,38
7,2871,duty,0.12426335096067384,0.4816430020283976,-0.025041291987454188,0.035305051645843626,0.060346343633297814,0.5850404435402781,85,38
7,2871,class,0.14837092731829574,0.46035442766891527,-0.04339406941703429,0.020211712894688996,0.06360578231172329,0.3177653376750619,99,38
7,2871,society,0.19699248120300752,0.4447565543071161,-0.07115502135027281,7.63347124471382e-06,0.07116265482151753,0.00010726793799011573,131,38
7,2899,female,0.22281947705640934,0.47686467631065965,0.0014664903247409693,0.01316430046973066,0.01169781014498969,1.1253645174130065,152,8
7,2899,male,0.19381915155275994,0.4860365198711063,-0.015031898461118761,7.518683929564969e-06,0.015039417145048327,0.0004999318694701234,133,8
7,2899,family,0.17509094022935753,0.47963800904977383,-0.004410674020160536,0.008411623334061612,0.012822297354222148,0.6560153068541811,119,8
7,2899,marriage,0.23142626055034085,0.45950409149166904,-0.01586872590125057,6.211102967664998e-06,0.015874937004218236,0.0003912521331973382,161,8
7,2899,love,0.13241382553717415,0.5087698365350197,-0.013831018667021612,1.1493988643939221e-05,0.013842512655665551,0.000830339760491716,87,8
7,2899,wealth,0.20369178466474197,0.5349185185185185,0.014746539067319323,0.02400761587814595,0.009261076810826628,2.5923136548751673,125,8
7,2899,emotion,0.19069769236075507,0.5048918327661643,-0.004596847444313804,0.008272590535693625,0.012869437980007429,0.6428089981786478,121,8
7,2899,scandal,0.11010092552453754,0.5168399850103055,-0.013478477458569097,1.3888503097136193e-05,0.013492365961666234,0.0010293600941129288,72,8
7,2899,duty,0.1339111582689506,0.5107302231237322,0.013194106527090112,0.023540622573586505,0.010346516046496394,2.275222158407879,85,8
7,2899,class,0.2681476611463848,0.6500517542920371,0.021476861114480675,0.030312518939011334,0.008835657824530658,3.4307031278897226,99,8
7,2899,society,0.19252740070257332,0.5091488692569403,-0.014975456479729253,7.63347124471382e-06,0.014983089950973966,0.0005094724298647182,131,8
7,2963,female,0.21237277411626027,0.45103621627167334,-0.014127990788393092,0.01316430046973066,0.02729229125812375,0.482345008879746,152,16
7,2963,male,0.18216854393794968,0.4775708067160382,-0.030069435913985487,7.518683929564969e-06,0.03007695459791505,0.0002499815566379246,133,16
7,2963,family,0.169302879753231,0.5020931449502879,-0.019062635001988442,0.008411623334061612,0.027474258336050054,0.30616379997847754,119,16
7,2963,marriage,0.2488257773407136,0.5131617864537119,-0.015351234629751275,0.012428417038297659,0.027779651668048935,0.4473928322198851,161,16
7,2963,love,0.13066396460735338,0.4951278685916557,-0.0012236282975275382,0.02299947127652238,0.024223099574049917,0.9494850650827572,87,16
7,2963,wealth,0.18309179724083227,0.4877333333333333,-0.029623371863658196,7.999872002047968e-06,0.029631371735660245,0.00026997980630611313,125,16
7,2963,emotion,0.19083132702368258,0.4998784637822071,0.0009024337591074759,0.024801242954661906,0.02389880919555443,1.037760616049338,121,16
7,2963,scandal,0.11018770084276569,0.44275810380363495,0.019755357066143918,0.04167939779450571,0.021924040728361793,1.9010819359903186,72,16
7,2963,duty,0.12198330121245254,0.4683975659229209,-0.02757607147494187,1.1764429072257124e-05,0.02758783590401413,0.0004264353721967341,85,16
7,2963,class,0.14773593780073843,0.515651211764286,-0.028260117320393397,1.0100806044322337e-05,0.02827021812643772,0.0003572949454719268,99,16
7,2963,society,0.4673460412175101,0.70038882694342,0.10312905392037294,0.1068762308972382,0.0037471769768652554,28.521799618368963,131,16
7,2966,female,0.2505182127740144,0.5309774802503335,0.010725591655383655,0.02632202207865686,0.015596430423273204,1.6876952842806316,152,12
7,2966,male,0.19469940103003722,0.5011306461642829,-0.013152291076378816,0.007526202613494532,0.02067849368987335,0.36396280725303964,133,12
7,2966,family,0.16109831874505334,0.45699048850309365,-0.02197136974775064,8.403220113947665e-06,0.02197977296786459,0.00038231605603257295,119,12
7,2966,marriage,0.21150304573838083,0.42566918071576465,-0.02380520234380437,6.211102967664998e-06,0.023811413446772036,0.000260845622679579,161,12
7,2966,love,0.12431762831144161,0.45465934852642875,0.005696762981395372,0.02299947127652238,0.017302708295127006,1.3292411154888697,87,12
7,2966,wealth,0.17044526368107737,0.4278740740740741,-0.012364274895776765,0.008007871874050014,0.02037214676982678,0.3930794316442589,125,12
7,2966,emotion,0.17274915374094388,0.46669148031113267,-0.011949761588011802,0.008272590535693625,0.020222352123705427,0.40908151953239363,121,12
7,2966,scandal,0.1050996979906928,0.5218638748360502,-0.020223817271925546,1.3888503097136193e-05,0.020237705775022683,0.0006862686537122737,72,12
7,2966,duty,0.1270052474366959,0.42271805273833674,0.019786139642091916,0.035305051645843626,0.015518912003751712,2.2749695104291865,85,12
7,2966,class,0.15771124934893713,0.4935485598029768,-0.009325420229749668,0.010110906850366658,0.019436327080116327,0.520206662923988,99,12
7,2966,society,0.21524926459298444,0.5226863367355691,-0.012959941722069789,0.007641104715958534,0.020601046438028323,0.37090857197829497,131,12
7,2974,female,0.2947250322056824,0.5335103108648814,0.059214376790833204,0.05921632610097235,1.949310139141758e-06,30378.078138436176,152,9
7,2974,male,0.23675726217493168,0.5627084628865396,-0.007513214531553795,0.007526202613494532,0.015039417145048327,0.5004318013395934,133,9
7,2974,family,0.21366701761398504,0.5432634592298459,0.0346966918038156,0.04202450378985228,0.007327811986036682,5.7349320457724655,119,9
7,2974,marriage,0.2548587551472837,0.4925934141772651,0.006732821223021318,0.018639520005962657,0.011906698782941339,1.5654649827122467,161,9
7,2974,love,0.12968250367297554,0.47434673666626903,-0.01556111648675234,1.1493988643939221e-05,0.015572610475396279,0.0007380900370789401,87,9
7,2974,wealth,0.1867518796992481,0.4705333333333333,-0.016660456911491345,7.999872002047968e-06,0.016668456783493393,0.0004799407710910719,125,9
7,2974,emotion,0.18015260258083227,0.4760649611084103,-0.016537630725646943,8.26432620948414e-06,0.016545895051856427,0.0004994789452660898,121,9
7,2974,scandal,0.1072803536619326,0.4843076634813565,-0.015164812411908209,1.3888503097136193e-05,0.015178700915005346,0.000914999457067588,72,9
7,2974,duty,0.12609223110771098,0.48780933062880333,-0.015507147574679454,1.1764429072257124e-05,0.015518912003751712,0.0007580704799830678,85,9
7,2974,class,0.14887218045112782,0.4673144876325088,-0.015892669855543443,1.0100806044322337e-05,0.015902770661587767,0.0006351601402443095,99,9
7,2974,society,0.19699248120300752,0.46535580524344566,-0.016848108642080705,7.63347124471382e-06,0.01685574211332542,0.00045287067118962733,131,9
7,3047,female,0.2739140531114083,0.5650841284497794,0.03265496522988641,0.06579518690543544,0.03314022167554903,1.9853574773156693,152,27
7,3047,male,0.22969965245415425,0.5352973599412064,0.04323771120005585,0.07519435797957924,0.03195664677952339,2.353011518887142,133,27
7,3047,family,0.18567914471717822,0.5246637116385016,0.011964494831378951,0.05042772390379994,0.03846322907242099,1.3110631925244858,119,27
7,3047,marriage,0.22868685697886598,0.4482278418613822,-0.012590878611863886,0.031061725941292653,0.04365260455315654,0.7115663832327962,161,27
7,3047,love,0.13154983163462095,0.49289066539394666,-0.02025470431456555,0.02299947127652238,0.04325417559108793,0.5317283467247369,87,27
7,3047,wealth,0.17667544297276644,0.43174814814814816,-0.049993666788491806,7.999872002047968e-06,0.050001666660493854,0.00015999210698727862,125,27
7,3047,emotion,0.18538137536747046,0.46609899124939225,-0.01931808013606203,0.024801242954661906,0.04411932309072394,0.5621401512235399,121,27
7,3047,scandal,0.10112833982933539,0.457384766722878,-0.04551884157201223,1.3888503097136193e-05,0.045532730075109364,0.0003050224107783814,72,27
7,3047,duty,0.12365929842994637,0.5111359026369169,-0.03305296226020248,0.01177619350132938,0.04482915576153186,0.262690503557774,85,27
7,3047,class,0.14360039027341737,0.4398044044687154,-0.02395950911512723,0.020211712894688996,0.04417122200981623,0.45757649380267873,99,27
7,3047,society,0.18971207535843398,0.46582754381450675,-0.01253135393614575,0.0305415184501,0.04307287238624575,0.7090662116869552,131,27
7,3195,female,0.27424812030075185,0.5296052631578947,0.059214376790833204,0.05921632610097235,1.949310139141758e-06,30378.078138436176,152,9
7,3195,male,0.19957035445757249,0.49621233534965237,-0.007513214531553795,0.007526202613494532,0.015039417145048327,0.5004318013395934,133,9
7,3195,family,0.17849402919062363,0.4968295010311817,-0.006242169142889022,0.008411623334061612,0.014653792476950634,0.5740236424610536,119,9
7,3195,marriage,0.2412916348843122,0.4951197870452529,-0.009657622933585575,0.006217314070632662,0.015874937004218236,0.3916433853305355,161,9
7,3195,love,0.13082706766917293,0.4922145328719723,-0.01556111648675234,1.1493988643939221e-05,0.015572610475396279,0.0007380900370789401,87,9
7,3195,wealth,0.18779949874686716,0.4965777777777778,-0.006808739916276688,0.008007871874050014,0.014816611790326702,0.5404657952054622,125,9
7,3195,emotion,0.18458335922450758,0.49682486631016043,-0.006435075980238302,0.008272590535693625,0.014707666515931927,0.5624679160470465,121,9
7,3195,scandal,0.11023913951545532,0.5002225032789956,0.0004100256385670929,0.013902391600233327,0.013492365961666234,1.0303894542070415,72,9
7,3195,duty,0.13023735810113518,0.49902636916835696,-0.002018586516670558,0.01177619350132938,0.013794780017999938,0.8536702640498578,85,9
7,3195,class,0.14887218045112782,0.4920494699646643,-0.015892669855543443,1.0100806044322337e-05,0.015902770661587767,0.0006351601402443095,99,9
7,3195,society,0.19699248120300752,0.49157303370786515,-0.016848108642080705,7.63347124471382e-06,0.01685574211332542,0.00045287067118962733,131,9
7,3207,female,0.22463070898106519,0.46299502410998256,0.00804535112920407,0.01974316127419376,0.01169781014498969,1.6877655755904213,152,9
7,3207,male,0.26651602444437106,0.6104641302504381,0.0018851615796195119,0.0150448865430595,0.013159724963439989,1.1432523539597952,133,9
7,3207,family,0.18407698508435766,0.5156139378828455,-0.006242169142889022,0.008411623334061612,0.014653792476950634,0.5740236424610536,119,9
7,3207,marriage,0.21906924992713483,0.4419858523119393,-0.001462400855282129,0.012428417038297659,0.013890817893579788,0.8947217602749828,161,9
7,3207,love,0.16743485810586128,0.5520423179413753,0.010887056440587553,0.02299947127652238,0.012112414835934825,1.8988345087380312,87,9
7,3207,wealth,0.19393180613795774,0.5433703703703703,-0.006808739916276688,0.008007871874050014,0.014816611790326702,0.5404657952054622,125,9
7,3207,emotion,0.2562331827333265,0.6103245017015071,0.023872588255987627,0.033065569164146054,0.009192980908158427,3.596827785338352,121,9
7,3207,scandal,0.1195455429410672,0.535705920929361,0.0004100256385670929,0.013902391600233327,0.013492365961666234,1.0303894542070415,72,9
7,3207,duty,0.13609223219609667,0.519290060851927,-0.015507147574679454,1.1764429072257124e-05,0.015518912003751712,0.0007580704799830678,85,9
7,3207,class,0.1542029546678524,0.5069243673483956,-0.004025085601956831,0.010110906850366658,0.01413599245232349,0.7152597798670655,99,9
7,3207,society,0.18369668477136153,0.49330274180175543,-0.016848108642080705,7.63347124471382e-06,0.01685574211332542,0.00045287067118962733,131,9
7,3234,female,0.21703602167672062,0.44190520160049246,-0.0175391617016105,6.578860804463099e-06,0.017545740562414962,0.0003749548661502973,152,9
7,3234,male,0.1946269594853354,0.4725323647464526,-0.007513214531553795,0.007526202613494532,0.015039417145048327,0.5004318013395934,133,9
7,3234,family,0.17508102876024656,0.5041247268138025,-0.006242169142889022,0.008411623334061612,0.014653792476950634,0.5740236424610536,119,9
7,3234,marriage,0.22991765158375138,0.46707088632554467,-0.01785284501188902,6.211102967664998e-06,0.017859056114856685,0.0003477845036922354,161,9
7,3234,love,0.13159332765592627,0.4772302430099829,-0.0023370300230823923,0.011505482632583159,0.013842512655665551,0.8311701002522076,87,9
7,3234,wealth,0.18239151369092238,0.44938518518518517,-0.016660456911491345,7.999872002047968e-06,0.016668456783493393,0.0004799407710910719,125,9
7,3234,emotion,0.2812144229842706,0.5601376397666504,0.05418025249221355,0.057858547792598476,0.003678295300384925,15.72971799485865,121,9
7,3234,scandal,0.11075661009232747,0.47180063706201986,0.0004100256385670929,0.013902391600233327,0.013492365961666234,1.0303894542070415,72,9
7,3234,duty,0.12135620046408233,0.45032454361054763,-0.015507147574679454,1.1764429072257124e-05,0.015518912003751712,0.0007580704799830678,85,9
7,3234,class,0.14609418345695008,0.47534532605203983,-0.015892669855543443,1.0100806044322337e-05,0.015902770661587767,0.0006351601402443095,99,9
7,3234,society,0.18612333255844982,0.4656488549618321,-0.016848108642080705,7.63347124471382e-06,0.01685574211332542,0.00045287067118962733,131,9
7,3305,female,0.25427580322956467,0.551317071919565,0.00804535112920407,0.01974316127419376,0.01169781014498969,1.6877655755904213,152,9
7,3305,male,0.19561894834101273,0.5142814743625983,-0.016911590642727105,7.518683929564969e-06,0.01691910932665667,0.00044439005528941293,133,9
7,3305,family,0.16540998688632771,0.47071136146766407,-0.016476884379565175,8.403220113947665e-06,0.016485287599679124,0.0005097405830882495,119,9
7,3305,marriage,0.27046312642896675,0.5699373952479543,0.01492804330132477,0.024850622973627657,0.009922579672302888,2.5044518453693336,161,9
7,3305,love,0.12855570777397957,0.5021278288191544,-0.0023370300230823923,0.011505482632583159,0.013842512655665551,0.8311701002522076,87,9
7,3305,wealth,0.196375526272129,0.5135037037037037,0.0030429770789379713,0.016007743876097984,0.012964766797160012,1.234711285232669,125,9
7,3305,emotion,0.1939586336404968,0.5275811254253767,-0.006435075980238302,0.008272590535693625,0.014707666515931927,0.5624679160470465,121,9
7,3305,scandal,0.1017872535835562,0.4590242645681095,0.0004100256385670929,0.013902391600233327,0.013492365961666234,1.0303894542070415,72,9
7,3305,duty,0.12683830094264203,0.5008316430020284,-0.015507147574679454,1.1764429072257124e-05,0.015518912003751712,0.0007580704799830678,85,9
7,3305,class,0.16670811876713543,0.5281525502373559,-0.004025085601956831,0.010110906850366658,0.01413599245232349,0.7152597798670655,99,9
7,3305,society,0.18337712158773067,0.4864768276295851,-0.016848108642080705,7.63347124471382e-06,0.01685574211332542,0.00045287067118962733,131,9
7,3309,female,0.2126355100739791,0.40452190417564377,-0.003163060340580371,0.006585439665267561,0.009748500005847932,0.6755336370356005,152,6
7,3309,male,0.19519669176982468,0.5119565831872914,-0.011272514097902083,7.518683929564969e-06,0.011280032781831649,0.0006665480565808727,133,6
7,3309,family,0.16939897694329492,0.47748330101271286,-0.01098239901137971,8.403220113947665e-06,0.010990802231493658,0.0007645684033058152,119,6
7,3309,marriage,0.2313152800080221,0.46180863649807746,-0.003705265601670226,0.006217314070632662,0.009922579672302888,0.6265824286965015,161,6
7,3309,love,0.14472413363208733,0.48007397685240416,0.016077349899779735,0.02299947127652238,0.006922121376742642,3.322604447601103,87,6
7,3309,wealth,0.17978333900170604,0.45879999999999993,-0.01110492193199127,7.999872002047968e-06,0.01111292180399332,0.0007198711682154931,125,6
7,3309,emotion,0.208485835528019,0.4660306271268838,0.02938727386376113,0.033065569164146054,0.003678295300384925,8.989373189177183,121,6
7,3309,scandal,0.10385705132364659,0.5034195240771969,-0.010105807551890875,1.3888503097136193e-05,0.010119696054988012,0.001372422948307633,72,6
7,3309,duty,0.1265651494715001,0.4763488843813387,-0.010334751617424136,1.1764429072257124e-05,0.010346516046496394,0.0011370425579249773,85,6
7,3309,class,0.14712585817723162,0.4595424206731627,0.0012752490258360009,0.010110906850366658,0.008835657824530658,1.1443298337279613,99,6
7,3309,society,0.20178326495995383,0.5225719758698574,-0.0017240287479610783,0.007641104715958534,0.009365133463919612,0.8159098580475086,131,6
7,3321,female,0.21089974616404722,0.4285036421463014,-0.08674040262282694,0.07895290851436164,0.16569331113718858,0.4765002761548699,152,97
7,3321,male,0.18428637860821498,0.4100429645542427,-0.12593424595722116,0.04511962226131938,0.17105386821854054,0.26377434623933915,133,97
7,3321,family,0.16756895335814032,0.39597377412503465,-0.13670959423296755,0.03362128367590461,0.17033087790887216,0.1973880724885054,119,97
7,3321,marriage,0.30973874003071405,0.5930321403923888,0.11896311222745838,0.23602812387423755,0.11706501164677917,2.016214072436862,161,97
7,3321,love,0.12412290765735759,0.48377281947261663,-0.06201703291369681,0.09196340314015769,0.1539804360538545,0.5972408280971249,87,97
7,3321,wealth,0.1832278158004972,0.5210962962962963,-0.012143627391511036,0.1360058239068175,0.14814945129832854,0.9180312361199675,125,97
7,3321,emotion,0.1834821668928767,0.4227485415653865,-0.11768641341455113,0.049594221583114335,0.16728063499766546,0.296473178640851,121,97
7,3321,scandal,0.14393477900274648,0.6562207232527637,0.03891060635042887,0.18056442876586762,0.14165382241543875,1.2746880083125334,72,97
7,3321,duty,0.14115587767025753,0.5174239350912779,0.04858621460730686,0.18824262958518626,0.1396564149778794,1.3478981943912471,85,97
7,3321,class,0.14434351932884945,0.48197522932505266,0.006644611532999306,0.1515221914708794,0.14487757993788009,1.0458636286912197,99,97
7,3321,society,0.2012930458497585,0.5531492123395373,-0.029543524415964112,0.12214317338666586,0.15168669780262997,0.8052332548289075,131,97
7,3326,female,0.21060464389579545,0.45457576690263674,-0.019488471840752256,6.578860804463099e-06,0.01949505070155672,0.00033746312871093485,152,10
7,3326,male,0.18766541156300962,0.413477302278252,-0.018791282824335443,7.518683929564969e-06,0.018798801508265007,0.00039995549321904266,133,10
7,3326,family,0.17047366919200546,0.49558284852402507,-0.008073664265617512,0.008411623334061612,0.016485287599679124,0.5102503236713377,119,10
7,3326,marriage,0.22504088253470342,0.458012915311052,-0.01983696412252747,6.211102967664998e-06,0.019843175225495134,0.00031300953082205157,161,10
7,3326,love,0.1661139638404978,0.5682297259674661,0.009156958620856828,0.02299947127652238,0.013842512655665551,1.6615098607439234,87,10
7,3326,wealth,0.2337217400032942,0.5718518518518518,0.011042849080985939,0.02400761587814595,0.012964766797160012,1.851758404289475,125,10
7,3326,emotion,0.19232171091864497,0.5036460865337871,0.0018292502292458386,0.016536916745177765,0.014707666515931927,1.1243739260840562,121,10
7,3326,scandal,0.11463042061050223,0.514123102866779,0.014298528735703283,0.027790894697369516,0.013492365961666234,2.0597495483199704,72,10
7,3326,duty,0.13267833296803822,0.5075862068965518,0.009745842555586567,0.023540622573586505,0.013794780017999938,1.7064877106531127,85,10
7,3326,class,0.1517527633008533,0.5098868544098226,0.006075720442365507,0.020211712894688996,0.01413599245232349,1.4298050144994987,99,10
7,3326,society,0.19433144315638548,0.5202418732309804,-0.009214637397366884,0.007641104715958534,0.01685574211332542,0.45332354186081697,131,10
7,3370,female,0.2991419204407074,0.5779214117164255,0.11159983292007555,0.30263417586610697,0.19103434294603142,1.5841872785670748,152,144
7,3370,male,0.3486734968027121,0.6046837017355418,0.218045522621159,0.3909790830213079,0.1729335604001489,2.260862970231835,133,144
7,3370,family,0.3382868350067493,0.6761781635731214,0.31965004254262963,0.4789919497151308,0.1593419071725012,3.0060638673891047,119,144
7,3370,marriage,0.25206122196738145,0.5280858720299714,0.009319069870844326,0.22360591793890755,0.21428684806806322,1.0434887626273772,161,144
7,3370,love,0.11385215675410176,0.35479059778069444,-0.18300388983205085,0.05748143720834004,0.24048532704039088,0.23902263774474142,87,144
7,3370,wealth,0.16341769709552648,0.42807407407407405,-0.08932862507513092,0.14400569590886547,0.2333343209839964,0.6171646558507146,125,144
7,3370,emotion,0.15751094330500265,0.38530019445794844,-0.13336527138514218,0.10744450504950331,0.2408097764346455,0.4461799958450483,121,144
7,3370,scandal,0.09819289862613645,0.365701705077759,-0.1493710028098365,0.08334490708591429,0.2327159098957508,0.35814013370590764,72,144
7,3370,duty,0.1131280226238289,0.37634888438133873,-0.11337935507107991,0.11765605515164348,0.2310354102227234,0.5092555077929877,85,144
7,3370,class,0.1275490606590013,0.33740229146589573,-0.19506980683828795,0.05051413102765601,0.24558393786594396,0.20568988129437152,99,144
7,3370,society,0.1626105251416816,0.35932184006632933,-0.2221255335242004,0.03817498969481382,0.2603005232190142,0.14665736827024015,131,144
7,3428,female,0.23345669891508525,0.46899045860264704,0.007314420742166244,0.01316430046973066,0.0058498797275644155,2.2503540381267344,152,5
7,3428,male,0.19749901663127073,0.49364011532590885,5.554194879563504e-06,0.007526202613494532,0.007520648418614969,1.0007385259314978,133,5
7,3428,family,0.17335638798856645,0.4966294209991689,-0.009150903888651222,8.403220113947665e-06,0.00915930710876517,0.0009174515073294785,119,5
7,3428,marriage,0.23901338244503617,0.5076653849945776,-0.009916368569335223,6.211102967664998e-06,0.009922579672302888,0.0006259564722242773,161,5
7,3428,love,0.1267299870810064,0.4875710933460605,-0.008640725207829431,1.1493988643939221e-05,0.00865221919647337,0.0013284439958820863,87,5
7,3428,wealth,0.201248121263299,0.5195555555555555,0.0005986400563900785,0.008007871874050014,0.007409231817659936,1.0807965076598656,125,5
7,3428,emotion,0.203136068048983,0.5453026251823043,0.0009178381634596978,0.008272590535693625,0.007354752372233927,1.1247952501840819,121,5
7,3428,scandal,0.10269316003035692,0.47622728124414476,-0.008419472598551763,1.3888503097136193e-05,0.0084333611016489,0.0016468526519958745,72,5
7,3428,duty,0.13466696650324533,0.49423935091277893,0.004877941426336534,0.01177619350132938,0.006898252074992846,1.7071271637510383,85,5
7,3428,class,0.14669651391621955,0.5086911518006925,-0.008825557018486335,1.0100806044322337e-05,0.008835657824530658,0.0011431866470808807,99,5
7,3428,society,0.20562185131853264,0.5331074706235525,0.00014862341439037408,0.007641104715958534,0.00749248130156816,1.0198363409114455,131,5
7,3448,female,0.22832552363289169,0.4311134195136965,0.007314420742166244,0.01316430046973066,0.0058498797275644155,2.2503540381267344,152,5
7,3448,male,0.19467000567525833,0.4856266606365538,5.554194879563504e-06,0.007526202613494532,0.007520648418614969,1.0007385259314978,133,5
7,3448,family,0.18439098805936754,0.4794994921045341,0.0010838113480249297,0.008411623334061612,0.007327811986036682,1.1479038148006873,119,5
7,3448,marriage,0.22202926800572262,0.4606563639948733,-0.009916368569335223,6.211102967664998e-06,0.009922579672302888,0.0006259564722242773,161,5
7,3448,love,0.13746506589994523,0.5051604820427157,-0.008640725207829431,1.1493988643939221e-05,0.00865221919647337,0.0013284439958820863,87,5
7,3448,wealth,0.1949413452717049,0.49084444444444447,0.010450357051604742,0.016007743876097984,0.005557386824493243,2.880444420868116,125,5
7,3448,emotion,0.178472757682737,0.44641012396694224,0.0009178381634596978,0.008272590535693625,0.007354752372233927,1.1247952501840819,121,5
7,3448,scandal,0.10085728675897307,0.46856848416713504,-0.008419472598551763,1.3888503097136193e-05,0.0084333611016489,0.0016468526519958745,72,5
7,3448,duty,0.1698000055005871,0.5790162271805274,0.004877941426336534,0.01177619350132938,0.006898252074992846,1.7071271637510383,85,5
7,3448,class,0.16005914444473932,0.5153389013813042,0.0030420272351002805,0.010110906850366658,0.007068879615266378,1.430340789380568,99,5
7,3448,society,0.20527395763497225,0.525967064070675,-0.009357499992674899,7.63347124471382e-06,0.009365133463919612,0.0008150947632842244,131,5
7,3472,female,0.2389485644319747,0.4994293115830512,0.04483730078755775,0.15789923816791884,0.11306193738036109,1.3965729035344607,152,82
7,3472,male,0.19175721169417073,0.45793289615014976,0.005643273989810321,0.12782514548653404,0.12218187149672372,1.0461874901704664,133,82
7,3472,family,0.19236128716524367,0.5088650844953366,0.06475299163145441,0.17647602561301493,0.11172303398156051,1.5795849729659335,119,82
7,3472,marriage,0.2693686051797024,0.5643300798580302,-0.015179542679033806,0.11180606452093762,0.12698560719997143,0.8804624948084849,161,82
7,3472,love,0.10671606232611075,0.3837648649723581,-0.0889619114724157,0.045987448564400825,0.1349493600368165,0.3407755957606163,87,82
7,3472,wealth,0.18606496530032202,0.5040222222222221,-0.08288312244615727,0.056007103886337825,0.1388902263324951,0.40324726487130086,125,82
7,3472,emotion,0.16131328841599024,0.44629618376276126,-0.08001043063027499,0.057858547792598476,0.13786897842287346,0.41966328070346864,121,82
7,3472,scandal,0.09605711055004947,0.48038457935169576,-0.09154274985423747,0.04167939779450571,0.13322214764874318,0.31285637208075784,72,82
7,3472,duty,0.10592820502644373,0.4147058823529412,-0.08741453830252334,0.047069480718100756,0.1344840190206241,0.3500005507013611,85,82
7,3472,class,0.12948548335401294,0.46267444765677984,-0.07366197361031607,0.06061493707197835,0.13427691068229441,0.4514174236175627,99,82
7,3472,society,0.17558653217677156,0.4802155702318666,-0.07750272923721453,0.061075403428955274,0.1385781326661698,0.44072901152192023,131,82
7,3572,female,0.22857142857142856,0.4951267056530214,-0.00974192114504347,6.578860804463099e-06,0.009748500005847932,0.0006748587782573433,152,5
7,3572,male,0.23007518796992482,0.518796992481203,0.0375990586395728,0.03760093833175441,1.87969218160834e-06,20003.763752327683,133,5
7,3572,family,0.17894736842105263,0.49542124542124544,-0.009150903888651222,8.403220113947665e-06,0.00915930710876517,0.0009174515073294785,119,5
7,3572,marriage,0.24210526315789474,0.49503968253968256,-0.009916368569335223,6.211102967664998e-06,0.009922579672302888,0.0006259564722242773,161,5
7,3572,love,0.15080805461930685,0.5089587559161596,0.017807447719510466,0.02299947127652238,0.005192023557011914,4.429770208001356,87,5
7,3572,wealth,0.18796992481203006,0.49537037037037035,-0.00925307693882458,7.999872002047968e-06,0.009261076810826628,0.0008638166127541378,125,5
7,3572,emotion,0.18195488721804512,0.4954044117647059,-0.009184716581948943,8.26432620948414e-06,0.009192980908158427,0.0008989822007843917,121,5
7,3572,scandal,0.10827067669172932,0.4957841483979764,-0.008419472598551763,1.3888503097136193e-05,0.0084333611016489,0.0016468526519958745,72,5
7,3572,duty,0.13023735810113518,0.5024340770791075,0.004877941426336534,0.01177619350132938,0.006898252074992846,1.7071271637510383,85,5
7,3572,class,0.14887218045112782,0.495583038869258,-0.008825557018486335,1.0100806044322337e-05,0.008835657824530658,0.0011431866470808807,99,5
7,3572,society,0.19699248120300752,0.4953183520599251,-0.009357499992674899,7.63347124471382e-06,0.009365133463919612,0.0008150947632842244,131,5
7,3577,female,0.22639692857111518,0.47432543346670775,-0.011691231284185227,6.578860804463099e-06,0.01169781014498969,0.0005624010581774146,152,6
7,3577,male,0.20665641395305503,0.5156382497597376,-0.011272514097902083,7.518683929564969e-06,0.011280032781831649,0.0006665480565808727,133,6
7,3577,family,0.17731157776893303,0.48727183180964695,-0.01098239901137971,8.403220113947665e-06,0.010990802231493658,0.0007645684033058152,119,6
7,3577,marriage,0.23941805531991392,0.492162082224194,-0.011900487679973674,6.211102967664998e-06,0.011906698782941339,0.0005216477783113119,161,6
7,3577,love,0.14315267898944284,0.5129857216720359,0.002853263436109789,0.011505482632583159,0.00865221919647337,1.329772439877968,87,6
7,3577,wealth,0.18321169927717265,0.48914814814814817,-0.01110492193199127,7.999872002047968e-06,0.01111292180399332,0.0007198711682154931,125,6
7,3577,emotion,0.17946214720924394,0.48144293874574623,-0.0009203903724648022,0.008272590535693625,0.009192980908158427,0.899881182985176,121,6
7,3577,scandal,0.130055871714429,0.5032321528948848,0.02104386854905973,0.027790894697369516,0.006747026148309788,4.118984287649824,72,6
7,3577,duty,0.13489539262557446,0.495,0.01664237049859366,0.023540622573586505,0.006898252074992846,3.412548905760068,85,6
7,3577,class,0.15776598375918974,0.5124477995502731,0.0012752490258360009,0.010110906850366658,0.008835657824530658,1.1443298337279613,99,6
7,3577,society,0.19623554027330645,0.46486262401006373,-0.0017240287479610783,0.007641104715958534,0.009365133463919612,0.8159098580475086,131,6
7,3601,female,0.2403145401152442,0.49755052836770297,0.008775794195119216,0.07895290851436164,0.07017711431924242,1.125052081139618,152,48
7,3601,male,0.2041849468384368,0.4582367573068009,0.0037641753862807104,0.07519435797957924,0.07143018259329853,1.0526972667375087,133,48
7,3601,family,0.17854499202196095,0.48774894573213906,-0.016262187509243145,0.058830944017747605,0.07509313152699075,0.7834397476927505,119,48
7,3601,marriage,0.26933875375579996,0.5466208222419402,0.0031091746128528164,0.07453944671494764,0.07143027210209482,1.0435274082025805,161,48
7,3601,love,0.18874670152050627,0.630533349242334,0.04920593318044876,0.11495138042803614,0.06574544724758738,1.7484310357399842,87,48
7,3601,wealth,0.22577924741057054,0.5480888888888888,0.06874506027844224,0.12800595190476954,0.05926089162632731,2.1600409374492338,125,48
7,3601,emotion,0.17090941675725455,0.48002248420029164,-0.007408105663433334,0.06612287400208261,0.07353097966551594,0.899251911262012,121,48
7,3601,scandal,0.11689137931660845,0.561973018549747,0.012517152710718252,0.08334490708591429,0.07082775437519603,1.1767266634380977,72,48
7,3601,duty,0.18157694401533514,0.6202231237322515,0.07911443767710814,0.14118491329615773,0.06207047561904959,2.274590485827583,85,48
7,3601,class,0.15655099385255103,0.4960381197130314,0.010143654011842626,0.08081654916062302,0.07067289514878039,1.1435296231935128,99,48
7,3601,society,0.18967937189162273,0.5088629670926609,-0.042350925938460966,0.03817498969481382,0.08052591563327478,0.4740708552535246,131,48
7,3608,female,0.22775623765121325,0.4860726377346876,-0.0012137502014386136,0.006585439665267561,0.0077991898667061745,0.8443748359731122,152,5
7,3608,male,0.19454753135006403,0.4773729436372887,-0.009392821916293743,7.518683929564969e-06,0.009400340600223309,0.0007998310112919236,133,5
7,3608,family,0.20087834297080712,0.5244251546772555,0.0010838113480249297,0.008411623334061612,0.007327811986036682,1.1479038148006873,119,5
7,3608,marriage,0.23858392753382832,0.4951690821256039,-0.009916368569335223,6.211102967664998e-06,0.009922579672302888,0.0006259564722242773,161,5
7,3608,love,0.15390556167065744,0.5161476355247983,0.017807447719510466,0.02299947127652238,0.005192023557011914,4.429770208001356,87,5
7,3608,wealth,0.18672325302204798,0.4860592592592593,-0.00925307693882458,7.999872002047968e-06,0.009261076810826628,0.0008638166127541378,125,5
7,3608,emotion,0.2024422335704051,0.5185038891589694,0.011020392908868339,0.016536916745177765,0.005516523836309426,2.9977060251847503,121,5
7,3608,scandal,0.12065580618212199,0.4595512460183624,0.007155365451923539,0.013902391600233327,0.006747026148309788,2.0605213752810965,72,5
7,3608,duty,0.1262002540861453,0.4902028397565923,-0.008610619631672362,1.1764429072257124e-05,0.00862238406074462,0.0013644055968758083,85,5
7,3608,class,0.1470663335454624,0.46080950851268865,-0.008825557018486335,1.0100806044322337e-05,0.008835657824530658,0.0011431866470808807,99,5
7,3608,society,0.19326473657216733,0.4645624267375704,-0.009357499992674899,7.63347124471382e-06,0.009365133463919612,0.0008150947632842244,131,5
7,3643,female,0.22400138973382341,0.4962424335693034,-0.014858921175430917,0.006585439665267561,0.02144436084069848,0.3070942386150395,152,12
7,3643,male,0.19578239553607632,0.48533693255695626,-0.013152291076378816,0.007526202613494532,0.02067849368987335,0.36396280725303964,133,12
7,3643,family,0.17705209536731345,0.5093345030319821,-0.011736654511074487,0.008411623334061612,0.0201482778451361,0.4174859706768803,119,12
7,3643,marriage,0.2533892405916747,0.5063344178251011,0.0007804638911059723,0.018639520005962657,0.017859056114856685,1.0437012955803984,161,12
7,3643,love,0.1292732027522527,0.47897028994153434,-0.020751409945944523,1.1493988643939221e-05,0.02076290393458846,0.0005535829034125644,87,12
7,3643,wealth,0.18548550905922107,0.49300740740740745,-0.012364274895776765,0.008007871874050014,0.02037214676982678,0.3930794316442589,125,12
7,3643,emotion,0.18120585206882323,0.48992008993680114,-0.0018472068426031614,0.016536916745177765,0.018384123587780927,0.8995216261094745,121,12
7,3643,scandal,0.10694645954728324,0.4919079070638936,-0.020223817271925546,1.3888503097136193e-05,0.020237705775022683,0.0006862686537122737,72,12
7,3643,duty,0.12577281438891344,0.46573022312373225,-0.020679543531934776,1.1764429072257124e-05,0.020691307961007033,0.0005685686518154742,85,12
7,3643,class,0.14604431423069572,0.49763536424313815,-0.02119300448333628,1.0100806044322337e-05,0.021203105289380603,0.00047638333659102554,99,12
7,3643,society,0.44049345941241624,0.6589258655688024,0.09160741575564821,0.09160928840781056,1.8726521623514522e-06,48919.51710522767,131,12
7,3724,female,0.23087962878975377,0.5238791423001949,-0.01607730092753485,0.01316430046973066,0.029241601397265508,0.45019081856821674,152,17
7,3724,male,0.32555068136441473,0.5912148793035219,0.08083138523848588,0.09023172583870918,0.009400340600223309,9.598771966514375,133,17
7,3724,family,0.22310865060704763,0.5609166743620526,0.040514161295339995,0.058830944017747605,0.01831678272240761,3.211860123370118,119,17
7,3724,marriage,0.23426901267413036,0.5008380163659667,-0.009140131662086277,0.018639520005962657,0.027779651668048935,0.6709774560179286,161,17
7,3724,love,0.12812652829756252,0.41767092232430497,-0.002953726117258266,0.02299947127652238,0.025953197393780644,0.886190280398658,87,17
7,3724,wealth,0.17644613593354394,0.4517777777777778,-0.021623499861610232,0.008007871874050014,0.029631371735660245,0.27024978611241923,125,17
7,3724,emotion,0.1936276925237257,0.4968856344190569,-0.0009357947768170241,0.024801242954661906,0.02573703773147893,0.9636401520818344,121,17
7,3724,scandal,0.10509089429353055,0.4379332958590969,-0.013080653988145808,0.013902391600233327,0.026983045588379134,0.5152269247807032,72,17
7,3724,duty,0.11850793847775767,0.4327383367139959,-0.029300203460693643,1.1764429072257124e-05,0.0293119678897659,0.0004013524140070873,85,17
7,3724,class,0.14610742753388825,0.5070135988863904,-0.018159311276071063,0.010110906850366658,0.02827021812643772,0.3576522404173987,99,17
7,3724,society,0.1758558774689316,0.4292249192326386,-0.03182932594089232,7.63347124471382e-06,0.03183695941213704,0.00023976759669970193,131,17
7,3758,female,0.227392043283942,0.5040653534420848,-0.014858921175430917,0.006585439665267561,0.02144436084069848,0.3070942386150395,152,12
7,3758,male,0.20018871329137922,0.49274266493300917,-0.0037539149652055064,0.0150448865430595,0.018798801508265007,0.8003109419313043,133,12
7,3758,family,0.18397959708137154,0.5126204327885,-0.0015019392743983312,0.01681484344800928,0.01831678272240761,0.9180020149783754,119,12
7,3758,marriage,0.2548252080007277,0.5179988662131518,-0.007414758187197475,0.012428417038297659,0.019843175225495134,0.6263320711749251,161,12
7,3758,love,0.1306025949102884,0.5108081772262657,-0.020751409945944523,1.1493988643939221e-05,0.02076290393458846,0.0005535829034125644,87,12
7,3758,wealth,0.19163801333398853,0.4956518518518519,-0.0025125579005621027,0.016007743876097984,0.018520301776660086,0.8643349373176604,125,12
7,3758,emotion,0.19031543073923796,0.5170074744773943,0.00825534790280548,0.024801242954661906,0.016545895051856427,1.4989363147435355,121,12
7,3758,scandal,0.10911961055566036,0.5065579913809255,-0.020223817271925546,1.3888503097136193e-05,0.020237705775022683,0.0006862686537122737,72,12
7,3758,duty,0.1259185483581768,0.4726876267748479,-0.020679543531934776,1.1764429072257124e-05,0.020691307961007033,0.0005685686518154742,85,12
7,3758,class,0.148901458145366,0.4996252275404219,0.0025421640238369493,0.020211712894688996,0.017669548870852047,1.1438726048567471,99,12
7,3758,society,0.4850944154278827,0.6793893129770993,0.09160741575564821,0.09160928840781056,1.8726521623514522e-06,48919.51710522767,131,12
7,3782,female,0.21467926395583348,0.3915884374679388,-0.0109603008971474,0.006585439665267561,0.017545740562414962,0.3753298210164475,152,10
7,3782,male,0.19145577588800622,0.3845822262422975,-0.018791282824335443,7.518683929564969e-06,0.018798801508265007,0.00039995549321904266,133,10
7,3782,family,0.16674581647386072,0.4144119186135993,-0.01830837950229366,8.403220113947665e-06,0.01831678272240761,0.0004587716216783485,119,10
7,3782,marriage,0.235089438345444,0.5046029281277729,-0.011641742044224024,0.006217314070632662,0.017859056114856685,0.34813228819592756,161,10
7,3782,love,0.13103179140127294,0.502296861949648,-0.00406712784281312,0.011505482632583159,0.015572610475396279,0.738828127116019,87,10
7,3782,wealth,0.17879846494644647,0.4673629629629629,-0.008660584909443379,0.008007871874050014,0.016668456783493393,0.4804207118621629,125,10
7,3782,emotion,0.19584250853112734,0.5355341516771999,-0.008273304516162802,0.008272590535693625,0.016545895051856427,0.4999784242113559,121,10
7,3782,scandal,0.10418521190379854,0.48731731309724563,-0.001276309314772019,0.013902391600233327,0.015178700915005346,0.9159144565246554,72,10
7,3782,duty,0.17239334710796883,0.5623529411764706,0.02323440361359546,0.035305051645843626,0.012070648032248166,2.924867956434247,85,10
7,3782,class,0.13962765312120595,0.44194596138059034,-0.005791863811221109,0.010110906850366658,0.015902770661587767,0.6357953003845538,99,10
7,3782,society,0.245415137871382,0.5976284415473025,0.00029148600969838845,0.015274575960672354,0.014983089950973966,1.019454332159301,131,10
7,3834,female,0.26063284302673123,0.5532728018877603,0.04313195899151037,0.12500493414560335,0.08187297515409298,1.5268155811951987,152,61
7,3834,male,0.21160179115680966,0.5140200124371077,0.007523305358892229,0.09775040976827415,0.09022710440938192,1.0833818773976587,133,61
7,3834,family,0.16888978561343215,0.5053252070058794,-0.07077576981474194,0.03362128367590461,0.10439705349064655,0.32205203644559616,119,61
7,3834,marriage,0.27150291385871256,0.5441683919944789,0.03468218072267709,0.11801716748860262,0.08333498676592553,1.4161779111896606,161,61
7,3834,love,0.19758905027906593,0.6147237799785229,0.09283509384229904,0.17242132364773224,0.0795862298054332,2.1664718138689225,87,61
7,3834,wealth,0.2646037148990623,0.6196888888888888,0.1037813773385632,0.17600518391705736,0.07222380657849416,2.436941394432523,125,61
7,3834,emotion,0.3413212381087515,0.6668084589207582,0.1909511277685383,0.24793805061073373,0.05698692284219544,4.3507885360463705,121,61
7,3834,scandal,0.10389158441520796,0.5029979389169945,-0.02498003973316551,0.0694564039887781,0.09443644372194361,0.7354830534761386,72,61
7,3834,duty,0.11618003009621607,0.47154158215010145,-0.06469632765974498,0.035305051645843626,0.10000137930558861,0.3530456468765681,85,61
7,3834,class,0.2000955794682323,0.5791483742013777,0.08211621132009994,0.16162299751520173,0.07950678619510179,2.032820155962059,99,61
7,3834,society,0.197543188307511,0.47165280041169905,-0.04768315723489929,0.05344193218424146,0.10112508941914075,0.5284735221563879,131,61
7,3847,female,0.21854649633114687,0.4766979583461578,-0.021437781979894016,6.578860804463099e-06,0.02144436084069848,0.0003067874511638756,152,11
7,3847,male,0.202845265943486,0.4824184521454011,0.007524153327576142,0.02256357047262447,0.015039417145048327,1.5002955402798404,133,11
7,3847,family,0.17232865600195013,0.4740511589251086,-0.02013987462502215,8.403220113947665e-06,0.0201482778451361,0.00041706890177510526,119,11
7,3847,marriage,0.2324950862008282,0.46557971014492755,-0.021821083233165922,6.211102967664998e-06,0.021827294336133587,0.0002845567055509206,161,11
7,3847,love,0.12825378243916818,0.4536451497434673,-0.0057972256625438475,0.011505482632583159,0.017302708295127006,0.6649527019512036,87,11
7,3847,wealth,0.18028155132761364,0.43940740740740747,-0.02036414689782473,7.999872002047968e-06,0.02037214676982678,0.0003926867448993596,125,11
7,3847,emotion,0.1886010014243368,0.4990125182304327,0.01009357643872998,0.024801242954661906,0.014707666515931927,1.6862799361210656,121,11
7,3847,scandal,0.1040869278776547,0.4597151958028855,-0.0029626442681111326,0.013902391600233327,0.01686503586834446,0.8243321691063626,72,11
7,3847,duty,0.13683436575519808,0.527707910750507,-0.005466850488174106,0.01177619350132938,0.017243043989503486,0.682953282947898,85,11
7,3847,class,0.14380050921521736,0.46980404754256344,-0.0075586420204853885,0.010110906850366658,0.017669548870852047,0.5722221276669683,99,11
7,3847,society,0.24148734912779854,0.5329216342167711,0.026937204068542754,0.03817498969481382,0.011237785626271065,3.39702063742642,131,11
7,3870,female,0.23557532309715254,0.5067584897917309,0.011943971407487586,0.01974316127419376,0.0077991898667061745,2.5314374453100004,152,7
7,3870,male,0.2129648030815423,0.5082395839222117,0.005644545942836192,0.0150448865430595,0.009400340600223309,1.600461853595139,133,7
7,3870,family,0.17740027430429908,0.4815772462831286,-0.0128138941341082,8.403220113947665e-06,0.012822297354222148,0.0006553599469072738,119,7
7,3870,marriage,0.23962346098529222,0.49185398797200036,-0.013884606790612123,6.211102967664998e-06,0.013890817893579788,0.0004471373114817506,161,7
7,3870,love,0.1347020441321987,0.5138607167004733,0.0011231656163790613,0.011505482632583159,0.010382317016204097,1.108180631887652,87,7
7,3870,wealth,0.18796992481203006,0.46574074074074073,-0.012956766925157964,7.999872002047968e-06,0.012964766797160012,0.0006170471190568061,125,7
7,3870,emotion,0.1879260507011703,0.4862588113757899,-0.002758618908389304,0.008272590535693625,0.011031209444082929,0.7499259783686787,121,7
7,3870,scandal,0.10827067669172932,0.4688026981450253,-0.011792142505229987,1.3888503097136193e-05,0.011806031008327124,0.0011763905317683692,72,7
7,3870,duty,0.12821836887489774,0.5077991886409736,-0.012058883603175908,1.1764429072257124e-05,0.012070648032248166,0.0009746311084419351,85,7
7,3870,class,0.14790428869376238,0.47934289895420634,-0.012359113437014891,1.0100806044322337e-05,0.012369214243059213,0.0008166085448130736,99,7
7,3870,society,0.1941786816905819,0.48882122537667605,-0.013102804317377804,7.63347124471382e-06,0.013110437788622517,0.0005822438096427295,131,7
7,3883,female,0.21124361024578447,0.4485097978865292,-0.012178680649251336,0.01316430046973066,0.025342981118981995,0.5194456172068526,152,15
7,3883,male,0.19329077709567977,0.4545338911187744,5.384601142782025e-06,0.02256357047262447,0.022558185871481687,1.0002386982788962,133,15
7,3883,family,0.17130021931486653,0.45473574045002624,-0.006996424642583796,0.01681484344800928,0.023811268090593075,0.7061716907864312,119,15
7,3883,marriage,0.2437871784131746,0.528874593315587,-0.021562337597416274,0.006217314070632662,0.027779651668048935,0.22380820842184154,161,15
7,3883,love,0.11627021530491675,0.4438810006761325,-0.025941703405136705,1.1493988643939221e-05,0.025953197393780644,0.0004428737033476552,87,15
7,3883,wealth,0.19006639402295927,0.4995111111111111,-0.008068092880062178,0.016007743876097984,0.024075836756160162,0.6648883707577589,125,15
7,3883,emotion,0.20690035758287076,0.5409425133689839,0.002740662295031976,0.024801242954661906,0.02206058065962993,1.124233461312424,121,15
7,3883,scandal,0.1024403670743434,0.4543516957092,0.005866853969007723,0.027790894697369516,0.021924040728361793,1.2675991182661204,72,15
7,3883,duty,0.12476927052223771,0.44772819472616626,0.0011251826268276997,0.023540622573586505,0.022415439946758806,1.050196767426829,85,15
7,3883,class,0.15396232938371482,0.5196487846664526,-0.002758170603955886,0.020211712894688996,0.022969883498644882,0.8799223076164697,99,15
7,3883,society,0.18717845754581314,0.5007862309517683,-0.009071774802058874,0.015274575960672354,0.024346350762731228,0.6273866711649821,131,15
7,3900,female,0.21316232361837023,0.4425720734585001,-0.012909611036289157,0.006585439665267561,0.01949505070155672,0.3378005918396457,152,11
7,3900,male,0.18372429966442005,0.38299225507377466,-0.020670975005943785,7.518683929564969e-06,0.02067849368987335,0.0003635992080449947,133,11
7,3900,family,0.17639391125714826,0.46727921938005973,0.00032955584833015486,0.01681484344800928,0.016485287599679124,1.0199909067595871,119,11
7,3900,marriage,0.32392435210276,0.5903578822833481,0.035545471314958214,0.04348393187662265,0.007938460561664439,5.47762775079251,161,11
7,3900,love,0.12339676382511437,0.46239510002784073,-0.0057972256625438475,0.011505482632583159,0.017302708295127006,0.6649527019512036,87,11
7,3900,wealth,0.20583302161302752,0.540785185185185,0.00919100408781925,0.02400761587814595,0.014816611790326702,1.6203175338777147,125,11
7,3900,emotion,0.1786722286433488,0.48895539620807,-8.978306678661396e-06,0.016536916745177765,0.016545895051856427,0.9994573694774457,121,11
7,3900,scandal,0.11100953550110348,0.5158094435075886,-0.0029626442681111326,0.013902391600233327,0.01686503586834446,0.8243321691063626,72,11
7,3900,duty,0.12930403357627288,0.49999999999999994,-0.005466850488174106,0.01177619350132938,0.017243043989503486,0.682953282947898,85,11
7,3900,class,0.14231809461587314,0.4858657243816254,-0.0075586420204853885,0.010110906850366658,0.017669548870852047,0.5722221276669683,99,11
7,3900,society,0.24893630537199418,0.6147039483088887,-0.001581166152653064,0.015274575960672354,0.01685574211332542,0.9061942130504443,131,11
7,3934,female,0.2966752031319243,0.5546770801272186,0.007314420742166244,0.01316430046973066,0.0058498797275644155,2.2503540381267344,152,5
7,3934,male,0.22901355534165949,0.5439962688676578,0.018802306417226182,0.02256357047262447,0.0037612640553982882,5.9989328412722225,133,5
7,3934,family,0.22808270327816343,0.5330439868254995,0.04202267229472955,0.04202450378985228,1.8314951227284884e-06,22945.450590005006,119,5
7,3934,marriage,0.24234818531157204,0.49211278714384304,-0.0017211464910317767,0.006217314070632662,0.007938460561664439,0.7831888842370092,161,5
7,3934,love,0.13082706766917293,0.4679930795847751,-0.008640725207829431,1.1493988643939221e-05,0.00865221919647337,0.0013284439958820863,87,5
7,3934,wealth,0.18514826221850883,0.48998518518518525,-0.00925307693882458,7.999872002047968e-06,0.009261076810826628,0.0008638166127541378,125,5
7,3934,emotion,0.17995746943115368,0.47589784880894503,-0.009184716581948943,8.26432620948414e-06,0.009192980908158427,0.0008989822007843917,121,5
7,3934,scandal,0.10799133249791143,0.48442477047030164,-0.008419472598551763,1.3888503097136193e-05,0.0084333611016489,0.0016468526519958745,72,5
7,3934,duty,0.12854068532087107,0.48845841784989863,0.004877941426336534,0.01177619350132938,0.006898252074992846,1.7071271637510383,85,5
7,3934,class,0.1475898644863839,0.4851518720776671,-0.008825557018486335,1.0100806044322337e-05,0.008835657824530658,0.0011431866470808807,99,5
7,3934,society,0.19699248120300752,0.46535580524344566,-0.009357499992674899,7.63347124471382e-06,0.009365133463919612,0.0008150947632842244,131,5
7,3949,female,0.42222041899888074,0.696534831230122,0.1978574157285017,0.236845567821476,0.0389881520929743,6.074808758583893,152,56
7,3949,male,0.40458748882153395,0.7540703261914183,0.13910065571218694,0.19549330085261876,0.05639264514043181,3.4666453464334728,133,56
7,3949,family,0.2616916080638939,0.6709606919690952,0.05096357340233816,0.1260567049293289,0.07509313152699075,1.6786715690814096,119,56
7,3949,marriage,0.23470656256646005,0.49973503894311344,-0.02095900035055824,0.06832834374728264,0.08928734409784088,0.7652634809211406,161,56
7,3949,love,0.11603548513671738,0.44721194765938826,-0.057203454623086694,0.0344934599204616,0.0916969145435483,0.37616816325596153,87,56
7,3949,wealth,0.1665942579493828,0.45421481481481485,-0.04458686961903791,0.048007231884289854,0.09259410150332777,0.5184696552409015,125,56
7,3949,emotion,0.1607042941154391,0.3827631259115217,-0.09283181716868982,0.008272590535693625,0.10110440770438345,0.08182225407817842,121,56
7,3949,scandal,0.09740111021870684,0.44144650552744985,-0.06327287911789586,0.027790894697369516,0.09106377381526538,0.3051805732699125,72,56
7,3949,duty,0.11414663721079277,0.3979716024340771,-0.05607566773098611,0.035305051645843626,0.09138071937682973,0.38635121157088564,85,56
7,3949,class,0.15006931484924818,0.5245475961023665,0.007877012591315014,0.09091735520494536,0.08304034261363034,1.0948576600516964,99,56
7,3949,society,0.17383796803007984,0.4129499385310347,-0.06683826664433785,0.0305415184501,0.09737978509443786,0.3136330442726643,131,56
7,3989,female,0.21688539781119312,0.45426797989124856,-0.027529680740413683,0.03290088288311996,0.06043056362353364,0.5444411057877812,152,36
7,3989,male,0.1886400471058786,0.4701933404940924,-0.04886652732380566,0.0150448865430595,0.06391141386686516,0.23540218612851108,133,36
7,3989,family,0.17173622977987224,0.47365099886108286,-0.04545782221988205,0.01681484344800928,0.06227266566789133,0.27001965095592867,119,36
7,3989,marriage,0.29672140037618555,0.5360963225870059,0.051504270175424534,0.09317275561794262,0.04166848544251809,2.236048529871308,161,36
7,3989,love,0.1240538507232609,0.4463468957562742,-0.03582558469214209,0.02299947127652238,0.05882505596866447,0.390980865167098,87,36
7,3989,wealth,0.17806569021410137,0.4713925925925926,-0.027253403746133394,0.03200748788019392,0.05926089162632731,0.5401114799534019,125,36
7,3989,emotion,0.17753406426971455,0.43953573164803106,-0.025759582213973883,0.033065569164146054,0.05882515137811994,0.5620991767797255,121,36
7,3989,scandal,0.1045086699828005,0.4922709387296234,-0.045121018101588924,0.013902391600233327,0.05902340970182225,0.2355402995223533,72,36
7,3989,duty,0.12100995193449667,0.45535496957403654,-0.03508158907395954,0.023540622573586505,0.058622211647546045,0.40156490025859276,85,36
7,3989,class,0.14213351242665836,0.4684298818574437,-0.016125344491332495,0.04041332498333367,0.05653866947466617,0.7147908742480626,99,36
7,3989,society,0.18953881748235638,0.477285073048003,-0.01987909999024355,0.03817498969481382,0.05805408968505737,0.6575762345298157,131,36
7,4016,female,0.26569754336298534,0.47427413563147636,0.049711307117096135,0.07895290851436164,0.029241601397265508,2.7000199968201746,152,27
7,4016,male,0.20861285965722143,0.5035403358019108,0.005644206755362632,0.04511962226131938,0.03947541550595675,1.142980300064681,133,27
7,4016,family,0.15815909843788992,0.4213223751038877,-0.02897436611532566,0.01681484344800928,0.04578920956333494,0.3672228371704914,119,27
7,4016,marriage,0.25381023145201703,0.5503918958887902,0.0037995655447430124,0.04348393187662265,0.03968436633187964,1.0957446444242442,161,27
7,4016,love,0.11846371441563494,0.4715030028238476,-0.0334787907782355,0.011505482632583159,0.044984273410818655,0.2557667771412829,87,27
7,4016,wealth,0.1705615023886441,0.48179259259259255,-0.04014194979327715,0.008007871874050014,0.04814982166732716,0.16631155831087063,125,27
7,4016,emotion,0.18657263845173572,0.5162858531842489,-0.00921552539065338,0.033065569164146054,0.042281094554799434,0.7820414658496738,121,27
7,4016,scandal,0.13105184026181266,0.5988851414652426,0.0012056725794136816,0.04167939779450571,0.04047372521509203,1.0297890192211494,72,27
7,4016,duty,0.13183547967893552,0.5409634888438133,-0.03305296226020248,0.01177619350132938,0.04482915576153186,0.262690503557774,85,27
7,4016,class,0.16608061169990862,0.49070207374094293,0.02351082789921924,0.06061493707197835,0.03710410917275911,1.6336448555635086,99,27
7,4016,society,0.16885451264848156,0.4316479400749064,-0.04104972415734157,0.007641104715958534,0.048690828873300104,0.15693108728308477,131,27
7,4029,female,0.22652780206329776,0.4665025135939263,-0.00974192114504347,6.578860804463099e-06,0.009748500005847932,0.0006748587782573433,152,5
7,4029,male,0.19917976760082023,0.4644411781333032,-0.009392821916293743,7.518683929564969e-06,0.009400340600223309,0.0007998310112919236,133,5
7,4029,family,0.17894736842105263,0.46062271062271065,-0.009150903888651222,8.403220113947665e-06,0.00915930710876517,0.0009174515073294785,119,5
7,4029,marriage,0.24181105768706485,0.48651779552400676,-0.009916368569335223,6.211102967664998e-06,0.009922579672302888,0.0006259564722242773,161,5
7,4029,love,0.1292931710354578,0.4758680348407111,-0.008640725207829431,1.1493988643939221e-05,0.00865221919647337,0.0013284439958820863,87,5
7,4029,wealth,0.20139826811558562,0.509962962962963,0.010450357051604742,0.016007743876097984,0.005557386824493243,2.880444420868116,125,5
7,4029,emotion,0.18003819215752792,0.49031508264462814,0.0009178381634596978,0.008272590535693625,0.007354752372233927,1.1247952501840819,121,5
7,4029,scandal,0.10734808034579202,0.48708309911935543,-0.008419472598551763,1.3888503097136193e-05,0.0084333611016489,0.0016468526519958745,72,5
7,4029,duty,0.14110689205078691,0.5035598377281947,0.004877941426336534,0.01177619350132938,0.006898252074992846,1.7071271637510383,85,5
7,4029,class,0.1504637114899027,0.5028197166006353,0.0030420272351002805,0.010110906850366658,0.007068879615266378,1.430340789380568,99,5
7,4029,society,0.19536001335167666,0.49730537210166686,0.00014862341439037408,0.007641104715958534,0.00749248130156816,1.0198363409114455,131,5
7,4054,female,0.39793958495213455,0.6963039909715809,0.15594700407639256,0.2631610110393284,0.10721400696293583,2.454539462626831,152,95
7,4054,male,0.27987360669285677,0.6477189213635592,0.05639428451828837,0.18797461692305378,0.1315803324047654,1.4285920508498227,133,95
7,4054,family,0.19112069412552682,0.5570920675962693,-0.010230021147396712,0.1344599250432766,0.14468994619067332,0.9292969455193187,119,95
7,4054,marriage,0.251763712478566,0.5316043083900227,0.008198241352487035,0.1490726823269276,0.14087444097444057,1.058195378059504,161,95
7,4054,love,0.1384910559523715,0.49564491110845965,0.007563595044114385,0.1494333463598538,0.14186975131573942,1.0533136554685842,87,95
7,4054,wealth,0.1832599486432407,0.4971481481481481,0.0014117795900369934,0.14400569590886547,0.14259391631882848,1.0099007000121272,125,95
7,4054,emotion,0.1381201802596267,0.32806423189110356,-0.15442017532433672,0.016536916745177765,0.17095709206951448,0.09673138765343997,121,95
7,4054,scandal,0.08147629932043335,0.35054806070826305,-0.11346510424764594,0.04167939779450571,0.15514450204215166,0.26864888697707806,72,95
7,4054,duty,0.10233919027677327,0.3857302231237323,-0.05587400988526081,0.09412719700712924,0.15000120689239005,0.627509597799623,85,95
7,4054,class,0.19238379777357698,0.5612931434486204,0.08138367347304754,0.2121270277368134,0.13074335426376588,1.6224689119359672,99,95
7,4054,society,0.17526584361181802,0.4672784972982245,-0.025798220091261204,0.12214317338666586,0.14794139347792706,0.8256186488067929,131,95
7,4086,female,0.20618288933670897,0.43519800964399313,-0.05652585180556833,0.05263746529650925,0.10916331710207758,0.4821900496739785,152,64
7,4086,male,0.18904585376435012,0.48513200293968,-0.01691252340827941,0.08271304190914422,0.09962556531742363,0.8302391223053687,133,64
7,4086,family,0.1705885703923682,0.4732970111121372,-0.03533139423622281,0.06723416413169526,0.10256555836791807,0.6555237957157186,119,64
7,4086,marriage,0.22488968558985173,0.4695849354234448,-0.05322239739227273,0.05590613781195264,0.10912853520422537,0.5122962358728306,161,64
7,4086,love,0.21732020772493793,0.6294197192061408,0.15376523270145662,0.22989126686742836,0.07612603416597175,3.0198770943878963,87,64
7,4086,wealth,0.2234561935437872,0.5767925925925925,0.02926382339256048,0.12000607990272155,0.09074225651016107,1.3224938911229422,125,64
7,4086,emotion,0.22596828484397624,0.5726102941176471,0.06420578521586111,0.14876613609692405,0.08456035088106294,1.7592894843164673,121,64
7,4086,scandal,0.09956945770958536,0.48312488289301103,-0.09233839679508407,0.013902391600233327,0.10624078839531739,0.13085738359143448,72,64
7,4086,duty,0.14473559565070182,0.5352839756592292,0.05152832590507976,0.14118491329615773,0.08965658739107797,1.574729949052609,85,64
7,4086,class,0.24273472873608143,0.6482938929935398,0.12428621370665356,0.20202622169249107,0.07774000798583751,2.5987419724306817,99,64
7,4086,society,0.24671097407565332,0.6163121479829602,0.03225399694163382,0.12214317338666586,0.08988917644503204,1.3588195844690887,131,64
7,4098,female,0.4018908865594196,0.6674489586539448,0.09430147197426218,0.11184721253667715,0.017545740562414962,6.374607679421205,152,26
7,4098,male,0.23243883820548494,0.5370286618802645,0.03571902727049089,0.06767567405001428,0.03195664677952339,2.117733894760841,133,26
7,4098,family,0.17048002811314983,0.47263520792932556,-0.02714287099259717,0.01681484344800928,0.04395771444060645,0.382523151205829,119,26
7,4098,marriage,0.2325135742766099,0.49949472542640244,-0.018801981579528882,0.024850622973627657,0.04365260455315654,0.5692815635501735,161,26
7,4098,love,0.12458347784215354,0.4800143181004653,-0.01852460649483482,0.02299947127652238,0.0415240777713572,0.5538827714033724,87,26
7,4098,wealth,0.17078330562913197,0.41336296296296293,-0.03829010480011046,0.008007871874050014,0.046297976674160475,0.17296375455531196,125,26
7,4098,emotion,0.18741264481879108,0.5368862421001458,-0.027582406345546172,0.016536916745177765,0.04411932309072394,0.37482254001942794,121,26
7,4098,scandal,0.09946904673495645,0.446294734869777,-0.04383250661867311,1.3888503097136193e-05,0.04384639512177025,0.0003167535907626676,72,26
7,4098,duty,0.12908531399692025,0.49070993914807304,-0.004351708158432915,0.035305051645843626,0.03965675980427654,0.8902656651526558,85,26
7,4098,class,0.1365301663645253,0.4255452046971481,-0.03406031515944957,0.010110906850366658,0.04417122200981623,0.2289025838563125,99,26
7,4098,society,0.18372580124107718,0.39115704605883866,-0.039177071994990126,0.007641104715958534,0.04681817671094866,0.16320807969457762,131,26
7,4135,female,0.22637135303350472,0.5026290140556068,-0.022656161731997946,0.006585439665267561,0.029241601397265508,0.22520790074302097,152,16
7,4135,male,0.19967288350746998,0.4852733337102154,-0.0018743075804655597,0.02256357047262447,0.02443787805309003,0.923303178069838,133,16
7,4135,family,0.17638002012374152,0.4921507064364207,-0.019062635001988442,0.008411623334061612,0.027474258336050054,0.30616379997847754,119,16
7,4135,marriage,0.27630035821786236,0.5303411219560288,0.0502105419966763,0.06211724077961764,0.011906698782941339,5.21699943089143,161,16
7,4135,love,0.1471397603203411,0.5089289265401901,0.025224544629812364,0.045987448564400825,0.02076290393458846,2.2148851965536704,87,16
7,4135,wealth,0.1931088932640474,0.5156296296296297,-6.822087801421073e-05,0.02400761587814595,0.024075836756160162,0.9971664171134604,125,16
7,4135,emotion,0.18092357113670726,0.4871931210500729,0.0009024337591074759,0.024801242954661906,0.02389880919555443,1.037760616049338,121,16
7,4135,scandal,0.1291777596129532,0.5248735244519392,0.03533019511661922,0.05556790089164191,0.020237705775022683,2.7457608835028076,72,16
7,4135,duty,0.2057191084208021,0.5707302231237322,0.05335529487311152,0.070598338862615,0.017243043989503486,4.094308342627709,85,16
7,4135,class,0.14857607428205047,0.4976264410893387,-0.01639253306680678,0.010110906850366658,0.026503439917173438,0.38149413365144347,99,16
7,4135,society,0.20398482562798378,0.5134945821539869,0.008067819849720225,0.0305415184501,0.022473698600379774,1.3589894121043744,131,16
7,4151,female,0.22162776488280633,0.47614650661742075,-0.0343520225668485,0.006585439665267561,0.04093746223211606,0.16086585015375762,152,22
7,4151,male,0.1948141615519056,0.48224885522075867,-0.03194921289246222,0.007526202613494532,0.03947541550595675,0.19065543748787622,133,22
7,4151,family,0.17578852390807623,0.5015698587127158,-0.01981689050168322,0.01681484344800928,0.0366317339496925,0.45902395640464644,119,22
7,4151,marriage,0.235760079074576,0.49397367642709256,-0.02725594929358198,0.012428417038297659,0.03968436633187964,0.31318169311425686,161,22
7,4151,love,0.13072285248681376,0.5081135902636918,-0.011604215215911911,0.02299947127652238,0.03460368649243429,0.6646537871300592,87,22
7,4151,wealth,0.19237577287083976,0.49660740740740744,0.008524143153414952,0.04000735988224189,0.03148321672882694,1.2707519763804584,125,22
7,4151,emotion,0.1818386638362715,0.4667446524064171,-0.03033204694725681,0.008272590535693625,0.038604637482950434,0.21429007173381404,121,22
7,4151,scandal,0.11994542139827032,0.5486696646055836,-0.005937490704366066,0.027790894697369516,0.03372838540173558,0.8239616087616072,72,22
7,4151,duty,0.13906797251503106,0.4975050709939148,-0.010943741273434716,0.023540622573586505,0.03448436384702122,0.6826462763626511,85,22
7,4151,class,0.19858313406270478,0.5569118749330764,0.056079887452713854,0.08081654916062302,0.024736661707909162,3.2670758128820636,99,22
7,4151,society,0.3167728905391747,0.5985361809188896,0.09189314094626423,0.1068762308972382,0.014983089950973966,7.13312349053592,131,22
7,4164,female,0.2056347135547923,0.3925951574843542,-0.006818686918014849,0.07895290851436164,0.08577159543237649,0.9205018061683218,152,56
7,4164,male,0.17876439140760841,0.44732602182147096,-0.08646037095597248,0.0150448865430595,0.10150525749903197,0.14821780579252028,133,56
7,4164,family,0.16023036486808506,0.3939883645765999,-0.0002100027810425925,0.0840406043595906,0.08425060714063319,0.9975074033390695,119,56
7,4164,marriage,0.25105075964932166,0.5347037365670907,-0.012763778272254792,0.07453944671494764,0.08730322498720243,0.853799464166649,161,56
7,4164,love,0.1376543617704829,0.4724575428548702,-0.004307108768406898,0.08046941449621849,0.08477652326462538,0.9491945576027966,87,56
7,4164,wealth,0.16274051671322057,0.43904444444444446,-0.05443858661425257,0.04000735988224189,0.09444594649649446,0.42360060294703317,125,56
7,4164,emotion,0.20818078234172427,0.5296320491006319,0.05870650401243982,0.13223748367795576,0.07353097966551594,1.7983914300841717,121,56
7,4164,scandal,0.1777107054676027,0.622704703016676,0.1392000155382831,0.20834143496014002,0.06914141942185692,3.0132652279809293,72,56
7,4164,duty,0.133921597880089,0.5339148073022313,-0.029098545614968316,0.05883390979035788,0.0879324554053262,0.6690807110809411,85,56
7,4164,class,0.13915288331283357,0.4920316236570654,-0.027725740169444832,0.06061493707197835,0.08834067724142318,0.6861497892487255,99,56
7,4164,society,0.21292058028566108,0.5427709637761958,0.047235214240445425,0.12214317338666586,0.07490795914622043,1.630576707431204,131,56
7,4219,female,0.2111985701614864,0.431793115830512,-0.00974192114504347,6.578860804463099e-06,0.009748500005847932,0.0006748587782573433,152,5
7,4219,male,0.20433106051452068,0.523793035219628,-0.009392821916293743,7.518683929564969e-06,0.009400340600223309,0.0007998310112919236,133,5
7,4219,family,0.16496811798567193,0.42203804598762584,-0.009150903888651222,8.403220113947665e-06,0.00915930710876517,0.0009174515073294785,119,5
7,4219,marriage,0.24918984905739433,0.5167911367445529,-0.0017211464910317767,0.006217314070632662,0.007938460561664439,0.7831888842370092,161,5
7,4219,love,0.208974374706273,0.5747126436781609,0.031031534183180415,0.0344934599204616,0.003461925737281186,9.963662576305662,87,5
7,4219,wealth,0.18893255943232184,0.49163703703703704,-0.00925307693882458,7.999872002047968e-06,0.009261076810826628,0.0008638166127541378,125,5
7,4219,emotion,0.18726146105517505,0.4848991249392318,0.0009178381634596978,0.008272590535693625,0.007354752372233927,1.1247952501840819,121,5
7,4219,scandal,0.09903189994732985,0.454398538504778,-0.008419472598551763,1.3888503097136193e-05,0.0084333611016489,0.0016468526519958745,72,5
7,4219,duty,0.12240182670871172,0.47202839756592296,-0.008610619631672362,1.1764429072257124e-05,0.00862238406074462,0.0013644055968758083,85,5
7,4219,class,0.15223740900465696,0.5351483028161473,-0.008825557018486335,1.0100806044322337e-05,0.008835657824530658,0.0011431866470808807,99,5
7,4219,society,0.18469262804743503,0.47045201132172565,0.00014862341439037408,0.007641104715958534,0.00749248130156816,1.0198363409114455,131,5
7,4233,female,0.24747394802796463,0.5100030778701139,0.020715623373064162,0.04605860449204616,0.025342981118981995,1.8174106776937409,152,20
7,4233,male,0.22051705236136904,0.5237506359884674,0.05639555647131424,0.07519435797957924,0.018798801508265007,3.999954887683645,133,20
7,4233,family,0.22970315028614832,0.5440329978145104,0.07595853687385913,0.09244382447353826,0.016485287599679124,5.607656154553832,119,20
7,4233,marriage,0.2549206868101932,0.49611801242236025,0.0012979551626052695,0.031061725941292653,0.029763770778687384,1.0436085592518767,161,20
7,4233,love,0.13082706766917293,0.47837370242214533,-0.03459219250379035,1.1493988643939221e-05,0.03460368649243429,0.0003321608131584504,87,20
7,4233,wealth,0.18613412318675474,0.48649629629629626,-0.027179034841110304,0.008007871874050014,0.03518690671516032,0.22758101297867805,125,20
7,4233,emotion,0.18195488721804512,0.47702205882352944,-0.03675814462081645,8.26432620948414e-06,0.03676640894702594,0.00022477926036145745,121,20
7,4233,scandal,0.10827067669172932,0.47892074198988194,-0.033714496898638445,1.3888503097136193e-05,0.03372838540173558,0.0004117749169223425,72,20
7,4233,duty,0.12687601356332007,0.48503042596348883,-0.03447259941794897,1.1764429072257124e-05,0.03448436384702122,0.00034115256190037535,85,20
7,4233,class,0.14887218045112782,0.47791519434628976,-0.03532723015745051,1.0100806044322337e-05,0.03533733096349483,0.00028583952915037973,99,20
7,4233,society,0.19699248120300752,0.47659176029962547,-0.037447282427946676,7.63347124471382e-06,0.03745491589919139,0.0002038042553627737,131,20
7,4256,female,0.25595762836068764,0.571387349953832,-0.005112370479722129,0.006585439665267561,0.01169781014498969,0.562963459235592,152,7
7,4256,male,0.32675361065450326,0.6706781050370286,0.005644545942836192,0.0150448865430595,0.009400340600223309,1.600461853595139,133,7
7,4256,family,0.21008246362552646,0.5085264875180842,0.007655536339244108,0.01681484344800928,0.00915930710876517,1.8358204661662865,119,7
7,4256,marriage,0.21371418888528398,0.4271295474711624,-0.013884606790612123,6.211102967664998e-06,0.013890817893579788,0.0004471373114817506,161,7
7,4256,love,0.1269645581594677,0.4767231436185022,-0.012100920847290886,1.1493988643939221e-05,0.012112414835934825,0.0009489427829775269,87,7
7,4256,wealth,0.17882853130813836,0.48430370370370374,0.006746667065271356,0.016007743876097984,0.009261076810826628,1.7284970421210297,125,7
7,4256,emotion,0.1748110441567316,0.4994075109382596,-0.012861173653797945,8.26432620948414e-06,0.012869437980007429,0.0006421668313473005,121,7
7,4256,scandal,0.09961441353305331,0.4873992879895072,-0.011792142505229987,1.3888503097136193e-05,0.011806031008327124,0.0011763905317683692,72,7
7,4256,duty,0.12184745615017006,0.4812981744421907,-0.012058883603175908,1.1764429072257124e-05,0.012070648032248166,0.0009746311084419351,85,7
7,4256,class,0.16181605330389312,0.4819038440946568,0.011376055070158339,0.020211712894688996,0.008835657824530658,2.287516480808842,99,7
7,4256,society,0.17631217749056904,0.402135689167167,-0.0035966809103125308,0.007641104715958534,0.011237785626271065,0.6799475421043484,131,7
7,4257,female,0.29771937148437055,0.5896301426079819,0.11549942784060446,0.19737240299469744,0.08187297515409298,2.4107149229744307,152,72
7,4257,male,0.2243534211287971,0.548165526598451,0.07143207636176027,0.16541856513435887,0.0939864887725986,1.7600249492544717,133,72
7,4257,family,0.2504226044696369,0.5993320405085111,0.12400680380544392,0.2100889060688056,0.08608210226336167,2.4405643048030345,119,72
7,4257,marriage,0.28627800191656744,0.540298728186927,0.05383298089717138,0.1490726823269276,0.09523970142975623,1.5652367666787625,161,72
7,4257,love,0.1290679922569405,0.45523604979517157,-0.0452127603477685,0.06897542585227927,0.11418818620004777,0.6040504551918906,87,72
7,4257,wealth,0.19096131687251933,0.5001925925925925,-0.015106087538417037,0.09600646389657766,0.1111125514349947,0.8640469744939774,125,72
7,4257,emotion,0.1738042183224767,0.46394931939718037,-0.0414230357802127,0.07438720021156675,0.11581023599177945,0.6423197360223378,121,72
7,4257,scandal,0.10316758898789052,0.459199925051527,-0.07467940032084636,0.04167939779450571,0.11635879811535207,0.35819721816676653,72,72
7,4257,duty,0.12364293342356318,0.4291480730223124,-0.08366177950301451,0.035305051645843626,0.11896683114885813,0.29676382319851113,85,72
7,4257,class,0.14046369825883462,0.4535996002427098,-0.09159694427843314,0.030312518939011334,0.12190946321744447,0.2486477927041283,99,72
7,4257,society,0.18638722544860648,0.47541241387197297,-0.07778845442783056,0.04580846093952764,0.1235969153673582,0.3706278656146379,131,72
7,4328,female,0.2247510184638487,0.5154406484046373,-0.014127990788393092,0.01316430046973066,0.02729229125812375,0.482345008879746,152,16
7,4328,male,0.2388990037688279,0.5600514444004749,-0.0018743075804655597,0.02256357047262447,0.02443787805309003,0.923303178069838,133,16
7,4328,family,0.16170545574124798,0.43924492874072707,-0.029297350238664595,8.403220113947665e-06,0.029305753458778543,0.00028674301534273425,119,16
7,4328,marriage,0.23735710978228702,0.4988538893818396,-0.023546456708054723,0.006217314070632662,0.029763770778687384,0.20888865583105945,161,16
7,4328,love,0.18776192377622852,0.6267549616195363,0.012000458166142411,0.0344934599204616,0.02249300175431919,1.5335196384939827,87,16
7,4328,wealth,0.17770587050943146,0.48386666666666667,-0.019771654868443532,0.008007871874050014,0.027779526742493548,0.28826523748917354,125,16
7,4328,emotion,0.2203219693095962,0.5481891103548858,0.011004988504516124,0.033065569164146054,0.02206058065962993,1.4988530752119325,121,16
7,4328,scandal,0.12935297003218824,0.5548646243207795,0.004180519015668609,0.027790894697369516,0.023610375681700907,1.177062790988609,72,16
7,4328,duty,0.17388231651745928,0.5635091277890467,0.026378172757093723,0.047069480718100756,0.020691307961007033,2.274843175913712,85,16
7,4328,class,0.14873433159116764,0.47296284398757893,0.007342635440366452,0.030312518939011334,0.022969883498644882,1.3196635907831213,99,16
7,4328,society,0.1993473688164734,0.4851616776739,-0.001438303557345054,0.022908047205386174,0.024346350762731228,0.9409232384638238,131,16
7,4340,female,0.19574424468809737,0.40437442289935366,-0.007061680618863887,0.006585439665267561,0.013647120284131448,0.4825515953312439,152,8
7,4340,male,0.17170419361807474,0.3829357227655605,-0.0056335223499454565,0.007526202613494532,0.013159724963439989,0.5719118472332608,133,8
7,4340,family,0.16601248447271322,0.47439745128820754,-0.014645389256836686,8.403220113947665e-06,0.014653792476950634,0.0005734501922687849,119,8
7,4340,marriage,0.3220902095979771,0.6200458444247263,0.00871694033365977,0.018639520005962657,0.009922579672302888,1.878495373145056,161,8
7,4340,love,0.16890547698111366,0.5930278805234062,-0.0006069322033516664,0.011505482632583159,0.012112414835934825,0.9498917257605043,87,8
7,4340,wealth,0.2637172014684863,0.6376000000000001,0.004894822072104664,0.016007743876097984,0.01111292180399332,1.4404622075992017,125,8
7,4340,emotion,0.2232092901004447,0.5760588842975205,0.005505707301094837,0.016536916745177765,0.011031209444082929,1.4991027799357903,121,8
7,4340,scandal,0.12750626994010097,0.6037685029042532,-0.013478477458569097,1.3888503097136193e-05,0.013492365961666234,0.0010293600941129288,72,8
7,4340,duty,0.13567895907117006,0.5080730223123732,-0.01378301558892768,1.1764429072257124e-05,0.013794780017999938,0.0008528174466032547,85,8
7,4340,class,0.19025120376780388,0.5920155619802263,0.021476861114480675,0.030312518939011334,0.008835657824530658,3.4307031278897226,99,8
7,4340,society,0.21386198802950993,0.5560582668610802,-0.005469333072663983,0.007641104715958534,0.013110437788622517,0.5828260534523723,131,8
7,4349,female,0.20909139305451163,0.4252462296091105,-0.0109603008971474,0.006585439665267561,0.017545740562414962,0.3753298210164475,152,10
7,4349,male,0.17370756645837873,0.41770309231725933,-0.018791282824335443,7.518683929564969e-06,0.018798801508265007,0.00039995549321904266,133,10
7,4349,family,0.17011342574218022,0.4500877273986517,-0.008073664265617512,0.008411623334061612,0.016485287599679124,0.5102503236713377,119,10
7,4349,marriage,0.29863803554791124,0.5544464162476584,0.012943924190686318,0.024850622973627657,0.011906698782941339,2.0871127610235587,161,10
7,4349,love,0.14103112587440914,0.532533906057352,-0.00406712784281312,0.011505482632583159,0.015572610475396279,0.738828127116019,87,10
7,4349,wealth,0.20298368847349502,0.5598370370370371,0.0011911320857712817,0.016007743876097984,0.014816611790326702,1.0803916645415885,125,10
7,4349,emotion,0.18849298422293712,0.49772119591638303,-0.018375859261571443,8.26432620948414e-06,0.018384123587780927,0.0004495360450322211,121,10
7,4349,scandal,0.12983430209608107,0.5693741802510774,0.014298528735703283,0.027790894697369516,0.013492365961666234,2.0597495483199704,72,10
7,4349,duty,0.1695948805162948,0.5498377281947262,0.036722964671604366,0.047069480718100756,0.010346516046496394,4.549307274257834,85,10
7,4349,class,0.17652738779819355,0.582057322340008,0.006075720442365507,0.020211712894688996,0.01413599245232349,1.4298050144994987,99,10
7,4349,society,0.37888031840062075,0.6967292792406438,0.028809856230894205,0.03817498969481382,0.009365133463919612,4.076288911184407,131,10
7,4383,female,0.28342867346832656,0.603660100543757,0.006096040990062312,0.01974316127419376,0.013647120284131448,1.4466906469421212,152,10
7,4383,male,0.24526048639552245,0.5439326700209169,0.0282005977315311,0.03760093833175441,0.009400340600223309,3.9999548874709103,133,10
7,4383,family,0.18235842678871422,0.5175454797303537,0.0021610509710586444,0.01681484344800928,0.014653792476950634,1.1474738347298385,119,10
7,4383,marriage,0.22776362696693345,0.45975672877846785,-0.011641742044224024,0.006217314070632662,0.017859056114856685,0.34813228819592756,161,10
7,4383,love,0.1336473397109732,0.4850157101380106,-0.00406712784281312,0.011505482632583159,0.015572610475396279,0.738828127116019,87,10
7,4383,wealth,0.2141918150022138,0.49205185185185185,0.030746283071415262,0.04000735988224189,0.009261076810826628,4.319946880383443,125,10
7,4383,emotion,0.17147564830387835,0.4791033665532328,-0.018375859261571443,8.26432620948414e-06,0.018384123587780927,0.0004495360450322211,121,10
7,4383,scandal,0.10995837933419973,0.49948472924864157,-0.001276309314772019,0.013902391600233327,0.015178700915005346,0.9159144565246554,72,10
7,4383,duty,0.12891757279161076,0.47159229208924947,0.009745842555586567,0.023540622573586505,0.013794780017999938,1.7064877106531127,85,10
7,4383,class,0.15352063430064583,0.5166595281436271,-0.005791863811221109,0.010110906850366658,0.015902770661587767,0.6357953003845538,99,10
7,4383,society,0.2002011668431282,0.5148955027589559,0.00029148600969838845,0.015274575960672354,0.014983089950973966,1.019454332159301,131,10
7,4415,female,0.20598151838870649,0.4490099517800349,-0.035082952953886325,6.578860804463099e-06,0.03508953181469079,0.00018748784791483786,152,18
7,4415,male,0.1877572290367023,0.4687447000961049,-0.01503206805485555,0.0150448865430595,0.03007695459791505,0.500213094832487,133,18
7,4415,family,0.1744593376100753,0.4857327546403176,-0.002256194774093112,0.02521806356195694,0.027474258336050054,0.9178796840513599,119,18
7,4415,marriage,0.355824805779572,0.6046164842748694,0.0626327479320063,0.07453944671494764,0.011906698782941339,6.260294987514053,161,18
7,4415,love,0.1294508305031925,0.5290239828182794,-0.031131996864328892,1.1493988643939221e-05,0.03114349085297283,0.0003690655199133846,87,18
7,4415,wealth,0.19861216501322765,0.5423111111111111,0.006079806130867064,0.03200748788019392,0.025927681749326855,1.2344909270490572,125,18
7,4415,emotion,0.1739384218153727,0.48704879679144386,-0.03308168754896745,8.26432620948414e-06,0.03308995187517694,0.00024975334628498,121,18
7,4415,scandal,0.10726903546809485,0.5195217350571483,-0.014766988941484918,0.013902391600233327,0.028669380541718244,0.4849212413054528,72,18
7,4415,duty,0.17117478432963668,0.5841379310344827,0.009441347727581272,0.035305051645843626,0.025863703918262353,1.3650423681021844,85,18
7,4415,class,0.16752583885599998,0.560017132455295,-0.03179367373892196,1.0100806044322337e-05,0.03180377454496628,0.0003175977124892378,99,18
7,4415,society,0.19881027440997143,0.516732424164451,-0.005183607882047955,0.022908047205386174,0.02809165508743413,0.8154751698776856,131,18
7,4436,female,0.20628539455448847,0.44479711706166,-0.041418332736377704,0.01316430046973066,0.054582633206108365,0.2411811174404143,152,30
7,4436,male,0.22190934507508153,0.5530414381819211,0.01880188243288422,0.06015699012044931,0.04135510768756509,1.4546447460245169,133,30
7,4436,family,0.17000948603964977,0.4587912087912088,0.006470009463193489,0.05042772390379994,0.04395771444060645,1.147187121632274,119,30
7,4436,marriage,0.21486928107092457,0.4101597160603372,-0.043128902178689574,0.012428417038297659,0.055557319216987235,0.22370440498637012,161,30
7,4436,love,0.22650747208507382,0.6811736865131448,0.08034769393560184,0.11495138042803614,0.03460368649243429,3.321940292397662,87,30
7,4436,wealth,0.22017821348240668,0.566274074074074,0.023264534193725393,0.06400697588838579,0.040742441694660396,1.5710147262775214,125,30
7,4436,emotion,0.22190962232807815,0.5935373116188625,0.03578256272861632,0.07438720021156675,0.038604637482950434,1.926898037638422,121,30
7,4436,scandal,0.14311787851411734,0.6147180063706202,0.027296343820346958,0.0694564039887781,0.04216006016843114,1.6474455612646073,72,30
7,4436,duty,0.1745045588995135,0.5821196754563894,0.04270600813059559,0.08236276793487213,0.03965675980427654,2.0768910102411677,85,30
7,4436,class,0.30400264786024933,0.6495609808330657,0.12501875155370595,0.1515221914708794,0.026503439917173438,5.717076422482822,99,30
7,4436,society,0.192145867558624,0.4588586785601967,-0.00864318701613484,0.03817498969481382,0.04681817671094866,0.8153882183342485,131,30
7,4473,female,0.21924217576770752,0.502859854314148,-0.048728123927878626,6.578860804463099e-06,0.04873470278868309,0.00013499335027966587,152,25
7,4473,male,0.19437280236129184,0.49574594380688564,-0.046986665548460545,7.518683929564969e-06,0.04699418423239011,0.00015999179584061862,133,25
7,4473,family,0.17159038573747934,0.5043094160741219,-0.03554609110654484,0.008411623334061612,0.04395771444060645,0.19135715859921779,119,25
7,4473,marriage,0.23233828703413004,0.49309868875086266,-0.025013084547193882,0.018639520005962657,0.04365260455315654,0.4269967438675507,161,25
7,4473,love,0.15197866854658026,0.5808376088772222,-0.016794508675104094,0.02299947127652238,0.03979397995162647,0.5779635840371472,87,25
7,4473,wealth,0.21036988431353937,0.565762962962963,-0.026586542811729105,0.016007743876097984,0.04259428668782709,0.3758190386669153,125,25
7,4473,emotion,0.19669828032883013,0.5429326689353428,-0.00553906831880438,0.033065569164146054,0.038604637482950434,0.8565180589480421,121,25
7,4473,scandal,0.1368961545280211,0.5041690088064456,0.020153180536567214,0.05556790089164191,0.035414720355074696,1.5690622524458346,72,25
7,4473,duty,0.1272603178105926,0.49941176470588233,-0.02960469828869894,0.01177619350132938,0.04138089179002832,0.28458046677192556,85,25
7,4473,class,0.2044083529875597,0.6054716779098405,0.003309215810574563,0.04041332498333367,0.03710410917275911,1.089187313299383,99,25
7,4473,society,0.38799865386742893,0.6207078937587558,0.18133641852986263,0.18321094334437643,0.0018745248145138032,97.73727284274906,131,25
7,4477,female,0.4240639854686051,0.6209025854108957,0.1513184280533166,0.15132037736345574,1.949310139141758e-06,77627.61640508505,152,23
7,4477,male,0.19753735429700103,0.49091949799310314,-0.015032152851723945,0.02256357047262447,0.037595723324348414,0.600163222751756,133,23
7,4477,family,0.21391990495150331,0.5287114845938375,0.039759905795645215,0.06723416413169526,0.027474258336050054,2.4471693942335655,119,23
7,4477,marriage,0.24810245259706465,0.4828145026126392,-0.021044846325916983,0.018639520005962657,0.03968436633187964,0.46969428337625435,161,23
7,4477,love,0.12794138950891565,0.46816211271526864,-0.03978248596298253,1.1493988643939221e-05,0.03979397995162647,0.00028883737333190766,87,23
7,4477,wealth,0.18335998932437744,0.4840518518518519,-0.03273456982061038,0.008007871874050014,0.040742441694660396,0.1965486490443443,125,23
7,4477,emotion,0.17952937521452594,0.5047019324258629,-0.011965165992364031,0.024801242954661906,0.03676640894702594,0.6745625603447338,121,23
7,4477,scandal,0.10578157498651101,0.4805368184373243,-0.023198663708180474,0.013902391600233327,0.0371010553084138,0.37471687757371736,72,23
7,4477,duty,0.12756972281649023,0.4833671399594321,0.0008206877988224046,0.035305051645843626,0.03448436384702122,1.0237988382630263,85,23
7,4477,class,0.14406617889088036,0.4874183531427348,-0.028759980531656733,0.010110906850366658,0.03887088738202339,0.26011515381000877,99,23
7,4477,society,0.19184886962424777,0.4674214483803642,-0.04306523891500103,7.63347124471382e-06,0.04307287238624575,0.0001772222473598988,131,23
