layer,neuron,concept,AP,AUROC,ΔP,P(fire|1),P(fire|0),lift,label_support,neuron_fires_total
8,23,female,0.2248793250286085,0.47760849492151436,-0.00633075023182606,0.01316430046973066,0.01949505070155672,0.6752637205505806,152,12
8,23,male,0.1870274825431607,0.4447820679518345,-0.013152291076378816,0.007526202613494532,0.02067849368987335,0.36396280725303964,133,12
8,23,family,0.16857859709628542,0.45496660202542555,-0.02197136974775064,8.403220113947665e-06,0.02197977296786459,0.00038231605603257295,119,12
8,23,marriage,0.24453605949242752,0.4780513654737257,0.0007804638911059723,0.018639520005962657,0.017859056114856685,1.0437012955803984,161,12
8,23,love,0.1380973653701977,0.4808296543769638,-0.007527323482274575,0.011505482632583159,0.019032806114857734,0.6045079512997841,87,12
8,23,wealth,0.1715224734455358,0.4515407407407407,-0.022215991890991424,7.999872002047968e-06,0.022223991762993472,0.00035996557625660565,125,12
8,23,emotion,0.1716108505675291,0.4495320855614974,-0.011949761588011802,0.008272590535693625,0.020222352123705427,0.40908151953239363,121,12
8,23,scandal,0.16701701828037058,0.6130316657298107,0.04207553492997568,0.05556790089164191,0.013492365961666234,4.118469736545829,72,12
8,23,duty,0.12952063720169535,0.5416227180527383,-0.020679543531934776,1.1764429072257124e-05,0.020691307961007033,0.0005685686518154742,85,12
8,23,class,0.14586329325482694,0.4552771531570118,0.0025421640238369493,0.020211712894688996,0.017669548870852047,1.1438726048567471,99,12
8,23,society,0.19726437603360797,0.5034880064042084,-0.0034538183150045147,0.015274575960672354,0.01872839427567687,0.815583852786265,131,12
8,128,female,0.2276002506265664,0.488098902226326,-0.00633075023182606,0.01316430046973066,0.01949505070155672,0.6752637205505806,152,12
8,128,male,0.31056745128621804,0.5697043360280399,0.08083147003535428,0.08271304190914422,0.001881571873789948,43.95954415420778,133,12
8,128,family,0.1772470391665438,0.4907578415981777,-0.02197136974775064,8.403220113947665e-06,0.02197977296786459,0.00038231605603257295,119,12
8,128,marriage,0.24020688366879933,0.48722641230405206,-0.015609980265500926,0.006217314070632662,0.021827294336133587,0.28484126225647144,161,12
8,128,love,0.13339147241143612,0.501769876307521,0.01892084944506532,0.0344934599204616,0.015572610475396279,2.215008201273899,87,12
8,128,wealth,0.18708155002891846,0.48545185185185186,-0.022215991890991424,7.999872002047968e-06,0.022223991762993472,0.00035996557625660565,125,12
8,128,emotion,0.18108685572800406,0.485719494409334,-0.022052316333420446,8.26432620948414e-06,0.02206058065962993,0.0003746196138995082,121,12
8,128,scandal,0.1079243247006405,0.490057616638561,-0.004648979221450243,0.013902391600233327,0.01855137082168357,0.7493996930531014,72,12
8,128,duty,0.1288969973954494,0.49548681541582146,0.00629757858408302,0.023540622573586505,0.017243043989503486,1.3652242948838604,85,12
8,128,class,0.14908956139606294,0.49914337723525004,-0.009325420229749668,0.010110906850366658,0.019436327080116327,0.520206662923988,99,12
8,128,society,0.1953756970229449,0.4897003745318352,-0.02246606512913506,7.63347124471382e-06,0.022473698600379774,0.00033966243741673935,131,12
8,146,female,0.22857142857142856,0.48830409356725146,-0.023387092119035773,6.578860804463099e-06,0.023393670979840235,0.00028122396052553204,152,12
8,146,male,0.2721804511278195,0.5451127819548872,0.09022984614652757,0.09023172583870918,1.87969218160834e-06,48003.43307172256,133,12
8,146,family,0.19987679282239212,0.5198079231692677,0.03943692167230628,0.05042772390379994,0.010990802231493658,4.588174988238197,119,12
8,146,marriage,0.24122262177182086,0.49214975845410625,-0.015609980265500926,0.006217314070632662,0.021827294336133587,0.28484126225647144,161,12
8,146,love,0.1350704347074583,0.49632104363043394,-0.007527323482274575,0.011505482632583159,0.019032806114857734,0.6045079512997841,87,12
8,146,wealth,0.18796992481203006,0.4888888888888889,-0.022215991890991424,7.999872002047968e-06,0.022223991762993472,0.00035996557625660565,125,12
8,146,emotion,0.18195488721804512,0.4889705882352941,-0.022052316333420446,8.26432620948414e-06,0.02206058065962993,0.0003746196138995082,121,12
8,146,scandal,0.10831012716977631,0.49761101742551994,-0.004648979221450243,0.013902391600233327,0.01855137082168357,0.7493996930531014,72,12
8,146,duty,0.12781954887218044,0.4896551724137931,-0.020679543531934776,1.1764429072257124e-05,0.020691307961007033,0.0005685686518154742,85,12
8,146,class,0.14887218045112782,0.48939929328621906,-0.02119300448333628,1.0100806044322337e-05,0.021203105289380603,0.00047638333659102554,99,12
8,146,society,0.19699248120300752,0.4887640449438202,-0.02246606512913506,7.63347124471382e-06,0.022473698600379774,0.00033966243741673935,131,12
8,291,female,0.21431451055092585,0.4378654970760234,-0.011691231284185227,6.578860804463099e-06,0.01169781014498969,0.0005624010581774146,152,6
8,291,male,0.18736863457616384,0.3898043982135791,-0.0018741379867287765,0.007526202613494532,0.009400340600223309,0.8006308423032154,133,6
8,291,family,0.16644013873269234,0.4152122387416505,-0.01098239901137971,8.403220113947665e-06,0.010990802231493658,0.0007645684033058152,119,6
8,291,marriage,0.23153311922178832,0.5066178645371192,-0.011900487679973674,6.211102967664998e-06,0.011906698782941339,0.0005216477783113119,161,6
8,291,love,0.13566427338232984,0.5120510678916598,-0.010370823027560159,1.1493988643939221e-05,0.010382317016204097,0.0011070735583293227,87,6
8,291,wealth,0.1766616401370215,0.4402814814814815,-0.0012532049367766137,0.008007871874050014,0.009261076810826628,0.8646804293668918,125,6
8,291,emotion,0.17055152953835423,0.40441176470588236,-0.011022945117873445,8.26432620948414e-06,0.011031209444082929,0.0007491768015671116,121,6
8,291,scandal,0.14836655124704248,0.5758853288364251,0.005469030498584427,0.013902391600233327,0.0084333611016489,1.64849950464787,72,6
8,291,duty,0.17525397747507226,0.5698985801217038,0.00315380944058476,0.01177619350132938,0.00862238406074462,1.3657700024726838,85,6
8,291,class,0.14920970643194115,0.4942534889531356,0.0012752490258360009,0.010110906850366658,0.008835657824530658,1.1443298337279613,99,6
8,291,society,0.18960348569652596,0.48749178031277696,-0.0017240287479610783,0.007641104715958534,0.009365133463919612,0.8159098580475086,131,6
8,458,female,0.23647698165624398,0.47610803324099726,0.06579177563192826,0.2236878462125498,0.15789607058062155,1.416677725978737,152,115
8,458,male,0.2626860517493962,0.555599525128611,0.12218257810902794,0.2706801401482684,0.14849756203924047,1.822791811726299,133,115
8,458,family,0.2620891100402596,0.5971311601563702,0.19877324207826116,0.33613720777802053,0.13736396569975937,2.4470552088622637,119,115
8,458,marriage,0.2060061009560334,0.4027223208123829,-0.07246025125179921,0.11801716748860262,0.19047741874040183,0.6195861339806713,161,115
8,458,love,0.11960123407642947,0.43554866165533146,-0.013814274886830208,0.16092733500379303,0.17474160989062323,0.9209445598195073,87,115
8,458,wealth,0.16207795669483935,0.37806666666666666,-0.10458713923979947,0.08800659189452968,0.19259373113432915,0.4569546027055803,125,115
8,458,emotion,0.1644487917711231,0.4141194701020904,-0.11036430807955758,0.08265152642105089,0.19301583450060847,0.428211118711932,121,115
8,458,scandal,0.08862711585092543,0.31168025107738434,-0.11604212721347755,0.0694564039887781,0.18549853120225565,0.37443101860829764,72,115
8,458,duty,0.12611222907236208,0.4441886409736308,-0.07686808854228737,0.10589162607938636,0.18275971462167373,0.5794035425039404,85,115
8,458,class,0.11884170702805004,0.3435057286647393,-0.1438332387696239,0.05051413102765601,0.1943473697972799,0.25991672066406885,99,115
8,458,society,0.1521610503707017,0.2706921691397204,-0.1868308676301388,0.022908047205386174,0.20973891483552498,0.10922173037483864,131,115
8,658,female,0.3237566104255856,0.5598902226326049,0.10526640242207491,0.10526835173221405,1.949310139141758e-06,54002.84727176061,152,16
8,658,male,0.19810428326455234,0.48848154220136814,-0.030069435913985487,7.518683929564969e-06,0.03007695459791505,0.0002499815566379246,133,16
8,658,family,0.17894736842105263,0.47985347985347987,-0.029297350238664595,8.403220113947665e-06,0.029305753458778543,0.00028674301534273425,119,16
8,658,marriage,0.24130687744205231,0.4945282460810411,-0.007156012551447828,0.018639520005962657,0.025795532557410485,0.7225871365034233,161,16
8,658,love,0.13270783629222832,0.5071789364833155,-0.0012236282975275382,0.02299947127652238,0.024223099574049917,0.9494850650827572,87,16
8,658,wealth,0.1861687552213868,0.4892444444444445,-0.029623371863658196,7.999872002047968e-06,0.029631371735660245,0.00026997980630611313,125,16
8,658,emotion,0.1906788006831504,0.5049374088478368,0.0009024337591074759,0.024801242954661906,0.02389880919555443,1.037760616049338,121,16
8,658,scandal,0.10827067669172932,0.4814502529510961,-0.026969157085281997,1.3888503097136193e-05,0.026983045588379134,0.0005147122125681351,72,16
8,658,duty,0.12817474215215974,0.5011156186612576,-0.0005989493589240724,0.023540622573586505,0.024139571932510578,0.9751880703778094,85,16
8,658,class,0.14782755787540477,0.4863118820715994,-0.028260117320393397,1.0100806044322337e-05,0.02827021812643772,0.0003572949454719268,99,16
8,658,society,0.19675716007576197,0.4983274723389656,-0.001438303557345054,0.022908047205386174,0.024346350762731228,0.9409232384638238,131,16
8,664,female,0.20387175853075046,0.45253667795219044,-0.03362109217981067,0.01316430046973066,0.04678539264954133,0.28137629554720306,152,26
8,664,male,0.18271532918630481,0.4348253151676183,-0.030069605507722273,0.0150448865430595,0.045114492050781774,0.33348234367331886,133,26
8,664,family,0.1661777151413654,0.4416997568258072,-0.02714287099259717,0.01681484344800928,0.04395771444060645,0.382523151205829,119,26
8,664,marriage,0.3919183489573032,0.6622116237799468,0.07134546128180903,0.09317275561794262,0.021827294336133587,4.268635139969359,161,26
8,664,love,0.11686279948306537,0.42842938392395497,-0.03174869295850477,0.011505482632583159,0.04325417559108793,0.2659970390162227,87,26
8,664,wealth,0.2357899935390077,0.5780888888888889,0.02082019717117751,0.056007103886337825,0.03518690671516032,1.5917029688948305,125,26
8,664,emotion,0.1637299728711194,0.4021101725814292,-0.027582406345546172,0.016536916745177765,0.04411932309072394,0.37482254001942794,121,26
8,664,scandal,0.1199709517034111,0.5575112422709386,-0.012682830517722513,0.027790894697369516,0.04047372521509203,0.6866403956886103,72,26
8,664,duty,0.18972148971726516,0.6381034482758621,0.009136852899575984,0.047069480718100756,0.03793262781852477,1.2408705492814036,85,26
8,664,class,0.13813488067568191,0.4886497483670629,-0.04592789941303618,1.0100806044322337e-05,0.0459380002190805,0.00021987909782600972,99,26
8,664,society,0.23866398320293047,0.5589816164908369,0.03687191526153206,0.0687088746736691,0.03183695941213704,2.1581481378940173,131,26
8,727,female,0.3015607472738148,0.5768954550117986,0.04093965515151956,0.05263746529650925,0.01169781014498969,4.499770866477494,152,14
8,727,male,0.24458888593558456,0.5550200689694159,0.030080205116271054,0.04511962226131938,0.015039417145048327,3.000091148690211,133,14
8,727,family,0.17373968072211707,0.486486902453289,-0.025634359993207616,8.403220113947665e-06,0.025642763213321564,0.0003277033775070871,119,14
8,727,marriage,0.23669644972888007,0.49626589766341317,-0.02777344056508127,6.211102967664998e-06,0.027779651668048935,0.00022358462379804353,161,14
8,727,love,0.13925082527775878,0.5146163942250328,0.015460653805603866,0.0344934599204616,0.019032806114857734,1.8123160458048473,87,14
8,727,wealth,0.18340443571308568,0.4806370370370371,-0.025919681877324807,7.999872002047968e-06,0.025927681749326855,0.0003085455953634234,125,14
8,727,emotion,0.1791523404283984,0.4822709042294604,-0.015626218659860806,0.008272590535693625,0.02389880919555443,0.34615074197447093,121,14
8,727,scandal,0.10721494596706822,0.463837361813753,-0.02359648717860377,1.3888503097136193e-05,0.023610375681700907,0.0005882372768558768,72,14
8,727,duty,0.1278620564998274,0.4892697768762677,-0.010639246445429426,0.01177619350132938,0.022415439946758806,0.5253608016962797,85,14
8,727,class,0.14661442188981968,0.4777099618089017,-0.012858976648278224,0.010110906850366658,0.022969883498644882,0.44018102444981816,99,14
8,727,society,0.19185805633823977,0.47880035451868375,-0.026211369453837965,7.63347124471382e-06,0.02621900292508268,0.0002911426977690307,131,14
8,755,female,0.4455658787337547,0.6432299681953421,0.0921086808131487,0.09211063012328784,1.949310139141758e-06,47252.91323366791,152,14
8,755,male,0.1974797858742954,0.4894355249024818,-0.007513299328422186,0.0150448865430595,0.022558185871481687,0.6669368994522064,133,14
8,755,family,0.229297100397431,0.5465493889863638,0.04600864666352546,0.058830944017747605,0.012822297354222148,4.588174988297824,119,14
8,755,marriage,0.24099923424115186,0.4922729961549837,-0.0031877743301709296,0.018639520005962657,0.021827294336133587,0.8539546733583125,161,14
8,755,love,0.12744513455088943,0.4725868034840711,-0.024211605585405978,1.1493988643939221e-05,0.024223099574049917,0.000474505279901428,87,14
8,755,wealth,0.18526960544733176,0.4969185185185186,-0.025919681877324807,7.999872002047968e-06,0.025927681749326855,0.0003085455953634234,125,14
8,755,emotion,0.1786328278360025,0.4885148274185707,-0.005523663914452165,0.016536916745177765,0.02206058065962993,0.7496138474129158,121,14
8,755,scandal,0.10562302059291356,0.47108628442945477,-0.02359648717860377,1.3888503097136193e-05,0.023610375681700907,0.0005882372768558768,72,14
8,755,duty,0.12800707861716784,0.48166328600405683,0.002849314612579472,0.023540622573586505,0.020691307961007033,1.1377058722827638,85,14
8,755,class,0.1460181647844092,0.5086197665702966,-0.024726560901864838,1.0100806044322337e-05,0.024736661707909162,0.00040833343493089163,99,14
8,755,society,0.19192915494843982,0.46573462561111584,-0.026211369453837965,7.63347124471382e-06,0.02621900292508268,0.0002911426977690307,131,14
8,855,female,0.36465108209663577,0.587161434287473,0.11184526322653801,0.11184721253667715,1.949310139141758e-06,57377.814290806964,152,17
8,855,male,0.1979252642885409,0.48190259483294706,-0.031949128095593825,7.518683929564969e-06,0.03195664677952339,0.00023527762412630163,133,17
8,855,family,0.17629323821552784,0.48827223196971087,-0.031128845361393084,8.403220113947665e-06,0.031137248581507033,0.00026987677127864826,119,17
8,855,marriage,0.24098138147273274,0.49971655328798187,-0.017335353740389726,0.012428417038297659,0.029763770778687384,0.41756863168626374,161,17
8,855,love,0.14065386344618244,0.5144672473451855,0.010270360346411683,0.0344934599204616,0.024223099574049917,1.4239903449841853,87,17
8,855,wealth,0.18506392918828804,0.4922888888888889,-0.03147521685682489,7.999872002047968e-06,0.03148321672882694,0.00025409957536101944,125,17
8,855,emotion,0.18550714684404526,0.5084923432182791,-0.0009357947768170241,0.024801242954661906,0.02573703773147893,0.9636401520818344,121,17
8,855,scandal,0.10827067669172932,0.47554806070826305,-0.028655492038621107,1.3888503097136193e-05,0.028669380541718244,0.00048443680450095195,72,17
8,855,duty,0.12975071368260221,0.5084381338742394,0.011165479713333048,0.035305051645843626,0.024139571932510578,1.4625384303867095,85,17
8,855,class,0.1474208396809016,0.48610664953421134,-0.018159311276071063,0.010110906850366658,0.02827021812643772,0.3576522404173987,99,17
8,855,society,0.1957415636905392,0.5009935100208709,-0.012817079126761775,0.015274575960672354,0.02809165508743413,0.5437406914112792,131,17
8,875,female,0.29263190418662366,0.561935723812455,0.054828307147483574,0.07237404770989854,0.017545740562414962,4.12487848251942,152,20
8,875,male,0.25690100014950235,0.583540618463452,0.037598804248967624,0.06015699012044931,0.022558185871481687,2.6667476924123457,133,20
8,875,family,0.2331973131732653,0.5728829993535876,0.06572382163718299,0.0840406043595906,0.01831678272240761,4.5881749884051635,119,20
8,875,marriage,0.26372581313347687,0.49159518880015773,0.009493177240908719,0.03727282890895765,0.027779651668048935,1.3417313274120592,161,20
8,875,love,0.12971966181804095,0.45901443741796927,-0.03459219250379035,1.1493988643939221e-05,0.03460368649243429,0.0003321608131584504,87,20
8,875,wealth,0.18298833843502033,0.47240000000000004,-0.03703075183632496,7.999872002047968e-06,0.03703875170832701,0.00021598654470942819,125,20
8,875,emotion,0.17841064982297136,0.46356951871657753,-0.03675814462081645,8.26432620948414e-06,0.03676640894702594,0.00022477926036145745,121,20
8,875,scandal,0.10704986268743222,0.47689479108113175,-0.01813965884816314,0.013902391600233327,0.03204205044839647,0.4338795865198816,72,20
8,875,duty,0.12437624865814902,0.47830628803245434,-0.03447259941794897,1.1764429072257124e-05,0.03448436384702122,0.00034115256190037535,85,20
8,875,class,0.14957826830891846,0.46390584288110787,-0.011592061650277284,0.020211712894688996,0.03180377454496628,0.6355130226909648,99,20
8,875,society,0.19699248120300752,0.448501872659176,-0.037447282427946676,7.63347124471382e-06,0.03745491589919139,0.0002038042553627737,131,20
8,999,female,0.21461799667196838,0.4094593208166615,-0.007061680618863887,0.006585439665267561,0.013647120284131448,0.4825515953312439,152,8
8,999,male,0.18867434486252807,0.39242608400701007,-0.015031898461118761,7.518683929564969e-06,0.015039417145048327,0.0004999318694701234,133,8
8,999,family,0.16959957861653688,0.4448471696370856,-0.014645389256836686,8.403220113947665e-06,0.014653792476950634,0.0005734501922687849,119,8
8,999,marriage,0.23535131135427695,0.5035245982450951,-0.01586872590125057,6.211102967664998e-06,0.015874937004218236,0.0003912521331973382,161,8
8,999,love,0.19953908039352836,0.6123573161516128,0.025841240723988232,0.0344934599204616,0.00865221919647337,3.9866604316421403,87,8
8,999,wealth,0.2074359140632746,0.5514814814814816,0.004894822072104664,0.016007743876097984,0.01111292180399332,1.4404622075992017,125,8
8,999,emotion,0.18952712971181512,0.5282571706368497,-0.014699402189722443,8.26432620948414e-06,0.014707666515931927,0.0005619060100370096,121,8
8,999,scandal,0.10616370696453455,0.4860174255199551,-0.013478477458569097,1.3888503097136193e-05,0.013492365961666234,0.0010293600941129288,72,8
8,999,duty,0.1434686486175181,0.5020689655172413,0.013194106527090112,0.023540622573586505,0.010346516046496394,2.275222158407879,85,8
8,999,class,0.16717694582710907,0.5380661741085768,0.00960927686089406,0.020211712894688996,0.010602436033794935,1.9063272655791992,99,8
8,999,society,0.1832393203544557,0.4541269977413729,-0.014975456479729253,7.63347124471382e-06,0.014983089950973966,0.0005094724298647182,131,8
8,1000,female,0.21569089257744656,0.49018287678259975,-0.003163060340580371,0.006585439665267561,0.009748500005847932,0.6755336370356005,152,6
8,1000,male,0.19854983782171118,0.4945375657188083,-0.0018741379867287765,0.007526202613494532,0.009400340600223309,0.8006308423032154,133,6
8,1000,family,0.18408481666983587,0.5002000800320128,-0.000747683774703559,0.008411623334061612,0.00915930710876517,0.9183689588368078,119,6
8,1000,marriage,0.2587904560017763,0.5233597062013211,0.0044899564766332205,0.012428417038297659,0.007938460561664439,1.565595361996259,161,6
8,1000,love,0.26567266105068377,0.6771467207572684,0.029301436363449687,0.0344934599204616,0.005192023557011914,6.643548422894588,87,6
8,1000,wealth,0.2817669600278111,0.6062740740740742,0.038153663044082034,0.04000735988224189,0.0018536968381598585,21.582471867608202,125,6
8,1000,emotion,0.2078146398228089,0.5349036825473992,-0.0009203903724648022,0.008272590535693625,0.009192980908158427,0.899881182985176,121,6
8,1000,scandal,0.11061880599562329,0.5288083192804947,-0.010105807551890875,1.3888503097136193e-05,0.010119696054988012,0.001372422948307633,72,6
8,1000,duty,0.1516466583735197,0.5483062880324544,0.00315380944058476,0.01177619350132938,0.00862238406074462,1.3657700024726838,85,6
8,1000,class,0.2230099156916029,0.6330531463040296,-0.010592335227750613,1.0100806044322337e-05,0.010602436033794935,0.0009526872891450271,99,6
8,1000,society,0.20839631552132828,0.549182319810161,-0.0017240287479610783,0.007641104715958534,0.009365133463919612,0.8159098580475086,131,6
8,1065,female,0.3134267281964913,0.6634605519647071,-0.004868889457750412,0.02632202207865686,0.03119091153640727,0.8439003793489283,152,20
8,1065,male,0.20767648101872416,0.5082254508451579,-0.00939307630689892,0.02256357047262447,0.03195664677952339,0.7060681500030311,133,20
8,1065,family,0.26708795404058255,0.5854264782836212,0.045254391163830676,0.06723416413169526,0.02197977296786459,3.058910764316616,119,20
8,1065,marriage,0.2568378975335897,0.5437432219264517,0.009493177240908719,0.03727282890895765,0.027779651668048935,1.3417313274120592,161,20
8,1065,love,0.125104128820867,0.5018195919341367,-0.03459219250379035,1.1493988643939221e-05,0.03460368649243429,0.0003321608131584504,87,20
8,1065,wealth,0.1988672839274612,0.5349777777777777,0.012227833139748342,0.04000735988224189,0.027779526742493548,1.4401742784049523,125,20
8,1065,emotion,0.16056351300670468,0.4443288162372387,-0.03675814462081645,8.26432620948414e-06,0.03676640894702594,0.00022477926036145745,121,20
8,1065,scandal,0.09050889431156704,0.4367856473674349,-0.033714496898638445,1.3888503097136193e-05,0.03372838540173558,0.0004117749169223425,72,20
8,1065,duty,0.11331827407367767,0.4443204868154158,-0.020984038359940067,0.01177619350132938,0.032760231861269445,0.35946612193829547,85,20
8,1065,class,0.1303920572671218,0.4579362529892565,-0.023459645903863898,0.010110906850366658,0.033570552754230557,0.30118380606024725,99,20
8,1065,society,0.1790297893593132,0.4835749206621494,-0.027941159020881404,0.007641104715958534,0.03558226373683994,0.214744760823989,131,20
8,1076,female,0.22857142857142856,0.4892787524366472,-0.021437781979894016,6.578860804463099e-06,0.02144436084069848,0.0003067874511638756,152,11
8,1076,male,0.2661654135338346,0.5413533834586466,0.0827111622169626,0.08271304190914422,1.87969218160834e-06,44003.480311809006,133,11
8,1076,family,0.17920782348026928,0.5001154307876996,0.00032955584833015486,0.01681484344800928,0.016485287599679124,1.0199909067595871,119,11
8,1076,marriage,0.24210526315789474,0.48908730158730157,-0.021821083233165922,6.211102967664998e-06,0.021827294336133587,0.0002845567055509206,161,11
8,1076,love,0.1412295105580042,0.5038479895000597,0.0074268608011261,0.02299947127652238,0.015572610475396279,1.476918164194959,87,11
8,1076,wealth,0.18796992481203006,0.4898148148148148,-0.02036414689782473,7.999872002047968e-06,0.02037214676982678,0.0003926867448993596,125,11
8,1076,emotion,0.18195488721804512,0.4898897058823529,-0.020214087797495943,8.26432620948414e-06,0.020222352123705427,0.00040867284668570793,121,11
8,1076,scandal,0.10827067669172932,0.49072512647554806,-0.018537482318586433,1.3888503097136193e-05,0.01855137082168357,0.0007486510420110904,72,11
8,1076,duty,0.13808049535603717,0.49736308316430017,-0.005466850488174106,0.01177619350132938,0.017243043989503486,0.682953282947898,85,11
8,1076,class,0.15039855147510653,0.5078880679587393,0.016176526486687846,0.030312518939011334,0.01413599245232349,2.1443502491319317,99,11
8,1076,society,0.19646339999895646,0.49912085084484087,-0.001581166152653064,0.015274575960672354,0.01685574211332542,0.9061942130504443,131,11
8,1086,female,0.21893918978131624,0.43383861701036214,-0.021194788279044974,0.07237404770989854,0.09356883598894351,0.773484536215424,152,59
8,1086,male,0.18499817304368332,0.4008140652382837,-0.06390431916727757,0.03760093833175441,0.10150525749903197,0.37043340668085656,133,59
8,1086,family,0.1623887244699257,0.3703327484840089,-0.08758221004263728,0.01681484344800928,0.10439705349064655,0.16106626466574303,119,59
8,1086,marriage,0.21993033634646408,0.47469930000985905,-0.06788746807399082,0.03727282890895765,0.10516029698294847,0.35443822410131576,161,59
8,1086,love,0.163017252501529,0.5673945034403213,0.0037266842360708513,0.09196340314015769,0.08823671890408684,1.0422350726694576,87,59
8,1086,wealth,0.1713037256555708,0.4913333333333333,-0.05999412159375265,0.04000735988224189,0.10000148147599454,0.4000676719118969,125,59
8,1086,emotion,0.25990242654853546,0.6434279290228488,0.10370459213170953,0.17355911472537647,0.06985452259366694,2.484579498631158,121,59
8,1086,scandal,0.12438758499885681,0.49850103054150274,-0.021607369826487283,0.0694564039887781,0.09106377381526538,0.7627226621303511,72,59
8,1086,duty,0.1911141840950056,0.6217444219066937,0.046660424775829754,0.12942048422390062,0.08276005944807087,1.563803664297073,85,59
8,1086,class,0.13275496174981571,0.41123246600278407,-0.06862882755799751,0.030312518939011334,0.09894134649700885,0.3063685709959623,99,59
8,1086,society,0.17701385371170217,0.45431283414815443,-0.0724562231313922,0.0305415184501,0.1029977415814922,0.29652609834788374,131,59
8,1104,female,0.22060601849261416,0.4738637529496255,-0.00974192114504347,6.578860804463099e-06,0.009748500005847932,0.0006748587782573433,152,5
8,1104,male,0.21046930520105567,0.5374950534230312,-0.009392821916293743,7.518683929564969e-06,0.009400340600223309,0.0007998310112919236,133,5
8,1104,family,0.1873656722504773,0.5098808754270938,0.0010838113480249297,0.008411623334061612,0.007327811986036682,1.1479038148006873,119,5
8,1104,marriage,0.27895427386220845,0.5308956916099774,0.014669297665575119,0.018639520005962657,0.003970222340387538,4.694830264707139,161,5
8,1104,love,0.1289596547706325,0.4727359503639183,-0.008640725207829431,1.1493988643939221e-05,0.00865221919647337,0.0013284439958820863,87,5
8,1104,wealth,0.18182505125690476,0.4613481481481481,-0.00925307693882458,7.999872002047968e-06,0.009261076810826628,0.0008638166127541378,125,5
8,1104,emotion,0.181739216778225,0.4743710500729217,0.011020392908868339,0.016536916745177765,0.005516523836309426,2.9977060251847503,121,5
8,1104,scandal,0.10496988412209494,0.4791783773655611,-0.008419472598551763,1.3888503097136193e-05,0.0084333611016489,0.0016468526519958745,72,5
8,1104,duty,0.12550629413167363,0.4458215010141987,-0.008610619631672362,1.1764429072257124e-05,0.00862238406074462,0.0013644055968758083,85,5
8,1104,class,0.14672038362292406,0.4671984866331156,-0.008825557018486335,1.0100806044322337e-05,0.008835657824530658,0.0011431866470808807,99,5
8,1104,society,0.19372917025387895,0.44633616376475976,-0.009357499992674899,7.63347124471382e-06,0.009365133463919612,0.0008150947632842244,131,5
8,1122,female,0.3497193005123528,0.6468144044321331,0.0808997820222416,0.13158379495006645,0.05068401292782485,2.5961597621492305,152,46
8,1122,male,0.40320096627859847,0.7006119622364181,0.17669432975061697,0.2105306687117487,0.03383633896113173,6.22202859911547,133,46
8,1122,family,0.25307369473721275,0.6318989134115185,0.03857437891959459,0.10084704458748592,0.06227266566789133,1.6194431939640677,119,46
8,1122,marriage,0.2355188638052924,0.526557724539091,-0.05848436379229788,0.024850622973627657,0.08333498676592553,0.298201559005833,161,46
8,1122,love,0.11760391214642858,0.4352901403969296,-0.03990247642577942,0.0344934599204616,0.07439593634624102,0.4636470970600371,87,46
8,1122,wealth,0.17443396462175798,0.4886592592592592,-0.055623570673014974,0.02400761587814595,0.07963118655116093,0.3014850954458679,125,46
8,1122,emotion,0.1610274752445918,0.4103442513368984,-0.08455208655485345,8.26432620948414e-06,0.08456035088106294,9.773287508007705e-05,121,46
8,1122,scandal,0.10153021630103294,0.4102374929735806,-0.030834691534029436,0.04167939779450571,0.07251408932853515,0.5747765459081563,72,46
8,1122,duty,0.11400038755586206,0.4563387423935091,-0.03883434787346838,0.035305051645843626,0.074139399519312,0.47619824107384473,85,46
8,1122,class,0.14760081298174674,0.487311275297141,0.0018096261767845678,0.07071574311630069,0.06890611693951612,1.0262621992956988,99,46
8,1122,society,0.176733803115845,0.3886411070131801,-0.06712399183495388,0.015274575960672354,0.08239856779562624,0.18537428949460166,131,46
8,1169,female,0.24497012688702588,0.48452729044834303,0.018522832211950686,0.02632202207865686,0.0077991898667061745,3.3749687499784446,152,8
8,1169,male,0.2062387856066694,0.472793826671943,0.01316322987240116,0.02256357047262447,0.009400340600223309,2.4002928648870627,133,8
8,1169,family,0.16631134575092488,0.4050235478806907,-0.014645389256836686,8.403220113947665e-06,0.014653792476950634,0.0005734501922687849,119,8
8,1169,marriage,0.2210688068328485,0.47426796805678795,-0.01586872590125057,6.211102967664998e-06,0.015874937004218236,0.0003912521331973382,161,8
8,1169,love,0.12141261215077599,0.42561547945750317,-0.013831018667021612,1.1493988643939221e-05,0.013842512655665551,0.000830339760491716,87,8
8,1169,wealth,0.17316515014499914,0.46055555555555555,-0.014808611918324653,7.999872002047968e-06,0.014816611790326702,0.0005399258693361262,125,8
8,1169,emotion,0.19893567531114958,0.5062287311618863,0.005505707301094837,0.016536916745177765,0.011031209444082929,1.4991027799357903,121,8
8,1169,scandal,0.12740128079800203,0.5889193367060147,-0.013478477458569097,1.3888503097136193e-05,0.013492365961666234,0.0010293600941129288,72,8
8,1169,duty,0.1316328011858881,0.5091075050709939,-0.01378301558892768,1.1764429072257124e-05,0.013794780017999938,0.0008528174466032547,85,8
8,1169,class,0.14528455173625585,0.49522611271727873,-0.002258307392692555,0.010110906850366658,0.012369214243059213,0.8174251533578866,99,8
8,1169,society,0.20283177198645957,0.5172613431683678,-0.005469333072663983,0.007641104715958534,0.013110437788622517,0.5828260534523723,131,8
8,1172,female,0.2617023304995556,0.5535934133579563,0.026563553790489438,0.04605860449204616,0.01949505070155672,2.362579364105255,152,17
8,1172,male,0.21200110628091046,0.5372123918819606,-0.003753999762073898,0.02256357047262447,0.026317570234698367,0.8573576614613989,133,17
8,1172,family,0.17373281367798102,0.4819004524886878,-0.010659414888040775,0.01681484344800928,0.027474258336050054,0.6120217420149188,119,17
8,1172,marriage,0.2845240308625981,0.5615017746228926,0.0400312008077344,0.05590613781195264,0.015874937004218236,3.521660450909241,161,17
8,1172,love,0.19064957141570915,0.6266555303663047,-0.002953726117258266,0.02299947127652238,0.025953197393780644,0.886190280398658,87,17
8,1172,wealth,0.3101980885105655,0.6394222222222221,0.06704195309532171,0.08000671989248172,0.012964766797160012,6.171088237687116,125,17
8,1172,emotion,0.2724666638780513,0.6259191176470589,0.039474424204817546,0.057858547792598476,0.018384123587780927,3.1472018512705806,121,17
8,1172,scandal,0.11144770980542848,0.5390317594154019,-0.013080653988145808,0.013902391600233327,0.026983045588379134,0.5152269247807032,72,17
8,1172,duty,0.12375710527343955,0.4891784989858012,-0.015811642402684747,0.01177619350132938,0.02758783590401413,0.4268618075689308,85,17
8,1172,class,0.203055320298354,0.5757486526037763,0.01744344148468879,0.04041332498333367,0.022969883498644882,1.759404873949773,99,17
8,1172,society,0.21040273481483202,0.5024587586128028,0.015701291094434043,0.03817498969481382,0.022473698600379774,1.6986518495211138,131,17
8,1187,female,0.22913468931591321,0.49061249615266234,0.02266395886996056,0.15132037736345574,0.12865641849349518,1.1761587889214424,152,89
8,1187,male,0.20539964573262454,0.5060772231330205,0.011282180940898556,0.14286251334566397,0.1315803324047654,1.085743672580996,133,89
8,1187,family,0.19360593886664257,0.5290116046418567,0.05193252577235498,0.17647602561301493,0.12454349984065995,1.4169830287199259,119,89
8,1187,marriage,0.23851327101050013,0.4703490091688849,-0.004482710218592617,0.1304393734239326,0.13492208364252523,0.9667755633582098,161,89
8,1187,love,0.14149857362902046,0.45115936841267945,-0.04817625035585099,0.09196340314015769,0.14013965349600868,0.6562268483282689,87,89
8,1187,wealth,0.17486536244563675,0.4474370370370371,-0.06629088641268015,0.08000671989248172,0.14629760630516186,0.546876479476014,125,89
8,1187,emotion,0.19942298087899218,0.580548128342246,-0.022160147163886007,0.11570883125898745,0.13786897842287346,0.8392666180730273,121,89
8,1187,scandal,0.11640169991140581,0.4375819748922616,-0.025472904275234756,0.11112191328018665,0.1365948175554214,0.8135148556004842,72,89
8,1187,duty,0.1096721547223346,0.39273833671399594,-0.07250634008676794,0.070598338862615,0.14310467894938295,0.4933335470260393,85,89
8,1187,class,0.14711764847572742,0.4873469679123389,-0.05042666831440619,0.09091735520494536,0.14134402351935155,0.6432345205728103,99,89
8,1187,society,0.16876016378942096,0.3910855705177688,-0.07159904755954415,0.07634234591838292,0.14794139347792706,0.5160310047320001,131,89
8,1189,female,0.23517610305269107,0.5122217092438699,0.007314420742166244,0.01316430046973066,0.0058498797275644155,2.2503540381267344,152,5
8,1189,male,0.21431545176147118,0.5180126067047318,0.009403930306052872,0.0150448865430595,0.005640956237006628,2.667080882793018,133,5
8,1189,family,0.17678029550595215,0.4867331548003816,-0.009150903888651222,8.403220113947665e-06,0.00915930710876517,0.0009174515073294785,119,5
8,1189,marriage,0.24013785059878553,0.4897219757468204,-0.009916368569335223,6.211102967664998e-06,0.009922579672302888,0.0006259564722242773,161,5
8,1189,love,0.13412699551340757,0.5061249651990614,-0.008640725207829431,1.1493988643939221e-05,0.00865221919647337,0.0013284439958820863,87,5
8,1189,wealth,0.18796992481203006,0.4712962962962963,-0.00925307693882458,7.999872002047968e-06,0.009261076810826628,0.0008638166127541378,125,5
8,1189,emotion,0.18740446156714102,0.4866310160427807,0.0009178381634596978,0.008272590535693625,0.007354752372233927,1.1247952501840819,121,5
8,1189,scandal,0.10827067669172932,0.47386172006745364,-0.008419472598551763,1.3888503097136193e-05,0.0084333611016489,0.0016468526519958745,72,5
8,1189,duty,0.1272373089586712,0.4932860040567952,-0.008610619631672362,1.1764429072257124e-05,0.00862238406074462,0.0013644055968758083,85,5
8,1189,class,0.14718741297688664,0.48425063354391973,-0.008825557018486335,1.0100806044322337e-05,0.008835657824530658,0.0011431866470808807,99,5
8,1189,society,0.19565630646766957,0.4899433913714727,-0.009357499992674899,7.63347124471382e-06,0.009365133463919612,0.0008150947632842244,131,5
8,1193,female,0.22852443609022555,0.48816302452036525,-0.004381440092684303,0.01316430046973066,0.017545740562414962,0.7502846871667448,152,11
8,1193,male,0.3149143575128235,0.5742339872236983,0.0733127861057893,0.07519435797957924,0.001881571873789948,39.96358522736405,133,11
8,1193,family,0.1779042717565495,0.49095792163019053,-0.009905159388345998,0.008411623334061612,0.01831678272240761,0.4592303933000268,119,11
8,1193,marriage,0.24122262177182086,0.4832766439909297,-0.013625861154862473,0.006217314070632662,0.019843175225495134,0.31332254035287355,161,11
8,1193,love,0.13226575566705812,0.5015113550491191,-0.0057972256625438475,0.011505482632583159,0.017302708295127006,0.6649527019512036,87,11
8,1193,wealth,0.18746616541353384,0.4855259259259259,-0.010512429902610072,0.008007871874050014,0.018520301776660086,0.4323834444052863,125,11
8,1193,emotion,0.18148418567078856,0.48579545454545453,-0.010111533052087302,0.008272590535693625,0.018384123587780927,0.44998558107725334,121,11
8,1193,scandal,0.10815580618212198,0.49010445943413905,-0.0029626442681111326,0.013902391600233327,0.01686503586834446,0.8243321691063626,72,11
8,1193,duty,0.12789326256818515,0.49528397565922916,-0.005466850488174106,0.01177619350132938,0.017243043989503486,0.682953282947898,85,11
8,1193,class,0.15055931722598387,0.5050772745119035,-0.0075586420204853885,0.010110906850366658,0.017669548870852047,0.5722221276669683,99,11
8,1193,society,0.19566186458512694,0.49446779312119393,-0.011087289559718334,0.007641104715958534,0.01872839427567687,0.407995720459296,131,11
8,1252,female,0.24584075724087362,0.5217887555145173,0.00024811057263704125,0.01974316127419376,0.01949505070155672,1.0127268492615156,152,13
8,1252,male,0.333430138717974,0.6712363615806434,0.03195989729787939,0.04511962226131938,0.013159724963439989,3.4286143808659335,133,13
8,1252,family,0.22538905059179085,0.5887277988118325,0.01713599607622549,0.03362128367590461,0.016485287599679124,2.0394720729360865,119,13
8,1252,marriage,0.28681210547239716,0.5642807847776792,0.015186788937074418,0.031061725941292653,0.015874937004218236,1.9566519181198883,161,13
8,1252,love,0.19501449987679736,0.5946983255776956,0.04363892455267449,0.05748143720834004,0.013842512655665551,4.1525291422190715,87,13
8,1252,wealth,0.20382757168924415,0.5446814814814815,-0.014216119888943458,0.008007871874050014,0.022223991762993472,0.3603255418328622,125,13
8,1252,emotion,0.2946264583778585,0.6136059795819154,0.05692989309392418,0.06612287400208261,0.009192980908158427,7.192756588475918,121,13
8,1252,scandal,0.11353416941112693,0.4968615326962713,-0.0063353141747893565,0.013902391600233327,0.020237705775022683,0.686954922365986,72,13
8,1252,duty,0.1385271802150973,0.5284178498985802,-0.022403675517686548,1.1764429072257124e-05,0.022415439946758806,0.0005248359657305492,85,13
8,1252,class,0.14608595504318,0.48993468251418776,-0.011092198439013944,0.010110906850366658,0.021203105289380603,0.47685971992761655,99,13
8,1252,society,0.17334530440885762,0.3613803356491409,-0.024338717291486515,7.63347124471382e-06,0.024346350762731228,0.00031353656729884164,131,13
8,1257,female,0.24771239669574394,0.5238919667590028,0.007314420742166244,0.01316430046973066,0.0058498797275644155,2.2503540381267344,152,5
8,1257,male,0.2695937795159153,0.5686090225563909,0.018802306417226182,0.02256357047262447,0.0037612640553982882,5.9989328412722225,133,5
8,1257,family,0.22858566647241368,0.5282189798996522,0.04202267229472955,0.04202450378985228,1.8314951227284884e-06,22945.450590005006,119,5
8,1257,marriage,0.24130410627124677,0.48386818495514144,-0.0017211464910317767,0.006217314070632662,0.007938460561664439,0.7831888842370092,161,5
8,1257,love,0.13082706766917293,0.4679930795847751,-0.008640725207829431,1.1493988643939221e-05,0.00865221919647337,0.0013284439958820863,87,5
8,1257,wealth,0.18738562314878102,0.4857111111111111,-0.00925307693882458,7.999872002047968e-06,0.009261076810826628,0.0008638166127541378,125,5
8,1257,emotion,0.17993123304128092,0.4759282328633933,-0.009184716581948943,8.26432620948414e-06,0.009192980908158427,0.0008989822007843917,121,5
8,1257,scandal,0.10746136173767754,0.4765668915120854,-0.008419472598551763,1.3888503097136193e-05,0.0084333611016489,0.0016468526519958745,72,5
8,1257,duty,0.1317175666183133,0.5020486815415821,0.004877941426336534,0.01177619350132938,0.006898252074992846,1.7071271637510383,85,5
8,1257,class,0.14984503652765216,0.4855623371524431,-0.008825557018486335,1.0100806044322337e-05,0.008835657824530658,0.0011431866470808807,99,5
8,1257,society,0.19463356790419395,0.4744046087428882,-0.009357499992674899,7.63347124471382e-06,0.009365133463919612,0.0008150947632842244,131,5
8,1298,female,0.23729941303878183,0.532125269313635,-0.01583479454780848,0.13816265575452955,0.15399745030233802,0.8971749563540322,152,100
8,1298,male,0.2604419693657211,0.5630900559669852,0.1221828324996331,0.2481240883595735,0.1259412558599404,1.9701573298073412,133,100
8,1298,family,0.1660566399363015,0.488772432049743,-0.03985692723439148,0.11765348481538125,0.15751041204977273,0.7469568727777578,119,100
8,1298,marriage,0.20431914690159483,0.42215074435571326,-0.1000650191403466,0.07453944671494764,0.17460446585529424,0.4269045831639626,161,100
8,1298,love,0.22128929760025026,0.6849123016346499,0.15760214350950014,0.28736121008712445,0.12975906657762432,2.214575194350716,87,100
8,1298,wealth,0.22535476697959955,0.5775481481481483,0.05126285659549151,0.19200492792115328,0.14074207132566177,1.3642326428144618,125,100
8,1298,emotion,0.18330246197712022,0.5101254861448712,-0.0019704420774209197,0.14876613609692405,0.15073657817434497,0.9869279102506308,121,100
8,1298,scandal,0.12372194467875677,0.5591741615139592,-0.028447750711489694,0.12501041637732285,0.15345816708881255,0.8146221132965804,72,100
8,1298,duty,0.15905804359847214,0.5744523326572009,0.04341381865005153,0.18824262958518626,0.14482881093513472,1.2997595462424651,85,100
8,1298,class,0.25422015559435834,0.6203376521397723,0.21496079346976554,0.33333670026868145,0.11837590679891592,2.8159167627928,99,100
8,1298,society,0.19802740600101382,0.4388312319524258,-0.0066431106818226615,0.1450435871208073,0.15168669780262997,0.9562050543718561,131,100
8,1316,female,0.2751627736018893,0.5542218118395403,0.027051003155555545,0.03290088288311996,0.0058498797275644155,5.624198173249276,152,8
8,1316,male,0.2314355815688856,0.5555147266662899,-0.0056335223499454565,0.007526202613494532,0.013159724963439989,0.5719118472332608,133,8
8,1316,family,0.18636571607929137,0.5266260350293963,-0.004410674020160536,0.008411623334061612,0.012822297354222148,0.6560153068541811,119,8
8,1316,marriage,0.22811492850132845,0.4653702060534358,-0.01586872590125057,6.211102967664998e-06,0.015874937004218236,0.0003912521331973382,161,8
8,1316,love,0.12844608297928603,0.49662928051545163,-0.013831018667021612,1.1493988643939221e-05,0.013842512655665551,0.000830339760491716,87,8
8,1316,wealth,0.17921277907999203,0.47452592592592596,-0.014808611918324653,7.999872002047968e-06,0.014816611790326702,0.0005399258693361262,125,8
8,1316,emotion,0.18091388108651144,0.49002643412736996,0.005505707301094837,0.016536916745177765,0.011031209444082929,1.4991027799357903,121,8
8,1316,scandal,0.10399445443867165,0.4965570545250141,-0.013478477458569097,1.3888503097136193e-05,0.013492365961666234,0.0010293600941129288,72,8
8,1316,duty,0.12355969454837047,0.49109533468559835,-0.01378301558892768,1.1764429072257124e-05,0.013794780017999938,0.0008528174466032547,85,8
8,1316,class,0.16856242070416957,0.5619266873683835,-0.014125891646279167,1.0100806044322337e-05,0.01413599245232349,0.0007145452346324331,99,8
8,1316,society,0.21550949151209037,0.552877605283472,-0.014975456479729253,7.63347124471382e-06,0.014983089950973966,0.0005094724298647182,131,8
8,1323,female,0.24670002967672222,0.5350364214630142,-0.007061680618863887,0.006585439665267561,0.013647120284131448,0.4825515953312439,152,8
8,1323,male,0.2063350208752073,0.524464356379671,-0.0056335223499454565,0.007526202613494532,0.013159724963439989,0.5719118472332608,133,8
8,1323,family,0.217946792793089,0.5468033367193031,0.01605875645319177,0.02521806356195694,0.00915930710876517,2.7532719734957647,119,8
8,1323,marriage,0.26859460373763233,0.5359114660356897,0.00871694033365977,0.018639520005962657,0.009922579672302888,1.878495373145056,161,8
8,1323,love,0.1299795825771325,0.48693473332537884,-0.0006069322033516664,0.011505482632583159,0.012112414835934825,0.9498917257605043,87,8
8,1323,wealth,0.18757024425432015,0.4989333333333334,-0.004956894923109998,0.008007871874050014,0.012964766797160012,0.6176641661758627,125,8
8,1323,emotion,0.18066861368296777,0.46984382596013613,-0.014699402189722443,8.26432620948414e-06,0.014707666515931927,0.0005619060100370096,121,8
8,1323,scandal,0.10678551358375919,0.4831600149896945,-0.013478477458569097,1.3888503097136193e-05,0.013492365961666234,0.0010293600941129288,72,8
8,1323,duty,0.1286687306501548,0.47427991886409737,-0.0002944545309187859,0.01177619350132938,0.012070648032248166,0.9756057395503769,85,8
8,1323,class,0.14750607579554947,0.47824535103687044,-0.014125891646279167,1.0100806044322337e-05,0.01413599245232349,0.0007145452346324331,99,8
8,1323,society,0.19521984031325132,0.4834891500128656,-0.014975456479729253,7.63347124471382e-06,0.014983089950973966,0.0005094724298647182,131,8
8,1447,female,0.22691102756892229,0.4898943264594234,-0.025336402258177532,6.578860804463099e-06,0.025342981118981995,0.00025959301209737764,152,13
8,1447,male,0.19828518665083764,0.49134349030470925,-0.024430359369160465,7.518683929564969e-06,0.02443787805309003,0.0003076651709662906,133,13
8,1447,family,0.1789831722162549,0.5028242066057192,-0.013568149633802977,0.008411623334061612,0.02197977296786459,0.38269837208860547,119,13
8,1447,marriage,0.24162980981866433,0.505416296953564,-0.009398877297835928,0.012428417038297659,0.021827294336133587,0.569397967807392,161,13
8,1447,love,0.13138873377076643,0.5032215726047012,0.003966665161664645,0.02299947127652238,0.019032806114857734,1.2084119985523156,87,13
8,1447,wealth,0.18696616541353384,0.4872444444444445,-0.024067836884158113,7.999872002047968e-06,0.024075836756160162,0.0003322780463557016,125,13
8,1447,emotion,0.19394457217423725,0.5029244652406416,0.006417119366880979,0.024801242954661906,0.018384123587780927,1.3490576711416955,121,13
8,1447,scandal,0.11546963814765673,0.5073191868090688,0.009239523875685947,0.027790894697369516,0.01855137082168357,1.4980507350641916,72,13
8,1447,duty,0.12781954887218044,0.4836206896551724,-0.022403675517686548,1.1764429072257124e-05,0.022415439946758806,0.0005248359657305492,85,13
8,1447,class,0.1474890931031282,0.4947799550273048,-0.022959782692600558,1.0100806044322337e-05,0.022969883498644882,0.00043974128316665153,99,13
8,1447,society,0.31345922057051023,0.5725190839694656,0.09924088700036203,0.09924275965252438,1.8726521623514522e-06,52995.803840102075,131,13
8,1510,female,0.23040959857437235,0.5043090181594336,0.015842591685771103,0.01974316127419376,0.0039005695884226574,5.06160980379177,152,5
8,1510,male,0.2572410718214416,0.5861128384871954,0.009403930306052872,0.0150448865430595,0.005640956237006628,2.667080882793018,133,5
8,1510,family,0.17524579877706284,0.486486902453289,-0.009150903888651222,8.403220113947665e-06,0.00915930710876517,0.0009174515073294785,119,5
8,1510,marriage,0.23518368955729213,0.5026003154885142,-0.009916368569335223,6.211102967664998e-06,0.009922579672302888,0.0006259564722242773,161,5
8,1510,love,0.13806654305701163,0.49892614246509964,-0.008640725207829431,1.1493988643939221e-05,0.00865221919647337,0.0013284439958820863,87,5
8,1510,wealth,0.1807465997841337,0.4854962962962963,-0.00925307693882458,7.999872002047968e-06,0.009261076810826628,0.0008638166127541378,125,5
8,1510,emotion,0.17292298161319444,0.455684856587263,0.0009178381634596978,0.008272590535693625,0.007354752372233927,1.1247952501840819,121,5
8,1510,scandal,0.13370823322280959,0.5918353007307476,-0.008419472598551763,1.3888503097136193e-05,0.0084333611016489,0.0016468526519958745,72,5
8,1510,duty,0.1889174978489933,0.5701622718052739,0.031855063542354324,0.035305051645843626,0.0034499881034892985,10.233383587584813,85,5
8,1510,class,0.15054699709686528,0.4683941892422458,-0.008825557018486335,1.0100806044322337e-05,0.008835657824530658,0.0011431866470808807,99,5
8,1510,society,0.18213201459560435,0.44845183978042713,-0.009357499992674899,7.63347124471382e-06,0.009365133463919612,0.0008150947632842244,131,5
8,1520,female,0.3148496240601505,0.5524584487534626,0.0986875416176118,0.09868949092775094,1.949310139141758e-06,50627.88025271426,152,15
8,1520,male,0.2,0.48026315789473684,-0.028189743732377145,7.518683929564969e-06,0.02819726241630671,0.0002666458827914516,133,15
8,1520,family,0.17894736842105263,0.4807692307692308,-0.027465855115936105,8.403220113947665e-06,0.027474258336050054,0.0003058579420364412,119,15
8,1520,marriage,0.24179107188260507,0.5035184363600512,-0.005171893440809379,0.018639520005962657,0.023811413446772036,0.7827977136614166,161,15
8,1520,love,0.13181060889772322,0.4951576979676252,0.0005064695222031894,0.02299947127652238,0.02249300175431919,1.0225167599555012,87,15
8,1520,wealth,0.1868471177944862,0.48533333333333334,-0.0277715268704915,7.999872002047968e-06,0.027779526742493548,0.00028797726022894465,125,15
8,1520,emotion,0.1822078287600382,0.4958677685950413,-0.007361892450376665,0.016536916745177765,0.02389880919555443,0.6919556790119044,121,15
8,1520,scandal,0.10827067669172932,0.4822934232715008,-0.02528282213194288,1.3888503097136193e-05,0.025296710635040017,0.0005490240726139847,72,15
8,1520,duty,0.1296489887821157,0.5021501014198784,0.014613743684836592,0.035305051645843626,0.020691307961007033,1.7062745240982378,85,15
8,1520,class,0.14887218045112782,0.48144876325088337,-0.026493339111129114,1.0100806044322337e-05,0.026503439917173438,0.0003811130206308127,99,15
8,1520,society,0.19569367120090303,0.4944820882294079,-0.009071774802058874,0.015274575960672354,0.024346350762731228,0.6273866711649821,131,15
8,1580,female,0.20621573506255017,0.46433518005540164,-0.0012137502014386136,0.006585439665267561,0.0077991898667061745,0.8443748359731122,152,5
8,1580,male,0.17936470613086208,0.43702300864944316,5.554194879563504e-06,0.007526202613494532,0.007520648418614969,1.0007385259314978,133,5
8,1580,family,0.1965572284790062,0.5642256902761105,-0.009150903888651222,8.403220113947665e-06,0.00915930710876517,0.0009174515073294785,119,5
8,1580,marriage,0.32370655891315075,0.6041112097012719,-0.009916368569335223,6.211102967664998e-06,0.009922579672302888,0.0006259564722242773,161,5
8,1580,love,0.11835020187879823,0.43260549655967867,0.0045833612558405165,0.011505482632583159,0.006922121376742642,1.6621324597944547,87,5
8,1580,wealth,0.18438178305543584,0.47779259259259255,0.0005986400563900785,0.008007871874050014,0.007409231817659936,1.0807965076598656,125,5
8,1580,emotion,0.17581825564801956,0.47633082158483225,0.0009178381634596978,0.008272590535693625,0.007354752372233927,1.1247952501840819,121,5
8,1580,scandal,0.0930633948214708,0.4198285553681844,-0.008419472598551763,1.3888503097136193e-05,0.0084333611016489,0.0016468526519958745,72,5
8,1580,duty,0.1390858041127289,0.510446247464503,-0.008610619631672362,1.1764429072257124e-05,0.00862238406074462,0.0013644055968758083,85,5
8,1580,class,0.1409570810623874,0.3967055716172324,0.0030420272351002805,0.010110906850366658,0.007068879615266378,1.430340789380568,99,5
8,1580,society,0.23306938869684085,0.5670440575235154,0.00014862341439037408,0.007641104715958534,0.00749248130156816,1.0198363409114455,131,5
8,1640,female,0.25833512492297095,0.5645455011798501,-0.021437781979894016,6.578860804463099e-06,0.02144436084069848,0.0003067874511638756,152,11
8,1640,male,0.29720122731143206,0.6339109050822546,0.007524153327576142,0.02256357047262447,0.015039417145048327,1.5002955402798404,133,11
8,1640,family,0.20419067834047855,0.5432480684581525,-0.009905159388345998,0.008411623334061612,0.01831678272240761,0.4592303933000268,119,11
8,1640,marriage,0.22975355413995577,0.5155279503105591,-0.013625861154862473,0.006217314070632662,0.019843175225495134,0.31332254035287355,161,11
8,1640,love,0.13012519495011832,0.5210396531837888,-0.019021312126213795,1.1493988643939221e-05,0.019032806114857734,0.0006039040472525317,87,11
8,1640,wealth,0.25728602886858765,0.5910222222222222,0.038746155073463226,0.048007231884289854,0.009261076810826628,5.1837634931375804,125,11
8,1640,emotion,0.18514089063688804,0.5360506806028197,-8.978306678661396e-06,0.016536916745177765,0.016545895051856427,0.9994573694774457,121,11
8,1640,scandal,0.09623218135669726,0.4136921491474611,-0.018537482318586433,1.3888503097136193e-05,0.01855137082168357,0.0007486510420110904,72,11
8,1640,duty,0.1411048096429149,0.4956186612576065,-0.005466850488174106,0.01177619350132938,0.017243043989503486,0.682953282947898,85,11
8,1640,class,0.2277367254807245,0.613270514330585,0.028044110740274457,0.04041332498333367,0.012369214243059213,3.2672507877971078,99,11
8,1640,society,0.1729160895892689,0.4436343883123196,-0.02059341296678361,7.63347124471382e-06,0.020601046438028323,0.00037053803394435065,131,11
8,1657,female,0.1903120091519967,0.39986662562839853,-0.0689526430274567,0.04605860449204616,0.11501124751950285,0.4004704364574027,152,66
8,1657,male,0.16819383918467315,0.3898750635988467,-0.07706216443853595,0.03760093833175441,0.11466310277029035,0.3279253519482557,133,66
8,1657,family,0.16693797909559122,0.483701172776803,-0.04922909971835593,0.058830944017747605,0.10806004373610353,0.5444282824914995,119,66
8,1657,marriage,0.24181875677992587,0.49807749186631173,0.00017591893457451213,0.09938385858560764,0.09920793965103313,1.0017732344224821,161,66
8,1657,love,0.18317284947081336,0.6157379787614843,0.018064172425295663,0.11495138042803614,0.09688720800274048,1.1864453811446218,87,66
8,1657,wealth,0.23766082313971182,0.5913925925925927,0.05511528439187109,0.14400569590886547,0.08889041151699438,1.620036328436998,125,66
8,1657,emotion,0.20308911393365728,0.5216486387943607,0.02011910916237751,0.11570883125898745,0.09558972209660994,1.2104735605448584,121,66
8,1657,scandal,0.10428156747433512,0.48618137530447814,-0.033411714499861064,0.0694564039887781,0.10286811848863917,0.6751985455607776,72,66
8,1657,duty,0.19657332146314294,0.6114604462474644,0.08854574510760292,0.17647820051292912,0.0879324554053262,2.0069745544741444,85,66
8,1657,class,0.2190584159195718,0.6251740014990899,0.08514990452736518,0.17172380355952407,0.0865738990321589,1.9835516879487163,99,66
8,1657,society,0.22387480482027608,0.5898018698001544,0.019002569209865622,0.11450970214195202,0.0955071329320864,1.1989649215224487,131,66
8,1695,female,0.2560091087643102,0.512619267466913,0.030462174068772954,0.04605860449204616,0.015596430423273204,2.9531503837162467,152,15
8,1695,male,0.2091889757727036,0.5283792187235006,5.384601142782025e-06,0.02256357047262447,0.022558185871481687,1.0002386982788962,133,15
8,1695,family,0.2448962047793645,0.5737679687259519,0.02370772106744467,0.04202450378985228,0.01831678272240761,2.294316880013421,119,15
8,1695,marriage,0.24113630569062955,0.4913487133984028,-0.005171893440809379,0.018639520005962657,0.023811413446772036,0.7827977136614166,161,15
8,1695,love,0.13118222923412712,0.4665910989142107,-0.012717616941466758,0.011505482632583159,0.024223099574049917,0.47497978518132933,87,15
8,1695,wealth,0.18488039993338554,0.4694518518518519,-0.01791980987527684,0.008007871874050014,0.025927681749326855,0.3088541409587868,125,15
8,1695,emotion,0.1808446736676402,0.45551774428779773,-0.027567001941193946,8.26432620948414e-06,0.02757526626740343,0.0002997006857175357,121,15
8,1695,scandal,0.10827067669172932,0.45446880269814505,-0.02528282213194288,1.3888503097136193e-05,0.025296710635040017,0.0005490240726139847,72,15
8,1695,duty,0.12781954887218044,0.453448275862069,-0.025851939489190096,1.1764429072257124e-05,0.025863703918262353,0.0004548625018667726,85,15
8,1695,class,0.14887218045112782,0.45229681978798586,-0.026493339111129114,1.0100806044322337e-05,0.026503439917173438,0.0003811130206308127,99,15
8,1695,society,0.19346034784611582,0.46293278440117785,-0.028084021616189416,7.63347124471382e-06,0.02809165508743413,0.00027173447846640645,131,15
8,1710,female,0.21229457582017025,0.41859033548784236,-0.07528802280994809,0.05921632610097235,0.13450434891092045,0.44025584733880896,152,78
8,1710,male,0.18383303116580985,0.4104881564814291,-0.09961847061783605,0.03760093833175441,0.13721940894959045,0.2740205530639885,133,78
8,1710,family,0.16877680880243343,0.3916335765075261,-0.10191118690112627,0.03362128367590461,0.13553247057703088,0.24806810893739029,119,78
8,1710,marriage,0.31464914739075467,0.5872522922212363,0.09929482078146483,0.1925504031005826,0.09325558231911778,2.064760074518823,161,78
8,1710,love,0.1252296162313722,0.48407111323231117,-0.04236926080248292,0.08046941449621849,0.1228386752987014,0.6550820765519447,87,78
8,1710,wealth,0.1832853241926995,0.5141555555555556,-0.006513723506987881,0.11200620790067359,0.11851993140766147,0.9450411130805644,125,78
8,1710,emotion,0.1769444514454975,0.4294558215848323,-0.08276007123198564,0.049594221583114335,0.13235429281509997,0.37470806974144133,121,78
8,1710,scandal,0.14851197114305348,0.6676972081693836,-0.022498057838979818,0.09723341018305048,0.1197314680220303,0.8120956987209718,72,78
8,1710,duty,0.1474156553639084,0.5230425963488844,0.04087903916256384,0.15294934236841487,0.11207030320585103,1.364762457063334,85,78
8,1710,class,0.1450453814503569,0.49084484420173463,-0.01912452375891252,0.10101816124926769,0.1201426850081802,0.8408182424219068,99,78
8,1710,society,0.20180183128194287,0.5527203590931183,-0.060505997180743454,0.0687088746736691,0.12921487185441255,0.531741228289513,131,78
8,1768,female,0.25913552380042293,0.5286754898943264,0.016573522072808926,0.02632202207865686,0.009748500005847932,2.7001099718076307,152,9
8,1768,male,0.23047788827634463,0.5048193792752558,0.020681913801966132,0.03008225440218944,0.009400340600223309,3.2001238761789867,133,9
8,1768,family,0.24291679596246685,0.5541909071320836,0.014227261330463283,0.02521806356195694,0.010990802231493658,2.2944697783207513,119,9
8,1768,marriage,0.23902057372899338,0.5334097407078774,-0.01785284501188902,6.211102967664998e-06,0.017859056114856685,0.0003477845036922354,161,9
8,1768,love,0.13291346287059336,0.54868154158215,-0.01556111648675234,1.1493988643939221e-05,0.015572610475396279,0.0007380900370789401,87,9
8,1768,wealth,0.17678971960015238,0.4905333333333333,-0.006808739916276688,0.008007871874050014,0.014816611790326702,0.5404657952054622,125,9
8,1768,emotion,0.1695396520609406,0.48148091881380656,-0.016537630725646943,8.26432620948414e-06,0.016545895051856427,0.0004994789452660898,121,9
8,1768,scandal,0.10485463685639429,0.49182593217163195,-0.015164812411908209,1.3888503097136193e-05,0.015178700915005346,0.000914999457067588,72,9
8,1768,duty,0.11644779823032424,0.44054766734279915,-0.015507147574679454,1.1764429072257124e-05,0.015518912003751712,0.0007580704799830678,85,9
8,1768,class,0.1330747571331853,0.4601313488239283,-0.015892669855543443,1.0100806044322337e-05,0.015902770661587767,0.0006351601402443095,99,9
8,1768,society,0.18792046264396695,0.5056751579609458,-0.016848108642080705,7.63347124471382e-06,0.01685574211332542,0.00045287067118962733,131,9
8,1771,female,0.3309953143790119,0.6203062480763312,0.1369413520500411,0.2500032894304022,0.11306193738036109,2.211206487530229,152,96
8,1771,male,0.2721305197600951,0.6234665611396913,0.11090484900371989,0.2330867205004436,0.12218187149672372,1.9077029811643216,133,96
8,1771,family,0.2659103450663316,0.6803644534736972,0.1414592122800171,0.2605082267524916,0.11904901447247448,2.18824345505637,119,96
8,1771,marriage,0.22632048738543017,0.4911515330769989,-0.034761988149668674,0.11801716748860262,0.1527791556382713,0.7724690386904243,161,96
8,1771,love,0.10648479998961165,0.3972875154118442,-0.11318328094864588,0.045987448564400825,0.1591707295130467,0.2889190035429376,87,96
8,1771,wealth,0.17580355969521294,0.45991111111111105,-0.03984693338398834,0.11200620790067359,0.15185314128466193,0.7375955936925309,125,96
8,1771,emotion,0.14971392312250917,0.33964815264948955,-0.1562584038602612,0.016536916745177765,0.17279532060543898,0.09570234128528558,121,96
8,1771,scandal,0.09640325902522727,0.47861626381862465,-0.09957660115050976,0.05556790089164191,0.15514450204215166,0.35816867603974994,72,96
8,1771,duty,0.10769042155610038,0.3555983772819473,-0.11155238610304817,0.047069480718100756,0.15862186682114893,0.296740176251212,85,96
8,1771,class,0.19447915396096893,0.5624263839811543,0.032146558249436824,0.17172380355952407,0.13957724531008725,1.2303137461753824,99,96
8,1771,society,0.19828913335216225,0.5328930440003431,-0.02767087225361267,0.12214317338666586,0.14981404564027853,0.8152985446980782,131,96
8,1802,female,0.4002715484094291,0.5863663178413872,0.18932924478489685,0.2302667070170129,0.04093746223211606,5.62484078045122,152,56
8,1802,male,0.259666232453223,0.6078283113799536,0.13910065571218694,0.19549330085261876,0.05639264514043181,3.4666453464334728,133,56
8,1802,family,0.24313704011086743,0.5751685289500416,0.11237186482239511,0.17647602561301493,0.06410416079061981,2.7529574279378948,119,56
8,1802,marriage,0.24111987741877683,0.4702134476979198,-0.02915422242886169,0.06211724077961764,0.09127146320847933,0.6805768045708971,161,56
8,1802,love,0.12713371359550696,0.4587062005329516,-0.057203454623086694,0.0344934599204616,0.0916969145435483,0.37616816325596153,87,56
8,1802,wealth,0.18213761890844413,0.4577333333333334,-0.05443858661425257,0.04000735988224189,0.09444594649649446,0.42360060294703317,125,56
8,1802,emotion,0.17647445601015466,0.48740580943121053,-0.05242159818705525,0.041329895373630195,0.09375149356068545,0.44084519407081724,121,56
8,1802,scandal,0.10654093874391862,0.44621275997751547,-0.04769804106742056,0.04167939779450571,0.08937743886192627,0.4663301871787502,72,56
8,1802,duty,0.12532280951943822,0.4857505070993915,-0.029098545614968316,0.05883390979035788,0.0879324554053262,0.6690807110809411,85,56
8,1802,class,0.14201302479559552,0.45624085376735557,-0.0751960771837913,0.020211712894688996,0.0954077900784803,0.21184551992925788,99,56
8,1802,society,0.19299688895358116,0.42540812533950884,-0.10486276027259894,7.63347124471382e-06,0.10487039374384366,7.278957360727128e-05,131,56
8,1809,female,0.23409835142092283,0.5058351287575664,0.005365110603024485,0.01316430046973066,0.0077991898667061745,1.6879061406415563,152,6
8,1809,male,0.21458169443888706,0.5253971394652044,-0.0018741379867287765,0.007526202613494532,0.009400340600223309,0.8006308423032154,133,6
8,1809,family,0.2389082480984419,0.5580386000554067,0.01972174669864875,0.02521806356195694,0.005496316863308193,4.58817498782088,119,6
8,1809,marriage,0.254424329104636,0.4995070491964902,0.01268517855493667,0.018639520005962657,0.0059543414510259875,3.130408317383359,161,6
8,1809,love,0.12906351563338858,0.48005409060175797,-0.010370823027560159,1.1493988643939221e-05,0.010382317016204097,0.0011070735583293227,87,6
8,1809,wealth,0.1851648755727703,0.47925925925925933,-0.01110492193199127,7.999872002047968e-06,0.01111292180399332,0.0007198711682154931,125,6
8,1809,emotion,0.18195488721804512,0.4650735294117647,-0.011022945117873445,8.26432620948414e-06,0.011031209444082929,0.0007491768015671116,121,6
8,1809,scandal,0.10827067669172932,0.4679595278246206,-0.010105807551890875,1.3888503097136193e-05,0.010119696054988012,0.001372422948307633,72,6
8,1809,duty,0.1266618102349299,0.4736916835699797,-0.010334751617424136,1.1764429072257124e-05,0.010346516046496394,0.0011370425579249773,85,6
8,1809,class,0.14768407761828817,0.47214191383802695,-0.010592335227750613,1.0100806044322337e-05,0.010602436033794935,0.0009526872891450271,99,6
8,1809,society,0.1947271167741236,0.4736255253452269,-0.011230152155026351,7.63347124471382e-06,0.011237785626271065,0.0006792682738305178,131,6
8,1852,female,0.2511069619235254,0.5110418590335487,0.021934003125168095,0.03947974368758306,0.017545740562414962,2.250104151767934,152,15
8,1852,male,0.22352999965781922,0.529213070269659,0.04699726515700932,0.06015699012044931,0.013159724963439989,4.571295394319002,133,15
8,1852,family,0.23205845275173004,0.5450026164311879,0.07488129725082543,0.0840406043595906,0.00915930710876517,9.175432524802114,119,15
8,1852,marriage,0.2535783438529434,0.4970053238686779,0.01121855071579752,0.031061725941292653,0.019843175225495134,1.5653606636410797,161,15
8,1852,love,0.13082706766917293,0.47923875432525953,-0.025941703405136705,1.1493988643939221e-05,0.025953197393780644,0.0004428737033476552,87,15
8,1852,wealth,0.18681399150049036,0.4825481481481481,-0.0277715268704915,7.999872002047968e-06,0.027779526742493548,0.00028797726022894465,125,15
8,1852,emotion,0.18195488721804512,0.47794117647058826,-0.027567001941193946,8.26432620948414e-06,0.02757526626740343,0.0002997006857175357,121,15
8,1852,scandal,0.10827067669172932,0.4797639123102867,-0.02528282213194288,1.3888503097136193e-05,0.025296710635040017,0.0005490240726139847,72,15
8,1852,duty,0.12781954887218044,0.4793103448275862,-0.025851939489190096,1.1764429072257124e-05,0.025863703918262353,0.0004548625018667726,85,15
8,1852,class,0.14887218045112782,0.4787985865724382,-0.026493339111129114,1.0100806044322337e-05,0.026503439917173438,0.0003811130206308127,99,15
8,1852,society,0.19699248120300752,0.47752808988764045,-0.028084021616189416,7.63347124471382e-06,0.02809165508743413,0.00027173447846640645,131,15
8,1894,female,0.3103093395701764,0.5958243562121679,0.03777196526027387,0.05921632610097235,0.02144436084069848,2.7613938479260445,152,20
8,1894,male,0.2502192811766975,0.5539176889592402,0.028200428137794317,0.052638306190884346,0.02443787805309003,2.1539638619350003,133,20
8,1894,family,0.1554666470060365,0.418290393080309,-0.03662333072957855,8.403220113947665e-06,0.0366317339496925,0.00022939727956254193,119,20
8,1894,marriage,0.25288554429680765,0.5474711623779946,-0.023287711072305074,0.012428417038297659,0.035716128110602735,0.3479777259019341,161,20
8,1894,love,0.13953644190988457,0.5491190390963687,-0.021368106040120405,0.011505482632583159,0.03287358867270356,0.3499916831954126,87,20
8,1894,wealth,0.19410706706147837,0.5293925925925926,-0.007475600850680986,0.02400761587814595,0.03148321672882694,0.7625528256584193,125,20
8,1894,emotion,0.1961860931291088,0.518731769567331,-0.006450480384590528,0.024801242954661906,0.031251723339252434,0.7935960101988275,121,20
8,1894,scandal,0.13223156282130893,0.565322278433577,-0.0025648207976878418,0.027790894697369516,0.030355715495057358,0.9155078127207721,72,20
8,1894,duty,0.15289560568292906,0.5961054766734281,-0.007495477301931171,0.023540622573586505,0.031036099875517677,0.7584916489909111,85,20
8,1894,class,0.1735881080197585,0.5355498447371239,0.01214310685689595,0.04041332498333367,0.02827021812643772,1.4295370768331792,99,20
8,1894,society,0.20248666985238528,0.48479000486033685,0.000577211200314412,0.0305415184501,0.029964307249785587,1.0192632919721272,131,20
8,1919,female,0.2675709088737196,0.5391017749050991,0.015842591685771103,0.01974316127419376,0.0039005695884226574,5.06160980379177,152,5
8,1919,male,0.21678767975330926,0.5030668777206174,0.009403930306052872,0.0150448865430595,0.005640956237006628,2.667080882793018,133,5
8,1919,family,0.2893695204604266,0.5598085388001355,0.04202267229472955,0.04202450378985228,1.8314951227284884e-06,22945.450590005006,119,5
8,1919,marriage,0.24420699958483982,0.5034876269348318,-0.0017211464910317767,0.006217314070632662,0.007938460561664439,0.7831888842370092,161,5
8,1919,love,0.1266218089055607,0.4776876267748479,-0.008640725207829431,1.1493988643939221e-05,0.00865221919647337,0.0013284439958820863,87,5
8,1919,wealth,0.20127969347177727,0.5171703703703704,0.0005986400563900785,0.008007871874050014,0.007409231817659936,1.0807965076598656,125,5
8,1919,emotion,0.187339195501312,0.494211837627613,0.0009178381634596978,0.008272590535693625,0.007354752372233927,1.1247952501840819,121,5
8,1919,scandal,0.10545376810227282,0.49234120292299044,-0.008419472598551763,1.3888503097136193e-05,0.0084333611016489,0.0016468526519958745,72,5
8,1919,duty,0.1281443200762086,0.48079107505070995,-0.008610619631672362,1.1764429072257124e-05,0.00862238406074462,0.0013644055968758083,85,5
8,1919,class,0.150442734653261,0.48085091194631824,0.0030420272351002805,0.010110906850366658,0.007068879615266378,1.430340789380568,99,5
8,1919,society,0.18995091374411033,0.48704863195814385,-0.009357499992674899,7.63347124471382e-06,0.009365133463919612,0.0008150947632842244,131,5
8,1936,female,0.23285996918847654,0.5133374371601518,-0.01607730092753485,0.01316430046973066,0.029241601397265508,0.45019081856821674,152,17
8,1936,male,0.21621943570090388,0.5628285940414948,-0.013152375873247208,0.0150448865430595,0.02819726241630671,0.5335584114656947,133,17
8,1936,family,0.16059652516040723,0.456721149998461,-0.010659414888040775,0.01681484344800928,0.027474258336050054,0.6120217420149188,119,17
8,1936,marriage,0.2766716041588635,0.5362750172532782,0.0400312008077344,0.05590613781195264,0.015874937004218236,3.521660450909241,161,17
8,1936,love,0.1568364092973053,0.5772879131368572,-0.002953726117258266,0.02299947127652238,0.025953197393780644,0.886190280398658,87,17
8,1936,wealth,0.17094931649498027,0.43568148148148145,-0.011771782866395564,0.016007743876097984,0.027779526742493548,0.5762424977181182,125,17
8,1936,emotion,0.16362432323630235,0.45462901069518713,-0.02114090426763431,0.008272590535693625,0.029413494803327934,0.281251534056959,121,17
8,1936,scandal,0.10022675564612331,0.5046725688589095,-0.028655492038621107,1.3888503097136193e-05,0.028669380541718244,0.00048443680450095195,72,17
8,1936,duty,0.12186871130354832,0.5051926977687626,-0.002323081344675848,0.023540622573586505,0.025863703918262353,0.9101798662354119,85,17
8,1936,class,0.16579905926674665,0.5199432487418353,0.005575857231102172,0.030312518939011334,0.024736661707909162,1.2254086382276057,99,17
8,1936,society,0.1844840024508911,0.4827672470480602,-0.012817079126761775,0.015274575960672354,0.02809165508743413,0.5437406914112792,131,17
8,1973,female,0.22482966267222504,0.4658484661947266,-0.0109603008971474,0.006585439665267561,0.017545740562414962,0.3753298210164475,152,10
8,1973,male,0.18229547408310795,0.4171801684662784,-0.009392906713162136,0.007526202613494532,0.01691910932665667,0.4448344453447023,133,10
8,1973,family,0.1737676223739577,0.47769877181641895,-0.008073664265617512,0.008411623334061612,0.016485287599679124,0.5102503236713377,119,10
8,1973,marriage,0.24285914831521738,0.5014172335600907,-0.0034465199659205765,0.012428417038297659,0.015874937004218236,0.7828955185278736,161,10
8,1973,love,0.2321870559391102,0.6953028675973432,-0.017291214306483067,1.1493988643939221e-05,0.017302708295127006,0.0006642884135376661,87,10
8,1973,wealth,0.2437076346086714,0.5758814814814815,0.020894566076200598,0.03200748788019392,0.01111292180399332,2.880204544030188,125,10
8,1973,emotion,0.2538549649968761,0.6203816237238697,0.03213691446547177,0.041329895373630195,0.009192980908158427,4.495809986122744,121,10
8,1973,scandal,0.1325698041126221,0.5940603335207045,-0.016851147365247322,1.3888503097136193e-05,0.01686503586834446,0.0008235086604459168,72,10
8,1973,duty,0.18469925199911855,0.6017849898580122,0.036722964671604366,0.047069480718100756,0.010346516046496394,4.549307274257834,85,10
8,1973,class,0.18849720086269403,0.5790056037405861,0.006075720442365507,0.020211712894688996,0.01413599245232349,1.4298050144994987,99,10
8,1973,society,0.19304637086643323,0.4975412413871973,-0.018720760804432156,7.63347124471382e-06,0.01872839427567687,0.000407588132326969,131,10
8,1980,female,0.22299472455767455,0.4849376731301939,-0.0479971935408408,0.006585439665267561,0.054582633206108365,0.12065082386699386,152,29
8,1980,male,0.44496821839996553,0.6514076544745322,0.21804747294913207,0.21804935264131367,1.87969218160834e-06,116002.62999025299,133,29
8,1980,family,0.23599074645374993,0.5513667005263643,0.06970979600597889,0.10084704458748592,0.031137248581507033,3.2387911321150575,119,29
8,1980,marriage,0.23768622416416188,0.4755126688356502,-0.032949560989747675,0.018639520005962657,0.051589080995710336,0.3613074636307485,161,29
8,1980,love,0.13021870245100736,0.48076999562502487,-0.03693898641769695,0.011505482632583159,0.04844446905028011,0.23749837407453503,87,29
8,1980,wealth,0.18376403277951264,0.48214814814814816,-0.03399392278439587,0.016007743876097984,0.050001666660493854,0.32014420608154454,125,29
8,1980,emotion,0.1783208372508068,0.4831824258629072,-0.033097091953319675,0.016536916745177765,0.04963400869849744,0.3331771335516812,121,29
8,1980,scandal,0.10797948396632608,0.485396758478546,-0.017741835377739847,0.027790894697369516,0.045532730075109364,0.6103498439675411,72,29
8,1980,duty,0.12515095168142465,0.4937931034482758,-0.02301266517369713,0.023540622573586505,0.046553287747283636,0.5056704630803315,85,29
8,1980,class,0.1470380113123335,0.47202591283863365,-0.03936064978724241,0.010110906850366658,0.04947155663760906,0.2043781828865237,99,29
8,1980,society,0.19456278259261386,0.4669282671469823,-0.05430115188910974,7.63347124471382e-06,0.05430878536035446,0.00014055683981740668,131,29
8,2060,female,0.19707260114572098,0.37370472966040835,-0.11281285213983028,0.12500493414560335,0.23781778628543362,0.5256332425659883,152,141
8,2060,male,0.1684664066316571,0.3589165583130759,-0.18044557361446822,0.06767567405001428,0.24812124766448249,0.2727524332831614,133,141
8,2060,family,0.16144621444014326,0.36630036630036633,-0.10471351202958334,0.1260567049293289,0.23077021695891226,0.5462433869931602,119,141
8,2060,marriage,0.227633441667146,0.4719202898550725,-0.025704683188757516,0.1925504031005826,0.21825508628934012,0.8822264185148788,161,141
8,2060,love,0.12876141943251368,0.5082130215169232,-0.058796818199829126,0.16092733500379303,0.21972415320362215,0.7324062132301244,87,141
8,2060,wealth,0.1882860333153176,0.48708148148148145,-0.004959354133913546,0.2080046719252492,0.21296402605916276,0.9767127142237979,125,141
8,2060,emotion,0.2756791350355828,0.6153302746718523,0.1651235018394819,0.3471099651245434,0.1819864632850615,1.9073394738098022,121,141
8,2060,scandal,0.1265742836321927,0.5897273749297358,0.07373573475683509,0.277783950445821,0.2040482156889859,1.361364271216481,72,141
8,2060,duty,0.1265312822524208,0.5246450304259634,-0.0407641538237801,0.17647820051292912,0.21724235433670921,0.8123563245801917,85,141
8,2060,class,0.14103261579822624,0.48873897990505766,-0.059226045421042345,0.16162299751520173,0.22084904293624408,0.731825664108167,99,141
8,2060,society,0.23013434379556294,0.5834619893072591,0.06867612517481214,0.2671791270362284,0.19850300186141628,1.3459702096667132,131,141
8,2232,female,0.2930435533966092,0.5754783523135324,0.08723516180473298,0.11842607334114025,0.03119091153640727,3.7968134787953156,152,34
8,2232,male,0.23423668322052016,0.5743894510712871,0.030079865928797467,0.07519435797957924,0.045114492050781774,1.6667450869949334,133,34
8,2232,family,0.24821846869666325,0.604688029057777,0.029848174682307986,0.07563738424564292,0.04578920956333494,1.6518604484615658,119,34
8,2232,marriage,0.2925291263642322,0.5446366952578132,0.08825339670991524,0.11801716748860262,0.029763770778687384,3.9651282212247367,161,34
8,2232,love,0.1262433319969008,0.4630314600485225,-0.005917216125340741,0.045987448564400825,0.051904664689741566,0.8859983748744606,87,34
8,2232,wealth,0.1894323506287068,0.4948074074074074,0.035560588211487935,0.08000671989248172,0.04444613168099378,1.8000828613144393,125,34
8,2232,emotion,0.1730296275356232,0.45863970588235287,-0.0018780156513076018,0.049594221583114335,0.05147223723442194,0.9635140076830545,121,34
8,2232,scandal,0.10351330495418028,0.4554173693086003,-0.0261735101444354,0.027790894697369516,0.05396440484180492,0.5149856609800985,72,34
8,2232,duty,0.12271186101569573,0.4258215010141988,-0.03163332510245599,0.023540622573586505,0.055173947676042494,0.42666192224236293,85,34
8,2232,class,0.13951102743386196,0.44479244744262414,-0.024459372326390564,0.030312518939011334,0.0547718912654019,0.55343202942502,99,34
8,2232,society,0.18836021782687676,0.49515395831546444,-0.016133795665540643,0.03817498969481382,0.05430878536035446,0.7029247559268509,131,34
8,2318,female,0.2752102754051212,0.5585180055401663,0.007314420742166244,0.01316430046973066,0.0058498797275644155,2.2503540381267344,152,5
8,2318,male,0.2765739885912097,0.575004239923116,0.018802306417226182,0.02256357047262447,0.0037612640553982882,5.9989328412722225,133,5
8,2318,family,0.2704801290905699,0.5533675008464923,0.04202267229472955,0.04202450378985228,1.8314951227284884e-06,22945.450590005006,119,5
8,2318,marriage,0.2417981672510423,0.48848343685300216,-0.009916368569335223,6.211102967664998e-06,0.009922579672302888,0.0006259564722242773,161,5
8,2318,love,0.129671618963815,0.46748598019329435,-0.008640725207829431,1.1493988643939221e-05,0.00865221919647337,0.0013284439958820863,87,5
8,2318,wealth,0.1846800593501492,0.4724592592592593,-0.00925307693882458,7.999872002047968e-06,0.009261076810826628,0.0008638166127541378,125,5
8,2318,emotion,0.17881092857169412,0.4732620320855615,-0.009184716581948943,8.26432620948414e-06,0.009192980908158427,0.0008989822007843917,121,5
8,2318,scandal,0.10767550097865133,0.4854670226719131,-0.008419472598551763,1.3888503097136193e-05,0.0084333611016489,0.0016468526519958745,72,5
8,2318,duty,0.12542463073422827,0.48089249492900615,-0.008610619631672362,1.1764429072257124e-05,0.00862238406074462,0.0013644055968758083,85,5
8,2318,class,0.14887218045112782,0.46024734982332155,-0.008825557018486335,1.0100806044322337e-05,0.008835657824530658,0.0011431866470808807,99,5
8,2318,society,0.19568445482467178,0.4623895702890471,-0.009357499992674899,7.63347124471382e-06,0.009365133463919612,0.0008150947632842244,131,5
8,2320,female,0.23355272216430584,0.5057325330871036,0.0004915915946087576,0.03947974368758306,0.0389881520929743,1.0126087430977457,152,26
8,2320,male,0.19498483393106428,0.5138645485895189,-0.020671229396548963,0.02256357047262447,0.04323479986917343,0.5218844666883838,133,26
8,2320,family,0.19435711056800797,0.5216855973158493,0.024030705190783597,0.058830944017747605,0.03480023882696401,1.6905327664151988,119,26
8,2320,marriage,0.33290506966594113,0.6197254264024451,0.03856457296859525,0.06832834374728264,0.029763770778687384,2.2956884143831022,161,26
8,2320,love,0.11488331706404956,0.4061766694507418,-0.03174869295850477,0.011505482632583159,0.04325417559108793,0.2659970390162227,87,26
8,2320,wealth,0.26266528700585956,0.6246222222222222,0.02082019717117751,0.056007103886337825,0.03518690671516032,1.5917029688948305,125,26
8,2320,emotion,0.15928030133014048,0.42414620807000486,-0.04778751583636345,8.26432620948414e-06,0.04779578016257294,0.0001729091183615141,121,26
8,2320,scandal,0.10954429898274774,0.48063050402848045,-0.012682830517722513,0.027790894697369516,0.04047372521509203,0.6866403956886103,72,26
8,2320,duty,0.1595341645631762,0.5470791075050709,0.04960253607360268,0.08236276793487213,0.032760231861269445,2.5141082114785283,85,26
8,2320,class,0.14930476995719533,0.48984545097619303,-0.010325146652276334,0.030312518939011334,0.04063766559128767,0.7459217574929828,99,26
8,2320,society,0.17650414659042474,0.43751608199674075,-0.010658701773794303,0.0305415184501,0.0412002202238943,0.7412950290893343,131,26
8,2327,female,0.22614870509607352,0.4711449676823638,-0.011691231284185227,6.578860804463099e-06,0.01169781014498969,0.0005624010581774146,152,6
8,2327,male,0.2,0.4642857142857143,-0.011272514097902083,7.518683929564969e-06,0.011280032781831649,0.0006665480565808727,133,6
8,2327,family,0.21505444282976346,0.5024163511558469,0.029956461935324908,0.03362128367590461,0.003664821740579705,9.174057033784216,119,6
8,2327,marriage,0.23798619429217663,0.47811298432416444,-0.011900487679973674,6.211102967664998e-06,0.011906698782941339,0.0005216477783113119,161,6
8,2327,love,0.132351398685337,0.5002982937596946,-0.010370823027560159,1.1493988643939221e-05,0.010382317016204097,0.0011070735583293227,87,6
8,2327,wealth,0.1911803985488196,0.4898074074074074,-0.0012532049367766137,0.008007871874050014,0.009261076810826628,0.8646804293668918,125,6
8,2327,emotion,0.18717413898164378,0.5104824987846378,-0.0009203903724648022,0.008272590535693625,0.009192980908158427,0.899881182985176,121,6
8,2327,scandal,0.1221204051796157,0.4992270938729623,0.005469030498584427,0.013902391600233327,0.0084333611016489,1.64849950464787,72,6
8,2327,duty,0.13397760765223063,0.5202636916835701,0.01664237049859366,0.023540622573586505,0.006898252074992846,3.412548905760068,85,6
8,2327,class,0.1482144475075887,0.5015704750687083,-0.010592335227750613,1.0100806044322337e-05,0.010602436033794935,0.0009526872891450271,99,6
8,2327,society,0.19456838223883813,0.47851445235440426,-0.011230152155026351,7.63347124471382e-06,0.011237785626271065,0.0006792682738305178,131,6
8,2373,female,0.3199629842939974,0.6107776751821073,0.0455692058168409,0.05921632610097235,0.013647120284131448,4.339107801774752,152,16
8,2373,male,0.2820660287459107,0.6068177963706259,0.045117572975400984,0.06015699012044931,0.015039417145048327,3.9999548876304574,133,16
8,2373,family,0.20448127253266718,0.534967833287161,0.011641510708040023,0.03362128367590461,0.02197977296786459,1.5296465401863244,119,16
8,2373,marriage,0.25526793135718717,0.5393128265799073,0.009234431605159066,0.031061725941292653,0.021827294336133587,1.4230680844601538,161,16
8,2373,love,0.15002646506316047,0.47675297299447167,0.025224544629812364,0.045987448564400825,0.02076290393458846,2.2148851965536704,87,16
8,2373,wealth,0.18658926520885066,0.44925925925925925,0.009783496117200446,0.03200748788019392,0.022223991762993472,1.4402222706026793,125,16
8,2373,emotion,0.2671794100771208,0.5599173553719009,0.05141520748615068,0.06612287400208261,0.014707666515931927,4.495809986306114,121,16
8,2373,scandal,0.10098024870984917,0.47224564362001126,-0.026969157085281997,1.3888503097136193e-05,0.026983045588379134,0.0005147122125681351,72,16
8,2373,duty,0.115478894325883,0.40190669371196763,-0.02757607147494187,1.1764429072257124e-05,0.02758783590401413,0.0004264353721967341,85,16
8,2373,class,0.153284105166929,0.4673947960167042,-0.004524948813220166,0.020211712894688996,0.024736661707909162,0.8170752032967141,99,16
8,2373,society,0.1799668232093266,0.41530148383223264,-0.029956673778540874,7.63347124471382e-06,0.029964307249785587,0.00025475213495929197,131,16
8,2374,female,0.23035714285714287,0.49843541602544367,-0.003163060340580371,0.006585439665267561,0.009748500005847932,0.6755336370356005,152,6
8,2374,male,0.19999999999999998,0.4990389507603596,-0.0018741379867287765,0.007526202613494532,0.009400340600223309,0.8006308423032154,133,6
8,2374,family,0.19124281291463957,0.5098500938837073,0.01972174669864875,0.02521806356195694,0.005496316863308193,4.58817498782088,119,6
8,2374,marriage,0.2426718971341397,0.4981514344868382,-0.003705265601670226,0.006217314070632662,0.009922579672302888,0.6265824286965015,161,6
8,2374,love,0.13082706766917293,0.49480968858131485,-0.010370823027560159,1.1493988643939221e-05,0.010382317016204097,0.0011070735583293227,87,6
8,2374,wealth,0.18796992481203006,0.49444444444444446,-0.01110492193199127,7.999872002047968e-06,0.01111292180399332,0.0007198711682154931,125,6
8,2374,emotion,0.18195488721804512,0.4944852941176471,-0.011022945117873445,8.26432620948414e-06,0.011031209444082929,0.0007491768015671116,121,6
8,2374,scandal,0.10827067669172932,0.49494097807757165,-0.010105807551890875,1.3888503097136193e-05,0.010119696054988012,0.001372422948307633,72,6
8,2374,duty,0.12781954887218044,0.49482758620689654,-0.010334751617424136,1.1764429072257124e-05,0.010346516046496394,0.0011370425579249773,85,6
8,2374,class,0.14938862307283363,0.5006067744583645,0.0012752490258360009,0.010110906850366658,0.008835657824530658,1.1443298337279613,99,6
8,2374,society,0.19699248120300752,0.4943820224719101,-0.011230152155026351,7.63347124471382e-06,0.011237785626271065,0.0006792682738305178,131,6
8,2392,female,0.3370709816631312,0.652611059813276,0.0319240348428486,0.05921632610097235,0.02729229125812375,2.1697088580342796,152,23
8,2392,male,0.3896825378997889,0.6534286844931878,0.10714673659352908,0.12030646155696907,0.013159724963439989,9.142019448131277,133,23
8,2392,family,0.47791664661470457,0.7127158555729984,0.15234177339908292,0.1596695853851196,0.007327811986036682,21.78953085417369,119,23
8,2392,marriage,0.23563485049650376,0.4835970620132111,0.0035408199089933673,0.03727282890895765,0.033732008999964286,1.1049691380045625,161,23
8,2392,love,0.11985812396628767,0.42634132760609317,-0.026558399499312588,0.011505482632583159,0.038063882131895745,0.302267713850444,87,23
8,2392,wealth,0.20158832254222678,0.5591851851851852,-0.013031135830181059,0.02400761587814595,0.03703875170832701,0.6481756206729941,125,23
8,2392,emotion,0.17339513566613987,0.5068212202236266,-0.03217027548318131,0.008272590535693625,0.04044286601887494,0.2045500566559305,121,23
8,2392,scandal,0.0946686914592094,0.4216554243957279,-0.023198663708180474,0.013902391600233327,0.0371010553084138,0.37471687757371736,72,23
8,2392,duty,0.11910223461641041,0.45460446247464503,-0.03964499537520429,1.1764429072257124e-05,0.03965675980427654,0.00029665633627212794,85,23
8,2392,class,0.13476839556077191,0.463236606346147,-0.04062756478524335,1.0100806044322337e-05,0.04063766559128767,0.00024855773325324317,99,23
8,2392,society,0.179321530669249,0.469880206993167,-0.014546868693805219,0.022908047205386174,0.03745491589919139,0.6116165703436839,131,23
8,2459,female,0.27684500478734786,0.5730865907458705,0.006096040990062312,0.01974316127419376,0.013647120284131448,1.4466906469421212,152,10
8,2459,male,0.2526466291919398,0.548165526598451,0.037598973842704414,0.04511962226131938,0.007520648418614969,5.999432461653266,133,10
8,2459,family,0.29741836057721854,0.5990088343029518,0.06356934239111556,0.06723416413169526,0.003664821740579705,18.345821126545236,119,10
8,2459,marriage,0.24155844129925297,0.49473158828748887,-0.0034465199659205765,0.012428417038297659,0.015874937004218236,0.7828955185278736,161,10
8,2459,love,0.12956786684245464,0.4586564849063358,-0.017291214306483067,1.1493988643939221e-05,0.017302708295127006,0.0006642884135376661,87,10
8,2459,wealth,0.18358835526722986,0.4829185185185185,-0.018512301904658038,7.999872002047968e-06,0.018520301776660086,0.000431951492912374,125,10
8,2459,emotion,0.18061641707574724,0.4541656538648517,-0.018375859261571443,8.26432620948414e-06,0.018384123587780927,0.0004495360450322211,121,10
8,2459,scandal,0.10605165511180549,0.46807663481356565,-0.016851147365247322,1.3888503097136193e-05,0.01686503586834446,0.0008235086604459168,72,10
8,2459,duty,0.12781954887218044,0.4525862068965517,-0.017231279560431228,1.1764429072257124e-05,0.017243043989503486,0.0006822710119359622,85,10
8,2459,class,0.14667687737863175,0.4629599885783631,-0.017659448064807723,1.0100806044322337e-05,0.017669548870852047,0.0005716504771897786,99,10
8,2459,society,0.19477659373199752,0.4579938245132516,-0.018720760804432156,7.63347124471382e-06,0.01872839427567687,0.000407588132326969,131,10
8,2465,female,0.2454170382255531,0.49747358161485583,0.019253762598988512,0.03290088288311996,0.013647120284131448,2.4108296985529982,152,12
8,2465,male,0.1971481534740427,0.45046356492735595,0.015042837257141114,0.03008225440218944,0.015039417145048327,2.000227409749964,133,12
8,2465,family,0.17174606991512947,0.4799612152553328,-0.011736654511074487,0.008411623334061612,0.0201482778451361,0.4174859706768803,119,12
8,2465,marriage,0.24253577424726014,0.5151828847481021,-0.02380520234380437,6.211102967664998e-06,0.023811413446772036,0.000260845622679579,161,12
8,2465,love,0.12822114904033727,0.4937756035477071,-0.007527323482274575,0.011505482632583159,0.019032806114857734,0.6045079512997841,87,12
8,2465,wealth,0.17733208732606515,0.47325925925925927,-0.022215991890991424,7.999872002047968e-06,0.022223991762993472,0.00035996557625660565,125,12
8,2465,emotion,0.18648700395794499,0.5249756927564414,-0.022052316333420446,8.26432620948414e-06,0.02206058065962993,0.0003746196138995082,121,12
8,2465,scandal,0.11453626951476992,0.5078461682593217,0.010925858829025057,0.027790894697369516,0.01686503586834446,1.6478408295522793,72,12
8,2465,duty,0.1329720935408727,0.4766937119675456,0.019786139642091916,0.035305051645843626,0.015518912003751712,2.2749695104291865,85,12
8,2465,class,0.15142071931551254,0.4341828175750437,-0.009325420229749668,0.010110906850366658,0.019436327080116327,0.520206662923988,99,12
8,2465,society,0.1833868349699771,0.41984732824427484,-0.02246606512913506,7.63347124471382e-06,0.022473698600379774,0.00033966243741673935,131,12
8,2483,female,0.2258644641648799,0.4683620601210629,-0.005112857800844799,0.05921632610097235,0.06432918390181715,0.9205204000478405,152,42
8,2483,male,0.24253275351750955,0.5505822827746057,0.033839080698277374,0.09023172583870918,0.05639264514043181,1.6000619515614054,133,42
8,2483,family,0.21575153125135532,0.5458029365592392,0.0561350746471847,0.10925026470143359,0.05311519005424889,2.0568553852070304,119,42
8,2483,marriage,0.18110627972440607,0.3460268165237109,-0.07513355358465441,0.006217314070632662,0.08135086765528708,0.07642590976289564,161,42
8,2483,love,0.1445989016218691,0.49315912977767173,-0.006533912219516609,0.05748143720834004,0.06401534942785665,0.8979321009912151,87,42
8,2483,wealth,0.15050116648893985,0.3579851851851852,-0.02851275670991888,0.04000735988224189,0.06852011659216077,0.5838775803576954,125,42
8,2483,emotion,0.17950764292830532,0.4750394992707827,-0.006481289193294958,0.057858547792598476,0.06433983698589343,0.8992647557435488,121,42
8,2483,scandal,0.08134741644364564,0.281618887015177,-0.024089351720672995,0.04167939779450571,0.0657687495151787,0.6337264749765819,72,42
8,2483,duty,0.13437948751351936,0.5093711967545639,-0.004960697814443485,0.05883390979035788,0.06379460760480136,0.922239543409428,85,42
8,2483,class,0.11399826950977247,0.37625370310882683,-0.06232876650767802,0.010110906850366658,0.07243967335804467,0.1395769249296902,99,42
8,2483,society,0.13444301159758348,0.2513080024015782,-0.06913950659261334,0.007641104715958534,0.07678061130857187,0.09951867516592634,131,42
8,2493,female,0.3053485364900437,0.5841284497794194,0.05044223750413395,0.08553176931882474,0.03508953181469079,2.437529510740807,152,31
8,2493,male,0.2916847690576065,0.6232969642150489,0.06391407080714243,0.09775040976827415,0.03383633896113173,2.8889180321095753,133,31
8,2493,family,0.33020321483483916,0.6691137993659001,0.10698566670722656,0.1344599250432766,0.027474258336050054,4.894032930525095,119,31
8,2493,marriage,0.272464304090479,0.5305999211278715,0.0040583111804926505,0.04969503484428764,0.04563672366379499,1.088926435852434,161,31
8,2493,love,0.12118168438678528,0.3608956767291095,-0.04039918205715841,0.011505482632583159,0.051904664689741566,0.22166567689311045,87,31
8,2493,wealth,0.16969466180037038,0.4128148148148148,-0.03769761277072926,0.016007743876097984,0.05370535664682724,0.2980660566332094,125,31
8,2493,emotion,0.1652169210992892,0.37332887700534756,-0.05697865851598596,8.26432620948414e-06,0.05698692284219544,0.00014502145048652943,121,31
8,2493,scandal,0.09588088144445919,0.4046514896008994,-0.052264181385368674,1.3888503097136193e-05,0.05227806988846581,0.00026566594991937086,72,31
8,2493,duty,0.11468031022563578,0.3981338742393509,-0.05343805126121848,1.1764429072257124e-05,0.05344981569029073,0.0002201023318808947,85,31
8,2493,class,0.13120102678171075,0.40980476139486743,-0.04289420620577096,0.010110906850366658,0.053005113056137615,0.19075342485294697,99,31
8,2493,society,0.17376621402874134,0.4115418703719587,-0.03903420939968211,0.015274575960672354,0.05430878536035446,0.2812542364746308,131,31
8,2719,female,0.2493932032149658,0.5346901610752026,-0.01266613001431744,0.02632202207865686,0.0389881520929743,0.6751287420653359,152,24
8,2719,male,0.19282906430299412,0.5222737294363728,-0.02631022114450559,0.0150448865430595,0.04135510768756509,0.36379754240658146,133,24
8,2719,family,0.17120209113712043,0.4932049742974113,-0.0234798807471402,0.01681484344800928,0.04029472419514948,0.4172964025304357,119,24
8,2719,marriage,0.22050676525217142,0.40491595188800156,-0.014833743358251984,0.024850622973627657,0.03968436633187964,0.6262068736382519,161,24
8,2719,love,0.15269276968098883,0.5529670285964285,0.011383762071966536,0.045987448564400825,0.03460368649243429,1.3289754134469602,87,24
8,2719,wealth,0.17667442986989587,0.45417037037037045,-0.005031263828133091,0.03200748788019392,0.03703875170832701,0.8641621653824222,125,24
8,2719,emotion,0.24536910966409292,0.5943424890617404,0.03670937919875468,0.06612287400208261,0.029413494803327934,2.248045478511218,121,24
8,2719,scandal,0.09416647968818401,0.4432265317594154,-0.024884998661519588,0.013902391600233327,0.038787390261752916,0.3584255477374469,72,24
8,2719,duty,0.12566575951644138,0.3653346855983773,-0.014392005244938267,0.023540622573586505,0.03793262781852477,0.6205903446918491,85,24
8,2719,class,0.14715351913279975,0.4754702502052326,-0.006791590233747775,0.030312518939011334,0.03710410917275911,0.8169585421673202,99,24
8,2719,society,0.18978024540607016,0.4364725390971209,-0.02592564426322195,0.015274575960672354,0.0412002202238943,0.37074015326362353,131,24
8,2769,female,0.22648420003518163,0.4768262029342362,-0.021925231344960126,0.01316430046973066,0.03508953181469079,0.37516318367759055,152,20
8,2769,male,0.19598833642225572,0.47220023743569456,-0.02818982852924554,0.007526202613494532,0.03571603114274007,0.21072337469986907,133,20
8,2769,family,0.1781122534921241,0.47577492535475735,-0.01615390025622624,0.01681484344800928,0.03296874370423552,0.5100237849020325,119,20
8,2769,marriage,0.28729811611290024,0.5377477077787637,0.042274065554122504,0.06211724077961764,0.019843175225495134,3.1304083177513373,161,20
8,2769,love,0.1285725790656791,0.46583542138965117,-0.03459219250379035,1.1493988643939221e-05,0.03460368649243429,0.0003321608131584504,87,20
8,2769,wealth,0.18422295948738,0.48400000000000004,-0.017327317845895647,0.016007743876097984,0.03333506172199363,0.48020741671692396,125,20
8,2769,emotion,0.182968879750089,0.4761637092853671,-0.006450480384590528,0.024801242954661906,0.031251723339252434,0.7935960101988275,121,20
8,2769,scandal,0.10624626035810246,0.4774920367247517,-0.01813965884816314,0.013902391600233327,0.03204205044839647,0.4338795865198816,72,20
8,2769,duty,0.12505106296464485,0.4798782961460446,-0.03447259941794897,1.1764429072257124e-05,0.03448436384702122,0.00034115256190037535,85,20
8,2769,class,0.1453333900822804,0.48693650283756285,-0.023459645903863898,0.010110906850366658,0.033570552754230557,0.30118380606024725,99,20
8,2769,society,0.19341097139354751,0.48243131200503186,-0.008928912206750864,0.022908047205386174,0.03183695941213704,0.7195425576958056,131,20
8,2832,female,0.22580951807436211,0.47559505488868364,-0.02460547187113971,0.006585439665267561,0.03119091153640727,0.21113328661041667,152,17
8,2832,male,0.39857803062371805,0.624667872689242,0.12782326579435244,0.12782514548653404,1.87969218160834e-06,68003.19687129033,133,17
8,2832,family,0.1773813089829233,0.5052174716040261,-0.010659414888040775,0.01681484344800928,0.027474258336050054,0.6120217420149188,119,17
8,2832,marriage,0.237632961451487,0.48220447599329586,-0.03372579789699662,6.211102967664998e-06,0.033732008999964286,0.00018413083452833905,161,17
8,2832,love,0.14643760017896484,0.5265282583621684,0.010270360346411683,0.0344934599204616,0.024223099574049917,1.4239903449841853,87,17
8,2832,wealth,0.1846855124125073,0.48891851851851853,-0.021623499861610232,0.008007871874050014,0.029631371735660245,0.27024978611241923,125,17
8,2832,emotion,0.17870870239291292,0.4847320126397666,-0.02114090426763431,0.008272590535693625,0.029413494803327934,0.281251534056959,121,17
8,2832,scandal,0.10669941274410899,0.49077196927112615,-0.028655492038621107,1.3888503097136193e-05,0.028669380541718244,0.00048443680450095195,72,17
8,2832,duty,0.12836503022261533,0.4943002028397566,-0.015811642402684747,0.01177619350132938,0.02758783590401413,0.4268618075689308,85,17
8,2832,class,0.15636023724373768,0.5251454474069315,-0.006291727022484442,0.020211712894688996,0.026503439917173438,0.7626071542822561,99,17
8,2832,society,0.19492797946937337,0.5017297080938903,-0.012817079126761775,0.015274575960672354,0.02809165508743413,0.5437406914112792,131,17
8,2854,female,0.23752282610116515,0.5102980404226941,0.023395376578121074,0.10526835173221405,0.08187297515409298,1.2857521243463172,152,58
8,2854,male,0.2493547533429848,0.5165780993837978,0.03195913412606387,0.11278777762740409,0.08082864350134022,1.395393671602797,133,58
8,2854,family,0.26674920722273815,0.5558992827900392,0.10870887457693813,0.17647602561301493,0.06776715103607679,2.604152940064741,119,58
8,2854,marriage,0.24915695062199236,0.4818470866607512,-0.049512904806745486,0.04969503484428764,0.09920793965103313,0.5009179206683505,161,58
8,2854,love,0.12894060996325651,0.4613411287435867,-0.0738877367262181,0.02299947127652238,0.09688720800274048,0.23738398236880195,87,58
8,2854,wealth,0.18424162063481606,0.46398518518518517,-0.06799399359580062,0.03200748788019392,0.10000148147599454,0.32007013703649256,125,58
8,2854,emotion,0.17886348101659108,0.459862664073894,-0.07630316474972154,0.024801242954661906,0.10110440770438345,0.24530328120740602,121,58
8,2854,scandal,0.10555331781835542,0.4717772156642309,-0.051070710974098786,0.04167939779450571,0.0927501087686045,0.4493730341388519,72,58
8,2854,duty,0.12661744859887275,0.45484787018255574,-0.08650105381850745,0.01177619350132938,0.09827724731983684,0.11982624485690677,85,58
8,2854,class,0.14643584972532342,0.4580968697576471,-0.07872963360231985,0.020211712894688996,0.09894134649700885,0.20427974360643805,99,58
8,2854,society,0.19252106708604955,0.4618892415015582,-0.07058357096904075,0.0305415184501,0.10112508941914075,0.3020172207038577,131,58
8,2925,female,0.22574591500843172,0.4963642659279779,-0.00633075023182606,0.01316430046973066,0.01949505070155672,0.6752637205505806,152,12
8,2925,male,0.2005804238892733,0.5030951438747244,0.0056444611459678,0.02256357047262447,0.01691910932665667,1.3336145559235282,133,12
8,2925,family,0.20914388723190813,0.5230399852248592,0.008732775962277818,0.02521806356195694,0.016485287599679124,1.5297314898478367,119,12
8,2925,marriage,0.24985101960020437,0.45533249531696735,0.008975685969409421,0.024850622973627657,0.015874937004218236,1.5653997849225503,161,12
8,2925,love,0.12446457002560718,0.49116056158771826,-0.020751409945944523,1.1493988643939221e-05,0.02076290393458846,0.0005535829034125644,87,12
8,2925,wealth,0.18524676786554856,0.48952592592592586,-0.012364274895776765,0.008007871874050014,0.02037214676982678,0.3930794316442589,125,12
8,2925,emotion,0.17522877629219788,0.4945080821584832,-0.011949761588011802,0.008272590535693625,0.020222352123705427,0.40908151953239363,121,12
8,2925,scandal,0.1030144921463101,0.46632002997938915,-0.020223817271925546,1.3888503097136193e-05,0.020237705775022683,0.0006862686537122737,72,12
8,2925,duty,0.12638784966932065,0.4667748478701826,-0.007190982473925878,0.01177619350132938,0.018967175975255258,0.6208722645939402,85,12
8,2925,class,0.14357433465346045,0.5035781846735911,-0.02119300448333628,1.0100806044322337e-05,0.021203105289380603,0.00047638333659102554,99,12
8,2925,society,0.19452745120108983,0.5038167938931298,-0.02246606512913506,7.63347124471382e-06,0.022473698600379774,0.00033966243741673935,131,12
8,2977,female,0.3121271272241042,0.5945226736431722,0.030462174068772954,0.04605860449204616,0.015596430423273204,2.9531503837162467,152,15
8,2977,male,0.21923195980079047,0.5630971225055119,5.384601142782025e-06,0.02256357047262447,0.022558185871481687,1.0002386982788962,133,15
8,2977,family,0.2180834014843611,0.5725059254471019,0.013473005830768513,0.03362128367590461,0.0201482778451361,1.6686926760021963,119,15
8,2977,marriage,0.28765796205119903,0.5446428571428571,0.01121855071579752,0.031061725941292653,0.019843175225495134,1.5653606636410797,161,15
8,2977,love,0.1185011049074961,0.4129877102971006,0.0005064695222031894,0.02299947127652238,0.02249300175431919,1.0225167599555012,87,15
8,2977,wealth,0.17500985640807942,0.4603777777777778,-0.008068092880062178,0.016007743876097984,0.024075836756160162,0.6648883707577589,125,15
8,2977,emotion,0.15778994700293636,0.418509965969859,-0.027567001941193946,8.26432620948414e-06,0.02757526626740343,0.0002997006857175357,121,15
8,2977,scandal,0.09222240831609824,0.35154347011429643,-0.02528282213194288,1.3888503097136193e-05,0.025296710635040017,0.0005490240726139847,72,15
8,2977,duty,0.11019976130132894,0.37833671399594315,-0.025851939489190096,1.1764429072257124e-05,0.025863703918262353,0.0004548625018667726,85,15
8,2977,class,0.16264893990659368,0.5352821501231395,-0.002758170603955886,0.020211712894688996,0.022969883498644882,0.8799223076164697,99,15
8,2977,society,0.22586541621389464,0.5629770992366412,-0.009071774802058874,0.015274575960672354,0.024346350762731228,0.6273866711649821,131,15
8,3002,female,0.25014175837836716,0.5084577305837694,0.014136762568601063,0.03947974368758306,0.025342981118981995,1.5578176655963634,152,19
8,3002,male,0.2230195671227636,0.5133557578155916,0.039478496430575966,0.06015699012044931,0.02067849368987335,2.9091572635680025,133,19
8,3002,family,0.26404978261682416,0.5405239018684397,0.09825946246993994,0.10925026470143359,0.010990802231493658,9.940153811378902,119,19
8,3002,marriage,0.26039257825566775,0.5024894015577246,0.011477296351547168,0.03727282890895765,0.025795532557410485,1.4449334908887184,161,19
8,3002,love,0.1250777701068331,0.47016068090522206,-0.03286209468405962,1.1493988643939221e-05,0.03287358867270356,0.00034964204115425833,87,19
8,3002,wealth,0.1810352782016257,0.49000740740740745,-0.03517890684315827,7.999872002047968e-06,0.03518690671516032,0.00022735365931935873,125,19
8,3002,emotion,0.1753464171083492,0.44296153378706854,-0.03491991608489195,8.26432620948414e-06,0.034928180411101434,0.00023660912512410269,121,19
8,3002,scandal,0.10362725351743127,0.4579234588720254,-0.03202816194529933,1.3888503097136193e-05,0.03204205044839647,0.0004334461403795022,72,19
8,3002,duty,0.122883138635624,0.4589756592292089,-0.03274846743219719,1.1764429072257124e-05,0.032760231861269445,0.0003591070149233721,85,19
8,3002,class,0.14315461781788733,0.4865349609165863,-0.033560451948186236,1.0100806044322337e-05,0.033570552754230557,0.00030088292313711014,99,19
8,3002,society,0.1912169816411703,0.5120007433456272,-0.03557463026559522,7.63347124471382e-06,0.03558226373683994,0.0002145302305933956,131,19
8,3030,female,0.2326911131811186,0.5110546834923566,-0.0012137502014386136,0.006585439665267561,0.0077991898667061745,0.8443748359731122,152,5
8,3030,male,0.23617231159342145,0.5660156029170671,5.554194879563504e-06,0.007526202613494532,0.007520648418614969,1.0007385259314978,133,5
8,3030,family,0.16024429795559858,0.44359282174408227,-0.009150903888651222,8.403220113947665e-06,0.00915930710876517,0.0009174515073294785,119,5
8,3030,marriage,0.21903762008144098,0.4635524499654934,-0.009916368569335223,6.211102967664998e-06,0.009922579672302888,0.0006259564722242773,161,5
8,3030,love,0.1576044132684969,0.5424372588792109,0.017807447719510466,0.02299947127652238,0.005192023557011914,4.429770208001356,87,5
8,3030,wealth,0.18197249179032104,0.5031851851851852,-0.00925307693882458,7.999872002047968e-06,0.009261076810826628,0.0008638166127541378,125,5
8,3030,emotion,0.18635040449817508,0.5106192270296549,-0.009184716581948943,8.26432620948414e-06,0.009192980908158427,0.0008989822007843917,121,5
8,3030,scandal,0.10280965485627401,0.5106801573917932,-0.008419472598551763,1.3888503097136193e-05,0.0084333611016489,0.0016468526519958745,72,5
8,3030,duty,0.14846034387393786,0.528894523326572,-0.008610619631672362,1.1764429072257124e-05,0.00862238406074462,0.0013644055968758083,85,5
8,3030,class,0.15297099767084577,0.5294821001534783,-0.008825557018486335,1.0100806044322337e-05,0.008835657824530658,0.0011431866470808807,99,5
8,3030,society,0.20600558020728385,0.5146953712439603,0.00014862341439037408,0.007641104715958534,0.00749248130156816,1.0198363409114455,131,5
8,3036,female,0.22587980393222018,0.5020647378680619,-0.012909611036289157,0.006585439665267561,0.01949505070155672,0.3378005918396457,152,11
8,3036,male,0.19822672405774255,0.4908205664537283,-0.001874222783597168,0.0150448865430595,0.01691910932665667,0.8892245006341152,133,11
8,3036,family,0.18227401590223247,0.5106658047834519,0.00032955584833015486,0.01681484344800928,0.016485287599679124,1.0199909067595871,119,11
8,3036,marriage,0.2587457488711628,0.5203465444148675,0.010959805080047869,0.024850622973627657,0.013890817893579788,1.788996383238484,161,11
8,3036,love,0.13091211020487045,0.5094360259316708,-0.019021312126213795,1.1493988643939221e-05,0.019032806114857734,0.0006039040472525317,87,11
8,3036,wealth,0.1891956274968033,0.498562962962963,-0.0006607129073954096,0.016007743876097984,0.016668456783493393,0.960361482953235,125,11
8,3036,emotion,0.19145204103060437,0.5200686679630532,-8.978306678661396e-06,0.016536916745177765,0.016545895051856427,0.9994573694774457,121,11
8,3036,scandal,0.11063694241912218,0.5196037099494099,-0.018537482318586433,1.3888503097136193e-05,0.01855137082168357,0.0007486510420110904,72,11
8,3036,duty,0.12579495554511752,0.470841784989858,-0.018955411546183,1.1764429072257124e-05,0.018967175975255258,0.000620252012581359,85,11
8,3036,class,0.14666885544003455,0.4973765927829532,-0.019426226274072003,1.0100806044322337e-05,0.019436327080116327,0.0005196869759480399,99,11
8,3036,society,0.49735407220340927,0.6870229007633588,0.08397394451093439,0.08397581716309674,1.8726521623514522e-06,44843.230370353274,131,11
8,3198,female,0.21807327166005894,0.4694008412844978,-0.009010990758005644,0.006585439665267561,0.015596430423273204,0.42224018484501674,152,9
8,3198,male,0.1789413451011178,0.36594776414721014,-0.016911590642727105,7.518683929564969e-06,0.01691910932665667,0.00044439005528941293,133,9
8,3198,family,0.1629366997379948,0.38972512081755784,-0.006242169142889022,0.008411623334061612,0.014653792476950634,0.5740236424610536,119,9
8,3198,marriage,0.22461561010606398,0.44890564921620824,-0.01785284501188902,6.211102967664998e-06,0.017859056114856685,0.0003477845036922354,161,9
8,3198,love,0.11888482449570217,0.4059579206936324,-0.0023370300230823923,0.011505482632583159,0.013842512655665551,0.8311701002522076,87,9
8,3198,wealth,0.18144998924013128,0.4936888888888889,-0.006808739916276688,0.008007871874050014,0.014816611790326702,0.5404657952054622,125,9
8,3198,emotion,0.16533379825608302,0.45761424404472534,-0.016537630725646943,8.26432620948414e-06,0.016545895051856427,0.0004994789452660898,121,9
8,3198,scandal,0.10024022721901031,0.46617950159265503,-0.015164812411908209,1.3888503097136193e-05,0.015178700915005346,0.000914999457067588,72,9
8,3198,duty,0.11819471017139689,0.4662677484787019,-0.002018586516670558,0.01177619350132938,0.013794780017999938,0.8536702640498578,85,9
8,3198,class,0.15179772140376396,0.5060855908912445,0.007842498651629783,0.020211712894688996,0.012369214243059213,1.6340336981709602,99,9
8,3198,society,0.41372129254934775,0.737456042542242,0.04018863180031093,0.04580846093952764,0.005619829139216707,8.151219511588426,131,9
8,3271,female,0.23929412272197312,0.5344721452754694,-0.007061680618863887,0.006585439665267561,0.013647120284131448,0.4825515953312439,152,8
8,3271,male,0.23039959842769456,0.5359545480241958,0.003764853761227852,0.0150448865430595,0.011280032781831649,1.333762661218326,133,8
8,3271,family,0.20060308937310956,0.53912334164435,-0.004410674020160536,0.008411623334061612,0.012822297354222148,0.6560153068541811,119,8
8,3271,marriage,0.23931731567050463,0.49910036478359454,-0.007673503822947126,0.006217314070632662,0.013890817893579788,0.4475844487932323,161,8
8,3271,love,0.12852665109713607,0.4693751740046932,-0.013831018667021612,1.1493988643939221e-05,0.013842512655665551,0.000830339760491716,87,8
8,3271,wealth,0.1896677077308656,0.46709629629629634,0.004894822072104664,0.016007743876097984,0.01111292180399332,1.4404622075992017,125,8
8,3271,emotion,0.1878885209156002,0.48295454545454547,0.01560826204650348,0.024801242954661906,0.009192980908158427,2.6978455845539595,121,8
8,3271,scandal,0.10718715981873876,0.46681187933295853,-0.013478477458569097,1.3888503097136193e-05,0.013492365961666234,0.0010293600941129288,72,8
8,3271,duty,0.12711779448621552,0.47075050709939154,-0.0002944545309187859,0.01177619350132938,0.012070648032248166,0.9756057395503769,85,8
8,3271,class,0.14889496468443836,0.46089874005068343,-0.002258307392692555,0.010110906850366658,0.012369214243059213,0.8174251533578866,99,8
8,3271,society,0.19699248120300752,0.44569288389513106,-0.014975456479729253,7.63347124471382e-06,0.014983089950973966,0.0005094724298647182,131,8
8,3311,female,0.21463671603046186,0.47264542936288084,-0.015589851562468742,6.578860804463099e-06,0.015596430423273204,0.00042181836647853824,152,8
8,3311,male,0.19108157301486559,0.4570213126801968,-0.015031898461118761,7.518683929564969e-06,0.015039417145048327,0.0004999318694701234,133,8
8,3311,family,0.17048527467097457,0.4418998368578201,-0.014645389256836686,8.403220113947665e-06,0.014653792476950634,0.0005734501922687849,119,8
8,3311,marriage,0.2292605805476301,0.409395642314897,-0.007673503822947126,0.006217314070632662,0.013890817893579788,0.4475844487932323,161,8
8,3311,love,0.1617361132772618,0.6001869307560752,-0.013831018667021612,1.1493988643939221e-05,0.013842512655665551,0.000830339760491716,87,8
8,3311,wealth,0.17186548018234213,0.44266666666666665,-0.014808611918324653,7.999872002047968e-06,0.014816611790326702,0.0005399258693361262,125,8
8,3311,emotion,0.20653362496159441,0.5337870685464269,-0.004596847444313804,0.008272590535693625,0.012869437980007429,0.6428089981786478,121,8
8,3311,scandal,0.13217962896335533,0.523397976391231,0.03324603669285681,0.04167939779450571,0.0084333611016489,4.942204808639619,72,8
8,3311,duty,0.12543986048064523,0.4923529411764706,-0.0002944545309187859,0.01177619350132938,0.012070648032248166,0.9756057395503769,85,8
8,3311,class,0.1428765680011599,0.4920583931184637,-0.002258307392692555,0.010110906850366658,0.012369214243059213,0.8174251533578866,99,8
8,3311,society,0.3221586602859736,0.6109872201732567,0.042061283962662385,0.04580846093952764,0.0037471769768652554,12.224792479810882,131,8
8,3337,female,0.22766575529733424,0.48282804965630444,-0.019488471840752256,6.578860804463099e-06,0.01949505070155672,0.00033746312871093485,152,10
8,3337,male,0.19957035445757249,0.48408615523771836,-0.009392906713162136,0.007526202613494532,0.01691910932665667,0.4448344453447023,133,10
8,3337,family,0.18584697036709422,0.48513251454427925,-0.008073664265617512,0.008411623334061612,0.016485287599679124,0.5102503236713377,119,10
8,3337,marriage,0.2765257854594047,0.5355417529330573,0.029334368347293215,0.03727282890895765,0.007938460561664439,4.695221273033259,161,10
8,3337,love,0.13024299253881833,0.5004772700155113,-0.017291214306483067,1.1493988643939221e-05,0.017302708295127006,0.0006642884135376661,87,10
8,3337,wealth,0.18626110731373888,0.48928888888888894,-0.018512301904658038,7.999872002047968e-06,0.018520301776660086,0.000431951492912374,125,10
8,3337,emotion,0.18721183123097002,0.4901403743315508,0.0018292502292458386,0.016536916745177765,0.014707666515931927,1.1243739260840562,121,10
8,3337,scandal,0.10827067669172932,0.4814502529510961,-0.016851147365247322,1.3888503097136193e-05,0.01686503586834446,0.0008235086604459168,72,10
8,3337,duty,0.1272268907563025,0.4944016227180527,-0.003742718502422332,0.01177619350132938,0.015518912003751712,0.7588285504630509,85,10
8,3337,class,0.1498671782762692,0.5041224970553592,-0.005791863811221109,0.010110906850366658,0.015902770661587767,0.6357953003845538,99,10
8,3337,society,0.19513605897695893,0.4886782742945364,-0.018720760804432156,7.63347124471382e-06,0.01872839427567687,0.000407588132326969,131,10
8,3339,female,0.25168391636847287,0.5511182928080435,-0.0012137502014386136,0.006585439665267561,0.0077991898667061745,0.8443748359731122,152,5
8,3339,male,0.27895429209166195,0.5694499406410763,0.028200682528399492,0.03008225440218944,0.001881571873789948,15.987831666301728,133,5
8,3339,family,0.16928305864436616,0.44680949302798034,-0.009150903888651222,8.403220113947665e-06,0.00915930710876517,0.0009174515073294785,119,5
8,3339,marriage,0.23441493124572652,0.49454056985112893,-0.009916368569335223,6.211102967664998e-06,0.009922579672302888,0.0006259564722242773,161,5
8,3339,love,0.1271902061906536,0.47142345782126244,-0.008640725207829431,1.1493988643939221e-05,0.00865221919647337,0.0013284439958820863,87,5
8,3339,wealth,0.1793885753226376,0.4643851851851852,-0.00925307693882458,7.999872002047968e-06,0.009261076810826628,0.0008638166127541378,125,5
8,3339,emotion,0.1796333024271385,0.4977211959163831,-0.009184716581948943,8.26432620948414e-06,0.009192980908158427,0.0008989822007843917,121,5
8,3339,scandal,0.11527603208702873,0.5424629941914934,-0.008419472598551763,1.3888503097136193e-05,0.0084333611016489,0.0016468526519958745,72,5
8,3339,duty,0.14440819397007265,0.49486815415821495,0.004877941426336534,0.01177619350132938,0.006898252074992846,1.7071271637510383,85,5
8,3339,class,0.14338302076396323,0.4661455544847771,0.0030420272351002805,0.010110906850366658,0.007068879615266378,1.430340789380568,99,5
8,3339,society,0.1900765816493882,0.46206078280012575,-0.009357499992674899,7.63347124471382e-06,0.009365133463919612,0.0008150947632842244,131,5
8,3340,female,0.2253530334449471,0.48690622755719704,-0.007061680618863887,0.006585439665267561,0.013647120284131448,0.4825515953312439,152,8
8,3340,male,0.19083217257387786,0.4381395217366725,-0.0056335223499454565,0.007526202613494532,0.013159724963439989,0.5719118472332608,133,8
8,3340,family,0.16953645339549298,0.47742173792593956,-0.014645389256836686,8.403220113947665e-06,0.014653792476950634,0.0005734501922687849,119,8
8,3340,marriage,0.22274474723939133,0.4689194518387065,-0.01586872590125057,6.211102967664998e-06,0.015874937004218236,0.0003912521331973382,161,8
8,3340,love,0.12145269832347017,0.45808972676291615,-0.013831018667021612,1.1493988643939221e-05,0.013842512655665551,0.000830339760491716,87,8
8,3340,wealth,0.1901778532690797,0.5163481481481481,-0.014808611918324653,7.999872002047968e-06,0.014816611790326702,0.0005399258693361262,125,8
8,3340,emotion,0.1985280558720375,0.5429250729217306,0.005505707301094837,0.016536916745177765,0.011031209444082929,1.4991027799357903,121,8
8,3340,scandal,0.1025202417813551,0.4718357691587034,-0.013478477458569097,1.3888503097136193e-05,0.013492365961666234,0.0010293600941129288,72,8
8,3340,duty,0.13755637797352896,0.504158215010142,-0.0002944545309187859,0.01177619350132938,0.012070648032248166,0.9756057395503769,85,8
8,3340,class,0.16611972248526283,0.523869436413606,0.00960927686089406,0.020211712894688996,0.010602436033794935,1.9063272655791992,99,8
8,3340,society,0.21824912606122293,0.5313992051919834,0.013542913741466562,0.022908047205386174,0.009365133463919612,2.4460993846159576,131,8
8,3388,female,0.23151806112866807,0.487945008720632,0.012918382816497126,0.04605860449204616,0.03314022167554903,1.3898097888898113,152,24
8,3388,male,0.18776329134037356,0.5092430323930126,-0.02631022114450559,0.0150448865430595,0.04135510768756509,0.36379754240658146,133,24
8,3388,family,0.20716283833142796,0.5750915750915749,0.00722426496288827,0.04202450378985228,0.03480023882696401,1.2075923960637638,119,24
8,3388,marriage,0.2202401529001457,0.47782337572710243,-0.023028965436555433,0.018639520005962657,0.04166848544251809,0.44732895394599,161,24
8,3388,love,0.1254512412161624,0.4922741916239113,-0.028288497319043315,0.011505482632583159,0.03979397995162647,0.28912621070523953,87,24
8,3388,wealth,0.21345479455747868,0.556651851851852,-0.014882980823347752,0.02400761587814595,0.0388905967014937,0.617311584643456,125,24
8,3388,emotion,0.16486034920755166,0.39391407389402044,0.006401714962528761,0.041329895373630195,0.034928180411101434,1.1832822347456378,121,24
8,3388,scandal,0.10047696239263616,0.45930532134157775,-0.024884998661519588,0.013902391600233327,0.038787390261752916,0.3584255477374469,72,24
8,3388,duty,0.11942321153847252,0.44507099391480726,-0.027880566302947163,0.01177619350132938,0.03965675980427654,0.2969529926084,85,24
8,3388,class,0.1711645708406849,0.5436520683870507,0.028811162527012067,0.06061493707197835,0.03180377454496628,1.905903872647916,99,24
8,3388,society,0.15998609402537534,0.3890628127054922,-0.02592564426322195,0.015274575960672354,0.0412002202238943,0.37074015326362353,131,24
8,3435,female,0.3128240007914524,0.5532471529701447,0.0986875416176118,0.09868949092775094,1.949310139141758e-06,50627.88025271426,152,15
8,3435,male,0.1989832682842297,0.4997880038441969,-0.009392991510030528,0.0150448865430595,0.02443787805309003,0.6156380071035473,133,15
8,3435,family,0.20733653785400805,0.5228860775079262,0.044177151540796974,0.058830944017747605,0.014653792476950634,4.0147247960737635,119,15
8,3435,marriage,0.24934247154239272,0.5047692990239574,0.00302332863749407,0.024850622973627657,0.021827294336133587,1.1385113789092332,161,15
8,3435,love,0.13082706766917293,0.4826989619377163,-0.025941703405136705,1.1493988643939221e-05,0.025953197393780644,0.0004428737033476552,87,15
8,3435,wealth,0.18796992481203006,0.4814814814814815,-0.0277715268704915,7.999872002047968e-06,0.027779526742493548,0.00028797726022894465,125,15
8,3435,emotion,0.18097013903886458,0.4916747690811862,-0.007361892450376665,0.016536916745177765,0.02389880919555443,0.6919556790119044,121,15
8,3435,scandal,0.10746136173767754,0.490701705077759,-0.02528282213194288,1.3888503097136193e-05,0.025296710635040017,0.0005490240726139847,72,15
8,3435,duty,0.12736104968303108,0.4961257606490872,0.0011251826268276997,0.023540622573586505,0.022415439946758806,1.050196767426829,85,15
8,3435,class,0.14887218045112782,0.4823321554770318,-0.026493339111129114,1.0100806044322337e-05,0.026503439917173438,0.0003811130206308127,99,15
8,3435,society,0.19699248120300752,0.4812734082397004,-0.028084021616189416,7.63347124471382e-06,0.02809165508743413,0.00027173447846640645,131,15
8,3630,female,0.2539473684210526,0.5164473684210527,0.032898933572980814,0.03290088288311996,1.949310139141758e-06,16878.210062250786,152,5
8,3630,male,0.2,0.49530075187969924,-0.009392821916293743,7.518683929564969e-06,0.009400340600223309,0.0007998310112919236,133,5
8,3630,family,0.17894736842105263,0.49542124542124544,-0.009150903888651222,8.403220113947665e-06,0.00915930710876517,0.0009174515073294785,119,5
8,3630,marriage,0.24210526315789474,0.49503968253968256,-0.009916368569335223,6.211102967664998e-06,0.009922579672302888,0.0006259564722242773,161,5
8,3630,love,0.13082706766917293,0.49567474048442905,-0.008640725207829431,1.1493988643939221e-05,0.00865221919647337,0.0013284439958820863,87,5
8,3630,wealth,0.18796992481203006,0.49537037037037035,-0.00925307693882458,7.999872002047968e-06,0.009261076810826628,0.0008638166127541378,125,5
8,3630,emotion,0.18251724352202822,0.5004405687894993,0.0009178381634596978,0.008272590535693625,0.007354752372233927,1.1247952501840819,121,5
8,3630,scandal,0.10827067669172932,0.4957841483979764,-0.008419472598551763,1.3888503097136193e-05,0.0084333611016489,0.0016468526519958745,72,5
8,3630,duty,0.12781954887218044,0.4956896551724138,-0.008610619631672362,1.1764429072257124e-05,0.00862238406074462,0.0013644055968758083,85,5
8,3630,class,0.14887218045112782,0.495583038869258,-0.008825557018486335,1.0100806044322337e-05,0.008835657824530658,0.0011431866470808807,99,5
8,3630,society,0.19699248120300752,0.4953183520599251,-0.009357499992674899,7.63347124471382e-06,0.009365133463919612,0.0008150947632842244,131,5
8,3645,female,0.22055944097710284,0.4740304709141274,-0.023387092119035773,6.578860804463099e-06,0.023393670979840235,0.00028122396052553204,152,12
8,3645,male,0.19734643626610388,0.4543360280400248,-0.022550667187552123,7.518683929564969e-06,0.022558185871481687,0.0003333017988266899,133,12
8,3645,family,0.17646505970809376,0.4511496906454889,-0.02197136974775064,8.403220113947665e-06,0.02197977296786459,0.00038231605603257295,119,12
8,3645,marriage,0.27137681236328237,0.5264468106083013,0.025366130126016316,0.03727282890895765,0.011906698782941339,3.1304083176461823,161,12
8,3645,love,0.13075259186717975,0.4836336157180925,-0.007527323482274575,0.011505482632583159,0.019032806114857734,0.6045079512997841,87,12
8,3645,wealth,0.18408983557412367,0.4938074074074075,-0.022215991890991424,7.999872002047968e-06,0.022223991762993472,0.00035996557625660565,125,12
8,3645,emotion,0.18124870544128918,0.4570825230918813,-0.0018472068426031614,0.016536916745177765,0.018384123587780927,0.8995216261094745,121,12
8,3645,scandal,0.12000026225045786,0.5316891512085441,0.010925858829025057,0.027790894697369516,0.01686503586834446,1.6478408295522793,72,12
8,3645,duty,0.1241980550423427,0.49649087221095345,-0.020679543531934776,1.1764429072257124e-05,0.020691307961007033,0.0005685686518154742,85,12
8,3645,class,0.14450497648749464,0.4892565228254274,-0.02119300448333628,1.0100806044322337e-05,0.021203105289380603,0.00047638333659102554,99,12
8,3645,society,0.21564180202012503,0.5223289590302198,0.006052305092060756,0.022908047205386174,0.01685574211332542,1.3590648842400717,131,12
8,3681,female,0.2169990433732068,0.42833692418179947,-0.04604788340169905,0.006585439665267561,0.05263332306696661,0.1251192074033333,152,28
8,3681,male,0.19141890064387693,0.3983407767539149,-0.05262574209328557,7.518683929564969e-06,0.052633260777215134,0.00014285042990680422,133,28
8,3681,family,0.18389423340345107,0.4636469972604427,0.010132999708650461,0.05042772390379994,0.04029472419514948,1.251472119732706,119,28
8,3681,marriage,0.2288380886645984,0.4405747806368924,-0.02277021980080578,0.024850622973627657,0.04762084277443344,0.5218434098450596,161,28
8,3681,love,0.1277670808292657,0.48985801217038544,-0.04843297506163617,1.1493988643939221e-05,0.04844446905028011,0.0002372611129615735,87,28
8,3681,wealth,0.19142535694192783,0.5048444444444444,-0.012438643800799863,0.03200748788019392,0.04444613168099378,0.7201411386980374,125,28
8,3681,emotion,0.2229343124548811,0.5797277588721439,0.029356465055056673,0.06612287400208261,0.03676640894702594,1.798458862152021,121,28
8,3681,scandal,0.10879061640628482,0.49573730560239837,0.01509417567654988,0.05556790089164191,0.04047372521509203,1.3729376427536886,72,28
8,3681,duty,0.14091734139103063,0.5083772819472617,0.00568858892807244,0.047069480718100756,0.04138089179002832,1.1374689785758985,85,28
8,3681,class,0.15342966186033474,0.49437841310632835,-0.013858703070804893,0.030312518939011334,0.04417122200981623,0.6862504037490449,99,28
8,3681,society,0.19029900883228998,0.45249735540498043,-0.023910129505562483,0.022908047205386174,0.04681817671094866,0.489298149014413,131,28
8,3838,female,0.21280185418165945,0.4469580383707807,-0.03313364281474457,6.578860804463099e-06,0.03314022167554903,0.00019851589614195276,152,17
8,3838,male,0.18979586025535558,0.4882624795070383,-0.022550751984420518,0.007526202613494532,0.03007695459791505,0.25023153819456245,133,17
8,3838,family,0.17253896934431087,0.45327361713916337,-0.02089413012471693,0.008411623334061612,0.029305753458778543,0.2870297583580769,119,17
8,3838,marriage,0.2821235450417871,0.5497079266489203,0.02364075665112752,0.04348393187662265,0.019843175225495134,2.191379725285183,161,17
8,3838,love,0.12647586291716165,0.43561826353259353,-0.016177812580928215,0.011505482632583159,0.027683295213511375,0.41561102258347016,87,17
8,3838,wealth,0.17499311047459554,0.4364962962962963,-0.03147521685682489,7.999872002047968e-06,0.03148321672882694,0.00025409957536101944,125,17
8,3838,emotion,0.18988945103794672,0.5248921366067089,-0.0009357947768170241,0.024801242954661906,0.02573703773147893,0.9636401520818344,121,17
8,3838,scandal,0.10732810736886239,0.46445802885516196,-0.013080653988145808,0.013902391600233327,0.026983045588379134,0.5152269247807032,72,17
8,3838,duty,0.12132582490876605,0.4674645030425963,-0.029300203460693643,1.1764429072257124e-05,0.0293119678897659,0.0004013524140070873,85,17
8,3838,class,0.14201128746433864,0.4617999785844309,-0.018159311276071063,0.010110906850366658,0.02827021812643772,0.3576522404173987,99,17
8,3838,society,0.28485699576222095,0.5685093061154474,0.0632319081297604,0.07634234591838292,0.013110437788622517,5.823020340236938,131,17
8,3955,female,0.28462839659328965,0.5065532984508054,0.04751851595598266,0.05921632610097235,0.01169781014498969,5.062171924654908,152,15
8,3955,male,0.22652626505182774,0.5344988410876815,0.009403760712316092,0.03008225440218944,0.02067849368987335,1.4547604313880238,133,15
8,3955,family,0.15881600255086115,0.447602117770185,-0.027465855115936105,8.403220113947665e-06,0.027474258336050054,0.0003058579420364412,119,15
8,3955,marriage,0.23544606275107396,0.5121019422261658,-0.013367115519112826,0.012428417038297659,0.025795532557410485,0.4818050183749917,161,15
8,3955,love,0.11943309379278969,0.4630811756751382,-0.025941703405136705,1.1493988643939221e-05,0.025953197393780644,0.0004428737033476552,87,15
8,3955,wealth,0.17772950741784446,0.4869925925925926,-0.01791980987527684,0.008007871874050014,0.025927681749326855,0.3088541409587868,125,15
8,3955,emotion,0.1926127437653369,0.5260163466212932,-0.017464447195785306,0.008272590535693625,0.02573703773147893,0.32142745492632996,121,15
8,3955,scandal,0.13509861480953933,0.6089797639123102,0.005866853969007723,0.027790894697369516,0.021924040728361793,1.2675991182661204,72,15
8,3955,duty,0.12446629938661505,0.5181135902636916,-0.012363378431181198,0.01177619350132938,0.024139571932510578,0.4878377103689091,85,15
8,3955,class,0.20156998703079407,0.5250294464075382,0.03284458215680397,0.05051413102765601,0.017669548870852047,2.8588240364260833,99,15
8,3955,society,0.16894227926667352,0.4249578294307688,-0.018577898209124144,0.007641104715958534,0.02621900292508268,0.2914338404667997,131,15
8,3956,female,0.2985945961303338,0.5811018775007695,0.0455692058168409,0.05921632610097235,0.013647120284131448,4.339107801774752,152,16
8,3956,male,0.25885237595461486,0.5796822884278365,0.026320820753054374,0.04511962226131938,0.018798801508265007,2.4001329148074753,133,16
8,3956,family,0.21440744062455913,0.5528673007664603,0.02187622594471618,0.04202450378985228,0.0201482778451361,2.0857615777773018,119,16
8,3956,marriage,0.227291692979309,0.45108695652173914,-0.015351234629751275,0.012428417038297659,0.027779651668048935,0.4473928322198851,161,16
8,3956,love,0.12179947821291966,0.4718609553354811,-0.014447714761197486,0.011505482632583159,0.025953197393780644,0.4433165770510028,87,16
8,3956,wealth,0.17286398900253178,0.41851851851851857,-0.029623371863658196,7.999872002047968e-06,0.029631371735660245,0.00026997980630611313,125,16
8,3956,emotion,0.17136076502886763,0.47332280019445794,-0.019302675731709806,0.008272590535693625,0.02757526626740343,0.30000038640325327,121,16
8,3956,scandal,0.10043311357227044,0.41685403784897884,-0.026969157085281997,1.3888503097136193e-05,0.026983045588379134,0.0005147122125681351,72,16
8,3956,duty,0.11851544517238334,0.4476470588235294,-0.02757607147494187,1.1764429072257124e-05,0.02758783590401413,0.0004264353721967341,85,16
8,3956,class,0.13618747806568782,0.43991148231430915,-0.028260117320393397,1.0100806044322337e-05,0.02827021812643772,0.0003572949454719268,99,16
8,3956,society,0.1830956787356034,0.45361237384567005,-0.020450550371475595,0.007641104715958534,0.02809165508743413,0.2720062129448728,131,16
8,3968,female,0.2087863811130985,0.4127039088950446,-0.023387092119035773,6.578860804463099e-06,0.023393670979840235,0.00028122396052553204,152,12
8,3968,male,0.18255482208458446,0.4148623438294986,-0.022550667187552123,7.518683929564969e-06,0.022558185871481687,0.0003333017988266899,133,12
8,3968,family,0.16530349994300506,0.41207252131621874,-0.02197136974775064,8.403220113947665e-06,0.02197977296786459,0.00038231605603257295,119,12
8,3968,marriage,0.2242498172504014,0.4659987183279109,-0.02380520234380437,6.211102967664998e-06,0.023811413446772036,0.000260845622679579,161,12
8,3968,love,0.16032480379325595,0.5969951875273436,0.005696762981395372,0.02299947127652238,0.017302708295127006,1.3292411154888697,87,12
8,3968,wealth,0.18821887978798252,0.5101555555555556,-0.0025125579005621027,0.016007743876097984,0.018520301776660086,0.8643349373176604,125,12
8,3968,emotion,0.28673345934426164,0.6376017865824015,0.018357902648214127,0.033065569164146054,0.014707666515931927,2.2481859461580758,121,12
8,3968,scandal,0.1886163582508162,0.6417814315158329,0.057650372980450976,0.0694564039887781,0.011806031008327124,5.883129049373615,72,12
8,3968,duty,0.21974736492516306,0.6125963488843813,0.07374038387412751,0.08236276793487213,0.00862238406074462,9.552203583727534,85,12
8,3968,class,0.14452608752726667,0.4663597101759646,-0.02119300448333628,1.0100806044322337e-05,0.021203105289380603,0.00047638333659102554,99,12
8,3968,society,0.192234450908219,0.47397575549646914,-0.0034538183150045147,0.015274575960672354,0.01872839427567687,0.815583852786265,131,12
8,3993,female,0.19828538299627374,0.3761029034574741,-0.031671782040668915,0.01316430046973066,0.044836082510399576,0.29360951564810855,152,25
8,3993,male,0.1748247184540515,0.35321386172197405,-0.037588289437287245,0.007526202613494532,0.045114492050781774,0.166824500758117,133,25
8,3993,family,0.16772483584524026,0.4689106411795487,-0.015076660633192535,0.02521806356195694,0.04029472419514948,0.6258403318310032,119,25
8,3993,marriage,0.2383484481296998,0.4931479838312136,-0.016817862468890433,0.024850622973627657,0.04166848544251809,0.5963889186064332,161,25
8,3993,love,0.13560452009500448,0.528477110925506,-0.04324268160244399,1.1493988643939221e-05,0.04325417559108793,0.0002657313077085142,87,25
8,3993,wealth,0.274336846605428,0.589525925925926,0.06207891014520282,0.08800659189452968,0.025927681749326855,3.394310094593021,125,25
8,3993,emotion,0.1626912580633309,0.46159455517744286,-0.03584673255503031,0.008272590535693625,0.04411932309072394,0.18750492881531602,121,25
8,3993,scandal,0.11784547571747996,0.5516207607270002,-0.0265713336148587,0.013902391600233327,0.04047372521509203,0.34349177215607146,72,25
8,3993,duty,0.1798012294981124,0.615841784989858,0.01086098488532776,0.047069480718100756,0.036208495832773,1.2999568094236413,85,25
8,3993,class,0.2117497239957853,0.5777206695934611,0.05077955282492102,0.08081654916062302,0.030036996335701997,2.690566934679612,99,25
8,3993,society,0.26567220984914974,0.6301283700717615,0.0007200737956224237,0.03817498969481382,0.03745491589919139,1.0192250810692314,131,25
8,4076,female,0.202154728912614,0.45161331691802614,-0.009010990758005644,0.006585439665267561,0.015596430423273204,0.42224018484501674,152,9
8,4076,male,0.19418039263511486,0.5212420148114647,-0.007513214531553795,0.007526202613494532,0.015039417145048327,0.5004318013395934,133,9
8,4076,family,0.19375235611093433,0.5566996029180902,-0.016476884379565175,8.403220113947665e-06,0.016485287599679124,0.0005097405830882495,119,9
8,4076,marriage,0.22694612395231867,0.4813541358572415,-0.009657622933585575,0.006217314070632662,0.015874937004218236,0.3916433853305355,161,9
8,4076,love,0.11528654645592039,0.38465974625144167,-0.01556111648675234,1.1493988643939221e-05,0.015572610475396279,0.0007380900370789401,87,9
8,4076,wealth,0.17354861750458825,0.4608592592592593,-0.006808739916276688,0.008007871874050014,0.014816611790326702,0.5404657952054622,125,9
8,4076,emotion,0.19078028234804573,0.46815751093825964,0.023872588255987627,0.033065569164146054,0.009192980908158427,3.596827785338352,121,9
8,4076,scandal,0.10419709855613084,0.4859237399287989,-0.015164812411908209,1.3888503097136193e-05,0.015178700915005346,0.000914999457067588,72,9
8,4076,duty,0.12680790172777898,0.5002028397565923,-0.002018586516670558,0.01177619350132938,0.013794780017999938,0.8536702640498578,85,9
8,4076,class,0.163857138216009,0.5304458007638221,0.007842498651629783,0.020211712894688996,0.012369214243059213,1.6340336981709602,99,9
8,4076,society,0.27534798304032837,0.5811104440060612,0.030682508393245655,0.03817498969481382,0.00749248130156816,5.095106434463676,131,9
8,4101,female,0.24790892839823764,0.5104711706166001,0.026563553790489438,0.04605860449204616,0.01949505070155672,2.362579364105255,152,17
8,4101,male,0.23731839496142335,0.5254466052348917,0.04323788079379264,0.06015699012044931,0.01691910932665667,3.555564832370593,133,17
8,4101,family,0.25845156806846725,0.5574460553452151,0.08145302224204459,0.09244382447353826,0.010990802231493658,8.411017004767272,119,17
8,4101,marriage,0.2532032024376216,0.4972148279601696,0.007250312494520617,0.031061725941292653,0.023811413446772036,1.3044889590205746,161,17
8,4101,love,0.12759395914422797,0.4624348725291334,-0.029401899044598164,1.1493988643939221e-05,0.029413393033242103,0.0003907739794099341,87,17
8,4101,wealth,0.1818080355406229,0.4777407407407408,-0.03147521685682489,7.999872002047968e-06,0.03148321672882694,0.00025409957536101944,125,17
8,4101,emotion,0.17740463429042586,0.45918661886242096,-0.03124345901304295,8.26432620948414e-06,0.031251723339252434,0.0002644438554477932,121,17
8,4101,scandal,0.10594266805005344,0.45945756042720626,-0.028655492038621107,1.3888503097136193e-05,0.028669380541718244,0.00048443680450095195,72,17
8,4101,duty,0.12572795199951323,0.45725152129817437,-0.029300203460693643,1.1764429072257124e-05,0.0293119678897659,0.0004013524140070873,85,17
8,4101,class,0.145983831297923,0.46020273405432416,-0.030026895529657673,1.0100806044322337e-05,0.030036996335701997,0.0003362788319809539,99,17
8,4101,society,0.19111162263749779,0.4663850530348515,-0.03182932594089232,7.63347124471382e-06,0.03183695941213704,0.00023976759669970193,131,17
8,4142,female,0.21136348014590267,0.4860341643582641,-0.003163060340580371,0.006585439665267561,0.009748500005847932,0.6755336370356005,152,6
8,4142,male,0.17837388980289554,0.3872180451127819,-0.011272514097902083,7.518683929564969e-06,0.011280032781831649,0.0006665480565808727,133,6
8,4142,family,0.17145227700618684,0.4992920245021086,-0.000747683774703559,0.008411623334061612,0.00915930710876517,0.9183689588368078,119,6
8,4142,marriage,0.23656296389189715,0.4985334713595583,-0.003705265601670226,0.006217314070632662,0.009922579672302888,0.6265824286965015,161,6
8,4142,love,0.1751085137413631,0.5883943841228174,-0.010370823027560159,1.1493988643939221e-05,0.010382317016204097,0.0011070735583293227,87,6
8,4142,wealth,0.20193673145417412,0.5285333333333332,-0.01110492193199127,7.999872002047968e-06,0.01111292180399332,0.0007198711682154931,125,6
8,4142,emotion,0.21916729638234383,0.5876731891103549,-0.0009203903724648022,0.008272590535693625,0.009192980908158427,0.899881182985176,121,6
8,4142,scandal,0.09943770115373662,0.43608300543376427,-0.010105807551890875,1.3888503097136193e-05,0.010119696054988012,0.001372422948307633,72,6
8,4142,duty,0.14869720210133733,0.5354766734279919,0.00315380944058476,0.01177619350132938,0.00862238406074462,1.3657700024726838,85,6
8,4142,class,0.14557116411597995,0.5044080379769426,0.0012752490258360009,0.010110906850366658,0.008835657824530658,1.1443298337279613,99,6
8,4142,society,0.2105034642069667,0.4868342053349343,0.017288218066169467,0.022908047205386174,0.005619829139216707,4.076288910894329,131,6
8,4164,female,0.23979786204292783,0.4864060736636914,-0.004625408435778695,0.04605860449204616,0.05068401292782485,0.9087402877259518,152,33
8,4164,male,0.20895791064964,0.48720956526654985,0.0037644297768858956,0.052638306190884346,0.04887387641399845,1.0770233517783883,133,33
8,4164,family,0.17677629531344702,0.46432419121494745,-0.03996333685169659,0.01681484344800928,0.05677818029970587,0.29614974201278227,119,33
8,4164,marriage,0.23824912591364997,0.4910406191462092,-0.008105149119087683,0.04348393187662265,0.051589080995710336,0.8428902208859949,161,33
8,4164,love,0.1300416990752744,0.46354850256532637,-0.04385937769661986,0.011505482632583159,0.055364860329203014,0.2078120050147875,87,33
8,4164,wealth,0.1871592149230508,0.4828,-0.04140130275706264,0.016007743876097984,0.057409046633160626,0.27883660876842975,125,33
8,4164,emotion,0.17994671743692503,0.4988605979581916,-3.978711538310531e-05,0.049594221583114335,0.04963400869849744,0.9991983900268062,121,33
8,4164,scandal,0.10714229266860847,0.4653597526700394,-0.055636851292046895,1.3888503097136193e-05,0.05565073979514403,0.0002495654711511761,72,33
8,4164,duty,0.2555699216472075,0.6131643002028397,0.15893066169542036,0.18824262958518626,0.0293119678897659,6.422039976527404,85,33
8,4164,class,0.147603328264283,0.4614519755862513,-0.05829534687788612,1.0100806044322337e-05,0.05830544768393044,0.00017323949039727517,99,33
8,4164,society,0.19151346803429473,0.48490436572604856,-0.052285637131450284,0.007641104715958534,0.059926741847408815,0.1275074279073529,131,33
8,4215,female,0.22162894398374955,0.5056042884990254,-0.03167324400403693,0.17105695977684504,0.20273020378088197,0.8437665260815588,152,130
8,4215,male,0.17969699511294818,0.4311365820566454,-0.009394941838003545,0.18797461692305378,0.19736955876105733,0.9523992357386287,133,130
8,4215,family,0.14968176652338888,0.4382445285806631,-0.10503649615292229,0.10925026470143359,0.21428676085435588,0.5098320785910698,119,130
8,4215,marriage,0.2472168310202743,0.5406253080942522,-0.0038793729717345737,0.1925504031005826,0.19642977607231718,0.9802505859840384,161,130
8,4215,love,0.14475260738446916,0.5285566559280913,0.06602694952656848,0.2528792441553068,0.18685229462873834,1.353364402917319,87,130
8,4215,wealth,0.18674004154877336,0.5083111111111112,-0.014144210194723922,0.18400505591910532,0.19814926611382924,0.9286184073599988,125,130
8,4215,emotion,0.22820376176960733,0.5365596135148274,0.043908249298930474,0.23140939819176545,0.18750114889283498,1.2341758946916734,121,130
8,4215,scandal,0.09673087757171651,0.4502412403972269,-0.06346296126118775,0.13889891947445904,0.2023618807356468,0.6863887554752554,72,130
8,4215,duty,0.120300380289558,0.4868255578093306,-0.021798701980510593,0.17647820051292912,0.1982769024934397,0.890059297339881,85,130
8,4215,class,0.18667549335021516,0.5723667773137738,0.09075194167031753,0.27273186400274746,0.18197992233242993,1.4986920562755195,99,130
8,4215,society,0.20181745518729055,0.5155030448580495,0.022732435111221222,0.2137448283232317,0.19101239321201047,1.119010262778451,131,130
8,4241,female,0.22857142857142856,0.4892787524366472,-0.015589851562468742,6.578860804463099e-06,0.015596430423273204,0.00042181836647853824,152,8
8,4241,male,0.2,0.48966165413533835,-0.015031898461118761,7.518683929564969e-06,0.015039417145048327,0.0004999318694701234,133,8
8,4241,family,0.17837731583861616,0.49499799919967985,-0.014645389256836686,8.403220113947665e-06,0.014653792476950634,0.0005734501922687849,119,8
8,4241,marriage,0.2421542987904544,0.4932096026816523,-0.007673503822947126,0.006217314070632662,0.013890817893579788,0.4475844487932323,161,8
8,4241,love,0.13082706766917293,0.49048442906574397,-0.013831018667021612,1.1493988643939221e-05,0.013842512655665551,0.000830339760491716,87,8
8,4241,wealth,0.19328749145591248,0.514237037037037,0.004894822072104664,0.016007743876097984,0.01111292180399332,1.4404622075992017,125,8
8,4241,emotion,0.1816317653638228,0.4949258629071463,-0.004596847444313804,0.008272590535693625,0.012869437980007429,0.6428089981786478,121,8
8,4241,scandal,0.13304093567251463,0.5065111485853476,0.017671198642381505,0.027790894697369516,0.010119696054988012,2.746218319563573,72,8
8,4241,duty,0.13023735810113518,0.4973225152129817,-0.0002944545309187859,0.01177619350132938,0.012070648032248166,0.9756057395503769,85,8
8,4241,class,0.15681881471355158,0.5081557625727237,0.021476861114480675,0.030312518939011334,0.008835657824530658,3.4307031278897226,99,8
8,4241,society,0.23505758671487884,0.5231151899819881,0.051567407369727654,0.05344193218424146,0.0018745248145138032,28.509589065959172,131,8
8,4388,female,0.2860467793299873,0.5510926438904278,0.014867692955638886,0.04605860449204616,0.03119091153640727,1.47666747208744,152,23
8,4388,male,0.20872179252234757,0.5249378144609643,0.003764599370622679,0.03760093833175441,0.03383633896113173,1.1112590630397652,133,23
8,4388,family,0.17648427885632723,0.49382060516514303,-0.02164838562441171,0.01681484344800928,0.03846322907242099,0.4371667135879847,119,23
8,4388,marriage,0.291981212048763,0.5499605639357191,0.0445169303005106,0.06832834374728264,0.023811413446772036,2.8695626950980486,161,23
8,4388,love,0.15404382280549073,0.5622141351469594,-0.026558399499312588,0.011505482632583159,0.038063882131895745,0.302267713850444,87,23
8,4388,wealth,0.20138640819079903,0.5315037037037036,0.016524015155462916,0.048007231884289854,0.03148321672882694,1.5248515517414776,125,23
8,4388,emotion,0.16588434434743288,0.39279745989304815,-0.04227283022858995,8.26432620948414e-06,0.042281094554799434,0.00019546150108714665,121,23
8,4388,scandal,0.0995551501148346,0.4950932171632003,-0.03877350175865578,1.3888503097136193e-05,0.038787390261752916,0.00035806748025718976,72,23
8,4388,duty,0.1416570908450014,0.5756288032454361,-0.026156434317195394,0.01177619350132938,0.03793262781852477,0.310450242397072,85,23
8,4388,class,0.14557882993371118,0.48175215048006564,-0.016892396278070113,0.020211712894688996,0.03710410917275911,0.5447297710352575,99,23
8,4388,society,0.212906847857419,0.5631700831975297,-0.014546868693805219,0.022908047205386174,0.03745491589919139,0.6116165703436839,131,23
8,4435,female,0.2186430511228776,0.4645211347081153,-0.0479971935408408,0.006585439665267561,0.054582633206108365,0.12065082386699386,152,29
8,4435,male,0.19530183627790026,0.44290943524224086,-0.03570868205254729,0.0150448865430595,0.05075356859560679,0.2964301222370667,133,29
8,4435,family,0.18251581605400743,0.44306953550651035,-0.03263735636078264,0.01681484344800928,0.04945219980879192,0.3400221529615313,119,29
8,4435,marriage,0.3062079194809061,0.5631962930099575,0.10636921434141094,0.12422827045626762,0.017859056114856685,6.956037858348401,161,29
8,4435,love,0.12905660765019994,0.4740583860318975,0.0027332729733128974,0.045987448564400825,0.04325417559108793,1.0631909621417654,87,29
8,4435,wealth,0.18388493617279453,0.4886370370370371,-0.004438771798751892,0.04000735988224189,0.04444613168099378,0.9001314258007712,125,29
8,4435,emotion,0.18434228388723883,0.45167416140009725,-0.033097091953319675,0.016536916745177765,0.04963400869849744,0.3331771335516812,121,29
8,4435,scandal,0.10626854412286321,0.5297100430953718,-0.03331667342821515,0.013902391600233327,0.04721906502844848,0.2944232714384118,72,29
8,4435,duty,0.13267340200115452,0.5266227180527383,-0.009524104115688235,0.035305051645843626,0.04482915576153186,0.7875466545223574,85,29
8,4435,class,0.14988697278925373,0.5017578612984974,-0.0037578970264825554,0.04041332498333367,0.04417122200981623,0.914924313695411,99,29
8,4435,society,0.18911335606977817,0.47489778997627013,-0.035288905074979206,0.015274575960672354,0.05056348103565156,0.3020871120325041,131,29
8,4455,female,0.18668017967102285,0.3942623371293732,-0.04214926312341553,0.006585439665267561,0.04873470278868309,0.13512834362994552,152,26
8,4455,male,0.1872654465793253,0.4439482164056759,-0.020671229396548963,0.02256357047262447,0.04323479986917343,0.5218844666883838,133,26
8,4455,family,0.17284464348582618,0.4738049065780158,-0.02714287099259717,0.01681484344800928,0.04395771444060645,0.382523151205829,119,26
8,4455,marriage,0.25068519000538914,0.5120896184560781,0.022174128811988353,0.05590613781195264,0.033732008999964286,1.6573616415895795,161,26
8,4455,love,0.11600123403586528,0.45014516962971807,-0.01852460649483482,0.02299947127652238,0.0415240777713572,0.5538827714033724,87,26
8,4455,wealth,0.20128885608256697,0.5025481481481482,0.03067191416639216,0.06400697588838579,0.03333506172199363,1.9201097157181952,125,26
8,4455,emotion,0.15964517093815694,0.4440629557608168,-0.04778751583636345,8.26432620948414e-06,0.04779578016257294,0.0001729091183615141,121,26
8,4455,scandal,0.10638617295778431,0.5026466179501593,-0.012682830517722513,0.027790894697369516,0.04047372521509203,0.6866403956886103,72,26
8,4455,duty,0.17707013851072506,0.5599391480730224,0.022625413957584883,0.05883390979035788,0.036208495832773,1.6248647847857112,85,26
8,4455,class,0.1229682780703772,0.3565692258271763,-0.010325146652276334,0.030312518939011334,0.04063766559128767,0.7459217574929828,99,26
8,4455,society,0.2035227873906813,0.5142522228893274,-0.020164825180859575,0.022908047205386174,0.04307287238624575,0.5318439643270563,131,26
