layer,neuron,concept,AP,AUROC,ΔP,P(fire|1),P(fire|0),lift,label_support,neuron_fires_total
7,19,female,0.346352620406469,0.5766261413768339,0.0657932375952963,0.06579518690543544,1.949310139141758e-06,33753.04515748252,152,10
7,19,male,0.19622879139845206,0.49352705070948044,-0.018791282824335443,7.518683929564969e-06,0.018798801508265007,0.00039995549321904266,133,10
7,19,family,0.17556689211195003,0.4918121094591683,-0.01830837950229366,8.403220113947665e-06,0.01831678272240761,0.0004587716216783485,119,10
7,19,marriage,0.24119582130952597,0.5008133688257912,-0.0034465199659205765,0.012428417038297659,0.015874937004218236,0.7828955185278736,161,10
7,19,love,0.1320305404149825,0.49544604860199654,0.009156958620856828,0.02299947127652238,0.013842512655665551,1.6615098607439234,87,10
7,19,wealth,0.18506249494704505,0.48099259259259264,-0.018512301904658038,7.999872002047968e-06,0.018520301776660086,0.000431951492912374,125,10
7,19,emotion,0.18490305273014396,0.4922368740884784,0.0018292502292458386,0.016536916745177765,0.014707666515931927,1.1243739260840562,121,10
7,19,scandal,0.10613133211817423,0.4918727749672101,-0.016851147365247322,1.3888503097136193e-05,0.01686503586834446,0.0008235086604459168,72,10
7,19,duty,0.13064053916904034,0.5093103448275862,-0.017231279560431228,1.1764429072257124e-05,0.017243043989503486,0.0006822710119359622,85,10
7,19,class,0.14621630232262414,0.4912196166613128,-0.017659448064807723,1.0100806044322337e-05,0.017669548870852047,0.0005716504771897786,99,10
7,19,society,0.1967212377819047,0.4809017354261371,-0.009214637397366884,0.007641104715958534,0.01685574211332542,0.45332354186081697,131,10
7,101,female,0.2290946316794489,0.5075151328613933,-0.009010990758005644,0.006585439665267561,0.015596430423273204,0.42224018484501674,152,9
7,101,male,0.19668552478969928,0.49632539996608066,-0.007513214531553795,0.007526202613494532,0.015039417145048327,0.5004318013395934,133,9
7,101,family,0.20636661201788323,0.5358220211161387,0.0039925460937871304,0.01681484344800928,0.012822297354222148,1.311375253761455,119,9
7,101,marriage,0.24988469532171256,0.4742063492063493,0.01492804330132477,0.024850622973627657,0.009922579672302888,2.5044518453693336,161,9
7,101,love,0.1254824585810481,0.4622061806467008,-0.01556111648675234,1.1493988643939221e-05,0.015572610475396279,0.0007380900370789401,87,9
7,101,wealth,0.18663072239577655,0.5059185185185184,-0.006808739916276688,0.008007871874050014,0.014816611790326702,0.5404657952054622,125,9
7,101,emotion,0.17689871423454417,0.49778956003889163,-0.006435075980238302,0.008272590535693625,0.014707666515931927,0.5624679160470465,121,9
7,101,scandal,0.10486429549353998,0.4725969645868465,-0.015164812411908209,1.3888503097136193e-05,0.015178700915005346,0.000914999457067588,72,9
7,101,duty,0.12713449210365782,0.4802332657200812,-0.015507147574679454,1.1764429072257124e-05,0.015518912003751712,0.0007580704799830678,85,9
7,101,class,0.143239574813298,0.5063889781204268,-0.015892669855543443,1.0100806044322337e-05,0.015902770661587767,0.0006351601402443095,99,9
7,101,society,0.19586229952301326,0.5117148411813478,-0.016848108642080705,7.63347124471382e-06,0.01685574211332542,0.00045287067118962733,131,9
7,121,female,0.34761769516421503,0.6513093772442803,0.038015446282245575,0.07895290851436164,0.04093746223211606,1.9286224452499954,152,33
7,121,male,0.30453180940253916,0.6090932217762451,0.08834981477744569,0.12030646155696907,0.03195664677952339,3.764677263644953,133,33
7,121,family,0.520283263490767,0.7806045495121124,0.19543511359185495,0.2100889060688056,0.014653792476950634,14.336828256911891,119,33
7,121,marriage,0.2198580068144731,0.4711069210292813,-0.03269081535399802,0.024850622973627657,0.057541438327625684,0.4318735105595194,161,33
7,121,love,0.10410978931413055,0.4047647456548542,-0.0570834641602898,1.1493988643939221e-05,0.05709495814893374,0.00020131354880330288,87,33
7,121,wealth,0.21323807815854035,0.5763777777777778,-0.02169786876663332,0.03200748788019392,0.05370535664682724,0.5959831547173767,125,33
7,121,emotion,0.1913544310087813,0.5533771876519202,-0.040450006097017675,0.016536916745177765,0.05698692284219544,0.2901879224235454,121,33
7,121,scandal,0.0850214326761681,0.39896008993816745,-0.055636851292046895,1.3888503097136193e-05,0.05565073979514403,0.0002495654711511761,72,33
7,121,duty,0.11073195311693851,0.4552028397565923,-0.029909193116704227,0.023540622573586505,0.05344981569029073,0.44042476609367026,85,33
7,121,class,0.13098705987598838,0.4739622372131206,-0.04642776262429951,0.010110906850366658,0.05653866947466617,0.17883170835348927,99,33
7,121,society,0.16656321359502885,0.42642307802270063,-0.042779513724385015,0.015274575960672354,0.05805408968505737,0.263109387181396,131,33
7,133,female,0.22679294389820706,0.48641248589309527,-0.00974192114504347,6.578860804463099e-06,0.009748500005847932,0.0006748587782573433,152,5
7,133,male,0.1979427693049984,0.49319492339872234,-0.009392821916293743,7.518683929564969e-06,0.009400340600223309,0.0007998310112919236,133,5
7,133,family,0.1769166546438446,0.49036537691999876,-0.009150903888651222,8.403220113947665e-06,0.00915930710876517,0.0009174515073294785,119,5
7,133,marriage,0.251524750057945,0.5021813073055309,0.014669297665575119,0.018639520005962657,0.003970222340387538,4.694830264707139,161,5
7,133,love,0.13082706766917293,0.47664359861591693,-0.008640725207829431,1.1493988643939221e-05,0.00865221919647337,0.0013284439958820863,87,5
7,133,wealth,0.19779408116250222,0.4998518518518519,0.0005986400563900785,0.008007871874050014,0.007409231817659936,1.0807965076598656,125,5
7,133,emotion,0.1814344746162928,0.4903682547399125,0.0009178381634596978,0.008272590535693625,0.007354752372233927,1.1247952501840819,121,5
7,133,scandal,0.10984649122807016,0.49278620948098173,0.007155365451923539,0.013902391600233327,0.006747026148309788,2.0605213752810965,72,5
7,133,duty,0.13069340016708436,0.5037018255578094,0.004877941426336534,0.01177619350132938,0.006898252074992846,1.7071271637510383,85,5
7,133,class,0.14819542597320376,0.4995449191562266,-0.008825557018486335,1.0100806044322337e-05,0.008835657824530658,0.0011431866470808807,99,5
7,133,society,0.20324370085519142,0.5081482116819624,-0.009357499992674899,7.63347124471382e-06,0.009365133463919612,0.0008150947632842244,131,5
7,297,female,0.24900459979549072,0.5357545911562531,0.012674901794525411,0.02632202207865686,0.013647120284131448,1.9287601727475598,152,11
7,297,male,0.20265243823657914,0.5196308440273616,-0.011272598894770475,0.007526202613494532,0.018798801508265007,0.40035544871226164,133,11
7,297,family,0.20469695188438464,0.5359066703604519,0.010564271085006308,0.02521806356195694,0.014653792476950634,1.7209240269986235,119,11
7,297,marriage,0.2723655716130787,0.5368234250221828,0.027350249236654765,0.03727282890895765,0.009922579672302888,3.756364789817888,161,11
7,297,love,0.1312257511143549,0.49762359304776677,-0.0057972256625438475,0.011505482632583159,0.017302708295127006,0.6649527019512036,87,11
7,297,wealth,0.18865221386800332,0.4989703703703704,-0.0006607129073954096,0.016007743876097984,0.016668456783493393,0.960361482953235,125,11
7,297,emotion,0.18073610929575293,0.47453816237238694,-0.020214087797495943,8.26432620948414e-06,0.020222352123705427,0.00040867284668570793,121,11
7,297,scandal,0.10719958951866845,0.48749297358066324,-0.018537482318586433,1.3888503097136193e-05,0.01855137082168357,0.0007486510420110904,72,11
7,297,duty,0.1282765737874097,0.47851926977687625,-0.005466850488174106,0.01177619350132938,0.017243043989503486,0.682953282947898,85,11
7,297,class,0.14707102114926487,0.48243031016882604,-0.019426226274072003,1.0100806044322337e-05,0.019436327080116327,0.0005196869759480399,99,11
7,297,society,0.19528579429141904,0.48812791262829863,-0.011087289559718334,0.007641104715958534,0.01872839427567687,0.407995720459296,131,11
7,435,female,0.3286594476215753,0.6203511336821586,0.02437076262937596,0.02632202207865686,0.0019512594492808995,13.489760203271581,152,5
7,435,male,0.2848459687552014,0.6018712194018883,5.554194879563504e-06,0.007526202613494532,0.007520648418614969,1.0007385259314978,133,5
7,435,family,0.2620435938795059,0.5847415889432697,0.0010838113480249297,0.008411623334061612,0.007327811986036682,1.1479038148006873,119,5
7,435,marriage,0.23561269323941722,0.47773710933648816,0.0064740755872716715,0.012428417038297659,0.0059543414510259875,2.0872865854995335,161,5
7,435,love,0.12338834146162915,0.4589945511673229,-0.008640725207829431,1.1493988643939221e-05,0.00865221919647337,0.0013284439958820863,87,5
7,435,wealth,0.1808652821023797,0.5066518518518519,-0.00925307693882458,7.999872002047968e-06,0.009261076810826628,0.0008638166127541378,125,5
7,435,emotion,0.17463216103780935,0.48021238454059306,-0.009184716581948943,8.26432620948414e-06,0.009192980908158427,0.0008989822007843917,121,5
7,435,scandal,0.10162333379616939,0.4558272437699082,-0.008419472598551763,1.3888503097136193e-05,0.0084333611016489,0.0016468526519958745,72,5
7,435,duty,0.12295781984679913,0.49920892494929003,-0.008610619631672362,1.1764429072257124e-05,0.00862238406074462,0.0013644055968758083,85,5
7,435,class,0.13916483803764487,0.467448334939501,-0.008825557018486335,1.0100806044322337e-05,0.008835657824530658,0.0011431866470808807,99,5
7,435,society,0.18068312421683821,0.4233925150813392,-0.009357499992674899,7.63347124471382e-06,0.009365133463919612,0.0008150947632842244,131,5
7,450,female,0.24385811231521318,0.5534395198522623,-0.035082952953886325,6.578860804463099e-06,0.03508953181469079,0.00018748784791483786,152,18
7,450,male,0.20221237182176616,0.49970320538187574,-0.00563369194368224,0.02256357047262447,0.02819726241630671,0.8002042942571463,133,18
7,450,family,0.17708479284498252,0.5034475328592976,-0.002256194774093112,0.02521806356195694,0.027474258336050054,0.9178796840513599,119,18
7,450,marriage,0.2777878198019799,0.579284974859509,0.013461415462185617,0.03727282890895765,0.023811413446772036,1.5653345817001538,161,18
7,450,love,0.12837268542140548,0.36320248180408066,-0.017907910400658943,0.011505482632583159,0.029413393033242103,0.3911647533893439,87,18
7,450,wealth,0.168653379850824,0.45149629629629634,-0.023475344854776925,0.008007871874050014,0.03148321672882694,0.25435367493638045,125,18
7,450,emotion,0.17527415401653546,0.43209923432182795,-0.002774023312741524,0.024801242954661906,0.02757526626740343,0.8994017578383248,121,18
7,450,scandal,0.09719238506894334,0.4347479857597901,-0.03034182699196022,1.3888503097136193e-05,0.030355715495057358,0.0004575251437884919,72,18
7,450,duty,0.12599825252997812,0.44367139959432045,-0.017535774388436523,0.01177619350132938,0.0293119678897659,0.40175376642109434,85,18
7,450,class,0.13770086142286872,0.3977941963807688,-0.01992608948533534,0.010110906850366658,0.030036996335701997,0.33661511081293477,99,18
7,450,society,0.33910129437115444,0.5981716556594334,0.07086537937447422,0.08397581716309674,0.013110437788622517,6.405264149879668,131,18
7,469,female,0.23106074135767343,0.48210987996306554,0.007314420742166244,0.01316430046973066,0.0058498797275644155,2.2503540381267344,152,5
7,469,male,0.19547385829941816,0.47791706710384985,-0.009392821916293743,7.518683929564969e-06,0.009400340600223309,0.0007998310112919236,133,5
7,469,family,0.1870473709675089,0.5137824360513437,0.0010838113480249297,0.008411623334061612,0.007327811986036682,1.1479038148006873,119,5
7,469,marriage,0.231254052022746,0.46196268362417425,-0.0017211464910317767,0.006217314070632662,0.007938460561664439,0.7831888842370092,161,5
7,469,love,0.12780737548268303,0.46964363838841827,-0.008640725207829431,1.1493988643939221e-05,0.00865221919647337,0.0013284439958820863,87,5
7,469,wealth,0.19938470775622574,0.5166444444444445,0.0005986400563900785,0.008007871874050014,0.007409231817659936,1.0807965076598656,125,5
7,469,emotion,0.1851727894472199,0.47623966942148765,0.0009178381634596978,0.008272590535693625,0.007354752372233927,1.1247952501840819,121,5
7,469,scandal,0.11049276125170641,0.5258572231590781,-0.008419472598551763,1.3888503097136193e-05,0.0084333611016489,0.0016468526519958745,72,5
7,469,duty,0.11980801866291717,0.4462677484787018,-0.008610619631672362,1.1764429072257124e-05,0.00862238406074462,0.0013644055968758083,85,5
7,469,class,0.17261272899171154,0.5402523467894493,0.0030420272351002805,0.010110906850366658,0.007068879615266378,1.430340789380568,99,5
7,469,society,0.1885891535399269,0.39711810618406385,-0.009357499992674899,7.63347124471382e-06,0.009365133463919612,0.0008150947632842244,131,5
7,479,female,0.22535635027113313,0.474864060736637,-0.014858921175430917,0.006585439665267561,0.02144436084069848,0.3070942386150395,152,12
7,479,male,0.39882395805686516,0.6252614619254904,0.09022984614652757,0.09023172583870918,1.87969218160834e-06,48003.43307172256,133,12
7,479,family,0.17782166078553335,0.510442638593899,-0.011736654511074487,0.008411623334061612,0.0201482778451361,0.4174859706768803,119,12
7,479,marriage,0.2373811077242328,0.4772503204180223,-0.02380520234380437,6.211102967664998e-06,0.023811413446772036,0.000260845622679579,161,12
7,479,love,0.14670220808109635,0.5223919182277373,0.01892084944506532,0.0344934599204616,0.015572610475396279,2.215008201273899,87,12
7,479,wealth,0.18442343621290988,0.4843111111111111,-0.022215991890991424,7.999872002047968e-06,0.022223991762993472,0.00035996557625660565,125,12
7,479,emotion,0.17823041517475144,0.48503585318424897,-0.022052316333420446,8.26432620948414e-06,0.02206058065962993,0.0003746196138995082,121,12
7,479,scandal,0.10682487703516662,0.4791315345699831,-0.020223817271925546,1.3888503097136193e-05,0.020237705775022683,0.0006862686537122737,72,12
7,479,duty,0.12832607014764022,0.5030121703853955,-0.007190982473925878,0.01177619350132938,0.018967175975255258,0.6208722645939402,85,12
7,479,class,0.15475322479461354,0.5208355641217832,-0.02119300448333628,1.0100806044322337e-05,0.021203105289380603,0.00047638333659102554,99,12
7,479,society,0.19569925745933853,0.5020156102581697,-0.02246606512913506,7.63347124471382e-06,0.022473698600379774,0.00033966243741673935,131,12
7,518,female,0.2530692032358991,0.5340168769877911,0.009507211903279723,0.03290088288311996,0.023393670979840235,1.4064010265881859,152,17
7,518,male,0.22043356084379673,0.5306546441291198,0.04323788079379264,0.06015699012044931,0.01691910932665667,3.555564832370593,133,17
7,518,family,0.2579778952573514,0.5662880536830117,0.09168773747872075,0.10084704458748592,0.00915930710876517,11.01033553946107,119,17
7,518,marriage,0.25883492654619134,0.5153492556442868,0.007250312494520617,0.031061725941292653,0.023811413446772036,1.3044889590205746,161,17
7,518,love,0.1254955266646782,0.4722189078471145,-0.029401899044598164,1.1493988643939221e-05,0.029413393033242103,0.0003907739794099341,87,17
7,518,wealth,0.18061897386730977,0.47551111111111116,-0.03147521685682489,7.999872002047968e-06,0.03148321672882694,0.00025409957536101944,125,17
7,518,emotion,0.1781212752015275,0.4375759601361205,-0.03124345901304295,8.26432620948414e-06,0.031251723339252434,0.0002644438554477932,121,17
7,518,scandal,0.10445669096984887,0.45936387483605023,-0.028655492038621107,1.3888503097136193e-05,0.028669380541718244,0.00048443680450095195,72,17
7,518,duty,0.12451845961946485,0.4554462474645031,-0.029300203460693643,1.1764429072257124e-05,0.0293119678897659,0.0004013524140070873,85,17
7,518,class,0.14289307511930413,0.47790627119249024,-0.030026895529657673,1.0100806044322337e-05,0.030036996335701997,0.0003362788319809539,99,17
7,518,society,0.18904711747741293,0.4900934900077194,-0.03182932594089232,7.63347124471382e-06,0.03183695941213704,0.00023976759669970193,131,17
7,670,female,0.4370341197238341,0.6899687083205089,0.18275038398043375,0.2236878462125498,0.04093746223211606,5.464135635442472,152,55
7,670,male,0.3667965150556336,0.7177200520097236,0.1409803478937953,0.19549330085261876,0.05451295295882347,3.586180719226476,133,55
7,670,family,0.29398696607576114,0.6770708283313325,0.1142033599451236,0.17647602561301493,0.06227266566789133,2.8339243826713933,119,55
7,670,marriage,0.24427382851202337,0.527186236813566,-0.010779659161616342,0.07453944671494764,0.08531910587656398,0.8736548039065769,161,55
7,670,love,0.11937225659868712,0.41846637235015705,-0.08192152973069586,0.011505482632583159,0.09342701236327902,0.12314942265008333,87,55
7,670,wealth,0.1751929007475363,0.48463703703703703,-0.06243845861630054,0.03200748788019392,0.09444594649649446,0.3388974229936172,125,55
7,670,emotion,0.16575581316419594,0.42792902284880896,-0.05058336965113074,0.041329895373630195,0.09191326502476094,0.4496619216175867,121,55
7,670,scandal,0.09541117762134271,0.43973674348885133,-0.06158654416455675,0.027790894697369516,0.08937743886192627,0.310938588652009,72,55
7,670,duty,0.1173211514288755,0.41048681541582144,-0.04086297468722544,0.047069480718100756,0.0879324554053262,0.5352913267416207,85,55
7,670,class,0.13140564330324578,0.42813291929899705,-0.08529688322811364,0.010110906850366658,0.0954077900784803,0.10597569487715498,99,55
7,670,society,0.169817621471096,0.4247934356863082,-0.10299010811024749,7.63347124471382e-06,0.1029977415814922,7.411299633788645e-05,131,55
7,858,female,0.22857142857142856,0.44249512670565305,-0.00974192114504347,6.578860804463099e-06,0.009748500005847932,0.0006748587782573433,152,5
7,858,male,0.19867525957751522,0.44907852337610943,-0.009392821916293743,7.518683929564969e-06,0.009400340600223309,0.0007998310112919236,133,5
7,858,family,0.17753132022039583,0.47212731246344697,0.0010838113480249297,0.008411623334061612,0.007327811986036682,1.1479038148006873,119,5
7,858,marriage,0.23783090241644228,0.4658693187419896,-0.009916368569335223,6.211102967664998e-06,0.009922579672302888,0.0006259564722242773,161,5
7,858,love,0.16479720687450414,0.5304160203635206,0.017807447719510466,0.02299947127652238,0.005192023557011914,4.429770208001356,87,5
7,858,wealth,0.1895136336808971,0.4997185185185185,-0.00925307693882458,7.999872002047968e-06,0.009261076810826628,0.0008638166127541378,125,5
7,858,emotion,0.1821285594886427,0.5103913466212932,-0.009184716581948943,8.26432620948414e-06,0.009192980908158427,0.0008989822007843917,121,5
7,858,scandal,0.10965639022877019,0.48081787521079256,0.007155365451923539,0.013902391600233327,0.006747026148309788,2.0605213752810965,72,5
7,858,duty,0.13987280505117305,0.49055780933062876,0.004877941426336534,0.01177619350132938,0.006898252074992846,1.7071271637510383,85,5
7,858,class,0.15015706548410102,0.5116179462469216,-0.008825557018486335,1.0100806044322337e-05,0.008835657824530658,0.0011431866470808807,99,5
7,858,society,0.2001773626101305,0.49729822454755984,0.009654746821455647,0.015274575960672354,0.005619829139216707,2.7179787106629627,131,5
7,882,female,0.23554672433356466,0.5013978660100544,0.015842591685771103,0.01974316127419376,0.0039005695884226574,5.06160980379177,152,5
7,882,male,0.2689615022159789,0.5875402792696025,0.009403930306052872,0.0150448865430595,0.005640956237006628,2.667080882793018,133,5
7,882,family,0.17408301075769866,0.5081724997691385,-0.009150903888651222,8.403220113947665e-06,0.00915930710876517,0.0009174515073294785,119,5
7,882,marriage,0.22885200214742182,0.4792221236320615,-0.009916368569335223,6.211102967664998e-06,0.009922579672302888,0.0006259564722242773,161,5
7,882,love,0.14210424185026074,0.5107783478502963,-0.008640725207829431,1.1493988643939221e-05,0.00865221919647337,0.0013284439958820863,87,5
7,882,wealth,0.17883364802300808,0.5024,-0.00925307693882458,7.999872002047968e-06,0.009261076810826628,0.0008638166127541378,125,5
7,882,emotion,0.172749734611504,0.4569457948468643,0.0009178381634596978,0.008272590535693625,0.007354752372233927,1.1247952501840819,121,5
7,882,scandal,0.11419974520511562,0.5266769720816938,-0.008419472598551763,1.3888503097136193e-05,0.0084333611016489,0.0016468526519958745,72,5
7,882,duty,0.19965464616464954,0.5952941176470588,0.031855063542354324,0.035305051645843626,0.0034499881034892985,10.233383587584813,85,5
7,882,class,0.14804361192265525,0.4845094050041046,-0.008825557018486335,1.0100806044322337e-05,0.008835657824530658,0.0011431866470808807,99,5
7,882,society,0.18536189922521207,0.47552677473768473,-0.009357499992674899,7.63347124471382e-06,0.009365133463919612,0.0008150947632842244,131,5
7,1018,female,0.2539473684210526,0.5164473684210527,0.032898933572980814,0.03290088288311996,1.949310139141758e-06,16878.210062250786,152,5
7,1018,male,0.2,0.49530075187969924,-0.009392821916293743,7.518683929564969e-06,0.009400340600223309,0.0007998310112919236,133,5
7,1018,family,0.17894736842105263,0.49542124542124544,-0.009150903888651222,8.403220113947665e-06,0.00915930710876517,0.0009174515073294785,119,5
7,1018,marriage,0.24210526315789474,0.49503968253968256,-0.009916368569335223,6.211102967664998e-06,0.009922579672302888,0.0006259564722242773,161,5
7,1018,love,0.13082706766917293,0.49567474048442905,-0.008640725207829431,1.1493988643939221e-05,0.00865221919647337,0.0013284439958820863,87,5
7,1018,wealth,0.18796992481203006,0.49537037037037035,-0.00925307693882458,7.999872002047968e-06,0.009261076810826628,0.0008638166127541378,125,5
7,1018,emotion,0.18251724352202822,0.5004405687894993,0.0009178381634596978,0.008272590535693625,0.007354752372233927,1.1247952501840819,121,5
7,1018,scandal,0.10827067669172932,0.4957841483979764,-0.008419472598551763,1.3888503097136193e-05,0.0084333611016489,0.0016468526519958745,72,5
7,1018,duty,0.12781954887218044,0.4956896551724138,-0.008610619631672362,1.1764429072257124e-05,0.00862238406074462,0.0013644055968758083,85,5
7,1018,class,0.14887218045112782,0.495583038869258,-0.008825557018486335,1.0100806044322337e-05,0.008835657824530658,0.0011431866470808807,99,5
7,1018,society,0.19699248120300752,0.4953183520599251,-0.009357499992674899,7.63347124471382e-06,0.009365133463919612,0.0008150947632842244,131,5
7,1024,female,0.22275272392360365,0.47336359905611985,-0.007061680618863887,0.006585439665267561,0.013647120284131448,0.4825515953312439,152,8
7,1024,male,0.17873593901177476,0.40650969529085873,-0.015031898461118761,7.518683929564969e-06,0.015039417145048327,0.0004999318694701234,133,8
7,1024,family,0.17248984575102977,0.46538615446178466,-0.004410674020160536,0.008411623334061612,0.012822297354222148,0.6560153068541811,119,8
7,1024,marriage,0.226339636807097,0.4743542344474021,-0.01586872590125057,6.211102967664998e-06,0.015874937004218236,0.0003912521331973382,161,8
7,1024,love,0.19001559113323552,0.6510360736586724,-0.0006069322033516664,0.011505482632583159,0.012112414835934825,0.9498917257605043,87,8
7,1024,wealth,0.23873354637082922,0.597437037037037,0.014746539067319323,0.02400761587814595,0.009261076810826628,2.5923136548751673,125,8
7,1024,emotion,0.2435147132306338,0.6206246961594555,0.005505707301094837,0.016536916745177765,0.011031209444082929,1.4991027799357903,121,8
7,1024,scandal,0.11464019062903524,0.5448988195615514,-0.013478477458569097,1.3888503097136193e-05,0.013492365961666234,0.0010293600941129288,72,8
7,1024,duty,0.16442948956446518,0.5921095334685598,-0.0002944545309187859,0.01177619350132938,0.012070648032248166,0.9756057395503769,85,8
7,1024,class,0.1841657098457521,0.5833422564871328,0.00960927686089406,0.020211712894688996,0.010602436033794935,1.9063272655791992,99,8
7,1024,society,0.17855489011567688,0.4652628870400549,-0.014975456479729253,7.63347124471382e-06,0.014983089950973966,0.0005094724298647182,131,8
7,1096,female,0.25856866095383346,0.5453601108033241,-0.009010990758005644,0.006585439665267561,0.015596430423273204,0.42224018484501674,152,9
7,1096,male,0.23627517080407134,0.5694852733337101,-0.016911590642727105,7.518683929564969e-06,0.01691910932665667,0.00044439005528941293,133,9
7,1096,family,0.23125826275060246,0.5840028319019915,-0.016476884379565175,8.403220113947665e-06,0.016485287599679124,0.0005097405830882495,119,9
7,1096,marriage,0.27538895459077045,0.4863699102829538,0.01492804330132477,0.024850622973627657,0.009922579672302888,2.5044518453693336,161,9
7,1096,love,0.12092886552700889,0.4000417611263572,0.010887056440587553,0.02299947127652238,0.012112414835934825,1.8988345087380312,87,9
7,1096,wealth,0.1698928915414889,0.4595333333333333,-0.006808739916276688,0.008007871874050014,0.014816611790326702,0.5404657952054622,125,9
7,1096,emotion,0.15629077518168027,0.41456003889158966,-0.016537630725646943,8.26432620948414e-06,0.016545895051856427,0.0004994789452660898,121,9
7,1096,scandal,0.11792122584582584,0.43313190931234774,0.015984863689042395,0.027790894697369516,0.011806031008327124,2.3539574540685066,72,9
7,1096,duty,0.11348047124649069,0.39151115618661253,-0.015507147574679454,1.1764429072257124e-05,0.015518912003751712,0.0007580704799830678,85,9
7,1096,class,0.1347166745160431,0.4583467180640326,-0.004025085601956831,0.010110906850366658,0.01413599245232349,0.7152597798670655,99,9
7,1096,society,0.1702456828898975,0.43960316779598024,-0.007341985235015432,0.007641104715958534,0.014983089950973966,0.5099819022945828,131,9
7,1123,female,0.32467105263157897,0.5616343490304709,0.032898933572980814,0.03290088288311996,1.949310139141758e-06,16878.210062250786,152,5
7,1123,male,0.19939887312265628,0.4998445361524111,-0.009392821916293743,7.518683929564969e-06,0.009400340600223309,0.0007998310112919236,133,5
7,1123,family,0.19619433100193825,0.5227013882476067,0.0010838113480249297,0.008411623334061612,0.007327811986036682,1.1479038148006873,119,5
7,1123,marriage,0.2536589922009994,0.49682046731736174,0.0064740755872716715,0.012428417038297659,0.0059543414510259875,2.0872865854995335,161,5
7,1123,love,0.13082706766917293,0.4826989619377163,-0.008640725207829431,1.1493988643939221e-05,0.00865221919647337,0.0013284439958820863,87,5
7,1123,wealth,0.18796992481203006,0.4814814814814815,-0.00925307693882458,7.999872002047968e-06,0.009261076810826628,0.0008638166127541378,125,5
7,1123,emotion,0.18040954261049957,0.49153804083616914,-0.009184716581948943,8.26432620948414e-06,0.009192980908158427,0.0008989822007843917,121,5
7,1123,scandal,0.10827067669172932,0.4831365935919056,-0.008419472598551763,1.3888503097136193e-05,0.0084333611016489,0.0016468526519958745,72,5
7,1123,duty,0.1272630104673448,0.49610547667342797,-0.008610619631672362,1.1764429072257124e-05,0.00862238406074462,0.0013644055968758083,85,5
7,1123,class,0.14887218045112782,0.4823321554770318,-0.008825557018486335,1.0100806044322337e-05,0.008835657824530658,0.0011431866470808807,99,5
7,1123,society,0.19699248120300752,0.4812734082397004,-0.009357499992674899,7.63347124471382e-06,0.009365133463919612,0.0008150947632842244,131,5
7,1180,female,0.26071537858314403,0.5354981019800965,0.022664446191083237,0.09868949092775094,0.0760250447366677,1.2981181565665532,152,54
7,1180,male,0.24680232069840174,0.5215246763525355,0.039477902852497235,0.11278777762740409,0.07330987477490686,1.5385073016721555,133,54
7,1180,family,0.2885953075865728,0.5589081786560779,0.14673900077788055,0.20168568595485792,0.05494668517697738,3.670570577671417,119,54
7,1180,marriage,0.25542982013566756,0.535554076703145,-0.016990762129281342,0.06832834374728264,0.08531910587656398,0.8008563034560664,161,54
7,1180,love,0.12046720372145009,0.46299168754722986,-0.05374325898362524,0.0344934599204616,0.08823671890408684,0.3909195666892942,87,54
7,1180,wealth,0.1751368005685977,0.49766666666666665,-0.0704383306183485,0.02400761587814595,0.09444594649649446,0.2541942430402012,125,54
7,1180,emotion,0.16677803404371705,0.4863727515799709,-0.06895025060602354,0.024801242954661906,0.09375149356068545,0.2645423770059033,121,54
7,1180,scandal,0.10483123125090636,0.535518549747049,-0.07547504726169295,0.013902391600233327,0.08937743886192627,0.15554699012526788,72,54
7,1180,duty,0.11703132284118742,0.4343914807302231,-0.07960452587550035,0.01177619350132938,0.09138071937682973,0.12886956440601682,85,54
7,1180,class,0.13705459701185624,0.45973873005675125,-0.09539768927243597,1.0100806044322337e-05,0.0954077900784803,0.00010586982505210289,99,54
7,1180,society,0.21637065612691392,0.6012736941418648,-0.0821052091337655,0.015274575960672354,0.09737978509443786,0.15685571646828322,131,54
7,1218,female,0.2843984962406015,0.5361842105263158,0.0723720983997594,0.07237404770989854,1.949310139141758e-06,37128.01217652887,152,11
7,1218,male,0.19999999999999998,0.49437503533269267,-0.011272598894770475,0.007526202613494532,0.018798801508265007,0.40035544871226164,133,11
7,1218,family,0.20098723700006318,0.5206159386831656,0.04126841679503477,0.05042772390379994,0.00915930710876517,5.505626495484201,119,11
7,1218,marriage,0.24960226653590495,0.5014788524105295,0.0027645830017444216,0.018639520005962657,0.015874937004218236,1.1741476517252118,161,11
7,1218,love,0.13082706766917293,0.49048442906574397,-0.019021312126213795,1.1493988643939221e-05,0.019032806114857734,0.0006039040472525317,87,11
7,1218,wealth,0.18796992481203006,0.4898148148148148,-0.02036414689782473,7.999872002047968e-06,0.02037214676982678,0.0003926867448993596,125,11
7,1218,emotion,0.18120244262045046,0.49486509479824986,-0.010111533052087302,0.008272590535693625,0.018384123587780927,0.44998558107725334,121,11
7,1218,scandal,0.10827067669172932,0.49072512647554806,-0.018537482318586433,1.3888503097136193e-05,0.01855137082168357,0.0007486510420110904,72,11
7,1218,duty,0.12781954887218044,0.49051724137931035,-0.018955411546183,1.1764429072257124e-05,0.018967175975255258,0.000620252012581359,85,11
7,1218,class,0.14887218045112782,0.4902826855123675,-0.019426226274072003,1.0100806044322337e-05,0.019436327080116327,0.0005196869759480399,99,11
7,1218,society,0.19699248120300752,0.4897003745318352,-0.02059341296678361,7.63347124471382e-06,0.020601046438028323,0.00037053803394435065,131,11
7,1268,female,0.22430684642212567,0.46380937724428023,-0.001701686887627396,0.07237404770989854,0.07407573459752594,0.9770277419744783,152,49
7,1268,male,0.2518330922969869,0.557182429758607,0.05827473987171225,0.12030646155696907,0.06203172168525682,1.9394345068391527,133,49
7,1268,family,0.26364923007156355,0.5811709299104257,0.09448818497146606,0.15126636527117193,0.05677818029970587,2.6641636711504715,119,49
7,1268,marriage,0.18759595025557357,0.3551217588484669,-0.056241499045909776,0.031061725941292653,0.08730322498720243,0.3557912774183328,161,49
7,1268,love,0.13301140608544773,0.47299447162232033,-0.03186868342130165,0.045987448564400825,0.07785613198570247,0.5906721460585186,87,49
7,1268,wealth,0.15142093534034545,0.34060740740740747,-0.04147567166208573,0.04000735988224189,0.08148303154432762,0.4909900763815651,125,49
7,1268,emotion,0.15910305348724002,0.42808094312105005,-0.0294514436901751,0.049594221583114335,0.07904566527328943,0.627412286442549,121,49
7,1268,scandal,0.08055341799495092,0.26171069889451004,-0.03589369639404678,0.04167939779450571,0.07757309418855249,0.537291933884456,72,49
7,1268,duty,0.1339399516385518,0.48223123732251516,-0.003541060656697001,0.070598338862615,0.074139399519312,0.9522378022939495,85,49
7,1268,class,0.11067797786270905,0.34580790234500486,-0.07469621397252797,0.010110906850366658,0.08480712082289463,0.1192223807640205,99,49
7,1268,society,0.13678406632344148,0.2513222975097922,-0.0822480717290735,0.007641104715958534,0.08988917644503204,0.08500583738851056,131,49
7,1280,female,0.28496246485653776,0.5930157997332514,-0.005112370479722129,0.006585439665267561,0.01169781014498969,0.562963459235592,152,7
7,1280,male,0.2800258989814348,0.6158346995307818,0.024441298165182812,0.03008225440218944,0.005640956237006628,5.332828891581642,133,7
7,1280,family,0.22372997608162118,0.5854495644411611,-0.0128138941341082,8.403220113947665e-06,0.012822297354222148,0.0006553599469072738,119,7
7,1280,marriage,0.27623536701505624,0.5574410923789807,0.0025058373659947713,0.012428417038297659,0.009922579672302888,1.2525389009207788,161,7
7,1280,love,0.11925147732525115,0.44835540707155075,-0.012100920847290886,1.1493988643939221e-05,0.012112414835934825,0.0009489427829775269,87,7
7,1280,wealth,0.16283825248936762,0.4245185185185185,-0.012956766925157964,7.999872002047968e-06,0.012964766797160012,0.0006170471190568061,125,7
7,1280,emotion,0.1552947721937102,0.4229764219737482,-0.012861173653797945,8.26432620948414e-06,0.012869437980007429,0.0006421668313473005,121,7
7,1280,scandal,0.09000545077700511,0.42130410342889263,-0.011792142505229987,1.3888503097136193e-05,0.011806031008327124,0.0011763905317683692,72,7
7,1280,duty,0.11549258902141446,0.41661257606490876,0.0014296774548329862,0.01177619350132938,0.010346516046496394,1.138179600482902,85,7
7,1280,class,0.1281862750040119,0.4061284220294822,-0.012359113437014891,1.0100806044322337e-05,0.012369214243059213,0.0008166085448130736,99,7
7,1280,society,0.17644816259892776,0.42788117906052553,-0.013102804317377804,7.63347124471382e-06,0.013110437788622517,0.0005822438096427295,131,7
7,1405,female,0.22857142857142856,0.48635477582846004,-0.021437781979894016,6.578860804463099e-06,0.02144436084069848,0.0003067874511638756,152,11
7,1405,male,0.28421052631578947,0.5526315789473684,0.0827111622169626,0.08271304190914422,1.87969218160834e-06,44003.480311809006,133,11
7,1405,family,0.21508279425130378,0.5231938929417921,0.04126841679503477,0.05042772390379994,0.00915930710876517,5.505626495484201,119,11
7,1405,marriage,0.2412916348843122,0.4901902790101547,-0.013625861154862473,0.006217314070632662,0.019843175225495134,0.31332254035287355,161,11
7,1405,love,0.13036824035009154,0.49443184981903515,-0.0057972256625438475,0.011505482632583159,0.017302708295127006,0.6649527019512036,87,11
7,1405,wealth,0.18796992481203006,0.48703703703703705,-0.02036414689782473,7.999872002047968e-06,0.02037214676982678,0.0003926867448993596,125,11
7,1405,emotion,0.18104144659168583,0.49208495381623724,-0.020214087797495943,8.26432620948414e-06,0.020222352123705427,0.00040867284668570793,121,11
7,1405,scandal,0.11139654692286272,0.4960886265692337,-0.0029626442681111326,0.013902391600233327,0.01686503586834446,0.8243321691063626,72,11
7,1405,duty,0.12781954887218044,0.4879310344827586,-0.018955411546183,1.1764429072257124e-05,0.018967175975255258,0.000620252012581359,85,11
7,1405,class,0.14887218045112782,0.4876325088339223,-0.019426226274072003,1.0100806044322337e-05,0.019436327080116327,0.0005196869759480399,99,11
7,1405,society,0.19699248120300752,0.4868913857677903,-0.02059341296678361,7.63347124471382e-06,0.020601046438028323,0.00037053803394435065,131,11
7,1419,female,0.3792278240192829,0.6669103313840156,0.03631010448619822,0.04605860449204616,0.009748500005847932,4.724686306579661,152,12
7,1419,male,0.2759832687503383,0.6526230991011363,0.0056444611459678,0.02256357047262447,0.01691910932665667,1.3336145559235282,133,12
7,1419,family,0.2253409798455044,0.5976082740788623,-0.02197136974775064,8.403220113947665e-06,0.02197977296786459,0.00038231605603257295,119,12
7,1419,marriage,0.2623070036100946,0.5395346544414867,-0.015609980265500926,0.006217314070632662,0.021827294336133587,0.28484126225647144,161,12
7,1419,love,0.10722554330760126,0.37885296106272126,-0.020751409945944523,1.1493988643939221e-05,0.02076290393458846,0.0005535829034125644,87,12
7,1419,wealth,0.16182970877379405,0.4431703703703704,-0.022215991890991424,7.999872002047968e-06,0.022223991762993472,0.00035996557625660565,125,12
7,1419,emotion,0.13939488777710246,0.3596864365580943,-0.022052316333420446,8.26432620948414e-06,0.02206058065962993,0.0003746196138995082,121,12
7,1419,scandal,0.08263544411813238,0.3924723627506089,-0.020223817271925546,1.3888503097136193e-05,0.020237705775022683,0.0006862686537122737,72,12
7,1419,duty,0.12633438900251487,0.48492900608519274,0.00629757858408302,0.023540622573586505,0.017243043989503486,1.3652242948838604,85,12
7,1419,class,0.13554974859843438,0.4827961594746047,-0.009325420229749668,0.010110906850366658,0.019436327080116327,0.520206662923988,99,12
7,1419,society,0.17110661371846586,0.4231494982417016,-0.012959941722069789,0.007641104715958534,0.020601046438028323,0.37090857197829497,131,12
7,1476,female,0.22685332402151626,0.49351082384323386,-0.004381440092684303,0.01316430046973066,0.017545740562414962,0.7502846871667448,152,11
7,1476,male,0.3149143575128235,0.571838430663124,0.0733127861057893,0.07519435797957924,0.001881571873789948,39.96358522736405,133,11
7,1476,family,0.17782423974374437,0.4882414504263244,-0.009905159388345998,0.008411623334061612,0.01831678272240761,0.4592303933000268,119,11
7,1476,marriage,0.24023646071700994,0.4842748693680371,-0.013625861154862473,0.006217314070632662,0.019843175225495134,0.31332254035287355,161,11
7,1476,love,0.13162825928919664,0.4990653462196238,-0.0057972256625438475,0.011505482632583159,0.017302708295127006,0.6649527019512036,87,11
7,1476,wealth,0.18735505430242272,0.48275555555555555,-0.010512429902610072,0.008007871874050014,0.018520301776660086,0.4323834444052863,125,11
7,1476,emotion,0.18136940146509525,0.4830456976178901,-0.010111533052087302,0.008272590535693625,0.018384123587780927,0.44998558107725334,121,11
7,1476,scandal,0.10815580618212198,0.48761008056960836,-0.0029626442681111326,0.013902391600233327,0.01686503586834446,0.8243321691063626,72,11
7,1476,duty,0.12769032652933582,0.49933062880324547,-0.005466850488174106,0.01177619350132938,0.017243043989503486,0.682953282947898,85,11
7,1476,class,0.1499125874125874,0.5024270978334583,-0.0075586420204853885,0.010110906850366658,0.017669548870852047,0.5722221276669683,99,11
7,1476,society,0.1950070718338051,0.4962117963232982,-0.011087289559718334,0.007641104715958534,0.01872839427567687,0.407995720459296,131,11
7,1668,female,0.24869768700187678,0.5143056838001437,-0.0012137502014386136,0.006585439665267561,0.0077991898667061745,0.8443748359731122,152,5
7,1668,male,0.23404153019218102,0.5195531121035672,0.028200682528399492,0.03008225440218944,0.001881571873789948,15.987831666301728,133,5
7,1668,family,0.25135148228468746,0.549396681749623,0.031787957058053394,0.03362128367590461,0.0018333266178512167,18.33894917042774,119,5
7,1668,marriage,0.24969815033794635,0.48078108054816127,0.0064740755872716715,0.012428417038297659,0.0059543414510259875,2.0872865854995335,161,5
7,1668,love,0.12875051883226857,0.4602573280833631,-0.008640725207829431,1.1493988643939221e-05,0.00865221919647337,0.0013284439958820863,87,5
7,1668,wealth,0.1819485457291964,0.4764,-0.00925307693882458,7.999872002047968e-06,0.009261076810826628,0.0008638166127541378,125,5
7,1668,emotion,0.17808230556760773,0.46881076810889655,-0.009184716581948943,8.26432620948414e-06,0.009192980908158427,0.0008989822007843917,121,5
7,1668,scandal,0.10563111435100732,0.4709925988382987,-0.008419472598551763,1.3888503097136193e-05,0.0084333611016489,0.0016468526519958745,72,5
7,1668,duty,0.12682729842509086,0.4543204868154158,-0.008610619631672362,1.1764429072257124e-05,0.00862238406074462,0.0013644055968758083,85,5
7,1668,class,0.14659272147310426,0.45760609629867577,-0.008825557018486335,1.0100806044322337e-05,0.008835657824530658,0.0011431866470808807,99,5
7,1668,society,0.1925266821067877,0.46099579723818507,-0.009357499992674899,7.63347124471382e-06,0.009365133463919612,0.0008150947632842244,131,5
7,1691,female,0.22488014942819232,0.45751256796963163,-0.00974192114504347,6.578860804463099e-06,0.009748500005847932,0.0006748587782573433,152,5
7,1691,male,0.198071734359823,0.45687998190966145,-0.009392821916293743,7.518683929564969e-06,0.009400340600223309,0.0007998310112919236,133,5
7,1691,family,0.22254270129104273,0.4870871425493274,0.04202267229472955,0.04202450378985228,1.8314951227284884e-06,22945.450590005006,119,5
7,1691,marriage,0.23848833999950098,0.4563122350389431,-0.009916368569335223,6.211102967664998e-06,0.009922579672302888,0.0006259564722242773,161,5
7,1691,love,0.15289717352086046,0.5437696376725134,0.0045833612558405165,0.011505482632583159,0.006922121376742642,1.6621324597944547,87,5
7,1691,wealth,0.18627883693725383,0.501125925925926,0.0005986400563900785,0.008007871874050014,0.007409231817659936,1.0807965076598656,125,5
7,1691,emotion,0.1914765466586124,0.5286217792902285,-0.009184716581948943,8.26432620948414e-06,0.009192980908158427,0.0008989822007843917,121,5
7,1691,scandal,0.12198704593471668,0.5137717818999438,0.007155365451923539,0.013902391600233327,0.006747026148309788,2.0605213752810965,72,5
7,1691,duty,0.13246875217574025,0.5175659229208924,0.004877941426336534,0.01177619350132938,0.006898252074992846,1.7071271637510383,85,5
7,1691,class,0.1480596821722461,0.4863475746867973,-0.008825557018486335,1.0100806044322337e-05,0.008835657824530658,0.0011431866470808807,99,5
7,1691,society,0.1955525741835505,0.457329101981302,-0.009357499992674899,7.63347124471382e-06,0.009365133463919612,0.0008150947632842244,131,5
7,1778,female,0.21781629343510178,0.4726197804452652,-0.016808231314572673,0.006585439665267561,0.023393670979840235,0.28150518448605755,152,13
7,1778,male,0.18604368948833444,0.4443298094861213,0.013163145075532772,0.03008225440218944,0.01691910932665667,1.7780046112129413,133,13
7,1778,family,0.1765173748474709,0.49321266968325783,0.006901280839549332,0.02521806356195694,0.01831678272240761,1.3767736366567238,119,13
7,1778,marriage,0.23403796817765954,0.5057182293207139,-0.02578932145444282,6.211102967664998e-06,0.025795532557410485,0.00024078211812843166,161,13
7,1778,love,0.14483852316105428,0.5000994312532315,0.017190751625334594,0.0344934599204616,0.017302708295127006,1.9935295290265358,87,13
7,1778,wealth,0.20003148863963605,0.5305037037037037,-0.004364402893728796,0.016007743876097984,0.02037214676982678,0.7857661765436186,125,13
7,1778,emotion,0.1743218841444309,0.5068971803597473,-0.023890544869344946,8.26432620948414e-06,0.02389880919555443,0.0003458049370374335,121,13
7,1778,scandal,0.10628075371177248,0.5030447817125726,-0.0063353141747893565,0.013902391600233327,0.020237705775022683,0.686954922365986,72,13
7,1778,duty,0.1466902948664094,0.5760851926977688,-0.008915114459677654,0.01177619350132938,0.020691307961007033,0.5691372204672895,85,13
7,1778,class,0.15571552167512964,0.4888817503658493,0.012642970068159287,0.030312518939011334,0.017669548870852047,1.7155230820465257,99,13
7,1778,society,0.1831062220022643,0.4612173714155016,-0.01483259388442124,0.007641104715958534,0.022473698600379774,0.3400020998541561,131,13
7,1798,female,0.3952462501538884,0.6112137067815737,0.11842412403100111,0.11842607334114025,1.949310139141758e-06,60752.781309853315,152,18
7,1798,male,0.19273842000907201,0.4798462321216575,-0.033828820277202166,7.518683929564969e-06,0.03383633896113173,0.0002222073711337263,133,18
7,1798,family,0.17331846220535693,0.49058084772370486,-0.032960340484121574,8.403220113947665e-06,0.03296874370423552,0.0002548844502259033,119,18
7,1798,marriage,0.23892293309851118,0.4971778566499064,-0.011124250772724727,0.018639520005962657,0.029763770778687384,0.626248607541468,161,18
7,1798,love,0.1371378218565811,0.5160680905222129,0.008540262526680956,0.0344934599204616,0.025953197393780644,1.3290639837463132,87,18
7,1798,wealth,0.18633069232530639,0.5167703703703704,-0.03332706184999158,7.999872002047968e-06,0.03333506172199363,0.00023998371650021187,125,18
7,1798,emotion,0.1942283407904461,0.5309613514827418,0.007328531432667124,0.033065569164146054,0.02573703773147893,1.2847465006595868,121,18
7,1798,scandal,0.10442858227751634,0.482527637249391,-0.03034182699196022,1.3888503097136193e-05,0.030355715495057358,0.0004575251437884919,72,18
7,1798,duty,0.14485878672744829,0.5456186612576065,0.009441347727581272,0.035305051645843626,0.025863703918262353,1.3650423681021844,85,18
7,1798,class,0.1470826183777223,0.5068708284255987,-0.01992608948533534,0.010110906850366658,0.030036996335701997,0.33661511081293477,99,18
7,1798,society,0.19462214420350252,0.4875775509620607,-0.005183607882047955,0.022908047205386174,0.02809165508743413,0.8154751698776856,131,18
7,1828,female,0.21944286634237226,0.4686185492972197,-0.00974192114504347,6.578860804463099e-06,0.009748500005847932,0.0006748587782573433,152,5
7,1828,male,0.19516870278148474,0.4443015433320142,-0.009392821916293743,7.518683929564969e-06,0.009400340600223309,0.0007998310112919236,133,5
7,1828,family,0.1884397463961143,0.4859020531289439,0.011318526584701085,0.01681484344800928,0.005496316863308193,3.0592929525590074,119,5
7,1828,marriage,0.2324014112355957,0.47359016070196197,-0.009916368569335223,6.211102967664998e-06,0.009922579672302888,0.0006259564722242773,161,5
7,1828,love,0.13143550025063472,0.5164061567832,-0.008640725207829431,1.1493988643939221e-05,0.00865221919647337,0.0013284439958820863,87,5
7,1828,wealth,0.19569963063541115,0.5022962962962964,0.0005986400563900785,0.008007871874050014,0.007409231817659936,1.0807965076598656,125,5
7,1828,emotion,0.19570526851497824,0.5203117403986387,0.0009178381634596978,0.008272590535693625,0.007354752372233927,1.1247952501840819,121,5
7,1828,scandal,0.1065962778893638,0.4878911373430767,-0.008419472598551763,1.3888503097136193e-05,0.0084333611016489,0.0016468526519958745,72,5
7,1828,duty,0.14050311003542298,0.5127180527383367,0.004877941426336534,0.01177619350132938,0.006898252074992846,1.7071271637510383,85,5
7,1828,class,0.15262455869643307,0.5088160759538851,-0.008825557018486335,1.0100806044322337e-05,0.008835657824530658,0.0011431866470808807,99,5
7,1828,society,0.19365255626787792,0.4651342310661292,0.00014862341439037408,0.007641104715958534,0.00749248130156816,1.0198363409114455,131,5
7,1830,female,0.30739758305219067,0.5540743305632502,0.02120307273813027,0.03290088288311996,0.01169781014498969,2.8125676919452505,152,11
7,1830,male,0.28164013108432573,0.6151068460625246,0.02632090554992276,0.03760093833175441,0.011280032781831649,3.333406830960944,133,11
7,1830,family,0.26708842437883457,0.6192784806230185,0.020798986321682464,0.03362128367590461,0.012822297354222148,2.622095147576003,119,11
7,1830,marriage,0.25629178635548056,0.5377600315488514,0.0027645830017444216,0.018639520005962657,0.015874937004218236,1.1741476517252118,161,11
7,1830,love,0.11485832234763727,0.34342560553633217,-0.019021312126213795,1.1493988643939221e-05,0.019032806114857734,0.0006039040472525317,87,11
7,1830,wealth,0.16067908952414353,0.39951851851851855,-0.02036414689782473,7.999872002047968e-06,0.02037214676982678,0.0003926867448993596,125,11
7,1830,emotion,0.1579478357142653,0.35693667963052983,-0.010111533052087302,0.008272590535693625,0.018384123587780927,0.44998558107725334,121,11
7,1830,scandal,0.0922112350389094,0.3982457373056024,-0.018537482318586433,1.3888503097136193e-05,0.01855137082168357,0.0007486510420110904,72,11
7,1830,duty,0.11503267368503436,0.4084989858012171,-0.005466850488174106,0.01177619350132938,0.017243043989503486,0.682953282947898,85,11
7,1830,class,0.12924540003209667,0.39648249277224545,-0.019426226274072003,1.0100806044322337e-05,0.019436327080116327,0.0005196869759480399,99,11
7,1830,society,0.1807565152754692,0.49030076907682185,-0.011087289559718334,0.007641104715958534,0.01872839427567687,0.407995720459296,131,11
7,1849,female,0.23359910192147035,0.49363906843131217,0.012674901794525411,0.02632202207865686,0.013647120284131448,1.9287601727475598,152,11
7,1849,male,0.20692072022121286,0.4941630391768896,0.007524153327576142,0.02256357047262447,0.015039417145048327,1.5002955402798404,133,11
7,1849,family,0.176709812781737,0.47145011850894203,-0.02013987462502215,8.403220113947665e-06,0.0201482778451361,0.00041706890177510526,119,11
7,1849,marriage,0.2392091605737934,0.4948609878734102,-0.021821083233165922,6.211102967664998e-06,0.021827294336133587,0.0002845567055509206,161,11
7,1849,love,0.13047273355803302,0.47050869029153247,-0.0057972256625438475,0.011505482632583159,0.017302708295127006,0.6649527019512036,87,11
7,1849,wealth,0.19466076957098627,0.4809037037037037,-0.0006607129073954096,0.016007743876097984,0.016668456783493393,0.960361482953235,125,11
7,1849,emotion,0.17948447718490734,0.49617160913952363,-0.020214087797495943,8.26432620948414e-06,0.020222352123705427,0.00040867284668570793,121,11
7,1849,scandal,0.10712304264935844,0.471964586846543,-0.018537482318586433,1.3888503097136193e-05,0.01855137082168357,0.0007486510420110904,72,11
7,1849,duty,0.23034404561726546,0.5932657200811359,0.07546451585987929,0.08236276793487213,0.006898252074992846,11.939657615805215,85,11
7,1849,class,0.14887218045112782,0.4628975265017668,-0.019426226274072003,1.0100806044322337e-05,0.019436327080116327,0.0005196869759480399,99,11
7,1849,society,0.19340129185767066,0.4790719615747492,-0.011087289559718334,0.007641104715958534,0.01872839427567687,0.407995720459296,131,11
7,1862,female,0.20951896035102568,0.4926002872678773,-0.018757541453714433,0.006585439665267561,0.025342981118981995,0.259852605109475,152,14
7,1862,male,0.16977104622221212,0.4451636610322799,-0.026310051550768803,7.518683929564969e-06,0.026317570234698367,0.0002856906569348214,133,14
7,1862,family,0.19288690911093825,0.5351679133191738,0.025539216190173155,0.04202450378985228,0.016485287599679124,2.549212656024336,119,14
7,1862,marriage,0.3909962422043662,0.6772527851720398,0.021397891904739418,0.03727282890895765,0.015874937004218236,2.3479040513172267,161,14
7,1862,love,0.11236004872911484,0.4201964761563855,-0.024211605585405978,1.1493988643939221e-05,0.024223099574049917,0.000474505279901428,87,14
7,1862,wealth,0.3271957134449432,0.6314074074074074,0.04304233708917781,0.056007103886337825,0.012964766797160012,4.319946880516699,125,14
7,1862,emotion,0.15165616199906584,0.33647301895965,-0.025728773405269446,8.26432620948414e-06,0.02573703773147893,0.0003211063485777522,121,14
7,1862,scandal,0.11112837396064616,0.5096964586846543,-0.008021649128128467,0.013902391600233327,0.021924040728361793,0.6341163005419223,72,14
7,1862,duty,0.17006727144441874,0.615578093306288,0.016337875670588368,0.035305051645843626,0.018967175975255258,1.861376289756658,85,14
7,1862,class,0.15715017099446546,0.5180604632901453,-0.024726560901864838,1.0100806044322337e-05,0.024736661707909162,0.00040833343493089163,99,14
7,1862,society,0.23519363869036758,0.5885153100608972,0.002307000767357851,0.022908047205386174,0.020601046438028323,1.1119846398669964,131,14
7,1948,female,0.23381237243199,0.4563519544475223,0.048004016036558045,0.2565821502348653,0.20857813419830726,1.2301488419188165,152,146
7,1948,male,0.2459521705154821,0.5413180507660128,0.11090400103503595,0.3082735597960933,0.19736955876105733,1.561910366166134,133,146
7,1948,family,0.2246840508979176,0.5695201157386031,0.16246632374703035,0.3529436480059159,0.19047732425888553,1.8529431226383817,119,146
7,1948,marriage,0.20505884378474315,0.3973491570541259,-0.08479661121177046,0.1552837852945926,0.24008039650636306,0.6467991037736819,161,146
7,1948,love,0.11856139839114911,0.4189436423656684,-0.014550961443802968,0.20690328957954993,0.2214542510233529,0.9342936006985803,87,146
7,1948,wealth,0.1605141223528858,0.3665407407407408,-0.13243918304232294,0.11200620790067359,0.24444539094299653,0.4582054399476678,125,146
7,1948,emotion,0.1658518043099122,0.39797034516285856,-0.09663150947535659,0.1405018098874399,0.2371333193627965,0.5925013417110313,121,146
7,1948,scandal,0.08297276879477672,0.3115163012928612,-0.15274367271651473,0.08334490708591429,0.23608857980242903,0.35302388262620976,72,146
7,1948,duty,0.1168375468282063,0.46333671399594323,-0.10333905798457454,0.12942048422390062,0.23275954220847517,0.5560265456589826,85,146
7,1948,class,0.11376971834678301,0.3252311096834065,-0.16300061049605669,0.08081654916062302,0.2438171596566797,0.3314637463338913,99,146
7,1948,society,0.1390380407976419,0.25349515395831546,-0.24488308466303385,0.022908047205386174,0.26779113186842,0.08554445789697236,131,146
7,2150,female,0.21938904781426993,0.46054555247768547,-0.04409857326255729,0.006585439665267561,0.05068401292782485,0.12993129953059243,152,27
7,2150,male,0.1957860554947374,0.4423511786986263,-0.041347673800503915,0.007526202613494532,0.04887387641399845,0.15399234039853826,133,27
7,2150,family,0.1820307626356461,0.44594760981315607,-0.02897436611532566,0.01681484344800928,0.04578920956333494,0.3672228371704914,119,27
7,2150,marriage,0.30914600454214175,0.5601030267179337,0.1021422304843844,0.11801716748860262,0.015874937004218236,7.434181782882623,161,27
7,2150,love,0.12890269216725192,0.47733961738853753,0.006193468612774353,0.045987448564400825,0.03979397995162647,1.1556383307009626,87,27
7,2150,wealth,0.18484209641150814,0.4880518518518519,-0.000735081812418506,0.04000735988224189,0.040742441694660396,0.9819578360347313,125,27
7,2150,emotion,0.1827606686950119,0.4504663952357803,-0.029420634881470675,0.016536916745177765,0.04595755162664844,0.35983023811105336,121,27
7,2150,scandal,0.10522824175247958,0.5195451564549373,-0.02994400352153692,0.013902391600233327,0.04384639512177025,0.31707034435343023,72,27
7,2150,duty,0.135469613965486,0.5190770791075051,-0.006075840144184691,0.035305051645843626,0.04138089179002832,0.853172807974574,85,27
7,2150,class,0.14921016447823335,0.5049701966663097,-0.00022434060795399613,0.04041332498333367,0.04063766559128767,0.9944794907462261,99,27
7,2150,society,0.18801944200076479,0.47729936815621693,-0.031543600750276304,0.015274575960672354,0.04681817671094866,0.32625311435449533,131,27
7,2173,female,0.25736228493819535,0.5471555350364216,0.027294484177527254,0.05263746529650925,0.025342981118981995,2.0770036897911184,152,21
7,2173,male,0.2643172558218878,0.5495788343038046,0.08271099262322582,0.09775040976827415,0.015039417145048327,6.499614234981074,133,21
7,2173,family,0.17224425729161308,0.46935697355865424,-0.03845482585230704,8.403220113947665e-06,0.03846322907242099,0.00021847411973412528,119,21
7,2173,marriage,0.2390357976735638,0.512915311051957,-0.03346705226124698,0.006217314070632662,0.03968436633187964,0.15666910285225943,161,21
7,2173,love,0.1687528784928744,0.5202839756592292,0.029798141994828668,0.05748143720834004,0.027683295213511375,2.0763943296103244,87,21
7,2173,wealth,0.18166908997845363,0.4732740740740741,-0.038882596829491654,7.999872002047968e-06,0.0388905967014937,0.00020570196089418727,125,21
7,2173,emotion,0.17753344273240157,0.4855675741370928,-0.028493818411332313,0.008272590535693625,0.03676640894702594,0.2250040396218189,121,21
7,2173,scandal,0.10468811495341816,0.4781478358628443,-0.03540083185197756,1.3888503097136193e-05,0.035414720355074696,0.00039216752123115087,72,21
7,2173,duty,0.12728876356448746,0.48054766734279913,0.004268951770325949,0.035305051645843626,0.031036099875517677,1.137547945338193,85,21
7,2173,class,0.14536394078752196,0.4955562694078595,-0.025226424113128174,0.010110906850366658,0.03533733096349483,0.2861253686795301,99,21
7,2173,society,0.19062038403760476,0.48952168567916055,-0.03931993459029813,7.63347124471382e-06,0.03932756806154285,0.00019409975294109897,131,21
7,2228,female,0.22869413116123644,0.5032702369959988,-0.013640541423326985,6.578860804463099e-06,0.013647120284131448,0.00048206952580543853,152,7
7,2228,male,0.26155306681622476,0.5386680988184748,0.05263642649870274,0.052638306190884346,1.87969218160834e-06,28003.66927215479,133,7
7,2228,family,0.17894736842105263,0.48717948717948717,-0.0128138941341082,8.403220113947665e-06,0.012822297354222148,0.0006553599469072738,119,7
7,2228,marriage,0.24210526315789474,0.4861111111111111,-0.013884606790612123,6.211102967664998e-06,0.013890817893579788,0.0004471373114817506,161,7
7,2228,love,0.1323353127345868,0.5075170027443027,-0.012100920847290886,1.1493988643939221e-05,0.012112414835934825,0.0009489427829775269,87,7
7,2228,wealth,0.18796992481203006,0.48703703703703705,-0.012956766925157964,7.999872002047968e-06,0.012964766797160012,0.0006170471190568061,125,7
7,2228,emotion,0.18195488721804512,0.48713235294117646,-0.012861173653797945,8.26432620948414e-06,0.012869437980007429,0.0006421668313473005,121,7
7,2228,scandal,0.10827067669172932,0.4881956155143339,-0.011792142505229987,1.3888503097136193e-05,0.011806031008327124,0.0011763905317683692,72,7
7,2228,duty,0.12873359870263892,0.5013590263691683,0.0014296774548329862,0.01177619350132938,0.010346516046496394,1.138179600482902,85,7
7,2228,class,0.14881142249563303,0.4935753292643752,-0.000491529183428277,0.010110906850366658,0.010602436033794935,0.953639976434172,99,7
7,2228,society,0.19699248120300752,0.4868913857677903,-0.013102804317377804,7.63347124471382e-06,0.013110437788622517,0.0005822438096427295,131,7
7,2338,female,0.2307664666458706,0.5122537703908895,0.006096040990062312,0.01974316127419376,0.013647120284131448,1.4466906469421212,152,10
7,2338,male,0.1867517450484385,0.4880646164282888,-0.009392906713162136,0.007526202613494532,0.01691910932665667,0.4448344453447023,133,10
7,2338,family,0.1714926885505964,0.4948363960969003,-0.01830837950229366,8.403220113947665e-06,0.01831678272240761,0.0004587716216783485,119,10
7,2338,marriage,0.2694783903752991,0.5763642413487133,-0.0034465199659205765,0.012428417038297659,0.015874937004218236,0.7828955185278736,161,10
7,2338,love,0.3894854232310977,0.7407628365747922,0.0885014774028765,0.09196340314015769,0.003461925737281186,26.564233346558343,87,10
7,2338,wealth,0.2490809272447482,0.5906592592592592,0.011042849080985939,0.02400761587814595,0.012964766797160012,1.851758404289475,125,10
7,2338,emotion,0.19953423825127775,0.510512882839086,-0.008273304516162802,0.008272590535693625,0.016545895051856427,0.4999784242113559,121,10
7,2338,scandal,0.10049955222057738,0.4921538317406783,-0.016851147365247322,1.3888503097136193e-05,0.01686503586834446,0.0008235086604459168,72,10
7,2338,duty,0.15214594994161512,0.5472515212981744,0.009745842555586567,0.023540622573586505,0.013794780017999938,1.7064877106531127,85,10
7,2338,class,0.21595242856783414,0.6256023128814647,0.006075720442365507,0.020211712894688996,0.01413599245232349,1.4298050144994987,99,10
7,2338,society,0.19859519950715077,0.4956328444406324,-0.009214637397366884,0.007641104715958534,0.01685574211332542,0.45332354186081697,131,10
7,2376,female,0.2948393828192578,0.5474120242125782,0.07188464903469328,0.08553176931882474,0.013647120284131448,6.267385904996506,152,20
7,2376,male,0.22579749134549326,0.5463423596585449,0.037598804248967624,0.06015699012044931,0.022558185871481687,2.6667476924123457,133,20
7,2376,family,0.17664873268588438,0.47315849416689754,-0.03662333072957855,8.403220113947665e-06,0.0366317339496925,0.00022939727956254193,119,20
7,2376,marriage,0.2385264750114552,0.48471852509119595,-0.023287711072305074,0.012428417038297659,0.035716128110602735,0.3479777259019341,161,20
7,2376,love,0.13113666771532237,0.49838921369764944,0.005080066887219497,0.0344934599204616,0.029413393033242103,1.172712712209212,87,20
7,2376,wealth,0.18565870231133388,0.4724296296296296,-0.03703075183632496,7.999872002047968e-06,0.03703875170832701,0.00021598654470942819,125,20
7,2376,emotion,0.18095209327266742,0.48360780262518227,-0.016553035129999172,0.016536916745177765,0.03308995187517694,0.4997564459162449,121,20
7,2376,scandal,0.10720094507101087,0.47379145587408655,-0.033714496898638445,1.3888503097136193e-05,0.03372838540173558,0.0004117749169223425,72,20
7,2376,duty,0.12901977795166647,0.49939148073022316,0.0059930837560777245,0.035305051645843626,0.0293119678897659,1.2044585944352688,85,20
7,2376,class,0.14629324732523907,0.4819216904022558,-0.023459645903863898,0.010110906850366658,0.033570552754230557,0.30118380606024725,99,20
7,2376,society,0.19408139706833266,0.48140206421362614,-0.027941159020881404,0.007641104715958534,0.03558226373683994,0.214744760823989,131,20
7,2726,female,0.2584111874822862,0.5567033446188571,0.015355142320704996,0.03290088288311996,0.017545740562414962,1.8751492856176368,152,14
7,2726,male,0.20934173560025193,0.5325131437616598,0.011283452893924434,0.03008225440218944,0.018798801508265007,1.6002219283693897,133,14
7,2726,family,0.17476487018244868,0.48233139409610004,-0.015399644756531463,0.008411623334061612,0.023811268090593075,0.35326230008856446,119,14
7,2726,marriage,0.28037756900133565,0.5640712806861874,0.029593113983042867,0.04348393187662265,0.013890817893579788,3.1304083176837363,161,14
7,2726,love,0.1971566886534717,0.628703814182874,0.015460653805603866,0.0344934599204616,0.019032806114857734,1.8123160458048473,87,14
7,2726,wealth,0.29994585117580363,0.6422296296296296,0.04304233708917781,0.056007103886337825,0.012964766797160012,4.319946880516699,125,14
7,2726,emotion,0.2670786737165692,0.6219919786096256,0.024784000321773768,0.041329895373630195,0.016545895051856427,2.4978942052757156,121,14
7,2726,scandal,0.11198037303117855,0.5395938729623384,-0.008021649128128467,0.013902391600233327,0.021924040728361793,0.6341163005419223,72,14
7,2726,duty,0.12441417466581725,0.4896855983772819,-0.010639246445429426,0.01177619350132938,0.022415439946758806,0.5253608016962797,85,14
7,2726,class,0.19835422028758004,0.5751418781454116,0.022743776112481625,0.04041332498333367,0.017669548870852047,2.2871735592363045,99,14
7,2726,society,0.20887392233873264,0.49710524058667127,0.002307000767357851,0.022908047205386174,0.020601046438028323,1.1119846398669964,131,14
7,2759,female,0.28202898510897134,0.5361906227557197,0.0421580349036235,0.04605860449204616,0.0039005695884226574,11.808174020775136,152,9
7,2759,male,0.24219637896568252,0.5580728136129798,0.0018851615796195119,0.0150448865430595,0.013159724963439989,1.1432523539597952,133,9
7,2759,family,0.17651091103141617,0.5095268876781481,-0.016476884379565175,8.403220113947665e-06,0.016485287599679124,0.0005097405830882495,119,9
7,2759,marriage,0.237786809845485,0.4903997831016464,-0.01785284501188902,6.211102967664998e-06,0.017859056114856685,0.0003477845036922354,161,9
7,2759,love,0.13712012931613657,0.50091476752973,0.010887056440587553,0.02299947127652238,0.012112414835934825,1.8988345087380312,87,9
7,2759,wealth,0.18610250263339506,0.4746370370370371,-0.016660456911491345,7.999872002047968e-06,0.016668456783493393,0.0004799407710910719,125,9
7,2759,emotion,0.18141272602995093,0.4804022848808945,-0.006435075980238302,0.008272590535693625,0.014707666515931927,0.5624679160470465,121,9
7,2759,scandal,0.10717541402525924,0.47540753232152894,-0.015164812411908209,1.3888503097136193e-05,0.015178700915005346,0.000914999457067588,72,9
7,2759,duty,0.1264635973234795,0.48734279918864104,-0.015507147574679454,1.1764429072257124e-05,0.015518912003751712,0.0007580704799830678,85,9
7,2759,class,0.14768432891497907,0.47840596780526107,-0.015892669855543443,1.0100806044322337e-05,0.015902770661587767,0.0006351601402443095,99,9
7,2759,society,0.19478012780041706,0.4736827057780828,-0.016848108642080705,7.63347124471382e-06,0.01685574211332542,0.00045287067118962733,131,9
7,2760,female,0.22969600725486972,0.5214040217502821,-0.0004828198144007888,0.01316430046973066,0.013647120284131448,0.9646211211366824,152,9
7,2760,male,0.17572143188079026,0.4121770591893266,-0.007513214531553795,0.007526202613494532,0.015039417145048327,0.5004318013395934,133,9
7,2760,family,0.17659818436835722,0.5073721796410872,-0.006242169142889022,0.008411623334061612,0.014653792476950634,0.5740236424610536,119,9
7,2760,marriage,0.22709822729021686,0.4796411318150449,-0.01785284501188902,6.211102967664998e-06,0.017859056114856685,0.0003477845036922354,161,9
7,2760,love,0.11861341883416435,0.38718530008352225,-0.01556111648675234,1.1493988643939221e-05,0.015572610475396279,0.0007380900370789401,87,9
7,2760,wealth,0.21234050671244104,0.5368740740740742,0.012894694074152632,0.02400761587814595,0.01111292180399332,2.160333375814695,125,9
7,2760,emotion,0.1931645166996515,0.47851847350510457,0.013770033510578978,0.024801242954661906,0.011031209444082929,2.248279581502902,121,9
7,2760,scandal,0.09720504954858245,0.42481731309724563,-0.015164812411908209,1.3888503097136193e-05,0.015178700915005346,0.000914999457067588,72,9
7,2760,duty,0.12634266475643302,0.44040567951318454,-0.002018586516670558,0.01177619350132938,0.013794780017999938,0.8536702640498578,85,9
7,2760,class,0.1821355054568059,0.5775422065174716,-0.004025085601956831,0.010110906850366658,0.01413599245232349,0.7152597798670655,99,9
7,2760,society,0.20863148665461126,0.5274894930954628,-0.007341985235015432,0.007641104715958534,0.014983089950973966,0.5099819022945828,131,9
7,2787,female,0.22788698636600896,0.5235841797476146,-0.0175391617016105,6.578860804463099e-06,0.017545740562414962,0.0003749548661502973,152,9
7,2787,male,0.1772086430956384,0.4602577873254565,-0.007513214531553795,0.007526202613494532,0.015039417145048327,0.5004318013395934,133,9
7,2787,family,0.20638488549838885,0.5819635546526303,-0.006242169142889022,0.008411623334061612,0.014653792476950634,0.5740236424610536,119,9
7,2787,marriage,0.25760969969681974,0.4821798284531203,0.006732821223021318,0.018639520005962657,0.011906698782941339,1.5654649827122467,161,9
7,2787,love,0.17417209808026665,0.5230978801256811,0.024111142904257504,0.0344934599204616,0.010382317016204097,3.3223277485462974,87,9
7,2787,wealth,0.18332482438362702,0.49077777777777776,0.0030429770789379713,0.016007743876097984,0.012964766797160012,1.234711285232669,125,9
7,2787,emotion,0.22043060883576304,0.4931180116674769,0.023872588255987627,0.033065569164146054,0.009192980908158427,3.596827785338352,121,9
7,2787,scandal,0.09922847782018442,0.4569631815626757,0.0004100256385670929,0.013902391600233327,0.013492365961666234,1.0303894542070415,72,9
7,2787,duty,0.17609904259466458,0.5969979716024341,0.024958535599347232,0.035305051645843626,0.010346516046496394,3.412264716332856,85,9
7,2787,class,0.1572048998670872,0.5382000214155691,-0.004025085601956831,0.010110906850366658,0.01413599245232349,0.7152597798670655,99,9
7,2787,society,0.22799635568194762,0.5261457529233496,0.01167026157911511,0.022908047205386174,0.011237785626271065,2.038484089765384,131,9
7,2856,female,0.19250696318619884,0.3386683081973941,-0.011691231284185227,6.578860804463099e-06,0.01169781014498969,0.0005624010581774146,152,6
7,2856,male,0.17158905889909024,0.43077618859178024,-0.011272514097902083,7.518683929564969e-06,0.011280032781831649,0.0006665480565808727,133,6
7,2856,family,0.1608051456326334,0.45335057099762976,-0.01098239901137971,8.403220113947665e-06,0.010990802231493658,0.0007645684033058152,119,6
7,2856,marriage,0.2973965077852359,0.5485063590653653,0.0044899564766332205,0.012428417038297659,0.007938460561664439,1.565595361996259,161,6
7,2856,love,0.11195403787560865,0.43664240544087823,-0.010370823027560159,1.1493988643939221e-05,0.010382317016204097,0.0011070735583293227,87,6
7,2856,wealth,0.18035367301267002,0.46177777777777773,-0.0012532049367766137,0.008007871874050014,0.009261076810826628,0.8646804293668918,125,6
7,2856,emotion,0.1896778582750308,0.5120320855614974,0.009182164372943839,0.016536916745177765,0.007354752372233927,2.2484668287895584,121,6
7,2856,scandal,0.10691526084943115,0.5218053213415778,0.005469030498584427,0.013902391600233327,0.0084333611016489,1.64849950464787,72,6
7,2856,duty,0.196089210441845,0.5793103448275861,0.030130931556602555,0.035305051645843626,0.005174120089241072,6.823392389448521,85,6
7,2856,class,0.15055295323122064,0.48574080022843275,0.0012752490258360009,0.010110906850366658,0.008835657824530658,1.1443298337279613,99,6
7,2856,society,0.2360708600044658,0.5732481344883781,0.017288218066169467,0.022908047205386174,0.005619829139216707,4.076288910894329,131,6
7,2871,female,0.2927365488280383,0.5668474915358572,0.06603671861726802,0.08553176931882474,0.01949505070155672,4.387358136370864,152,23
7,2871,male,0.259786922115401,0.5889253208208491,0.05075647992648921,0.07519435797957924,0.02443787805309003,3.0769593748338715,133,23
7,2871,family,0.2291482527341583,0.5783928956197864,0.07046405150567367,0.09244382447353826,0.02197977296786459,4.205858932414334,119,23
7,2871,marriage,0.267135119948967,0.48797200039436067,0.011736041987296816,0.04348393187662265,0.03174788988932584,1.3696636855816047,161,23
7,2871,love,0.12965171549563564,0.4554746848029273,-0.03978248596298253,1.1493988643939221e-05,0.03979397995162647,0.00028883737333190766,87,23
7,2871,wealth,0.1829679323095032,0.46882962962962965,-0.04258628681582504,7.999872002047968e-06,0.04259428668782709,0.0001878156115276938,125,23
7,2871,emotion,0.17754937844328222,0.4648076689353427,-0.04227283022858995,8.26432620948414e-06,0.042281094554799434,0.00019546150108714665,121,23
7,2871,scandal,0.10675678691029569,0.473686059584036,-0.023198663708180474,0.013902391600233327,0.0371010553084138,0.37471687757371736,72,23
7,2871,duty,0.12426335096067384,0.4816430020283976,-0.03964499537520429,1.1764429072257124e-05,0.03965675980427654,0.00029665633627212794,85,23
7,2871,class,0.14837092731829574,0.46035442766891527,-0.016892396278070113,0.020211712894688996,0.03710410917275911,0.5447297710352575,99,23
7,2871,society,0.19699248120300752,0.4447565543071161,-0.04306523891500103,7.63347124471382e-06,0.04307287238624575,0.0001772222473598988,131,23
7,2963,female,0.21237277411626027,0.45103621627167334,-0.025336402258177532,6.578860804463099e-06,0.025342981118981995,0.00025959301209737764,152,13
7,2963,male,0.18216854393794968,0.4775708067160382,-0.024430359369160465,7.518683929564969e-06,0.02443787805309003,0.0003076651709662906,133,13
7,2963,family,0.169302879753231,0.5020931449502879,-0.013568149633802977,0.008411623334061612,0.02197977296786459,0.38269837208860547,119,13
7,2963,marriage,0.2488257773407136,0.5131617864537119,-0.009398877297835928,0.012428417038297659,0.021827294336133587,0.569397967807392,161,13
7,2963,love,0.13066396460735338,0.4951278685916557,0.003966665161664645,0.02299947127652238,0.019032806114857734,1.2084119985523156,87,13
7,2963,wealth,0.18309179724083227,0.4877333333333333,-0.024067836884158113,7.999872002047968e-06,0.024075836756160162,0.0003322780463557016,125,13
7,2963,emotion,0.19083132702368258,0.4998784637822071,0.006417119366880979,0.024801242954661906,0.018384123587780927,1.3490576711416955,121,13
7,2963,scandal,0.11018770084276569,0.44275810380363495,0.009239523875685947,0.027790894697369516,0.01855137082168357,1.4980507350641916,72,13
7,2963,duty,0.12198330121245254,0.4683975659229209,-0.022403675517686548,1.1764429072257124e-05,0.022415439946758806,0.0005248359657305492,85,13
7,2963,class,0.14773593780073843,0.515651211764286,-0.022959782692600558,1.0100806044322337e-05,0.022969883498644882,0.00043974128316665153,99,13
7,2963,society,0.4673460412175101,0.70038882694342,0.09924088700036203,0.09924275965252438,1.8726521623514522e-06,52995.803840102075,131,13
7,3047,female,0.2739140531114083,0.5650841284497794,0.023883313264309855,0.03947974368758306,0.015596430423273204,2.531332017237708,152,14
7,3047,male,0.22969965245415425,0.5352973599412064,0.02068182900509774,0.03760093833175441,0.01691910932665667,2.222394666502354,133,14
7,3047,family,0.18567914471717822,0.5246637116385016,-0.00516492951985531,0.01681484344800928,0.02197977296786459,0.7650144281211785,119,14
7,3047,marriage,0.22868685697886598,0.4482278418613822,-0.02777344056508127,6.211102967664998e-06,0.027779651668048935,0.00022358462379804353,161,14
7,3047,love,0.13154983163462095,0.49289066539394666,-0.01098751912173603,0.011505482632583159,0.02249300175431919,0.5115138814170198,87,14
7,3047,wealth,0.17667544297276644,0.43174814814814816,-0.025919681877324807,7.999872002047968e-06,0.025927681749326855,0.0003085455953634234,125,14
7,3047,emotion,0.18538137536747046,0.46609899124939225,-0.005523663914452165,0.016536916745177765,0.02206058065962993,0.7496138474129158,121,14
7,3047,scandal,0.10112833982933539,0.457384766722878,-0.02359648717860377,1.3888503097136193e-05,0.023610375681700907,0.0005882372768558768,72,14
7,3047,duty,0.12365929842994637,0.5111359026369169,-0.02412780750343832,1.1764429072257124e-05,0.024139571932510578,0.0004873503600089003,85,14
7,3047,class,0.14360039027341737,0.4398044044687154,-0.0009913923946916064,0.020211712894688996,0.021203105289380603,0.9532430565186422,99,14
7,3047,society,0.18971207535843398,0.46582754381450675,-0.0071991226397074195,0.015274575960672354,0.022473698600379774,0.6796645372708955,131,14
7,3195,female,0.27424812030075185,0.5296052631578947,0.052635515986370104,0.05263746529650925,1.949310139141758e-06,27003.11111938983,152,8
7,3195,male,0.19957035445757249,0.49621233534965237,-0.0056335223499454565,0.007526202613494532,0.013159724963439989,0.5719118472332608,133,8
7,3195,family,0.17849402919062363,0.4968295010311817,-0.004410674020160536,0.008411623334061612,0.012822297354222148,0.6560153068541811,119,8
7,3195,marriage,0.2412916348843122,0.4951197870452529,-0.01586872590125057,6.211102967664998e-06,0.015874937004218236,0.0003912521331973382,161,8
7,3195,love,0.13082706766917293,0.4922145328719723,-0.013831018667021612,1.1493988643939221e-05,0.013842512655665551,0.000830339760491716,87,8
7,3195,wealth,0.18779949874686716,0.4965777777777778,-0.004956894923109998,0.008007871874050014,0.012964766797160012,0.6176641661758627,125,8
7,3195,emotion,0.18458335922450758,0.49682486631016043,-0.004596847444313804,0.008272590535693625,0.012869437980007429,0.6428089981786478,121,8
7,3195,scandal,0.11023913951545532,0.5002225032789956,0.002096360591906203,0.013902391600233327,0.011806031008327124,1.1775669223001375,72,8
7,3195,duty,0.13023735810113518,0.49902636916835696,-0.0002944545309187859,0.01177619350132938,0.012070648032248166,0.9756057395503769,85,8
7,3195,class,0.14887218045112782,0.4920494699646643,-0.014125891646279167,1.0100806044322337e-05,0.01413599245232349,0.0007145452346324331,99,8
7,3195,society,0.19699248120300752,0.49157303370786515,-0.014975456479729253,7.63347124471382e-06,0.014983089950973966,0.0005094724298647182,131,8
7,3321,female,0.21089974616404722,0.4285036421463014,-0.07138940253166456,0.05921632610097235,0.13060572863263692,0.453397616785099,152,76
7,3321,male,0.18428637860821498,0.4100429645542427,-0.09585908625461936,0.03760093833175441,0.13346002458637377,0.28173933316742183,133,76
7,3321,family,0.16756895335814032,0.39597377412503465,-0.09824819665566928,0.03362128367590461,0.1318694803315739,0.25495879403719474,119,76
7,3321,marriage,0.30973874003071405,0.5930321403923888,0.09506783692443828,0.1863393001329176,0.09127146320847933,2.041594311961952,161,76
7,3321,love,0.12412290765735759,0.48377281947261663,-0.038909065163021464,0.08046941449621849,0.11937847965923995,0.6740696876458842,87,76
7,3321,wealth,0.1832278158004972,0.5210962962962963,-0.02251346751108381,0.09600646389657766,0.11851993140766147,0.8100448823712488,125,76
7,3321,emotion,0.1834821668928767,0.4227485415653865,-0.07908361416013662,0.049594221583114335,0.12867783574325095,0.3854138616512292,121,76
7,3321,scandal,0.14393477900274648,0.6562207232527637,-0.0502750640332522,0.0694564039887781,0.1197314680220303,0.5801014982579031,72,76
7,3321,duty,0.14115587767025753,0.5174239350912779,0.030838742076058467,0.14118491329615773,0.11034617122009927,1.2794726970024837,85,76
7,3321,class,0.14434351932884945,0.48197522932505266,-0.015590967340383954,0.10101816124926769,0.11660912858965164,0.866297197056373,99,76
7,3321,society,0.2012930458497585,0.5531492123395373,-0.056760692856040545,0.0687088746736691,0.12546956752970964,0.5476138638706319,131,76
7,3370,female,0.2991419204407074,0.5779214117164255,0.14498207362857984,0.2697398718437915,0.12475779821521166,2.1621083066592637,152,105
7,3370,male,0.3486734968027121,0.6046837017355418,0.2067681327033245,0.3233109276552232,0.11654279495189869,2.7741820314665593,133,105
7,3370,family,0.3382868350067493,0.6761781635731214,0.24779233901557457,0.36134686811986355,0.113554529104289,3.1821440409903756,119,105
7,3370,marriage,0.25206122196738145,0.5280858720299714,-0.011642949753897486,0.1490726823269276,0.1607156320808251,0.927555586198549,161,105
7,3370,love,0.11385215675410176,0.35479059778069444,-0.1552023342535623,0.02299947127652238,0.1782018055300847,0.12906418769427372,87,105
7,3370,wealth,0.16341769709552648,0.42807407407407405,-0.10577212329856188,0.07200684789043375,0.17777897118899563,0.40503580040115494,125,105
7,3370,emotion,0.15751094330500265,0.38530019445794844,-0.11218713221112986,0.06612287400208261,0.17831000621321247,0.37083097805877474,121,105
7,3370,scandal,0.09819289862613645,0.365701705077759,-0.09917877768008644,0.0694564039887781,0.16863518166886454,0.411873746041631,72,105
7,3370,duty,0.1131280226238289,0.37634888438133873,-0.08660389080078743,0.08236276793487213,0.16896665873565955,0.487449823241385,85,105
7,3370,class,0.1275490606590013,0.33740229146589573,-0.14990062518415434,0.030312518939011334,0.18021314412316566,0.16820370726191985,99,105
7,3370,society,0.1626105251416816,0.35932184006632933,-0.17761046941368955,0.015274575960672354,0.1928850453743619,0.07919004778699887,131,105
7,3472,female,0.2389485644319747,0.4994293115830512,-0.022656161731997946,0.006585439665267561,0.029241601397265508,0.22520790074302097,152,16
7,3472,male,0.19175721169417073,0.45793289615014976,0.01692244464188106,0.03760093833175441,0.02067849368987335,1.8183596394330186,133,16
7,3472,family,0.19236128716524367,0.5088650844953366,0.02187622594471618,0.04202450378985228,0.0201482778451361,2.0857615777773018,119,16
7,3472,marriage,0.2693686051797024,0.5643300798580302,0.001039209526855621,0.024850622973627657,0.023811413446772036,1.0436433363409956,161,16
7,3472,love,0.10671606232611075,0.3837648649723581,-0.014447714761197486,0.011505482632583159,0.025953197393780644,0.4433165770510028,87,16
7,3472,wealth,0.18606496530032202,0.5040222222222221,0.009783496117200446,0.03200748788019392,0.022223991762993472,1.4402222706026793,125,16
7,3472,emotion,0.16131328841599024,0.44629618376276126,-0.009200120986301165,0.016536916745177765,0.02573703773147893,0.6425338035040822,121,16
7,3472,scandal,0.09605711055004947,0.48038457935169576,-0.01139431903480669,0.013902391600233327,0.025296710635040017,0.5495730966865986,72,16
7,3472,duty,0.10592820502644373,0.4147058823529412,-0.02757607147494187,1.1764429072257124e-05,0.02758783590401413,0.0004264353721967341,85,16
7,3472,class,0.12948548335401294,0.46267444765677984,-0.028260117320393397,1.0100806044322337e-05,0.02827021812643772,0.0003572949454719268,99,16
7,3472,society,0.17558653217677156,0.4802155702318666,-0.029956673778540874,7.63347124471382e-06,0.029964307249785587,0.00025475213495929197,131,16
7,3572,female,0.22857142857142856,0.4951267056530214,-0.00974192114504347,6.578860804463099e-06,0.009748500005847932,0.0006748587782573433,152,5
7,3572,male,0.23007518796992482,0.518796992481203,0.0375990586395728,0.03760093833175441,1.87969218160834e-06,20003.763752327683,133,5
7,3572,family,0.17894736842105263,0.49542124542124544,-0.009150903888651222,8.403220113947665e-06,0.00915930710876517,0.0009174515073294785,119,5
7,3572,marriage,0.24210526315789474,0.49503968253968256,-0.009916368569335223,6.211102967664998e-06,0.009922579672302888,0.0006259564722242773,161,5
7,3572,love,0.15080805461930685,0.5089587559161596,0.017807447719510466,0.02299947127652238,0.005192023557011914,4.429770208001356,87,5
7,3572,wealth,0.18796992481203006,0.49537037037037035,-0.00925307693882458,7.999872002047968e-06,0.009261076810826628,0.0008638166127541378,125,5
7,3572,emotion,0.18195488721804512,0.4954044117647059,-0.009184716581948943,8.26432620948414e-06,0.009192980908158427,0.0008989822007843917,121,5
7,3572,scandal,0.10827067669172932,0.4957841483979764,-0.008419472598551763,1.3888503097136193e-05,0.0084333611016489,0.0016468526519958745,72,5
7,3572,duty,0.13023735810113518,0.5024340770791075,0.004877941426336534,0.01177619350132938,0.006898252074992846,1.7071271637510383,85,5
7,3572,class,0.14887218045112782,0.495583038869258,-0.008825557018486335,1.0100806044322337e-05,0.008835657824530658,0.0011431866470808807,99,5
7,3572,society,0.19699248120300752,0.4953183520599251,-0.009357499992674899,7.63347124471382e-06,0.009365133463919612,0.0008150947632842244,131,5
7,3601,female,0.2403145401152442,0.49755052836770297,0.0021974207117787976,0.01974316127419376,0.017545740562414962,1.1252395533170423,152,12
7,3601,male,0.2041849468384368,0.4582367573068009,0.015042837257141114,0.03008225440218944,0.015039417145048327,2.000227409749964,133,12
7,3601,family,0.17854499202196095,0.48774894573213906,-0.011736654511074487,0.008411623334061612,0.0201482778451361,0.4174859706768803,119,12
7,3601,marriage,0.26933875375579996,0.5466208222419402,0.008975685969409421,0.024850622973627657,0.015874937004218236,1.5653997849225503,161,12
7,3601,love,0.18874670152050627,0.630533349242334,-0.007527323482274575,0.011505482632583159,0.019032806114857734,0.6045079512997841,87,12
7,3601,wealth,0.22577924741057054,0.5480888888888888,0.01719087608986722,0.03200748788019392,0.014816611790326702,2.160243403213841,125,12
7,3601,emotion,0.17090941675725455,0.48002248420029164,-0.022052316333420446,8.26432620948414e-06,0.02206058065962993,0.0003746196138995082,121,12
7,3601,scandal,0.11689137931660845,0.561973018549747,-0.020223817271925546,1.3888503097136193e-05,0.020237705775022683,0.0006862686537122737,72,12
7,3601,duty,0.18157694401533514,0.6202231237322515,0.00629757858408302,0.023540622573586505,0.017243043989503486,1.3652242948838604,85,12
7,3601,class,0.15655099385255103,0.4960381197130314,0.014409748277423567,0.030312518939011334,0.015902770661587767,1.9061155808731731,99,12
7,3601,society,0.18967937189162273,0.5088629670926609,-0.0034538183150045147,0.015274575960672354,0.01872839427567687,0.815583852786265,131,12
7,3834,female,0.26063284302673123,0.5532728018877603,0.026076104425423317,0.05921632610097235,0.03314022167554903,1.7868415811737166,152,26
7,3834,male,0.21160179115680966,0.5140200124371077,-0.0018744771742023394,0.03760093833175441,0.03947541550595675,0.9525153275493199,133,26
7,3834,family,0.16888978561343215,0.5053252070058794,-0.016908155755921018,0.02521806356195694,0.04212621931787796,0.5986310656331795,119,26
7,3834,marriage,0.27150291385871256,0.5441683919944789,0.013978906733684904,0.04969503484428764,0.035716128110602735,1.3913891978717514,161,26
7,3834,love,0.19758905027906593,0.6147237799785229,0.021147652896175026,0.05748143720834004,0.03633378431216502,1.582038268100592,87,26
7,3834,wealth,0.2646037148990623,0.6196888888888888,0.010968480175962844,0.048007231884289854,0.03703875170832701,1.2961352548012786,125,26
7,3834,emotion,0.3413212381087515,0.6668084589207582,0.09364825059935752,0.11570883125898745,0.02206058065962993,5.245049214207014,121,26
7,3834,scandal,0.10389158441520796,0.5029979389169945,-0.012682830517722513,0.027790894697369516,0.04047372521509203,0.6866403956886103,72,26
7,3834,duty,0.11618003009621607,0.47154158215010145,-0.04481739133245961,1.1764429072257124e-05,0.04482915576153186,0.00026242807548229174,85,26
7,3834,class,0.2000955794682323,0.5791483742013777,0.025277606108483515,0.06061493707197835,0.03533733096349483,1.7153230144314289,99,26
7,3834,society,0.197543188307511,0.47165280041169905,-0.010658701773794303,0.0305415184501,0.0412002202238943,0.7412950290893343,131,26
7,3847,female,0.21854649633114687,0.4766979583461578,-0.00974192114504347,6.578860804463099e-06,0.009748500005847932,0.0006748587782573433,152,5
7,3847,male,0.202845265943486,0.4824184521454011,-0.009392821916293743,7.518683929564969e-06,0.009400340600223309,0.0007998310112919236,133,5
7,3847,family,0.17232865600195013,0.4740511589251086,-0.009150903888651222,8.403220113947665e-06,0.00915930710876517,0.0009174515073294785,119,5
7,3847,marriage,0.2324950862008282,0.46557971014492755,-0.009916368569335223,6.211102967664998e-06,0.009922579672302888,0.0006259564722242773,161,5
7,3847,love,0.12825378243916818,0.4536451497434673,0.0045833612558405165,0.011505482632583159,0.006922121376742642,1.6621324597944547,87,5
7,3847,wealth,0.18028155132761364,0.43940740740740747,-0.00925307693882458,7.999872002047968e-06,0.009261076810826628,0.0008638166127541378,125,5
7,3847,emotion,0.1886010014243368,0.4990125182304327,0.011020392908868339,0.016536916745177765,0.005516523836309426,2.9977060251847503,121,5
7,3847,scandal,0.1040869278776547,0.4597151958028855,-0.008419472598551763,1.3888503097136193e-05,0.0084333611016489,0.0016468526519958745,72,5
7,3847,duty,0.13683436575519808,0.527707910750507,-0.008610619631672362,1.1764429072257124e-05,0.00862238406074462,0.0013644055968758083,85,5
7,3847,class,0.14380050921521736,0.46980404754256344,-0.008825557018486335,1.0100806044322337e-05,0.008835657824530658,0.0011431866470808807,99,5
7,3847,society,0.24148734912779854,0.5329216342167711,0.009654746821455647,0.015274575960672354,0.005619829139216707,2.7179787106629627,131,5
7,3883,female,0.21124361024578447,0.4485097978865292,-0.0012137502014386136,0.006585439665267561,0.0077991898667061745,0.8443748359731122,152,5
7,3883,male,0.19329077709567977,0.4545338911187744,0.009403930306052872,0.0150448865430595,0.005640956237006628,2.667080882793018,133,5
7,3883,family,0.17130021931486653,0.45473574045002624,0.0010838113480249297,0.008411623334061612,0.007327811986036682,1.1479038148006873,119,5
7,3883,marriage,0.2437871784131746,0.528874593315587,-0.009916368569335223,6.211102967664998e-06,0.009922579672302888,0.0006259564722242773,161,5
7,3883,love,0.11627021530491675,0.4438810006761325,-0.008640725207829431,1.1493988643939221e-05,0.00865221919647337,0.0013284439958820863,87,5
7,3883,wealth,0.19006639402295927,0.4995111111111111,0.0005986400563900785,0.008007871874050014,0.007409231817659936,1.0807965076598656,125,5
7,3883,emotion,0.20690035758287076,0.5409425133689839,0.0009178381634596978,0.008272590535693625,0.007354752372233927,1.1247952501840819,121,5
7,3883,scandal,0.1024403670743434,0.4543516957092,-0.008419472598551763,1.3888503097136193e-05,0.0084333611016489,0.0016468526519958745,72,5
7,3883,duty,0.12476927052223771,0.44772819472616626,-0.008610619631672362,1.1764429072257124e-05,0.00862238406074462,0.0013644055968758083,85,5
7,3883,class,0.15396232938371482,0.5196487846664526,0.0030420272351002805,0.010110906850366658,0.007068879615266378,1.430340789380568,99,5
7,3883,society,0.18717845754581314,0.5007862309517683,-0.009357499992674899,7.63347124471382e-06,0.009365133463919612,0.0008150947632842244,131,5
7,3934,female,0.2966752031319243,0.5546770801272186,0.007314420742166244,0.01316430046973066,0.0058498797275644155,2.2503540381267344,152,5
7,3934,male,0.22901355534165949,0.5439962688676578,0.018802306417226182,0.02256357047262447,0.0037612640553982882,5.9989328412722225,133,5
7,3934,family,0.22808270327816343,0.5330439868254995,0.04202267229472955,0.04202450378985228,1.8314951227284884e-06,22945.450590005006,119,5
7,3934,marriage,0.24234818531157204,0.49211278714384304,-0.0017211464910317767,0.006217314070632662,0.007938460561664439,0.7831888842370092,161,5
7,3934,love,0.13082706766917293,0.4679930795847751,-0.008640725207829431,1.1493988643939221e-05,0.00865221919647337,0.0013284439958820863,87,5
7,3934,wealth,0.18514826221850883,0.48998518518518525,-0.00925307693882458,7.999872002047968e-06,0.009261076810826628,0.0008638166127541378,125,5
7,3934,emotion,0.17995746943115368,0.47589784880894503,-0.009184716581948943,8.26432620948414e-06,0.009192980908158427,0.0008989822007843917,121,5
7,3934,scandal,0.10799133249791143,0.48442477047030164,-0.008419472598551763,1.3888503097136193e-05,0.0084333611016489,0.0016468526519958745,72,5
7,3934,duty,0.12854068532087107,0.48845841784989863,0.004877941426336534,0.01177619350132938,0.006898252074992846,1.7071271637510383,85,5
7,3934,class,0.1475898644863839,0.4851518720776671,-0.008825557018486335,1.0100806044322337e-05,0.008835657824530658,0.0011431866470808807,99,5
7,3934,society,0.19699248120300752,0.46535580524344566,-0.009357499992674899,7.63347124471382e-06,0.009365133463919612,0.0008150947632842244,131,5
7,3949,female,0.42222041899888074,0.696534831230122,0.11403805438765148,0.13158379495006645,0.017545740562414962,7.499472277872097,152,29
7,3949,male,0.40458748882153395,0.7540703261914183,0.0676734551703591,0.09775040976827415,0.03007695459791505,3.250010217849657,133,29
7,3949,family,0.2616916080638939,0.6709606919690952,0.028770935059274277,0.06723416413169526,0.03846322907242099,1.7480114319927362,119,29
7,3949,marriage,0.23470656256646005,0.49973503894311344,-0.008363894754837335,0.03727282890895765,0.04563672366379499,0.8167288515873589,161,29
7,3949,love,0.11603548513671738,0.44721194765938826,-0.0501630728813669,1.1493988643939221e-05,0.05017456687001084,0.00022907997738152988,87,29
7,3949,wealth,0.1665942579493828,0.45421481481481485,-0.043845639779610535,0.008007871874050014,0.05185351165366055,0.15443258553792227,125,29
7,3949,emotion,0.1607042941154391,0.3827631259115217,-0.05330220144413696,8.26432620948414e-06,0.05331046577034644,0.0001550225849635343,121,29
7,3949,scandal,0.09740111021870684,0.44144650552744985,-0.017741835377739847,0.027790894697369516,0.045532730075109364,0.6103498439675411,72,29
7,3949,duty,0.11414663721079277,0.3979716024340771,-0.036501226231706034,0.01177619350132938,0.04827741973303541,0.24392756626608206,85,29
7,3949,class,0.15006931484924818,0.5245475961023665,-0.01562548128006917,0.030312518939011334,0.0459380002190805,0.6598571725758552,99,29
7,3949,society,0.17383796803007984,0.4129499385310347,-0.035288905074979206,0.015274575960672354,0.05056348103565156,0.3020871120325041,131,29
7,3989,female,0.21688539781119312,0.45426797989124856,-0.020463370570884473,0.02632202207865686,0.04678539264954133,0.562611973255552,152,28
7,3989,male,0.1886400471058786,0.4701933404940924,-0.043227365982112256,0.007526202613494532,0.05075356859560679,0.14828913161384494,133,28
7,3989,family,0.17173622977987224,0.47365099886108286,-0.03080586123805415,0.01681484344800928,0.04762070468606343,0.35309942510315634,119,28
7,3989,marriage,0.29672140037618555,0.5360963225870059,0.03459633474731835,0.06832834374728264,0.033732008999964286,2.0256233106462576,161,28
7,3989,love,0.1240538507232609,0.4463468957562742,-0.035208888597966226,0.011505482632583159,0.04671437123054938,0.24629428437672574,87,28
7,3989,wealth,0.17806569021410137,0.4713925925925926,-0.022290360796014524,0.02400761587814595,0.046297976674160475,0.5185456817387525,125,28
7,3989,emotion,0.17753406426971455,0.43953573164803106,-0.011053753926577883,0.033065569164146054,0.04411932309072394,0.7494577624276519,121,28
7,3989,scandal,0.1045086699828005,0.4922709387296234,-0.031630338474876035,0.013902391600233327,0.045532730075109364,0.3053274331891598,72,28
7,3989,duty,0.12100995193449667,0.45535496957403654,-0.03477709424595426,0.01177619350132938,0.046553287747283636,0.2529615859787165,85,28
7,3989,class,0.14213351242665836,0.4684298818574437,-0.025726287324391507,0.020211712894688996,0.0459380002190805,0.43997807474984546,99,28
7,3989,society,0.18953881748235638,0.477285073048003,-0.014404006098497204,0.0305415184501,0.0449455245485972,0.6795230171670943,131,28
7,4054,female,0.39793958495213455,0.6963039909715809,0.08382399089151557,0.10526835173221405,0.02144436084069848,4.908906006073175,152,27
7,4054,male,0.27987360669285677,0.6477189213635592,0.02444095897770924,0.06015699012044931,0.03571603114274007,1.6843134075660866,133,27
7,4054,family,0.19112069412552682,0.5570920675962693,-0.039209081352001816,0.008411623334061612,0.04762070468606343,0.17663794329248347,119,27
7,4054,marriage,0.251763712478566,0.5316043083900227,-0.004395656533560437,0.03727282890895765,0.04166848544251809,0.8945088479273197,161,27
7,4054,love,0.1384910559523715,0.49564491110845965,0.03264164154011425,0.06897542585227927,0.03633378431216502,1.898382652843762,87,27
7,4054,wealth,0.1832599486432407,0.4971481481481481,-0.02043851580284783,0.02400761587814595,0.04444613168099378,0.5401508515953037,125,27
7,4054,emotion,0.1381201802596267,0.32806423189110356,-0.04962574437228796,8.26432620948414e-06,0.04963400869849744,0.0001665053141187812,121,27
7,4054,scandal,0.08147629932043335,0.35054806070826305,-0.04551884157201223,1.3888503097136193e-05,0.045532730075109364,0.0003050224107783814,72,27
7,4054,duty,0.10233919027677327,0.3857302231237323,-0.04654152331821138,1.1764429072257124e-05,0.046553287747283636,0.0002527088771016149,85,27
7,4054,class,0.19238379777357698,0.5612931434486204,0.05911358065997908,0.09091735520494536,0.03180377454496628,2.8586970101156295,99,27
7,4054,society,0.17526584361181802,0.4672784972982245,-0.04104972415734157,0.007641104715958534,0.048690828873300104,0.15693108728308477,131,27
7,4086,female,0.20618288933670897,0.43519800964399313,-0.04409857326255729,0.006585439665267561,0.05068401292782485,0.12993129953059243,152,27
7,4086,male,0.18904585376435012,0.48513200293968,-0.041347673800503915,0.007526202613494532,0.04887387641399845,0.15399234039853826,133,27
7,4086,family,0.1705885703923682,0.4732970111121372,-0.04944379658867797,8.403220113947665e-06,0.04945219980879192,0.00016992611342405364,119,27
7,4086,marriage,0.22488968558985173,0.4695849354234448,-0.02898132276847078,0.018639520005962657,0.04762084277443344,0.3914151644451446,161,27
7,4086,love,0.21732020772493793,0.6294197192061408,0.08553798739479404,0.11495138042803614,0.029413393033242103,3.90813056807875,87,27
7,4086,wealth,0.2234561935437872,0.5767925925925925,0.03867178616844012,0.07200684789043375,0.03333506172199363,2.160093432218407,125,27
7,4086,emotion,0.22596828484397624,0.5726102941176471,0.02109213884557254,0.057858547792598476,0.03676640894702594,1.5736796017905639,121,27
7,4086,scandal,0.09956945770958536,0.48312488289301103,-0.02994400352153692,0.013902391600233327,0.04384639512177025,0.31707034435343023,72,27
7,4086,duty,0.14473559565070182,0.5352839756592292,0.007412720913824215,0.047069480718100756,0.03965675980427654,1.1869220014247839,85,27
7,4086,class,0.24273472873608143,0.6482938929935398,0.05911358065997908,0.09091735520494536,0.03180377454496628,2.8586970101156295,99,27
7,4086,society,0.24671097407565332,0.6163121479829602,0.025493139692115335,0.061075403428955274,0.03558226373683994,1.7164563749777582,131,27
7,4098,female,0.4018908865594196,0.6674489586539448,0.030462174068772954,0.04605860449204616,0.015596430423273204,2.9531503837162467,152,15
7,4098,male,0.23243883820548494,0.5370286618802645,0.03759888904583602,0.052638306190884346,0.015039417145048327,3.5000230181603342,133,15
7,4098,family,0.17048002811314983,0.47263520792932556,-0.027465855115936105,8.403220113947665e-06,0.027474258336050054,0.0003058579420364412,119,15
7,4098,marriage,0.2325135742766099,0.49949472542640244,-0.021562337597416274,0.006217314070632662,0.027779651668048935,0.22380820842184154,161,15
7,4098,love,0.12458347784215354,0.4800143181004653,-0.012717616941466758,0.011505482632583159,0.024223099574049917,0.47497978518132933,87,15
7,4098,wealth,0.17078330562913197,0.41336296296296293,-0.0277715268704915,7.999872002047968e-06,0.027779526742493548,0.00028797726022894465,125,15
7,4098,emotion,0.18741264481879108,0.5368862421001458,-0.017464447195785306,0.008272590535693625,0.02573703773147893,0.32142745492632996,121,15
7,4098,scandal,0.09946904673495645,0.446294734869777,-0.02528282213194288,1.3888503097136193e-05,0.025296710635040017,0.0005490240726139847,72,15
7,4098,duty,0.12908531399692025,0.49070993914807304,0.0011251826268276997,0.023540622573586505,0.022415439946758806,1.050196767426829,85,15
7,4098,class,0.1365301663645253,0.4255452046971481,-0.014625754857542504,0.010110906850366658,0.024736661707909162,0.4087417683658225,99,15
7,4098,society,0.18372580124107718,0.39115704605883866,-0.028084021616189416,7.63347124471382e-06,0.02809165508743413,0.00027173447846640645,131,15
7,4135,female,0.22637135303350472,0.5026290140556068,-0.00974192114504347,6.578860804463099e-06,0.009748500005847932,0.0006748587782573433,152,5
7,4135,male,0.19967288350746998,0.4852733337102154,-0.009392821916293743,7.518683929564969e-06,0.009400340600223309,0.0007998310112919236,133,5
7,4135,family,0.17638002012374152,0.4921507064364207,-0.009150903888651222,8.403220113947665e-06,0.00915930710876517,0.0009174515073294785,119,5
7,4135,marriage,0.27630035821786236,0.5303411219560288,0.02286451974387857,0.024850622973627657,0.001986103229749088,12.512251422225862,161,5
7,4135,love,0.1471397603203411,0.5089289265401901,0.0045833612558405165,0.011505482632583159,0.006922121376742642,1.6621324597944547,87,5
7,4135,wealth,0.1931088932640474,0.5156296296296297,0.0005986400563900785,0.008007871874050014,0.007409231817659936,1.0807965076598656,125,5
7,4135,emotion,0.18092357113670726,0.4871931210500729,-0.009184716581948943,8.26432620948414e-06,0.009192980908158427,0.0008989822007843917,121,5
7,4135,scandal,0.1291777596129532,0.5248735244519392,0.022730203502398842,0.027790894697369516,0.005060691194970675,5.49152153751184,72,5
7,4135,duty,0.2057191084208021,0.5707302231237322,0.031855063542354324,0.035305051645843626,0.0034499881034892985,10.233383587584813,85,5
7,4135,class,0.14857607428205047,0.4976264410893387,-0.008825557018486335,1.0100806044322337e-05,0.008835657824530658,0.0011431866470808807,99,5
7,4135,society,0.20398482562798378,0.5134945821539869,0.009654746821455647,0.015274575960672354,0.005619829139216707,2.7179787106629627,131,5
7,4151,female,0.22162776488280633,0.47614650661742075,-0.0175391617016105,6.578860804463099e-06,0.017545740562414962,0.0003749548661502973,152,9
7,4151,male,0.1948141615519056,0.48224885522075867,-0.016911590642727105,7.518683929564969e-06,0.01691910932665667,0.00044439005528941293,133,9
7,4151,family,0.17578852390807623,0.5015698587127158,-0.006242169142889022,0.008411623334061612,0.014653792476950634,0.5740236424610536,119,9
7,4151,marriage,0.235760079074576,0.49397367642709256,-0.009657622933585575,0.006217314070632662,0.015874937004218236,0.3916433853305355,161,9
7,4151,love,0.13072285248681376,0.5081135902636918,-0.01556111648675234,1.1493988643939221e-05,0.015572610475396279,0.0007380900370789401,87,9
7,4151,wealth,0.19237577287083976,0.49660740740740744,-0.006808739916276688,0.008007871874050014,0.014816611790326702,0.5404657952054622,125,9
7,4151,emotion,0.1818386638362715,0.4667446524064171,-0.006435075980238302,0.008272590535693625,0.014707666515931927,0.5624679160470465,121,9
7,4151,scandal,0.11994542139827032,0.5486696646055836,0.015984863689042395,0.027790894697369516,0.011806031008327124,2.3539574540685066,72,9
7,4151,duty,0.13906797251503106,0.4975050709939148,-0.002018586516670558,0.01177619350132938,0.013794780017999938,0.8536702640498578,85,9
7,4151,class,0.19858313406270478,0.5569118749330764,0.0197100829052164,0.030312518939011334,0.010602436033794935,2.8590145547242263,99,9
7,4151,society,0.3167728905391747,0.5985361809188896,0.04969475520737621,0.05344193218424146,0.0037471769768652554,14.26191837213064,131,9
7,4164,female,0.2056347135547923,0.3925951574843542,-0.0029195793186086484,0.02632202207865686,0.029241601397265508,0.9001566542186084,152,19
7,4164,male,0.17876439140760841,0.44732602182147096,-0.026310136347637198,0.007526202613494532,0.03383633896113173,0.22242957850485998,133,19
7,4164,family,0.16023036486808506,0.3939883645765999,-0.014322405133497754,0.01681484344800928,0.031137248581507033,0.5400234193285752,119,19
7,4164,marriage,0.25105075964932166,0.5347037365670907,-0.004913147805059727,0.024850622973627657,0.029763770778687384,0.8349285833966724,161,19
7,4164,love,0.1376543617704829,0.4724575428548702,-0.006413921756719725,0.02299947127652238,0.029413393033242103,0.781938732799278,87,19
7,4164,wealth,0.16274051671322057,0.43904444444444446,-0.015475472852728954,0.016007743876097984,0.03148321672882694,0.5084532502974,125,19
7,4164,emotion,0.20818078234172427,0.5296320491006319,0.005490302896742624,0.033065569164146054,0.02757526626740343,1.1991024435558608,121,19
7,4164,scandal,0.1777107054676027,0.622704703016676,0.0769957044080278,0.09723341018305048,0.020237705775022683,4.804566844639629,72,19
7,4164,duty,0.133921597880089,0.5339148073022313,-0.0192599063741883,0.01177619350132938,0.031036099875517677,0.37943535264362915,85,19
7,4164,class,0.13915288331283357,0.4920316236570654,-0.021692867694599622,0.010110906850366658,0.03180377454496628,0.317915310201727,99,19
7,4164,society,0.21292058028566108,0.5427709637761958,0.011955986769731138,0.03817498969481382,0.02621900292508268,1.4560046315429225,131,19
7,4233,female,0.24747394802796463,0.5100030778701139,0.01803538284688458,0.03947974368758306,0.02144436084069848,1.8410314944344177,152,17
7,4233,male,0.22051705236136904,0.5237506359884674,0.05263625690496595,0.06767567405001428,0.015039417145048327,4.4998867571005805,133,17
7,4233,family,0.22970315028614832,0.5440329978145104,0.08145302224204459,0.09244382447353826,0.010990802231493658,8.411017004767272,119,17
7,4233,marriage,0.2549206868101932,0.49611801242236025,0.007250312494520617,0.031061725941292653,0.023811413446772036,1.3044889590205746,161,17
7,4233,love,0.13082706766917293,0.47837370242214533,-0.029401899044598164,1.1493988643939221e-05,0.029413393033242103,0.0003907739794099341,87,17
7,4233,wealth,0.18613412318675474,0.48649629629629626,-0.03147521685682489,7.999872002047968e-06,0.03148321672882694,0.00025409957536101944,125,17
7,4233,emotion,0.18195488721804512,0.47702205882352944,-0.03124345901304295,8.26432620948414e-06,0.031251723339252434,0.0002644438554477932,121,17
7,4233,scandal,0.10827067669172932,0.47892074198988194,-0.028655492038621107,1.3888503097136193e-05,0.028669380541718244,0.00048443680450095195,72,17
7,4233,duty,0.12687601356332007,0.48503042596348883,-0.029300203460693643,1.1764429072257124e-05,0.0293119678897659,0.0004013524140070873,85,17
7,4233,class,0.14887218045112782,0.47791519434628976,-0.030026895529657673,1.0100806044322337e-05,0.030036996335701997,0.0003362788319809539,99,17
7,4233,society,0.19699248120300752,0.47659176029962547,-0.03182932594089232,7.63347124471382e-06,0.03183695941213704,0.00023976759669970193,131,17
7,4257,female,0.29771937148437055,0.5896301426079819,0.10648429485305616,0.15132037736345574,0.044836082510399576,3.374968750335905,152,46
7,4257,male,0.2243534211287971,0.548165526598451,0.05451544030536394,0.11278777762740409,0.05827233732204015,1.935528636892504,133,46
7,4257,family,0.2504226044696369,0.5993320405085111,0.09998267033965152,0.15126636527117193,0.05128369493152041,2.949599584628403,119,46
7,4257,marriage,0.28627800191656744,0.540298728186927,0.08083441153886073,0.1304393734239326,0.04960496188507189,2.629563020802511,161,46
7,4257,love,0.1290679922569405,0.45523604979517157,-0.026678389962109465,0.045987448564400825,0.07266583852651029,0.6328620091129975,87,46
7,4257,wealth,0.19096131687251933,0.5001925925925925,0.01333844829348764,0.08000671989248172,0.06666827159899408,1.2000719078562225,125,46
7,4257,emotion,0.1738042183224767,0.46394931939718037,-0.0037316485915843273,0.06612287400208261,0.06985452259366694,0.9465797137540064,121,46
7,4257,scandal,0.10316758898789052,0.459199925051527,-0.04640952958450474,0.027790894697369516,0.07420042428187426,0.37453821815657407,72,46
7,4257,duty,0.12364293342356318,0.4291480730223124,-0.05232290893147727,0.023540622573586505,0.07586353150506378,0.3103022243527498,85,46
7,4257,class,0.14046369825883462,0.4535996002427098,-0.04566071083756189,0.030312518939011334,0.07597322977657323,0.3989894733678859,99,46
7,4257,society,0.18638722544860648,0.47541241387197297,-0.03860562161375806,0.03817498969481382,0.07678061130857187,0.4971956988059916,131,46
7,4415,female,0.20598151838870649,0.4490099517800349,-0.021437781979894016,6.578860804463099e-06,0.02144436084069848,0.0003067874511638756,152,11
7,4415,male,0.1877572290367023,0.4687447000961049,-0.011272598894770475,0.007526202613494532,0.018798801508265007,0.40035544871226164,133,11
7,4415,family,0.1744593376100753,0.4857327546403176,0.00032955584833015486,0.01681484344800928,0.016485287599679124,1.0199909067595871,119,11
7,4415,marriage,0.355824805779572,0.6046164842748694,0.04374069339326165,0.04969503484428764,0.0059543414510259875,8.346016976802483,161,11
7,4415,love,0.1294508305031925,0.5290239828182794,-0.019021312126213795,1.1493988643939221e-05,0.019032806114857734,0.0006039040472525317,87,11
7,4415,wealth,0.19861216501322765,0.5423111111111111,-0.010512429902610072,0.008007871874050014,0.018520301776660086,0.4323834444052863,125,11
7,4415,emotion,0.1739384218153727,0.48704879679144386,-0.020214087797495943,8.26432620948414e-06,0.020222352123705427,0.00040867284668570793,121,11
7,4415,scandal,0.10726903546809485,0.5195217350571483,-0.018537482318586433,1.3888503097136193e-05,0.01855137082168357,0.0007486510420110904,72,11
7,4415,duty,0.17117478432963668,0.5841379310344827,-0.005466850488174106,0.01177619350132938,0.017243043989503486,0.682953282947898,85,11
7,4415,class,0.16752583885599998,0.560017132455295,-0.019426226274072003,1.0100806044322337e-05,0.019436327080116327,0.0005196869759480399,99,11
7,4415,society,0.19881027440997143,0.516732424164451,-0.011087289559718334,0.007641104715958534,0.01872839427567687,0.407995720459296,131,11
7,4473,female,0.21924217576770752,0.502859854314148,-0.04677881378873687,6.578860804463099e-06,0.04678539264954133,0.00014061783885417446,152,24
7,4473,male,0.19437280236129184,0.49574594380688564,-0.04510697336685221,7.518683929564969e-06,0.045114492050781774,0.00016665784291520184,133,24
7,4473,family,0.17159038573747934,0.5043094160741219,-0.03371459598381635,0.008411623334061612,0.04212621931787796,0.19967667334182357,119,24
7,4473,marriage,0.23233828703413004,0.49309868875086266,-0.023028965436555433,0.018639520005962657,0.04166848544251809,0.44732895394599,161,24
7,4473,love,0.15197866854658026,0.5808376088772222,-0.015064410855373366,0.02299947127652238,0.038063882131895745,0.6042334619527857,87,24
7,4473,wealth,0.21036988431353937,0.565762962962963,-0.024734697818562412,0.016007743876097984,0.040742441694660396,0.39290094579194107,125,24
7,4473,emotion,0.19669828032883013,0.5429326689353428,-0.0037008397828798834,0.033065569164146054,0.03676640894702594,0.8993418207061914,121,24
7,4473,scandal,0.1368961545280211,0.5041690088064456,0.021839515489906328,0.05556790089164191,0.03372838540173558,1.6475114426062925,72,24
7,4473,duty,0.1272603178105926,0.49941176470588233,-0.027880566302947163,0.01177619350132938,0.03965675980427654,0.2969529926084,85,24
7,4473,class,0.2044083529875597,0.6054716779098405,0.005075994019838839,0.04041332498333367,0.03533733096349483,1.1436439561306695,99,24
7,4473,society,0.38799865386742893,0.6207078937587558,0.1737029472851488,0.1755774720996626,0.0018745248145138032,93.6650561499967,131,24
7,4477,female,0.4240639854686051,0.6209025854108957,0.0789509592042225,0.07895290851436164,1.949310139141758e-06,40502.979195575215,152,12
7,4477,male,0.19753735429700103,0.49091949799310314,-0.013152291076378816,0.007526202613494532,0.02067849368987335,0.36396280725303964,133,12
7,4477,family,0.21391990495150331,0.5287114845938375,0.049671636908982436,0.058830944017747605,0.00915930710876517,6.423078002813679,119,12
7,4477,marriage,0.24810245259706465,0.4828145026126392,0.0007804638911059723,0.018639520005962657,0.017859056114856685,1.0437012955803984,161,12
7,4477,love,0.12794138950891565,0.46816211271526864,-0.020751409945944523,1.1493988643939221e-05,0.02076290393458846,0.0005535829034125644,87,12
7,4477,wealth,0.18335998932437744,0.4840518518518519,-0.022215991890991424,7.999872002047968e-06,0.022223991762993472,0.00035996557625660565,125,12
7,4477,emotion,0.17952937521452594,0.5047019324258629,-0.0018472068426031614,0.016536916745177765,0.018384123587780927,0.8995216261094745,121,12
7,4477,scandal,0.10578157498651101,0.4805368184373243,-0.020223817271925546,1.3888503097136193e-05,0.020237705775022683,0.0006862686537122737,72,12
7,4477,duty,0.12756972281649023,0.4833671399594321,-0.020679543531934776,1.1764429072257124e-05,0.020691307961007033,0.0005685686518154742,85,12
7,4477,class,0.14406617889088036,0.4874183531427348,-0.02119300448333628,1.0100806044322337e-05,0.021203105289380603,0.00047638333659102554,99,12
7,4477,society,0.19184886962424777,0.4674214483803642,-0.02246606512913506,7.63347124471382e-06,0.022473698600379774,0.00033966243741673935,131,12
