layer,AP,AUROC,ΔP,P(fire|1),P(fire|0),lift,label_support,neuron_fires_total
1,0.2230110669715605,0.5076007601267482,0.02019091092146811,0.02631719550388486,0.006126284582416699,3082.832911819493,129.76923076923077,6.769230769230769
2,0.26519784058232193,0.5411959037730215,0.055936809619188524,0.07724156195823254,0.021304752339043994,9634.147126697295,134.4,21.5
3,0.24460957022436625,0.542636610002849,0.03090712866780879,0.04730143982758509,0.01639431115977626,5292.3741871573975,129.16949152542372,14.983050847457626
4,0.24704765135404794,0.5538161141196338,0.03735406515391706,0.061407855275311445,0.024053790121394334,3295.982922362372,124.93396226415095,20.87735849056604
5,0.23855542470520635,0.5490669244491159,0.03329937743085333,0.054010944380841065,0.020711566949987686,2742.895790461905,123.63679245283019,18.05188679245283
6,0.2282283869026614,0.5421070457849424,0.030808914973547846,0.05219642182227043,0.02138750684872253,2222.598137840266,122.83513513513513,18.15135135135135
7,0.22318062689168186,0.5407959369006026,0.03262988862072983,0.06254069005187797,0.029910801431148083,1780.8678775502342,122.29887218045113,23.979323308270676
8,0.2229332922748566,0.5417864375836884,0.034906854954815845,0.07068386279283975,0.035777007838023865,2033.3075982399014,122.98091603053435,28.17557251908397
