layer,AP,AUROC,ΔP,P(fire|1),P(fire|0),lift,label_support,neuron_fires_total
1,0.2316570126226324,0.5168616046044364,0.021794524078471784,0.027561957085565702,0.005767433007093858,3327.0576718582856,133.08333333333334,6.75
2,0.26499537095427217,0.5411159314596354,0.05513982942810693,0.0770145685761521,0.021874739148045136,9540.632374343439,134.6,21.8
3,0.24724369739166907,0.5441703936580313,0.031588690981260166,0.046860700735212674,0.015272009753952459,5403.790875672094,129.6140350877193,14.368421052631579
4,0.2497848401838265,0.553746787815312,0.0372556182423332,0.06115489961324067,0.02389928137090741,3249.65569479933,126.31428571428572,20.79047619047619
5,0.23912332866488983,0.5488878618447438,0.03363306824112477,0.05385492925697689,0.020221861015852056,2824.3884114953835,124.38536585365854,17.790243902439023
6,0.23009409420958832,0.5428162054495494,0.030765650260331266,0.052423180551074006,0.021657530290742688,2335.3043585262635,123.95367847411444,18.3433242506812
7,0.22441827767885938,0.5417604396146289,0.03306607510581113,0.06296892628426332,0.029902851178452133,1895.7982490198183,122.7159090909091,24.045454545454547
8,0.22484634387363506,0.5428278293233354,0.036006066325171296,0.07063605415018262,0.03462998782501128,2018.4118404541077,123.68823529411765,27.562745098039215
