layer,AP,AUROC,ΔP,P(fire|1),P(fire|0),lift,label_support,neuron_fires_total
1,0.2318326232702296,0.5168287724373152,0.021765267426322243,0.027533656603572484,0.005768389177250178,3315.293456755782,133.25,6.75
2,0.2611128048221372,0.5390088566051177,0.052181263641221345,0.07336896184408633,0.02118769820286494,8902.844100135835,134.1904761904762,20.952380952380953
3,0.24495682962718465,0.5418722457553126,0.03026468458361302,0.045274797007617815,0.015010112424004738,5090.0046962401975,129.4915254237288,14.016949152542374
4,0.24984757074030964,0.5531668410885526,0.03803994078824911,0.06193327002635218,0.02389332923810302,3206.8490731460643,126.36538461538461,20.884615384615383
5,0.23834704949520844,0.548458571512001,0.03356368323343386,0.05394971102355496,0.02038602779012105,2805.548702992345,124.10731707317073,17.88780487804878
6,0.22940404210662865,0.5421400390977106,0.030533392684579497,0.05201473832549628,0.021481345640916732,2311.8568718690744,123.64227642276423,18.18970189701897
7,0.2244927577863689,0.5418341567239655,0.03305561715925999,0.062873685214103,0.029818068054842935,1895.6748786654869,122.76615969581749,23.984790874524716
8,0.22478790742810303,0.5425624182644141,0.035743243227600724,0.07079476570080283,0.035051522473202056,1995.2155345180367,123.85019455252919,27.80544747081712
